/*--------------------------------*- C++ -*----------------------------------*\
| =========                 |                                                 |
| \\      /  F ield         | OpenFOAM: The Open Source CFD Toolbox           |
|  \\    /   O peration     | Version:  2512                                  |
|   \\  /    A nd           | Website:  www.openfoam.com                      |
|    \\/     M anipulation  |                                                 |
\*---------------------------------------------------------------------------*/
FoamFile
{
    version     2.0;
    format      ascii;
    arch        "LSB;label=32;scalar=64";
    class       volScalarField;
    location    "0.001";
    object      T;
}
// * * * * * * * * * * * * * * * * * * * * * * * * * * * * * * * * * * * * * //

dimensions      [0 0 0 1 0 0 0];

internalField   nonuniform List<scalar> 
67165
(
476.37726
481.16646
440.4286
485.54475
453.83544
521.01601
524.78302
480.40352
484.75879
480.35123
479.84099
481.58916
480.86599
514.14829
487.38334
481.92183
521.02032
480.1325
525.06821
488.7382
481.66419
483.03137
518.24255
518.52611
480.32796
518.2013
478.97514
483.77312
479.92205
520.97094
430.09914
486.41798
518.64976
487.59492
481.90314
481.18234
478.55683
508.03069
482.53168
517.83413
480.82347
525.92842
482.99275
521.11114
480.68912
483.05279
479.36791
489.46717
480.54705
488.92549
479.75324
480.15811
486.68555
480.97346
482.50516
481.66051
489.2699
476.57398
487.43206
521.09297
518.05321
481.3564
476.81745
482.17716
487.92303
481.65316
487.76785
480.30324
517.95204
524.92749
481.44849
521.28695
521.22236
483.61732
482.72802
483.79809
520.01076
480.83114
514.29106
488.2596
480.77885
488.93325
518.05962
480.39516
490.01438
479.8486
518.01395
517.973
517.6383
481.63074
480.2293
514.9029
486.93951
481.12
477.39375
521.96249
479.74377
482.71947
524.13068
488.60943
514.16861
519.4053
518.52089
480.8824
484.98482
481.33803
481.80538
517.92383
521.12802
483.18337
520.96597
518.3888
479.68728
482.62309
518.47206
485.84593
479.74141
485.32611
477.00784
521.02962
524.30751
483.29991
515.82167
520.1337
490.16172
484.71
477.6667
481.39239
484.30954
517.95387
525.84591
488.95524
476.20064
483.40885
504.38619
520.75511
524.31634
518.23239
522.28977
482.23615
518.17587
521.72363
519.12575
481.16118
504.23193
483.84108
480.10249
524.45518
483.42083
517.40061
454.40998
477.1187
455.31944
506.38332
455.25516
480.37927
505.38812
519.93537
482.82234
522.72046
480.58505
480.25901
510.27531
453.03215
517.96055
479.84949
525.93961
478.90029
490.00057
511.58269
521.16284
483.08862
483.14823
523.55049
479.93176
481.36948
525.04951
480.44817
480.10088
521.07619
481.12671
480.46203
483.10816
505.46137
483.30997
517.6943
480.12689
479.7091
517.96143
483.74303
481.24291
523.48171
517.90454
489.09576
520.96032
485.40604
515.95622
482.45904
480.19501
482.51793
518.27638
477.01089
482.04305
520.12067
519.36965
478.17512
479.21938
454.33525
521.87531
480.27049
483.51838
519.51014
478.1109
524.17593
484.06184
484.71528
482.8392
517.17318
482.94957
517.75976
479.61008
488.42376
520.93509
479.81846
483.98937
521.16605
479.65839
505.37616
502.64769
518.55826
477.03493
479.54278
520.18961
477.47913
480.08415
520.91815
482.70579
518.8355
482.92065
482.90381
479.57288
520.90373
480.51203
520.81494
520.72683
484.02179
521.00664
483.00502
481.33775
479.80641
517.72559
520.98443
518.53295
518.34099
480.19594
520.88639
520.92806
518.7997
520.95086
517.82145
485.13239
481.00114
477.4029
522.26544
520.79426
483.60582
517.78918
481.07701
518.68493
517.86251
481.57619
482.2931
480.4172
480.0451
519.53117
482.45529
505.04483
482.96849
520.28107
482.40221
490.11371
481.73154
518.60408
483.48406
482.77088
510.47357
477.54677
476.53084
479.93644
522.44827
504.95175
483.30531
478.71208
481.37749
484.0519
481.65522
518.05696
484.1886
481.49627
505.27914
520.08487
521.66952
482.06776
479.48737
482.23891
505.49491
479.30607
514.85338
480.23275
482.74288
489.75146
521.71293
487.38219
482.93318
483.18866
481.40681
480.05658
517.94835
518.79764
481.45709
480.08514
517.7731
518.65634
483.23645
517.89532
480.40108
477.27177
518.30913
520.96755
480.49786
479.57582
477.72064
520.26598
516.29434
510.4148
485.13297
479.56974
482.40716
520.81122
481.66407
517.89406
486.91568
482.5937
519.85782
481.44699
482.71932
520.85382
480.45663
482.03606
514.27053
481.61746
520.28532
485.64644
482.68942
524.89621
520.94973
518.04869
480.16357
505.90531
433.29441
482.80787
480.16012
514.62646
479.91061
487.10705
518.55084
517.68033
480.78931
483.97235
482.78064
484.2187
524.16271
480.53801
432.21533
526.16498
482.37416
518.29345
480.75515
482.64219
479.31869
482.26444
486.99147
479.78636
485.91952
480.7115
520.80728
520.82445
482.33069
493.89241
520.84686
482.29472
517.92387
517.62372
518.68351
481.91496
481.0617
435.09611
507.64999
487.79767
518.41482
482.89188
521.06919
520.20366
481.60778
482.23064
520.88655
521.14548
506.07598
481.0074
482.59684
481.44069
481.0964
481.25851
434.98997
481.10264
481.06047
481.50916
521.05573
488.36573
480.55473
481.27771
520.93517
516.98651
526.23967
521.09571
481.65869
480.90786
489.49414
485.34544
520.94567
518.5869
477.62179
520.8449
520.99127
520.90614
480.37053
481.93896
487.53382
475.83435
481.91248
514.12906
520.98288
520.83532
481.35494
521.10497
481.16751
521.05164
482.53449
481.07679
481.81598
482.82197
482.79742
481.61272
481.11307
481.60157
520.86041
525.79014
482.90434
489.0112
518.03865
481.49054
480.91302
480.58666
517.67835
438.86042
481.872
480.86242
484.83819
480.51085
520.76818
520.86943
517.86657
520.91871
482.3464
521.00789
480.82848
477.46866
486.62206
480.91204
482.1331
482.49458
520.94034
480.66173
519.64168
472.41732
520.94618
482.50729
482.27955
482.36453
482.73079
520.91607
480.47734
482.61126
482.41507
520.95836
481.28344
482.6847
484.50601
481.74454
481.69677
520.94029
520.92638
480.59013
520.93217
481.36383
520.95795
518.04187
520.93835
520.87856
517.86833
520.93465
479.81839
487.53884
520.9584
481.17152
481.99051
480.72257
481.37199
481.58379
481.68271
518.4912
520.90211
480.77163
482.77996
517.67925
520.73915
481.84802
519.01286
477.46056
518.02498
484.21593
517.92425
518.15061
482.73397
482.70895
483.31172
481.26377
480.83329
481.64279
480.21697
477.40608
479.30045
520.82994
520.92706
517.93905
482.9515
481.53796
524.08391
525.10175
481.91122
481.87336
481.80187
478.96722
480.88271
520.9083
479.85285
479.55353
487.00128
477.55802
482.3395
517.89504
481.70833
476.93135
480.63295
476.54778
481.50178
477.49704
518.11374
477.42851
484.85142
518.00929
520.9296
525.90035
517.61312
516.68407
483.6518
482.12372
520.87838
517.94655
520.97227
482.05612
520.87274
481.68098
480.81755
480.88546
518.19628
517.76779
520.05514
517.6612
488.61201
483.64553
504.60867
480.22946
476.80615
505.01664
518.55699
523.70609
520.95012
487.80015
482.49107
505.13837
509.70988
520.501
478.05252
522.98384
517.68596
481.76899
453.02182
452.98454
477.9014
456.63413
521.29659
489.22976
516.17208
510.67914
455.508
483.00006
485.42714
482.29124
521.00049
482.35658
480.66614
480.72827
478.08832
521.23416
519.18559
480.54559
521.67976
482.62784
518.84197
520.76905
520.80496
480.48972
480.55434
520.95423
482.2734
520.73168
481.34069
517.81795
479.87825
488.59309
481.51092
520.41101
482.60695
514.65449
482.65137
481.06361
520.77795
482.58739
516.57806
484.05468
520.69212
526.65085
480.75973
482.81516
483.15231
480.79923
480.40191
480.79588
482.55832
482.55534
482.73028
480.56886
482.84348
514.80711
481.94825
510.12778
479.69976
482.46754
482.31701
481.72497
446.83301
478.30632
481.02626
447.16455
476.9257
477.65808
483.11723
522.32524
521.47026
520.16331
481.38747
523.10892
520.74646
521.99051
482.66994
520.12092
518.88358
486.99179
480.49666
482.88815
510.23648
520.99185
521.40598
520.68267
478.21392
522.27255
482.05915
481.68841
507.37063
482.87956
481.60665
452.53592
482.92052
478.83384
455.35521
453.23837
479.80907
480.47086
481.96818
518.78835
451.40054
481.62533
519.71296
489.98834
517.04391
483.01436
485.51444
518.78875
518.61191
480.68661
482.39163
518.34798
517.51585
520.67943
483.51947
517.90475
517.94955
483.23901
510.0757
480.60409
504.8037
482.16828
479.16011
481.14945
489.77283
521.05063
482.26098
482.0356
517.70782
483.59934
478.72566
480.09801
484.99162
486.91075
486.22265
520.93375
482.44574
517.75052
481.22032
480.79598
524.07389
520.87021
521.07202
483.4971
520.95501
481.05443
481.28798
519.25329
486.13892
504.34316
521.03972
481.79432
485.7639
518.19429
481.88464
520.78944
483.05698
520.77222
483.19713
520.90042
483.4868
477.4297
482.4288
487.57298
480.86269
482.567
480.66959
482.25107
482.41726
490.76056
520.78102
519.00422
517.99035
479.77774
482.59299
520.96871
481.32901
482.01629
520.93937
480.9381
520.92289
520.98123
519.26885
485.1714
520.92054
518.98782
520.94974
489.53406
520.99389
517.71355
488.07578
481.6013
478.05562
520.97361
487.01136
517.83793
482.56661
482.12886
520.88106
478.38662
481.06784
481.15394
479.63756
520.89469
481.28422
481.36272
481.27362
520.96335
481.88063
481.97249
479.24027
481.58342
481.89371
480.77191
481.06043
520.97772
480.92109
482.43871
481.2976
481.04512
480.78313
518.0043
480.75661
520.95547
520.91212
523.29405
520.99617
481.35634
479.50396
524.97853
517.95215
520.91298
520.9679
517.82989
520.96474
482.72768
487.34422
520.90326
481.76907
481.79468
481.53249
480.85146
481.36456
482.32446
481.53694
481.30394
485.40199
481.83971
481.29304
481.77318
483.03976
480.72284
480.8625
525.20739
481.23569
520.97298
481.11726
510.46812
520.88478
521.2248
476.85431
521.37689
480.73406
482.68446
520.88562
480.83736
479.64894
519.98849
423.97653
518.23827
519.31899
482.3321
523.7973
488.25733
511.1942
480.00295
481.35513
480.57611
518.42944
519.52367
481.13166
451.53037
521.04278
520.5099
479.10054
505.194
444.49016
482.46407
520.73099
479.76788
522.5821
481.31687
481.51189
479.02277
520.56594
521.03478
478.34413
480.03686
504.57403
477.72648
481.47287
482.31599
480.79858
477.40777
517.01639
517.5053
481.65648
483.47157
481.59008
480.30903
486.74923
481.00631
519.97297
479.15393
481.23397
482.88989
522.2152
480.65492
521.45641
521.02184
483.01611
481.80031
520.68045
486.17401
479.41995
518.50904
482.45833
521.04078
522.84051
522.28926
481.7478
479.51542
477.69893
479.63079
521.27995
481.19913
488.71533
480.98255
483.5461
483.03311
526.0568
481.03367
520.01418
521.17848
479.33475
520.10231
458.02358
525.2792
517.79925
520.93004
481.96493
481.29752
483.02594
484.33591
505.13694
522.42608
517.30845
481.72252
479.58795
519.04768
482.54216
481.6317
481.73242
525.4058
520.96302
481.69794
482.20275
526.4665
482.71217
481.15025
480.9541
481.33931
481.76708
476.98402
521.15063
476.74627
481.76337
479.63847
479.12962
521.70347
480.82554
479.96115
506.49987
482.87327
520.25463
517.99478
481.07663
488.51478
520.98875
480.64287
478.19183
477.79811
506.19374
521.04743
517.62446
478.93569
520.97858
517.83463
480.71499
525.17719
525.0616
519.56518
481.75886
518.04215
521.47542
485.30436
477.50313
517.72165
520.81273
520.57492
519.00305
480.83168
528.4311
482.16987
482.93882
518.68037
518.60574
517.93609
476.68234
483.64374
488.34352
517.73603
517.39689
520.86918
483.1015
480.67234
480.23338
521.73559
486.08061
478.85463
483.2707
481.34972
481.59174
480.66154
480.04703
482.56693
523.22941
479.7887
518.04441
521.71614
480.31568
479.42459
480.85527
508.0021
477.1292
481.39009
518.2926
520.04854
521.45189
480.50165
481.64959
505.26786
480.86598
480.78034
520.95013
479.20648
516.14139
497.62297
488.15265
481.12338
484.34879
488.83357
475.20408
517.70725
488.16325
479.7822
486.74155
518.03994
517.82263
481.77994
524.09162
518.16855
481.32625
476.6242
517.76808
479.47307
520.82362
518.21556
482.52297
486.90396
514.17581
519.5912
479.81633
518.03604
517.95901
479.5291
489.19172
481.35916
483.40247
481.10064
521.22029
480.89124
475.76363
479.71096
482.83259
523.55327
481.31397
510.03222
482.50871
521.54718
521.63066
451.7133
505.12846
521.85482
510.10471
483.43854
476.82997
521.63829
521.46651
481.05186
482.43552
484.17358
504.80803
517.86884
479.77027
479.57627
472.27756
480.8352
482.53967
481.74013
481.32927
487.50147
481.53875
478.84108
480.65777
480.32769
518.77634
479.7855
484.02247
483.35487
480.49584
483.11735
522.10521
480.2373
519.43535
483.55224
483.17702
525.02159
518.90532
485.63498
482.05252
476.89806
479.83051
521.62126
520.06015
488.38042
521.10403
480.26102
488.223
481.82267
521.21026
507.76444
483.19181
482.91761
481.57012
482.97902
487.573
472.12027
483.2073
476.37557
519.43509
523.24258
481.78132
473.50062
481.68892
481.1549
480.98324
479.14996
481.1696
482.10652
477.89505
481.53328
503.32977
520.29327
481.72972
519.68741
479.78342
517.97475
486.73899
477.40258
478.39257
468.4733
521.69097
478.42427
481.86332
479.9506
480.88432
522.60591
487.04916
483.16332
521.64004
482.93206
476.8684
517.82994
481.09013
482.95686
518.00722
489.43475
481.10041
522.09231
483.21323
476.59521
482.19303
524.8303
481.03535
483.90482
477.61617
485.52406
480.85637
481.82502
518.84762
520.94086
482.02956
485.65125
518.36073
517.88597
484.09442
481.30758
484.97076
479.56422
476.94096
487.77757
523.35155
518.6101
481.16223
521.82679
482.80777
478.75921
520.39202
517.97027
483.45853
482.53503
480.74826
476.73444
518.66422
482.84985
480.81944
482.01583
481.38431
481.08429
483.49727
481.0523
518.80838
518.45
518.0587
480.8286
518.46179
481.01028
518.0322
489.74142
480.97084
517.73107
481.57356
476.77867
518.82556
480.66674
517.81964
482.82547
481.62469
479.25371
476.68526
482.83814
477.88556
520.90505
517.7792
524.2753
514.62644
480.95954
476.83085
480.76469
476.95417
521.36809
484.36168
482.81568
482.02191
518.68317
486.36881
480.96822
476.50025
521.71848
479.25341
482.93919
521.45525
480.30914
481.50452
481.3083
487.05944
484.75413
477.53832
479.48183
482.48214
481.34708
481.06568
481.92397
482.77047
518.07933
477.74292
517.81794
514.19031
521.56081
480.74056
489.81754
519.65832
521.42629
521.45709
517.61615
518.1602
485.54225
476.64668
481.41783
482.617
518.57792
487.51817
481.25235
517.82391
517.71444
485.99351
481.81442
478.93968
521.59635
482.34456
520.98416
487.68119
520.98206
521.14942
478.60567
521.97553
521.62143
477.32208
519.24708
480.86569
522.04348
478.62888
480.67076
480.11699
481.50031
482.47742
517.83295
481.19587
481.84755
479.19445
519.82839
522.03952
522.14839
480.0364
481.91166
477.2191
522.00359
477.37035
481.49617
480.95789
481.2085
478.96727
523.12546
518.00694
477.30348
481.54373
487.11466
521.22612
480.55685
481.24582
522.33998
480.51685
480.97162
480.95868
517.15501
480.71884
519.88381
489.38084
481.88072
480.32306
481.39941
478.55603
521.69011
522.95303
524.97895
480.97837
483.32947
481.51846
481.85402
483.13549
517.99541
518.74758
486.58945
521.91965
479.17391
521.81477
479.29257
483.18259
521.38393
482.72333
480.83155
521.75497
480.17884
485.75797
517.96428
482.92333
479.31851
521.26842
479.44783
475.43707
504.55228
518.9738
477.15301
480.11347
479.36734
519.18832
481.40756
479.64506
482.72115
483.40547
523.7409
519.00987
525.08958
480.30326
480.02138
480.55117
477.08627
487.8377
521.64336
480.76213
481.94207
481.61701
488.79916
484.35902
520.73502
482.69529
521.39948
521.36856
481.39571
479.28571
482.14176
481.73096
517.93722
479.32287
518.31146
521.27525
479.76609
482.79941
518.06732
505.74793
522.18089
476.48767
479.56789
486.49151
480.90054
481.55079
479.73965
484.98423
474.83968
485.69254
479.60391
517.99477
521.47501
521.00304
477.25112
524.35733
510.97305
478.85654
483.11138
525.77779
483.21074
517.72525
479.45209
521.42207
525.26295
486.64562
519.71416
486.99652
523.59345
521.72991
479.08477
479.13013
483.00261
479.34028
524.49785
521.41631
478.91486
480.31933
482.74517
486.8105
482.90481
480.61713
520.84577
517.94004
522.3346
521.47655
527.45113
521.65862
521.16791
480.29342
483.47903
480.32501
483.35426
481.04393
489.22238
483.49733
479.48379
481.88868
483.53934
521.27388
479.41484
482.43593
521.52064
521.56424
514.65215
481.35988
521.7044
521.5732
479.42403
521.46066
521.262
481.96353
481.44348
525.13812
518.87435
517.88729
525.53836
519.87327
479.12939
479.92188
479.86729
481.01853
482.53288
518.03853
481.50349
509.94041
484.17679
458.78768
520.46585
517.63777
481.69729
527.82067
481.20839
480.82695
479.51701
521.40395
483.8112
521.30513
521.15498
514.63368
480.14924
521.57514
484.72295
518.07295
482.45506
482.33242
481.27837
488.27928
522.45223
478.90232
504.87993
483.32402
446.30838
481.81874
491.4727
518.95365
482.95833
476.78825
474.09471
519.09797
520.9448
481.10524
479.04128
482.42586
516.81611
522.5502
478.94528
482.04285
481.80694
524.27448
481.00946
476.01939
525.12104
522.86092
519.05545
505.17119
504.47528
526.55404
479.83766
481.15448
479.72652
481.09832
507.5329
521.11942
481.68816
482.00143
481.00762
521.7477
482.30826
480.66258
483.25478
481.2279
522.15478
520.18941
477.75436
487.41046
480.46609
521.43087
521.78125
503.5209
476.78903
520.39676
481.57216
486.75155
484.62418
521.13407
489.66466
478.14881
481.74386
521.60996
480.88225
479.54517
523.40545
521.17369
518.28421
482.79596
480.0001
477.58088
485.45359
481.40616
482.20998
477.00452
522.08758
520.9915
483.24488
522.49807
480.7459
517.93478
488.12958
481.79352
480.40145
480.39376
480.3556
481.90327
480.52119
525.01818
489.55345
522.01295
523.59212
480.9889
481.01508
474.90686
523.37152
518.05484
526.50269
473.0006
480.42457
519.99474
521.29715
482.40062
516.99723
521.60113
522.16445
521.97847
519.38755
521.89752
522.01553
483.47111
474.48002
521.62114
481.58623
481.81992
477.83049
480.82127
479.91059
479.60932
517.84197
521.11208
522.07241
481.21391
481.46105
517.89529
482.6815
481.24306
491.10367
518.67336
482.67863
478.93071
521.61509
480.24525
522.66714
487.6315
521.49053
517.59333
482.08953
518.00971
480.96966
481.66521
519.52578
482.47438
525.91557
521.30342
519.84577
488.66713
476.82774
483.2481
518.03206
518.38319
518.03874
521.3504
481.61161
481.64032
489.82749
481.71757
486.86406
520.21051
479.66858
483.29967
522.58841
521.45472
480.48319
525.99938
519.17698
482.15304
481.29003
517.72343
526.19552
521.26549
489.53241
482.3853
489.60398
517.95225
483.83057
517.72933
479.52609
521.20306
521.33937
521.11546
516.46754
517.89031
517.90266
482.00925
517.46353
518.5175
503.21771
525.76444
480.69939
483.6751
483.39888
479.25064
517.77982
482.08528
520.98145
487.55284
525.08409
521.14636
517.93834
487.28276
482.13644
480.55297
486.71976
518.19966
517.87069
477.89878
489.78304
521.11354
477.48052
517.645
483.71658
518.23722
481.43516
518.12076
481.74096
476.67629
481.11463
518.87085
479.15431
523.92159
517.85347
485.12224
482.70089
515.91946
481.00381
482.34422
481.82215
517.99103
518.55291
481.93563
480.9091
488.96072
482.26814
489.36569
521.23115
519.21639
484.8314
481.54144
480.78697
487.11924
517.66914
481.6487
521.27457
480.2087
518.10512
521.13782
517.93307
482.846
518.49099
518.56345
483.63057
521.53281
482.04061
480.78925
525.79323
521.17433
517.8225
482.07476
525.7468
476.82632
481.93715
482.53088
480.04435
481.43848
481.07292
481.90847
482.07871
517.6564
514.05342
481.41904
485.11712
517.89725
482.87777
480.39279
517.84323
487.44628
526.41858
481.92626
518.31401
518.45793
480.33575
504.06496
477.96969
506.76409
520.78214
524.57656
480.57137
481.15283
481.01292
485.65883
481.89391
483.40934
482.89348
480.67495
524.23128
514.93924
488.66405
477.53926
520.99008
518.49431
489.24869
482.16916
483.49227
518.72706
480.09297
480.70431
521.04987
521.8711
520.8949
521.00265
481.29163
482.15992
487.3977
483.35441
521.09288
480.61841
521.16882
520.89838
440.813
483.04241
478.62149
480.74657
477.00447
482.70583
505.06391
481.82134
518.69863
482.25901
481.38813
520.77619
483.81167
481.37422
490.98169
481.61755
521.07876
482.83796
480.31214
476.71296
483.2591
481.75985
518.0804
476.89493
479.85806
517.97009
482.20019
481.40311
477.19495
481.77454
487.46044
483.92322
522.81655
477.50717
482.59517
522.34356
518.33108
488.78198
487.95145
520.48404
520.83954
477.4253
480.40146
517.44727
480.04747
480.7042
481.0539
483.62248
521.03362
517.91203
489.60944
499.55966
481.63019
520.94651
477.59456
521.59572
520.70087
476.50953
525.50632
521.93483
517.83645
521.9692
481.9756
481.2374
481.45807
481.44374
480.5552
481.95512
480.60556
484.65644
522.00093
507.99914
474.87658
479.4054
480.9593
517.57585
481.58681
482.92157
507.69415
450.71457
521.95308
477.72722
520.98418
480.45351
482.20618
522.07393
481.56742
521.9774
480.64186
481.4578
483.08049
481.08943
482.74162
521.79213
524.80324
521.21623
521.93619
521.94249
521.75958
521.75029
480.47198
521.41989
480.67335
521.59902
482.64871
479.85299
521.72982
479.88112
481.60501
481.48089
482.35734
521.52194
482.1072
482.26492
521.35709
483.24139
487.28797
521.77357
481.27087
480.55948
521.50588
481.15834
521.58999
521.76744
485.01729
519.59159
480.6159
481.18371
521.31697
522.99209
480.1455
481.3351
521.51902
482.44807
521.53131
480.95937
521.2856
480.92526
487.87792
476.81417
480.3341
522.12686
521.74933
521.19069
439.66067
521.03916
521.2839
422.11954
481.22335
482.08194
481.27919
449.23681
440.24855
508.1922
481.16709
478.879
421.40543
439.26644
478.16241
480.47574
485.2757
521.32899
480.76433
521.44719
453.03658
521.19265
521.48716
515.57328
480.38926
475.06775
505.79
512.52142
481.6523
475.4312
482.86306
479.405
523.66094
442.17716
507.47548
520.96773
521.24125
481.20362
481.31909
479.33723
483.2489
480.39581
479.37243
481.60611
521.94067
481.41137
521.47566
480.46944
480.44129
482.33573
438.93537
489.8065
481.52257
521.48714
520.49921
474.03494
481.3186
481.15329
512.2694
480.81863
481.26012
480.17723
481.77798
482.24673
522.38384
521.35501
521.3145
481.28739
480.87566
482.71481
521.53546
481.63035
477.34746
481.56867
479.55734
521.24432
481.67274
482.63216
478.87727
480.58765
477.10038
521.55437
477.0238
480.9848
480.0829
480.64704
481.48171
479.48774
439.30525
482.57582
481.98038
482.78135
481.77102
480.67744
443.54239
505.03932
481.32554
505.97878
479.10202
506.31934
477.35202
521.81087
443.21075
508.00172
481.65624
481.30892
521.35739
442.84404
522.03898
521.00593
480.67307
521.42524
480.89343
479.80446
483.00397
519.18221
522.03887
481.83238
481.44981
523.09447
481.4595
479.72445
482.15722
479.44111
523.42474
481.66914
522.63895
479.32425
479.28163
521.8671
482.42394
520.94975
520.9564
521.08371
520.99544
480.64967
479.58903
481.83734
478.8761
521.37865
482.77196
479.17928
476.70212
521.78098
482.31316
478.31504
479.26022
440.42384
480.21198
481.6221
482.28203
481.14705
479.76625
480.29585
480.85067
481.92627
522.20442
515.62372
481.89593
518.12023
518.68422
479.87879
521.06686
522.05821
481.58285
480.73745
485.12465
480.98661
481.10481
483.70851
521.92722
518.02728
481.95097
521.64604
521.7109
481.79931
482.72728
481.12523
521.98415
480.30379
483.35188
521.5439
488.51194
488.98003
483.11195
520.9399
481.93377
481.89692
481.19694
520.79125
523.34671
488.42178
521.20187
525.91713
520.94463
481.89528
477.90129
479.07751
481.28743
520.90788
481.93147
481.44338
522.98024
521.29471
478.72542
518.69173
484.84569
479.83156
479.62567
520.90124
481.34189
483.27634
517.81039
477.18573
479.59653
481.79296
476.95875
520.7009
482.43102
481.15716
479.174
480.29586
518.58308
520.97377
520.82859
484.56675
469.06237
481.47861
482.09478
478.9177
481.75515
487.36952
520.92875
481.29337
477.79882
482.51014
477.11315
480.65855
521.32069
480.78279
477.00132
521.88941
480.51232
520.87657
480.90351
480.65846
482.60751
520.96691
480.77411
520.26362
520.98369
481.99971
480.18542
481.60514
481.04358
480.92996
480.91761
481.67405
482.39329
480.02444
482.06933
480.67329
521.90109
521.98112
480.7356
520.99765
481.65819
477.87764
481.52694
487.30169
520.4441
481.56749
480.42538
480.97351
520.9415
481.83403
521.95938
521.21968
480.89094
480.81269
481.07927
451.17408
522.92786
521.35976
521.14788
479.20548
520.29061
480.78149
520.90384
425.48338
439.49705
437.90034
480.44641
449.86835
445.48442
480.04837
481.03469
433.13557
481.47736
480.18394
480.34642
476.49235
520.93372
523.39169
493.47844
519.5093
487.21716
478.75105
481.248
478.19993
482.2488
522.12269
481.59603
521.64971
480.5938
520.9346
477.41248
480.4056
482.91307
519.82604
482.95728
482.76753
521.85809
520.46006
481.54747
482.62928
505.48325
481.13916
520.92982
521.07582
518.09363
521.00323
481.64036
522.82599
522.48897
480.77361
521.8494
480.87575
521.54673
481.60221
476.89284
522.16971
480.18969
480.26959
519.71697
505.27983
517.14736
517.71666
525.17764
454.64605
481.12048
521.67964
519.87038
480.20742
482.47446
482.75234
482.50307
521.09999
480.30502
480.29244
520.02099
520.99186
520.9419
522.14638
480.37394
482.31945
489.53033
483.48028
524.37417
521.07399
480.2204
480.04518
479.10992
480.4873
427.42221
438.49079
436.62432
483.49389
480.43047
486.36584
480.80705
463.52851
480.29046
518.99557
481.54958
520.03491
521.57482
479.57302
478.5846
521.93026
520.38871
520.11698
516.17486
478.74915
478.68403
484.62239
479.82637
520.9338
443.44431
484.44629
481.41723
478.65732
520.01358
483.03339
481.6045
480.07449
479.99653
520.0971
480.8676
479.60114
520.78463
522.20891
482.39192
520.94587
482.84256
437.05684
480.09752
520.68393
520.54925
480.70836
519.1236
479.64226
522.17176
522.1752
480.9071
518.37165
520.9154
521.00672
453.15719
520.62194
489.02356
516.30449
521.44811
482.49206
520.919
518.20068
520.96274
521.58585
483.25792
505.53295
481.2686
482.59805
482.50161
520.88354
521.51881
484.09301
522.74426
480.04849
479.68487
482.42181
520.96622
482.98522
481.01658
480.50959
481.81798
519.69065
509.85985
521.01361
482.84963
481.91506
522.5446
483.95983
480.12056
481.54913
481.30287
490.91416
481.39034
480.10861
516.21425
522.3478
481.32483
480.34952
520.99331
482.54751
522.2251
521.6322
482.19522
520.69505
480.73305
526.72762
518.70197
480.53184
521.76822
480.80517
481.1804
520.92126
481.81489
521.38213
481.02202
520.99329
480.28895
479.17465
520.87358
520.57403
520.67919
482.57155
477.546
482.25516
482.26458
521.60149
481.32218
480.45415
485.99363
518.10112
483.30894
484.96729
521.21303
481.64021
480.90869
480.57182
480.77831
520.95906
481.0679
479.50382
521.51527
480.0819
480.31931
480.01848
520.47446
477.78695
505.13059
484.96772
482.67918
525.05278
479.4171
479.82863
455.14702
521.1316
521.68179
476.81925
522.29599
480.4595
522.22556
520.85262
490.47054
481.16022
480.61891
446.5556
522.67914
478.70385
481.79653
520.96509
487.82347
481.7262
477.60564
480.05918
481.65559
522.00268
481.5532
482.63174
482.80204
520.91058
480.7707
480.48932
480.8698
482.28993
521.59371
482.74604
521.00453
480.95663
521.01412
481.24151
482.59991
504.80446
480.36111
521.85396
482.65934
520.91223
520.94291
482.536
480.88229
451.57034
520.89619
479.17645
480.96476
480.56021
480.55199
481.06403
481.9741
520.92598
480.78168
481.445
520.8828
480.48699
480.89861
520.89894
481.00952
478.84695
482.15258
481.095
481.37427
481.54583
482.56784
520.94032
480.91204
481.40145
482.3145
481.87252
482.1956
520.89121
480.9566
480.71261
480.71694
481.55764
482.31195
476.95616
521.0562
520.88401
482.55766
481.16375
481.43775
481.79884
520.94313
521.03769
481.04376
520.93354
480.97445
481.06337
480.86262
480.81596
481.28152
480.9765
520.9586
481.22404
481.02341
521.81482
520.97816
520.93338
521.98161
482.50794
481.12778
482.91693
480.60277
520.9789
480.93446
520.98275
482.68219
480.56371
482.17153
521.48327
480.45728
520.9085
481.82537
520.96054
521.61468
482.39474
480.53886
522.32136
480.80773
520.91374
480.5564
520.9091
520.95211
523.09813
520.92719
480.65419
518.4545
478.4277
520.91556
479.96624
520.72943
498.57543
482.5135
507.26515
480.26381
480.98231
520.89916
520.91244
519.25836
481.18831
482.47718
520.91481
520.90268
481.63381
481.22488
480.25088
480.3341
482.80858
476.33242
499.5907
443.22166
483.64426
477.46671
477.80386
518.96028
520.9078
429.82495
440.46141
521.14008
483.53724
453.81097
508.0989
508.32628
487.87609
480.57244
482.72915
520.96696
482.17601
480.9386
480.74081
427.97842
440.26614
518.34708
482.03613
489.54904
480.35151
520.25331
498.87867
477.15285
519.11256
482.11608
521.3301
477.39005
520.9452
479.66544
521.64476
519.68105
521.18768
505.95933
482.22183
517.99998
521.6605
480.39349
506.45453
521.4633
520.94763
520.95239
482.77221
481.49684
521.49215
477.66714
481.83828
479.07503
520.29511
480.79415
481.16504
482.68524
480.19241
480.99932
522.43
481.92491
481.17072
520.94845
481.55991
521.06512
481.93503
482.15538
521.00537
481.77001
520.26274
521.01005
481.87617
479.07571
505.66252
519.84439
489.97749
482.14474
433.65775
481.81348
482.05725
480.82229
520.95802
520.97291
481.5129
481.98177
481.26606
520.93218
481.73261
517.87108
520.95177
481.61815
481.55976
481.38106
520.46794
521.89145
481.07469
481.576
483.42683
520.94648
481.81388
481.17608
520.88998
522.62158
520.89113
481.99866
481.65878
481.35687
481.95589
480.92027
481.70731
481.86946
520.94142
481.30489
482.04574
520.93738
481.65369
520.89671
520.93288
481.81076
482.51456
522.47152
483.08707
481.00269
482.53808
481.61299
517.74968
477.57058
481.00271
481.98145
520.93638
520.93682
480.93325
478.89961
482.74669
521.90361
520.94577
520.96409
521.02087
480.99514
481.60195
481.94426
520.9363
482.24756
481.13391
481.2707
481.01022
521.05766
481.23437
521.03633
521.13087
520.98442
521.03922
489.85629
520.97362
481.24987
520.859
447.97847
480.79665
489.10453
481.08113
489.63222
487.42897
481.61004
481.57212
481.91653
520.97826
481.47969
481.56399
440.33158
480.49003
489.51169
481.6342
481.49252
520.91703
481.44725
480.87261
521.12535
520.99539
481.0558
518.5784
481.50775
481.49288
481.70746
481.35605
521.04122
481.81654
521.04728
481.53203
481.52466
481.50947
521.01078
476.63852
481.13236
481.66956
521.03396
481.77147
481.40356
481.56732
481.47994
481.32154
521.03417
481.44542
521.11959
482.09524
481.60007
481.88245
521.0235
521.09843
481.48886
427.20883
521.08403
481.47099
521.02617
480.98181
521.14475
481.50308
521.07101
482.11805
520.87056
481.62599
481.42674
481.09212
481.67163
481.41171
481.75305
481.49629
481.55998
481.32653
481.77648
521.06837
481.3167
481.11927
481.40493
521.11056
480.67836
481.28165
521.03007
481.29522
521.03995
480.99697
521.09458
481.44927
521.55894
521.07362
481.34535
520.9411
520.99454
482.05727
520.96114
482.35975
481.67782
489.45443
480.69909
481.76677
480.18661
519.43571
481.71517
479.05994
477.92156
480.67983
481.35195
481.06874
481.22929
481.02178
480.93488
524.27223
521.11339
481.55136
481.52074
481.08196
521.06422
438.40138
480.94335
481.8482
521.03562
432.96938
521.50953
481.73043
521.16642
521.05327
480.95948
438.48827
481.78006
478.99221
479.79075
481.79581
481.28612
520.96454
500.08363
481.3503
521.20551
479.85321
522.28396
477.40929
520.98862
481.24362
521.1556
481.36283
481.38919
481.59715
480.9662
488.46019
507.82881
481.71997
481.70223
489.19928
443.79926
521.16174
481.23884
481.37935
481.56031
520.13984
481.90194
481.11855
518.95017
521.05386
482.60014
521.70465
481.30609
481.53263
481.95696
482.20084
443.09062
427.27435
481.47117
433.31856
520.62376
481.40246
521.46947
478.4348
520.89641
483.7452
479.88742
476.81595
520.65243
523.6158
480.59903
478.92203
481.93483
516.61195
475.13255
453.80566
486.39558
480.91866
518.31953
480.74925
477.74451
517.86436
520.89964
484.49324
481.26356
480.28711
476.58197
517.91315
480.96382
482.54523
480.95925
480.45174
521.00306
481.89553
520.94368
489.80677
483.12624
519.23021
480.26469
489.45965
520.96201
519.87653
481.17914
481.00901
521.7148
517.52218
517.08824
481.97893
518.31332
480.9115
479.71141
477.32022
480.9513
483.98858
518.75233
521.7323
521.20218
483.17305
525.18573
477.38074
478.26034
521.17525
521.4697
481.04528
521.14254
482.96663
482.1514
519.38185
482.56959
482.01948
506.70556
478.81408
485.36999
483.51165
482.23062
480.63302
518.7496
527.65779
490.72911
472.45867
524.36097
480.45322
475.785
480.36534
522.31112
482.37263
481.84623
482.22379
504.36199
482.26144
525.91321
480.76362
481.07424
481.34227
479.48362
474.78868
482.02878
485.51418
481.9273
482.43646
482.53835
517.9888
481.63669
481.21986
521.09328
520.88754
479.39841
480.56945
481.0555
522.96651
477.49037
521.73246
521.23489
517.95438
507.99903
479.20735
521.02137
480.48449
517.50931
479.54743
482.66674
482.08343
521.3955
479.3223
521.40217
481.35345
481.58748
481.73675
520.90369
480.60815
480.78726
522.22218
525.72773
505.70768
481.05106
520.78684
487.484
482.8207
487.26181
482.97798
475.13026
478.52455
504.24661
504.65123
518.59645
478.85275
480.73548
520.48207
521.03888
481.13475
486.27114
482.65953
477.03216
461.03995
522.24019
525.28457
517.85055
488.71223
485.21839
481.49581
520.93067
482.43173
520.78789
481.24935
479.86009
524.70771
483.54094
480.92104
520.9269
508.31943
482.03176
519.00713
520.90365
481.45026
482.10935
447.38007
475.80661
481.63852
477.26729
518.23373
481.87877
517.7485
521.35962
480.90587
521.06237
480.1028
521.41728
521.52677
477.47892
481.51091
479.98717
520.97117
518.11577
516.76132
514.98101
489.14883
520.91393
517.89234
482.11987
453.81689
477.99646
481.29966
481.17823
520.90509
481.49968
480.37718
520.99998
481.68453
482.13394
479.2637
519.1439
482.31685
521.29491
521.39945
521.24763
521.33903
521.33865
480.65186
482.14928
520.93581
478.78813
482.68783
481.57788
482.91571
482.29785
518.1274
481.37167
522.68282
521.51566
446.18705
482.18237
481.76469
480.39298
439.22776
517.45009
520.98951
521.04208
481.46284
481.88392
480.36246
505.66827
478.28036
426.96659
504.95931
519.40821
520.73557
486.88008
517.75726
480.36261
486.01202
521.18222
440.19461
481.18552
478.18005
479.90196
482.26525
481.4594
481.1978
482.24626
481.8491
479.90848
520.57739
486.73448
481.67952
482.05229
480.32765
480.71997
522.50376
525.07777
481.64204
518.79869
480.91238
483.79628
483.51899
482.07249
459.11659
521.16862
521.1159
483.76382
481.28821
521.02804
521.22479
477.52201
521.85581
522.19109
481.90661
518.06155
480.08995
479.95118
482.00542
518.2743
479.89601
481.0659
478.27382
506.86201
518.49047
519.78363
478.76278
485.03595
487.25272
484.25706
520.38511
487.18984
479.10571
521.75852
517.17451
485.49506
481.03285
518.66683
518.21525
520.5614
525.01035
480.53738
522.1309
481.85129
477.79045
480.96859
481.74235
481.18562
482.7588
525.38499
519.21919
481.5275
427.27062
520.26802
482.05583
506.10017
481.37467
481.15563
481.83964
521.02434
481.55204
521.02025
481.61635
520.06483
481.91517
518.1577
481.23262
517.86303
484.41966
521.87276
481.44736
481.36978
520.94652
504.93541
475.73535
479.08004
479.4987
489.06123
488.53707
487.86896
480.03999
480.918
521.69041
521.7237
475.27274
516.78771
480.58598
481.43807
518.07563
481.16812
517.83343
483.66889
482.34559
474.93051
482.04025
480.64083
473.16913
482.93263
521.39913
481.43473
489.68347
480.51346
521.67469
506.85049
521.53782
507.99977
481.20702
489.72104
520.97718
483.75376
518.11515
488.13748
523.05544
520.39388
524.66654
481.901
480.05669
482.26806
517.96747
483.53282
483.12277
480.47296
481.53114
520.13329
522.06788
482.83772
505.24182
507.07391
521.16493
477.3145
481.23858
482.38841
524.73656
480.15608
524.85977
479.93924
487.0099
524.02916
520.35123
481.32798
481.49615
479.84541
521.05682
481.55889
481.9609
521.92672
511.95323
521.69289
522.13417
480.65416
446.03959
474.58547
481.11597
525.01382
521.0069
520.95496
521.19023
481.84029
514.81715
453.8692
517.66925
521.18414
486.8908
480.84066
490.27877
483.19711
524.83891
517.8216
434.65586
482.22661
521.61418
481.54179
518.5679
481.20659
518.01883
517.74895
517.86632
521.30149
481.53327
481.09211
479.50552
482.63887
480.2146
481.19796
480.37525
477.35729
482.53752
488.24639
522.43226
524.31659
482.86805
521.18152
481.02908
478.90579
480.81446
481.42181
481.04141
517.9741
481.1443
481.11633
517.7907
519.84695
521.02129
521.5508
521.6254
478.70267
522.12635
480.67357
520.7556
481.16719
439.97218
479.4186
481.4975
480.85592
519.91997
518.68492
481.76071
490.74566
505.0458
477.39038
480.3099
521.5451
521.03291
479.96226
476.86446
479.63635
523.35453
479.85446
479.30509
480.89338
522.29445
480.60417
481.8309
481.1854
524.49993
519.66029
519.05924
523.07355
452.62678
481.17865
481.09345
479.88066
476.84293
481.59375
480.59611
522.13496
480.00569
523.84836
504.93712
520.7701
482.06008
480.54521
523.81739
521.00916
483.24901
485.44194
476.78352
481.45665
523.49427
480.27236
521.31235
524.62879
505.62247
482.37374
433.78819
480.19973
520.23405
483.20791
521.77175
452.31108
520.06661
478.5046
479.72232
480.11616
521.55437
482.36328
518.51565
482.47465
482.16038
528.00826
514.83413
481.92049
520.21777
480.75154
488.36971
522.18352
521.10034
521.19491
481.72818
519.19222
486.16742
483.07426
481.75441
483.9066
520.87643
520.9361
482.55988
520.97547
481.40552
481.281
517.9988
479.82959
526.17133
481.37501
478.14954
521.23625
475.81734
520.61062
521.67186
487.55024
480.80853
480.99045
520.92419
481.2891
520.58017
476.71147
477.22668
487.56278
485.49774
480.7334
478.66012
490.57367
480.98716
482.43054
481.15105
481.74328
481.817
481.67414
481.7662
482.52424
482.34606
479.98228
481.40581
483.95359
475.65143
478.70389
481.19928
482.90841
525.958
477.24484
480.40379
520.8525
525.10006
482.42067
520.61884
481.79053
481.92323
499.38071
524.8544
522.07624
480.90264
477.77873
524.33665
519.52175
485.53604
520.92231
480.39673
517.72487
475.1447
522.27942
521.14747
520.95499
481.56841
481.47493
519.04056
480.65657
525.87802
522.17087
482.01819
481.33785
520.40041
484.99423
523.46053
516.75959
522.85809
481.76773
520.91082
481.65706
481.62669
521.05761
478.65668
521.3068
481.83847
521.05118
481.09954
482.21293
486.64002
518.03162
518.35755
482.66748
482.36785
481.9211
520.99751
483.36008
482.78695
478.97154
517.62042
481.97783
477.54646
480.91812
480.75506
445.59662
482.09758
480.55526
520.80112
483.34592
481.87105
523.16583
481.80326
481.16526
520.73181
481.44652
481.10991
520.34271
486.90985
498.63876
482.34008
484.18619
521.17623
524.84169
481.86835
486.30758
488.46098
520.07155
481.74052
479.57015
480.89788
518.52412
521.03562
520.94658
481.04728
515.71168
518.14213
526.33705
427.69505
482.64188
525.86384
482.23703
482.84765
520.85741
485.05268
519.83015
480.7821
480.16675
482.27461
480.7591
488.66224
485.798
488.90751
526.26258
479.69099
521.85554
477.55788
481.20872
525.95608
524.0182
521.98072
519.16495
479.13229
480.28013
480.93582
479.49836
523.64699
521.00898
509.82581
480.57109
482.19015
478.92523
481.5049
520.89399
481.13813
433.30905
481.45193
481.00024
521.00891
506.1573
481.03984
480.92808
480.56668
486.93326
477.39508
517.93212
482.8664
481.69436
479.71113
480.7159
520.35664
479.62461
482.1326
482.1758
478.8866
524.26974
482.50898
480.41037
481.0048
498.05868
519.24573
518.575
522.51047
480.20917
482.02048
479.22634
481.74552
481.99746
510.56487
482.10087
480.20331
481.69831
479.49899
481.37362
479.44197
483.82037
521.61184
523.9419
483.79333
479.26633
481.03041
480.93925
520.97364
481.33194
482.60236
481.3264
521.11951
480.47668
480.68634
481.00095
481.30067
522.17208
480.6693
521.07656
518.992
482.27857
481.34687
521.22325
480.64743
484.55327
483.81545
478.37853
479.13631
481.02958
480.25988
521.68259
521.45921
522.31047
480.71739
520.71898
449.51321
483.31901
483.66171
478.80548
481.17536
480.70921
483.33518
481.54637
525.84753
478.81656
481.47339
520.04007
519.75001
489.85054
480.57801
521.15508
517.75859
478.97497
477.3743
479.30518
481.44214
479.43672
516.92334
520.87654
483.06442
479.15561
522.73005
504.37823
481.06324
479.13004
524.93495
479.39777
482.04595
521.1411
481.80196
483.51805
481.65641
447.94377
522.37589
482.937
478.67136
480.2256
479.41021
479.30869
479.61133
476.63556
521.28527
482.56867
520.64833
481.68001
482.71666
521.53251
480.07779
517.4132
519.94983
517.77229
480.32444
520.67937
518.69035
451.66749
481.2112
482.39519
517.9905
487.97371
483.29467
482.62765
481.28743
483.14619
517.2207
481.55097
521.4448
480.92354
518.01495
528.39204
480.20707
481.72491
480.31197
478.99223
480.91557
481.87738
522.62164
518.03724
480.14524
482.5116
524.31426
480.68406
481.49355
481.63567
488.51603
488.28489
454.18996
481.02669
514.6103
521.427
481.01344
521.69399
521.09026
521.1383
482.30618
480.48562
482.17235
482.01081
479.96018
518.17868
528.119
521.19728
521.33611
521.40597
521.15725
521.09005
477.93317
520.51467
481.17734
482.3478
482.07189
481.79268
520.92653
482.26686
525.60942
481.45525
479.94892
520.8739
518.81131
479.70564
505.15382
521.08235
529.13625
479.88404
521.5351
483.82502
482.29238
520.8388
521.78257
483.7564
520.95772
480.03729
480.83693
517.69349
482.97706
481.38119
518.38939
452.385
480.81083
519.36215
520.82204
483.04116
527.92119
521.2795
520.89783
482.11456
509.92574
481.91841
483.53318
487.24933
521.09582
517.86265
480.31026
481.39742
521.03353
520.96448
521.11406
482.97144
517.70777
481.62995
521.1229
481.08689
518.81914
480.91635
483.32576
479.91178
479.88666
521.53419
477.61197
481.81505
481.82491
482.32137
520.99352
476.94802
478.92857
480.97435
480.74425
481.44114
481.71831
517.91601
478.68064
488.54124
480.88362
481.2585
520.97752
478.7665
479.64596
520.9165
517.26431
510.42489
483.51717
522.52526
489.76612
485.00391
482.80188
485.6805
480.74122
481.70168
480.85124
481.86575
481.72297
481.28746
481.85738
482.618
481.89773
504.30119
482.52377
518.86983
520.80757
482.83059
518.76373
439.53567
480.61413
481.94119
520.88941
484.90702
521.00107
482.07031
482.50727
522.08597
482.86012
520.7802
521.49813
480.44118
480.33968
478.18675
447.94796
527.47463
477.29963
524.89567
519.80365
481.918
481.37315
526.879
484.28781
518.92698
481.2653
517.94406
480.14955
482.37975
481.2899
481.72729
478.67024
520.84745
521.51323
518.61194
488.18821
520.35001
477.71146
480.99607
521.27724
476.73612
476.88329
520.94252
480.60761
480.91832
521.07398
518.04328
481.5059
481.76751
482.13832
519.67355
481.59613
482.19992
481.36511
484.22166
476.72063
521.06441
489.34084
520.10715
484.79242
518.07379
485.55819
481.44681
480.57833
477.79979
517.82676
520.86504
514.6559
528.88819
519.59109
522.20262
517.93652
517.68729
477.60691
478.70279
481.37936
517.88146
480.99896
487.64968
483.01788
487.16387
521.1868
521.37843
480.72177
519.84672
480.54182
482.03281
483.69699
521.02022
480.48629
483.79041
489.51083
482.45748
509.94315
480.86363
481.24077
483.20979
521.63338
464.56541
491.25951
521.55981
481.99627
479.84232
473.77259
521.99097
480.44803
442.61941
482.09701
481.25633
483.22976
518.47219
521.03927
486.05012
516.7498
525.77458
477.14268
481.8422
448.12416
480.192
476.36636
522.39081
483.0706
521.05213
518.07754
521.4822
520.29247
484.19244
521.0794
522.72372
518.52321
482.01272
521.75988
521.5497
481.93846
481.251
490.20378
521.05795
481.1604
510.13732
445.85353
481.31473
481.3057
524.47287
522.04046
480.80152
481.06458
504.76319
479.0875
483.22382
504.75593
488.75522
481.97133
520.94656
518.47708
517.79149
521.12074
520.8568
517.26482
482.80272
521.39703
481.8544
521.3599
480.60525
481.10832
522.425
480.22963
480.67009
481.16726
504.38535
481.35691
480.74553
506.1182
479.01001
478.52172
517.67955
479.47547
521.00125
482.87379
522.16684
509.96039
480.48092
487.92184
482.04339
477.50168
521.76528
521.68443
521.02933
481.39041
521.02451
503.96917
521.11882
481.14224
481.6719
505.5689
481.20042
519.12738
504.64272
478.18055
476.71575
481.0069
520.89639
482.20169
479.78955
481.77731
520.61301
521.08947
520.92989
520.85939
481.368
481.64236
481.62526
481.30073
481.61276
483.2553
482.33092
521.07138
491.49311
481.89174
521.00426
525.49799
482.67249
479.49572
475.31143
481.88741
479.4715
481.16545
478.29854
517.65855
510.78866
481.42654
520.98503
521.67515
525.14073
479.5899
483.23365
481.51851
481.87
438.58407
506.3884
479.87214
522.10771
523.4285
519.25378
518.39138
522.28933
481.78421
482.17074
437.3247
477.395
480.91388
517.7574
482.72953
480.98903
479.71155
504.98417
522.29723
482.36176
480.84527
483.80723
517.63647
521.66597
476.40201
482.78555
476.06153
477.51742
521.17681
480.12383
519.18146
482.98133
523.43392
479.76466
518.34849
446.86697
452.01455
478.9767
518.7852
516.99003
522.44296
480.2311
486.91201
482.2425
478.62832
483.55778
481.39296
487.70955
482.83867
518.7645
483.46924
479.34506
524.84829
482.61889
482.17846
487.84301
478.78274
480.20809
477.32526
518.91617
482.57436
481.90138
505.3079
520.41657
480.05421
521.62077
481.6984
476.89109
480.17651
482.34556
482.05956
482.69374
482.63709
482.74581
480.54683
480.33201
476.18852
521.60602
521.10948
448.37862
517.96049
517.65121
518.61459
517.65385
487.64229
484.33671
479.89322
480.2609
482.45674
481.52283
522.99945
479.09741
521.27177
482.99866
519.02385
482.58894
484.02185
482.31214
487.6729
482.05709
505.5776
523.91989
520.92189
482.91704
479.08635
525.11108
481.05462
476.74156
480.78916
518.71051
519.96388
453.38224
526.44392
480.59306
518.70496
527.04909
482.24204
488.18462
476.77837
476.90686
477.60205
520.17468
480.78077
454.35237
521.23229
515.86131
489.49532
483.30567
487.77212
480.76169
514.52953
484.99176
480.4678
510.95909
480.68737
487.50789
482.71155
481.89348
482.64331
486.87161
520.40396
522.32651
520.58701
480.81041
482.88556
514.21891
488.20163
481.32301
483.27747
521.00895
479.19693
476.39366
518.39085
482.4395
480.98858
482.34422
482.07782
489.05897
480.93619
521.45175
482.88458
522.18449
479.40544
478.85723
522.48027
521.4623
518.86239
522.82615
479.47367
453.57524
482.43503
490.55987
483.55123
480.91962
483.71646
478.65659
451.6228
517.46471
481.75412
483.94577
478.39714
521.07413
520.48387
479.42974
451.87576
481.90264
483.20225
521.54359
481.51534
480.10662
479.15282
517.97694
519.79395
482.95511
478.46979
480.93132
491.90323
481.3372
477.88283
481.6377
518.82027
483.50633
476.0215
519.18309
482.01822
476.75069
482.16854
481.35638
521.34753
481.44894
518.72367
482.86047
482.39922
521.32993
479.56102
479.65299
482.06531
476.07891
491.16908
481.81582
480.96332
480.78921
521.0482
482.31954
487.30223
480.03697
521.26032
521.29004
481.36319
481.44164
480.36573
521.30554
521.3673
484.09867
489.78451
492.419
481.03756
476.70991
480.14912
517.91656
480.42302
481.89785
482.33798
476.85152
519.00807
488.32516
480.26416
479.29929
517.91499
482.6869
521.57832
518.74811
481.72515
517.92223
480.60597
479.48542
480.75515
518.23918
481.62646
521.94023
481.1211
481.70871
482.10798
481.06056
480.93377
480.44678
521.51295
480.54151
478.49451
485.68917
521.08219
486.80005
479.59677
482.34557
477.31256
482.20127
522.17836
481.80328
479.02185
480.69558
521.45674
480.93388
479.27904
523.8433
519.45289
481.06552
481.94055
481.29222
480.74881
482.55217
480.4805
521.71097
521.4937
482.07053
480.50476
519.53556
479.67957
480.77434
481.21867
481.31719
482.25388
517.91398
481.2219
481.39068
480.98439
520.85263
483.69876
480.45094
514.65589
522.10899
479.62321
478.88744
481.84728
485.20937
478.3502
480.88966
489.8271
521.97805
515.72425
508.96182
483.88029
486.81935
520.75517
481.04464
517.3983
480.37651
481.61931
485.03826
517.62397
521.82879
481.44062
481.82876
482.64307
480.61411
481.40727
479.95154
503.5084
481.38569
480.04547
481.60339
521.21188
504.59129
487.58751
478.69666
522.09838
482.24103
521.53127
489.0883
481.34466
480.10316
482.05702
521.82012
510.77403
479.53309
468.4716
479.39933
481.94238
521.37634
480.52896
482.0172
521.5516
479.65019
488.72872
526.77091
522.09964
508.00087
481.41832
521.61408
526.99729
520.31048
523.62383
520.95335
524.46077
480.78496
522.19862
486.17758
480.94125
479.19782
521.73844
521.71171
521.46637
477.06271
480.42872
524.61209
521.33241
482.6039
481.92493
478.45926
480.43431
479.12918
522.25693
482.15233
529.36369
480.73754
522.56802
518.78553
469.83399
522.12741
477.61545
519.72054
521.68233
521.40045
476.29189
481.31566
482.02338
476.88345
521.67467
480.85299
521.53376
521.39176
481.14512
480.79299
481.87774
521.59375
481.59382
521.31041
481.35279
482.40829
521.78371
477.19124
521.51902
521.67101
521.63391
481.91191
521.46889
474.66351
478.2898
522.46268
490.95137
482.39469
515.50819
481.70717
480.96791
506.36654
482.27444
505.3008
480.98291
482.62495
486.68064
520.76431
483.50474
482.56898
480.25361
523.72772
484.00135
482.45349
517.96268
487.26229
481.31728
519.04679
481.19096
524.83083
481.06883
482.20151
521.49856
481.73723
481.04433
523.43771
483.76479
480.87161
481.996
521.44418
481.82135
521.22425
488.01557
479.80806
484.13313
478.89969
477.49216
521.4278
478.81395
479.47522
482.79331
520.95096
485.11694
481.27021
521.42251
479.88884
524.93007
477.0193
518.68297
510.43791
478.40989
524.25179
478.93255
481.52471
518.7603
519.0734
479.0772
521.46027
480.90172
481.54925
506.86354
478.00598
479.68281
481.55136
504.98006
483.32579
480.20287
487.62115
479.18718
480.74159
480.9335
510.25903
488.20763
482.45764
480.27544
518.65803
479.72349
520.55376
524.14448
449.22123
519.37345
480.36263
480.781
522.17589
515.31807
486.25207
510.45828
505.93936
475.24215
521.51858
509.95573
482.03534
481.23159
481.67154
490.1403
486.7549
449.83639
480.68005
519.62317
522.95024
480.15562
481.49125
507.99839
433.99675
481.47462
485.33765
458.24558
480.14696
480.45432
481.7886
478.14044
504.74374
480.98779
479.35812
481.70141
521.7787
480.87492
479.15182
521.38133
481.0432
475.96107
526.77402
520.94113
482.96493
479.60787
479.88698
483.30026
520.89582
479.7809
482.44796
482.48008
480.22838
518.10743
482.83717
482.53088
488.37386
482.50649
520.94517
488.54412
479.52251
483.24851
523.93876
483.22262
483.45088
477.23582
521.03305
483.60078
518.45206
483.72559
483.64131
517.73238
520.9436
479.825
483.22026
520.98014
525.83057
479.43929
521.95063
483.35239
520.95515
483.57746
477.15606
479.73822
479.90428
525.65033
479.52667
487.89136
488.78373
518.98968
479.6372
520.90693
520.48851
480.61265
480.67518
481.01616
520.92795
479.47589
479.49123
520.45794
479.52202
520.38666
519.70859
485.01584
491.10744
480.91644
482.51569
483.67447
429.31497
519.62828
510.17866
519.53652
477.16587
482.31291
480.81003
483.88852
442.45345
482.03624
481.96028
482.90875
476.46285
453.85811
484.08535
481.36771
518.61974
518.51288
520.95877
525.0566
520.54419
479.4786
490.93004
521.54684
519.11746
476.39342
481.07155
483.59376
481.95916
482.04598
479.66124
519.59107
523.25652
518.04774
518.23197
481.43196
505.51894
519.36274
519.55255
515.57244
480.42328
484.26237
480.76487
477.35449
484.95803
491.37915
482.27974
483.11376
521.11347
480.53103
472.91352
482.3493
477.29171
520.21436
517.42958
483.64238
479.49411
481.29328
481.64469
518.94669
521.07446
483.13848
491.38326
479.33713
517.50205
521.11314
479.10904
480.52203
483.66161
483.50629
483.6432
520.96189
479.29781
483.10942
514.18843
521.02858
477.94897
520.9065
483.99683
482.16412
483.36159
520.96898
478.75559
490.39837
481.36064
490.71478
479.54817
485.17382
526.37514
518.34714
482.79452
478.55768
483.54323
520.6364
484.46361
520.80964
479.3929
478.21199
482.82618
481.64085
474.41969
472.5834
479.43494
480.94204
483.83682
479.66466
482.94637
518.0617
485.30187
485.63039
485.15653
479.73748
519.50622
490.57282
478.20776
483.34333
488.26999
478.77878
482.60604
483.95087
521.15283
483.68917
487.1854
518.8025
475.97059
517.75409
480.02622
477.60626
479.42606
483.00891
520.75093
479.47282
484.27625
482.40212
488.23118
526.4281
521.48267
477.99447
523.2329
487.59781
480.67011
520.33491
481.53689
489.37194
518.72928
480.3867
480.3083
517.87693
521.92953
479.85252
476.90863
446.64975
521.44739
482.82451
438.95877
518.95042
483.2036
519.86145
485.87678
481.75284
506.49741
450.37033
488.44922
477.43983
482.85054
483.52061
482.9876
523.14295
437.45136
487.42185
454.75156
516.95547
425.1233
513.2023
479.52942
482.38495
475.06707
434.85698
510.17053
483.8209
528.63048
477.59581
441.0754
480.76098
505.05539
507.67717
522.91371
480.90687
482.12925
490.45284
481.06996
437.58695
507.55417
477.4626
479.90129
480.19249
479.7024
445.47872
484.32585
480.64445
510.23961
517.40241
428.03435
521.13908
518.21802
484.96775
482.38916
520.99094
524.74568
481.01557
510.98901
481.74771
505.74185
483.70159
479.58825
505.40013
484.33659
481.85959
485.88525
482.48036
480.87622
519.39199
477.3462
521.54497
480.82971
480.35129
520.50795
435.67967
481.79004
476.94497
479.39614
476.43059
522.57954
510.42791
517.86008
518.73892
519.22698
483.09487
525.86201
482.55503
523.95745
522.20087
479.37698
519.94207
481.30293
521.99723
488.53103
479.39838
480.26973
522.56895
483.05135
477.02722
482.33247
480.54771
519.95671
519.01468
478.15586
482.23507
521.08749
479.04763
488.1528
490.54651
521.08683
481.61415
478.95763
521.05153
477.3545
478.73362
521.10042
481.31425
477.68905
520.95487
480.43454
483.60464
483.567
478.20944
481.23214
518.59439
481.00981
480.53326
523.89321
480.46574
524.3854
525.31841
479.33687
521.85179
480.536
518.46228
480.72766
463.39478
521.72011
479.99103
523.21045
480.23943
479.43914
478.74957
480.8824
505.8208
482.67099
480.02606
483.09425
479.80336
482.20904
480.24975
481.24337
483.40184
483.74279
488.02661
479.79915
485.76969
489.07227
504.74439
482.55679
482.89121
479.88721
521.63264
478.64207
518.54383
479.26046
522.86864
523.05177
523.62272
479.0873
520.5568
528.71747
479.18808
520.3717
520.98454
521.3094
518.84963
477.79339
516.87292
523.24581
521.44925
479.84361
487.85134
482.07192
483.03161
504.6509
476.91193
477.98989
480.11168
522.42053
485.64413
481.9921
520.97286
520.18098
521.47234
523.47738
478.45054
521.9403
479.58112
481.22164
482.76736
524.0578
476.42984
518.57433
521.04259
479.83179
481.9319
519.37735
520.9552
480.49897
481.23693
519.71293
480.26024
488.68297
482.05178
480.59827
522.19814
480.28749
522.24254
480.99348
478.17987
478.58078
481.41789
483.78733
523.44311
480.23716
519.4846
482.26155
515.6014
482.13459
480.27998
503.64597
483.35582
505.69041
440.45793
519.49938
510.51086
526.42518
519.92823
521.33906
509.99443
518.92883
522.52362
505.14973
520.70621
502.44412
520.92179
482.13029
477.03629
457.05979
478.96214
478.87361
480.29719
482.73533
487.30783
518.6727
481.26907
480.75417
478.07916
480.61331
441.98584
481.02798
481.05643
478.35529
503.80245
521.06034
523.98138
520.98804
480.32282
527.53568
503.40358
481.63884
482.65275
478.04376
478.4317
430.4322
434.14573
520.36392
479.98588
441.79639
514.61288
478.69058
481.81906
520.07931
482.04548
520.74247
522.32105
482.52782
477.51934
476.23412
481.38816
474.25674
439.67131
517.72127
489.44967
482.29281
481.04859
439.88998
479.78964
520.88321
499.82422
521.73502
521.25622
520.11238
487.92799
477.10128
504.86556
478.89127
476.89539
520.88709
520.12615
483.22228
481.74705
480.84751
482.86816
482.20458
482.22511
481.09606
490.76027
521.33762
521.28766
478.88148
481.24716
518.96508
481.59071
519.96797
480.46024
480.93232
482.95653
484.86751
480.87002
520.77175
518.78643
527.8733
509.91358
476.89388
480.22159
479.38065
461.81711
490.50329
439.9951
480.87295
511.15856
481.338
480.25531
481.58055
520.78636
520.50971
477.65687
488.80982
520.83329
481.1107
517.38729
480.91243
521.07661
481.95615
483.03831
485.27003
474.17739
522.69488
482.15373
523.64682
470.70293
526.87449
518.18619
517.47638
480.75203
518.39484
481.54323
483.0231
481.70359
480.9874
481.08839
481.85721
481.98084
524.90097
520.81313
480.73877
480.93536
481.24079
482.0421
498.13903
481.50871
445.10139
505.86925
481.75052
438.90929
428.53171
481.8133
434.80283
482.08924
481.46856
520.87921
522.60923
481.33672
520.42111
507.84679
480.98892
481.77962
523.65254
520.91777
519.77079
477.66339
482.11944
481.95745
519.15777
521.7933
521.06857
518.37184
521.02213
481.22128
481.10586
483.38266
481.66223
480.01643
481.64165
507.77848
480.52203
520.82631
520.8927
481.00595
481.03911
480.96509
481.7936
523.42347
520.88262
520.93281
520.80768
520.89977
520.81085
487.56008
477.41428
477.86502
527.62734
481.28656
480.16175
481.26104
481.39809
481.4832
480.74957
520.82421
453.84204
481.66722
519.76936
482.22117
481.39975
499.64168
482.36886
520.94307
480.25711
519.42708
477.67088
480.85745
480.01615
482.23385
522.5496
520.86557
520.98489
482.411
520.78031
482.4865
481.39619
520.82097
481.10416
480.45362
525.86951
481.80185
482.39039
520.14048
520.05337
518.84006
522.81873
507.83621
523.7149
482.69687
521.93815
481.21558
477.7317
482.23002
524.14634
481.08084
523.90691
488.40585
519.88562
487.00367
482.04398
482.40516
522.53341
453.5495
482.60819
520.91451
520.94575
480.83397
517.95212
478.1193
520.93721
485.84873
481.54922
486.13432
522.87621
519.74224
479.77879
480.38518
477.70612
483.34574
480.55743
480.42939
480.6412
520.89009
518.42123
482.44338
480.11872
480.70299
482.53166
482.30067
487.19441
480.46547
480.34812
482.05819
481.97561
481.92198
482.10203
520.91683
481.16954
520.79549
520.83128
428.74861
479.65122
520.86568
481.30796
520.82499
520.81575
520.86513
481.84979
520.83216
480.91598
481.21263
520.88425
520.80383
480.96257
481.86631
480.64694
521.41533
480.63438
518.97201
479.78904
473.51531
519.71047
480.80486
482.21467
520.93704
520.91719
523.83794
518.15803
519.17487
520.89942
482.6828
520.82379
520.91614
481.94515
482.44454
520.92177
520.90988
480.60182
523.96507
522.94367
505.75553
521.01069
440.13098
481.37758
434.94619
506.6081
481.65968
508.19144
518.22044
481.99713
481.38265
508.25404
518.99417
481.30734
519.22058
520.83098
489.26896
481.55863
520.90889
519.41919
478.3897
482.3398
480.29585
482.63866
428.53242
482.30725
482.22273
453.94001
481.7506
483.59041
482.74016
481.22432
480.96743
521.01198
479.00783
518.52805
481.60597
484.05846
480.89827
482.14349
481.77407
521.38686
478.17854
521.20412
481.28564
481.52962
481.32282
521.30914
520.0452
521.41143
481.09741
481.06207
440.91496
522.45429
481.33886
481.55379
520.96889
480.99071
486.31723
434.72004
482.18611
481.93885
499.55536
507.82553
519.46559
440.9539
520.93967
482.8143
445.67573
454.40244
521.69254
481.56729
478.9062
507.82659
480.94093
520.92341
481.20325
518.70472
483.51475
480.43956
520.8921
480.84812
519.74551
481.815
521.27435
481.51864
481.61924
481.91891
481.54373
481.23129
521.16771
481.28938
481.65456
481.55248
520.93172
481.3012
520.85237
427.98852
520.82652
480.53167
481.04589
521.347
519.28048
521.32908
499.35102
481.41422
521.21768
481.6841
481.57987
481.17369
508.13522
481.74808
519.96146
481.27377
520.80481
521.00776
481.4546
521.2812
481.04672
481.91799
481.89033
481.29254
481.919
480.36392
482.24461
482.45499
482.31298
480.96563
482.56979
480.39016
481.75598
520.96164
480.29538
482.08928
481.19125
483.03393
480.77243
520.96134
482.33557
480.65438
520.95603
521.02871
481.86786
481.47356
481.43102
481.99547
520.96465
481.89943
480.86466
481.80541
520.95151
481.06941
481.0606
520.98271
481.96162
465.53193
481.3577
481.19927
480.87345
521.13804
481.86717
505.80554
481.56494
521.33526
482.6482
521.03962
480.46378
520.91365
520.83809
520.98285
520.9428
480.90815
521.16748
520.95987
481.0389
521.15782
481.41081
520.91761
520.87594
481.33197
481.39026
520.83665
481.54807
521.23383
521.06423
481.33717
480.93484
481.38476
520.82675
521.2973
480.94209
482.50547
481.52214
521.14271
522.01761
480.78327
482.36186
521.20913
482.16751
481.00716
478.15609
480.62031
482.64914
490.23023
520.86996
483.09726
482.83967
480.14289
482.80535
480.24302
482.94519
520.86684
482.89488
480.32856
520.88856
483.16714
520.98635
480.10029
520.91319
479.76533
521.13136
489.93078
480.98535
521.07973
479.51559
483.99562
520.9314
480.06777
480.10554
520.48951
482.54429
517.82997
482.78432
479.92251
479.93531
487.22057
520.86863
480.2427
520.96281
521.05546
482.75595
480.15761
521.95541
483.81333
524.16075
517.7015
525.29402
481.22617
482.52276
520.0925
477.0964
518.10162
486.796
482.53145
479.71842
482.91807
482.90888
481.80245
518.6256
523.49383
486.86931
480.93923
480.7416
483.82752
482.33795
483.07474
480.45016
480.32
521.42503
518.79997
477.78013
520.93621
480.84031
520.84264
481.17389
520.95633
478.32637
480.2248
483.24389
481.45926
517.71122
520.97856
481.17137
479.60286
486.89664
483.36219
479.66908
483.82766
520.99655
483.18831
479.61495
479.75315
483.40189
523.65164
518.68395
481.35361
481.65022
487.2644
479.88339
480.55993
521.14148
516.04135
483.24948
520.90736
489.62142
483.08957
483.25927
479.73719
521.01203
479.9334
522.18246
481.74819
481.18063
521.1877
483.25933
481.03729
519.56703
479.85578
480.71433
483.1458
520.28685
483.3658
521.67837
521.03019
479.59857
479.72652
479.69404
479.65549
480.74818
526.38281
482.75023
481.01677
479.62102
520.96246
520.90434
451.97386
482.49611
520.29027
482.20024
479.35151
526.15985
521.47185
483.80415
483.21803
523.34388
480.64284
523.2491
481.27217
481.50438
478.20334
480.76316
522.25566
486.73331
504.20371
517.77622
484.61579
520.52353
478.30969
485.63244
484.87044
482.52896
481.12663
523.03577
482.64568
481.16344
477.05497
481.17511
480.06254
524.18657
483.22668
474.77351
517.94544
485.39085
481.00511
483.03494
518.63409
483.39849
524.85609
477.53838
488.88068
481.38831
481.69606
518.78533
518.06767
485.19571
484.76734
518.10071
479.21221
480.28048
480.09186
479.10205
476.72724
518.54964
487.36521
479.34547
505.08024
489.6759
514.62507
477.60407
478.9267
484.16818
481.50193
483.68435
518.5995
480.41131
451.72921
487.22492
483.76559
482.61808
522.21241
488.70817
477.28872
489.487
520.04911
476.83611
483.14235
521.79925
488.69078
479.92557
522.07435
518.67774
521.2269
517.714
521.03702
485.52236
479.75215
481.7606
479.81185
479.56861
520.90346
480.85057
478.80765
519.00544
521.03487
476.7347
520.60111
521.00086
483.79175
478.7583
485.54299
520.90599
483.40115
482.44738
480.06548
521.03178
481.55984
520.19781
480.06532
486.90893
482.59837
520.94142
479.66792
518.06907
521.1678
483.3253
482.48484
479.88003
482.76901
520.98324
523.53426
480.15473
520.97422
482.9685
477.62042
485.34691
510.67758
519.36131
480.25154
517.73211
435.14929
484.83928
488.78471
482.52019
517.08398
485.92805
483.07419
510.49641
478.48645
477.39744
523.35943
510.6397
479.77919
479.01691
480.81392
518.82277
476.9678
517.82868
478.46912
487.80675
479.16828
482.24254
519.47238
517.76788
483.10842
522.70021
489.87913
479.69558
482.75903
521.73312
481.78956
481.47014
476.68675
480.88888
481.93143
521.01385
519.42695
519.95308
520.99917
514.32667
481.03413
517.91942
487.42561
444.01264
519.24331
483.13006
479.33717
487.53799
481.0186
478.09858
481.75943
480.98129
479.47479
483.2232
511.39369
485.51553
519.14676
479.41367
509.46878
481.03755
519.25193
520.91314
475.85687
481.67729
483.07074
487.15849
481.31282
483.78892
524.30237
518.39882
478.90678
490.10335
480.79175
518.66821
525.75275
475.89942
480.08324
518.58274
485.77814
520.97099
518.00368
485.46435
477.54659
485.61148
483.33644
514.91822
517.91458
488.23255
483.26536
479.92103
516.70932
481.15293
486.97454
520.93935
478.7001
481.38655
486.54336
481.27853
517.88134
487.98481
480.54454
482.71349
480.93419
481.14493
485.24342
480.72802
482.70118
479.9804
479.24822
481.50604
484.29461
481.86437
480.93783
481.91307
520.94081
480.73058
519.73207
482.87663
476.5097
488.24956
497.73206
482.96831
476.50762
479.64647
480.29638
478.35104
518.49531
489.65773
517.76944
520.99413
520.91138
481.16254
436.91161
479.74216
514.2022
485.05315
517.96946
482.72906
482.11142
521.07301
480.86609
520.90671
518.37568
521.29658
483.5812
520.89254
480.86626
481.30963
520.9167
482.69816
517.86453
476.99312
517.97895
477.53455
482.73793
481.34326
482.55331
486.96529
517.87782
480.63658
480.66193
517.59106
481.81819
525.73026
481.2185
482.02878
486.38281
481.65603
479.29033
525.39571
482.95435
484.47348
518.50677
483.0353
477.48618
486.48418
486.94161
477.37124
484.5877
480.75751
488.43658
517.84355
482.5255
521.28477
484.40569
481.7615
488.14416
481.33992
483.59025
481.28489
472.8019
517.89065
478.95657
484.91707
481.03599
514.995
481.66
524.23052
482.94799
480.89391
480.43864
518.60193
520.86523
518.21314
482.97374
481.10864
504.4817
479.56282
482.96371
442.20177
481.39558
480.77762
517.875
524.26349
481.93955
479.89346
517.80453
520.93785
480.64875
481.82431
480.75909
480.22897
482.17844
481.3486
480.58186
527.666
526.60433
505.80001
478.95096
522.42396
525.49406
482.11548
527.86247
519.84403
479.89346
524.79554
478.9119
481.847
520.92259
480.72794
485.12534
481.7048
483.18289
482.97857
483.03532
481.20857
478.48917
481.19708
482.09955
520.88594
482.47121
525.68065
520.92049
480.66312
482.47513
481.27343
482.41014
520.61181
478.68571
522.0908
516.69394
477.21709
518.898
519.57079
478.39562
481.34423
480.73815
482.16752
519.25039
521.09989
480.44554
480.25047
478.73577
478.27651
518.8306
478.95231
499.43754
482.28449
499.44459
480.18475
439.74046
520.93847
481.83957
440.06318
478.30215
433.96292
477.05761
478.98427
476.34113
454.05098
440.49575
507.2227
518.93532
522.56978
480.00688
482.2064
481.98967
517.30342
445.93152
524.5754
482.05342
482.62585
478.12595
518.97359
482.1617
482.30052
436.32583
486.02611
523.8524
481.58053
519.14941
481.49925
521.50651
481.68624
462.83611
504.65649
454.69439
482.30545
521.94193
478.88122
480.39243
486.65809
482.07082
518.19984
518.73142
481.8625
478.39394
481.20967
477.50305
482.19507
481.77978
518.51161
480.77106
521.50985
521.44476
481.14946
482.14379
519.40302
480.87703
478.02417
529.43639
519.24488
521.52499
520.71168
482.62536
480.96403
481.00492
480.37376
521.24749
519.8035
521.57037
424.93754
518.82806
519.78331
520.8238
480.42877
480.5442
519.08152
437.72875
481.12189
488.53509
481.15755
519.20628
520.1702
481.57301
520.26983
520.72283
522.9672
482.56779
521.7801
521.52405
479.50072
478.75433
477.39488
480.38035
481.81824
488.32236
524.05144
478.92249
482.09676
520.66609
482.82191
481.60576
481.47298
527.61448
478.70012
523.36604
490.20616
526.41121
481.16945
482.41448
478.11159
473.12661
481.67934
479.65326
483.39469
482.07434
521.91976
520.82634
481.49017
483.35671
480.59267
482.05331
486.92015
486.66047
481.17261
480.60318
521.01126
477.4135
482.10338
521.5667
483.18295
483.31965
521.36772
482.29213
483.07822
522.49646
518.25707
479.69769
481.27186
477.94528
482.64229
485.25169
522.31948
480.55378
520.17867
482.8308
478.76836
518.92215
518.16381
520.82574
520.87019
526.48805
525.50675
520.9163
481.74836
477.60506
474.5905
481.89506
477.9085
521.644
482.22025
481.46538
477.53419
478.80028
476.6305
525.12441
481.12247
482.61504
482.76505
475.04399
477.6609
521.27867
480.49278
481.426
483.95334
483.87166
485.2265
479.11041
522.46325
473.29868
482.70342
478.82642
485.41053
480.80834
525.78372
483.7316
525.48738
478.36184
481.23424
477.80874
482.41101
479.86431
520.83678
481.66133
521.88269
480.81
520.62181
477.34078
481.8255
524.26952
480.51418
484.25119
520.83865
482.05971
519.5265
522.3551
482.96815
520.17746
482.48485
518.29457
482.87873
476.47054
520.9837
523.81303
482.06141
480.79993
484.38935
481.27249
473.29657
483.11776
524.04414
478.44046
520.42379
523.08695
522.00573
479.13571
485.21927
487.0657
482.38248
484.71578
527.20894
482.23179
521.09356
521.273
479.76506
476.09768
488.61142
486.39253
488.14769
483.51233
482.67548
485.07138
526.00868
480.21302
522.75999
481.5528
520.88574
444.01821
484.05398
479.32792
488.27601
523.20799
478.16818
485.83978
484.11577
488.32139
520.68235
475.79599
520.22245
525.56058
524.88682
523.20175
523.725
517.53151
490.95797
519.23114
521.48644
525.22339
479.49143
478.66926
518.56197
482.71816
518.78965
480.19489
506.57672
481.54567
521.37359
479.65175
521.65104
514.02151
482.93047
483.4383
523.69229
522.03873
478.29775
483.93749
479.07283
522.94183
503.42953
520.68836
481.05168
474.47252
480.07562
483.71419
522.23585
479.70267
483.69717
479.18951
481.5981
521.5791
476.57159
524.59489
477.79089
484.62855
521.88
519.21767
481.9583
477.99786
481.64253
518.93975
483.82072
480.58608
482.98917
490.73998
506.15841
482.57027
481.59664
479.40542
482.88031
482.43496
483.1764
456.88875
490.88068
479.50946
482.46928
479.56673
487.9347
476.74975
482.99103
485.59541
518.43767
517.74855
453.76642
483.92055
483.99407
510.16865
479.40696
480.2039
486.49263
456.0909
482.01365
517.34245
503.93879
477.07114
452.97369
460.06617
510.00256
480.40646
482.21585
482.20776
521.79431
485.07709
503.59646
480.78808
479.21557
487.46688
484.18978
522.53473
523.32482
522.96467
522.76931
480.90888
521.86139
518.90009
478.78653
481.98928
488.08069
519.00603
479.45012
484.73851
482.52153
476.5193
518.79754
479.45903
487.62832
482.61682
518.68807
525.28677
482.44307
518.20854
482.03337
480.54509
480.05645
518.269
517.74919
489.5237
482.80668
517.93624
480.99927
483.35295
518.10677
517.69178
518.5912
479.25408
486.7672
518.72577
479.23503
482.01564
514.45387
445.89095
476.88841
476.26892
525.25469
490.38402
476.62848
480.96471
479.45265
522.26512
488.94433
518.90285
518.10655
517.80117
483.38336
524.12506
483.29588
480.58978
477.50481
476.72251
481.13473
479.81362
482.13005
487.39922
520.24433
482.36607
482.13719
483.20216
477.66283
480.72424
476.88056
482.43828
476.3205
477.75589
489.49484
478.80493
476.70294
479.21679
481.17755
517.95913
520.80457
479.70332
480.51003
520.92041
518.78362
525.92129
481.10638
485.49729
477.57042
485.0083
482.89511
476.68316
476.74913
521.05851
478.73707
525.13625
481.74378
480.8431
523.10199
480.5817
519.31241
517.74423
519.8328
479.46654
518.00407
488.26386
514.31108
488.03726
483.51148
487.67246
480.31909
481.53582
482.55832
481.52934
483.7238
481.56781
481.79991
482.57782
479.94945
485.125
525.87668
477.40423
518.06505
483.99582
480.03815
477.65641
482.16014
482.30613
473.85714
520.16441
482.19997
518.08003
486.68369
485.03859
484.10332
481.01435
477.80115
479.27647
482.43756
481.57832
522.59639
486.52228
481.42876
481.96449
518.7458
518.6321
477.73233
525.51092
479.3622
518.14162
483.81709
481.16746
481.19275
486.95554
521.34356
482.5388
479.31018
478.80219
490.87171
481.70529
481.39919
524.67276
482.21052
518.50411
484.99888
510.20181
474.18791
517.24071
520.44107
521.89222
525.03756
490.29349
483.207
483.98825
520.85167
480.79719
480.85626
521.11987
483.45185
482.31848
484.285
519.28787
482.86708
481.96722
506.06357
483.45994
478.48919
482.8736
523.85965
480.74378
481.19373
481.51073
478.12579
519.03943
476.84077
504.72042
477.92742
518.07407
487.68297
520.25012
507.1558
524.89214
504.60482
517.90762
480.69041
483.15875
527.12588
521.05435
519.80876
480.78689
483.64672
519.80288
477.63173
481.08675
525.93526
476.89082
517.8323
518.22908
518.51769
483.22211
481.19402
482.27062
478.01501
483.97202
482.82123
477.4079
481.70032
480.14027
519.5444
524.7037
484.0844
521.30321
524.35813
477.2517
480.71996
486.74723
521.1989
481.9876
520.97158
484.74786
519.92185
517.97943
476.71659
520.04928
482.83101
480.4936
481.23336
478.30292
481.32528
482.7211
525.77932
486.47264
482.0546
481.09278
487.66583
525.91119
479.1376
481.21832
517.91741
477.67031
477.13024
476.407
519.11969
518.07017
518.27045
487.42561
480.99812
525.44347
525.11512
484.3132
485.74563
480.08493
483.01767
525.68901
483.28216
520.82307
517.97021
480.27331
482.49425
518.18506
484.21011
482.61573
482.1712
477.65146
482.61469
480.24864
477.2897
482.0359
482.42251
482.74885
481.34792
481.4538
482.59396
487.01169
481.54467
483.46428
479.71797
522.63626
487.6625
520.97348
483.19643
477.28655
521.95968
521.57871
483.40268
523.92307
521.2989
521.23195
472.57663
520.8486
481.75172
520.65785
521.39444
476.08337
478.78762
485.79371
484.56668
482.5237
520.18617
481.92132
485.62294
480.62246
481.00346
478.45267
520.29714
477.95729
482.33908
481.63669
521.49551
483.52696
481.234
478.73741
522.13403
482.18042
521.4073
482.31789
521.15204
523.80863
479.42823
486.0789
519.76562
525.15002
483.32444
521.29839
481.65662
480.29264
520.03433
479.43401
523.00255
524.89359
524.61884
522.04373
477.92855
480.376
521.14282
485.11657
481.15988
521.99408
522.31319
479.77264
482.0397
482.44813
477.57674
521.35273
517.74007
481.47887
526.0323
521.2342
521.90332
481.44117
518.06731
518.00037
519.07874
478.6326
480.04654
472.35821
488.15995
524.57995
521.03905
521.61591
480.20329
525.54873
480.46237
526.25831
477.41415
484.68062
480.31838
522.45776
476.87589
479.2392
489.42282
480.49456
522.58342
478.41494
481.47062
518.04543
518.22185
483.32638
482.94304
522.33217
484.86943
481.14284
481.26607
481.78855
519.11521
482.63243
483.90158
527.48226
482.8428
521.09741
480.34667
520.7793
482.26482
520.72346
480.83221
482.67465
520.79357
524.77388
481.59027
485.8844
519.14992
469.23856
454.532
485.66345
483.02958
484.10306
482.57453
519.57688
519.5084
517.31581
484.53279
523.64822
480.55282
481.82435
523.01813
481.54843
477.57485
517.96738
526.17175
481.51773
518.18547
476.6188
479.96173
521.99685
487.54097
517.66429
482.20185
484.05789
481.29761
483.98428
521.0964
476.504
482.09375
517.8387
482.19039
482.68525
518.29372
488.57618
478.08844
526.95253
481.33927
477.70298
476.99235
520.46537
488.8161
477.88243
477.08209
525.85415
479.69561
479.58934
522.8463
505.84336
481.12869
518.4466
518.10985
488.47271
481.02353
517.76501
476.71989
486.35651
479.68847
487.93772
482.05507
481.08201
478.22032
518.39258
492.29764
478.25391
480.74757
485.56585
510.06019
521.38862
518.74625
474.18948
524.11306
477.62662
507.28957
479.3192
482.78367
517.90095
482.7234
488.00163
524.95174
483.57438
486.81861
482.94689
482.41322
520.82021
481.69121
483.08877
482.85471
477.36929
525.45815
481.56392
479.33658
482.48039
521.15121
518.12949
518.02838
517.92801
479.22106
489.67742
481.71657
525.7969
476.73127
521.01555
440.24909
518.68762
520.31037
480.08548
484.88712
482.60379
477.66395
521.00178
482.09984
517.80649
521.12392
521.32749
521.17469
482.05255
480.34576
526.04113
517.95155
479.99922
482.75541
486.3971
521.12309
524.30148
480.10172
479.19925
480.14986
521.32927
483.60908
525.88754
480.34685
521.17842
482.7314
480.57826
520.96353
479.89729
521.04749
521.02656
480.36867
482.59185
482.49688
482.35082
482.59866
485.61516
480.01682
484.04699
488.51947
517.71647
488.03151
482.4669
521.90626
519.83785
518.76983
482.60161
476.69381
479.79508
481.15569
482.04968
481.33081
480.25778
521.05189
483.00495
479.91971
482.65848
483.25955
479.96816
517.0581
523.32271
519.5963
517.84403
484.44248
488.00877
482.24721
481.58346
521.02358
482.68651
481.21054
489.50784
517.77959
482.59183
477.50431
482.41552
520.98066
480.51916
481.16278
482.43554
521.1484
483.51448
524.24692
525.79457
482.94457
480.65063
517.85759
480.53509
523.82034
481.36488
480.71632
521.21176
480.98435
480.12403
521.07115
482.7616
481.05759
483.13925
519.95131
520.18082
480.64145
481.99454
518.06334
521.88548
482.20663
483.22737
521.14475
482.3792
482.9286
479.15156
520.40202
520.65687
484.13271
520.89785
478.95855
520.96768
482.51865
482.56644
521.01635
523.26511
480.36665
454.60682
524.74234
521.25035
519.50208
521.10103
483.38219
521.42908
476.10166
483.17141
517.70003
476.54461
481.0681
518.17042
519.41487
482.64393
519.11527
505.36647
479.78229
481.37754
482.471
483.04791
478.1021
481.10028
482.9065
521.18092
483.33831
518.07958
452.16382
521.37844
477.7274
505.4343
520.81129
482.34395
488.38496
451.56966
480.69926
482.15153
520.28791
480.05283
502.74779
481.1242
480.88771
481.15401
521.05512
479.53169
480.29013
474.12447
519.75522
518.05033
521.03277
479.76299
523.06961
438.57794
481.84532
483.24389
521.53257
523.13405
521.30788
505.08707
484.08635
484.46069
486.60058
480.97297
483.71018
481.47548
482.64355
486.95792
479.74242
484.6755
482.03951
518.85371
511.02144
425.50045
482.02031
523.91945
479.64952
483.22856
517.48645
523.93054
482.86853
517.85023
526.13301
489.24884
482.98469
480.09805
482.01407
483.10346
518.30329
505.70483
480.95161
461.05804
479.74833
482.7059
481.67275
481.28856
487.5648
475.55496
483.2998
482.07748
521.70803
482.20527
481.5723
481.97349
517.91416
482.48994
479.83463
481.40737
476.81463
485.3717
484.91077
483.74927
477.17588
476.3661
481.68487
520.0989
506.18448
503.97315
525.61587
521.28086
477.91335
482.44095
479.66271
479.01936
477.99878
522.40302
519.93241
484.16908
492.97086
481.79111
479.59908
522.1393
470.60143
517.64292
520.98878
480.60197
504.23891
524.78347
522.88426
519.50756
510.19054
518.68135
517.09685
477.57829
480.70632
481.2506
482.21093
479.50192
448.71818
490.90834
519.54944
506.38316
479.71981
480.97369
505.13393
477.93073
520.60028
481.86038
481.45161
477.91274
510.92857
519.20138
482.34708
481.78271
482.14606
478.07038
510.64807
479.51105
480.47212
482.24462
485.08641
521.03963
481.94146
518.18482
480.78663
482.42221
509.95764
521.27175
480.76166
479.95411
480.47269
455.48289
481.11627
519.48836
506.93954
481.76199
482.1983
523.74922
482.76365
480.44529
477.19567
480.80936
481.93767
520.88803
484.71169
520.07893
480.64667
525.26537
484.52987
481.20085
523.65945
474.37747
491.28385
480.43098
482.53525
518.0644
481.32783
483.79915
526.90556
520.85231
480.423
520.979
521.06201
520.75713
475.71204
522.37804
483.86094
485.64823
479.82627
481.01821
483.34071
518.72387
521.87828
480.4662
482.18506
479.17667
519.71593
521.28653
482.22521
521.12312
480.49424
481.40377
479.35062
482.99179
480.25846
481.51964
483.09432
482.11116
521.12079
522.15577
485.58701
521.06984
510.38262
477.33875
510.19775
477.13829
485.68415
525.92654
521.38375
522.8263
523.60009
479.47472
521.37089
528.53506
481.04078
482.22571
525.25592
480.58451
522.5671
521.50132
521.20457
480.50906
480.21555
482.47879
521.31953
479.01619
521.31663
520.99964
480.54854
521.23027
480.56654
482.42966
521.81655
475.72485
481.46842
479.5507
521.29546
482.6899
481.88544
482.51341
488.38624
482.47399
521.40991
480.46042
521.06108
521.22766
525.82805
480.52226
482.42366
482.22784
474.5128
520.8786
480.68411
524.66313
521.66612
517.54619
521.59959
481.5301
480.96705
481.3813
521.53056
485.10407
482.06652
481.45993
520.33785
482.51888
521.34397
520.59681
478.52543
481.57656
521.04174
519.81526
482.3922
450.51823
481.185
519.83272
484.36773
477.5834
483.68429
479.78135
504.48121
480.7037
480.54139
521.33771
522.65355
481.18221
519.16984
482.02218
482.46558
477.65279
453.20195
480.98918
481.22221
479.72217
523.9607
476.98454
479.5522
521.57752
481.55454
474.66333
522.09807
522.6653
521.69552
525.41657
477.42608
486.76111
477.50762
488.859
481.88297
510.13527
519.05467
518.12277
479.48175
491.42026
481.54516
487.20339
481.70921
517.77213
480.07218
481.07804
480.82784
521.60641
481.02628
519.05772
479.15125
480.4435
477.0043
480.37765
487.70932
478.05276
477.98242
480.36545
505.45121
521.75134
479.79908
523.26648
521.22409
519.88457
481.98805
480.96734
481.32074
486.33087
484.4634
481.64694
480.57363
476.99235
479.04876
477.28088
516.84159
518.23959
522.46227
522.66691
478.96802
521.87397
478.69998
480.80263
520.73999
479.82008
482.13954
520.41682
483.34597
482.82608
480.33374
482.20883
521.70821
519.17561
479.6301
520.91739
480.36403
525.54101
483.54178
481.90244
483.24569
477.19175
476.25438
521.24922
523.46625
526.27757
482.00376
521.35115
521.34626
518.7086
480.24602
476.95999
523.85832
477.98426
482.69061
521.26211
483.74114
519.0679
481.79027
477.71207
525.43922
520.31836
521.36168
483.34601
521.44053
482.26656
478.99224
521.43956
525.10204
482.61935
521.46578
524.39221
525.40287
480.46941
522.1159
481.85789
480.60128
483.58546
480.95452
520.35957
479.32174
521.48128
480.48341
478.57138
525.85837
520.1744
524.85191
472.17935
482.33485
483.3535
480.51526
482.26812
521.04293
481.81117
480.24949
520.71886
521.48085
524.70816
521.54771
519.14612
482.07288
485.23723
482.05387
478.14612
478.86417
482.36728
520.86945
481.01815
480.3548
478.19189
483.32749
486.44854
524.71815
526.25396
521.5703
487.19346
477.11406
485.03515
481.63219
520.85916
518.70357
521.09409
520.26206
480.55964
484.03048
481.86184
517.6203
522.09168
476.96652
478.45723
482.27182
481.91157
481.37955
473.47009
519.36644
479.34402
481.61922
519.14804
475.986
425.44499
520.64502
481.86404
520.98997
497.59907
506.83844
482.88101
482.2139
521.18108
481.43019
481.92681
478.88083
480.85299
475.21796
516.53911
474.12162
482.4378
519.11924
505.99112
521.31676
481.57899
520.85943
519.79703
440.4339
520.06876
445.60523
506.51996
518.01669
486.00397
481.91218
481.70058
483.3005
482.39212
479.22086
480.35179
477.91831
453.47368
453.51572
481.64112
470.5206
519.35177
518.13702
488.77596
519.92669
436.09699
481.4585
439.50827
505.2251
447.0521
476.76315
448.95283
477.74986
481.74443
480.83156
510.07756
431.809
480.93805
503.77707
464.69879
505.41274
503.78352
485.96716
507.08419
477.44681
458.28824
480.63258
482.43152
483.95147
521.23185
489.29519
480.91245
517.1995
523.42386
477.35629
486.49835
482.69377
480.86375
480.23401
487.12334
480.91342
479.95593
522.1166
481.45683
482.44029
520.38634
482.48975
518.97103
523.22355
486.631
483.1395
480.62341
444.98871
521.87231
481.53834
487.37672
521.66129
481.00778
445.64011
517.8625
482.31697
475.5731
484.1214
481.18132
482.87174
522.22166
454.71199
482.15512
521.62796
523.09815
521.53225
482.49458
479.54527
519.82303
480.83571
482.5583
477.49979
523.5234
521.56614
519.10469
480.75392
521.60763
481.35322
479.44899
481.88641
481.74265
505.87806
481.77994
526.02509
483.2755
482.34347
520.81511
525.93514
481.26905
474.53358
481.89157
522.22633
477.53704
480.79965
518.52879
481.55553
477.42082
485.69689
521.53807
480.67656
521.63856
520.15055
480.44232
481.93578
481.95947
519.65862
521.31085
483.38275
478.62601
521.25686
481.79377
481.81035
478.82268
523.84556
521.10238
480.51823
520.00173
486.58405
520.06183
522.69321
435.5011
499.56756
428.75765
480.69548
481.7828
481.86572
519.36693
520.28578
487.32545
507.78941
428.58639
521.75069
518.13889
482.12786
475.922
483.01241
478.87078
480.53607
507.80296
520.13879
518.71495
520.66028
477.43243
520.19165
521.84954
526.24419
523.10846
481.73546
523.45288
481.58441
482.14021
482.05633
480.7485
480.56525
487.59445
506.04025
480.3843
481.5308
480.53832
480.92756
521.68346
521.30004
521.53975
482.2515
482.05595
519.04904
520.76079
521.68437
482.02682
484.31315
482.10381
481.62732
478.90556
521.64322
443.80671
474.97279
481.69513
508.0469
521.99023
481.63418
481.32346
481.625
521.92968
521.73635
480.96315
483.12506
439.2831
486.69288
480.88151
522.70911
521.77517
481.44383
445.7811
488.06524
439.50422
479.5708
480.66573
521.35322
477.26091
521.40369
481.85713
482.2075
480.35145
520.31875
482.20464
521.04864
521.35031
482.17485
483.43462
481.58088
521.17984
480.65687
521.83629
480.93462
479.33744
480.41051
480.84959
480.84029
521.68635
481.92543
481.06217
521.26129
481.22929
521.38053
480.41868
483.07849
486.43514
481.87818
521.53107
481.5729
481.63797
480.51254
481.98992
480.64479
519.58277
522.3828
521.13886
482.06488
483.58268
484.2383
521.2742
521.51604
482.76644
480.47924
482.26414
480.74442
489.55988
481.60825
480.60758
518.35255
482.06892
521.18126
521.14885
481.48854
524.78276
482.19672
521.21859
482.04046
482.31632
521.35598
480.80859
521.20345
518.96741
519.60401
521.12367
521.63786
480.5414
480.26573
521.43835
482.55663
480.46113
481.59431
480.9903
491.11632
480.99412
480.77309
488.18945
521.25121
480.89325
479.75766
480.77853
480.7844
521.24458
521.46162
517.8031
481.48192
485.50139
521.35158
481.52316
520.90303
481.3896
481.10887
481.74669
521.33642
520.64531
481.09871
481.08474
520.92693
481.69032
520.8894
521.42383
481.46086
482.09042
520.99108
481.6035
480.24335
521.17805
481.9719
517.89663
480.46775
518.09511
521.2896
477.13353
521.29477
482.17804
484.62575
521.30004
480.97707
440.88989
481.02195
480.90549
505.81725
483.49661
481.95973
488.40106
481.87229
519.38015
507.96647
521.60654
519.6977
521.52939
481.79591
481.38676
481.39098
481.30202
481.39632
521.28039
481.32291
521.38145
481.28174
480.20489
481.27919
481.5674
481.33107
481.18336
481.31155
481.20648
521.53809
481.8366
508.12685
521.82318
478.91607
481.3122
480.71229
480.85488
480.67872
480.40993
477.3775
478.91478
478.49538
454.58403
481.29926
481.6601
433.66087
438.47127
444.02007
481.73449
480.18047
427.32002
521.06746
482.37043
481.92948
478.42203
479.19721
481.2753
521.44985
481.42927
521.58464
481.40055
521.18288
481.26607
521.26216
481.4424
481.27802
521.60827
481.59268
481.142
521.11559
481.20814
481.36526
521.16287
521.08511
480.64954
521.21558
520.8674
519.51066
480.94637
499.16474
481.20368
481.3192
521.15222
481.59179
481.33754
481.19615
481.24662
481.43039
521.18038
508.23266
519.6402
481.46768
519.53012
481.21915
433.15177
481.33951
480.14172
505.55754
433.48937
521.03479
478.40865
521.17991
482.17874
480.97107
480.5875
480.9341
522.85756
521.11723
481.8333
480.1688
481.62275
520.73201
521.26963
482.10236
481.62336
481.32318
521.18763
481.62997
521.2684
481.27922
481.51465
521.19498
481.2761
481.47739
520.86817
480.05491
521.33684
521.40077
482.31908
481.35769
481.2902
481.50894
480.70181
520.95353
481.03571
521.13734
520.82832
481.0235
480.94344
480.96123
480.85861
481.12379
482.35664
480.90618
520.98198
521.38049
481.55343
521.19419
481.69572
481.42011
481.2216
482.4742
481.20651
481.02602
481.40515
481.37348
481.8298
521.12366
520.96997
481.87005
481.69367
480.75917
521.10491
481.26057
481.21911
520.92525
481.63711
521.06836
482.27464
482.42935
521.04147
482.41608
480.92786
520.97851
480.51624
520.97721
480.68193
480.55257
480.24857
480.61116
521.16416
521.25076
480.23808
477.5386
520.96656
482.9152
517.76053
482.56377
520.88856
480.21792
480.245
486.94727
480.18874
477.24251
480.40399
482.60983
480.60278
521.14068
521.08449
524.07155
481.16509
481.48539
520.90524
480.24952
521.16109
480.54295
482.36498
482.6782
482.78755
518.4359
480.4766
482.20043
482.62841
480.6266
521.05265
481.3471
481.84744
482.22305
519.53626
521.1912
517.84618
521.14749
487.33487
480.21687
521.00884
521.01254
480.52252
521.11168
483.12657
481.04779
480.14146
480.14146
489.69914
482.42515
521.15336
482.48727
440.33113
517.68059
481.44654
518.60974
488.4799
480.11892
521.30437
481.73201
521.30502
482.73212
481.62275
520.95574
521.21725
481.53379
480.02829
482.48652
523.01983
483.10454
482.03048
487.61219
508.35182
480.85608
481.62277
521.03607
520.98935
479.39223
517.82615
482.41267
480.01265
480.1085
480.81126
483.67912
482.87931
519.01918
479.98986
480.11848
483.26779
481.96724
482.66535
485.29327
484.63146
484.13787
488.58037
481.24116
479.68933
520.01192
479.93697
482.85592
480.61418
520.853
480.10508
482.74558
520.85689
521.00304
520.51398
479.24678
482.80019
521.07772
488.1482
518.87599
478.80589
520.59883
484.27571
479.86958
480.96338
477.55575
480.17994
519.92533
481.73061
525.7124
480.99006
483.41003
482.67357
519.94053
480.13438
478.24247
477.98323
488.00813
520.98053
452.86387
439.46746
444.37852
479.03405
507.80458
435.54979
445.59814
476.56968
520.50252
478.70149
476.54252
477.29361
477.83692
524.96169
475.95299
484.59408
481.0871
480.32085
521.47282
499.40368
434.03368
477.44004
480.46047
499.33328
477.33083
439.52728
506.32691
447.84647
432.61805
477.70219
506.34731
435.64049
507.57687
435.25
520.91926
438.6683
505.56631
507.64025
464.54908
480.14334
507.60678
450.15581
520.88193
497.21754
440.7431
491.04336
434.10154
433.8195
447.94771
429.35363
479.39778
517.6731
424.69525
481.8199
436.40258
503.22789
491.23133
481.21135
447.2655
477.47066
452.49517
454.07647
459.07157
520.53892
454.62742
479.92883
423.20242
446.02125
509.87006
505.15247
428.06336
480.93816
479.00033
476.92455
516.88587
463.58637
479.82725
436.66898
438.9626
483.38141
516.01039
510.08847
482.49766
445.14595
450.80501
504.02612
480.62152
508.36263
526.57744
484.23365
506.95138
439.83073
500.49895
497.90279
440.23832
438.62499
482.39198
433.14224
440.4518
506.21772
508.15933
453.42266
480.18531
497.72076
520.96128
483.11379
432.31636
503.96268
481.52337
476.60209
425.28581
481.01655
478.12529
478.39528
429.62265
519.71821
505.79292
520.43418
481.30113
482.83486
484.10092
482.77092
516.97434
436.99
519.41104
480.75493
488.68172
478.22607
521.08277
482.32593
521.36223
523.71271
519.12143
480.24508
501.45892
479.26186
482.80092
481.56674
519.63862
431.47325
481.68724
475.24474
479.14495
522.03959
482.71271
480.53047
520.78676
482.42968
480.38489
521.59741
519.50189
481.03009
476.001
481.34607
481.51632
480.76161
481.32416
483.04032
521.56721
481.07652
480.8863
483.48464
522.99576
481.27446
479.64651
483.17115
489.6646
523.19184
488.73567
523.73808
480.10295
491.21423
508.76955
480.7126
519.94354
506.46332
480.91105
522.09547
483.16042
516.80001
477.54274
450.3616
480.59524
474.27931
451.00848
480.45288
453.35529
455.29612
505.55868
485.89131
482.07741
510.11805
477.0958
430.30417
522.80519
519.10035
523.86362
424.78961
485.04671
521.09947
488.79511
482.29823
519.57603
520.33488
483.42608
491.11967
478.20284
479.48707
521.90483
480.3275
483.72846
501.19994
482.40902
477.59838
480.89771
519.40118
480.37431
485.38776
510.06829
448.3892
447.95518
477.97086
518.01824
443.83138
519.61005
505.15163
480.67128
518.40808
479.31707
481.93955
481.69765
522.93665
520.81168
479.77387
490.43052
440.90547
519.55135
483.15724
480.64538
484.0832
482.67326
523.76129
491.31439
477.29695
482.4648
480.97467
481.18918
505.26228
521.74547
520.88442
480.18446
480.4627
482.95145
483.5751
480.25837
518.80028
521.98465
480.68775
480.31276
478.45747
510.67154
479.03628
481.29762
481.26899
521.68643
480.0537
516.71459
477.92953
481.93422
519.62338
481.21212
480.35583
520.54817
480.65059
478.02356
506.11308
523.77987
481.70391
521.52003
520.79404
479.64356
521.37746
482.70508
480.57353
522.18627
521.60072
480.96708
481.03858
481.94959
481.13912
481.14153
522.39223
480.9412
480.24885
481.57937
481.90893
481.03525
481.12417
519.69773
481.04959
481.37995
522.03203
520.84769
480.40066
477.94607
517.40528
479.89931
477.64807
480.83841
484.14532
480.64453
481.73514
522.01987
482.66448
476.25745
520.56313
480.89962
479.86229
480.49647
520.98395
482.71734
520.90849
480.84508
479.22726
521.03567
481.78875
478.92854
521.51306
481.63528
478.86853
519.14632
480.84845
483.42242
477.69671
518.19265
517.69172
480.511
482.66724
482.77262
478.92967
482.7404
479.65809
490.82675
521.03977
479.35348
522.41726
481.44324
522.77001
477.96017
490.21223
478.61586
489.51267
481.64243
481.00225
517.92134
520.48854
519.03167
480.90204
483.79121
520.0066
516.76743
450.98525
520.64069
510.53261
483.65085
450.71566
452.42897
448.06626
482.77587
517.50123
445.73282
504.88993
505.69062
490.65323
504.82079
505.86412
482.64547
478.58916
481.76234
480.11241
496.79921
480.58067
454.3919
458.51584
452.88611
480.35285
481.85376
516.75939
503.99767
510.42419
517.65819
477.10941
479.87315
479.3586
434.77688
450.6535
520.41621
478.02643
521.79657
519.98181
457.73945
490.94365
505.04442
506.49099
502.1435
522.82331
486.37191
477.51595
521.54144
481.93997
475.20779
506.28563
447.99551
489.09869
478.43114
525.50207
475.62714
520.58936
521.04127
475.76849
478.00889
510.63552
519.78816
479.78722
518.82544
480.51227
519.68945
480.51439
510.67435
451.89319
450.35564
475.18612
481.74287
522.72691
488.6135
477.28338
521.95046
522.73831
448.72536
480.40944
480.60269
482.32382
478.72625
482.02533
504.5993
521.22879
523.31863
519.07639
506.09093
481.42974
487.0228
482.73088
481.1467
520.30487
482.33162
480.08326
480.91763
481.37712
480.13601
519.10777
518.35077
479.17228
478.43794
517.98155
523.31827
480.06521
483.12015
482.79613
479.67429
483.1166
516.80931
519.72755
482.32978
480.33227
482.83374
519.28896
520.31281
525.33437
475.8344
480.50971
521.30492
522.18702
482.32994
480.15781
521.28774
480.3712
482.39822
480.24963
480.13717
482.66986
482.67063
521.23688
490.23002
480.96234
520.72297
522.69181
480.55415
505.01207
478.89884
521.81848
522.27861
484.32179
479.19636
482.64918
480.29932
481.61321
521.85057
521.34907
482.45964
480.25778
482.8926
517.64873
483.91929
432.18556
490.69561
477.70212
518.26435
482.55739
521.00476
482.90621
520.30273
518.02297
482.6471
480.39635
482.74786
522.77196
475.8492
520.31901
478.17646
481.47596
483.08218
520.96188
479.7195
480.16095
521.89259
479.66615
522.28046
485.96368
482.88877
523.61606
504.6369
520.59514
469.43309
480.97215
477.47048
477.9985
482.80676
483.97971
480.80178
481.56893
522.23719
481.04296
479.69436
521.58411
481.12555
487.68234
479.76465
524.00918
480.0471
505.11847
521.37238
521.19007
520.09451
482.77653
488.61215
481.37656
522.55152
482.74892
516.94515
524.3173
481.92128
481.05164
482.42066
449.2194
520.76222
482.36182
483.06319
521.57387
521.56303
482.719
522.86267
521.7513
478.48961
521.29948
510.11502
480.14763
482.7415
481.4568
480.83771
521.5582
480.16246
521.88512
480.3622
522.76517
522.633
481.34297
480.85436
521.44763
480.28788
521.78817
481.90177
481.05867
480.1352
477.42312
481.17758
481.39529
479.98075
480.6117
522.42167
480.00507
481.53596
482.93597
521.77148
480.56566
480.6543
481.17435
481.76231
521.76432
522.52358
481.83773
480.9058
480.6921
522.4079
452.19056
522.67312
480.03765
522.66719
480.47686
480.2892
481.38322
480.2786
480.2904
480.66188
481.01396
481.55032
481.13728
476.96966
480.35971
522.8164
486.79624
476.85524
481.46993
482.06426
482.50498
522.85602
522.57309
481.40987
481.26439
508.00026
521.86174
522.00762
479.93795
480.41019
480.21245
480.42139
481.07787
481.0332
522.88105
481.11731
481.4406
522.0552
481.72263
519.55101
480.35178
486.5943
479.17088
522.15299
480.74526
482.93744
480.07382
522.63758
480.08922
522.72807
481.66927
481.09892
481.28875
522.70976
480.39809
480.01254
486.03582
480.47521
522.44047
479.69694
485.98349
524.12489
479.78223
482.74371
477.85634
522.00736
522.84133
476.96477
481.92624
479.94107
522.59667
476.93628
522.3461
522.26027
480.94876
480.07237
522.45629
479.853
520.70786
522.17555
479.7279
486.99207
486.10098
480.28013
481.06507
521.70321
478.36703
503.9276
522.59759
481.74173
521.90041
480.71156
522.26255
480.68721
481.54333
480.94004
486.48432
477.16117
475.59698
482.28198
480.25748
522.09449
519.7465
518.56022
477.10367
481.35839
480.89839
482.66082
521.73315
481.48147
479.55901
480.85575
520.98611
522.21791
480.42722
480.6232
480.09028
481.27563
477.18434
520.04677
523.15749
480.16616
517.89159
476.67861
488.78678
481.71401
521.73304
435.04534
522.77504
484.23159
482.16507
479.38028
481.80898
480.29244
476.57574
522.78497
521.93982
520.77384
483.73701
480.53941
522.39542
486.27569
484.45209
481.32768
519.13764
434.76752
476.0292
477.29456
478.35096
477.49525
521.7248
521.50192
479.97873
482.54785
486.45371
482.13714
522.23929
482.85902
498.54501
476.64637
477.7608
481.90831
521.99229
483.71419
516.90797
524.30586
482.47369
479.02673
489.61484
481.34483
522.78089
481.13812
481.11134
480.40133
486.96718
522.27844
522.23601
522.22885
477.39095
485.65751
524.67668
481.88525
489.27815
481.92465
480.9274
524.7912
480.20622
477.34
479.07653
522.48997
481.18458
480.0303
487.85456
485.03513
522.32682
523.002
522.94698
521.61042
522.33569
522.67002
485.95693
480.164
521.98992
479.95679
479.92553
477.49889
480.16135
481.82551
486.55559
482.3042
481.80017
520.85649
480.38218
508.3182
473.52407
487.2218
479.94333
519.94172
479.99352
483.33284
521.44011
480.47251
479.27536
522.39093
522.81744
480.34869
482.59899
482.80499
520.95079
522.45186
521.14958
478.05116
481.51212
522.60111
483.47289
481.68653
482.61133
479.03884
522.05957
480.26271
527.12391
480.62665
426.12649
480.97794
475.91239
520.12966
479.39128
520.54612
479.3132
519.62756
480.37948
481.80495
487.05844
458.08027
439.93416
505.82791
506.50314
454.43995
483.04579
519.20654
517.95258
480.93649
478.0759
520.61023
511.15528
479.8499
480.80719
516.90312
446.78992
488.08907
518.84912
476.51978
482.72177
481.34615
519.91076
478.43517
479.96337
524.13644
506.73325
484.87385
516.72966
487.87534
519.38648
481.26161
474.72302
419.44416
442.8129
505.22479
475.89954
454.73752
449.71605
481.57037
510.4174
482.78431
482.75977
479.59522
475.66551
448.88259
517.49352
479.61454
476.21768
519.30298
483.53732
504.59519
481.17872
520.1799
485.26238
449.21546
476.1464
479.88481
480.17438
481.69032
521.24859
521.28475
520.67554
490.71147
522.50804
482.16246
506.18137
525.12226
478.01772
483.90303
482.10273
482.9294
481.66698
520.76981
526.70275
482.73209
521.41236
521.05676
480.36464
485.77897
481.52389
521.74815
482.54226
480.66684
478.79693
486.25806
476.31303
480.04444
481.32157
481.04797
482.80355
480.1582
480.26413
520.95072
510.36003
525.65277
488.62745
480.57321
479.93838
478.41432
481.85175
480.51
451.46026
518.44229
490.33085
475.9992
479.43939
482.22242
520.30519
477.93268
528.54658
480.29934
483.06364
480.77993
479.74829
489.59346
519.16041
522.36217
480.84933
521.08206
482.42859
520.8027
521.42361
480.88819
482.76011
522.24698
482.48494
481.16528
483.06316
522.6505
480.97614
520.989
482.2024
480.00879
520.93264
479.92817
522.27827
504.54327
479.46478
482.66777
520.67502
477.37973
481.30508
481.26099
482.06999
482.10356
519.17372
478.11973
524.75118
506.36609
482.59381
484.15298
523.3128
481.58768
478.65828
480.80501
519.46281
523.24317
520.94837
522.75947
482.42635
521.00296
481.13587
480.15087
520.97544
480.79631
481.91163
520.98324
520.93329
480.58382
521.0066
480.91363
480.57815
482.0087
482.23758
480.72861
489.45869
520.9765
480.21101
476.90212
482.37645
480.99992
480.89257
521.01314
521.13647
480.70366
481.46036
520.89675
520.93915
482.40617
482.61457
482.13452
479.99593
520.57636
482.46889
478.69013
520.96807
481.35047
480.65501
482.032
482.0439
482.49286
521.96924
481.93465
482.45699
479.29658
482.28763
481.43564
520.79561
520.96597
520.96839
520.94307
480.33214
522.89456
482.25237
482.26331
480.41112
480.43649
480.53155
520.94701
482.37184
520.91018
482.16889
520.98879
522.67155
481.07851
480.762
482.26802
521.28263
480.75071
480.93697
480.98272
526.97603
482.37724
480.94933
482.40248
482.31271
482.33256
521.03221
520.96001
480.8607
520.98394
482.04622
482.44158
482.02038
480.6079
520.99703
481.92323
480.755
520.99757
520.9998
521.34015
520.96039
480.86741
481.85672
520.9258
481.97729
480.49932
480.59296
481.07441
486.61347
520.91965
481.04035
481.2753
523.76601
481.20782
507.56982
482.17956
481.23306
520.92201
482.17621
522.5246
520.9923
482.69108
520.92989
482.60617
480.15888
481.0658
481.82499
480.88675
520.9197
480.88962
521.0042
480.95466
482.28916
481.72171
520.98965
481.22666
481.45181
482.53942
480.52304
480.46992
482.76622
520.92167
480.20138
480.19315
480.64588
520.91767
520.92501
480.29154
480.24662
482.55537
480.34692
520.96761
520.94418
520.92678
520.92423
520.92765
480.56265
520.98057
522.97881
480.49916
482.83768
520.94592
521.006
520.34486
521.15819
482.43133
482.16418
521.10851
482.53545
482.73715
482.63535
480.29006
480.20478
480.75032
482.35573
482.50114
480.58084
480.47296
481.23898
482.51697
480.3507
521.04396
480.15262
520.9905
480.29102
521.04308
484.1755
480.24687
480.38909
482.39118
521.05896
522.23196
482.57666
521.00547
482.22464
482.64995
480.71386
482.59326
480.75759
521.91499
521.87292
520.89145
482.3493
520.91288
520.99006
520.98341
482.24371
520.92379
520.92669
482.06553
482.74223
482.77758
521.8249
482.89938
520.91367
482.71022
473.90484
480.24907
480.57397
481.36462
480.16436
480.56417
480.52652
520.91318
520.98615
520.8908
480.24154
521.01348
480.58845
480.28437
520.94132
482.49563
520.91282
480.50842
520.92305
482.78429
520.95854
480.50204
482.82051
480.10855
520.96507
480.75453
480.54528
480.39133
520.97183
520.92697
482.33382
482.46521
520.91148
480.60878
480.41545
480.46571
480.46279
481.17957
480.7307
482.41964
482.42566
480.4931
482.36984
480.80063
520.96851
520.93093
477.01993
520.98508
521.8542
520.92914
521.80105
479.67448
480.79615
480.51773
520.89829
482.67202
520.96011
480.78617
480.70502
482.58781
480.50991
480.73265
482.79327
482.42561
482.53606
481.29711
520.95491
482.2747
478.60335
520.95246
482.18656
480.45484
482.45386
520.92008
480.90935
520.82217
482.44297
482.08905
480.82133
522.51151
520.91045
480.64018
481.96587
520.91386
480.58106
520.90799
483.14993
480.90628
482.49966
482.70134
480.09824
482.19633
482.41896
480.8829
480.87967
520.93615
480.64073
480.7233
520.95296
480.98782
481.7679
482.19758
520.8985
482.03138
482.1076
480.73482
482.27538
481.03193
480.62572
520.90652
520.94932
480.96744
520.95448
482.1371
520.90677
482.11415
482.16146
520.91338
482.46148
520.9608
482.30065
480.52229
482.51696
480.53664
482.53318
520.95543
480.59395
520.88134
480.54347
520.95554
520.9615
520.96882
482.30119
482.16275
480.74385
520.95652
482.60489
482.22153
480.82825
480.80174
482.47204
520.9159
480.88759
480.9164
480.77192
482.19974
480.79531
482.60128
482.24679
520.95052
481.05512
481.98235
481.41489
521.65431
481.01692
481.57527
481.4907
481.61065
521.05721
481.90709
520.91562
482.15495
520.92842
477.39725
482.20064
520.95865
483.82856
481.49118
520.93406
480.97308
521.01716
482.15451
520.8432
520.92045
481.75435
478.96869
524.61956
483.31272
482.09754
481.4794
521.04805
520.98057
482.06173
521.06597
481.88274
520.97374
521.04142
481.21417
480.91505
480.81291
481.96663
520.98428
481.33675
521.04986
520.9449
481.09475
482.61306
520.96691
521.02279
481.22909
482.00131
520.86451
482.03062
520.95999
480.74825
520.94027
482.16546
520.93251
482.34284
481.13124
520.94327
520.87416
482.4165
482.28644
481.13687
480.68418
519.20201
482.26191
481.95546
480.89163
520.82057
482.01143
482.02817
480.97366
481.847
481.05285
480.96267
520.88054
482.03533
482.26601
520.88945
520.8761
520.86624
481.1152
519.96417
481.51936
481.24295
520.95818
482.04983
481.94542
520.90077
520.93136
481.87235
520.97797
481.33587
480.96957
521.00431
488.69689
520.88808
481.96101
481.87663
434.16023
482.19687
481.65527
480.37617
520.94805
520.87606
520.90779
481.66718
521.1468
482.05203
480.90864
482.43682
481.1362
481.68198
481.78443
482.03361
520.91812
509.68583
520.89676
482.09628
480.91931
481.77953
481.33224
520.93277
524.28237
527.01801
481.1675
481.47983
524.91341
520.9746
482.01611
481.11154
481.38327
519.11378
481.7147
473.79482
481.05805
481.36682
521.00379
520.94648
482.0378
520.88591
482.11673
480.99635
481.19906
482.12887
520.58004
520.89599
481.33636
520.89407
482.06224
520.88731
481.04212
520.89312
481.72364
488.04971
524.54275
480.88141
480.30598
481.22054
481.27036
481.13798
480.9477
480.93922
480.95784
520.93989
479.74838
481.80646
482.18227
520.92705
481.27045
521.03912
481.96188
520.94292
520.94663
482.07615
481.22396
481.30072
520.89016
481.01348
481.88239
520.93268
481.83539
481.75886
481.28312
481.08093
481.07907
520.87662
481.78156
481.06771
481.13793
481.14452
481.95408
520.92164
481.68169
481.15506
481.68031
481.0962
482.05041
520.88918
481.33414
481.26703
481.44188
520.98084
481.9148
481.4162
481.84162
520.88313
481.36619
481.97147
520.95817
520.87067
520.94555
480.8233
520.88548
479.75551
481.53673
481.98691
520.95086
520.95894
481.50926
481.20572
481.17386
481.87699
520.93283
520.91592
520.93245
481.46657
481.12211
451.4566
481.82562
482.29773
520.96082
480.75154
482.06142
520.90236
482.32059
480.84905
482.4151
480.89169
482.36048
520.92239
480.9391
520.96545
482.19039
520.9097
482.38393
521.34449
481.07804
520.97499
520.9773
482.05462
481.03615
480.64948
480.63606
481.99021
482.09699
482.21788
520.91722
482.22067
482.26631
520.92133
480.58132
480.85542
480.78148
482.05185
480.6911
482.52535
486.81849
520.89196
482.14011
481.86969
480.86622
482.21478
478.97525
520.90433
482.3569
480.85009
520.94489
520.94577
480.58834
520.89845
520.90988
481.97898
481.93349
520.91475
520.96295
481.92536
482.12512
480.92636
480.73038
520.95104
482.24992
481.97077
480.94486
481.15271
481.0212
520.955
480.85542
482.61084
481.20071
480.98903
482.08347
520.9256
481.85351
520.88223
481.30753
481.2419
481.17882
482.09932
482.0316
481.00672
520.93319
520.89919
482.98277
480.78538
520.98443
480.89545
482.29122
481.80647
481.44899
480.00721
520.95865
479.38275
482.39616
481.21442
522.03572
481.1219
482.14679
520.91206
520.9796
520.93764
481.88276
520.9112
520.96275
520.92075
521.17902
480.96838
482.19383
482.33412
520.95242
481.13465
482.175
480.68671
520.92246
520.96843
481.08188
520.91768
482.15339
482.12957
480.73344
520.90605
520.92625
482.28601
480.7603
481.95328
482.07012
482.08347
480.76901
520.93419
480.69873
480.65783
520.98908
520.97843
480.57014
480.52507
482.15735
482.43182
482.13247
520.92978
482.32099
482.22936
480.90732
480.86981
480.86888
481.24365
480.67088
482.2628
480.87842
520.98549
520.98698
481.05731
481.69784
482.28259
481.10136
520.95127
482.19291
480.72288
481.89366
481.13072
520.99659
480.43985
482.02865
480.6706
482.08019
520.94787
480.90508
481.546
480.84177
480.80995
482.09761
481.30067
481.72682
482.21886
480.47534
520.91777
480.68873
521.04499
520.9792
480.8052
520.98543
480.87343
522.08124
482.60795
480.75506
480.70168
480.65215
522.02733
480.4566
482.37708
521.04786
521.02485
482.23442
480.47957
481.91613
480.74377
480.40383
482.2331
480.37618
480.82446
520.99788
482.55188
480.68519
520.90275
480.42221
521.12581
520.90636
480.67231
482.48175
482.6801
480.77654
520.9818
480.82565
520.95078
481.15192
520.92111
482.28577
521.01293
480.74949
482.31969
482.62668
480.39944
482.42571
481.57073
520.98646
520.92214
521.01291
520.96295
522.1655
520.94145
477.24093
480.55648
482.38454
482.39345
520.95987
480.68183
520.95904
476.9424
520.92079
482.6503
482.45
418.42622
481.91753
520.96867
482.01496
521.9771
482.54024
480.36701
482.62244
520.9701
482.35077
482.4489
482.46081
480.34577
480.60468
481.91555
482.42441
480.47857
480.51021
482.19594
480.72608
480.49361
482.34003
480.63358
520.93901
482.68901
482.42588
522.02942
521.77356
520.91901
482.66251
480.35907
480.47948
482.47174
482.51859
480.32682
520.90331
480.52725
480.51512
480.31467
482.75508
520.93298
482.57025
480.46133
520.95362
520.89482
480.58699
482.79738
480.27316
482.74073
520.94097
482.6176
480.19222
521.84334
480.45243
482.84324
480.47639
520.89037
521.05565
480.50992
480.28476
520.90618
482.52215
482.55624
520.90552
482.93436
520.94711
520.93515
480.36004
480.4109
520.94534
520.91791
480.62332
480.29605
482.40788
521.80052
480.44011
482.69342
520.91699
480.5821
520.90907
482.78577
520.95381
520.94289
482.83492
480.533
480.43301
482.69472
482.91233
520.64529
478.96438
520.4199
426.23
479.10802
521.72894
521.02872
479.94185
521.80479
479.70745
504.98912
519.89369
480.4824
498.96207
453.97022
454.09212
439.54476
498.79616
439.84771
477.35662
519.43171
520.758
451.22629
479.52491
520.7806
480.47608
429.38965
421.62092
505.24093
431.71253
442.26705
508.34573
499.84
508.93086
497.67308
425.70692
482.54586
425.34547
436.24868
444.13165
427.88491
473.59886
454.3714
439.8661
482.63634
521.92519
482.45757
480.08206
431.4024
520.08878
519.44708
482.96541
481.05047
481.666
482.84813
521.38764
482.85889
521.64254
520.8985
520.91619
480.80322
480.04046
482.56634
479.64223
520.9136
481.02454
520.61216
519.71165
482.51813
520.97871
505.51771
479.72917
508.27635
480.56631
521.0478
480.45186
482.83179
521.00905
483.38968
482.17193
489.73846
521.325
480.29035
520.84952
482.03602
520.9662
479.56736
520.92144
482.56077
480.57076
482.6394
477.28442
525.0133
478.65761
521.40804
482.83251
479.98288
480.06809
478.45271
437.78906
520.878
480.51437
477.50061
520.26155
478.84116
435.21347
483.02328
480.70895
482.76345
479.30113
480.2817
521.00717
479.06648
479.15366
432.59953
439.45497
439.47118
479.09187
480.198
480.2571
483.38603
454.07201
455.4597
439.56799
518.18627
520.58918
439.55433
424.94322
480.06964
427.48807
480.47336
424.8355
454.07208
499.00343
445.20994
508.20691
433.58766
499.8706
428.21326
505.99402
434.20897
519.30084
483.10736
520.89262
482.4045
479.86923
519.54417
478.89357
483.25263
525.51142
477.40621
482.82431
483.07992
480.37822
440.29432
507.29409
474.1465
495.77911
505.84725
505.60786
439.6515
518.70666
482.32855
521.04499
482.72095
521.55961
520.94819
520.88906
482.86491
482.10991
520.95964
479.92607
480.27735
479.05607
519.71649
507.87258
520.3019
521.97256
480.42714
521.16591
480.92157
480.63162
482.17269
480.27417
480.61506
482.68503
482.58286
521.04548
482.501
520.64526
481.98371
480.5305
521.2875
480.70376
521.02157
520.90402
520.97149
520.94655
480.05997
483.35349
480.14017
479.79677
479.08856
520.2947
521.24138
520.94996
520.25165
482.38009
480.4495
521.96684
480.94302
480.02297
489.84762
488.61424
481.92279
521.6715
521.07857
483.58431
482.78485
480.53506
525.4323
519.33849
479.71765
479.71352
439.09556
440.35307
440.35677
508.13061
478.87369
499.22225
481.31154
518.12078
489.53104
482.37381
483.25603
490.34876
481.35442
520.62393
499.69409
481.11482
483.08907
433.81473
499.06337
443.35681
478.99042
435.22469
454.30813
518.94806
480.69889
477.43757
433.2187
505.54736
454.12512
439.17621
506.04549
427.14025
505.5485
433.7139
479.35958
440.4497
454.27024
479.40844
519.74565
519.93034
427.34603
476.41647
476.86832
498.8982
442.59481
481.82205
499.16551
433.13425
454.4174
439.05508
427.18825
508.33725
508.17636
440.44653
433.39534
454.41534
438.97747
438.92531
479.33608
520.28192
479.22883
499.09797
506.00431
478.97214
481.59887
517.41751
482.88939
499.17442
524.62276
482.4697
519.64492
520.99038
505.58969
443.58181
481.96335
481.98989
477.4075
454.40994
481.35604
521.09169
427.23271
440.52384
521.15373
486.69607
524.62061
521.0178
481.1209
481.73484
481.73639
423.84378
520.27098
481.15621
438.85149
481.73937
477.37188
481.09396
521.02746
482.51373
480.8194
520.63389
481.50962
480.91569
481.11307
481.78762
476.45921
522.13527
518.00321
480.74248
476.46299
521.20006
427.34434
480.38986
518.85869
521.05665
482.13001
521.04906
480.68987
521.03858
488.58157
481.79889
480.42646
481.26212
480.77558
443.17906
481.83862
480.34069
481.16043
519.85818
483.24946
480.32389
482.87552
478.35256
519.8317
480.4981
481.01906
480.25735
482.68042
520.66011
521.01422
482.23178
481.4452
482.51607
481.6079
521.18385
482.83947
521.76066
521.63352
521.0392
481.04629
480.89729
521.00665
482.51215
481.9943
482.08648
520.91958
521.18517
520.92793
480.2817
482.10996
520.9316
481.14176
520.96785
481.95349
482.20045
480.83206
481.54416
480.76936
481.11916
482.26755
480.91548
482.41013
480.52448
521.01502
478.24074
480.57734
478.96024
480.96074
477.41119
520.8915
520.95856
482.32551
520.90201
482.67495
482.27432
480.74599
482.0331
481.05208
520.91314
482.09107
482.31255
482.05273
520.90712
480.44602
482.23794
521.04788
480.93608
520.91984
482.23032
480.81478
520.99873
520.91298
480.92211
520.98185
520.93998
482.18847
482.00985
481.00406
520.94584
482.01678
482.09205
481.06453
480.85169
480.44539
520.98896
482.14637
520.99644
481.07075
482.14532
480.95576
480.89159
481.01159
481.25626
481.98729
481.1519
482.04536
521.02891
481.17405
482.00928
481.20309
482.13899
520.99867
480.78019
480.95569
521.0675
521.02116
482.04713
522.76003
482.21942
480.81461
482.07878
520.30133
482.01506
481.11479
481.82961
480.9293
520.9881
521.03027
520.98614
481.18662
482.76036
520.9471
482.15727
481.71204
481.05144
480.87247
481.83439
520.99857
481.6936
480.91197
481.13933
482.01341
482.05989
521.20624
481.24945
521.07088
521.07658
481.15263
481.8666
481.01632
521.03821
481.92808
521.10118
482.12122
481.03304
520.96899
521.01955
480.99911
481.12192
481.19445
521.06738
482.17718
480.82584
480.84416
481.75328
482.08796
482.06729
481.09429
481.32131
480.92511
481.97876
481.22475
521.51605
520.96928
480.92087
481.71175
520.93658
481.96308
520.94526
481.8166
520.97571
521.01392
481.60329
482.03247
482.02419
481.17588
520.9854
481.98498
481.14148
481.99554
481.11715
481.83986
480.97562
521.03639
481.9725
481.13638
481.19778
521.02183
521.03838
520.98055
520.99156
481.07131
481.73496
521.03562
482.10704
481.80829
521.0293
481.95993
481.37002
520.31708
481.82166
480.73546
481.18047
481.22142
481.79293
521.02731
481.94807
521.04305
481.96726
481.95218
481.22429
481.29726
481.50914
481.86616
521.19567
521.0041
481.00972
481.24497
481.18058
520.98739
481.80867
521.18523
521.03844
520.9921
521.06891
481.12565
481.69074
481.05925
481.72325
481.80925
521.11977
481.14588
484.70447
481.50785
480.74003
521.0518
480.42845
521.42023
521.61513
481.47433
481.98056
481.07482
480.79647
521.03935
521.36404
481.21422
521.17759
480.96608
521.06251
481.20562
479.04104
478.95775
481.6933
524.40629
518.25868
477.89072
480.96613
480.87695
482.14293
481.06588
518.84773
480.65157
518.42416
481.7272
481.66689
480.44186
524.25811
481.32401
490.68135
482.36983
480.06383
520.19755
482.54673
521.26729
438.60977
440.91313
440.80787
454.62902
479.03787
477.3537
438.66001
454.3275
507.55945
499.82677
433.53895
507.83195
478.42605
505.57548
519.71824
433.24912
443.43183
443.16907
427.86197
477.15865
522.30982
508.28106
438.72736
481.00061
480.48382
518.73598
428.08725
434.92357
505.9128
482.19176
454.6017
481.18955
481.64177
479.37595
521.18373
521.46513
482.2495
477.5624
427.37657
519.95788
499.14431
438.79632
454.50857
521.10497
440.68321
476.17033
443.66053
479.32991
482.73844
520.31096
433.09631
479.69568
505.57348
433.62243
508.21633
506.00997
454.55127
490.05755
480.63704
499.22211
442.73017
440.59414
517.42056
478.95947
478.29052
520.26157
519.7293
483.1685
508.225
508.22741
440.58884
483.20807
482.54458
499.00182
482.17313
481.64515
521.24677
481.05136
521.21473
521.30188
478.9942
508.27577
482.0268
481.20419
488.37693
479.31705
481.73724
481.74066
481.80883
520.32851
481.80814
481.86064
481.40875
482.41205
520.59787
488.62697
521.64676
480.85113
481.74363
480.80959
480.55566
521.271
482.88705
480.4275
520.99376
488.4758
482.23973
481.67912
481.6294
481.79633
481.49577
481.72728
520.9436
520.94738
481.44655
520.87844
481.58641
482.97546
520.87365
481.67418
481.69553
481.63289
480.94296
520.99573
481.70543
481.75089
481.53728
481.3494
481.35612
514.13194
520.99151
520.97886
481.51886
517.88104
520.98618
481.33042
481.61259
481.69151
520.9114
481.43461
481.97432
481.89392
520.88889
520.92207
481.53886
481.56842
519.89534
476.66879
481.26024
520.93363
481.54327
520.90368
481.8114
481.83508
520.96349
520.93567
520.93988
523.67096
481.577
481.46761
481.79274
477.4598
481.50587
520.95678
520.92834
481.2604
481.65455
481.23493
520.88443
520.94677
481.19431
481.7639
508.3151
483.19367
482.98921
520.88361
481.90888
520.87268
481.86561
481.40778
482.37579
481.73735
520.87821
481.74071
481.96748
481.76103
481.16555
520.92695
481.91954
520.93457
481.38123
481.66762
520.88074
481.72342
481.26414
481.26918
520.92764
481.81966
520.9008
483.12468
481.5339
481.68586
481.22791
480.59864
481.4914
481.24796
481.25998
481.85789
481.61622
481.76973
481.06367
519.44643
521.63952
481.06599
481.70479
520.88663
481.71825
481.48905
481.93753
481.39021
520.91534
481.90543
481.34106
481.3717
521.24652
520.93973
481.68546
481.67618
481.04627
481.13475
520.95355
480.36387
521.67948
481.08554
482.20751
482.00373
481.18364
520.90149
481.3454
481.51735
481.32228
520.90872
482.1477
480.83877
521.38498
481.68142
521.51989
520.96915
482.01907
481.11522
520.95248
478.99376
481.77143
520.98183
480.97205
520.97058
520.97071
521.00313
521.00859
522.36861
520.9925
482.19071
481.03405
520.99175
480.84473
481.90492
481.67757
481.94979
520.91514
481.04512
481.98959
482.21866
520.92092
481.33118
481.82658
520.94555
482.09489
521.00409
520.93497
482.1338
481.1115
481.92996
521.0059
481.9633
482.05082
481.37508
481.39637
482.04564
481.19788
521.14474
481.27286
481.95555
481.55241
521.12032
480.98263
481.77248
520.98218
479.95208
481.73175
481.84504
520.9953
521.00003
479.54564
521.01546
481.18296
481.95288
521.15176
520.9503
481.89414
521.2029
481.81588
482.04197
521.0001
481.20167
480.9734
520.09033
521.05017
481.01495
482.08409
480.9425
521.00489
481.32418
481.89482
481.60009
520.99522
481.67181
521.07007
520.93208
520.98273
521.04691
481.97656
481.80197
520.99948
480.95295
520.94972
521.05821
481.03383
481.7061
481.0315
521.06638
521.00176
480.97831
481.90255
520.95577
481.02093
520.97672
481.06833
520.97333
481.85549
481.54139
481.43097
481.82971
481.78757
481.08597
521.01162
481.36662
481.93116
481.39459
481.67071
521.11008
481.13334
481.08679
482.00382
521.0606
481.04897
481.23403
521.02846
520.92662
481.28054
481.3228
520.93083
481.52334
481.71057
520.96915
481.35104
521.11084
520.92255
521.01922
481.24706
481.76905
520.95375
481.42028
520.91748
481.54831
481.43289
481.57083
481.499
521.09918
520.90962
481.46603
481.64546
481.44623
520.91016
481.90389
481.05765
481.22498
520.93161
481.44761
481.79355
520.95813
481.47376
521.01105
481.80659
521.01793
481.52191
521.06332
520.97104
480.95215
481.44323
521.13994
521.10317
481.82251
481.72958
520.96515
481.74658
481.75587
520.95933
481.71599
520.96176
520.93448
520.96116
482.00409
481.42011
481.615
520.93578
487.35342
481.53806
521.08932
481.30911
481.52716
520.98578
481.64794
481.58895
481.34873
481.3464
520.98544
481.66023
481.30373
481.32087
481.62037
481.8591
521.07005
481.33866
520.95326
481.41816
481.41667
481.42818
481.48815
520.9167
487.81306
481.46952
481.93192
481.48209
481.27842
479.58901
481.38855
520.92702
481.67983
481.30425
481.49859
481.55754
481.42661
481.43189
481.51027
520.96108
521.14738
481.64465
520.91336
481.59767
481.54262
481.6017
481.70518
481.62019
481.31994
481.31849
481.52334
521.02949
481.63284
481.28192
481.34097
521.05495
481.35692
481.65336
481.46246
521.02991
481.29719
481.47491
481.39882
481.51752
481.50271
521.03715
520.88249
481.15352
481.56913
432.67483
520.98774
520.99235
520.84002
481.47503
481.77617
520.87516
481.35959
481.45662
520.87168
480.7447
481.7123
481.60077
481.56902
481.59809
520.8841
481.26944
481.54811
520.93218
481.45094
481.74783
520.96348
482.1195
520.94074
424.11409
524.74748
481.31646
481.41265
521.07888
520.92935
481.44792
481.32149
481.8241
520.98979
520.93019
481.77039
481.54295
520.86349
490.99771
481.57429
519.02006
481.71301
520.90544
481.40994
485.10991
520.93311
481.69825
521.0253
482.01791
520.78844
481.45593
481.72917
481.7945
481.41937
481.6925
521.04061
481.12169
481.89848
520.94991
522.69199
481.52042
521.15161
481.38808
520.86721
480.99904
481.16002
481.5181
521.02118
481.54412
481.16166
482.07592
481.89229
520.96901
520.96622
520.91393
481.22087
481.19878
481.61591
517.7703
520.23764
481.36263
481.19549
481.49478
516.26399
481.48986
507.54502
481.71582
521.02067
481.72579
481.98982
481.21463
481.66074
520.98922
521.09179
481.33713
481.76704
481.21091
481.41239
520.97465
481.21644
481.49499
476.15839
481.30537
520.95174
481.47608
521.01122
520.92029
432.19096
481.51311
481.46734
481.59983
481.63012
520.94377
520.90623
520.97226
481.52445
481.66789
520.93688
520.99953
481.47353
481.52561
481.40207
520.96683
481.47953
481.45173
481.4932
481.42703
481.57658
481.47433
521.07912
481.55382
520.98555
481.52394
481.86159
480.9275
481.21506
481.24377
481.68645
520.96588
517.79593
521.02363
481.49995
481.6943
481.49733
481.54786
481.62124
481.34105
520.98803
520.96641
481.59965
481.59551
520.98498
481.54942
481.61743
481.64333
521.07803
481.5799
481.57342
481.45902
520.9481
521.0146
481.5168
481.47183
481.44233
481.35044
521.12777
481.29823
481.43108
481.31038
481.56136
481.40258
481.42368
520.98795
481.50608
481.59216
481.57239
481.37819
481.5477
481.69387
484.91289
481.27668
476.81126
481.45364
481.31734
481.62493
520.97731
520.92571
520.93866
481.67656
481.51745
521.03946
481.12265
481.11891
481.19727
521.10121
481.10639
521.0837
482.08303
520.91022
481.37494
481.74269
481.82896
481.49162
481.63077
521.08891
481.72135
481.35064
481.78982
481.22265
521.02535
521.05378
481.54048
481.24523
521.05847
481.63717
521.00111
481.54057
481.75105
521.04985
481.08334
481.88302
481.74516
481.74569
481.08109
521.01193
481.11023
521.0926
481.5864
481.69483
481.4025
481.24099
481.54357
521.05667
481.20492
481.63127
481.73687
481.29516
481.2627
481.14315
520.98391
521.04728
481.44989
481.41356
481.78516
481.82784
481.23394
520.94493
481.68975
481.16367
481.60991
481.73574
481.71074
481.54254
481.56781
481.7083
521.13687
481.31104
481.45465
481.62009
481.39151
481.69628
521.10634
521.09731
481.28638
521.0518
481.65443
481.48274
481.63979
481.59452
481.76653
481.34006
481.13374
481.60621
481.39186
521.05209
481.4935
481.20422
521.04131
521.1302
521.07053
481.56092
481.23238
521.14989
481.56968
481.49227
481.24896
481.53526
481.68541
481.40405
521.03376
481.50028
521.11874
481.34045
521.02046
520.93803
481.40526
521.13568
481.60917
520.89087
520.83865
521.01772
481.60291
521.06427
481.53101
481.31798
521.09824
481.39968
481.31939
481.27223
481.20112
481.30391
521.18482
521.19285
481.17434
481.62454
481.69972
521.06114
521.11735
481.75266
521.04857
481.49799
481.66919
481.37159
520.9143
521.17253
481.72881
481.58357
481.26081
481.32738
481.33644
481.4737
481.54011
481.40862
481.53678
481.49054
521.13029
481.25328
481.70109
521.04352
481.43591
481.39093
520.95554
521.08655
481.70744
481.3305
521.01919
520.99298
520.91377
481.66584
481.46275
480.89953
481.84545
481.43406
481.51141
520.99323
520.99972
521.03144
481.13259
520.97778
481.5521
481.47907
481.21885
481.71686
521.06969
481.08748
481.25528
481.41096
481.59979
481.60534
481.17723
481.28286
521.02555
481.56719
481.58844
481.56103
481.24809
481.70165
481.11927
520.94965
481.42802
481.37739
481.39771
521.04951
521.03282
481.99487
481.84709
481.11988
481.14022
521.1088
481.41156
481.23508
521.04715
521.12572
481.66467
521.17668
521.019
521.03493
481.78323
481.22455
480.99813
481.51036
481.30624
521.14696
481.84203
499.18686
520.99099
481.26849
521.05092
481.58235
481.29251
481.30675
481.9116
521.10271
481.36219
482.05489
521.01301
520.95659
521.0368
481.85699
481.7517
520.73724
520.92416
482.0219
521.08763
521.08013
481.05996
521.09547
481.4031
521.03995
521.0076
481.50326
481.88646
480.56299
521.06475
481.27268
481.96741
521.02778
520.97562
481.77128
520.91041
521.04119
521.0299
481.73396
520.9607
511.68293
481.83984
481.68852
481.47429
520.97761
482.10613
480.56513
481.3813
520.98022
481.83279
521.12429
481.13846
482.08651
481.26633
521.56005
481.5262
480.99205
521.77481
481.49426
521.15379
481.85836
521.52206
480.45099
479.71752
520.9601
481.31079
481.42262
481.20582
521.66211
520.80451
482.53105
481.13231
521.54544
520.19527
480.87241
479.1018
508.2918
505.71436
438.44987
454.8796
520.08009
478.44306
433.03978
427.33743
433.52248
441.10676
499.10684
519.23034
433.56062
479.14287
478.61285
443.87791
440.90454
427.3467
440.9086
482.40298
479.09939
519.99748
454.83915
482.92328
521.43145
505.7732
477.03272
441.01485
430.86944
499.76756
519.45716
480.69609
505.69947
520.29247
520.06923
454.44249
438.5329
454.786
521.80616
433.04951
518.21313
522.22105
518.40663
481.44801
499.10487
482.10145
427.24123
481.31037
477.57952
508.22351
489.95894
482.33816
478.91476
505.55721
518.86953
519.87577
481.94933
481.77562
479.33265
427.29279
479.26319
499.17686
482.44263
508.34618
479.30088
488.39109
480.11179
521.28076
477.54398
481.0123
521.53407
483.29223
499.32269
481.73824
482.15713
482.02153
480.41457
521.20953
521.34952
481.92001
480.4744
521.30703
481.00898
481.88162
481.88806
505.60296
521.29314
480.43819
521.12897
481.18914
480.9729
480.77573
521.26232
521.14072
480.95467
520.69633
482.20178
481.49342
478.86364
481.71802
481.10958
481.06531
481.626
481.23372
481.44097
521.26911
481.24985
521.7275
521.05929
481.55896
481.23504
521.06401
521.04792
481.63336
481.54534
521.0924
481.02401
520.98372
481.93366
481.92596
481.77439
520.97739
481.91575
521.07314
481.00458
481.75757
521.0413
521.02876
481.96756
481.2246
521.11193
521.08586
481.74817
481.73836
481.18857
481.63438
481.5862
481.16276
481.89734
481.02912
481.62183
481.10123
481.78362
481.55818
521.05866
481.65069
521.06465
481.78638
481.32919
521.09821
521.02452
521.04165
481.23402
481.52112
481.86001
521.09573
521.08916
481.08568
521.05531
481.85729
521.06744
481.63219
521.1496
481.11976
521.06079
481.89139
481.83299
521.04221
481.265
520.95986
481.61071
481.58391
480.4915
481.91756
481.66917
481.75607
481.82176
481.19555
481.1266
521.10611
521.17005
521.0807
479.77047
481.46301
521.12555
521.13535
522.6575
481.70952
481.26836
482.025
521.05462
481.15034
481.71485
481.12134
481.55534
521.13274
481.5611
482.11398
479.4565
481.80459
488.55733
481.02901
481.82767
521.07379
481.15839
481.16976
481.76393
521.19799
481.38335
521.12875
521.16822
481.17172
521.1204
521.16829
481.33117
521.12521
481.73806
481.30482
520.92898
521.01037
481.76622
481.33598
521.09812
521.11392
481.28279
481.32406
521.09003
521.1183
481.78591
481.28495
521.06767
481.57512
521.12918
481.12303
481.48006
481.30479
521.14696
521.11743
481.54716
521.14582
481.58362
481.15434
481.66378
481.3786
481.54742
481.40895
481.32521
481.71955
521.11738
521.05938
481.19006
481.16747
481.26016
481.26039
481.15256
481.48793
481.16582
521.14441
481.82208
481.16918
481.83147
481.48988
521.15504
481.53621
481.57168
521.15334
481.32465
521.21273
481.53835
481.57577
520.55997
481.60311
521.60484
481.34847
521.19931
481.12166
521.15588
521.19602
521.3509
521.2226
521.17656
481.35833
521.16157
481.44585
481.16325
521.19443
481.36468
481.08815
481.19544
521.12515
481.63818
481.37107
481.39039
481.40224
521.12424
481.33734
481.73084
481.38101
521.17778
481.34578
521.15388
521.17065
521.21201
481.21985
488.3429
481.0877
481.60728
481.8675
521.58606
477.4803
481.37074
521.14224
481.06615
481.00742
521.59834
479.9658
521.22232
477.77112
479.91209
519.50247
481.88394
481.92371
481.2024
520.98529
481.20458
481.15222
481.55807
499.37055
519.63477
481.99077
481.99093
521.57103
480.5153
477.61867
521.70189
481.14691
480.19166
479.77809
521.68158
481.50723
522.27693
519.48751
477.47664
520.97008
481.32548
481.74502
481.28702
481.70347
481.33135
477.45156
482.02265
477.62107
479.85295
482.40706
481.16017
521.11481
481.01981
480.89331
521.32073
521.74736
521.17761
481.11569
481.50097
481.57872
438.3852
441.04836
454.91662
441.21946
520.90728
499.14036
442.97553
476.12747
438.38541
445.9167
521.08684
519.50991
519.67232
508.19864
427.22911
454.74746
443.27584
432.57174
482.5986
479.03093
508.23959
441.3189
438.42881
479.11683
521.22063
478.9994
480.65008
505.58247
481.56873
522.24721
519.27421
481.14574
489.10488
480.63038
480.55692
519.1404
458.46196
508.28438
478.61216
437.30689
428.36241
455.00219
499.7992
427.06215
427.35524
499.98288
519.71735
481.4002
499.18902
505.71986
427.25999
478.96181
524.79911
505.54984
521.30004
511.42209
480.5371
483.8107
479.10447
482.81468
504.30761
481.28725
434.23187
480.68146
482.05056
520.56821
454.262
481.18687
479.88904
477.94253
481.98168
481.97492
471.68302
504.88913
475.52497
452.96826
480.65565
500.79975
521.17123
520.01173
523.38344
520.0679
484.08885
521.31214
482.27168
510.70453
480.66768
478.83965
483.41171
521.55203
481.79323
521.54795
483.22096
521.64979
521.74189
524.00281
481.85079
482.53251
480.28098
482.58006
477.88211
517.92784
478.13073
480.15682
442.68981
520.91666
521.50348
508.21446
481.80038
521.80564
505.72061
506.68317
506.89516
525.12025
483.09341
482.21608
481.95219
521.56907
522.05692
481.389
481.80472
478.46561
482.34158
499.13131
481.51539
481.30165
521.34038
524.01089
521.66024
481.65913
483.88612
484.94924
521.55609
481.19633
522.81744
480.54364
484.21717
479.86459
483.13431
481.58688
481.85898
482.63654
480.90268
517.99959
521.97167
521.83529
479.67706
479.70913
481.93619
481.3958
479.46211
508.58764
487.04857
518.16427
481.61225
523.16094
481.48374
522.09682
481.70559
482.29518
481.03912
518.25423
478.52889
481.10934
477.20508
521.52825
482.44817
481.08758
481.14907
483.33313
448.85997
520.83605
517.02341
482.42469
481.4163
522.23063
475.48573
479.37892
524.32299
522.69668
478.09581
523.56462
519.90674
526.90276
522.6124
481.9
480.37431
481.85571
520.79423
480.39574
521.40266
521.75433
521.80644
480.62091
521.78149
481.65125
522.77492
477.81685
482.87721
483.8291
478.50185
522.78151
480.88604
482.35074
522.42369
481.14421
486.27471
478.54792
456.73244
479.98786
477.67459
476.73876
481.76082
480.41378
476.48229
521.78329
521.7908
521.5842
521.45935
521.62679
522.81354
481.1589
441.88166
482.25937
475.24878
481.22652
521.50397
482.13745
480.89363
481.36451
480.66713
521.25146
480.82758
481.23038
481.44028
481.23343
480.47781
482.0302
521.48873
481.4198
481.2927
481.12743
521.50185
521.63177
478.23063
481.09657
482.31543
481.70944
521.39307
521.42224
521.55836
469.91066
481.75981
481.00165
521.36077
523.74846
521.36435
480.87154
482.05449
521.28694
521.26652
521.55788
477.06955
482.03883
481.64334
481.99244
475.25734
490.15006
480.62112
521.91837
487.4961
480.96095
481.21758
480.75017
481.52181
481.65867
481.56639
481.22241
481.38257
480.95674
521.19238
481.32531
481.9421
481.44261
519.68379
521.43008
440.57697
521.13239
481.45588
472.84372
521.18424
481.27304
481.66371
481.94321
480.92892
481.28125
439.21382
482.10712
505.7198
438.51391
429.40221
507.74316
498.95463
481.63311
435.81929
437.27721
482.10701
521.39436
481.26003
479.26496
505.91479
439.15278
481.90975
492.49255
451.05299
431.50183
481.62905
477.98235
480.77925
520.52821
520.97398
498.02794
454.10161
480.81111
437.6828
488.91882
520.14704
507.20205
521.46489
481.79885
480.7047
481.01515
476.17377
480.58303
521.29006
521.65061
482.01834
447.93297
521.33826
521.2132
481.08672
482.15904
480.9509
520.68285
520.08663
523.77468
521.36424
521.90014
481.90192
482.13748
482.00594
481.69873
476.35943
522.14379
481.39132
481.2792
521.06045
521.04193
480.64228
521.18953
480.99001
520.98925
520.47011
481.20832
478.80901
518.42728
440.70649
445.64773
482.18945
518.75083
505.97872
521.08054
480.52673
521.17287
482.64098
482.19906
478.98267
478.95066
445.79438
520.4277
478.6329
449.96142
481.48218
454.96716
478.99755
481.68576
521.47113
481.54674
508.18019
481.53693
478.99904
434.40053
499.7804
481.59939
481.30094
520.93948
521.71701
521.46675
520.52133
440.81043
481.45209
481.56671
481.69612
481.81761
520.82853
481.60929
521.14286
521.01224
521.32404
479.17939
481.0258
505.69587
520.89179
481.70157
521.09007
481.66315
479.19031
434.76758
505.69487
481.6566
481.59098
482.196
520.15513
454.38557
428.5816
446.90277
482.03445
442.88508
481.47863
481.31499
521.02417
480.3655
482.13603
518.15078
481.47864
481.89549
521.13403
482.5773
482.03954
521.17316
481.79804
481.4013
481.26617
481.34287
481.35781
482.25759
521.14024
481.73454
481.61145
520.90955
481.47581
481.44466
481.42409
481.75824
521.011
520.97832
481.44257
481.4235
481.3188
481.76619
520.95
520.95397
521.02457
521.01739
520.8724
520.88365
480.81567
481.64225
520.8607
520.84276
481.26634
481.71407
480.87781
482.13098
521.02622
481.31753
521.01819
480.41219
431.84766
521.09393
521.42777
481.85597
480.80035
482.06844
482.04869
482.36525
481.5742
521.03414
481.10622
481.155
480.84378
482.10669
521.09755
521.01423
509.82804
480.91993
481.50123
480.58822
526.26524
521.08799
517.68026
481.44293
487.1291
481.3898
481.28268
481.55678
520.95531
520.99984
481.57154
521.11925
520.96344
480.50885
481.45498
481.58295
481.28347
521.0701
521.79579
481.34
521.18384
481.43064
521.09991
481.23869
481.49159
480.83593
521.2123
481.98243
481.81735
521.20963
481.83915
480.27919
520.88621
480.78048
482.17615
481.2875
481.03643
481.40242
481.49705
481.84965
480.59676
482.0344
479.65677
521.13749
521.1744
480.76789
482.45475
520.78071
482.17058
482.35041
482.68868
521.08668
479.27373
481.99951
481.04316
480.49218
482.30947
480.22444
521.20841
518.70349
482.30141
482.19593
480.50058
521.27443
483.33882
482.39097
480.21727
485.78504
518.0963
482.76775
521.06923
480.23012
480.54069
482.5151
521.04004
520.65627
521.17346
481.57395
482.12042
518.61601
481.73664
476.39407
480.60185
514.61302
516.5367
482.42084
482.60016
518.01458
488.78554
482.10357
518.03624
482.38966
518.03673
518.1188
482.3532
441.00225
481.29746
521.10299
481.94928
521.15336
480.46516
481.91034
480.47818
521.09599
521.01214
481.77548
480.48793
431.77957
482.52442
520.94064
521.03398
482.6124
480.18723
480.47198
480.06406
516.31479
480.37244
482.43584
482.73288
480.17377
522.30198
523.85525
480.22812
520.98299
444.45335
477.90141
521.07333
480.50801
481.00195
521.04433
507.54491
476.83222
516.92921
517.77735
513.60276
480.87757
482.69851
520.99355
481.87718
521.10488
480.26659
485.17021
486.875
482.86214
483.10607
481.62818
482.48011
514.36008
480.39079
521.30522
489.56125
520.96944
521.05364
525.25132
505.6566
515.52331
477.24561
482.96036
484.18515
481.03747
482.31221
478.17666
476.11969
480.60168
480.95307
478.99399
481.1176
480.96243
524.50963
520.91429
482.33691
524.14293
481.39647
514.46778
481.54518
481.32983
483.7732
480.63354
487.38653
477.22907
518.66033
523.03681
482.69763
482.03492
521.15496
516.58023
480.10353
482.8289
480.0998
483.70887
482.15658
482.67721
480.34128
480.10122
480.36003
481.03409
482.65351
480.13288
481.48057
521.32977
482.53172
480.8228
479.90157
506.82016
477.17822
481.44626
520.86403
520.17299
522.31787
487.2909
484.55926
518.03816
480.22003
517.9476
482.44391
524.25006
486.93181
481.13348
518.17467
479.60614
517.98623
482.04416
518.21735
518.44172
483.9423
480.21108
482.36747
524.18457
483.47052
477.57531
518.63302
517.76442
517.82389
517.98617
521.15324
485.54457
485.36003
483.71915
483.65827
479.1422
479.8975
485.65057
487.81787
485.2035
488.41274
488.98827
477.66531
481.939
485.46464
476.90268
476.91303
480.41087
482.48302
476.65087
487.04052
518.11427
485.50929
484.69456
517.9264
486.95481
482.52129
479.96539
477.59162
481.48364
517.91273
521.96119
481.65072
487.65117
477.46625
517.67505
476.78646
525.02181
517.92621
481.86906
517.81485
481.49372
518.48679
518.30333
517.93078
481.65309
480.40289
517.66631
483.03811
517.86062
517.59192
518.75043
518.56365
476.80209
488.11181
489.58929
517.68118
487.42186
479.99188
479.49699
490.05213
521.09515
524.27151
482.35593
520.67451
518.46547
485.50306
476.88066
514.67654
479.27426
485.42108
488.76199
488.1503
485.50393
481.08908
482.50225
479.83872
480.80138
486.70866
481.81302
482.17413
517.90307
518.25987
481.98996
482.67613
487.80184
483.35647
518.69916
482.64385
517.89957
478.89815
525.75862
485.01991
482.40631
483.15789
481.04364
517.70072
482.01209
481.65811
521.10226
518.77706
481.77634
481.30247
505.93876
525.05985
481.92495
483.90365
476.77939
482.62715
481.27422
490.052
480.83737
524.94153
517.67299
481.43667
488.85468
480.02727
518.08671
477.04922
480.86274
482.00838
521.16143
481.98551
485.88834
481.0365
486.63474
487.89273
476.7071
480.24977
489.39936
517.76344
482.58307
480.12878
526.50183
481.16615
517.80638
481.07482
484.39309
518.54862
477.19794
521.07331
482.34364
520.31956
517.84556
480.14588
518.47908
477.56475
483.02994
480.01025
518.78204
524.15964
488.40376
482.54636
487.56959
482.26778
517.97314
517.03391
485.77595
518.19023
517.82363
485.67174
480.38203
479.25456
517.77431
483.44471
517.96456
486.51888
518.08816
476.67252
481.80695
482.19842
477.38185
486.41989
521.06858
481.0294
521.06487
482.46824
517.6839
517.73503
477.99621
477.62039
484.85051
488.10504
483.09451
482.93323
477.01057
525.02562
481.66224
517.81035
489.50066
483.02606
480.26403
476.83636
482.92805
517.68257
517.85222
483.13745
482.05779
476.81491
482.80597
481.98146
482.84384
479.50599
482.44741
521.04871
481.72878
481.66915
484.11317
517.99171
481.61001
478.26555
479.05765
519.79216
479.91488
487.06878
482.84803
481.80412
476.77358
521.00772
517.6302
482.88926
484.95526
517.87229
483.66908
481.45928
482.94709
478.96918
483.51206
520.11352
518.46899
480.86335
481.67875
517.71059
522.256
518.82543
527.14655
482.78622
521.03846
489.70705
478.05158
518.78177
479.43035
479.51063
480.40732
519.61532
479.07761
490.61732
480.95175
485.42585
522.25456
520.59822
481.77086
483.08207
477.30772
485.64622
523.2183
513.48806
517.47543
482.45537
480.59631
518.14162
479.93609
517.93247
484.20505
482.40526
525.16215
484.36067
527.6039
518.80735
520.71889
500.17975
506.98724
480.34468
506.11447
482.72477
480.10847
520.30831
477.73145
483.02691
481.74835
515.65394
524.22224
521.11003
475.00818
480.82822
520.54936
486.91848
436.44074
445.6313
434.09733
502.22269
453.74675
432.23682
482.25562
520.92664
482.76705
483.30127
442.56886
479.40533
523.3438
444.07732
518.31064
481.93947
477.5104
489.77904
488.3759
471.14641
482.81993
483.7723
482.84936
520.17084
518.36514
501.49699
518.59022
474.47369
480.28434
520.26101
482.00878
443.49242
476.17699
522.27614
480.13056
522.60969
475.95728
480.384
519.60595
504.47922
482.84334
518.61252
480.22229
505.91987
489.62764
481.74256
460.34283
482.44772
483.71465
520.68259
477.2796
482.60551
517.78409
521.10655
482.65116
492.38524
484.97179
516.52885
478.7663
473.35626
429.18125
521.05384
521.00464
480.5986
439.50745
521.01178
521.00542
482.56424
440.07147
517.80193
482.64072
476.87854
480.76443
482.45277
520.97436
522.93392
476.38693
479.77792
442.20714
460.94697
440.85853
436.20993
451.39949
446.75463
453.99795
506.16037
505.92398
478.89479
485.3117
477.37496
434.59016
504.34567
444.5187
438.53136
496.04423
437.63224
450.83472
439.03986
482.68346
481.22074
482.42975
432.61102
517.26066
479.11749
477.81574
477.3895
476.97531
488.07522
521.14525
480.43492
500.94638
520.97152
518.49348
480.52865
518.15164
517.69002
480.19457
482.70586
477.50724
476.619
482.74927
480.24731
480.09223
481.56984
518.42739
484.74041
518.06417
477.63484
521.06469
476.80656
517.92314
517.80766
477.61148
480.39727
483.01108
482.5299
485.55535
481.64919
517.76221
484.65315
487.03987
485.42306
482.5128
521.09138
486.91646
518.9172
517.59
482.34512
482.65012
481.56736
477.60226
479.50097
439.69615
485.04526
483.30833
489.95296
482.63721
517.12514
477.01597
523.47104
481.00047
521.01731
441.26124
477.44961
476.43313
484.2465
481.49801
476.07585
524.04781
517.87902
480.37571
478.6235
507.04943
485.19662
482.29314
516.93448
482.36926
518.89059
518.84511
484.72224
476.84559
487.06675
482.80117
481.07881
480.27632
480.07017
433.42182
483.74293
517.5861
525.04071
483.0961
518.12915
521.07327
482.31383
476.61909
481.25032
517.9646
485.2694
481.35849
518.86787
476.66805
482.51737
517.8883
476.713
524.94176
488.40059
483.33402
480.44994
480.63552
480.68466
481.02648
478.25121
517.7208
486.10757
471.02188
487.62791
480.622
521.20137
480.28535
517.8914
478.31652
517.81322
479.22323
486.89676
484.04824
476.75241
439.71661
432.31572
480.77009
436.99694
497.85071
475.36045
482.11729
504.95418
486.7658
520.24455
480.53386
518.63211
506.94126
435.58261
450.33255
500.24168
477.41414
525.22593
489.71412
487.86352
519.1588
480.76891
445.32648
478.33549
439.41361
435.50719
457.15724
430.69798
521.13581
481.2621
522.57196
519.43447
481.02427
518.70336
507.60695
521.03877
503.88542
521.02111
487.79661
440.6302
499.58448
505.16092
441.42254
484.73539
480.99987
441.30967
481.72724
520.02729
476.80519
516.60654
444.01582
520.93175
453.84208
442.62936
434.49237
433.29826
506.50307
456.1839
432.99271
434.73506
477.68957
433.49515
507.55682
471.1608
478.13951
517.68659
477.96302
496.90969
477.49848
521.76573
520.11609
522.90056
482.51056
481.74954
499.88893
480.22963
451.51987
520.9218
487.34888
506.52084
521.13514
480.49983
525.34201
444.46616
525.72365
481.89515
481.64484
434.26967
481.04627
480.92623
483.04156
521.04928
452.91476
438.419
442.22175
480.71153
482.28635
518.77856
439.21896
483.32523
435.65745
505.38198
506.57642
519.88193
442.64495
427.33954
482.19352
439.75292
437.83704
526.94832
482.59079
486.96382
482.53125
480.73983
519.38591
508.14667
506.27875
436.74698
478.56128
460.5882
441.0748
478.2055
504.97067
520.93877
458.31674
481.77754
437.06718
442.06436
481.1794
450.92317
497.74887
508.99095
433.80138
435.77752
433.77931
500.17827
431.89923
520.03491
488.87783
487.97241
483.24817
428.07264
505.08596
431.17543
432.43409
521.0808
487.22583
473.78282
487.48176
485.16708
481.32334
479.18392
472.13262
454.12595
479.03646
477.28789
482.14263
483.74059
523.83078
472.83611
431.64361
481.23613
484.10673
476.44449
518.84704
481.55275
489.85249
519.20126
483.71406
487.11817
480.53379
481.65876
485.06929
476.37585
476.05742
484.9221
479.02624
478.71275
517.48406
517.30975
515.83873
519.02635
479.33232
518.63566
518.8709
481.71969
518.33805
520.20153
472.50614
505.9639
482.26564
481.66998
518.94257
481.73345
480.453
488.45934
525.83036
522.38601
489.93703
520.62375
519.40072
481.81455
483.58261
522.17192
503.77616
521.02344
482.08686
487.27439
481.4479
518.1354
518.6196
487.79431
518.01702
481.66288
482.23228
522.19282
486.83161
485.6414
476.85752
517.9318
477.43115
487.99927
518.08376
518.41678
481.57026
480.33007
489.55549
481.78647
481.22913
483.39583
521.07086
476.28689
518.0177
477.55802
476.67447
484.59465
518.60749
480.20409
518.25547
518.48939
481.23808
476.80252
481.7277
489.71269
487.73657
479.7164
482.31433
481.74886
520.77696
477.47791
484.71627
524.31919
477.34279
517.97327
518.58085
481.52913
488.32341
524.21951
517.83354
476.78815
481.71837
517.93138
525.71557
482.34251
518.22468
483.68723
479.90198
483.00529
526.32905
518.25694
517.85201
481.57204
488.59401
479.32214
484.12411
517.76325
479.34278
481.41362
480.84304
525.03952
480.98701
481.41362
517.86239
526.17905
483.09849
483.48548
482.48465
480.83881
489.51021
483.79883
483.32823
486.65109
477.65845
518.12332
487.66366
518.13177
476.64236
524.06955
481.02049
517.63672
517.93707
476.84052
477.57558
487.21493
483.14046
524.97659
517.86165
480.47799
482.78627
476.81475
517.79749
489.19871
517.93697
476.80333
483.30977
481.12586
477.67284
480.64333
517.80807
517.81742
517.76229
481.20881
482.49559
524.05524
480.40324
480.67901
489.58562
480.75172
481.77946
518.01407
518.13477
477.39049
476.5795
480.73011
476.60931
518.2853
485.97923
482.04306
521.69677
481.70658
480.66353
481.49227
517.9731
518.42956
518.84345
481.1024
522.52382
518.08877
485.59663
518.20596
517.90586
481.61655
486.21867
486.80247
486.49196
518.47094
483.14675
517.82538
488.57965
517.93975
476.71847
517.9677
482.97222
481.73983
517.84818
514.58519
517.83534
486.24014
481.82765
483.04968
485.87863
481.25282
477.53572
518.52619
524.86397
518.29852
485.22171
518.74114
518.61037
488.7392
476.82482
481.07821
476.56187
487.09379
481.57775
487.97901
486.29745
482.42667
483.31853
480.28869
487.84454
518.6133
481.10025
518.67196
482.83676
521.12509
482.53821
476.68884
476.88628
517.91428
482.39712
518.02386
518.18596
481.63376
480.21072
480.61659
480.62919
481.18877
479.79574
487.86142
488.58178
518.09119
482.41447
484.8094
517.60086
477.67992
480.2993
480.7373
488.62282
517.97249
480.97143
481.91448
484.5313
487.33443
485.09612
486.76234
484.53787
480.92896
480.87889
518.15127
518.54308
481.11892
489.88222
525.80188
517.97781
521.3087
477.4392
517.82882
476.58556
517.84647
481.39868
518.56739
482.71113
480.15882
482.83789
477.46111
482.32076
482.77542
476.90907
481.98201
517.95607
518.16576
517.86141
514.43913
488.09656
477.27587
484.11296
481.91612
517.94516
518.05583
477.30036
480.87405
514.57007
514.07056
487.72989
484.62009
483.44931
485.38383
521.14589
524.36025
482.09068
482.79905
525.10159
482.03088
518.72656
487.57255
484.40898
518.89367
487.20489
487.82185
480.00461
485.66179
485.63909
479.67018
521.2375
480.82914
517.73221
518.58641
485.72541
517.73518
483.03208
517.98127
482.05106
487.65995
515.73805
486.96798
476.82758
480.86121
518.08828
480.80564
482.48843
518.36053
483.71534
482.2685
484.72566
517.87063
521.10732
481.09817
517.92979
480.61754
521.10931
481.28874
482.49593
521.07195
477.43061
517.93879
486.74664
482.96109
482.95982
476.67823
482.44165
487.88813
479.30268
480.87483
517.82135
482.79632
481.56429
490.01634
517.75306
518.97275
518.50778
480.1087
481.755
482.10789
479.15195
525.23436
482.92149
474.90205
481.11618
517.90197
480.56048
483.43604
480.57046
483.74872
489.91137
482.08323
518.64643
475.69096
517.7748
507.18529
482.93028
479.63287
481.10564
478.54936
481.52838
479.85227
482.26193
477.85431
481.31856
518.81771
482.01589
521.1123
480.52516
481.89549
476.41153
482.02172
517.6289
481.01916
481.91541
518.28329
482.48297
482.25532
487.58787
482.92957
491.33664
515.30682
482.99895
480.91059
518.20703
477.5837
517.71765
506.09899
518.70463
518.0208
517.93077
480.81859
479.38816
517.68519
476.795
480.79264
519.28894
523.7506
488.29704
480.77802
481.90704
485.25187
482.41469
518.99785
481.10394
482.33011
481.91376
481.29257
479.24073
480.37055
514.99677
484.08837
475.61079
480.71843
520.40654
525.08951
480.06076
479.60976
478.98943
522.44691
479.50057
481.20467
479.75223
522.3277
479.69562
522.33606
480.73109
480.67634
479.25814
482.21874
482.10833
481.11349
481.44256
482.40613
483.3077
481.36514
481.84893
522.09301
480.08524
480.00869
522.11096
480.48993
479.84612
481.55306
480.90359
481.00036
481.08522
482.52524
481.12301
521.51264
481.15176
480.8693
482.13665
522.37998
482.26433
522.60262
482.16799
521.4965
489.37875
480.30651
478.84174
477.98303
520.64285
520.56132
482.13652
477.36904
482.87396
483.0546
478.60297
478.83447
521.53473
521.89024
489.07924
481.36693
481.0772
521.88536
518.76877
475.16428
481.56835
481.20963
521.55872
480.08835
507.85767
520.83008
523.28375
486.68376
481.7835
480.17751
441.61659
440.74307
480.32566
477.28248
524.87811
480.78452
520.26365
484.08002
481.10046
481.6441
521.10008
481.36841
522.02336
522.44869
480.94551
478.48027
481.62763
482.80451
490.0885
521.7354
524.99695
479.00923
508.00037
515.79491
503.99489
480.15402
525.42458
507.58793
484.66324
521.50546
522.26286
480.34461
520.08863
482.31944
478.4201
523.52468
479.92513
519.6457
477.23422
526.19497
509.89532
480.43049
481.86193
480.48813
480.04612
436.40428
521.5392
522.50765
482.93856
521.44248
477.49768
522.16314
485.37146
473.57709
520.75447
477.80308
478.70608
479.35877
479.88398
480.82593
522.40283
484.2021
478.68925
481.4344
521.79294
476.13332
521.45368
476.62259
523.19371
477.1578
483.37883
521.41079
521.88317
481.54146
522.15388
479.47442
481.49507
504.3938
521.58682
481.8901
522.30716
480.90186
484.214
522.87746
485.54962
480.42689
521.39494
522.33693
522.37242
524.24394
523.0826
481.893
478.09428
482.14949
480.88328
481.36418
522.54096
522.36812
523.00427
480.19351
480.07564
479.71146
522.64409
521.32456
482.56113
482.52745
479.57714
477.46928
522.22748
522.19978
481.03582
522.69671
480.93284
521.23998
480.49156
522.39049
522.04717
522.12302
479.90551
480.51489
483.33921
520.76079
481.36217
479.56097
521.70943
480.27049
479.75572
522.0321
480.84348
479.61832
481.95602
479.59468
521.48366
479.69299
477.164
480.06717
521.95317
521.72367
482.53309
481.18742
480.62419
482.69548
481.23625
482.99696
521.29527
480.16609
479.73685
521.73639
478.40153
481.72945
522.21916
484.87801
478.56934
523.52205
478.86542
526.56529
523.93806
479.09715
522.16682
487.3474
477.94113
521.49724
478.89568
520.72183
489.03254
517.92893
482.61555
481.3567
488.32249
480.81507
521.56067
482.89054
477.93812
479.90885
527.59848
481.02645
480.58813
521.88889
481.36742
479.47593
522.05773
479.5451
482.79503
479.30487
479.39201
521.99125
481.12028
480.15211
479.41056
480.75038
479.54859
481.50262
481.58224
481.11957
482.27829
481.63045
482.43782
480.8843
480.46729
521.74977
481.35992
481.94588
479.71345
521.97383
480.05202
482.79162
480.38046
483.44599
522.02956
479.48037
481.7185
521.98283
480.51613
481.68597
480.84315
482.29293
489.31227
522.07954
480.53547
481.41257
520.65652
521.32432
482.66864
521.79017
481.12929
521.71893
481.86217
521.7584
521.63147
479.13664
479.76544
481.99168
521.55308
481.50331
479.66379
521.6975
480.46951
521.645
482.75643
521.28907
521.5213
480.57329
482.69729
481.81655
479.63133
480.97857
482.87271
481.86384
479.62083
481.20544
521.42588
482.32624
521.69479
482.5276
481.36069
521.51719
521.87979
481.55776
521.63535
482.7073
521.76315
521.2101
481.71121
481.2373
481.17156
480.64407
480.51529
482.03593
481.80502
481.45688
480.91338
480.81251
481.00884
480.72258
481.59406
481.77963
481.56354
480.3721
481.86367
481.46885
521.51905
480.7105
521.58238
521.56164
480.84498
521.67368
482.20612
521.22437
481.68464
480.3748
521.84856
479.66039
480.55373
521.86946
521.7204
480.61535
525.92935
521.65456
481.45053
480.19474
481.81007
481.55581
521.00489
522.33994
481.20256
479.39442
481.39108
481.88111
483.4812
481.04271
477.06034
521.97432
481.51788
522.01262
480.82686
479.99724
522.92389
481.26385
481.42166
481.2884
480.89531
482.26619
481.15798
521.56942
521.85406
521.73795
480.89801
522.08836
480.93174
482.19912
488.23537
482.20805
521.75201
481.3833
522.1178
521.69196
481.22969
479.98147
480.95888
521.95164
479.21155
482.11364
482.49676
473.19919
521.75255
521.73575
521.46951
521.03306
480.31496
482.5172
521.95119
481.30196
480.30201
521.52785
480.18002
521.5985
521.69745
481.45315
480.37146
480.57458
481.88098
481.51813
478.17594
481.07735
481.51944
482.15842
521.57271
480.97181
522.01352
480.80817
523.15189
508.00101
482.18585
521.74013
521.51197
520.64084
521.51605
481.45314
481.34866
480.40979
521.5635
521.54778
521.57394
481.36505
481.38645
524.63326
522.21057
481.14603
482.39544
482.8215
480.61917
480.10501
480.87722
521.61734
521.80839
480.44391
480.65688
521.50965
481.02392
521.45788
481.21178
482.09234
521.52165
480.91314
481.43188
480.21843
480.68531
521.39341
521.53975
521.03667
521.70785
521.46122
480.67214
481.59495
521.42921
521.45493
481.15737
480.25879
521.65749
481.69104
480.9876
481.51353
481.34282
521.50406
481.99531
515.70166
481.56262
482.13742
480.39188
480.04866
482.02465
481.16454
478.29332
481.84101
482.01516
521.45538
480.89653
521.50852
521.41928
481.31876
481.1348
521.49855
480.07632
521.22893
521.57871
480.59163
480.92986
480.69846
480.61144
481.77114
521.61709
521.63901
481.70735
480.6939
521.46919
481.0736
521.57063
480.26076
481.92452
480.5204
521.55462
482.33712
521.46563
480.86399
521.52289
480.85701
480.73457
521.53652
481.90083
481.02256
521.32408
481.15579
481.24157
480.81248
480.40882
521.31697
521.46996
481.03561
481.68532
481.27416
481.76515
481.33431
521.27711
481.49277
481.63526
480.99471
481.0891
481.24356
481.67887
481.36736
521.40811
481.69081
521.40375
481.78497
480.89806
482.20104
480.80901
480.40329
481.4272
481.75807
481.54509
481.37742
481.36796
521.37272
481.52948
521.42367
480.80897
482.662
481.43498
521.45413
521.5068
482.1371
482.12035
480.5087
448.50256
481.30238
521.44735
481.20318
480.9403
521.3833
480.96601
480.68007
521.54032
480.54571
481.41492
481.16695
521.21558
481.06132
481.12291
481.37729
520.17144
482.1596
519.4274
481.91343
480.2408
521.13078
521.44061
480.09646
481.62216
481.12364
481.74823
520.48304
481.49601
521.38347
481.23049
480.20514
521.3443
491.35814
483.46868
521.73007
483.15671
480.9771
480.92305
481.26951
521.46724
472.07751
476.66386
522.81346
480.76309
478.38371
488.26666
482.07983
521.47074
481.08777
481.5125
480.61602
481.40878
481.23914
521.32424
481.53841
521.93278
521.32047
521.34273
521.29094
482.32726
480.90596
481.51966
481.80582
481.06336
476.03506
521.40304
521.424
521.30567
521.43294
521.37921
480.04073
526.06735
521.80121
527.1258
528.09838
523.21889
480.59758
482.59956
481.46413
439.25813
434.9991
444.4662
437.59038
446.99981
521.70359
447.27951
521.36979
521.53836
437.14292
432.26767
498.70894
435.16764
516.86447
456.80175
507.58996
439.07224
439.37132
520.82181
506.91382
435.70228
451.46653
502.5283
474.48645
506.24985
437.75274
442.11866
506.94468
445.27536
505.09823
498.50342
512.63425
487.56814
432.93846
521.17305
482.92649
506.16725
482.97784
480.61834
480.08196
525.25933
484.53565
481.67729
477.11779
482.95208
478.24428
435.98381
519.66957
523.28792
518.16089
513.10626
507.63086
499.72163
432.75321
438.04884
505.69453
439.75711
445.98145
453.69067
446.12674
478.81917
478.52096
521.86048
480.30873
481.42927
506.11557
482.8821
482.19482
520.81919
477.75513
511.37471
444.82426
456.76637
504.81518
434.89216
486.5432
520.38787
434.6537
507.55586
439.79448
483.55524
424.85397
518.506
439.99291
446.90851
432.40538
430.47173
479.8231
505.19146
521.65586
445.57984
505.7562
450.82948
479.05434
498.71376
439.5458
436.34048
501.89601
478.94764
432.37575
431.05313
507.20803
449.16884
482.19607
477.91498
479.03892
521.67614
507.88873
504.87389
480.9709
477.82759
479.16408
473.62598
479.19854
522.59881
483.08286
480.72807
481.28679
477.29546
481.80571
439.44638
483.39898
524.01749
524.07598
481.68508
525.22742
440.30969
475.03387
500.04379
520.94648
478.93826
521.29554
521.61176
476.64821
480.80732
437.60046
479.8916
480.99819
447.36616
479.35441
481.33142
483.11423
521.3001
480.33972
481.52184
481.50741
522.24728
521.27557
521.57706
480.58639
481.84637
498.14659
520.5365
521.29307
506.66787
482.13921
523.51429
521.4497
520.88781
484.83306
522.66993
521.23676
480.44959
482.1787
480.60073
521.45912
520.82452
482.33706
481.49354
480.82774
481.49127
482.12768
522.54104
481.11862
480.82247
481.781
479.95298
521.84891
479.65356
488.44119
480.87865
522.48354
476.61561
523.74891
481.95375
482.28908
521.09785
482.01861
480.61615
483.33281
481.58579
481.09477
480.72851
480.39619
521.45093
477.69784
519.64025
520.30703
521.43181
521.37826
482.49579
521.34841
480.13503
521.19306
483.36499
480.98914
428.85005
482.2512
480.90051
481.70174
481.16786
481.62583
521.56518
481.98042
482.02832
480.30508
480.40921
482.10085
481.87599
521.47815
521.79402
521.35466
521.41495
481.68624
521.52688
481.42375
480.37226
521.4345
481.88421
521.46783
521.46691
521.41742
480.69605
481.44879
481.01225
481.32039
482.23352
481.46304
521.47438
521.54801
481.25165
482.13063
481.3099
482.28521
480.31767
521.4686
521.51938
521.65917
481.59846
521.36401
481.21061
480.21097
481.06144
521.5709
480.4487
481.28049
521.50518
521.46424
481.18323
521.55102
480.18756
489.51367
480.49584
521.36739
521.84897
483.11167
521.33388
521.61698
480.89724
481.46538
521.44832
480.28346
482.24075
521.76328
477.59763
520.63121
482.59478
521.68431
521.06465
479.46748
480.63929
481.47734
521.52804
521.73602
481.78272
521.57992
481.97274
521.55225
521.44965
480.36079
481.54858
480.99645
479.82937
522.74896
480.49338
479.26777
479.08271
489.79787
481.89423
480.91656
482.10604
522.37604
521.44592
480.2243
482.22024
481.8272
479.94755
521.2625
482.24462
481.45099
490.17954
477.24407
521.86888
480.1512
481.03819
480.02264
483.88239
481.29193
520.47252
480.9927
521.70975
480.01442
480.1299
522.07996
481.1167
480.60279
521.79448
478.22306
482.89454
481.95103
520.9754
482.72665
481.26526
481.81894
481.32731
482.32898
522.10937
481.27996
480.66514
483.10857
521.32879
480.48839
481.36158
477.36621
522.6069
481.47303
481.40923
481.30714
480.76842
480.44431
480.56542
521.97348
481.10272
481.21031
521.25254
481.23025
473.75413
524.13307
521.2018
481.25126
521.21057
482.37971
481.43068
480.36191
522.73144
481.86304
480.58422
522.9201
523.75974
480.61339
481.65492
480.76545
481.62969
482.20551
521.85938
481.62435
481.61834
480.15151
521.88511
521.85915
480.97113
480.54511
522.08926
481.57092
522.24547
522.7697
522.6647
481.07383
479.75425
480.99766
521.30327
482.73237
520.58593
480.53579
480.63354
480.85629
520.39292
520.56695
521.89113
481.31187
522.19811
481.83249
480.57198
482.27168
521.62314
482.64581
481.41182
518.60584
482.7542
525.78786
480.81033
524.72498
480.40526
480.81843
489.14229
521.27113
481.90174
478.83536
481.96189
481.74204
520.95019
480.70504
481.5092
526.49712
480.30099
523.23995
480.92569
521.45457
525.39943
489.20686
476.74419
478.25029
479.5912
521.95593
483.42111
480.64862
521.09713
522.42593
480.1737
481.64694
521.90485
523.66054
476.07341
480.55391
507.28232
521.406
480.02412
476.68927
481.72938
521.71141
481.61543
521.0357
482.00824
481.69635
479.11536
482.29423
480.72938
521.93875
482.0998
480.87137
481.06041
519.80076
481.32685
479.87107
521.11181
481.41992
522.91991
522.04336
481.98374
480.51624
520.79656
522.1179
523.05931
481.91166
521.22343
481.74255
481.83019
481.63005
477.51308
481.08316
481.299
521.87004
480.64612
480.78139
480.59127
480.92569
481.10541
476.85738
523.73577
479.22919
520.91071
482.60961
480.495
520.80364
482.15391
521.95736
478.72057
480.61287
480.55059
480.26059
480.68807
482.00815
520.39803
480.5162
480.12584
482.56262
483.85737
528.89452
481.86393
526.97832
481.25268
480.0313
521.51776
481.98169
486.9016
475.0033
512.27044
521.19781
431.17163
437.12838
440.76949
432.82157
446.9398
443.61503
436.00734
499.1403
438.24507
438.39564
482.33554
488.55878
504.9771
496.98126
478.93864
443.72536
508.03673
506.32973
482.21904
480.33174
433.38297
432.73831
512.68984
446.95044
503.68143
449.48523
482.75738
521.09599
482.94867
488.16446
438.88885
513.71942
448.75584
522.88839
497.55177
520.47113
438.46994
440.99874
433.75186
481.2016
499.59629
521.97236
480.03637
522.15192
482.06246
476.80803
483.93703
525.33645
480.92263
483.03481
480.62515
480.45715
477.99379
519.952
497.14733
527.06944
438.11204
519.00424
510.86105
482.68286
479.68018
484.44666
431.73738
475.9009
425.10322
433.65834
443.25748
438.16699
487.61556
503.83995
519.37107
479.40755
520.41659
491.70912
479.54811
478.75452
475.8672
426.09623
494.65259
483.27575
481.15268
431.82139
477.82955
428.23627
452.53589
445.82559
507.16842
427.96153
426.43015
429.02623
489.85332
504.35984
506.13005
432.0924
457.52229
516.26704
432.71132
487.50838
503.63272
519.82568
441.0287
481.47465
480.80017
479.52749
482.73509
528.20522
519.95974
480.82635
450.94779
449.61405
476.74421
521.19539
435.20249
506.88251
481.40119
482.18349
501.28043
480.33203
528.14107
479.77294
477.56886
519.79341
446.55547
521.21614
481.31494
520.99694
519.73973
479.86064
481.42123
481.67924
481.06729
477.26252
507.08974
521.47266
521.41407
482.44808
514.79251
523.49311
481.89839
480.40836
481.80949
480.67992
480.8592
522.09677
521.56647
522.44246
481.29479
480.25301
483.01283
480.1987
481.67215
479.45515
421.0379
521.46141
522.30953
521.73864
482.23777
481.46421
481.71217
480.5859
481.71722
480.49262
521.86414
481.33227
481.19208
480.49258
523.47561
481.66234
521.9556
480.34955
479.85437
481.53804
521.99378
522.03539
481.66577
480.46523
480.38289
481.28885
481.25469
521.99191
480.3734
522.02056
480.88868
522.00834
481.0696
481.65662
480.40982
481.69006
522.03877
481.61956
481.58625
480.88589
521.92528
481.639
480.80666
480.7724
521.82908
481.46943
521.94519
481.5451
481.25657
481.34852
480.30993
480.59139
481.32984
481.72325
522.20605
520.89922
522.05009
480.39447
522.03612
481.76012
480.87591
522.01539
481.55108
481.58915
481.61646
521.9764
521.95135
480.46003
481.22797
480.48413
482.22618
521.30699
479.76133
481.50302
521.91662
481.33014
481.23415
480.69511
480.90199
521.99501
481.08648
480.59696
522.05003
521.12061
480.60915
521.82248
521.19752
522.05418
481.22689
481.36639
480.29666
522.16474
480.41672
480.94592
521.99689
480.92653
480.50941
480.6971
481.19934
481.57482
521.96604
481.22313
521.61191
480.90503
480.81183
481.03998
522.27724
481.52332
481.04682
481.73564
522.28263
481.33839
481.25362
522.15092
522.0767
481.52486
522.169
482.38449
480.9135
488.47147
521.9734
480.32057
521.97702
481.14798
480.87932
480.37057
480.78847
522.08863
522.21071
480.76896
480.45633
522.05291
481.04289
481.05944
522.06795
521.85425
481.03189
522.03534
480.79211
480.32991
522.00899
521.76351
480.97529
480.67339
483.9699
480.41508
482.72187
482.80827
521.96151
480.12516
481.40986
522.34368
481.31978
518.58734
480.25022
490.09749
480.40265
481.98705
489.70261
477.09033
480.48088
520.32967
480.47378
477.23212
479.41402
521.767
519.50925
479.75387
480.06977
481.79307
481.78189
482.34567
480.76587
521.67419
482.49198
522.19541
521.47205
520.94412
520.92225
521.94992
521.84168
479.52734
480.14908
522.47798
480.09683
521.53438
479.68939
477.24738
521.61757
482.52443
480.78061
481.22787
520.69453
482.39981
480.14813
481.70976
482.24903
482.92045
488.83278
521.76582
480.36551
520.8181
478.56993
482.43947
522.22044
489.33186
483.04412
479.50761
489.86074
483.26833
478.39577
520.90152
481.52747
521.09421
481.30352
521.48835
519.21146
521.45862
481.12975
521.18038
480.92348
479.54181
481.43126
522.23574
480.9668
521.1867
520.61446
480.76931
481.60029
478.26341
480.95412
481.83271
478.82999
521.11253
478.13086
482.28515
521.39431
477.21833
477.64118
483.60251
521.92843
479.90607
479.77489
481.30453
521.18987
479.66213
496.86986
479.7958
521.82382
520.66832
521.3272
481.40189
481.00207
520.78187
481.46816
480.15
521.79131
477.74352
481.00381
521.38416
521.31681
478.85375
483.18913
480.97043
480.92466
473.79953
478.95065
490.05024
478.04633
522.02569
479.2946
521.31898
483.36257
482.03954
522.14345
480.49687
482.85544
480.91893
477.46599
481.43268
521.69203
482.9664
521.3729
480.22419
522.78194
521.83257
521.63492
482.97326
481.79069
521.25394
480.3938
481.90415
479.17925
521.56647
481.76628
477.26333
481.61414
521.87826
478.7023
489.52622
521.58346
521.37572
481.57632
489.62048
479.59326
482.23986
522.30306
482.82644
521.80664
483.24235
480.02416
480.71399
478.99569
478.82574
478.81605
480.56176
483.41163
477.34415
521.16659
521.86179
479.40712
482.22538
490.27456
521.19649
521.36566
489.87231
480.69232
522.53067
479.62113
479.42133
521.55728
479.30558
479.98711
480.4399
479.80075
477.53674
480.48623
522.59301
521.19747
481.80354
481.49295
482.04885
481.51702
482.8248
482.40561
521.46647
521.283
521.21226
481.47508
480.7325
521.953
481.24383
481.30349
508.00039
482.70803
477.28773
521.22996
483.2024
520.6242
480.3523
521.44913
481.74046
482.14381
522.21213
479.93607
522.24098
482.20309
481.22794
508.96474
477.33748
481.66919
481.90373
480.24544
521.86747
479.91975
522.04547
479.96338
480.07713
522.35955
482.45825
479.09012
481.15104
482.62383
480.52068
521.39461
521.83078
482.88704
521.74077
477.42355
477.43016
482.95015
521.77712
480.52542
479.56816
480.47576
521.38052
521.70545
481.37231
477.37084
482.13611
521.74505
507.99971
481.95849
479.80989
522.10051
522.13578
480.99358
481.70427
480.76099
479.74915
481.86305
481.61309
522.59847
481.75061
480.87599
482.41775
480.27676
480.29634
478.73309
519.81967
481.28335
479.47572
482.0213
489.06745
479.44082
481.2223
482.37809
521.75088
479.01685
481.5168
522.20983
522.01723
481.50864
481.10726
481.52118
521.85796
481.01123
479.60029
479.08918
479.94067
482.17426
482.80703
521.5042
481.37028
481.29916
481.40983
481.3126
521.50884
477.35777
481.78814
477.44023
521.95244
522.12127
481.81112
521.24747
481.67293
517.71141
482.62472
480.5445
522.10676
522.08139
483.03655
481.66409
490.3692
481.84617
481.53218
479.11636
482.01713
520.84221
521.94186
481.02225
482.89473
520.57231
482.57974
486.68067
485.18084
481.83844
481.38064
482.04152
480.38008
521.54144
480.16516
479.97206
480.25737
521.80054
481.36105
521.84774
518.71394
480.93548
476.70193
481.06142
482.75227
479.18087
481.13082
482.43713
521.97016
522.41568
481.51511
519.92727
476.75995
478.98921
484.57089
480.89691
522.06629
481.56113
483.10183
523.1637
481.78862
479.38215
481.60527
479.71174
480.09389
522.55033
479.31297
481.03589
481.94404
481.15063
482.62517
522.29515
481.59867
481.95693
480.40943
488.50243
481.48748
521.73929
482.06635
518.64731
482.01071
519.42061
480.04749
480.15374
519.57031
521.91087
482.84564
520.65877
481.04024
522.2891
521.31637
481.12201
520.792
483.46254
479.23119
482.83986
525.0153
481.3061
481.82709
481.14796
480.68351
522.61933
521.23031
481.2641
479.48699
480.22535
482.48499
481.04261
522.93683
521.85612
480.10889
521.25702
481.82216
479.56605
480.80714
481.30556
478.41655
479.58921
521.34282
479.16416
521.46457
521.32007
521.02181
520.8965
486.58228
481.62924
522.0105
522.05163
521.76553
481.62369
481.09126
479.27658
481.85568
520.50827
482.38053
480.52583
481.28938
485.80495
481.77755
484.63609
481.90777
520.84273
520.34929
503.52359
524.22414
485.3212
520.93024
482.6659
490.86514
475.55707
482.34676
521.3257
484.64842
521.38543
481.79516
478.23631
480.24798
519.83091
481.52672
475.06882
476.32232
481.33777
481.76631
480.80051
496.43948
522.60795
524.41306
477.4979
519.99138
481.02219
522.958
480.83921
478.05503
475.61791
478.08104
479.30307
479.64012
481.37604
482.68462
521.859
520.63347
522.79645
520.28245
485.11335
522.67685
484.45188
522.08784
478.12955
521.45507
521.33352
480.40477
480.82441
479.83349
520.76553
520.49616
476.67358
521.05193
489.40485
481.82914
476.60669
479.20428
489.59388
481.37388
480.52057
480.15389
474.36669
519.8143
476.98922
520.9309
478.68476
520.71069
481.99537
481.38026
475.86717
519.59589
488.71497
480.78777
482.10337
479.82478
480.15709
478.0179
481.06633
519.87253
481.52703
524.1798
482.12612
481.92427
523.24358
480.44209
479.63397
524.16049
480.5005
484.10017
520.75703
481.25857
483.23147
481.14838
482.1653
476.96495
522.73743
520.78139
486.67605
479.40296
479.5098
486.74106
519.74654
481.5251
481.22485
477.61211
520.92398
482.74512
479.80217
524.22618
520.5614
481.57261
490.53726
480.22641
521.51028
478.84253
524.44269
522.05284
479.91234
487.00997
521.7732
479.94164
480.72363
481.39772
521.4632
479.61465
484.04902
481.72079
521.51976
523.97394
520.13852
470.70378
469.74272
457.49675
476.08927
478.12899
526.29661
523.36985
519.99378
474.04126
479.41551
481.2195
481.42144
478.53737
477.08705
483.27161
479.02497
480.00535
481.36527
479.94307
507.67302
480.21591
488.84103
482.59063
481.7237
523.65812
507.99975
479.94955
517.70015
480.27113
477.62287
465.40767
521.99146
482.11816
473.17218
480.89641
485.20224
483.6392
482.59905
526.23418
481.11727
522.76781
476.02546
479.26067
478.87582
520.28571
479.86348
476.913
479.19525
488.66999
508.00087
525.23001
481.73368
482.87696
485.70743
519.60108
479.55726
520.39576
486.8698
485.3244
520.09978
520.64872
478.07136
481.4637
480.62453
476.50604
524.68901
481.83879
480.14566
480.47785
525.67709
523.77914
480.95413
525.82018
482.44449
478.8604
521.27577
520.56128
519.44471
480.39048
520.79844
520.10122
487.75621
481.97182
520.04685
482.3551
481.25022
481.16233
489.10408
477.75082
478.54763
483.5838
471.9501
479.22152
487.21725
522.48389
486.01457
477.80122
526.60249
526.33055
469.05019
520.97551
480.62724
520.82374
481.19289
477.21871
523.98135
477.39656
520.90784
521.16942
480.66943
481.85757
521.37823
520.35633
479.56134
481.24502
481.9799
480.32752
522.01267
481.77123
527.31195
478.38754
482.2738
478.57414
482.88475
474.52476
476.75747
525.15801
519.32562
522.12551
477.66562
476.44577
480.86044
480.08426
482.76085
482.1537
481.24218
479.66094
520.02249
483.85776
481.75663
487.04544
519.21791
481.6644
524.30783
478.12296
481.80789
481.2251
521.7314
480.99848
520.96785
522.88144
480.49767
521.15209
480.71403
481.20198
521.29729
477.07066
477.12417
481.6167
522.62319
523.06143
481.87297
483.15805
486.76512
507.99799
481.22485
520.02519
480.87868
477.94534
480.93523
508.00063
503.98023
480.20157
485.81865
480.43961
483.09712
522.78147
481.88455
473.55932
479.53361
522.47094
487.19779
481.1734
522.3418
481.32404
521.31065
481.12335
481.00009
479.66648
522.17837
481.33208
521.56516
479.20924
481.17949
521.84891
481.76875
521.88312
480.58281
481.22478
482.01954
477.19563
477.54196
481.98565
487.01008
483.10739
481.23368
521.6496
481.45621
520.57245
478.27315
521.31502
521.15304
479.99857
480.82847
482.41998
487.82766
523.5519
520.40891
479.28733
480.96138
526.59939
479.3919
474.41924
482.37789
482.20874
519.45928
522.49489
481.97844
481.72541
482.02132
487.3207
479.29926
480.52078
521.97112
487.44344
521.96363
479.89233
480.43958
483.27677
482.74301
483.20449
522.25138
481.99135
482.47627
522.51876
477.32759
479.02561
523.25225
522.48054
521.31273
524.56898
521.92524
482.05498
475.75998
479.98026
520.36158
478.78093
523.97946
520.17011
480.71527
480.78263
522.36039
482.32687
479.22665
478.91071
488.32392
481.00137
481.34185
481.04644
481.43214
480.16857
522.58114
521.61771
521.67275
522.15323
520.97311
481.4191
522.00538
482.31223
479.16808
480.71502
522.23096
481.76108
479.18315
479.83726
481.57546
481.53505
488.72506
521.69059
480.65128
480.23735
522.1301
481.26234
480.38244
521.84762
521.66899
522.1323
481.57804
480.69382
481.32483
479.97453
480.65472
520.23435
522.73061
481.29969
481.82353
521.66685
481.66448
481.33203
481.8045
521.28496
521.97646
521.14136
479.58036
481.69318
481.4207
521.26919
479.89122
481.55182
520.90573
481.56115
481.32506
476.808
481.48567
482.82674
521.84635
480.79444
522.1278
481.69278
522.00958
522.08255
521.71737
521.91041
480.28488
481.60738
521.42759
481.26008
481.31503
481.7999
482.26984
480.89633
480.60018
522.08554
480.79856
481.16156
480.713
481.23681
521.66391
481.75661
522.16141
480.17944
480.52495
480.45905
480.46573
521.8968
481.82556
481.74487
480.15189
481.85552
481.42746
521.99989
522.08306
481.67748
481.74505
480.20913
480.38901
522.04181
481.86499
480.4636
481.57368
522.07735
522.02469
481.73049
481.67338
480.51688
522.03483
481.43686
480.30344
522.02162
481.49688
521.97191
481.40778
481.48547
480.39105
522.3287
521.97743
480.31326
522.02612
481.77025
480.84171
480.86179
480.273
481.44711
521.86497
480.57631
522.02783
483.12915
480.23313
483.13855
481.77153
481.75901
480.34974
482.06537
480.53264
481.56566
481.23255
481.68326
521.53778
480.58515
481.07058
521.93327
480.02495
481.92504
480.3504
481.78926
480.2372
481.63346
480.60187
522.05917
481.64578
522.03803
482.06025
487.81811
478.83312
520.82346
483.10776
520.37822
477.44289
520.66606
479.79641
522.27382
481.03267
520.87783
480.45179
481.20735
479.92334
521.08845
522.4743
522.06652
481.63432
522.07434
481.57269
525.59439
520.97351
479.10845
477.31451
521.33583
522.05571
479.15788
521.26271
480.4567
482.16884
481.11331
521.99182
521.93726
478.62182
482.88106
435.46417
479.3037
477.61645
504.84197
440.36105
448.87934
505.11009
477.9248
451.03862
520.22303
421.16645
480.61451
438.01105
432.85828
446.37857
498.16586
506.99467
438.38822
446.6997
523.61251
448.67564
477.10098
507.02845
438.7418
522.96612
446.86776
433.47837
446.60081
476.83307
440.9227
476.1772
521.18957
442.92075
514.71457
429.28307
429.65111
479.70823
475.89271
519.29284
431.34379
528.32738
448.71519
521.38637
505.62808
499.7529
477.80377
521.28708
479.73249
479.87322
523.71576
480.93732
474.56702
479.27118
514.72454
521.6852
481.10968
481.75573
480.19403
438.58861
433.85811
504.5726
507.91912
433.09927
481.79874
503.97391
480.89976
429.0538
487.04824
521.5346
476.60365
515.49782
482.29194
527.17839
484.93088
522.13809
486.61742
484.52831
519.77389
520.93485
474.37143
476.54033
434.1015
431.28585
514.74894
507.58131
498.64132
436.129
433.83794
522.91733
516.33844
449.3329
439.15624
495.32306
478.65423
434.88838
504.7634
480.85585
439.4342
482.34186
479.53218
507.99529
421.39976
429.30123
492.04484
476.92248
521.5967
439.63025
522.29329
514.3537
521.78001
439.11295
525.58141
434.61745
478.40904
483.02674
476.23605
482.90147
482.59928
520.12051
488.74317
482.16015
477.87975
525.95073
480.6141
517.77007
479.31233
521.30366
521.51983
519.13608
504.47913
481.19686
518.85811
522.12029
482.15878
483.06831
519.64162
424.71615
476.67758
482.29546
480.35826
521.07557
486.10479
519.4401
482.25459
527.55411
482.80627
481.78679
521.81003
521.00923
478.9386
482.89939
477.08739
480.13569
520.92105
482.41982
486.74744
481.5778
480.2033
508.11707
480.67618
482.26491
479.5581
446.98623
519.14123
520.31991
479.68156
487.46467
477.62795
479.65505
521.47425
477.37708
526.59143
480.47725
481.47229
480.54683
521.98987
480.66317
481.68611
481.74286
521.77677
521.85117
480.39654
480.79307
482.21092
480.78168
480.85596
522.01721
481.44872
481.64203
482.46747
522.09967
476.55982
480.33283
521.76464
480.08297
478.93666
480.75054
480.31401
481.63714
480.30436
521.72558
487.5713
480.02114
520.94557
480.6476
477.13168
480.58515
480.34161
480.33175
521.43306
521.68074
480.55026
521.53608
480.41701
481.89441
480.32961
481.73765
480.5397
521.53141
521.6723
481.33435
482.08668
521.81929
481.43268
482.11911
481.7506
476.91365
480.0384
510.18868
520.97833
480.795
481.123
521.97786
480.42572
478.79212
521.35624
487.77433
522.07895
481.12136
480.40337
474.83021
522.16074
522.25702
522.0343
481.07345
480.50247
481.57787
480.59036
522.05721
522.10338
521.10288
524.14868
520.60517
521.26239
476.89422
475.84241
521.50799
521.17101
481.5052
521.51013
521.74146
480.18752
487.17572
521.50575
476.9591
480.07671
480.09757
481.32187
522.10534
480.77364
480.26825
479.89153
522.18354
480.47692
481.04858
480.98174
522.0352
480.77842
521.88766
480.57686
521.79277
481.15563
480.7708
480.83311
522.03759
480.65304
481.00304
480.11182
481.04004
522.26003
480.5238
486.83992
476.87195
520.03212
521.74267
487.46298
481.5142
481.60565
522.34216
481.16827
481.66619
481.4717
480.93088
522.48798
481.51343
522.06208
522.2482
522.04931
481.80695
522.1884
438.88987
481.37534
481.06441
481.69246
480.94552
480.78152
481.33
521.83998
480.49462
522.21888
481.0216
481.03563
480.72575
481.02253
481.17533
481.31307
482.44161
480.9055
481.21199
481.01109
481.9688
522.17872
521.70174
481.10567
522.96848
481.10089
515.09291
480.75745
521.81052
521.64396
481.54209
480.44198
521.6734
480.99349
481.53082
480.96592
481.02507
480.90322
521.63976
481.26459
521.69764
481.49281
521.83681
480.97672
481.54391
480.92909
481.63047
481.14914
481.33913
521.77075
521.59782
480.83232
481.14672
521.94821
480.6729
480.25683
521.70069
487.51005
481.80758
487.74949
522.07892
522.799
482.62394
481.3429
521.6903
480.59033
518.09914
523.18645
521.58364
482.29362
522.34328
481.13028
522.50739
481.47955
522.19999
480.77311
521.75228
480.14964
521.81291
481.6141
480.7385
522.09137
481.8989
481.28682
480.82689
521.61797
481.54796
521.45147
522.1001
481.05718
481.37398
479.88843
521.61113
481.01268
478.85946
480.87862
487.86257
480.7484
480.81697
523.66308
480.40333
478.65003
520.79166
481.63225
482.60636
480.88666
521.3371
480.77682
473.30914
483.01518
480.42103
480.44449
520.73693
481.43501
438.07183
505.46069
438.94018
505.99039
450.81577
458.36858
436.91975
430.70321
483.20203
444.14956
523.50543
479.08439
521.07696
521.98812
420.31616
522.04644
433.86308
444.86276
428.96055
475.25632
483.41492
508.10419
424.77596
419.28937
442.15493
508.32273
439.42922
440.19528
508.17121
506.11965
505.9946
458.42172
483.27168
515.58635
481.63429
472.86716
488.05412
478.63737
440.17105
521.22351
521.76977
482.40256
432.84474
477.76012
433.42873
449.13047
500.13726
478.32545
481.59982
480.71843
519.89795
522.15418
494.38915
488.52896
482.89563
424.36099
496.79817
521.67516
480.22879
521.53685
482.97429
480.34495
520.91535
480.24309
480.05402
482.98459
521.24404
482.78975
483.04021
520.92252
480.30757
480.22233
482.67442
520.96089
480.31495
483.00265
520.96243
482.93939
480.22043
521.16337
520.95542
521.51671
479.99403
480.12553
520.94705
482.66079
480.05601
520.96916
481.24972
482.72544
520.9975
521.04318
480.13902
482.99011
482.60433
520.98967
482.92339
481.00817
519.52227
484.82142
482.92531
521.1378
481.41728
482.68541
480.12092
480.18118
480.16381
522.25689
482.05637
520.9874
482.67681
482.85534
480.20217
520.94108
480.38822
480.09012
482.57785
480.10484
481.45164
482.88013
522.11777
482.52825
520.96328
480.21537
480.30698
482.83014
482.71184
480.45492
482.59969
480.21225
520.92538
482.67751
480.15984
482.72069
480.36791
482.58485
480.80456
480.75821
480.13938
482.64513
480.41332
520.96037
480.09836
522.54916
480.41219
482.88434
480.76713
520.88209
480.41665
520.9647
480.46333
520.90565
482.89511
480.45094
480.05958
482.75451
520.92042
482.64402
520.93466
481.00483
520.9013
520.92802
520.94547
520.90517
480.05208
489.75576
478.9239
481.18352
521.23397
489.62142
479.06313
521.97717
480.80991
480.34601
482.96041
520.94668
521.68548
520.9089
482.91382
480.34692
486.86562
479.97516
480.98704
482.54699
489.45083
480.29309
482.93249
431.31643
441.48374
432.23891
478.74645
439.62312
439.7117
454.08845
480.37179
521.01535
480.71418
482.96329
436.39527
477.54965
480.32881
477.6912
482.64727
482.99464
430.05224
478.29884
427.24215
439.64891
439.47169
442.98217
505.72454
508.48584
429.89795
519.29853
479.02004
522.00201
483.20564
520.05503
506.10217
439.29996
479.25349
508.66916
478.08943
495.19073
478.9859
521.6317
454.17559
439.35473
497.82295
439.6114
477.91138
522.57111
480.4511
483.47193
523.71501
520.57184
479.24511
483.7673
481.69832
477.69482
476.89337
505.91747
478.83575
521.15486
515.4795
478.71724
508.84547
520.92069
453.44921
439.55939
507.86693
427.00035
497.78545
505.62702
521.68844
480.89762
483.28447
480.5365
519.83479
480.25333
520.5437
521.41425
480.8217
489.74369
520.76237
480.04926
479.89035
482.68847
483.19098
428.81473
483.05639
521.1158
480.81598
482.65256
449.20287
520.90672
480.32813
481.67422
480.90342
522.44927
521.63955
479.37669
482.72468
524.40862
481.01176
520.29928
480.535
481.71386
520.02652
520.23971
480.62678
481.32616
480.10733
480.06338
481.14858
488.20549
482.59869
481.25646
520.07081
520.9059
481.4268
482.65676
478.20192
522.09412
518.25919
481.64812
481.12351
520.54103
482.21405
481.86475
474.91118
520.97186
522.6314
480.34533
477.18957
487.49789
481.26953
520.99065
482.1383
521.33181
480.12329
481.79409
480.89962
477.71055
483.06946
481.78658
481.69792
524.53157
478.7376
479.23421
477.57595
482.75508
524.07411
478.94756
520.53445
478.17009
480.86492
481.32228
520.46445
472.94419
479.98943
477.17673
522.15566
523.65016
477.87747
475.63092
487.74992
479.40821
521.87547
520.91143
524.88363
482.7255
524.16461
519.74093
478.15965
480.84925
520.91182
521.88146
486.02104
479.45237
481.44863
523.63975
520.59345
478.94722
485.97868
477.97496
483.48435
481.27501
478.69224
482.76099
480.12361
521.91716
523.96045
521.23806
522.82188
487.31452
479.30495
503.21596
476.08124
507.92704
450.57926
508.90139
480.52592
504.91195
482.20962
481.77909
489.08427
481.09224
482.24771
482.27126
480.13811
509.33842
527.64153
476.67673
477.76304
504.52158
523.34696
483.6204
521.25719
524.30429
521.94584
477.10593
481.22398
477.1689
481.65364
478.87001
483.01138
482.97638
479.09978
524.64813
482.90516
489.30158
523.18084
519.71733
478.31787
481.21844
521.18364
525.11563
508.00012
487.71608
508.00151
503.14333
508.00036
520.10192
480.33703
480.87384
479.25722
481.5573
478.91921
480.31355
480.64391
520.43221
482.01152
481.80681
481.70219
481.71804
481.34117
478.54614
478.86818
477.92822
483.01644
506.67842
524.67689
519.11517
480.99335
524.36538
483.46059
487.10817
481.72278
485.42307
515.67122
480.01891
521.23208
481.91244
476.82673
521.18861
482.16242
520.95094
481.79307
478.66434
480.62088
480.62481
524.8387
514.35997
520.51596
477.33178
480.24103
522.9611
481.32565
481.60407
480.923
478.89463
482.07771
521.26087
487.67041
481.90259
482.8092
484.40408
480.7862
525.45785
482.36768
525.227
480.08634
521.37548
519.54318
524.41258
520.78247
488.09493
522.11635
475.67549
523.42741
520.72154
480.03067
484.47586
525.81991
522.05196
489.0988
477.04721
523.46782
478.99548
521.83271
489.90735
477.39581
521.06384
520.63822
478.68222
519.29109
478.915
481.60289
482.13539
520.13255
480.21813
481.07335
479.55873
482.65533
480.11865
507.99939
482.9742
481.76917
481.16735
520.61504
483.32918
523.82337
479.28255
481.21674
479.26077
481.47032
482.7867
520.4577
482.60846
520.35667
481.81824
520.89163
520.93495
480.18163
481.13496
521.45356
482.35624
521.12873
520.39286
482.47024
482.8468
481.67176
478.75509
483.25103
482.99283
480.6439
481.22959
517.69652
488.43873
479.97547
486.60036
425.53501
485.87968
486.72521
480.23459
489.05116
480.61443
477.76238
518.04609
517.92883
480.47397
481.21639
517.76061
476.7263
482.69102
481.27626
487.04692
518.19308
524.20448
477.39283
488.50292
518.05716
438.90596
483.89816
476.54554
518.01632
485.39022
439.00447
518.587
518.63814
517.87635
481.87202
481.89189
482.08159
481.13962
517.66337
518.44235
485.63207
489.65267
480.28131
518.60251
484.51798
520.90488
518.21199
483.18339
485.12156
517.83429
485.13419
481.33544
520.96135
481.17001
489.4471
438.99426
518.79172
483.2394
482.16013
487.16448
481.37628
518.01229
482.48015
482.02365
480.96889
477.35127
481.90684
479.91158
525.07438
490.00341
525.01348
483.93645
481.89577
518.68844
480.38198
480.77478
481.6745
487.33442
486.58779
489.77439
480.87638
463.44768
486.41773
481.68615
480.74949
480.72907
517.9352
485.62323
483.40638
517.84038
485.88744
486.81836
477.49123
480.74951
480.67854
518.09116
518.57304
518.49508
517.99211
477.5975
489.21972
481.049
520.96813
517.87507
482.56443
480.71687
488.94029
518.1952
483.27507
437.8588
518.16612
480.90625
430.4539
518.14083
480.77793
517.72695
482.68638
483.05913
480.88969
517.81307
476.66702
482.92968
480.68137
480.93353
480.91934
520.91545
518.59999
481.08828
483.18137
485.82365
488.27248
521.57993
518.30689
518.63301
505.80207
518.18724
517.95438
476.68379
476.82324
486.04968
481.01044
482.7607
521.30259
524.97261
480.76665
518.16877
488.83181
518.39484
482.79492
485.45783
476.77386
481.79406
483.24676
518.1502
477.41236
520.9261
477.60706
517.90562
485.7875
477.54375
479.99268
486.34297
476.64905
524.94844
488.91229
518.88791
479.89265
476.58668
482.21912
481.33529
483.3559
483.44161
517.83101
517.73596
489.57228
483.07924
517.98715
489.79842
524.95475
478.93206
480.48846
476.70984
480.17552
517.91732
481.29044
486.32344
476.63387
485.77098
517.75594
480.9804
480.5289
518.18393
518.52558
521.97884
480.68258
480.8065
480.49846
521.9701
481.32307
520.25325
518.53906
482.03919
477.51852
480.86096
485.74078
482.79237
480.61925
480.44595
518.48116
518.2579
482.6419
481.43473
518.28251
524.16746
517.96075
481.02409
514.54683
477.4775
480.7868
483.92269
503.06208
476.62476
517.95037
484.35306
483.49542
489.3975
485.1003
483.05976
487.35841
518.70277
517.9232
518.03273
483.76625
476.82406
481.00976
518.56567
524.16548
482.08196
481.96057
476.90202
514.51773
517.98651
518.57631
481.39105
481.88505
481.51036
520.15684
464.00934
481.35598
477.72652
483.30747
480.31484
481.4018
481.11939
522.2153
479.97801
482.09017
481.97461
477.38879
479.23242
485.0827
479.19034
518.06637
488.41481
484.9
480.45037
481.30695
481.94005
483.37595
487.21575
481.54999
518.01101
481.30527
488.22442
522.05912
484.97246
476.67342
481.45868
517.74195
481.92225
524.38628
482.15805
487.93829
481.86387
481.88196
482.06111
518.04388
484.36947
490.92835
480.91707
482.64222
476.65828
488.10054
518.09612
481.8247
479.542
517.91745
477.48716
481.97242
520.78729
476.89854
517.92963
518.95646
485.35014
518.05995
477.28156
517.74372
481.58891
524.31625
486.89061
518.14322
518.48328
517.8016
487.43809
488.12628
488.87805
518.38184
482.45266
488.87753
518.00566
480.75769
481.51134
477.4595
517.79219
482.04391
518.82189
486.99593
480.20423
480.85645
518.03963
483.67494
487.69177
514.23874
491.54158
479.10231
487.00757
525.14511
477.28133
521.47162
488.39337
479.37965
476.51364
518.89083
477.43754
476.28935
480.97757
488.05348
518.30511
518.46848
481.70607
518.68995
484.234
482.16265
518.79148
483.40156
479.65195
485.47095
479.65529
481.27404
483.34532
517.98793
489.8809
482.87838
518.09247
517.88197
525.80069
484.72317
479.93888
517.73319
482.73156
481.74372
475.18469
518.34129
481.79115
481.85047
483.13909
482.25652
482.42954
484.32615
482.69553
480.59709
481.51338
482.08805
481.87088
518.65996
482.17232
517.9198
517.89894
482.12662
487.04592
520.876
517.68053
480.72981
479.90467
514.32231
479.82846
481.95564
514.69201
476.88112
483.75764
481.56072
524.30613
480.38439
518.86833
518.42949
482.65095
487.40074
483.6944
523.27647
489.29826
517.6947
482.71858
485.45713
518.73975
482.18147
514.34234
482.66641
517.86845
485.00936
483.52172
482.66831
517.73819
483.34835
525.79457
482.94186
520.8798
482.20967
480.90433
482.55137
477.72102
518.13224
517.91598
517.77294
481.29081
525.75514
481.44215
482.96826
483.00646
481.72092
482.27335
483.31556
517.73092
482.30304
487.30581
483.06917
518.09096
482.97379
480.59063
480.92336
526.55685
482.41669
481.08065
480.86253
518.4561
486.66002
485.69189
480.87537
485.76629
517.76512
518.10047
476.73119
482.82712
517.83705
481.43174
481.24708
488.90075
488.71908
518.27164
477.53879
487.25545
489.59055
518.60688
482.6619
481.95268
474.17657
517.86407
518.56787
518.03895
517.95172
518.00453
476.93381
517.99198
518.6953
485.23577
483.90973
480.61529
477.39504
518.03123
481.43497
485.54521
481.88769
476.72461
524.35322
482.05615
487.08201
518.00466
484.78353
518.33858
487.62641
518.879
485.36497
518.86063
488.04959
482.98642
522.92333
482.49275
483.46685
526.0242
483.9225
479.74865
477.77954
525.71648
477.29248
519.03859
476.75825
517.97384
518.05371
488.02302
480.22617
487.58649
518.17825
520.87912
482.28408
507.45607
489.28098
517.88275
477.47748
518.22264
483.22511
482.57399
517.83314
482.19115
479.25167
481.20452
517.95365
480.36736
485.73053
525.12811
481.41186
482.31397
484.88396
476.87212
486.5573
485.80939
476.58434
479.221
490.88312
481.65672
477.16498
488.44009
518.06652
518.1565
479.63796
517.95884
480.94324
518.16212
482.82097
482.49697
518.08031
487.52409
483.36342
480.46355
518.43667
481.38562
487.52753
485.76964
518.46246
481.30996
477.55236
505.84394
482.889
476.77982
477.85308
489.67849
517.93873
480.27864
517.91299
517.85445
480.11782
485.43963
477.38646
518.8108
485.56561
486.92623
489.54513
480.99683
518.2966
480.2029
432.78199
485.37054
479.35193
482.24729
481.42382
481.84149
488.43275
486.80934
476.65897
517.75286
517.97387
483.06191
489.37222
517.85274
477.73864
482.90345
517.83572
518.02645
437.30611
518.09552
480.81428
486.6342
518.54434
476.68134
476.60444
483.14197
487.85185
485.8054
483.10698
480.45492
481.73082
488.38683
522.1854
481.61428
514.59616
477.60174
524.21068
515.66153
483.64149
514.06711
482.06824
518.79946
479.38854
514.44669
497.73315
484.89457
480.47129
483.14924
483.81105
484.52493
518.73287
486.9911
487.21774
482.99806
480.44797
482.62678
518.23367
517.98614
488.43582
485.6724
476.75176
485.56909
486.10702
480.02787
518.5876
485.26128
481.33982
481.63693
518.06185
481.56513
482.01717
458.22825
489.82197
482.34642
482.9193
477.3774
504.64943
524.21586
485.06134
525.05152
479.4365
486.7337
476.87866
517.8978
425.62409
518.6813
488.70321
518.73736
517.78989
482.92677
479.16487
482.61485
518.53828
488.62474
518.22509
482.20944
483.90061
487.39304
477.12978
482.53011
477.7099
490.94664
476.37782
517.91257
518.8513
476.71566
488.04557
518.73789
514.36393
491.05619
486.93527
481.19592
476.63365
518.38409
480.7119
525.73389
481.95085
476.71464
517.68962
483.06641
481.6246
476.69244
483.66456
477.50597
488.1563
517.62415
517.94489
488.46451
481.73051
481.48237
479.63283
517.79854
487.82331
482.32308
524.35953
479.04713
482.29532
483.65086
480.71977
518.74375
477.56292
485.5794
518.69468
479.93737
487.29531
518.00057
518.57002
477.46284
476.86469
483.96945
489.42877
484.31313
485.35533
517.99103
480.50965
483.08635
488.40667
518.04232
487.126
476.93735
424.265
476.7103
518.01683
518.25797
488.08816
482.09347
479.33606
479.74804
518.01702
488.05442
518.0842
482.33
518.10637
481.69918
485.58593
518.30366
477.59372
517.72656
482.60023
524.21731
481.32911
481.30886
481.90254
525.72335
484.98449
481.93188
489.82451
482.17252
480.32282
481.87372
482.37353
483.15425
482.26464
481.70187
488.00339
483.144
479.95891
480.87812
477.69323
481.28789
497.30537
485.40838
488.43939
485.31275
518.50463
487.11136
476.63926
483.76305
481.71809
481.49126
517.8251
488.14208
486.73511
517.79732
517.96669
481.14101
518.28936
484.58952
481.28641
484.91739
483.50102
479.62001
525.84634
524.37191
477.64331
479.33026
454.0856
514.20982
487.24575
517.71265
518.4616
480.71271
483.14213
484.85875
480.85928
486.92155
487.66988
480.79913
479.47824
518.06357
480.41133
482.68678
488.43877
480.76247
483.36059
480.78481
521.70673
483.29378
477.13512
480.00633
483.14872
479.08364
521.4462
519.38954
479.66264
490.51432
521.326
483.3743
482.03264
477.25802
479.75154
478.53042
521.51107
521.04077
483.34641
483.0827
479.51672
521.91808
480.63818
521.8353
521.25658
496.63542
483.43493
521.49249
482.22309
521.59832
522.01768
479.74753
521.18968
521.33041
507.99687
479.8562
480.16956
478.4755
480.28269
480.3971
523.51227
521.47777
481.66533
478.74052
483.23988
490.26678
479.75945
521.9635
521.40849
521.8771
522.01706
480.09662
520.83858
521.73132
521.85696
480.1723
517.95937
483.12192
481.6012
483.12301
484.05901
478.77532
480.11144
519.82913
480.5033
481.31054
480.59477
481.45098
479.70214
482.83642
484.23827
522.18963
482.75412
476.62474
482.01718
483.61324
480.71553
481.73118
522.53969
479.51191
480.04442
489.97591
520.64977
479.84813
491.91991
521.45616
522.05617
521.00748
480.19257
479.53735
521.78204
521.29772
481.7639
478.18468
478.84399
523.18877
480.89487
478.74789
482.66022
522.09319
483.39222
481.85583
481.29491
479.30404
478.784
489.61685
482.90236
479.69808
479.84589
521.00861
480.26014
522.15588
517.74636
483.49467
522.17319
479.10594
479.82542
483.13016
479.92708
521.62388
483.40503
489.79388
522.06899
480.67193
479.5836
521.97216
479.28227
481.75808
521.35577
478.59674
521.48904
519.63036
481.72947
483.31178
520.94914
479.97086
482.57626
480.83248
521.35192
483.00938
522.31168
482.53468
488.56144
521.8006
520.92527
480.89975
521.99125
481.77839
479.05948
522.27562
481.2946
480.44284
480.38755
481.63034
479.33333
478.93429
480.80719
522.27702
482.9895
481.74589
481.3876
479.00966
521.4826
480.39981
482.68943
479.17104
482.90925
522.2396
478.95902
481.5255
478.69876
481.18447
521.56747
483.09108
480.57761
479.90948
483.01638
522.30742
481.48566
480.93476
522.09804
522.35167
480.11924
479.6857
479.69554
522.38314
482.19455
522.17002
480.93294
518.67268
483.01098
521.52666
514.14977
480.78005
521.50091
487.68633
480.34997
522.01947
483.48029
479.35584
517.98159
521.96453
480.51989
478.39506
482.04703
480.82084
522.0107
521.69515
480.53309
481.3665
479.09595
483.82564
522.30973
521.57793
481.43412
480.16769
481.43121
481.55865
445.18816
481.73563
481.88272
482.27575
481.63862
482.20503
522.18663
485.05775
482.02783
481.05289
480.93911
521.04501
481.79405
481.69849
479.94371
521.97814
517.80467
482.24802
481.02089
481.45005
481.70453
480.9855
481.98023
521.5264
482.54968
480.8339
481.80762
479.03141
521.52603
521.58645
521.76646
481.77799
521.81175
520.55448
480.36214
520.60734
480.38329
521.12904
482.55621
477.19135
480.47666
480.36242
479.66977
481.31458
521.1644
481.29408
481.44093
480.66392
489.62351
478.22303
479.48763
481.45026
490.04194
521.24777
482.08403
480.45958
481.58543
483.19194
481.14213
481.45874
519.58251
477.5128
477.42088
522.60953
479.03416
521.96723
481.57408
481.10275
517.96448
518.26994
523.92238
520.73517
482.923
480.43048
491.1643
488.72979
521.97241
481.91684
482.20708
482.05247
487.57015
479.38065
479.23651
487.97185
521.66227
479.05518
518.72459
482.83765
480.55477
521.88535
482.6376
521.42352
521.52628
477.33408
480.80612
522.10278
481.36194
483.13697
481.93469
481.62002
520.85583
479.17013
521.4227
521.63993
521.55272
482.19524
518.01893
521.56971
521.7377
482.20665
478.92271
520.7807
520.25948
477.34695
482.91491
482.77181
480.30725
518.57118
480.27924
474.96628
504.81438
521.67181
479.442
508.00122
480.9949
480.73326
521.45284
521.46496
481.64373
521.55143
480.91275
482.97849
482.46774
481.28543
525.82472
521.48913
480.73335
521.46886
480.24197
480.46994
521.79223
480.66475
520.72751
481.10397
520.32256
481.93809
482.16785
520.55264
491.45211
477.3307
521.1054
478.4695
481.93255
479.87003
480.65898
521.05807
521.40087
479.73386
479.772
480.9934
481.41366
521.74713
477.37273
483.31952
481.81853
522.31136
479.59143
521.52758
481.29129
521.18111
521.96663
480.93006
481.6861
480.19581
518.0156
480.55948
480.9791
520.82804
522.21393
479.47765
482.59326
483.08285
482.1053
478.93169
482.76683
521.83527
479.29755
481.21154
479.10627
480.54412
479.85242
522.01187
489.43669
520.88595
483.54926
479.98662
482.79557
521.26135
480.8568
522.05871
479.88875
508.00049
480.31741
522.0811
479.24198
508.00334
520.68302
482.85775
521.50511
488.05961
486.186
521.9919
522.08835
481.14023
478.90463
507.99967
522.18724
477.37595
479.8694
481.69486
479.16338
522.70533
482.42917
521.68068
479.97085
479.32362
481.57846
481.77951
479.36807
481.72277
521.33564
521.38
482.32662
522.5062
479.47109
522.65106
504.29916
480.77023
521.79354
480.49512
479.36892
479.32785
483.06293
520.71972
482.99183
480.14518
521.0378
479.92932
482.53701
483.17668
521.54768
479.99385
521.493
521.55155
483.23388
479.9654
479.32668
483.42599
521.51988
480.03812
483.02058
480.21892
521.60732
483.03334
481.21507
525.00189
482.92417
480.5427
479.41331
477.97701
521.3906
522.19896
485.38575
482.47063
479.07873
521.70283
521.52868
479.38831
482.51987
482.33943
481.5616
517.77233
482.18426
483.46346
521.68434
479.89401
521.6261
483.30835
479.62489
521.55158
478.916
503.98514
479.19235
482.05006
480.0916
479.48168
519.93717
483.40231
479.33071
479.32262
490.88278
479.37369
482.84391
483.17958
520.87346
482.6401
479.49916
479.60178
483.63235
479.13026
520.81218
477.01652
482.73
479.02546
521.50399
478.98464
478.93666
483.4571
479.55224
490.92514
479.34182
521.58276
497.58368
484.81159
520.95952
521.95044
482.84431
483.22027
479.84661
478.84666
483.00112
521.07827
521.55411
521.47051
476.6172
521.5468
519.19562
482.78197
521.47611
521.55782
482.72135
479.45561
479.44103
490.76679
482.40817
479.29293
478.76015
522.10858
483.65623
517.36095
483.00771
483.07137
481.83223
483.11145
479.25332
483.40266
482.56832
522.1178
473.68296
477.46806
479.92329
497.45653
479.24391
520.52163
482.49349
519.46538
482.3804
483.05088
519.37834
517.59314
477.94279
521.3709
523.27461
521.41316
481.13092
479.72737
476.85754
482.82199
482.89402
480.30642
479.95415
483.28805
480.7586
476.52884
520.17692
479.90742
489.06304
478.17683
521.01385
520.47316
484.73003
478.42215
482.37942
475.1339
479.30534
480.70991
479.33777
476.50463
483.24747
479.11168
521.88158
482.86895
488.1509
521.02456
483.87598
484.8322
526.25397
478.22417
480.5455
489.40844
519.0338
519.91512
480.40681
520.39699
454.90469
477.043
456.93395
505.10332
459.42329
516.32434
461.06639
482.83858
455.22832
522.33703
489.47661
481.02641
519.97706
479.33041
519.02299
518.46373
483.16387
515.15017
483.83392
505.3711
484.34591
457.14208
505.65835
505.35206
454.46656
481.176
475.88902
452.86656
486.67713
478.09262
480.65268
455.9963
477.14683
506.45239
521.40336
509.95517
517.71209
452.85118
504.86235
482.17509
484.4468
506.28201
454.96446
484.88188
479.07887
505.35878
519.72316
480.25928
521.44411
516.24634
520.4993
523.70659
479.33163
480.45032
479.5558
481.03531
481.58584
517.46188
505.45629
527.10703
480.08445
478.42181
451.92196
520.93479
440.40495
427.54929
520.58309
523.15327
529.3816
482.17956
517.74138
524.901
482.35875
521.46617
520.1724
485.15225
482.72828
481.17304
478.56918
518.62454
523.68808
504.16037
472.30862
522.76614
517.22874
455.78301
510.16724
479.49894
480.57857
481.36614
488.39855
480.44214
484.80216
518.5335
524.23384
517.93765
480.23924
517.74129
520.39933
484.53722
487.78269
518.24689
491.27969
518.0251
521.07379
483.69948
480.73477
478.68803
519.89888
481.40954
491.12649
485.4269
481.24411
520.92014
481.45299
474.44564
521.41569
480.08101
483.33576
477.98401
476.07144
437.86317
478.55283
486.52164
483.65124
520.84534
486.58643
488.9862
483.82693
480.25548
483.32283
480.34576
481.49267
481.79993
480.65219
484.52422
476.48506
517.78379
477.43625
476.95111
479.60475
482.56021
487.59321
489.50264
518.06301
482.89337
485.52033
521.61808
517.94799
476.53771
482.88756
477.39155
480.94681
486.93711
485.70803
477.0482
481.50128
517.99648
483.08936
477.24891
481.27523
518.86883
480.59961
523.41885
482.48078
518.28574
518.16057
521.54147
482.60915
517.69721
481.33771
482.22684
480.67941
518.69009
481.66807
481.74511
518.42439
518.66355
522.53435
480.9746
480.8238
483.58935
518.07748
482.81999
522.12976
522.72341
483.26244
480.40468
525.90308
489.7346
486.83852
482.63369
438.17672
479.46803
524.99332
521.54593
482.79063
480.3889
487.46173
480.83097
518.50348
484.74544
517.91795
476.57393
525.85521
483.57474
481.24853
488.46365
480.87327
518.70105
518.04985
488.23187
518.02372
483.12815
518.21886
482.76617
517.77714
488.91294
518.01729
483.28675
518.43211
480.82706
483.27205
482.39958
521.46181
521.03772
482.32522
482.57278
489.84408
524.07556
521.51215
481.13695
480.09646
518.60004
518.14892
482.65373
506.10477
517.94954
524.89982
518.07589
517.75514
480.39367
518.42059
481.54408
482.34566
518.38318
451.22931
480.96103
521.6728
489.27735
481.08373
482.82503
481.65852
489.19792
517.81524
480.56419
487.37477
480.76252
514.43567
518.93774
435.42438
488.66588
485.45448
479.37107
481.98502
481.58844
481.92321
484.38558
481.61431
482.73579
483.40299
487.8046
476.86658
481.78367
518.48592
517.91578
482.33102
517.7439
525.84188
481.52275
517.97562
518.33587
487.96108
486.9221
481.34052
518.07488
484.70406
481.28291
487.5626
481.08154
518.58901
480.649
480.76301
489.34554
485.26386
487.60738
482.02197
483.08966
481.37427
481.5544
517.75193
482.07564
482.93968
488.9688
517.69776
517.73777
518.82908
517.69046
483.52973
477.6923
477.24674
486.64139
480.49478
480.4325
481.12967
476.80963
525.00745
517.87144
486.52341
517.93606
486.9222
477.26539
429.07176
483.82474
481.00359
518.60746
518.11881
476.48713
482.66319
518.62383
518.55879
480.36394
525.11743
485.44221
518.48479
478.42547
480.93369
480.78142
482.10269
480.98585
521.17233
517.20365
478.67943
523.5138
484.16707
485.61674
476.56675
520.15049
484.61973
476.7266
516.565
483.3988
480.85954
518.2107
482.79037
481.95109
482.8022
518.88166
483.17765
487.57016
484.29364
476.29903
524.92229
481.45835
481.4656
480.04339
481.77042
486.76168
523.44198
484.56831
477.27485
518.18044
483.64737
476.38025
485.8637
481.58502
481.38339
484.68347
523.19352
520.80519
485.90503
481.78497
510.23544
510.237
520.851
481.70933
460.30328
507.78498
508.40678
474.94718
518.6551
481.5791
518.80382
476.47273
518.29773
479.59836
517.8994
477.68822
510.07009
482.03543
481.2529
479.23285
478.99719
478.98658
483.38612
479.26089
443.65172
483.29706
479.0834
453.87592
453.31573
487.86371
482.20776
504.62107
503.96241
487.75418
479.02378
436.9998
438.86675
477.25926
438.20114
504.73139
525.94519
479.79597
484.66073
449.43432
481.38533
520.88294
476.67266
449.89181
451.51462
479.77869
525.73265
484.62114
504.5545
479.45262
484.58202
448.86531
481.43375
483.14737
517.78992
505.12897
485.71629
519.69335
517.616
480.15251
487.9135
482.7715
517.61549
486.42128
480.40608
520.37326
522.93472
482.25045
523.85649
481.7296
491.01549
457.50203
506.05091
509.97988
480.18787
483.16392
526.72083
517.25278
473.38933
480.34708
484.61563
475.64544
489.55198
520.99891
519.22552
478.97831
480.1497
482.57143
485.17625
483.65017
477.86957
481.1015
523.43822
475.23425
519.55744
483.18368
520.33803
479.69722
482.27572
523.89611
483.10903
521.45395
509.58762
483.61604
480.53524
518.7735
479.40211
518.88179
477.2536
520.7634
483.18665
479.02219
483.17255
483.10011
520.96541
484.65991
519.96388
517.21432
481.97675
480.54837
518.76505
480.63312
519.90243
481.71452
471.54219
479.39313
479.26129
479.31147
482.23462
479.5781
479.18966
483.24532
520.43151
518.43349
492.76456
525.83541
483.03262
519.01838
520.27255
489.61914
482.84892
479.28173
482.82038
521.42881
483.42138
480.66885
521.44775
483.67131
481.26763
478.98426
482.90377
521.18743
479.65786
483.17544
482.67497
483.66161
521.48852
519.22638
481.18988
483.06566
521.09375
489.53954
521.35412
483.06301
518.44576
483.43193
479.08361
479.00589
521.2138
521.47804
483.64946
482.13137
483.59543
490.49565
484.76461
477.11008
521.57398
484.54535
479.46547
521.0142
479.51678
478.96334
521.28772
503.27121
521.0534
490.32037
482.79119
520.70303
479.49034
520.91025
479.67734
518.96823
481.49407
520.89282
521.571
483.15801
479.65964
490.07117
521.12001
521.54394
477.1519
481.82179
476.61298
478.98603
479.40399
477.02909
520.3679
479.57992
520.99996
479.7682
484.7887
518.1801
520.88606
479.56056
479.93606
479.90219
521.67279
482.77428
521.47466
479.76988
521.03145
476.98116
521.44198
479.9957
480.23883
483.69106
488.38108
521.60377
490.02215
521.83248
521.19814
479.5958
482.53373
521.42907
479.09015
489.68006
521.50784
478.99835
483.03293
477.24054
482.20467
479.86256
520.54766
479.08054
482.16413
481.95979
479.32449
478.96862
483.1528
521.62505
488.3515
521.70978
482.3856
521.82769
521.7992
483.2528
480.28495
479.76954
482.99642
480.49152
480.7454
521.77671
482.75438
480.55001
521.28062
521.37564
522.20967
521.41215
483.00851
482.20172
480.98725
482.47778
521.63929
481.23957
521.81743
481.48859
481.57742
481.34591
479.77823
481.25513
480.26106
521.48233
480.635
480.76186
479.56431
483.07974
480.91697
482.71938
482.16
479.74319
521.43931
481.74771
479.16806
481.86487
481.5628
479.75854
479.59277
521.46241
481.44036
480.06281
482.56342
481.22881
480.04353
480.75361
521.30642
482.44064
480.58804
480.95446
521.36114
479.74314
521.35366
521.60989
482.58331
521.55623
481.60533
481.11987
521.38165
521.44739
521.51421
480.17171
482.01323
483.57469
482.58273
479.52285
479.58096
479.60278
520.77961
521.51839
480.93179
520.87475
484.0037
482.48232
521.45488
521.53173
479.22162
517.72625
482.77735
479.99147
482.69666
479.81241
481.99998
482.67866
521.65541
482.75688
521.54581
479.41226
479.40714
482.64552
483.07475
483.0794
479.58882
521.95785
479.5979
481.62206
483.17365
480.2481
479.76992
522.71452
521.30584
483.52637
479.57603
521.48887
521.56463
483.09321
517.50593
479.14601
479.75065
483.66759
482.1728
521.40637
519.22409
482.86259
482.8354
479.34656
483.04232
481.54234
481.26946
479.9102
521.13487
524.89624
481.90283
480.28275
482.17273
479.9974
482.64253
521.35651
521.58239
521.41544
526.2453
478.87658
480.1242
481.28447
520.72699
481.55458
483.8588
521.37462
482.31201
483.03266
517.99854
488.33204
519.21191
479.98415
488.92348
521.06023
519.02255
484.39532
483.06125
515.82937
480.22274
479.482
526.13797
476.26232
479.42306
480.43437
480.30018
482.09145
485.39425
481.15888
518.9975
483.65421
510.02481
454.85108
448.86221
503.5037
445.5428
446.34041
516.84909
478.63682
483.40772
480.00122
523.82448
520.00219
517.40211
481.04081
518.04332
482.21674
481.08927
522.50593
492.17628
504.03171
453.306
518.20527
483.76574
504.86002
477.98075
449.20808
480.8291
422.25876
483.03773
431.33952
520.62716
521.08472
480.61473
516.72531
459.09992
480.55523
503.45374
484.2722
490.56668
518.32655
518.96534
519.40084
516.97953
482.12113
484.39254
468.88633
510.87098
482.49421
478.14145
472.52117
481.4887
510.03641
509.86711
479.394
506.35159
480.52205
521.01878
444.91013
485.14429
475.79686
481.17337
521.91647
507.2549
480.35235
478.37061
521.23941
479.52467
486.19196
480.80188
518.92808
521.39621
521.27244
480.62522
481.9726
520.34774
470.11045
518.95925
518.77851
474.02882
477.94162
521.1977
480.8061
522.46503
481.68948
481.61402
518.01645
480.324
517.75753
476.6567
446.90831
485.22346
479.9531
519.63348
479.51874
524.71747
527.19345
480.90646
484.68741
453.30868
518.63552
482.42333
489.59457
522.03092
479.92815
482.04594
522.56291
480.94214
477.55915
479.10088
504.48844
478.67161
485.94895
482.63461
503.02479
478.93804
516.96807
501.13246
519.46781
481.37145
480.57466
485.60692
482.99681
520.60755
521.52732
521.8116
482.93679
519.85375
485.6262
477.94375
480.56023
480.42166
483.14532
521.65424
521.4573
517.85204
481.12969
479.95909
489.22487
518.08953
483.23473
518.59646
482.73267
517.81107
476.79215
480.95454
486.86231
519.39766
486.04645
476.75884
518.46671
518.23881
486.65163
518.30961
522.11121
472.75427
480.99451
480.95501
518.83417
482.65904
481.91645
482.51118
489.58409
504.25173
518.40814
483.20093
488.98681
510.03069
518.02838
487.94043
524.2351
518.10245
476.7088
480.97139
480.1622
483.02654
485.29737
518.03282
482.90706
476.63342
485.45428
483.11151
487.64353
460.40807
518.61158
476.94122
480.85191
518.56064
483.65193
476.75153
480.05109
481.26763
481.79877
484.55095
480.25636
508.25832
518.04275
477.73271
518.45914
517.98438
477.30258
520.26155
518.07018
489.40676
482.08479
525.86063
488.1696
521.65645
481.05322
486.97781
521.52448
518.04939
518.14551
517.95208
485.76744
484.29134
481.37416
517.86824
477.60185
477.24705
484.31431
480.95412
483.95434
480.25603
504.89071
488.12721
489.90487
484.24935
483.75643
518.03952
489.5402
480.22809
480.55788
476.86121
485.12796
518.66572
482.65625
482.68191
482.46093
482.45691
486.47723
485.83881
480.9388
481.82176
517.6718
476.42766
479.87319
481.05819
480.39221
480.23851
483.1893
481.56663
487.08489
477.39649
481.91378
480.98073
525.84103
480.99962
488.40638
476.28528
481.85014
481.65914
482.06472
476.91938
482.27202
481.61655
481.61658
485.47075
481.21028
482.85045
476.52357
491.1769
517.91812
479.51639
481.86922
517.80412
483.4406
480.97795
489.856
482.32655
483.37071
518.98715
453.62351
484.41039
485.33775
480.80109
476.50189
518.88845
514.15329
484.63417
518.00861
517.75147
488.63337
481.38066
483.32959
518.04709
517.40146
482.91302
517.40213
526.10616
482.00861
480.8796
481.8365
476.78742
517.54253
481.917
477.17086
475.56566
521.49975
518.15727
517.69654
481.6778
482.91123
525.22386
481.95519
476.8681
482.14682
517.65024
481.91622
517.90164
525.12541
524.13027
517.79585
482.17553
481.39656
482.91319
477.19342
487.94822
483.09371
481.1826
517.49588
476.75547
486.89146
481.75146
487.65943
518.62108
517.67996
518.26452
526.44319
524.77544
481.50048
482.17801
518.78353
481.25726
518.11988
482.40971
481.50491
483.19368
525.85329
481.05877
489.03912
482.9899
518.21067
476.91752
487.82613
483.10318
482.89998
483.06019
482.91417
517.80915
518.01861
518.06658
481.90727
480.99903
487.02687
480.30489
482.77668
482.43107
481.01187
483.56544
482.79524
520.35697
482.6068
484.60906
487.79767
525.60815
474.13638
487.72419
526.36125
483.19211
481.85924
475.66084
525.39092
479.28036
481.12106
483.55807
489.70706
520.45252
518.23159
481.11797
482.85281
476.3638
518.55817
521.81964
485.99876
482.26041
476.26807
478.99541
480.5716
475.70467
481.80615
517.84623
478.48644
520.33943
519.43434
522.79994
478.4748
483.22841
478.13021
490.20308
479.36987
517.98956
525.04551
517.86593
481.59011
482.00645
481.54133
520.34789
475.00994
520.92598
526.52675
478.71152
482.51129
480.50023
481.43408
481.34956
480.12779
519.13324
509.99108
526.72286
482.16577
510.43316
520.13644
479.22091
482.88327
518.05725
480.9675
481.64817
482.77465
518.01815
483.22378
485.846
477.77221
480.21455
522.99289
481.44831
519.96403
481.29706
481.5162
519.69806
483.39386
451.33617
480.17159
520.21918
522.5057
481.64751
453.80726
516.35268
482.98979
453.10529
451.41407
454.86462
454.64823
476.37874
505.35845
483.5377
482.00723
483.61126
455.73096
454.12102
480.04557
524.24416
448.8404
517.52998
484.53883
484.00515
486.36708
504.95253
482.17857
485.30954
451.00136
483.68908
519.2899
510.04833
482.4938
518.10464
505.41978
483.57154
522.31076
517.68634
481.23954
483.91167
483.10829
479.25321
518.16842
480.71552
481.00759
488.54664
478.23188
478.28261
485.34752
520.39448
478.74176
520.21246
518.90621
522.91784
479.30244
475.15793
482.9697
480.46226
523.90915
523.87254
497.1322
482.69768
483.12911
520.39327
520.84192
525.91503
524.2506
518.48218
478.00144
477.11725
482.476
521.04389
517.13012
480.83287
487.70097
519.52057
479.71071
521.16123
481.1664
480.78328
504.62868
528.83575
481.08425
521.17243
487.15584
476.19864
521.88844
480.98551
481.30805
521.64005
481.45171
521.14231
480.91984
481.19457
521.47936
481.18372
480.93435
481.48074
481.05972
486.16315
518.36351
519.22918
481.43668
481.06196
481.71175
479.19522
489.68659
481.6157
481.26946
481.80469
479.07256
481.87837
481.02749
491.53036
521.23393
523.3719
481.24728
482.21496
480.93161
520.77287
475.34112
481.62684
521.56448
481.68465
483.0078
479.52118
520.26325
480.80476
480.7007
521.38067
476.48699
481.58105
482.04227
522.39449
480.61703
521.07117
480.56437
521.43097
481.32759
481.09103
481.78716
521.31984
481.48665
481.4003
521.44661
480.81681
480.90243
517.98
480.56264
481.43166
517.59483
482.2763
480.93185
482.15434
521.37216
521.52323
481.88989
480.81331
480.61232
481.50208
521.60743
481.92975
481.35825
481.52501
481.46922
481.81316
521.44094
482.11941
479.96782
517.54897
480.33382
521.82025
481.13953
481.86454
482.36454
481.50516
521.70741
521.38406
483.86305
481.61342
483.22127
482.40077
521.53262
480.77035
482.44231
481.82228
481.33661
486.27337
481.20393
481.1039
480.98062
521.56919
482.06585
481.40989
487.00593
521.37735
521.26583
521.21954
480.92583
480.69238
521.33221
482.03102
481.20215
480.96883
480.56249
480.27295
521.76601
482.64319
481.40764
521.46615
521.76769
521.18246
481.37307
481.23622
521.76895
481.12883
521.20275
481.0418
480.60908
480.87425
521.43912
482.21827
481.21917
480.5465
521.55377
481.75988
521.81393
521.78345
480.68987
481.82865
521.44871
521.46808
480.55941
480.13167
481.41484
521.3327
480.87671
480.15773
481.25398
479.26077
521.98782
480.3416
480.00267
481.9589
479.85709
478.64963
479.93453
521.87336
521.5683
481.4716
522.65839
482.35791
481.48785
481.34279
482.09521
479.99283
479.48975
521.68438
482.57835
480.8921
482.37008
481.69665
481.3574
481.76607
481.63197
520.89143
477.2254
521.46258
481.60604
477.42198
480.683
521.60354
477.62542
479.94587
480.34551
481.56873
481.03803
520.94544
521.10069
482.01904
480.92819
480.69812
521.93546
521.70315
480.50899
521.61975
480.1025
481.16716
521.80464
481.93714
481.31949
482.44575
521.91741
480.78923
481.47545
478.41512
521.91156
521.87582
480.9177
480.58391
480.97256
480.35401
480.78016
521.45616
480.35886
521.68393
521.62569
521.85413
481.81113
521.67092
480.38468
483.697
521.76267
480.67634
521.30413
521.34613
482.29707
478.75592
480.3268
522.36533
478.40939
489.24892
521.6203
477.83391
481.70254
480.68102
481.14571
482.51914
521.40617
481.37499
520.35544
489.32538
478.3481
480.28999
479.43461
482.81505
481.29144
484.73489
482.29484
477.53844
522.64591
480.77116
483.71358
483.33161
482.47792
482.23742
481.23635
521.98125
480.80708
481.19201
481.42471
477.45269
519.98985
521.50114
478.44253
478.3812
481.52844
521.61126
521.55864
481.31939
521.32486
517.9268
481.13365
479.00688
479.90984
483.03064
522.26974
518.58735
520.53474
521.94133
480.59347
520.3701
483.2624
520.70814
479.35538
482.04485
521.00435
523.59611
477.96514
482.02879
486.78106
522.28388
481.3743
483.84793
487.54417
482.15158
479.55823
527.51671
521.17146
486.31304
478.08202
479.02851
481.78986
522.9409
480.60635
523.75574
477.32145
480.9461
482.65916
478.08606
482.11387
480.16353
482.67876
481.69263
477.53495
520.18385
521.80878
521.98094
488.23048
521.87522
521.45278
488.24758
519.89666
481.61664
480.78205
520.87053
478.79513
482.26644
481.60086
482.53553
474.23665
480.97199
522.81193
522.28401
477.02417
480.52809
523.68305
480.75443
479.7693
485.30951
485.73283
523.24013
479.42432
485.49433
521.17453
484.22637
479.03518
477.27428
521.36723
480.52711
482.32083
483.10527
521.59804
478.90006
487.1437
521.37654
521.12722
521.85711
483.9737
481.03491
482.52187
520.98455
521.59178
480.87144
481.96596
481.75255
481.87409
479.55533
488.26729
479.61124
522.4985
521.78159
481.95925
518.10658
475.57319
479.64619
524.07139
481.5347
522.20542
480.14048
522.78643
482.05867
482.13895
487.51932
522.91422
482.73996
479.45286
480.89891
487.40318
521.44184
480.1712
480.91452
478.99962
521.99852
480.6088
480.97679
479.15479
482.58418
521.77897
480.35694
482.39622
522.05439
480.97899
522.14297
477.47558
521.96408
522.22333
481.99234
481.1914
480.23095
522.28492
479.15881
522.01648
521.58006
477.35046
481.26975
521.80803
481.0343
479.15198
481.70942
521.3517
486.98365
480.53401
480.82807
505.35013
481.9601
509.86001
521.48537
518.79905
482.79493
479.40757
522.48081
482.20761
483.98073
483.25372
477.25691
477.33963
473.21089
481.90732
485.02551
520.66318
481.2454
477.54521
522.13608
521.61775
480.52079
476.79555
479.55104
521.07268
480.8974
483.14341
480.20252
478.7595
486.94788
522.04487
483.40985
478.79976
522.05317
480.9146
521.70078
521.44277
482.64574
484.10407
497.16711
503.45123
507.83117
517.42382
478.88498
484.29429
508.00035
481.91537
482.6871
524.47352
479.86613
469.7926
504.38068
507.9991
521.08504
483.26027
507.99825
478.90274
481.45067
503.59205
475.18242
521.68011
469.19737
521.13687
474.53838
507.99963
521.6126
504.15046
478.65198
484.65956
522.08003
479.90255
481.14107
481.61545
477.06027
489.39375
508.00045
478.13945
520.92027
522.2729
480.92395
478.63207
518.98328
512.46965
480.74133
473.84898
479.64268
481.10724
477.72122
477.3493
481.26599
522.70991
521.82972
482.37574
482.60357
481.65527
522.08668
478.16121
479.34741
481.6359
479.15153
480.346
521.46053
521.75012
523.27001
525.88269
522.52687
476.43532
508.0052
523.94309
504.03723
484.70422
477.23698
482.0583
526.50119
490.10167
480.41548
476.53982
474.75288
518.78961
521.79803
522.75256
479.28016
481.11052
479.74693
480.78047
483.37094
480.62333
481.11014
483.45929
486.94296
470.49684
480.52906
478.0118
523.5727
474.50714
519.42703
521.6346
521.79697
481.88516
479.58299
480.61584
504.65309
480.96883
520.55799
520.24366
521.28023
485.4365
487.62546
522.08364
507.02389
483.31177
478.29177
480.54941
479.07509
516.90403
488.35151
521.03682
522.59742
478.11843
480.42226
521.32137
480.17999
522.72083
481.83864
480.04016
523.71434
482.30987
518.10417
480.58758
482.97756
521.74222
483.18089
482.65895
480.34304
485.37492
477.41812
489.71448
522.20686
483.28459
517.89973
518.54415
483.1483
485.66521
524.96556
481.22434
518.51208
477.29272
476.70885
520.22474
483.58311
518.05743
482.37625
517.75129
480.55735
480.80317
487.59955
483.20585
480.89728
526.43217
484.78159
518.54653
518.15411
480.02729
482.23006
482.64506
480.77336
480.89796
482.92282
517.98572
481.74501
518.72814
517.77195
486.66683
489.22293
521.41259
483.32753
481.57543
480.36989
481.55168
477.34085
489.95992
483.37759
486.55337
482.16081
477.45924
517.91453
482.57823
481.57866
518.64748
476.72611
480.80956
485.50656
484.87756
477.35359
480.03271
521.43137
482.00832
517.77762
480.45062
480.93191
518.62664
481.36426
485.63566
488.61828
480.80774
514.66327
484.30128
480.47812
481.3635
517.96783
518.74084
476.92986
479.54004
476.91885
518.05852
481.28357
521.39394
476.59727
518.06127
524.19861
484.20033
517.6983
480.40008
518.76795
518.82363
507.46166
485.22919
481.10682
518.59781
480.40361
517.741
486.97235
480.45419
476.66943
520.78771
482.72713
482.42996
525.07099
488.30905
485.23368
486.78426
480.96436
484.69805
485.2924
517.75232
480.99507
484.95193
483.24492
480.91068
476.71284
517.71274
517.98911
517.82417
483.28964
477.50524
476.57219
518.18408
482.62201
477.63288
518.76119
480.88807
480.08308
481.4717
480.68323
481.45999
487.5073
488.32251
480.01288
482.1674
518.72908
484.16761
479.76423
476.83366
518.45302
517.98349
481.75911
481.6694
518.58878
477.47448
525.9375
487.40615
479.52911
524.34579
488.07767
482.71906
523.37706
480.2405
517.68115
476.69678
486.95387
524.80862
482.4226
476.89874
482.92474
517.72148
517.85848
480.60525
517.93325
523.0068
489.19125
488.49765
483.00571
517.47078
481.59612
482.85181
517.6078
521.2614
476.57889
480.13474
521.29149
482.3256
476.57233
520.38755
517.91343
481.19814
486.40775
481.05065
483.76789
482.52816
488.63895
479.84649
486.57463
518.20202
480.70598
525.11265
482.96479
485.40752
485.83311
480.82374
518.04886
436.54534
483.03121
522.86134
485.94146
485.92334
525.61387
480.86918
477.31223
518.05618
518.22626
481.61618
522.68608
522.84827
481.59364
480.98816
489.24729
525.02423
480.44064
481.13424
482.64534
483.35966
450.77681
483.27179
518.53797
477.47512
524.97739
481.20835
481.13359
481.79879
480.71048
485.72978
481.54551
487.48298
518.48356
520.18283
482.28885
482.64509
499.154
518.69094
483.4798
476.51737
489.9422
517.99313
517.75613
481.13608
483.54784
517.82999
481.7879
476.50018
480.84384
482.29165
521.72035
482.07003
483.73289
477.23081
480.13088
487.09656
518.53085
484.64707
518.66145
481.96279
485.2267
525.09499
479.71513
481.49033
484.51933
482.77978
483.43585
517.87619
481.86241
482.42984
483.05067
482.18506
518.39343
481.03387
482.01366
482.01169
483.18485
525.92239
479.86659
482.14984
517.71503
517.87067
482.89791
517.86183
481.26036
518.10123
476.32095
517.70869
480.92835
480.03146
486.22126
479.42225
521.70726
488.31291
481.76945
482.59802
488.50047
481.76788
477.46737
517.92376
481.74404
482.28811
482.98947
476.88547
517.79876
518.01184
517.71743
481.43762
482.42567
518.72781
481.66718
451.00141
517.79105
518.22024
481.75824
476.66896
482.27402
517.80399
518.60273
430.59085
519.60041
480.50936
483.22956
480.59488
487.17726
514.4934
482.22212
487.03569
476.89148
447.6008
484.81408
521.2403
487.00926
480.28209
480.8762
481.38954
525.79052
521.36348
485.4507
479.42173
518.01699
482.26817
518.1649
482.16229
479.51949
476.79345
519.46541
518.61222
517.96398
484.77327
483.86467
481.42189
518.48367
480.56385
481.16573
488.29151
480.88913
525.03948
477.33101
482.44337
486.50685
482.56311
481.33943
483.28675
481.24034
518.07873
476.79522
517.91856
481.8245
480.96037
480.55564
517.92999
481.28213
518.05712
518.4421
483.71181
520.68828
480.65666
481.00768
480.46838
518.2008
488.29866
477.44255
481.20893
484.16098
477.53659
482.4162
476.66622
518.17779
517.84832
485.76098
481.41721
524.27119
476.62906
517.97971
476.63966
481.80158
521.31896
480.38896
524.27716
486.98796
481.94789
488.2153
480.75495
483.29312
488.39819
481.72306
517.88329
507.47984
481.8372
482.30523
517.92536
476.67207
487.24342
482.10611
481.80319
482.38748
517.8456
517.97427
485.2343
517.72395
484.07121
518.03445
518.02861
517.67442
483.68521
485.20873
518.00035
518.74686
479.54826
482.19465
483.09882
487.57415
477.66009
480.66771
480.59555
514.63777
480.28194
482.08472
481.78931
525.77301
481.33315
487.49302
524.22403
452.3189
517.95818
524.99299
484.04499
518.0023
481.51912
480.64968
477.48854
482.02319
482.0262
517.90811
521.2342
488.04921
517.76062
479.69793
480.87823
484.59046
518.7402
480.49422
489.91181
480.16196
476.87178
483.70933
482.43956
484.87121
518.54516
485.06669
479.35474
476.63727
482.04228
488.31672
521.28249
517.65361
488.29913
479.38493
479.6266
514.21593
482.35082
477.54593
482.73484
480.20578
481.31912
489.65648
514.24022
486.84929
477.53128
483.88979
521.30274
477.58181
476.66345
524.21637
483.13931
480.63527
487.16414
484.58498
480.25061
521.13573
481.54443
488.62401
487.80148
518.04118
518.76214
518.60646
518.86127
514.14348
517.92992
437.93302
480.77155
518.63966
517.64267
486.819
485.10505
485.41131
488.64262
480.93869
482.47092
476.69224
518.65099
483.09667
525.03057
485.31661
482.06075
487.16639
518.0135
481.90696
481.93059
488.12832
517.91258
517.83893
481.71625
482.15745
482.41207
479.88611
481.26867
481.17337
517.93609
483.89099
518.12516
479.30998
483.64901
518.47294
524.31163
525.91245
518.16387
484.71381
485.50482
521.21376
481.63675
482.11287
481.84529
477.62186
476.88495
517.95571
487.83776
481.8475
518.0153
479.88813
497.72051
517.64695
518.00913
481.70629
481.06065
488.54599
481.02206
517.89959
482.90414
483.13274
482.44138
480.34869
518.50044
489.87012
489.64121
483.07261
517.95624
486.96215
480.45046
485.35679
480.38582
434.27555
487.81642
518.80452
517.79451
517.80464
480.95928
480.58437
476.63031
486.74429
481.41671
484.19859
481.47524
479.47989
485.03365
487.37159
518.15993
482.18907
514.30247
483.33203
476.80152
517.97756
480.79091
482.03445
482.76633
489.26108
487.99727
518.18524
476.31019
518.98888
518.77649
488.77597
481.7923
488.30443
490.03814
518.37634
476.93573
525.81085
479.20822
480.42516
481.55417
480.40614
479.72733
488.63043
487.49495
484.91365
490.83925
517.84562
522.02419
488.42732
483.2239
518.50861
481.00784
480.28939
524.99632
489.74951
517.98931
518.42836
480.18231
518.48084
518.51933
485.6447
486.58117
482.86426
481.46202
480.69585
483.02741
483.29933
517.72039
481.49279
518.57415
486.89066
479.98829
518.14954
488.69855
477.44475
477.50001
482.53304
517.87062
482.9796
485.57252
481.33873
517.7913
481.03583
517.71607
481.3418
482.41708
482.06052
517.74686
482.55786
517.97474
521.09973
518.6767
518.40767
481.1327
518.08181
517.9375
525.81932
481.68867
487.05914
482.29422
476.72659
480.9743
525.17525
480.9204
481.21855
524.15691
481.65912
481.11405
518.09534
485.3927
488.58858
481.81953
476.73572
486.64878
480.33175
486.11818
517.6701
485.66992
478.35556
517.94568
480.99284
517.89019
483.15748
482.42097
485.72702
477.76029
518.08453
518.21505
480.44815
486.32378
480.54583
517.96036
524.04359
480.80294
517.7699
487.64836
477.62763
489.17151
482.76961
481.40731
517.68848
480.68514
517.75265
508.48001
480.73486
523.97726
482.49458
518.38652
483.16089
486.36254
480.61053
517.87569
485.22577
487.13433
475.25005
453.44963
486.07866
518.16633
517.85505
489.48651
476.81156
486.55804
480.50249
480.87508
521.13635
476.79795
482.89874
518.04071
481.08368
485.42269
521.21309
483.079
476.61694
524.94204
486.8605
521.12251
522.0531
477.75574
518.44512
518.63516
483.51287
489.54617
518.48365
485.80599
480.60037
477.61438
486.69835
518.1322
480.6851
521.22564
481.2087
517.6399
485.87872
480.69398
518.17722
482.51639
480.41648
481.33526
480.151
435.12249
482.84027
481.29101
489.72885
486.63744
481.37084
517.78066
482.49898
517.69031
488.19401
477.52807
481.5334
476.53532
518.2861
481.68533
480.95618
480.31755
480.41938
482.59477
520.88302
520.87451
480.49964
480.59815
482.55533
520.7979
482.67126
520.90374
480.91502
520.85614
520.47929
520.83457
520.9035
520.88698
480.63192
482.46064
480.35504
479.15484
482.7604
518.01952
482.63752
480.55185
520.76911
480.74877
520.87454
520.83358
523.56581
482.4904
520.78021
520.88
520.81113
480.45741
480.69299
480.57279
482.44672
480.52409
482.42049
480.38423
482.53062
480.85413
482.73349
482.36675
517.71339
480.37135
520.83137
520.87324
520.98293
482.57935
482.51856
480.55591
482.48106
520.87649
482.37693
520.78654
480.64536
480.94726
520.8499
482.46065
480.85531
482.12715
480.63376
520.90774
480.63135
520.77206
480.75894
482.54248
480.63955
520.79036
482.66763
520.77799
480.69478
480.60949
480.50353
520.88155
480.39118
516.69516
486.75438
520.75386
482.5761
480.53971
480.65167
482.62534
520.81653
482.74025
482.60971
520.89282
482.64484
480.55056
478.61681
520.87004
520.8929
477.58089
480.5239
482.98677
520.61957
482.77433
521.01721
480.60695
480.52045
518.31498
482.29241
481.77162
485.67117
480.66903
483.10603
483.25951
481.23463
482.33671
523.65275
477.9863
518.52656
478.76663
482.64026
520.85017
480.53458
482.32244
483.45022
518.02977
482.08183
483.67131
479.88943
518.17653
521.05731
481.12009
484.8603
517.57119
482.45098
481.76457
518.5059
518.02143
479.77511
520.87126
482.5579
482.54185
485.17454
484.71099
522.21924
516.50603
482.84349
522.0332
480.91255
516.47582
481.07508
521.44022
482.67991
482.80115
520.42211
520.10534
482.35556
481.32232
520.34439
483.86041
521.57568
480.30712
519.43592
476.97074
519.46747
484.69878
479.9931
524.37491
481.99377
483.15169
482.06374
520.02526
482.38387
479.32084
474.02171
522.2694
481.26037
518.85086
519.01084
521.21596
480.94598
482.38354
482.31692
519.64651
480.4775
481.65704
517.99567
480.78313
475.92235
480.18917
525.23875
483.34915
478.52534
517.65881
481.3292
517.90712
520.70696
480.55144
482.16148
477.97719
519.38685
481.43337
479.96396
524.98252
482.31137
482.44131
481.00147
487.62822
521.01795
480.47295
480.50718
519.44674
524.01658
520.77161
517.27014
518.08986
481.2418
483.87915
484.16259
482.67441
517.59285
482.45695
478.60687
480.5086
517.71913
510.03048
523.03808
480.20265
480.92835
504.58855
483.38333
483.05584
481.71908
518.29561
481.903
505.50026
505.36384
475.41057
483.41761
517.97681
481.26329
521.92268
454.9769
459.25848
517.61174
480.81853
482.84096
481.27711
479.8377
459.12105
483.28784
461.56538
510.31187
483.28237
480.08787
483.37751
481.60841
482.30363
483.1188
519.89701
524.85158
480.14821
511.02171
504.42714
505.6459
505.48327
477.39799
482.25966
482.38006
520.26447
482.99599
482.55825
520.8214
470.07661
445.72871
447.71377
517.82444
483.6531
521.76586
482.66519
482.38885
481.32213
482.27702
457.81624
454.28734
518.73506
505.35475
479.94301
488.90399
516.4559
481.95571
452.1832
480.27016
457.96997
522.68338
480.74603
484.46362
517.57125
482.40578
516.67794
480.1243
521.30877
520.28846
505.92477
503.96566
478.04079
510.03071
427.3318
484.79572
487.56084
521.00434
520.40243
482.70352
481.38826
522.76132
481.55842
517.90686
487.22577
480.40368
479.58177
518.83114
481.3404
480.19468
518.95185
445.25616
488.06727
518.31379
519.76516
482.96797
480.94277
481.22826
482.25124
482.06009
481.97945
510.51583
476.04373
488.22432
482.73745
479.61689
524.37673
477.68813
482.89328
481.94687
521.72258
482.14195
482.51993
483.94198
482.9509
482.73357
481.70106
517.60312
483.29302
482.54462
516.8747
481.43505
482.03048
476.86368
519.7725
482.35873
480.3977
482.54905
521.18106
480.43395
479.07293
518.82139
505.40797
482.36105
519.99157
482.82027
480.58143
483.90785
483.09213
523.39323
482.50371
518.8263
520.37051
524.47892
520.81839
479.81142
518.5309
485.17536
519.97394
480.91963
479.31172
478.69457
481.89827
481.01671
481.82637
520.24701
481.37994
480.78335
519.76354
481.72972
481.86082
481.56831
518.18831
477.60946
481.65062
482.87369
481.31832
482.31198
519.01462
484.51632
481.33541
476.78432
519.50757
518.99779
482.44977
481.11234
481.92328
482.2741
482.21428
475.03215
482.98709
481.63598
490.04577
481.76697
519.26436
487.96725
520.54807
518.1935
477.47977
521.03798
483.114
475.21064
481.80233
480.73989
523.93655
484.57584
519.48699
480.62936
522.32062
519.35783
518.2219
521.92306
520.108
475.13037
483.12758
477.15133
487.87727
480.83325
480.82536
521.04258
526.72638
490.99395
517.77568
480.44795
477.79234
502.7508
478.34327
445.55062
482.55832
478.59437
483.22231
455.5264
477.98426
506.88339
518.58882
482.54026
518.47017
482.0828
509.79998
457.26094
439.36765
456.20098
453.73245
455.01301
483.13233
505.08938
510.76042
488.77116
479.2176
457.64633
458.31419
505.86548
479.15442
506.14923
520.98709
478.11147
506.63703
482.0077
522.96179
488.0031
478.18416
521.97019
479.39403
483.39817
502.87416
521.29567
482.05026
478.41556
505.02995
482.945
518.61995
452.9924
482.04007
519.61206
480.74712
477.6784
481.73709
480.85853
479.36313
478.9131
520.70728
482.98666
510.48708
524.63313
518.28391
518.87549
480.465
477.7735
482.70709
521.27484
520.46302
481.41359
480.77236
519.84217
489.35501
477.737
478.76762
479.90803
482.73761
481.48283
475.61672
525.15428
481.8149
519.32428
481.35024
480.31769
482.9044
481.20249
517.50459
482.9645
482.32583
479.00312
482.00563
481.69367
480.39545
518.6069
479.85003
482.94537
480.84306
482.12089
483.38275
482.02605
482.16611
482.27593
520.48535
482.59467
482.69661
482.01936
480.63016
481.73527
478.57383
481.77421
520.39925
477.54993
524.33396
520.43316
481.62539
482.88694
505.44555
489.95161
453.08967
456.40044
505.07352
482.97867
517.44879
452.0977
520.40855
483.65564
518.21196
482.32269
521.74681
510.38275
483.49839
519.98038
520.31143
521.44273
480.72204
489.42122
479.44216
505.05097
479.3436
477.32302
480.23755
481.54249
477.50647
476.24141
483.4223
521.22141
479.98624
481.03183
519.51297
482.61896
480.77709
521.20068
481.28092
482.14524
481.19237
484.57159
479.23484
519.81615
488.51988
487.83159
481.53275
486.11132
480.14524
483.22386
480.16145
481.88855
517.89603
490.15282
519.9791
525.00572
484.4109
487.78621
517.58656
483.84357
522.76296
521.23283
484.19635
482.85089
519.88312
521.18352
482.69802
521.79974
484.35998
480.1557
481.90359
515.97113
517.32423
484.15643
480.41756
521.84631
440.01029
521.57258
523.22686
520.58411
525.99259
505.25748
482.99324
479.95603
478.64935
481.14049
516.7463
479.64358
484.00658
482.32227
476.99777
524.39673
481.62348
479.75965
477.54784
524.23117
518.51553
485.56003
481.28754
476.60307
525.00017
477.15672
526.07352
485.61832
481.76106
518.62902
482.0709
486.81072
489.97987
488.39068
477.72785
483.35112
518.03851
481.72997
518.03875
483.57234
481.9551
476.04526
527.24441
514.52511
482.02353
488.15632
479.83804
479.73611
482.25849
481.45167
481.80512
518.12126
484.75541
517.72759
485.34672
518.59157
487.40661
480.44562
525.03099
483.43352
489.29783
481.46491
517.70566
518.40332
476.63833
517.77374
482.69864
514.73266
483.51708
485.51738
486.86848
518.44634
517.78151
518.47649
482.03223
488.14571
481.34072
486.99753
481.37169
486.69229
518.54552
476.8655
480.10695
518.15339
485.43192
480.805
484.53895
482.85624
481.49062
476.89359
476.67652
477.59226
481.01739
517.83848
518.61018
480.41954
525.01256
480.66309
525.74549
518.54838
476.76585
479.89697
524.14112
483.08906
486.70249
485.04112
521.84938
517.90641
481.01439
480.46106
480.87946
489.37244
482.32101
477.65719
487.3879
482.91105
517.91953
483.01491
517.74636
518.63277
482.86176
518.67038
479.63733
484.38783
480.09444
476.81833
485.15968
486.77876
518.01955
487.09326
481.26794
517.64933
476.67331
518.39119
482.93254
517.98998
481.89425
476.9045
517.66844
488.32693
481.32498
488.58771
481.69319
485.29411
483.1694
482.28789
488.00632
487.64073
518.73363
514.27143
476.64601
489.93177
484.23657
524.47101
480.52564
483.22421
489.35626
480.57831
518.02845
482.3345
518.22581
518.02227
488.15109
481.72995
481.99721
485.22265
517.9243
485.00523
482.88707
518.49962
479.46533
482.14765
517.90518
518.73739
481.07888
488.42511
488.1242
524.77371
487.49966
479.61676
480.66763
482.15807
484.73211
481.84386
521.40249
526.06222
476.89285
481.04129
482.11145
518.00822
486.78397
517.88669
525.85418
481.74568
484.15124
485.49507
488.36294
476.6607
517.65807
517.84145
525.77099
482.22543
518.64628
481.38033
517.94819
517.93581
483.17106
487.21557
480.53152
477.36317
481.25349
517.97969
479.24724
522.98504
518.48554
481.14594
481.95209
481.36114
481.09997
482.14028
482.14844
520.97715
482.063
481.28138
482.01905
520.95996
481.0198
481.27888
481.33737
517.67708
520.97077
480.94964
482.19396
518.04556
482.17798
482.68041
482.07938
520.89454
481.19149
520.90165
481.93734
480.90238
481.95597
481.14445
520.96762
520.97061
481.22587
481.86581
482.10262
481.30167
520.913
520.88976
481.90147
481.46012
481.96442
480.88692
520.99079
481.87848
482.04489
482.02064
482.20691
520.92133
483.88596
520.33005
481.48257
479.59635
519.95758
482.30749
520.88278
483.60521
520.77874
517.93072
519.326
480.78019
482.26284
480.88092
521.2054
481.00943
520.90512
480.78811
520.95463
477.89715
520.90727
520.96112
482.78746
480.91971
480.73637
478.00838
482.36209
483.72549
521.20814
481.00142
520.24921
481.10962
482.4538
480.72034
478.22138
482.41782
479.16678
477.4223
482.1377
480.74374
520.74365
482.28128
480.77851
482.06815
480.79274
482.00261
520.88084
520.8835
482.59899
481.03877
482.27063
482.37722
520.84906
481.12317
480.72524
520.9621
520.88667
481.13751
481.05908
480.85237
520.95422
480.98725
480.93059
476.61189
518.05175
481.92597
480.82807
485.72662
520.97086
520.87722
480.84423
482.04673
520.94437
480.69949
520.90273
482.21805
480.72783
482.13286
480.73448
482.162
480.87796
482.09322
520.8253
482.44764
480.91306
482.4161
482.47475
520.81273
482.12192
521.96054
480.4912
480.67198
482.37288
482.32713
520.87635
480.80626
482.19575
520.9237
482.11371
520.90348
482.1163
518.92
476.62847
482.20186
521.0128
482.43995
480.50388
517.32309
482.95702
522.51006
487.89042
480.90955
520.94449
480.70742
481.07627
520.91977
480.19631
482.23708
482.21455
483.93697
480.75986
480.70107
478.11635
482.39801
520.95591
482.5999
480.53594
520.86501
482.24597
480.65957
520.77722
520.82282
482.07701
520.87202
481.40125
482.53896
520.88077
520.74682
520.86594
520.8625
521.84788
482.44966
482.50536
482.46388
480.59129
480.96409
519.53197
482.82467
482.6346
476.8234
480.35618
480.53786
482.40873
480.90585
482.38389
480.97609
480.71499
520.87439
482.34733
482.66131
518.23727
520.8481
520.90556
520.88714
480.72925
520.90335
520.77452
482.18284
481.01998
482.3546
520.90322
480.72507
520.86237
525.75497
482.27274
480.89148
518.01562
504.44245
520.92194
481.00102
480.98457
482.34464
482.31887
480.66241
482.04899
482.31272
482.27311
481.0536
482.29487
520.92886
481.12733
520.89884
520.92539
480.71735
482.40113
520.91969
480.70104
520.95011
481.93008
520.94804
480.75425
481.04352
481.08867
480.89944
480.86844
482.2037
480.77221
481.88375
481.28659
520.9386
482.18621
520.94201
481.08966
481.97923
521.06037
481.82354
521.04434
520.89479
482.16925
518.60237
480.75265
481.23464
520.98201
482.22651
480.93556
481.80134
520.97949
480.8519
520.90234
481.24343
481.12886
480.82467
520.94734
481.78155
480.80153
482.08836
481.18663
481.31622
521.00913
480.95396
520.9557
520.94245
481.93126
481.68835
481.68835
520.97762
521.12174
481.88834
481.17137
520.93351
480.86665
481.7628
480.80893
481.01435
520.96029
481.36218
481.96078
482.19529
520.80493
480.76119
482.08174
520.94878
520.94108
481.8745
520.96342
481.53839
481.09415
482.25248
482.23629
480.72666
480.68365
482.26729
520.73532
520.9294
520.7801
480.54293
482.23798
481.57517
481.88213
520.92082
481.52816
481.55384
481.62577
481.22009
481.63612
481.55302
481.25388
487.55969
481.63947
481.52631
481.29683
520.91347
520.89299
485.48739
481.48477
481.40331
481.48235
520.90041
481.50542
481.3956
520.91205
481.316
481.69242
481.27977
520.8813
481.30312
481.57704
481.8035
520.82106
481.86259
520.83366
481.34276
521.00633
481.17705
480.98788
481.76567
481.90655
481.19568
481.45052
521.04279
482.02058
481.7466
481.67852
481.56353
520.84522
481.5043
520.91751
481.96389
482.08227
480.9126
481.33995
482.05311
520.84919
481.28727
520.94463
482.03634
520.92569
521.15344
520.8325
481.9675
481.59871
481.68379
481.69095
481.48691
520.98014
481.09353
520.83802
481.40565
481.34635
520.85949
520.89773
520.92266
481.85789
481.2328
481.59238
520.89413
481.25155
520.81203
518.57639
481.48319
521.14277
481.60023
481.92393
481.4163
521.22109
481.48786
481.79856
481.28135
520.85763
481.41699
520.87089
480.14947
481.65613
481.27159
520.90184
520.94932
481.3473
481.08868
481.20669
521.11202
481.13577
521.01096
520.92906
520.88814
481.61879
482.01053
520.85877
481.97076
481.39316
481.35491
481.70799
481.55323
520.7271
520.72581
520.73219
481.63162
481.2319
481.45745
481.27868
481.60253
520.90868
521.00356
481.59671
481.82539
520.90892
481.39428
481.33988
481.64416
481.95442
481.31751
520.88419
481.48826
481.26058
481.76952
481.32404
481.71222
481.31816
521.04974
481.50687
481.87857
520.86708
520.98056
481.56143
481.81591
520.97356
481.58766
520.89635
481.55875
481.32014
520.83449
481.38807
481.85005
481.9151
481.16624
520.87645
520.88565
481.41242
481.95726
481.62645
481.51629
520.97306
481.21891
521.02148
481.60571
520.90188
481.47023
481.77311
520.87716
481.67732
481.6892
481.69727
520.96683
481.38611
482.00322
521.01089
521.00159
520.99706
520.90889
481.48643
481.75139
481.39874
481.55119
481.77935
481.33365
481.38762
481.87641
520.97404
481.65914
520.89436
520.89198
481.73874
520.91557
481.27191
481.63953
481.84089
481.41452
481.44235
481.53806
481.78866
520.98396
481.21426
520.97077
481.5406
481.08926
481.14711
481.62282
481.49861
520.89492
481.87377
520.93681
481.51298
481.74073
481.61103
481.15957
520.95381
520.98253
481.10449
481.124
520.89236
481.45624
520.97495
520.97515
482.13324
481.14816
481.20362
481.29511
482.13811
481.98848
481.1741
482.05967
481.35557
520.90465
482.05251
481.78078
481.00861
480.99967
481.87837
482.31023
481.83666
520.91816
480.92773
481.26584
480.95909
521.59314
481.70783
481.03278
480.98616
481.72006
481.37665
521.02532
521.00744
521.0019
520.90068
481.37753
481.45629
481.52034
481.5662
481.61807
481.32867
520.92381
481.39352
481.95935
520.89127
481.71594
481.74357
481.22043
520.91968
481.61247
480.90063
520.94146
520.87702
481.97281
481.11793
481.18802
481.36534
520.98537
481.49291
520.8715
481.21267
481.85487
481.39989
481.91201
481.48795
481.87869
481.432
481.54894
481.65619
481.12269
520.92804
520.85885
520.81623
481.56385
520.96163
481.7237
482.00078
481.31603
520.89445
520.80262
481.70768
481.93443
481.67786
480.80385
520.96345
520.90051
481.69653
481.36817
481.97908
520.95224
481.0792
481.85324
481.44655
481.5571
520.98287
481.84295
521.00804
481.38948
481.91887
481.5027
520.93187
481.14582
520.90264
481.17809
521.03937
481.52891
481.95205
480.80568
481.42337
481.14148
520.98421
481.64968
520.91526
481.59226
481.6356
482.08526
481.69169
521.05154
520.9201
520.96281
481.38097
521.00308
481.36437
481.20195
520.95764
481.82834
520.81872
520.89055
481.2911
481.63677
481.64401
520.71644
481.42993
481.45924
521.12363
481.67393
481.8182
520.98285
481.59154
520.85141
481.62617
481.65854
520.94934
481.70255
481.79363
481.2954
481.51806
481.47295
520.85075
520.97632
520.79877
481.34379
481.51818
481.90325
520.89906
481.523
481.32967
481.39144
520.97987
481.19949
520.94215
521.02187
481.23019
521.07708
481.55973
481.11993
520.99637
481.34415
520.96795
481.44681
481.74739
481.03083
481.67961
481.19587
481.16771
482.12254
481.25457
482.21422
481.79472
480.91127
520.98475
481.68155
481.71492
481.43236
481.46271
481.10388
520.90013
481.19715
481.74443
481.34646
520.97101
481.02551
520.84997
481.02763
481.36782
481.75856
482.08012
520.90769
481.81073
520.92485
481.95073
520.96845
481.56617
481.4838
481.5883
520.76094
482.06363
520.74388
481.40375
481.90915
481.24008
482.0039
481.61099
520.864
481.92232
520.98479
481.25582
481.31036
481.81937
481.74933
481.8782
520.74377
481.60148
481.79074
481.99514
481.21877
481.39358
481.7988
520.76899
482.00855
482.00995
520.88213
481.31474
481.92652
481.27574
520.93064
520.90131
520.94215
481.72246
520.82696
481.48248
481.62545
521.1414
481.17694
481.64106
481.73501
481.86489
481.1052
481.58862
481.75121
481.84749
481.27054
520.74805
481.21391
520.49195
483.56009
479.97083
481.50882
482.27261
520.94645
480.84638
520.88057
520.92375
520.76584
481.83021
520.92115
520.94312
520.9842
520.93229
480.83076
481.4732
521.72989
480.69891
481.959
482.03464
521.29013
521.80393
480.70474
480.78972
481.88197
480.97115
480.69515
479.27259
478.7399
482.72295
484.54289
480.78388
481.77493
518.23088
482.56043
520.02833
482.46911
482.12016
481.15895
482.381
482.04121
481.68763
479.09306
481.83809
481.96252
481.85422
520.95402
489.25901
521.12337
483.25663
479.45153
518.62205
481.07453
518.87136
476.08299
520.59417
479.1085
517.7756
524.12793
478.34782
519.16942
477.71973
484.50397
482.47284
520.81176
482.35442
483.01596
480.88442
479.67895
518.95358
481.23992
521.87566
521.0823
482.61571
479.89314
522.54856
483.71395
479.90552
479.37825
520.78206
477.29395
521.71744
482.88665
519.23593
479.98583
479.06544
521.39435
478.36339
481.16643
522.23868
479.9415
480.7404
478.48436
483.23768
478.98644
520.47334
482.99959
521.29715
522.58211
480.59664
522.06661
522.29078
484.07997
482.98241
482.52664
479.7118
481.17623
516.94554
510.15997
482.10223
487.07328
505.60315
522.83559
412.76933
442.27591
450.98406
500.74568
449.529
480.55497
510.5712
449.39487
491.21613
525.0489
521.10213
483.1489
478.81117
479.26336
482.45803
510.33829
481.93623
521.50584
523.12662
483.60903
482.5435
482.67112
448.02775
521.511
504.37426
504.64473
482.88454
447.47965
504.31982
449.07809
450.21757
480.05654
480.24296
481.82734
448.25596
504.32544
480.8368
519.22891
480.47672
521.22523
482.06353
522.2232
519.6814
482.56178
481.1924
522.89256
504.47535
451.79348
482.02305
478.81398
510.57496
521.17231
478.53451
481.14227
481.93377
480.03452
479.03447
518.83434
478.77889
504.71196
480.82562
480.25841
482.67269
482.29877
481.06777
523.72006
477.84043
522.55134
483.03781
521.9032
478.64293
482.19544
480.36979
478.28914
521.90733
477.80022
478.77851
487.68332
522.75835
523.06673
480.20584
479.4115
486.76968
521.63629
482.24995
491.54555
521.11044
481.01223
477.54388
522.52493
521.02555
480.12277
481.30447
522.04354
522.22654
480.2746
522.86096
481.83692
522.38052
482.47161
522.77817
481.79847
478.39585
479.66296
478.39526
476.83755
486.07813
477.15254
478.05522
478.68721
477.62616
521.91995
478.70662
479.24231
523.77311
525.61884
520.99053
522.68844
481.83191
524.4671
484.04278
475.76784
475.2375
481.72762
474.14476
474.69425
482.99233
477.43173
479.76904
479.55786
523.01766
481.35333
480.7963
522.32253
481.03813
521.9382
480.95244
521.8138
483.62511
480.33347
522.82739
522.57623
479.14291
478.13317
521.01115
522.52631
483.02769
480.75608
477.13366
478.09129
490.75977
480.76586
479.51598
479.11652
478.79807
522.24667
477.5283
483.77427
479.29399
481.17872
478.38907
474.75913
477.89138
481.83559
482.11814
479.8808
521.99094
481.44465
484.00254
477.91891
479.33029
522.96973
489.75968
521.24637
477.6983
477.94728
522.31887
477.37691
522.63158
522.60269
478.97432
480.31074
482.31735
521.33107
480.69409
478.70045
480.20198
520.95111
477.27053
520.78894
519.70626
478.9811
522.03049
520.13475
481.29705
520.73695
479.44016
481.98717
479.41625
479.39515
479.24025
477.27713
483.10941
480.64068
479.20128
480.36482
522.59609
480.50574
520.65203
481.84314
489.07774
521.01249
522.27906
489.40919
483.76247
478.31975
476.95972
520.18272
480.48177
482.81105
483.18552
522.06855
481.19056
478.81798
481.70328
482.54426
522.33486
521.98221
478.24869
523.07491
479.54604
522.03787
521.52954
480.55718
477.62859
521.67095
523.74825
522.60534
488.71169
522.69339
474.43093
481.25204
479.90735
479.40742
522.11354
480.80401
481.147
521.73001
522.48072
523.4175
520.88714
522.69004
522.46874
481.80984
519.48371
489.75308
477.44019
521.5076
522.16512
516.78483
521.14342
477.36652
521.03228
481.52567
480.64257
481.3784
482.59445
480.07631
478.09682
521.25134
488.16747
518.70296
478.95114
480.06907
481.66408
520.84856
479.13996
521.27096
484.99515
481.61126
519.40353
522.13122
481.98555
522.58166
481.95934
516.66329
477.92447
480.81565
480.72474
479.82817
520.69774
520.98549
520.99981
480.16035
521.48682
481.98425
480.30292
521.02034
481.34867
521.9735
477.90407
521.70097
523.04757
476.5759
481.54939
520.10091
521.87357
480.23606
521.98031
521.30025
522.02254
482.46935
522.05852
481.73744
481.6103
480.72201
522.01923
480.19989
481.0522
480.94036
520.57149
482.18861
480.77435
480.64643
480.45006
480.98029
489.41425
480.35342
480.64659
521.43768
523.29403
480.79119
479.1146
481.45469
482.25871
479.70394
520.91932
482.06011
480.72247
519.70331
482.76654
493.30345
479.11504
482.84276
484.0021
480.23198
520.41593
480.00999
483.60008
479.74258
482.12231
520.21519
482.80455
521.07379
481.49062
523.57985
480.47666
481.19451
481.50801
482.0802
522.08803
522.19301
521.33256
487.24496
487.74957
522.68577
481.14864
522.1674
477.91027
477.34094
519.52979
520.3338
478.53048
518.20073
518.73289
479.74946
518.35508
483.56362
479.13659
482.04618
519.12209
483.56362
520.98225
520.38063
483.62378
518.07664
480.74064
483.09273
481.10299
479.96887
483.40747
481.21743
481.54107
481.36199
520.44914
481.1736
481.20093
521.23276
482.21575
525.79554
479.53203
481.40794
488.73868
482.28539
481.03436
482.08484
480.34437
523.05133
480.56092
519.5185
482.32353
481.3121
480.99649
480.55575
481.37848
480.92886
479.39381
521.42808
521.76553
521.67551
478.78004
519.45848
521.67661
481.34111
510.20843
487.90965
526.70617
477.22844
504.66443
480.26139
480.16082
522.76715
483.21281
520.63609
519.2424
480.72696
481.92626
488.55638
449.39548
523.79623
518.39534
517.73217
454.73821
481.54906
503.49447
480.01855
480.60023
517.39432
480.40889
482.78302
428.78977
523.17022
505.53294
510.98369
455.32937
457.6004
445.72471
514.5818
450.65035
476.8329
477.23
479.50091
519.57028
482.21742
518.49952
490.11865
484.92883
487.06174
491.90628
481.28487
445.57226
521.9074
507.90172
506.21504
521.33236
521.73896
518.43596
447.94259
450.88252
522.0329
477.369
482.60901
506.05399
444.90987
486.02064
482.62449
479.63351
483.96351
443.37156
482.7953
505.20401
475.78263
484.50656
517.07444
480.28165
477.49025
484.06555
482.67458
481.83898
496.92942
442.07387
482.53963
520.40385
479.91976
483.51708
502.74818
487.45293
511.11841
479.23547
444.43931
445.35538
510.30176
520.83524
521.77212
510.44823
482.63706
484.28613
519.63002
479.50402
480.93893
483.93825
504.39843
524.80504
442.1318
510.14886
481.62565
479.93581
482.29077
518.93676
518.65119
518.29412
483.68531
523.11343
519.43088
479.421
480.8035
480.93122
481.54397
480.95266
481.11249
521.14021
481.56855
481.19291
483.13689
480.67556
482.94542
481.77838
483.10821
521.11264
477.24239
520.24095
479.38225
477.14692
480.88754
480.64381
520.78329
480.247
488.57251
483.29651
521.17262
521.18027
474.94362
517.229
420.12244
445.51002
481.93215
482.54628
480.40968
482.09803
518.9642
482.92927
521.35797
517.0606
480.89525
482.69228
477.07361
488.75755
480.75736
483.02865
479.6033
523.53417
479.32812
480.47097
486.26745
500.24111
520.8547
525.554
517.59124
476.56936
523.93188
473.33842
478.35827
481.22738
519.81904
482.85069
480.60736
521.29279
481.07588
482.15067
482.81785
488.42678
482.00109
479.6529
480.48347
517.80192
479.38278
524.96529
481.31537
482.45703
481.92115
520.70435
481.82475
481.33581
518.00832
481.64909
518.09411
517.37676
517.38763
517.70629
521.29955
482.35102
481.29305
481.27444
487.01612
481.01349
481.29843
482.2697
521.09802
481.67172
481.06869
521.08947
480.97554
481.60731
481.25544
521.04356
517.5328
475.97798
521.07026
519.77589
481.88404
483.68715
482.96087
521.49253
482.20221
522.36022
481.10641
480.14731
482.5216
482.61026
482.11503
479.65748
518.33634
479.88733
484.56173
481.78398
514.81819
481.29282
480.11445
479.79205
463.24868
479.29125
486.99537
520.30088
480.45343
481.14404
489.76094
521.12272
478.20456
478.36708
477.83876
433.07917
519.63462
520.63795
506.19601
510.47334
502.84527
450.45856
457.52049
481.74323
491.19947
505.0725
480.65284
490.29012
482.54564
501.49259
432.80658
505.79272
489.06203
451.8128
460.38015
506.01811
483.22802
485.56005
483.85288
477.10296
474.04299
483.78931
450.74201
516.78024
516.69372
444.97035
483.4926
479.57922
480.64046
515.94154
483.65433
518.92786
510.40169
481.87066
482.1294
480.55958
481.82696
517.31069
518.38866
478.33467
521.29436
517.51165
519.80319
479.47646
482.33956
483.03328
481.9589
480.45641
488.72595
525.59578
477.27126
520.18364
481.86001
481.81217
482.25586
521.42904
482.29651
482.37268
481.29778
519.35993
478.57714
481.72791
518.80379
477.86821
525.0502
509.64038
475.91442
478.47414
517.91745
484.21716
474.45891
483.08829
479.4532
510.66095
522.30465
473.34094
517.81667
504.45072
519.84157
483.53379
477.77726
478.49444
524.96515
482.55853
482.37404
483.16061
482.07457
481.08905
518.80123
482.42032
504.60715
481.38968
449.19209
452.99761
505.66591
478.49481
480.52867
518.19369
480.24306
482.09488
483.1607
517.79984
489.82166
482.92098
477.55957
481.13602
518.42564
482.45312
457.33906
463.81035
509.99283
483.26148
445.66363
521.97105
507.08399
454.09907
506.37049
425.62491
436.48658
420.05155
419.25281
434.47438
505.5433
482.9989
518.41189
483.00119
482.31252
481.95596
477.98899
483.01081
511.55383
437.40733
505.89798
453.5338
483.5425
481.08569
524.35548
450.71782
450.67452
523.90139
510.13887
523.22659
480.57557
480.9139
476.16528
515.88583
480.45336
482.37788
514.83198
483.97144
481.45438
483.18605
520.27115
484.64138
475.18536
452.00642
506.07533
484.14032
519.66792
464.9726
518.14728
486.97255
484.72184
481.13267
506.84472
517.91597
522.3652
448.91719
478.97375
481.0827
503.70273
435.6583
484.31996
509.80935
521.62655
517.62322
482.33929
478.68698
458.03056
485.50398
504.493
506.63098
478.5107
482.75271
483.23499
519.4194
510.41896
456.52041
482.3925
483.84652
484.14561
516.34223
480.17279
504.93331
522.10172
519.03567
482.44223
477.78894
489.0117
518.37645
480.273
479.74758
479.65804
506.80914
481.49873
457.33151
482.8169
520.32809
482.67443
504.69649
480.19946
527.91248
476.61384
478.16358
520.16535
482.48899
488.60821
518.39424
483.66408
483.41585
482.0452
482.58742
523.38759
480.19887
482.62219
521.36672
482.44233
479.8348
481.7427
479.88855
479.4912
481.59513
521.0646
482.21493
484.92048
520.50599
518.33327
483.26069
479.02658
481.16052
483.06273
517.61776
457.89892
518.90566
482.47346
518.66126
481.99755
524.39129
480.09381
436.47145
483.02765
483.78556
482.37269
523.65528
451.32826
504.8781
478.8728
481.13562
509.71419
480.96135
482.14126
519.95502
520.09783
482.22032
484.28966
479.38108
519.53244
487.24221
481.37425
481.83217
520.63072
477.9629
478.73679
522.28824
479.61865
482.2774
482.92175
482.26745
480.67433
480.99205
518.41779
483.15815
481.96844
478.33959
480.63952
482.43646
519.41905
479.49657
483.72213
519.97223
480.02991
480.73197
521.22169
517.78583
482.49289
521.53478
483.24945
519.69864
481.0892
519.46871
521.03868
520.87937
483.17509
481.17541
459.61615
481.03232
481.59461
477.72545
524.94288
518.35295
481.15448
523.08524
483.59662
521.1035
477.26984
519.91811
482.06187
481.62014
482.08493
480.71605
481.09207
480.47538
483.51256
481.06928
482.1292
520.9359
460.64768
456.28947
456.58081
482.22158
516.7079
519.78427
505.73369
518.32677
482.8877
480.79411
483.69502
480.83635
525.63842
481.80807
481.89928
520.05501
481.6508
516.69997
478.06069
523.75264
481.7992
520.13908
477.85558
460.16929
519.91683
458.10622
525.52281
517.11371
519.97247
482.2517
479.77872
482.10323
505.48186
480.84723
482.1269
509.98274
479.52167
481.60689
481.19359
483.40963
481.11652
505.17949
482.75397
481.88431
450.10979
520.50053
482.42179
517.13359
481.61016
454.84578
481.431
481.96761
488.97232
481.97963
520.40239
518.66682
455.94735
480.58411
482.26896
481.51394
481.39851
520.10739
504.41118
481.83171
478.80014
522.52559
480.38667
484.24095
522.12434
481.8102
520.98665
480.44708
480.85824
484.76687
523.75083
518.01638
522.56306
481.90008
480.63173
482.63652
518.79763
521.36226
520.30324
481.16984
482.48789
481.65404
520.442
478.5347
523.25529
519.23896
522.07865
478.8763
486.1258
479.32301
520.84388
487.51704
521.97926
481.8003
481.18143
481.39297
452.07862
482.11103
518.83742
519.78982
520.38083
505.97361
481.05117
480.33503
482.67536
479.82034
480.71273
483.43733
480.72362
520.67021
480.75505
483.50365
457.53975
519.735
519.41573
520.31765
460.93896
489.55407
454.01677
520.50578
522.62307
518.1003
521.8893
481.61648
483.05845
521.21525
481.07851
480.93259
481.85161
480.89246
481.61024
482.18139
482.34471
519.9824
480.09193
520.932
480.58412
481.14575
520.83566
481.86436
480.99103
481.8022
482.03173
481.19569
481.90926
480.96438
480.85139
520.93763
520.80476
519.99378
481.33593
481.23868
520.05548
481.08561
480.92133
482.01121
480.8754
481.79986
520.9778
520.96101
520.99098
520.99006
481.23688
481.18654
481.00022
481.66115
482.1591
521.03682
481.84368
482.10518
520.90721
481.12444
481.68472
517.79874
521.0239
481.32361
481.31501
481.17818
521.01672
520.93754
480.43037
481.04204
481.47876
480.86769
481.94771
481.24807
481.29529
520.97904
482.65045
481.71419
481.95615
481.60294
521.01657
521.04484
520.99184
481.02463
481.85899
521.05301
481.5173
520.99241
520.96454
523.38605
481.80566
521.04922
520.68408
480.29234
519.29718
481.87297
519.86022
520.51955
522.21442
478.87706
522.56315
520.98862
478.62241
521.06969
481.80597
482.51447
479.30109
481.10029
521.04581
522.26926
483.6768
481.7557
520.98612
521.08629
480.94104
481.84855
478.52321
481.12176
520.5349
449.40961
481.47166
516.92743
520.96718
482.74281
482.36804
522.18613
481.01222
520.90768
481.84667
516.76704
510.15074
478.73386
481.86533
491.10446
521.00369
509.87139
482.51102
481.60913
480.92184
488.13399
524.4894
482.08785
479.70909
518.71009
481.95365
481.3224
481.79491
489.85462
482.09771
519.84823
481.08313
482.00694
482.85909
477.42144
525.1603
481.24816
519.20657
482.00083
479.89123
475.34405
487.63015
520.4048
481.34454
488.40152
481.40602
482.07385
483.23088
482.44734
525.89665
517.93802
518.30725
482.10038
483.45383
520.91391
518.32566
479.53453
482.51368
481.87948
476.76143
480.97695
481.06016
482.51459
485.29553
482.27302
486.9969
484.99195
481.57643
487.35183
484.62935
518.64127
484.10438
487.75844
489.75318
524.25542
480.61392
479.17714
477.53043
485.30344
483.64786
518.8198
517.87711
486.98342
480.46941
478.9135
514.26497
480.77612
489.72396
477.01426
481.40159
518.10089
518.82759
484.6879
484.71019
476.82573
488.45915
479.24255
482.51286
482.09435
478.65509
525.42927
479.06387
477.24009
517.84341
480.51345
485.35978
481.82345
518.56878
481.58158
482.33223
488.9305
480.64279
514.23307
483.69263
521.42407
518.84902
478.96187
520.03168
480.25377
524.09021
481.55592
479.25129
482.99841
488.29884
509.86356
480.80038
483.93439
518.19107
488.10136
518.1323
517.74271
483.64503
514.64549
483.68521
525.28501
482.17983
483.43974
489.49828
482.36502
520.26097
481.56081
482.51247
477.30294
519.55258
478.80086
520.97021
480.88536
484.38669
526.70059
489.25531
480.42344
482.85065
482.76697
479.99827
479.96742
481.92595
521.23031
522.35305
518.23518
519.19355
518.55268
482.84064
504.98403
482.4097
456.60917
478.69344
519.82771
476.62951
479.57625
517.31364
487.01279
481.67168
481.81013
478.83059
517.98597
518.53631
480.37557
480.60815
482.06632
484.84398
481.41604
476.3629
473.2654
477.79748
520.71275
482.80196
480.31361
481.47142
485.52844
482.80986
488.59942
520.60991
484.87969
482.7105
479.55712
481.39041
521.44768
517.21349
481.46047
485.97735
521.36189
526.16595
480.55275
479.96067
519.35475
479.11561
489.14583
519.69314
520.82809
482.41052
526.29243
481.63122
455.97342
452.15794
466.14314
458.94489
506.81034
479.72251
480.78804
452.44872
457.4797
506.93026
505.70972
510.18581
478.79717
479.70026
460.3123
482.92641
529.33262
483.87271
480.59984
453.40559
476.35198
506.44955
456.37315
510.08097
461.65866
518.4675
505.19145
518.69231
481.54569
455.15689
504.71227
447.30481
489.53633
482.31741
450.484
479.08858
521.49515
483.02874
483.48628
488.52611
505.68903
506.44084
480.21607
517.58888
481.45909
505.59467
474.7159
478.7111
478.747
521.14002
459.40817
518.26929
520.69576
525.24427
519.5572
482.36727
482.47489
522.77234
481.03754
478.69304
483.42497
526.23106
482.94556
488.8888
482.20505
483.24381
523.98592
484.20204
481.22966
481.86803
521.85478
479.51903
521.72898
478.30185
476.45218
520.49768
490.2051
520.8041
480.12299
521.01077
520.40485
479.47806
479.97005
476.599
473.66053
489.76294
527.55312
482.96888
481.33419
479.08234
520.24639
479.80771
479.78063
483.14008
481.56801
509.58054
483.79096
481.49321
520.28714
482.80007
523.11571
519.39682
455.1607
521.72363
482.3079
509.94995
528.07705
521.54121
482.08264
518.9317
481.71163
479.99331
480.69012
520.7469
479.3779
488.65485
521.81724
479.24643
477.17062
482.68394
488.93296
482.39109
520.81514
520.9037
521.05001
480.04634
518.75148
477.04181
480.04926
482.77276
521.80047
481.3503
490.14889
520.65815
482.87206
479.35519
481.09228
476.78564
482.01498
479.8882
477.71942
489.91197
518.20114
482.12467
480.88228
471.67174
480.44811
487.65369
476.46826
519.46983
483.03412
478.96966
521.56104
520.7683
480.13008
514.60341
489.70861
480.99934
520.8993
479.84901
477.02306
520.91342
480.1339
482.64366
521.52722
483.62778
521.43272
521.95456
480.54152
521.03821
521.68516
521.57515
480.62364
482.7153
479.66157
522.80506
521.11038
480.21492
518.74243
521.15699
521.27168
480.19821
520.98961
481.7165
521.29812
521.94928
480.15037
521.18184
482.68689
482.48142
521.28612
521.09911
479.65811
522.60116
479.49922
480.67826
482.14595
479.75418
481.45806
521.3656
480.1916
480.36614
480.7666
480.0906
482.12531
480.12772
481.26572
520.9566
521.71411
521.69295
520.47414
479.82018
520.99076
521.95844
480.34342
483.15242
523.43634
481.47732
478.72082
516.45891
482.12938
481.08243
483.20293
478.66985
478.76985
522.50526
480.24609
519.5214
521.68656
479.26506
521.51017
482.72303
482.74153
481.19109
521.38366
480.0745
483.09503
479.51936
518.05933
521.65201
520.35607
488.51879
481.06097
480.9012
482.48044
481.99063
481.82026
480.09093
522.37662
480.18227
476.52392
481.92572
521.72512
521.49648
479.39089
520.02324
482.24211
479.85952
518.31639
484.72699
479.40139
521.54563
483.06838
479.94112
482.95143
480.2703
481.94825
480.23696
489.17011
480.06856
520.31571
480.50469
482.28179
481.70048
481.60251
523.88304
478.79357
522.29043
481.46165
487.58218
521.52879
521.17475
482.55196
481.29955
482.33291
477.48033
477.50073
481.43686
521.28231
481.11675
521.72933
481.3447
518.98588
483.97552
523.14918
522.65102
479.8193
482.32117
483.21159
481.41393
483.02544
487.31967
521.0072
520.60356
482.66244
479.92046
479.89489
481.45615
521.83271
522.42955
479.2638
482.8797
480.24301
520.45891
521.26624
483.10918
479.72153
479.82818
520.60385
479.38854
487.58742
521.40897
482.51002
483.13645
482.9487
479.87626
482.9184
481.7153
479.4801
479.54322
483.05832
521.51731
521.87149
482.66904
483.01468
479.63331
521.74872
483.28071
521.47026
482.55297
522.33289
480.43461
521.77414
483.09983
476.79692
479.50139
482.88883
480.19702
480.07841
479.67258
480.56551
480.20653
483.27373
483.62181
521.19607
483.59813
480.54114
482.77324
518.77021
479.28382
479.06494
481.27439
483.77532
479.82381
525.14112
478.18479
480.84648
478.91589
527.45421
480.61482
478.00119
483.23009
478.54096
482.95426
520.54774
479.40782
521.50678
527.43089
482.8511
479.44508
480.86397
478.62502
521.3289
478.94831
479.76429
521.65603
479.76496
479.53603
522.47241
521.53109
489.71116
482.95382
477.14762
482.62686
477.39928
517.89433
517.90466
480.80506
479.4832
479.78645
482.23538
481.8532
521.0809
480.84621
481.83865
479.26459
516.96287
521.04752
481.49556
482.54759
453.45773
450.76485
451.53963
521.94028
517.6259
452.71066
452.74345
454.14538
482.40201
478.71994
520.86273
505.70578
475.11046
455.8824
461.69899
481.15111
483.58409
484.05195
450.71634
456.26089
454.56397
505.31853
510.20655
519.24822
454.50901
523.06198
506.17735
506.80138
475.1623
482.73631
521.46579
521.57011
520.8029
483.15439
520.98086
482.67957
520.07976
478.67074
479.95874
523.41905
522.50177
482.1196
510.01772
522.21513
479.69016
482.54222
521.53229
482.89359
480.34196
479.82025
515.29176
492.66183
519.72413
517.81393
481.68631
510.03899
519.97306
483.00995
478.67208
482.43342
455.20347
518.01226
484.63633
504.75848
481.69599
483.72823
518.07503
483.7859
484.05471
477.49383
473.50732
481.4603
480.68508
483.23826
518.78023
520.71655
519.0365
475.94833
526.1254
525.99273
486.81174
477.79343
483.10413
480.96509
520.59389
518.07087
481.35337
479.55509
477.92738
518.39511
481.93362
480.56307
519.46746
480.66027
518.7659
489.38363
518.12463
481.81097
482.25796
479.95506
521.38145
482.76845
481.63214
481.67741
477.59737
519.26866
485.65905
518.6686
518.21675
517.30715
453.87905
479.52176
521.72546
484.38177
482.81482
488.58774
476.50712
487.15129
481.18548
475.39812
479.12937
481.12081
482.38765
521.48457
480.74236
517.26552
521.71103
518.71453
480.24406
483.13887
480.61502
521.53542
484.22691
482.70434
483.32456
517.74224
482.77582
484.92695
476.37967
484.82336
484.03067
483.87109
488.26489
481.52969
518.13336
484.16015
484.05357
518.14133
476.73585
481.66902
483.79549
479.22094
481.75665
480.49683
479.08062
481.87179
482.01502
518.3123
521.64645
485.29589
485.46506
487.54961
482.46814
480.91484
482.06804
482.22368
476.84808
481.4646
481.57688
488.64896
524.94589
480.57928
479.71732
487.78161
517.85106
517.88661
476.84594
480.18094
479.76176
518.69441
485.89961
480.70205
479.43628
518.86972
479.59541
520.93895
479.41643
482.3951
483.59959
524.399
482.26689
518.88352
518.08851
479.6841
518.24309
518.67587
525.93673
485.10582
481.63569
480.05625
487.34088
488.43049
477.36217
518.02303
518.51566
482.6045
476.71964
480.68092
525.88595
480.82973
479.96769
514.21626
482.86516
517.84407
525.82224
483.6241
487.01265
487.50139
480.25284
482.75242
482.79303
476.89553
482.44066
488.63721
477.66492
518.57867
480.83578
481.69143
481.44165
483.47918
488.05038
518.64736
522.77472
483.94403
517.72937
482.81102
481.93486
520.92039
482.55285
480.29566
485.69623
518.39218
479.58784
488.34246
487.9826
481.10813
525.11106
480.95241
483.46098
518.04777
517.84705
484.25789
522.24949
486.7047
485.06581
518.75749
518.18995
518.75665
487.23218
518.14915
482.44162
487.26061
481.5597
482.00158
477.66716
476.68197
518.55263
481.84683
517.81884
483.60154
524.23468
481.23144
519.86679
517.74532
482.4223
524.35484
518.00564
490.03929
481.44731
518.29642
484.85221
518.17926
518.53253
484.30308
477.79435
480.62668
487.31595
485.59867
485.58364
477.59585
483.0255
488.40267
518.09044
477.19629
518.04499
518.84105
482.20334
517.87948
485.38657
482.72132
480.34886
483.42843
519.1321
476.51323
481.72108
482.191
488.62155
481.03848
476.92131
525.99045
480.20756
517.74991
481.73672
480.98042
517.81859
487.10324
484.00093
524.32394
522.4031
517.99176
518.44673
480.11112
518.13638
477.19164
482.96738
484.29883
481.341
487.98774
482.10178
517.83043
482.42902
518.65596
483.52621
480.06026
480.68569
483.81725
518.53618
480.69776
480.54065
518.81304
479.74181
476.49151
518.91069
517.94353
486.30981
480.83876
478.77509
488.21986
478.98333
505.14878
479.92195
478.30084
517.99826
480.37295
518.05873
478.55103
516.76996
479.2611
483.20854
524.6934
518.07418
476.27578
478.93238
485.5987
519.49425
477.05615
478.23898
518.71201
482.01559
488.67152
482.65835
483.27372
476.20514
518.10029
523.40721
478.43924
477.9538
481.2116
521.14471
486.97238
480.60921
482.88774
481.39861
480.12585
519.59588
520.70643
524.41678
526.43623
481.34174
487.9229
482.324
488.76935
518.55301
481.3973
515.92369
526.39393
478.88164
476.96873
477.41539
485.80587
504.77893
517.09629
482.2972
480.32274
518.78896
472.14467
481.00983
480.26615
473.61798
524.36966
522.83136
482.09142
482.0803
479.4696
445.88924
455.01301
447.72642
510.10571
479.54029
452.57585
458.42298
487.01296
479.06039
480.40874
450.64273
453.15493
518.52426
525.42928
452.07161
478.39265
452.90063
454.00637
505.21257
452.69719
477.3257
520.90707
480.99579
505.34195
484.89381
454.18387
480.1223
519.1853
510.3739
485.09527
519.94569
510.04598
480.58668
483.6673
505.05145
520.54313
484.62037
519.12373
480.77323
517.92852
475.1808
481.56285
523.19965
522.79706
486.18044
478.7574
478.66788
487.89506
483.178
484.86688
481.89843
477.65067
483.5331
505.06464
480.91618
483.78186
481.6127
489.7312
479.14805
482.49117
519.95196
483.43574
477.48198
483.9404
485.68903
523.44631
522.76392
518.54399
521.04825
479.48166
480.42428
522.13238
478.77946
479.10385
482.67762
479.21096
482.78874
482.95178
521.30714
483.05549
483.15724
522.84528
481.98566
482.81411
479.93356
529.98636
482.84635
482.96329
521.46514
479.44689
521.89717
520.92717
521.45244
483.39808
479.04598
519.10191
522.01504
477.35619
525.41049
510.22005
518.35771
475.96618
483.36171
517.90854
479.44902
476.88223
519.25312
483.06872
521.04741
479.45911
524.49775
523.80549
478.41484
481.86452
480.8988
528.04662
479.58263
478.48382
521.06925
521.45757
483.30945
522.71094
480.25889
479.4371
481.21517
483.11611
479.51084
520.99784
522.9697
481.8271
482.53699
479.52983
479.41691
482.08706
483.03272
482.59551
521.51116
521.46396
521.30595
482.71645
483.0755
479.51766
482.70543
479.9414
521.48154
480.63071
482.79839
482.99209
482.91615
521.49437
479.42387
479.93165
521.49715
521.52491
481.22788
519.78644
483.04538
479.59769
483.03878
482.97204
483.20663
483.02187
521.57193
521.56064
482.9701
482.70514
484.03459
517.96599
482.7293
479.3655
482.2373
521.54243
479.47863
480.88115
521.75958
482.81922
519.84551
521.95884
480.34147
479.62358
479.81987
480.36211
482.33992
522.82545
520.97561
487.08399
481.0923
483.11637
482.43753
481.02051
522.31609
481.27106
479.99794
482.81046
521.47283
481.24735
525.88553
521.3879
519.80359
480.10392
521.33155
479.45355
522.28589
480.15995
483.01206
481.83357
521.21967
518.70311
480.27548
480.76092
483.07148
517.93614
522.24587
481.34913
520.13363
481.63448
487.73528
479.28644
487.69545
481.83007
481.29844
522.43623
480.28837
482.70852
518.55812
480.60151
521.44705
521.78273
521.07492
481.65007
482.0313
483.77104
482.18763
479.98756
479.44392
480.92944
482.06795
521.7645
482.7499
479.98148
479.98836
521.48522
477.4767
518.68281
490.51071
479.86975
481.36418
479.20157
480.42169
479.6252
521.82676
479.42013
521.23267
482.11648
518.58926
481.49874
480.34679
482.00001
481.39569
484.34948
482.53289
522.3255
482.71381
486.76113
480.5446
487.89077
521.66749
479.40408
482.81264
522.09769
480.33695
521.50094
477.21372
521.68028
479.51193
521.24952
522.46056
482.83233
480.75289
480.98643
522.39428
481.04468
489.14353
479.23148
479.41891
522.1359
479.42375
480.30559
481.47911
521.63896
481.10652
481.67956
480.23675
477.23442
521.70032
480.05768
479.39323
481.90937
478.90196
521.94659
476.89263
519.57352
480.33736
479.19566
522.09573
521.96644
482.84137
483.02925
481.02409
483.06439
481.12623
480.45242
522.38569
479.00157
521.982
482.66802
477.33105
483.01351
523.5141
480.53172
480.58503
521.01809
478.71249
520.9617
520.89127
520.48599
485.33233
479.76212
487.92876
481.37432
522.22786
482.43365
522.91041
480.67337
479.06735
480.7446
523.28905
481.03089
522.44892
477.45301
480.78291
480.38931
479.20118
479.82065
521.25708
521.83957
480.16826
523.31144
522.24926
480.23631
522.58363
479.34189
522.32942
520.99076
481.86561
480.47433
480.4392
479.41363
480.20212
521.26483
482.70133
482.21558
522.06865
521.00383
479.85367
480.43388
483.86015
482.29709
525.57022
480.38793
522.2221
522.61219
481.53767
480.30014
482.12838
489.1747
520.85957
480.73508
482.85771
480.6341
520.89481
481.17433
481.01596
481.09133
521.57729
482.77659
479.64558
480.36356
521.85941
477.10786
528.02441
489.17102
480.24889
523.4158
476.21206
481.79721
481.79248
523.12445
480.01008
521.12064
481.49637
520.84445
481.54345
522.32712
480.87734
482.25811
483.06276
519.35252
518.14601
481.01097
476.84552
487.2383
482.12909
518.11672
520.56224
481.31586
518.52265
518.16045
477.20138
517.91917
479.79397
487.24907
517.71906
482.99107
477.49134
485.26658
477.61714
480.78569
524.99591
453.76192
481.2482
489.53688
480.1244
482.64314
479.85246
483.54084
481.64304
485.60007
489.63885
517.99116
479.45707
480.7395
488.53664
479.67747
486.8693
482.97677
483.63072
482.81234
476.97626
479.57904
483.39339
482.25735
479.49193
483.92973
486.84985
488.45817
514.53741
483.6016
525.2219
483.32089
519.19911
517.43814
518.12956
480.30126
518.36289
489.76292
479.21705
483.17613
474.47876
478.99276
487.58986
519.19174
519.73234
520.45675
478.761
490.32911
520.06272
479.27003
483.67458
480.03127
439.77004
517.8526
477.38225
520.3112
517.87177
481.27079
518.54383
521.98694
483.8683
483.36763
489.03961
517.71456
478.42982
477.00686
480.72523
486.51457
523.92839
482.83552
519.33289
480.02933
519.68656
477.59245
481.9407
515.45592
480.6846
519.5397
481.87758
522.92938
484.06698
519.16987
479.86842
479.90647
505.01539
479.75153
521.21224
519.92967
479.44657
483.67167
477.02747
519.29679
479.57522
526.02154
481.82367
519.25647
519.19263
482.52603
518.56409
479.04469
520.62127
522.10756
519.95417
525.88367
484.87335
487.74644
482.07105
520.1045
524.27716
480.96263
477.20517
521.65172
480.8052
521.47242
482.10264
519.8955
481.14447
480.87007
477.75835
483.40255
479.536
480.41365
519.20848
516.62383
483.25353
483.50809
479.18142
480.23597
476.96959
477.38215
520.07733
480.08764
484.05547
490.00978
480.02727
520.45345
490.02194
476.58925
479.99265
482.99271
519.92183
480.74086
480.74771
479.00992
482.80805
483.49331
482.21689
481.29963
480.18992
521.23188
483.53837
480.86828
520.00302
484.21305
483.32456
483.67352
477.31996
480.55681
510.32313
481.67414
520.02738
519.77453
488.9511
505.59636
517.87569
488.15904
510.47922
449.2125
452.43984
481.87445
482.69834
449.38376
481.81874
452.12613
505.5771
522.33024
481.14229
521.057
520.42975
450.49543
486.50274
481.96919
521.28751
483.7942
492.0815
483.42205
522.80502
506.14353
480.54111
449.555
520.41918
479.81439
482.50198
454.27141
461.14042
510.70702
517.72612
480.0984
518.64072
479.55541
483.11669
456.59566
483.29706
522.15873
509.90045
517.67679
479.36096
524.13155
482.12612
477.1515
521.62482
478.49137
481.16186
517.53539
521.41782
518.96825
479.26113
481.58453
483.40198
484.16435
477.3869
479.70388
521.32415
480.87206
481.55411
483.05409
520.88305
519.8593
482.93537
480.00396
480.22424
481.80824
489.8275
520.49074
479.94377
480.18405
483.70809
489.95259
477.9911
480.14481
483.36036
521.07061
482.28355
519.32166
521.08982
483.14595
520.52111
520.21791
483.6261
483.20023
479.86362
519.4968
520.4432
480.07981
479.80813
483.13921
477.51189
483.16713
479.51175
518.2118
479.83729
479.8295
489.84806
483.19691
525.04802
520.01804
521.14581
479.78605
483.11121
520.98573
482.75874
520.99146
521.02234
479.7728
520.6036
480.1953
518.38079
520.48089
482.70052
477.17413
520.54855
520.44673
481.03431
479.89365
519.30361
518.35291
480.01556
521.06016
483.19822
481.81466
517.98048
521.19794
483.5111
479.90762
483.01682
479.71688
521.11661
481.04179
477.2061
479.72642
483.12502
520.35021
480.00524
521.03541
483.20194
479.82445
482.99545
521.04241
483.16154
520.97417
483.25975
479.77439
480.21835
479.80411
483.22884
520.99374
479.83188
483.13791
480.04082
479.86154
517.85339
482.97365
520.95681
477.06141
483.04108
521.05382
477.38261
521.0355
480.19834
479.91474
520.94026
480.07183
483.28568
479.7845
479.68959
483.71774
521.08747
480.10795
479.38758
479.76639
483.25459
486.80373
479.79419
479.80224
479.97432
520.94246
479.97651
519.21816
480.1917
520.98197
520.63469
477.92256
520.32141
521.85957
523.1986
523.01421
480.30408
477.18424
521.17726
520.5084
483.11096
480.0561
483.0005
481.09178
479.96152
518.11547
479.93198
483.10095
522.86878
522.27127
483.30845
479.96716
483.74415
479.87732
520.90921
483.07685
483.2334
483.08799
477.89552
488.67737
524.55173
479.87363
520.99352
483.01175
479.99317
520.93962
518.0651
521.00821
505.98034
483.02694
520.67455
478.30387
485.3483
517.65269
483.16776
521.03413
483.09866
483.17247
489.84399
479.78225
524.26495
482.89536
520.55063
519.75543
479.84481
520.91699
479.85991
520.96661
480.03257
514.48517
480.263
479.89626
520.32288
480.15832
520.37789
521.02948
480.0709
483.04951
518.03506
482.95412
521.00434
520.92404
521.01309
478.13707
520.27085
479.91231
482.93615
483.11248
479.87805
479.08737
481.72911
488.5829
483.07964
480.12966
520.96469
483.10342
479.968
480.09364
482.92799
483.23789
520.96295
480.03937
518.57253
521.11429
483.16518
520.97831
483.04137
483.19366
479.85697
520.98459
482.95455
480.65423
520.91169
479.8821
483.07846
520.89189
521.15726
479.88391
479.86165
518.20638
483.61735
476.88018
519.83686
476.75222
478.01627
520.91756
479.8277
482.99663
479.90029
520.96382
482.9105
483.02953
520.13383
480.21465
483.04125
520.6699
482.70497
482.23446
480.81792
478.34452
486.06162
477.09837
518.56679
522.80023
485.58143
519.15839
480.92232
519.63503
477.28448
480.09904
490.66814
481.86251
484.43712
476.94316
519.13523
520.09925
479.67118
483.20439
517.18271
480.55183
484.34146
483.35621
519.64789
481.6219
521.41
483.57386
524.85044
480.43517
480.98029
519.3931
525.55692
519.41714
518.18636
521.68602
479.6448
483.83673
519.83635
520.96613
483.21379
483.19434
477.99698
481.207
479.14747
479.33444
483.98522
516.86724
482.47742
521.91816
481.21489
519.01411
481.95703
524.06421
481.69592
480.96651
481.75777
520.48451
480.11194
480.07456
519.25169
520.34598
481.99096
482.3029
521.57488
480.91963
481.48302
481.25069
483.56883
524.59859
521.73143
481.64645
479.97932
483.14962
480.2597
481.04583
483.74858
522.09175
519.03819
517.27867
520.39498
480.42011
480.62588
481.87985
481.88935
518.10879
479.92408
483.39202
483.09614
482.70072
480.3281
521.67069
521.69698
482.1483
478.50953
482.75155
484.70629
481.89042
478.87089
483.58208
483.8041
480.06151
483.53823
518.60301
482.69553
480.42901
480.36416
521.89156
479.88498
478.80128
481.95861
481.74931
481.80075
482.51952
482.95546
520.02286
490.1758
480.65443
519.22962
479.29042
481.54717
449.28762
450.74811
450.19551
452.92732
481.28897
480.15045
452.59081
505.40247
484.18884
519.40031
484.14026
520.04394
524.43284
483.18971
483.42485
481.6792
510.21307
481.75467
504.68976
452.62484
451.15254
482.39411
448.3306
480.43689
479.01326
477.36794
482.7626
483.2135
480.54314
505.53366
518.10585
483.69359
510.07579
482.5761
481.89005
521.5844
480.03773
483.64116
477.95952
483.69572
481.04227
517.22575
482.77121
509.96275
504.98986
455.98358
517.34671
481.71339
521.08023
482.62689
505.68001
482.83628
459.26033
454.21722
482.98644
482.61179
505.62764
517.03146
457.26136
505.79571
519.62613
461.17421
481.44197
518.22828
521.73967
510.11982
458.09993
455.36361
484.72867
474.30448
478.49836
479.85899
518.00364
480.14004
458.66537
480.83456
480.78733
479.45709
483.62565
519.48397
517.43716
483.36544
484.06679
480.90017
481.5132
519.06566
479.72476
483.7304
479.09764
483.78312
519.08221
522.05791
483.90274
483.39358
480.91481
520.82789
519.71518
478.4767
480.57414
483.77673
520.96916
479.58478
484.07636
483.15123
480.32803
484.10376
517.45476
480.1689
520.25482
483.94903
478.88153
481.9196
520.65233
482.77583
462.79427
483.58523
478.4503
516.66316
478.02508
520.70908
483.09101
521.96553
520.86162
480.21987
520.03866
481.07467
520.94981
480.58309
480.33852
483.69807
479.99709
519.84573
483.38848
519.17444
520.16882
483.1475
480.20717
481.1731
484.23895
517.66837
482.21577
480.23845
520.36631
484.17376
482.21928
446.24646
450.10659
482.43986
504.71217
504.41591
451.97263
447.40993
456.99575
444.5949
482.24903
479.09436
517.77238
478.36638
506.04957
520.77126
480.7927
488.32738
521.16199
479.97552
479.30389
519.80845
503.83642
479.36895
521.37426
482.5673
521.38314
482.32078
482.43199
483.7576
479.19676
483.64089
476.7493
518.34386
524.65879
483.1935
480.69076
487.04641
519.99217
522.40618
472.28292
480.12892
487.37559
518.72738
478.33353
478.06063
477.98543
476.5451
477.84982
519.89686
479.67017
488.576
483.41577
520.36812
524.56013
479.26523
476.85632
486.19983
521.11331
481.6621
481.10762
483.35765
483.48201
518.01779
522.78349
518.2246
483.23922
482.62747
481.70512
521.06857
519.59971
513.41646
479.73195
482.77815
522.76566
517.43102
522.53098
481.01586
509.91667
520.28696
478.42805
482.18269
521.80038
480.64597
482.85139
518.2113
480.91878
519.83598
521.32477
479.57732
482.07342
481.5792
521.61584
519.00766
485.55612
527.77514
481.43924
486.86526
487.63219
477.86504
480.10826
479.89685
483.04397
481.28498
520.85034
483.14854
488.77515
480.83142
523.22911
517.9221
481.5317
484.82876
518.33059
477.24831
517.4643
520.26873
482.55984
480.70542
476.72883
518.66722
480.42867
481.86008
482.8535
518.62227
520.43144
482.66243
517.72673
482.52714
481.69586
481.60214
524.77613
521.01938
497.76353
484.16513
482.90219
518.15129
483.09609
525.89944
487.02141
479.538
521.2001
518.39667
480.05936
481.3521
488.82895
480.2252
517.75501
517.77516
517.8672
477.42827
518.12025
485.44582
525.67955
480.98592
483.60337
505.45037
486.44535
481.69592
518.03336
484.8147
485.14878
481.10162
476.73714
485.8737
477.49996
481.08549
476.61581
520.51478
483.4822
482.64192
524.19954
478.82397
517.9915
517.98868
517.95252
481.14374
480.43095
517.06806
481.07527
482.34454
489.04139
476.65244
481.6018
517.75295
477.09677
518.00794
481.85376
482.86842
480.88555
489.35589
476.77378
518.53426
483.4022
482.23288
482.80899
482.05313
477.77791
479.55941
528.16277
484.64534
482.77682
481.5905
479.90554
482.50769
486.94133
483.02021
518.90355
490.03361
480.18575
439.58287
481.4563
520.98644
517.46814
525.85611
518.04416
477.36234
482.12632
518.05406
518.52302
483.14889
480.02269
480.58515
482.67992
481.65125
476.81858
483.07439
517.9658
520.94926
485.32811
518.55045
480.05012
482.89356
520.95043
483.04755
518.01813
521.1095
518.03798
483.06672
479.95419
479.98894
482.91058
520.91075
479.99529
482.93788
480.19295
520.89934
483.09266
480.11672
480.01041
482.99467
520.96413
480.15015
520.95639
520.28694
483.17481
482.97615
482.93074
520.91091
520.97315
479.92278
479.85314
483.11092
521.0346
479.92636
483.11545
483.14861
477.33022
480.68944
520.87357
482.85672
518.66412
483.02717
480.60107
490.24139
480.07311
479.08566
520.79156
521.40405
521.27088
482.05054
480.1133
520.89646
521.17634
480.00764
483.13082
483.1382
479.94505
480.02934
482.98791
480.03293
520.84956
482.89462
480.13894
479.96504
528.74813
479.96854
483.03444
483.12913
479.94606
520.84715
483.796
483.00974
520.94946
480.12388
518.01915
483.10164
483.05479
480.21077
520.83597
520.86321
521.01766
482.91
479.99609
520.91756
483.06815
480.08483
483.02462
482.83848
482.99356
483.01672
517.96248
520.92201
482.8779
521.03262
520.95714
482.97648
518.06212
480.04582
520.95153
480.27448
481.74404
524.62019
480.07139
440.06242
482.96057
480.04845
520.93566
480.24612
480.30387
481.81082
521.01242
480.21413
480.21414
521.04501
520.88596
480.10475
482.90389
520.95907
480.32748
482.46205
482.89472
480.32946
480.10423
520.93649
482.90929
520.841
482.93253
480.03061
482.73948
480.27105
520.93676
521.13993
482.7972
483.00425
480.74193
517.44848
484.08115
480.23495
483.22821
480.55672
480.0889
520.88073
520.89746
520.96797
483.01587
520.93736
477.33061
522.10079
479.68521
520.94657
483.23211
519.68849
521.91194
480.08657
483.01196
479.36438
480.09332
480.13469
480.1895
520.35188
477.3376
520.47232
480.45551
490.81969
485.98628
483.31501
478.03692
522.14304
525.41532
484.54278
481.18552
519.61147
477.33892
518.4701
479.47993
518.86108
482.96313
520.18734
481.9207
480.12688
483.2834
480.15436
519.87126
521.08622
482.86658
483.11213
518.38985
482.94488
480.30514
483.01328
520.95282
479.55499
480.34618
482.85684
480.17498
520.94149
480.15652
482.81699
520.89294
520.87399
480.18578
482.70151
482.75848
520.95516
488.96685
520.91583
520.94758
482.77673
486.92629
520.98215
482.87701
482.92963
482.76169
518.64387
482.9071
517.44107
481.05129
480.35569
481.87465
481.8761
518.53024
481.59989
482.13654
484.45271
487.27911
517.79798
477.67894
524.16606
480.42141
481.48411
488.67105
481.999
482.66135
485.55852
476.70036
518.04092
480.90941
520.88909
481.33253
518.02722
488.41107
480.21595
517.97662
525.83968
518.78278
482.70548
483.11445
481.66819
517.81329
517.88048
487.55847
482.6337
479.87214
477.63906
483.45449
487.15847
476.89029
485.50975
487.69475
477.07205
517.49701
521.02616
488.6995
477.52106
482.01186
483.11538
479.7758
481.64392
488.01759
480.90316
518.11717
481.29715
481.68055
487.96382
487.77846
486.82277
518.43718
518.02708
483.13979
517.75212
521.40153
482.07605
480.14954
517.78401
481.22677
485.42794
476.44597
476.45452
480.16319
518.74001
486.77915
518.0165
518.7433
480.24391
507.29555
521.1742
515.07022
489.27177
481.6466
485.19211
519.51953
478.4691
480.50619
518.88265
519.485
482.52714
487.6902
517.93629
486.97224
497.70408
518.3109
482.68352
521.17728
478.14734
485.50449
517.82288
525.04866
520.63927
480.5388
479.21095
521.99702
483.32286
483.99757
481.40025
520.63322
480.32215
524.84051
476.95537
481.26078
481.10974
482.91363
487.33641
521.03768
482.57528
482.89828
477.409
477.46034
474.02318
481.15757
518.59103
488.2305
519.06171
481.27651
483.8478
518.72963
482.87388
478.49334
484.88834
517.67561
523.87209
480.72367
482.14062
475.16286
517.87382
517.84654
482.87805
481.05155
487.05661
452.12715
482.61555
480.97332
524.1885
483.50849
480.23534
479.26053
479.22116
482.82407
482.70966
482.7789
520.04467
518.87945
517.25906
479.90837
519.49001
505.27259
482.60455
456.40494
452.33185
449.61483
518.46197
517.81571
446.95245
454.85746
519.00843
520.43048
456.85634
481.7748
482.52184
482.53098
479.74404
490.17399
520.2393
510.12054
483.29613
479.31257
477.51102
482.53108
519.82
520.45037
483.23237
520.01309
481.67615
478.7096
481.03729
478.30957
481.64057
484.54546
482.59026
521.45484
452.34768
482.68308
489.23485
518.27629
481.83479
518.74979
484.34446
520.32308
481.5365
483.23929
479.09685
481.89762
520.24436
483.26228
519.29726
520.09956
477.72437
518.0276
483.956
518.71694
476.50568
479.80248
519.4139
521.89033
491.73186
477.34929
480.51337
480.74735
477.49922
489.68575
479.60853
478.34299
519.39514
525.00383
521.19136
491.10413
477.91922
481.04182
518.4555
480.65088
480.17679
482.92033
482.28018
483.75914
517.53964
518.10536
480.81013
480.45171
481.63123
452.20543
520.62426
480.47294
481.27453
480.87561
481.05009
509.83745
481.31087
520.82029
514.88984
476.1808
481.8448
523.24094
439.89824
454.05481
456.45575
505.34809
482.10221
462.71791
503.51304
458.75981
482.96574
509.93728
450.16777
484.22544
504.99311
490.90432
518.44883
454.51201
480.13574
517.02835
475.15391
500.07147
480.40825
520.17513
490.21184
518.99915
484.01652
522.39036
482.25811
491.51359
518.62793
488.45151
481.11386
448.96584
482.02436
489.11924
481.27144
484.06886
521.79721
444.76346
483.8528
477.62098
484.62804
484.61768
519.7173
522.2671
448.08788
427.22169
434.6851
490.49935
521.38229
480.1569
520.77252
457.79594
474.36799
446.47298
477.12034
510.05181
520.30424
452.07888
518.47006
484.2799
481.8593
446.25472
503.6564
516.88753
489.90721
480.92818
482.91988
488.92114
481.69769
481.14386
476.97823
473.89457
482.43432
504.21577
447.21724
448.63741
482.54617
484.30883
516.07829
484.63934
454.02598
478.92704
503.46897
504.67756
506.70324
521.84789
478.85657
482.94307
518.0291
505.70754
482.0125
480.50328
516.17142
488.29501
510.17953
518.53492
482.52024
522.05997
482.96094
473.76429
482.63162
520.01582
481.58097
510.03092
481.58031
521.40491
484.14268
480.62345
480.94751
479.37597
521.90091
483.32231
479.63334
480.81555
483.61095
518.4125
520.50007
476.85602
518.10199
483.68705
516.85102
478.11072
481.55618
520.38138
478.00341
524.21877
520.25989
481.7336
483.17599
489.95554
481.57912
481.9738
488.5054
482.86598
481.9606
483.06835
482.51708
516.75713
524.00457
517.85874
481.5772
487.40306
478.99562
520.35964
482.13915
482.42482
482.69457
475.70077
477.23119
518.28029
472.65194
483.03389
504.58498
517.94664
483.96817
488.4423
482.66634
480.1519
518.39088
515.49784
479.4773
478.4559
479.25459
478.29427
476.78339
510.78207
479.36082
489.84795
483.09897
522.13834
484.04401
482.45861
516.5219
483.44614
480.01326
482.66825
520.6773
519.88031
515.92723
483.43218
480.35209
483.55169
518.51034
478.40424
522.89569
481.56403
480.54815
483.64063
481.93233
520.62954
482.76
479.94355
482.45246
483.05651
522.09394
483.23138
479.24352
480.6678
520.99058
521.24644
480.95401
517.53465
510.29963
518.40095
520.52762
481.34366
481.12713
503.78069
483.62484
481.11231
484.86331
480.86906
477.31351
489.54378
482.58429
482.25331
480.28646
490.8376
518.09574
479.87814
521.03839
481.01325
519.48722
520.88459
482.8027
480.15763
520.79854
480.29463
520.76166
480.21164
520.87649
480.18535
480.3258
483.27824
520.79565
482.82968
480.25564
520.80843
480.49308
483.00005
482.98927
520.79549
522.61108
482.852
480.44409
520.9229
482.86095
520.87061
480.18344
485.14699
482.63397
518.69412
520.89329
480.15993
520.81616
480.40031
520.88101
517.92699
482.6715
482.85251
480.35387
483.03156
519.09896
482.69116
480.24803
480.29619
482.87977
482.74825
480.46572
520.8435
482.969
482.97731
520.88223
482.80261
520.81963
520.91637
480.49282
480.48947
520.90838
482.82132
480.28588
520.89833
480.41936
482.79749
520.86783
480.28584
520.89649
520.96628
482.84362
482.84633
452.48232
480.17032
520.88863
480.44248
520.87376
482.9131
480.35995
520.81362
482.6842
480.26487
480.33545
482.84219
480.51497
520.81331
480.26715
482.78889
520.87181
480.39409
520.86833
482.89666
480.2177
480.27668
482.83141
520.89819
482.69031
487.68292
477.56542
482.97617
483.00198
482.94936
520.82783
521.07923
480.51155
521.02203
480.2155
480.32227
482.72387
521.10152
483.28084
481.59621
521.09237
482.89071
520.29222
521.20324
480.44081
480.28664
480.25051
480.28549
480.23216
480.33166
480.26174
482.7816
480.30701
482.77801
480.33689
520.92029
480.23646
520.79883
482.74267
482.71261
520.79307
480.54545
520.86214
482.77198
480.35556
482.64384
482.75217
480.39915
482.67537
482.91896
480.10334
482.60794
482.8608
520.93887
520.91181
480.54999
480.37878
482.7917
480.56872
520.81835
482.61665
480.43123
520.833
482.74913
520.89439
480.57337
520.87217
480.59129
520.89815
482.73254
520.80544
480.40375
480.24052
520.87582
482.69383
480.43313
482.81194
520.86816
520.88798
480.34462
520.87681
482.75854
482.8407
480.44573
480.54122
520.87795
482.81822
480.46903
480.42416
482.58332
482.48353
480.36795
482.59307
482.68857
480.47103
482.78881
480.28899
482.99565
482.86726
480.49147
520.87372
482.50699
480.61188
482.87197
482.76568
480.28319
521.02723
520.87991
520.69842
483.56454
480.10489
479.97872
521.26881
480.23424
520.90662
482.55954
522.0942
482.85974
479.27175
482.82764
482.72658
482.79344
480.27366
520.50578
520.87534
482.77341
479.43231
484.71106
519.21147
481.47907
523.55129
482.86764
520.813
520.78958
520.80232
483.39717
516.77068
480.75104
482.99166
484.03749
517.35745
482.07815
522.35176
477.78785
482.69705
521.17326
483.07651
479.02925
484.48591
485.49671
488.4375
521.26315
520.50244
478.59478
510.81691
475.45095
477.0654
452.14045
504.962
455.70812
521.34157
453.51564
481.50143
483.37244
482.05975
454.65069
457.29016
478.56845
482.22967
455.9721
480.73927
482.19095
453.80755
504.39704
482.25282
481.19524
516.2588
519.27968
483.96405
517.94689
509.93688
482.48425
520.13821
480.92576
516.22782
482.42925
483.47906
482.86098
509.98205
453.63149
455.0376
481.97399
504.47844
480.79752
476.91697
451.22532
480.40428
504.88595
482.5188
518.918
507.53069
483.29801
521.17688
519.95205
521.48811
502.2972
481.23779
483.62854
490.67542
481.55926
519.31655
484.66235
521.68924
481.47453
486.95477
524.2661
452.89366
518.35928
478.84956
483.4747
480.62115
521.70077
480.41288
523.00042
482.96011
482.6716
482.67439
483.92084
520.90219
479.70411
504.35538
482.6526
481.41726
521.02777
518.5375
522.77471
482.82159
522.59812
521.04115
483.12016
486.9266
482.79829
522.29648
480.64008
480.23331
481.50354
483.93453
478.06372
481.90146
517.80777
518.61445
481.57765
521.48002
522.69134
481.3324
482.92763
480.89566
518.18127
477.34084
519.81905
519.8984
481.74211
519.91692
483.30681
483.86635
481.66146
480.08659
479.83488
519.67367
488.0945
480.13487
482.27068
482.81168
478.83222
519.37039
483.99255
521.75117
482.37935
479.06033
481.95612
481.01338
481.01005
482.00305
518.27924
483.72533
518.45162
481.97918
521.62191
477.32894
521.97417
520.55202
480.09511
481.05592
480.51351
481.73596
477.51312
478.95128
487.94614
521.35619
522.10382
505.47173
478.32301
480.78013
480.71575
481.11445
521.14229
451.7745
476.10875
523.63065
489.46286
481.73355
487.18523
486.53538
476.65199
521.30517
480.30089
521.77278
476.89288
478.63819
487.42536
487.53163
480.93726
479.56295
518.92567
480.37173
479.85525
487.65608
520.12334
481.83416
517.57282
482.2405
476.95758
481.61941
489.92255
483.29887
484.91445
482.27077
483.13076
520.83566
516.134
482.76611
485.37178
480.32841
518.59761
518.87138
482.18489
520.31469
518.01726
481.50061
517.9179
520.86501
514.61314
489.44799
481.74897
488.44046
488.37701
526.71201
524.18831
477.52832
482.76042
480.88304
489.65525
518.54266
480.70571
489.84242
479.13038
476.33616
480.4228
480.72387
480.21667
480.21477
479.36077
520.83312
482.61993
483.5571
521.63632
520.85718
481.85445
487.72923
517.76074
483.9895
484.86285
497.74794
517.89804
487.24051
517.99081
480.42049
518.72636
518.0109
518.69725
480.96596
484.07242
479.95366
477.53541
487.23502
488.44355
484.20395
477.87549
517.93396
482.57403
518.6766
481.8562
481.93829
485.28244
487.32747
517.94722
514.19861
481.51157
487.1036
520.79382
489.52683
485.21967
477.46562
488.25222
483.6668
481.88589
518.17953
483.29371
520.84488
482.41913
481.46071
481.3383
525.70986
520.81226
484.17909
482.64801
483.05192
483.14078
483.33672
480.31535
481.42574
480.88076
514.24724
482.10644
520.85656
479.98973
486.87367
517.85067
480.21097
482.48562
481.88909
490.00689
521.99918
518.76082
517.88647
514.75462
480.39042
479.9388
479.28213
481.91176
480.58525
518.88649
487.08356
518.71653
514.29266
483.55659
520.82335
484.53784
479.73217
520.79405
482.12455
524.22185
489.90021
481.8514
521.79562
477.23423
448.05549
481.43048
486.91013
518.61059
521.22515
480.47629
517.81594
484.51842
487.36247
517.93282
479.32812
517.57355
481.68634
476.72087
518.45788
476.71643
517.81561
485.14645
480.75327
519.015
482.10764
488.16777
487.89912
477.2748
518.16684
481.39721
483.26851
518.56322
481.85739
488.49872
480.97275
518.52477
481.98351
517.96206
517.62245
481.97298
480.61916
482.15804
483.32799
481.61838
484.99202
476.90788
479.43214
484.6341
518.56727
482.59116
488.46666
482.85765
476.90606
430.71108
482.4646
517.63252
483.52723
483.09769
518.98418
517.7688
477.86225
476.92952
518.6442
514.3647
487.3626
480.72475
484.74949
525.10531
488.10429
481.47521
483.37477
484.45516
518.12134
479.0092
520.94829
482.45567
484.98917
476.72489
519.74983
524.2303
514.47007
479.40861
479.31561
517.97052
480.10272
520.94799
520.90397
480.82561
483.24612
482.33441
481.36355
481.8805
482.90782
479.97814
482.8614
518.48763
476.92273
517.95046
477.60948
483.86913
484.92938
481.14903
482.74152
526.07636
485.9343
518.35529
480.86586
482.48087
525.04181
474.97819
480.48466
520.81412
483.0493
482.66047
480.74552
504.3837
483.75651
480.09075
441.33988
504.75893
483.74313
480.96074
478.8311
480.55197
519.13247
481.66599
481.41494
521.95757
478.74445
517.61344
481.0835
483.0893
479.72628
476.92991
518.70832
485.64583
516.40897
488.82963
482.53093
490.41656
484.49691
478.90649
475.55198
524.82297
479.25616
484.71084
481.54095
517.63441
480.42154
477.6335
518.19012
517.91308
483.8657
517.89554
518.58343
525.72599
482.91511
481.31114
481.41904
487.91369
518.15821
517.8014
488.15491
522.13623
517.96698
517.8113
479.33884
481.62857
524.19829
482.06284
487.85966
480.92794
479.72855
482.74908
518.63871
477.5476
476.76439
488.71885
514.57292
488.22013
484.47465
480.21765
483.72594
481.64302
483.15337
521.57391
519.69263
524.21894
487.19518
517.58023
486.82001
476.95776
517.79245
483.0181
476.76926
481.97265
482.31141
481.81941
520.88421
517.70412
514.21175
481.98663
480.81728
523.08683
488.19458
518.0005
476.73791
482.75606
480.6088
479.59329
480.87278
517.59919
525.73948
518.49831
518.48619
514.50505
481.98875
477.55635
520.79419
476.83891
481.25323
518.49159
453.39801
480.06822
481.03885
482.92551
524.82647
481.5631
482.65222
476.80699
483.58143
480.52297
517.77377
483.71034
480.82052
482.92373
478.12949
518.27335
518.98006
485.893
476.88135
489.32642
482.09445
518.55853
518.42089
477.68398
482.80091
518.56423
477.59064
518.04385
489.24525
479.53395
522.92642
480.9156
519.03348
519.0557
480.41178
480.86752
519.67612
490.78408
518.85426
488.35776
484.81389
519.04614
488.53805
480.78245
518.04908
476.84275
481.10369
525.36731
482.63654
483.19783
518.91097
477.64831
518.47903
487.00468
481.62266
517.91109
479.76483
476.32066
474.87472
481.50437
481.60707
481.00957
480.89351
525.81833
479.09785
487.66785
486.64276
518.63735
482.1883
485.15614
485.40848
517.89504
518.08085
481.4298
483.00888
519.40842
483.48901
487.89289
519.5158
482.95588
480.77777
483.35619
474.18616
475.3497
520.30979
479.78369
481.10962
480.62676
482.38898
481.35222
485.40092
518.07191
487.43319
518.39288
481.563
481.02477
487.54403
475.48088
480.72827
488.31694
486.114
518.15231
518.97818
481.62505
480.17039
521.79387
482.66344
482.44413
478.61815
526.17452
482.72459
484.53605
518.86506
487.73544
482.61295
479.78461
515.15156
519.03317
504.62193
441.48213
439.87563
450.51079
434.23811
443.19603
430.37904
483.48911
473.78762
522.64582
482.39142
480.51161
517.74432
482.79114
483.17977
521.36022
477.36308
523.38714
481.66367
518.87629
482.84486
439.64083
506.92415
501.36826
503.76621
517.9746
485.51664
478.32644
519.89869
444.63751
506.55731
430.94934
521.78007
430.55947
444.13216
430.02943
427.39823
440.12422
479.22648
448.74524
450.17453
520.9435
433.21294
481.73474
507.80395
440.59436
443.83162
453.30978
451.01433
502.37432
497.15893
436.33974
445.03841
507.66012
497.29312
446.96882
439.29501
439.48504
431.14055
436.15906
505.21595
440.9157
432.15299
480.34174
516.39632
477.38539
520.93504
518.22757
477.40613
483.94619
479.10066
489.45638
487.79203
480.6798
478.73283
481.08891
519.63461
485.45052
489.61302
435.37367
440.86459
494.69706
519.86048
486.37637
441.64633
442.64736
508.07521
435.99171
440.58546
433.45985
437.10434
520.31653
480.78715
481.9946
481.96678
481.95147
481.68175
481.05198
520.98215
481.85878
480.9247
481.7855
520.97033
481.26252
480.99421
481.68071
480.696
506.67146
481.04849
520.90898
481.80446
480.97732
481.32673
520.9864
520.94514
481.87637
480.89898
481.6253
521.13337
481.18048
481.76314
481.98465
481.04347
481.20788
507.14399
482.09729
481.2178
521.08531
482.58069
480.64502
481.19973
481.26361
481.92635
480.81921
520.95893
521.04222
480.97869
520.94675
481.8939
480.80637
481.28667
480.67221
482.08584
520.91455
480.77204
482.06363
501.40946
521.13978
520.93649
479.92156
480.82749
474.03511
482.00673
521.01777
480.48217
482.15725
482.02766
482.29257
520.99801
520.95009
482.23693
480.54091
480.97882
521.07071
482.31669
521.14862
482.4147
482.13218
480.70992
482.27379
480.87794
479.87079
480.75157
518.42357
521.00242
520.86787
499.68423
482.41366
481.07863
520.86745
481.24181
483.45747
482.48672
481.82906
481.40914
520.99372
520.95823
482.61911
480.59988
521.02535
482.31066
520.93152
482.59374
480.28914
480.32356
480.40733
520.99747
482.3898
480.42401
482.21855
482.73876
520.88239
520.96517
480.37834
480.56945
482.44406
480.66601
482.3073
482.41431
456.25145
482.37751
482.69689
481.07869
482.66888
520.8952
480.9985
481.40946
481.19747
520.97322
482.72992
482.39768
520.98739
480.57546
480.27621
480.29581
482.53414
520.97322
480.24937
520.96887
480.56294
520.98745
520.98073
482.49025
480.30719
520.9403
482.78605
482.4426
521.04167
486.64862
476.69288
520.91649
482.50368
480.23967
480.21575
480.48248
520.95585
480.64344
520.82369
520.94257
482.78011
482.55613
520.97832
520.99999
482.49768
520.95692
520.97113
482.73012
480.86048
482.75255
480.30943
521.01152
480.23655
521.04042
480.71241
482.45287
480.69794
482.88221
480.52658
482.53656
480.69064
520.93493
482.65757
520.95641
521.00683
480.58777
481.60483
482.72541
524.82962
520.92124
520.94913
482.47184
480.34051
519.16218
480.2726
520.94835
482.39675
480.40236
482.31103
482.38745
520.91425
480.63214
480.31152
482.72936
482.35685
482.43224
482.68265
482.33842
480.38718
480.64322
480.64813
482.67218
480.36377
482.45443
520.88401
520.87304
520.88327
480.41412
479.37064
480.398
520.94856
520.94468
520.95956
520.95502
480.37674
482.34681
480.71112
520.97808
482.24469
520.93998
480.45472
482.68457
482.70887
482.65316
480.44142
480.43077
521.02656
520.92652
520.97534
520.91359
480.3995
482.63259
517.77354
480.53779
482.6231
520.88284
482.21897
520.97299
520.8697
520.90177
482.53439
480.80156
482.49618
520.89052
482.60235
521.03038
481.24684
476.92816
484.98924
480.40728
521.15293
481.92422
480.44941
482.34271
482.02945
481.94578
480.52743
482.09849
480.29344
482.45956
480.87558
482.10986
520.90541
521.14145
520.93087
480.68652
487.1477
520.86481
482.58783
520.84523
479.67799
482.67086
520.93524
521.03388
520.97878
520.87957
520.92877
482.59061
517.90443
482.49163
482.31006
482.23398
480.33673
480.82469
480.97382
525.05323
479.76075
481.29951
482.20433
480.99256
520.99275
480.65827
521.02129
520.86545
482.36507
480.77183
480.8383
480.6195
482.59552
520.91526
481.13545
520.88926
521.0499
520.92069
482.03427
481.25779
519.17477
480.47868
521.19662
482.30346
482.67838
517.66726
480.49128
520.92797
482.34465
521.18642
481.91559
521.05028
482.1447
481.36
481.16765
481.95226
482.09177
521.08082
480.79652
480.89083
481.7254
482.34126
480.83862
520.99513
520.97283
481.337
481.89344
481.73767
481.2407
520.89397
481.72099
481.22717
481.71734
480.98945
520.94469
521.01747
481.89164
482.83701
520.85178
481.80062
481.55
481.8736
481.38375
516.20894
481.84833
520.93005
481.91624
481.2267
481.67255
481.68439
481.20993
481.75969
520.91334
481.71653
481.36728
520.92039
480.91557
481.7467
520.90114
481.94371
480.59727
520.85462
520.8153
482.04002
481.03861
520.94223
482.15862
520.94417
521.09572
481.1694
520.87565
481.3102
521.0064
481.44542
481.25026
520.92336
481.84215
521.01344
482.08776
482.04189
520.82136
520.91257
481.33489
481.41628
481.78914
481.96611
481.77563
481.50437
481.48693
481.45324
481.46247
520.85819
481.69474
481.84766
481.89924
520.82437
481.64378
481.49177
481.76837
481.82239
481.56473
520.86017
481.29447
481.61935
481.52276
481.56995
481.57404
481.36435
481.57653
481.35658
481.11849
481.60888
481.39773
520.83465
481.75702
520.86502
481.31584
481.56885
520.88651
520.89471
481.32704
481.28526
520.92079
481.25967
481.6012
481.29503
481.82644
481.84646
481.43072
520.92652
520.72784
520.92184
520.90968
520.89251
481.47469
520.82416
481.20734
520.89543
516.12554
520.92342
481.79541
520.84146
480.82252
481.00081
520.84831
481.27045
481.05735
481.17473
520.825
481.04158
481.95193
520.80695
480.96752
481.97686
481.94713
481.41186
520.81613
481.57002
481.41857
481.07732
481.66988
482.25481
482.30762
520.8408
482.09022
520.86347
481.20828
520.85048
481.786
480.5235
482.44679
482.02963
481.82504
482.56073
520.96485
520.84193
481.28862
481.1894
481.78258
482.19088
481.98337
481.28833
481.31386
481.71906
481.22995
481.78542
521.22019
481.89727
482.46062
520.96332
520.99723
480.97911
482.18611
482.0797
480.66202
482.30873
521.01901
480.85108
482.45041
482.38134
482.21169
482.1221
520.95403
480.60211
480.5177
520.98631
520.89522
481.80203
482.22285
480.56821
481.15758
480.65093
520.94504
481.23224
520.89927
520.89427
480.6291
480.89412
480.69605
481.12663
521.02304
480.88631
481.67753
520.98593
480.72695
482.62334
520.9784
480.3886
480.83119
480.78288
520.99915
482.50483
480.41466
482.56427
482.27089
482.35654
480.47123
520.92475
520.94951
520.96934
480.4798
480.44265
480.7227
520.93634
480.43591
520.97748
480.75538
482.21206
480.41993
520.79342
521.054
482.60909
480.70635
482.62456
520.92306
520.934
482.84147
480.74908
480.68003
480.45335
486.89343
520.91795
480.7104
481.03135
480.52597
482.34189
520.79289
482.4365
480.53919
480.4803
482.22296
520.88471
482.50919
482.56751
520.97182
482.43107
480.55231
482.56717
482.4481
482.5497
520.81872
480.86791
520.91107
520.92764
480.77866
482.11791
482.59766
480.66109
520.87401
480.90694
521.03908
521.01225
520.91795
480.87571
480.83563
482.46535
520.92526
480.95441
480.92236
482.43664
482.4781
482.40251
520.90112
482.49287
480.7812
482.16023
520.97919
480.93275
482.49545
480.55567
480.57812
520.83292
482.30971
480.85486
482.5448
480.63773
482.1564
482.24313
480.92402
482.42472
480.66588
520.96383
520.93886
482.21451
520.90402
480.61954
520.85695
520.93584
520.92042
482.38175
482.05638
480.75685
480.67149
482.05275
481.96502
520.94717
482.03031
520.95852
482.37491
481.04591
480.96582
520.93326
520.95066
480.98651
482.02695
481.11796
521.01945
482.28064
480.82093
482.35433
520.93417
481.79381
480.85915
481.00857
480.63383
480.81331
482.31658
482.12696
520.94314
520.97486
480.7568
482.4741
482.48366
482.38639
481.06167
482.17588
520.93593
482.20518
481.15717
482.29754
481.3645
482.00282
482.16536
481.83107
520.99003
480.97597
520.94307
480.99391
520.96002
521.00668
520.90025
481.93937
481.12334
481.62684
520.86465
480.94448
481.64466
481.02057
521.00208
481.69863
482.02033
520.92814
520.97246
481.27879
481.51677
520.9688
482.10231
481.99799
481.7047
521.00804
481.80964
481.55292
521.0059
481.6307
481.51073
520.82998
520.89516
481.51404
520.98225
481.05044
520.90262
481.08923
520.93791
481.56936
481.47963
520.85647
520.88175
481.44026
481.42119
481.38471
520.89529
481.68967
481.73869
520.89225
481.74736
481.40292
481.65865
481.66126
481.72286
481.61602
481.46249
481.75867
520.91119
481.6455
481.45586
520.93839
481.43192
520.85254
481.41518
520.83178
481.53996
520.91968
481.52313
481.926
481.56925
481.572
520.87654
520.87465
520.85972
481.71108
481.93809
520.91462
482.1501
520.9339
481.52974
520.71651
480.52095
520.87797
481.71632
482.03886
481.46724
481.41934
521.00442
481.69023
520.87242
520.87706
518.55968
487.51051
488.32169
482.47366
481.37827
514.26332
520.97422
482.02407
482.00203
480.47934
484.06414
483.22886
525.73452
476.68002
518.72601
482.10863
476.93908
518.48005
480.60251
482.04222
517.88315
480.80323
489.94758
479.42538
483.5093
480.94719
484.44373
487.88724
480.64209
485.36226
486.86946
518.87294
514.16949
484.63677
476.73774
488.3379
481.84547
477.55338
524.25728
476.59099
482.24307
517.90435
483.28569
481.01063
518.68444
487.47614
517.64434
518.48334
481.12959
477.45
514.66604
483.12157
479.15952
481.09952
489.35552
518.02372
483.62104
484.83304
481.60534
480.09814
481.45859
517.99264
486.92871
477.41495
480.43595
518.37282
489.79757
518.55883
481.54397
517.8262
485.57879
481.24084
517.96186
518.23006
488.15122
479.99637
479.535
486.84206
485.10139
518.65948
479.18734
517.74467
483.1949
481.19276
482.52962
481.84393
488.37043
485.35082
481.93136
476.93737
518.00146
479.69423
438.90406
517.89141
481.23239
485.15893
476.63969
488.25444
484.76349
484.01573
518.43941
524.24076
477.48721
479.48006
481.41096
484.11855
518.62552
520.83389
481.60916
520.99705
489.46269
517.91777
482.20004
476.62686
482.15687
484.4682
480.77843
481.31898
486.95398
518.77154
518.68392
479.83516
520.90016
520.88255
520.91058
481.93347
478.46992
482.02025
520.85789
484.10634
480.60903
518.65978
487.8741
486.99966
518.83378
482.36867
481.50755
518.36544
520.97883
481.6643
514.10506
476.48933
480.96616
482.94726
517.79322
525.65718
482.22444
485.49064
518.1385
481.89654
518.26518
481.8182
482.3491
483.8321
518.20114
487.58333
518.1552
517.63552
480.52896
479.10202
482.89492
477.02636
504.18098
518.37752
485.65704
480.05764
481.63511
486.8487
481.82872
517.69615
518.48337
477.48937
521.13077
483.03096
482.5384
488.79467
481.4813
476.41193
481.96831
482.11769
520.9018
480.94711
484.72187
482.19674
525.6997
483.5148
489.45488
483.02949
480.7677
476.7351
487.24842
477.57272
481.39028
517.77359
489.83199
481.24799
480.9453
481.13543
480.32539
517.66606
485.34256
488.21315
476.68034
483.64654
517.89331
485.26862
487.06475
484.09186
518.13816
518.55881
482.8875
481.33692
520.98565
481.47677
480.19799
517.95019
518.00705
480.71662
486.88407
477.60791
517.66147
483.26845
480.94715
482.83832
477.74104
485.73944
476.68112
489.55215
435.52457
480.62557
518.04332
483.18689
480.63327
489.34464
476.6741
479.96932
524.11651
481.03652
518.09719
481.22881
518.37993
477.6223
480.37127
485.91014
524.92886
481.15169
482.17368
480.86555
521.01533
483.40945
488.20719
518.00106
482.71294
483.04917
476.79312
480.64813
488.83927
520.97694
477.68867
486.50522
485.57172
518.06748
449.10216
486.51816
482.33244
480.92566
476.74142
517.76743
517.87032
482.34415
476.77561
487.06696
481.41295
481.17769
480.65557
489.01558
476.79202
482.33909
482.62229
483.11237
518.15923
486.20446
524.95003
480.38822
517.92001
518.06426
481.0257
480.77255
482.60093
521.2517
482.15245
480.60946
485.15392
520.79715
517.8417
482.61054
480.69748
520.96102
480.34838
481.35559
517.99008
517.79952
486.83315
482.10476
524.8709
517.70301
483.55216
489.59957
520.89208
477.55274
480.41009
485.82642
489.73515
480.97677
481.10925
517.71804
520.88563
486.70173
480.81313
482.6385
517.81649
518.45614
480.22961
481.0419
476.70358
486.08786
482.55648
480.76337
486.40517
478.4828
518.46096
480.39305
483.20176
477.66976
481.07796
488.55132
480.60731
517.93923
476.73594
485.25109
485.59741
477.52483
518.53274
517.91523
518.1513
480.87703
489.88828
485.07819
476.79484
482.89818
525.00222
481.45906
481.60404
482.02783
517.79144
518.18363
517.94432
524.35243
482.49215
480.63754
484.51683
518.60497
481.04385
520.40704
482.64135
480.57596
486.83769
480.6833
518.12395
481.1782
479.82474
480.62229
517.71111
483.49455
480.69949
524.05357
487.81287
517.92847
476.6739
517.9688
486.62627
481.53096
487.21351
477.60855
524.1939
518.43957
485.79822
518.20764
477.67599
486.24599
481.28843
480.85858
520.94594
484.63852
486.99517
481.64514
481.70896
525.7596
517.82121
488.68679
480.7853
488.37542
485.44053
476.80411
517.87648
481.84297
481.05778
497.73806
479.51275
518.61538
518.02789
483.82272
487.7012
514.53763
482.25936
488.04185
484.94586
514.18786
481.75466
488.32764
481.82304
518.18044
518.54697
480.72759
520.86727
517.757
481.01229
482.56259
483.09537
485.39499
479.22998
488.51194
514.57688
489.68216
518.16531
477.55624
517.97643
488.52551
476.75746
519.18954
518.56792
481.87123
517.683
483.24286
520.95569
487.14751
520.90585
482.11359
482.36503
485.05779
437.88048
486.84785
518.70376
483.665
477.4867
481.44568
482.28597
518.08324
487.89151
476.72992
518.00372
514.46928
487.24748
479.28144
479.21424
482.1098
497.72531
481.01889
476.73609
486.96161
480.59188
517.98942
484.50105
488.76397
487.98723
485.30886
489.42463
481.9652
514.10803
478.97197
482.50459
518.2979
479.46878
484.24855
483.38898
520.95643
487.46769
518.88759
480.83764
482.85038
518.59667
480.72945
517.96892
481.43795
517.8568
482.97252
479.26164
482.24961
485.69025
487.43565
487.9801
518.08792
482.23785
518.50249
483.13807
483.42524
481.09306
481.89485
481.87415
477.59511
518.01402
483.88199
479.31288
518.46034
485.45909
487.81034
489.28672
480.95865
483.81353
517.28939
478.29145
481.82342
522.74523
486.96092
482.31425
518.76086
517.90315
476.73223
479.70669
481.866
523.36555
518.43311
525.97546
489.60879
521.09731
480.6426
488.05694
480.0177
481.19538
476.93293
489.2014
522.49514
519.54555
482.38173
481.72885
483.26187
514.76567
477.26937
484.44369
517.14394
482.06374
481.7106
480.69679
481.30442
481.57812
518.72959
518.29035
518.00084
479.88058
482.21664
484.61319
519.21346
519.8878
520.85686
482.1461
480.75049
487.15442
517.63348
480.60615
481.93351
488.24443
485.33739
481.58493
517.68559
517.73058
482.64941
485.57425
517.90133
479.37786
518.46546
524.1101
517.75921
483.51913
476.67076
488.78451
482.13235
481.22569
489.77306
483.42517
520.92001
480.6931
518.42305
518.10357
476.84453
517.7657
480.27907
518.1298
483.10328
517.93352
518.57546
518.32314
518.54236
485.28513
517.81415
480.95841
488.43044
518.03025
518.69938
487.00678
488.68769
487.73655
483.81973
479.89416
480.64251
518.59522
518.15039
481.94554
482.7959
482.76206
481.15433
517.91253
476.84017
476.46702
518.11655
482.31592
481.30032
482.56222
481.40939
477.78893
484.54807
481.81823
525.45772
500.36165
481.84136
431.06688
487.20154
479.181
482.60161
481.2362
480.63752
481.45992
524.11736
480.05467
480.87724
489.56469
488.97429
480.62046
483.27952
487.8073
516.90778
482.55779
483.52359
483.02643
485.06703
482.39026
477.55211
518.8541
481.08216
517.69368
487.37991
480.24327
517.94917
480.54157
490.97202
488.48153
517.62393
481.40129
485.56622
518.70163
479.48205
487.85337
518.51799
481.03587
483.88596
476.61084
486.30535
517.91044
519.33031
480.22498
483.5036
514.80865
523.01609
482.77698
486.66643
483.15002
479.7214
518.57506
523.0142
521.37739
484.305
478.97785
482.88961
488.2678
518.22086
489.55314
518.30408
482.78652
483.06102
520.41262
520.95858
518.22805
515.77887
484.96184
480.24428
518.36089
482.14813
514.32958
487.2799
480.83934
481.40741
476.89744
521.13457
482.48788
475.41414
480.29362
488.78305
480.63301
490.64166
482.09302
487.86523
519.50186
483.5044
481.22634
479.12193
523.39014
528.5669
478.9069
519.07612
482.48017
479.36763
521.97925
483.3762
517.62531
517.86393
489.00325
483.40064
482.8048
518.3226
483.25595
480.2716
524.48621
518.45371
481.75231
516.28786
481.5915
481.61329
481.10372
481.66665
481.39829
480.05181
484.43046
520.61846
483.46435
482.95375
482.90008
520.73655
485.82638
482.0083
517.51629
480.52008
481.8537
483.64259
481.62301
518.57313
521.90578
482.59652
520.52796
485.12931
479.40533
482.05662
482.31671
480.46983
453.6828
505.41339
454.01267
518.88569
455.10429
520.70048
451.73061
450.90757
482.67542
455.56075
519.14777
451.40406
481.90851
456.99291
505.43466
477.3798
520.06724
477.33824
521.00796
519.16796
483.21968
477.75032
482.18527
482.04958
505.5153
482.37647
520.39816
510.45706
521.47018
480.88608
510.30786
519.34529
481.48022
479.75041
481.64502
483.2226
520.74753
489.59731
479.78802
514.62634
453.62705
505.13749
521.61407
481.68163
483.11756
453.40912
451.74277
478.04876
520.27379
510.31812
519.22745
452.70273
473.6072
505.4647
522.13305
522.51466
521.25839
484.71494
483.05572
505.24827
482.31644
482.07007
506.03983
481.18353
480.93873
482.95857
482.02222
483.26964
483.87983
478.9362
504.51062
477.45238
474.79307
483.05048
491.63328
522.83334
521.09548
482.57053
519.39394
480.21612
520.91019
481.44487
482.62923
482.7911
477.95533
482.33242
521.19602
521.2524
478.08283
474.12101
484.04133
483.87846
517.00243
481.48173
521.11742
480.3026
520.40161
519.73093
481.52599
483.64895
482.78543
520.87359
482.7072
480.2476
516.22233
480.43083
520.84936
482.64544
482.84902
482.61477
522.57338
482.78221
482.69565
482.79075
520.78162
522.18713
482.92683
517.49094
517.74213
480.3277
520.86435
516.7915
477.34168
482.22161
480.69419
480.64238
520.86527
482.68827
520.93385
480.44418
480.68741
518.02855
520.92686
520.98117
520.8538
482.55426
487.56968
480.32464
480.50608
482.43877
480.69814
520.90566
482.58711
520.78529
482.75447
520.94147
482.79325
517.84732
520.93298
520.9416
482.36163
520.87163
480.67646
480.44495
482.70541
481.36659
485.66184
481.14931
518.48187
482.6817
480.61408
480.70049
520.75843
520.85291
519.50604
439.51969
482.6613
518.45402
520.86317
482.59324
480.47271
482.51236
482.75893
517.70335
480.40532
480.53501
520.86898
487.0726
480.52848
482.74785
482.71342
480.58009
480.66333
520.77977
480.55311
480.55979
480.48432
520.8622
520.82531
482.53782
482.59109
480.71604
520.76379
482.66237
520.85864
520.8501
482.55726
482.31299
482.76935
480.51215
482.79503
481.23808
519.71745
480.63556
520.79647
482.73544
480.39094
480.49018
520.85793
480.45191
480.48905
483.22914
482.63708
482.53194
482.80574
521.25519
480.34286
520.881
482.64945
521.5681
482.74765
520.85521
480.74555
482.60328
482.47316
520.8696
480.59161
481.74892
520.93796
505.85166
477.4044
478.99426
499.54268
453.22296
439.36277
507.86828
478.55904
434.36202
428.31143
435.12189
428.60408
453.86588
521.32163
480.4628
478.93923
488.78233
483.19199
479.60586
477.46878
453.59743
520.47182
445.47374
521.32808
499.13568
435.38556
428.19999
439.52167
478.78103
440.17137
499.52926
478.76745
439.70492
485.20914
428.78977
482.34863
477.2859
515.05216
439.52575
523.58166
507.76695
453.56286
519.66588
505.90157
480.96934
484.14652
481.32643
521.25876
477.73197
443.98566
476.04764
479.34982
476.00635
528.22643
479.41075
506.74948
479.96761
517.71586
484.43696
481.48605
439.90652
505.86504
520.66211
478.77314
478.06483
519.23618
487.52125
480.7094
480.69061
428.76987
520.3616
477.98884
486.86147
487.11024
520.1673
486.56759
480.183
480.51654
498.67692
520.60017
505.70825
482.50953
480.2725
482.28857
479.48756
481.80547
521.37744
505.72052
508.60787
520.47419
522.6319
480.82699
482.16425
479.09399
480.18399
525.39334
480.33919
484.77786
521.69751
452.96337
520.6524
521.81819
505.84497
520.24002
481.08494
481.97375
521.81904
481.43411
521.98655
521.62247
521.73849
526.97544
481.58091
480.81583
481.36931
479.47793
521.65867
508.33029
480.72407
480.71444
480.38256
521.74618
481.66832
521.81521
480.39755
481.50093
481.86087
480.76341
481.65787
480.73837
481.53535
480.26044
521.09396
481.73506
521.30219
480.45862
488.21948
520.39816
521.18997
522.1382
428.64031
522.11836
476.97374
481.90225
480.66285
521.6114
486.87745
482.04497
521.7146
521.03106
487.22809
482.19572
520.24454
477.64143
485.2281
480.52245
521.74094
480.61367
476.8288
487.17136
521.74978
481.90805
476.95102
480.64203
480.66611
521.07215
477.82863
521.3714
477.56292
480.4323
481.5175
521.72896
480.80313
521.85379
480.44249
481.79164
480.77841
521.75171
481.63911
480.40136
522.02146
482.02378
524.7289
480.87929
521.79423
481.47229
481.74031
480.89516
480.41352
521.99019
480.5973
482.39734
480.51595
521.94019
480.6373
521.43599
521.71988
480.47988
480.74504
521.72063
480.38005
521.68134
480.38069
481.72198
521.68663
480.47351
482.06888
480.568
480.68802
480.69714
487.46621
521.62262
481.99044
521.36082
520.98901
481.79321
481.88163
522.25395
480.67574
481.88225
480.7889
481.0429
481.90216
481.91186
480.74243
521.6256
521.60308
523.66958
480.46197
481.77456
481.71034
481.64768
480.52736
480.59861
480.53191
521.58016
521.55785
521.55457
480.45556
481.74459
480.51132
521.53453
521.5856
521.67836
481.64845
480.6975
481.60971
521.51165
481.93439
521.54426
481.83883
481.68857
527.2603
521.55817
480.93275
480.80426
481.78682
481.98764
481.56912
521.54746
519.49506
480.64387
480.89768
481.56273
481.79467
521.60106
521.53592
480.50361
483.01027
480.58467
521.52815
521.56231
480.90802
481.83192
521.54254
521.57972
480.96039
488.78715
481.72483
481.00247
521.54801
481.75252
481.02193
481.68629
481.02311
521.58022
481.04994
521.71804
480.44368
522.04343
480.63768
521.55186
480.92096
481.67549
487.59345
481.8262
480.65659
481.952
521.53739
480.36794
481.87659
476.89518
523.36075
480.60052
480.22234
521.59477
481.6636
478.4731
522.8423
481.88928
480.0797
481.67616
480.84955
481.60381
481.8345
481.67097
481.95158
521.75209
480.6717
480.87781
480.73103
482.15834
480.58707
521.65183
481.74764
521.91614
477.66685
482.60646
477.1888
520.03043
482.43949
482.13143
481.56916
521.52499
521.79941
521.81831
521.2142
489.01896
481.82454
479.22906
480.29787
481.16221
520.5316
488.34791
519.83115
523.20436
490.2569
480.25808
521.57395
480.42412
521.11933
481.07922
521.46837
480.80452
521.74426
479.0479
482.0847
488.93408
521.12244
481.01537
481.65212
520.95626
520.8993
523.67776
482.73827
480.81508
481.42813
519.90594
481.09265
481.74702
481.26736
523.87449
521.49677
481.99221
481.16503
518.77958
520.82093
484.32669
481.9129
478.93953
519.97921
521.67512
481.50531
519.63586
507.69257
482.49552
524.03929
480.36767
520.66376
440.44082
439.23492
509.04658
481.58192
439.21146
499.3266
453.9936
507.81556
454.38289
478.91729
480.64345
505.76413
498.57789
454.86451
497.75956
505.34802
434.88232
425.3
444.56027
428.2502
439.18867
435.23073
475.40937
445.57662
440.33839
433.46459
519.94962
481.29115
481.09167
522.66934
520.50876
521.72992
478.84263
481.59791
507.8183
439.28798
440.39319
453.76696
520.831
475.44498
482.71024
507.76747
521.39242
429.73457
478.8475
478.67964
477.0965
519.99794
521.92637
481.24628
435.21018
479.61136
479.00082
479.54939
527.24052
487.81266
477.05139
478.2497
477.62392
478.05411
474.50525
521.13354
482.41779
482.27344
481.66444
522.28192
482.34896
521.44041
480.5312
521.02769
482.06869
480.25366
482.09699
521.50056
488.1619
480.57897
520.91202
488.23896
480.58243
482.193
480.63638
477.04119
482.08014
480.16701
521.41867
482.12983
482.29512
480.12825
480.34064
482.35482
524.41386
477.0659
521.42738
521.42783
480.47617
480.30632
480.41196
482.13552
521.39664
482.50755
488.80758
480.3741
521.24089
520.97132
521.29229
477.50667
488.57254
521.42492
520.90817
521.35286
521.04626
521.39591
521.46562
521.10573
482.06868
521.36748
480.48581
480.40662
482.34535
521.44833
482.339
521.44775
526.23278
482.42851
521.32435
521.3535
480.19545
480.67686
480.59453
521.37205
480.4425
480.36127
482.0993
480.6466
482.17337
521.42084
481.97419
482.26071
487.64873
521.9551
521.38768
482.28755
521.41753
482.27344
480.38839
480.60431
482.38057
521.44534
521.44697
481.89956
521.31253
480.29153
481.99379
521.40643
480.72509
480.80128
481.90995
481.92904
481.85612
521.50566
521.31861
480.74332
522.30321
480.66905
481.62335
481.99058
480.30881
480.61925
521.44017
521.43207
482.17913
521.22963
480.70074
480.78784
482.23821
480.7525
480.69486
482.11214
482.42778
521.44573
480.27907
480.40625
481.8697
480.32154
480.65542
521.50226
480.36136
481.80499
480.4467
521.53296
477.97077
481.78892
521.42804
480.69001
521.5671
480.86126
480.61912
520.81392
480.58437
521.54047
480.66008
481.53663
480.57559
517.72661
521.64982
482.06826
481.98103
480.31809
521.51545
482.05943
521.61118
481.71627
481.73
480.36078
521.64585
480.39558
481.71893
521.49536
481.32139
521.49456
521.56947
482.12117
480.51789
481.79337
480.66538
480.31726
480.40501
481.86556
488.10887
480.55457
474.76824
521.60532
480.70914
480.28286
481.86193
481.88007
480.71379
480.63294
480.70875
487.96165
480.57611
521.22083
481.98132
480.73252
480.68466
521.18948
482.19301
480.45449
521.57145
481.37484
521.26368
482.15341
478.07369
520.92461
520.98373
480.62224
521.62955
482.18942
480.65025
481.88338
520.90322
480.30434
480.30792
521.50767
480.71205
521.56786
481.83736
487.858
476.98118
521.62874
487.8155
450.49082
517.01311
482.28031
480.40212
477.03121
521.46074
480.39838
480.61185
478.06036
482.13425
481.94184
521.58111
480.61858
521.56958
521.53684
521.18248
480.42531
481.94394
521.60122
480.67499
482.22971
480.73658
521.45757
480.30438
480.36649
521.47534
481.92386
482.00121
480.36453
520.93626
480.5804
477.79485
480.64874
480.41665
480.58448
477.01836
482.03276
481.57337
478.39283
476.02751
480.53653
521.58604
482.02466
521.54849
473.2777
520.8477
521.30883
481.8456
521.58335
480.38334
480.67578
521.59717
521.12587
481.85241
520.93985
480.65578
482.07824
480.48071
482.18273
521.51256
481.28263
479.06144
521.47584
483.13625
481.81366
480.43874
521.49393
521.55569
481.80463
480.43386
481.77622
481.96035
480.7286
521.56492
480.5056
521.62827
477.92167
482.02458
521.52301
480.66469
479.86362
480.29654
480.90952
480.72776
481.78095
523.71061
521.58969
520.47959
480.4818
481.84127
480.4698
481.68002
521.53506
521.53214
480.59072
480.72432
480.71233
520.34661
521.86566
477.3743
480.82651
481.98112
520.30598
481.65197
521.41463
480.59378
482.07225
480.65377
521.53788
481.26616
521.55081
480.84841
480.94294
481.86607
482.13721
480.70331
480.6936
521.49994
480.71594
521.44207
521.40343
524.52858
482.30051
482.14505
480.83756
482.17704
482.1396
521.48484
480.70059
481.88914
521.56194
480.93032
480.42547
480.80705
521.37613
481.79705
480.79924
521.48744
481.92568
480.42276
521.39235
521.19129
480.62305
482.24109
521.35559
482.28409
521.41451
521.42463
480.619
518.60481
481.97322
480.42504
482.08698
480.32743
482.04116
482.11815
482.11057
482.07132
480.57262
482.33298
521.40766
482.21152
482.71844
521.51962
482.21782
480.296
481.97012
480.67387
482.10718
521.35706
482.07373
481.92648
480.22571
521.39917
480.42285
480.29181
482.24894
520.79445
480.48581
482.36694
480.52266
488.29959
480.33936
480.46635
480.66209
520.79573
521.03333
480.63889
480.56994
480.11943
480.42469
482.3523
520.99789
482.2266
521.39069
521.44584
480.26025
480.62935
482.01302
477.95515
521.41266
480.46685
485.33882
480.28882
482.56377
521.29473
482.45636
480.4095
521.40817
521.43194
482.15392
520.96859
477.08324
521.44181
482.41587
482.50828
478.60969
521.26565
480.58033
480.96886
521.46748
521.46716
480.22821
482.87657
482.41177
480.51258
521.36719
480.57538
488.37205
521.49591
521.4821
480.22648
482.18
480.61125
521.25507
521.4743
482.38072
521.50983
482.59011
478.159
520.80508
487.06086
468.35177
480.18835
480.50813
480.44731
482.40525
482.46113
480.5695
521.40365
521.0378
482.10268
480.21672
520.8803
482.1236
482.09128
480.28086
521.36107
482.0798
521.45004
480.52828
521.40284
480.52164
480.20605
521.37802
521.53718
521.37438
521.42189
482.32918
482.35456
521.35942
521.32088
480.61411
521.37661
482.30747
477.29812
521.38383
482.27179
525.48344
521.21057
521.32559
480.22787
521.39013
521.39633
482.01158
482.23368
480.41705
479.45389
521.33555
480.7177
482.27091
480.66601
521.35794
481.98265
482.34431
521.35322
482.02993
521.33759
481.99538
521.34164
521.3264
480.72928
480.36874
482.31205
480.71698
521.3583
480.40389
480.53305
482.19965
480.77892
481.45227
482.35647
481.87582
483.41942
481.76743
517.98126
483.83809
480.82606
521.3412
482.27977
518.44117
480.81387
480.35893
521.28896
481.96681
482.17184
480.76619
482.19819
480.46665
480.93117
476.66809
521.30441
480.32236
482.42008
480.77446
482.13391
521.30831
480.8223
479.80698
521.32287
521.23649
483.02933
481.94156
481.77681
521.37115
481.96909
480.60633
521.24543
521.28417
482.03149
480.28741
481.87343
482.07332
482.43192
514.1554
480.6575
481.92064
521.22202
480.64096
521.27168
480.61501
521.22203
480.85985
521.21499
521.31953
481.92183
481.93866
481.99135
480.72217
521.24364
521.22199
481.79264
481.83086
525.96262
477.4235
481.94827
480.6456
481.87791
480.79599
482.1259
480.72459
480.70722
480.66321
480.23469
480.48948
524.80839
521.29784
482.02122
480.66931
521.32474
480.27736
480.35212
482.10845
480.97952
521.37279
521.26037
518.61277
480.84491
477.61045
480.615
480.49689
477.09677
480.30301
521.35467
521.30966
482.16306
521.38328
525.41081
478.23218
525.49633
521.45302
482.1671
480.36221
477.23983
480.68504
482.05482
521.41335
480.56167
521.39954
481.80475
481.82392
520.99614
480.55632
480.90434
479.59754
482.04049
481.87353
480.94809
521.49569
481.79837
521.45006
480.59831
481.00109
521.54866
523.12704
480.95766
481.74262
481.54174
480.99915
521.45167
481.90512
478.82802
521.49111
521.43074
482.01465
481.62451
480.9966
480.74373
481.05501
481.96944
521.46077
481.69566
479.6929
521.46932
521.37445
481.76036
480.70477
481.93109
521.48691
480.66799
480.79068
480.88797
480.8846
481.52952
481.78596
481.81719
521.31042
481.72574
480.92894
521.47317
481.58576
481.58173
480.90737
480.80935
521.36489
521.37179
481.63694
521.3875
521.32999
521.38389
521.36165
481.0052
521.3856
481.89135
481.49555
481.75687
481.09506
521.36848
481.72726
477.52756
481.18386
481.79813
520.85655
481.56136
521.3418
481.04776
481.54613
521.31074
480.98798
481.14442
481.82656
481.04867
521.38823
481.52265
521.34314
521.58435
480.86719
480.83489
521.32581
480.9643
482.0191
521.22438
521.28986
482.06364
481.08929
481.98964
521.25275
521.40861
521.38604
521.34516
520.86757
480.68977
480.84544
480.86158
482.51646
521.30319
481.14105
521.33544
476.99257
521.32822
480.83376
521.31215
521.24377
521.31242
481.61681
482.95294
521.21102
521.30147
480.75999
521.34455
480.87846
521.30523
521.22096
480.88771
480.92923
481.6882
521.32804
480.8783
481.78398
521.18586
521.26804
480.79135
481.90358
523.52455
481.93249
521.16121
521.26584
481.67069
478.44278
481.69918
521.30107
480.93511
481.03109
521.32336
482.09355
521.33272
481.73825
481.23731
521.30332
481.006
481.53255
481.08129
481.0783
521.28451
521.34049
481.07713
481.13663
521.29805
481.76735
481.98587
481.62053
482.1072
481.12125
521.27704
481.41424
481.5214
481.12301
521.2368
480.93619
521.32198
521.27588
521.15262
521.29279
481.18256
481.64755
481.67838
481.90614
481.27752
521.2923
482.19838
520.82036
481.51414
481.49035
481.67348
521.22336
481.27088
481.29768
480.96776
520.96603
481.18896
521.21484
521.3131
481.99977
481.14136
481.21951
521.24016
520.8502
521.24169
521.14633
481.786
480.90005
481.46384
481.69807
481.02698
481.13338
481.51054
521.21491
521.18459
481.77512
480.58149
521.27894
480.65197
481.79912
480.90186
521.20584
481.7076
481.10839
481.23042
521.15725
482.01818
521.21496
480.99552
481.96472
480.98712
480.9361
482.38807
481.8788
480.95536
521.21616
481.8382
521.31978
481.99286
521.32821
524.46999
480.78682
481.90531
481.85195
517.79553
482.02264
481.87033
480.662
519.45791
507.79878
480.99082
482.09901
521.20869
521.18714
519.93322
482.26029
521.22172
480.90554
481.76732
521.19033
481.94804
482.23274
521.27714
482.18218
480.8358
521.20295
482.12821
480.88988
517.97731
479.53796
521.21793
521.19661
482.2174
521.17432
480.71493
481.91881
521.23695
481.89947
481.91465
521.2916
481.94129
482.27652
480.94878
480.90352
480.83933
480.80574
480.8845
482.30751
480.49807
480.50435
521.30409
521.24734
480.61585
518.1695
480.76437
521.15568
521.25714
521.32455
482.38877
481.89302
481.95962
482.88918
487.27959
518.30676
480.93433
521.23429
521.31126
521.3664
482.45086
480.62969
482.10354
482.10308
521.34328
480.82562
521.19797
481.82064
521.15558
482.0795
480.66136
480.86641
521.14605
480.91367
480.75486
480.95921
481.82122
521.18425
438.98184
440.5503
440.52799
437.573
481.34425
481.06884
477.3543
519.76216
482.81387
519.73499
482.62662
440.63855
454.36663
520.38346
505.62849
479.05239
505.56058
438.92352
508.11561
519.01773
454.49433
478.63767
433.54202
427.41955
479.00335
480.09817
444.04941
481.00103
481.24635
482.10597
481.56291
488.57502
479.65728
427.49216
427.2361
443.29175
433.97075
433.8645
521.39312
520.84298
499.05654
443.63606
519.35377
499.17002
443.23105
521.24204
430.90748
521.48831
426.13128
439.13179
440.19759
499.58605
520.35368
478.97188
508.43024
428.63779
508.20245
508.90835
477.4646
478.75022
520.63296
479.84322
482.08329
477.65469
478.90352
519.73208
480.21157
499.58102
441.67684
438.16126
487.36151
480.30781
478.66052
479.09028
439.05724
519.08186
479.16449
521.09578
481.55087
488.18807
481.65339
521.85182
480.59551
481.13306
519.76556
518.89397
482.82687
521.42312
481.51105
481.48274
480.32813
480.81634
481.15219
480.57413
480.73134
481.255
521.46553
480.70323
480.37718
488.85964
521.93036
521.49723
480.96685
480.60398
523.69803
481.45571
480.86585
521.89489
480.10603
452.71249
521.38284
481.14291
481.31612
480.63942
521.83816
521.95673
481.22858
481.62636
477.3672
478.61478
481.40586
505.81272
481.11987
521.81793
521.484
481.39281
519.28085
481.65326
481.10027
527.43962
481.34332
481.21382
481.12808
521.48983
481.70021
521.47249
481.07764
521.45094
481.48448
481.18321
481.5957
519.72767
480.88967
521.45942
481.62436
481.66
481.1605
481.21165
481.46558
481.64794
481.60525
481.66904
480.05404
481.34282
519.1138
520.94123
521.45382
521.69504
521.48964
481.43288
480.92588
481.12804
481.42217
480.85508
481.45633
481.44586
481.64242
480.83496
521.50063
480.78729
521.47026
521.46295
481.64272
521.10408
481.0332
481.70209
521.5372
481.70637
482.47913
527.53855
519.53359
521.49975
521.52262
482.20463
521.57367
480.87043
521.43344
479.77154
521.44435
521.49002
521.64173
521.50178
481.06388
520.65544
481.76449
480.84916
520.8714
521.43817
521.50812
482.46319
480.72097
481.47533
521.49945
480.86857
481.54719
481.51417
477.50318
481.49373
521.50673
521.56872
480.8158
481.72859
519.14643
518.74798
480.7526
520.91615
521.35186
481.75549
481.25251
481.548
480.95944
480.58925
521.55658
481.56619
480.59039
480.45379
480.73776
480.98208
481.47519
521.3627
521.46104
481.18747
481.95858
521.42681
480.73223
481.66199
481.48929
481.5237
481.45327
481.24334
481.98105
521.26387
521.32064
480.97562
481.6978
481.40661
521.27611
482.78003
481.1233
481.15705
481.06378
481.63773
480.65158
483.18251
521.47084
481.59805
521.28349
521.26934
481.25964
481.2834
481.32298
521.33675
521.38063
481.61053
521.37373
481.06404
481.44909
480.67686
481.42585
481.73077
481.0556
520.80424
480.94226
481.26972
521.35498
521.35216
480.99409
481.43445
481.40553
481.59424
481.03644
521.2981
481.12596
481.64492
481.16281
481.36044
481.57506
521.25693
481.16725
481.20317
481.56264
481.30745
521.21989
481.34609
521.29465
481.55715
481.29401
521.30665
481.11467
481.30414
481.58863
481.38746
481.09927
521.35435
481.34821
481.04553
521.37562
481.15571
521.32691
481.34165
520.71605
481.39955
481.34213
481.53524
521.39355
481.41813
521.50499
481.38249
481.36294
481.57359
481.24094
481.06921
481.55644
481.26523
521.23814
481.40821
480.95762
481.00647
521.43897
521.39473
481.03093
520.94352
521.42251
481.64242
481.37895
521.45922
521.34777
521.4121
481.61044
481.58917
480.84053
480.97192
481.02658
481.40386
521.3984
481.24452
481.2141
521.30748
481.08282
481.56593
481.2603
481.61107
481.3098
481.39863
481.22359
521.91586
481.42259
487.84868
481.51288
440.77114
481.02567
481.56993
521.03055
480.30144
481.58218
521.80309
521.45093
521.59836
481.24721
521.48212
479.84039
489.87164
477.22033
521.87483
438.60037
481.01412
521.42588
481.57357
480.74902
521.83965
488.63406
480.78213
481.42523
521.24524
521.37266
481.58494
480.77991
480.93691
477.51118
488.53718
521.52548
521.25934
522.49408
521.75887
481.36126
481.41205
480.75665
521.77711
519.62159
482.28075
480.79769
481.33642
480.25577
521.28225
477.52704
478.53587
480.28754
480.78159
478.5298
520.84676
480.25498
478.74299
521.0195
477.39361
481.08391
481.03275
519.60018
440.72318
508.2036
438.70508
505.6224
482.41492
438.77786
454.59277
440.80683
479.99934
521.44241
521.40703
479.0813
454.56664
444.00321
433.79849
433.30671
481.37187
520.85401
427.46318
507.83037
499.11909
443.25731
505.64996
427.39399
499.13617
433.38995
444.02038
427.37325
433.87862
443.23112
478.74378
481.26415
481.10343
520.34704
499.30033
519.94174
454.46753
454.38703
482.05728
521.45274
480.9029
523.34228
499.10581
499.2831
481.38374
454.40433
480.82188
505.61334
440.64078
519.43582
503.95975
478.88179
481.37733
438.84532
505.63655
481.50939
438.45149
440.44225
454.76873
440.97896
482.46834
505.59896
520.83947
480.76264
478.73108
499.36057
480.89621
480.98991
520.13084
438.40954
478.98207
478.98448
454.9009
440.99017
480.802
477.55883
519.77498
481.01052
519.5785
433.23004
427.41609
482.49538
443.99299
480.89604
454.79652
479.95974
433.72676
482.32705
499.15196
443.99311
508.14364
440.89068
443.21058
427.44081
505.67234
519.79551
438.51318
507.83172
427.48572
521.42968
440.72451
520.8308
479.98276
499.3418
482.23095
521.21131
480.98672
482.25563
522.41555
481.40285
477.54268
519.39358
480.79565
521.70767
480.741
508.21445
508.1348
454.66729
505.63526
482.44181
488.0491
480.07791
521.23032
488.72629
478.97518
427.35125
480.98434
438.64177
480.89882
487.95114
508.2253
480.24809
481.34427
521.85576
479.09418
481.32061
478.73882
519.64199
521.2462
480.81685
440.80643
521.73952
521.88471
481.36473
481.35321
481.22423
521.72286
521.40427
481.10428
521.35305
481.18981
521.33359
521.46716
481.13931
481.17291
481.20694
499.32183
488.14304
480.01261
521.21565
480.23596
481.17138
521.31564
521.68901
521.4494
481.52446
481.48558
480.67797
520.70874
520.4488
519.38338
481.42976
480.22248
481.20669
488.81532
508.1522
521.07632
481.38376
481.7605
521.30487
481.46621
481.40643
522.37833
521.28927
481.45599
481.24964
521.23326
481.50429
481.49709
521.26382
482.0539
521.31182
521.67167
481.25869
481.31917
521.34469
481.22708
481.47977
521.32724
481.17053
481.20028
481.52154
521.25478
521.2772
481.53848
481.54593
481.4539
481.50177
521.00783
481.0332
521.41698
481.62156
481.32168
481.27519
521.35618
481.55303
481.55189
519.66847
478.96829
481.31744
481.35556
481.61152
481.48635
521.26683
481.23311
481.41913
519.76819
481.43014
521.2972
480.71772
521.34483
481.69618
481.36353
481.89707
481.10834
481.31521
480.15623
481.48917
481.48588
481.02221
481.98278
481.21824
521.29913
521.27283
481.51947
481.49854
481.43661
481.17627
481.47291
521.25837
521.20021
481.55256
481.28153
521.26516
480.88101
481.29238
521.21928
481.3349
521.03303
481.32097
521.35137
521.40789
481.33104
521.31093
481.3804
520.82435
521.78325
481.11121
481.26684
481.2283
481.48722
481.49246
481.32777
481.25838
481.2118
521.23155
481.36386
521.17377
520.83235
521.29004
481.47867
521.22707
481.35351
481.9141
481.56401
481.41104
481.58092
481.56708
521.21089
481.42607
481.53069
521.22066
521.16556
481.24906
521.2899
481.23852
481.92926
481.53134
481.3928
481.61597
481.29299
521.21886
481.36185
521.24213
481.2428
481.30257
481.23036
481.40554
521.22474
481.35041
521.23177
521.18888
481.27601
521.17591
521.21019
481.23184
521.1197
481.50076
481.63339
481.40067
481.59886
481.46546
521.16066
481.64141
481.37181
481.63534
521.17275
481.34718
521.14546
481.60427
481.38617
481.36816
481.24051
481.19284
521.22125
481.33439
481.41197
481.4202
521.18515
521.20495
481.23713
481.59641
521.17739
481.63551
481.45453
521.24856
481.7584
481.43173
481.60959
521.33131
481.65573
481.34011
481.41164
481.43537
481.46918
481.47751
481.36733
481.08527
481.28507
481.13875
481.26444
521.21917
481.23781
481.25212
481.28203
481.39042
481.44872
480.66133
481.96252
521.2442
521.31561
481.46912
481.54627
481.24053
481.45193
521.26316
481.4577
521.43115
481.59252
481.52508
481.50624
521.24429
481.67445
481.48715
521.2799
481.50667
482.17911
481.40566
481.51326
481.18842
481.2038
521.31477
520.85779
481.7767
481.42756
521.39649
481.02681
480.64257
481.45201
477.83114
520.46569
522.34075
521.65698
478.66099
481.25924
522.26983
486.94237
489.20365
481.8979
481.34598
481.59934
481.74478
521.23754
521.75421
481.44924
480.94213
521.20198
481.38465
481.46848
521.48618
480.91073
521.41413
520.83544
481.31907
481.38347
480.94263
481.16328
522.00259
521.67388
479.55443
477.40963
481.56842
521.26891
481.419
487.94596
481.05372
481.83317
521.07362
480.18451
520.98389
481.06092
489.01733
521.76669
477.48041
477.62669
481.2795
480.88578
481.08491
480.51535
478.9715
482.22014
522.86256
521.68872
519.80273
482.36505
478.9938
441.18167
519.34434
479.82452
522.35431
521.20359
480.93658
521.21068
479.97561
482.1597
481.10072
521.09232
441.35604
507.83997
438.42788
505.53464
438.36658
454.65127
505.78868
437.28571
480.58122
481.43599
499.58079
478.93025
520.02664
416.17096
437.71059
455.02429
520.13055
432.49529
437.73789
478.43641
442.6796
505.94837
428.04402
441.30789
434.65562
449.93051
508.27979
458.45897
499.88333
479.11452
433.46038
481.21069
520.82393
444.01103
499.0007
499.58976
478.7897
428.05745
481.50052
519.55832
481.61124
507.81632
519.6159
505.5692
446.06339
454.86966
438.38524
438.57274
478.52019
481.60819
441.11124
519.32523
480.36531
519.78576
505.61099
521.82809
520.99323
481.2517
521.27165
479.06831
507.79616
519.40331
505.60806
519.61596
507.8216
510.14836
441.10521
481.20245
481.87053
481.84712
480.64285
481.23883
521.08146
481.06519
481.01565
521.15648
481.02662
481.87161
481.9232
481.73604
481.14647
481.91814
481.77653
480.92118
481.75708
521.09878
480.98636
521.15553
480.93532
481.01426
481.65826
521.17003
481.05764
476.85374
521.13583
481.18884
481.74484
480.95336
521.11816
481.73578
481.61616
481.11307
482.08204
481.18305
482.17539
521.20502
480.68816
481.7146
480.80531
481.06939
482.01356
481.07578
481.96446
521.09687
481.75023
480.76594
481.10731
521.20334
481.94768
476.69676
481.02841
507.40038
482.10737
482.13203
521.22354
481.73637
480.62854
482.15056
504.57532
521.14778
482.03784
481.82206
481.84878
521.22591
480.92106
480.98508
521.22636
521.2038
481.87046
521.14688
526.1083
480.85323
480.80935
481.8731
482.04845
481.82613
480.88748
521.13612
521.19436
521.16091
481.80852
480.5481
480.94486
482.06385
521.17634
521.2157
521.2386
481.06914
481.9427
439.01235
521.26121
480.95324
480.58679
481.77799
480.64916
521.21778
482.28666
481.08843
481.91903
521.19223
481.12748
481.89404
481.07636
521.24555
521.14565
521.12062
480.80476
482.24644
480.84918
481.58697
481.78194
481.05736
521.22041
481.56245
481.02881
521.22179
521.1294
481.86783
481.30519
480.98012
521.20599
481.1112
481.20405
481.86274
481.75836
520.97082
521.10125
482.05168
481.53089
481.13763
481.60799
481.54244
481.8479
481.33703
521.31061
481.68169
481.74931
481.04147
481.39361
521.24576
481.38007
481.30954
521.13563
521.19673
521.25342
481.06701
481.57994
481.66668
521.24473
481.96779
481.42021
481.24668
481.52754
520.94816
520.82618
521.06566
521.304
481.44364
481.48679
481.42038
521.16378
481.17312
521.24675
481.12904
521.18167
521.17728
481.25477
481.50832
481.28021
521.18277
481.32999
481.42062
521.14988
481.38766
481.79244
481.41071
481.38077
481.1549
481.43269
521.21302
521.19763
521.14951
521.19639
481.18111
521.08755
481.71465
521.1587
481.97286
521.06498
521.15503
481.36982
521.20455
481.70102
521.21451
481.51551
481.64439
481.17318
481.1055
481.1032
481.82253
521.20669
481.44168
521.19343
481.11138
521.06708
480.87765
481.58046
481.14749
481.13322
521.26004
481.66686
481.46811
481.49067
521.10289
521.13941
481.25316
481.1723
481.35758
481.40279
521.11099
481.77947
481.09157
520.90882
481.42789
481.67841
482.39038
521.16617
521.15875
521.11129
481.82555
520.8464
481.25055
481.17843
521.23204
481.48753
481.46706
521.374
481.20117
521.18539
481.45346
481.41842
481.38116
481.29773
521.14488
521.18023
520.84441
481.77795
481.467
481.42877
481.58344
480.968
481.53633
481.2344
521.12857
481.73215
481.59887
521.17702
521.22445
481.34358
481.49346
521.16832
481.55216
521.0795
481.30757
521.28991
481.43052
481.43776
521.20471
481.38732
481.55936
481.52613
481.82228
481.33439
521.13522
481.65109
481.55884
481.36643
481.52792
481.46513
521.10324
481.46623
481.27278
481.40019
521.1474
481.38672
481.32232
481.17665
481.32821
521.14405
481.37959
481.49165
481.34409
481.64197
481.59112
521.18749
521.15106
520.84685
481.44715
521.08553
481.56469
481.61086
481.3724
481.43818
521.13426
481.52088
481.34909
521.14471
481.39433
481.2834
481.44292
481.35858
521.07699
481.67014
481.5132
481.32762
481.41791
481.21115
521.06641
481.77771
521.06494
481.37127
481.72968
481.72064
481.37792
481.20644
521.00644
481.42934
521.19102
481.14796
521.17378
481.29799
521.18741
521.0828
481.16164
481.22032
481.77872
521.08632
481.42806
521.15355
481.58267
521.13651
481.34359
480.99098
481.50221
520.90879
481.21302
481.63078
481.36956
481.33971
481.7787
521.00466
481.33003
481.39624
481.80119
481.36497
521.04897
521.06001
481.29648
481.60974
520.99766
481.34415
521.01875
481.68732
481.07029
521.06813
481.02791
481.85295
521.09754
521.07707
481.65211
521.06994
521.15662
520.85147
521.03351
481.14089
481.80718
481.46389
481.35168
521.089
481.7006
521.08869
480.99745
481.25452
481.67301
481.73135
521.1276
521.12124
481.89967
521.16041
521.12672
481.57542
481.1035
521.05521
521.10771
482.14332
481.27487
521.049
481.45152
521.03596
521.17815
520.94674
481.09813
481.18048
482.00807
521.07382
481.2261
481.91668
481.87606
481.22296
481.18677
481.94123
521.17084
480.87813
482.12675
481.66678
481.6931
521.14418
481.1505
521.16225
481.76524
481.71675
481.11442
481.73122
481.68889
480.84139
481.98978
521.18868
521.15039
521.18238
521.1976
481.68158
480.72413
521.09764
521.18325
521.22601
521.19577
481.65649
521.02541
481.13187
521.062
482.07882
480.79341
482.05719
521.17078
521.18211
521.11651
481.25763
481.72273
454.45193
521.06874
481.89406
481.28913
481.04573
480.94792
481.59538
481.80151
481.67987
481.16486
481.64346
481.09878
481.70575
481.96022
521.19249
521.06081
481.21663
481.28539
481.93429
521.1269
481.32567
521.13121
521.04135
521.0907
521.00693
480.86006
481.89372
480.94687
520.94219
481.91969
481.6199
482.10993
482.1347
520.95583
481.08045
481.16659
521.15022
481.65659
480.91242
480.97645
482.14656
520.96919
480.89551
481.10863
481.60959
481.11797
521.00482
481.15212
480.87241
521.15818
481.98343
481.92663
480.73181
520.94678
481.96879
520.99352
521.02055
480.58639
520.90369
480.62901
482.20421
482.30091
481.06753
480.9791
481.79714
521.09536
482.35901
521.02965
481.94502
482.48064
520.78579
480.76897
480.90455
480.5931
480.73494
482.65393
480.60869
482.64936
521.06267
482.26058
520.8945
521.01643
482.30875
480.57562
480.69553
482.54851
520.97883
482.42477
521.01267
482.37352
480.88272
521.00762
480.72009
481.89947
520.96975
480.55999
521.09796
482.31892
481.00171
482.21423
520.82701
480.88634
481.16175
520.92026
520.98522
482.70823
521.05727
480.46196
482.54256
480.3715
520.93183
482.36406
482.18161
482.1847
480.50419
482.75729
521.08405
482.31169
520.85742
482.41524
480.81788
521.22316
480.16287
481.87796
482.71894
521.14346
482.02165
521.10751
480.66679
482.21373
480.83117
482.04789
481.99742
481.00816
480.84452
520.9722
521.03307
480.79838
481.4355
481.25094
521.06351
521.05132
481.97864
520.99715
480.82691
520.99681
482.16895
521.2091
481.05845
482.08828
481.00829
520.96071
481.64143
481.14497
480.86675
480.43521
480.43687
482.84043
480.41386
482.83825
482.59645
520.93725
480.42931
482.86207
480.40139
482.69474
482.6501
520.92225
480.16941
480.19805
480.20898
480.18672
482.52379
480.24161
520.99354
482.55173
480.16678
480.16493
482.57249
482.50374
520.99587
520.9809
521.02628
520.99822
521.01284
520.99236
482.55593
482.76197
520.98421
480.30116
521.04975
482.72951
480.5233
482.7906
482.75725
480.48121
521.00152
480.29229
520.99205
482.4524
480.32379
482.39768
520.95247
480.33783
520.98194
482.46588
481.91209
481.82428
480.50285
482.52604
521.28442
480.96966
482.76514
480.5199
480.48005
482.35967
480.88259
520.98084
482.4033
480.278
480.46173
480.15425
482.65758
482.53891
482.8454
521.00716
480.38981
482.56438
482.89875
521.04297
521.07907
480.51711
480.22193
482.53888
482.84857
521.1776
480.132
480.12441
482.66273
482.70931
520.93296
480.14414
482.73111
482.61692
521.01376
520.99319
521.01236
521.0031
482.91996
482.61565
482.90643
480.31262
482.94934
480.27403
482.82753
482.76367
520.9036
480.11015
520.947
480.12831
520.88102
482.58346
482.56517
480.43045
482.6678
521.04867
480.02218
480.34522
480.0879
480.3494
482.8157
480.39041
520.95623
521.03838
521.12889
482.93883
480.38357
482.82245
521.06571
520.99192
520.99361
482.14599
479.99948
480.20752
520.96825
482.54011
521.01128
521.14536
521.00546
482.86438
521.03596
521.1164
482.6048
480.35603
482.80791
480.40954
521.10368
482.57915
480.04171
482.2245
520.9915
480.06093
482.30815
482.5485
479.94031
482.51891
479.98641
521.32552
521.25905
482.78635
521.01641
521.09962
521.00764
482.97453
521.07116
482.67235
482.661
482.75793
521.06986
479.98546
521.15994
521.11614
521.14266
479.98979
480.28934
521.07924
521.06118
482.74442
482.97129
479.97261
520.99621
482.8495
521.06076
480.27736
521.08412
479.99717
480.21477
520.97425
483.01738
480.47804
482.15594
482.03172
482.23254
480.68136
482.23345
521.00501
481.78041
482.04364
521.1106
480.80503
480.74606
482.16196
480.7223
482.20097
480.74527
482.17911
480.73316
481.04878
480.92486
521.09571
521.02714
482.17451
480.074
482.57935
480.59133
481.97397
520.89552
521.03136
482.36842
480.62863
480.44411
480.9895
480.18859
480.37915
480.47793
482.40065
520.87635
521.13833
480.78724
480.58442
482.31337
521.30271
480.69791
520.92558
480.581
482.25885
521.2231
480.52256
521.05419
482.09223
520.90078
480.70791
520.88127
480.16323
480.89113
482.61738
520.91948
480.54783
482.59077
482.13263
521.17807
521.01291
520.97238
521.02151
521.15518
480.53716
521.13465
482.82284
521.14063
480.49579
480.69101
482.4451
520.89755
480.67165
480.80556
482.34102
482.50518
482.8432
480.55937
482.0417
480.67051
480.64106
521.09152
520.96156
480.24942
480.85622
482.22318
520.98551
521.04981
480.51624
521.16143
482.20531
521.0457
482.2863
482.29228
521.12854
480.58141
482.03813
521.2409
481.99561
521.20753
480.59183
481.57847
480.8975
480.88857
482.02649
481.02887
481.7567
481.99766
521.15707
521.17217
480.82307
521.21694
480.71813
521.26061
480.57697
521.12801
521.24765
521.11871
482.21133
482.23004
480.7916
482.0773
521.1222
480.37731
482.14409
521.13869
479.00427
482.35435
521.16615
521.0492
521.20787
481.66654
482.16439
480.3265
521.25132
521.12247
480.47385
481.03629
480.53476
480.73291
482.09102
480.52416
521.24004
481.90283
482.2325
480.7081
480.50756
482.4069
521.12818
521.12036
480.68179
480.41168
482.70089
480.65361
482.11317
520.90609
521.23856
480.35035
482.8707
480.38836
521.09842
482.90873
521.18891
480.04645
482.5144
480.28824
521.05932
482.60121
521.14054
482.44043
482.58684
480.1593
482.53095
480.15742
521.12836
482.48461
480.45776
482.61219
521.02225
482.68034
521.21716
482.44919
521.14883
482.17482
482.31295
521.17183
521.15833
521.10481
521.17562
521.15769
521.17612
480.63701
520.99743
520.9685
521.01803
482.46724
482.62617
480.31412
480.05656
482.59586
482.63042
480.02459
480.28297
521.10064
482.84713
521.12396
482.95928
480.23404
480.1357
482.94345
521.10724
480.34858
521.0006
480.22705
480.18804
482.96763
520.9061
482.86716
482.69521
521.06297
520.99843
479.9804
482.66871
521.08003
480.24327
521.03231
521.17264
480.2935
482.57593
480.23156
482.98113
521.09597
479.97775
482.73138
479.90195
521.06695
482.65666
521.13574
521.12353
520.93282
480.21055
482.85049
483.00355
480.14296
482.85933
479.94062
482.71543
521.11399
480.16878
479.94077
480.22192
482.72891
520.97133
521.06426
520.99187
482.96334
479.93682
521.15956
482.68693
482.7474
479.91185
479.82909
482.89368
482.9406
480.14659
521.13949
521.1192
521.04641
521.15248
480.27124
480.23658
480.17537
482.98295
521.16126
521.11995
521.1026
482.85657
521.15778
521.12022
480.18172
479.9436
482.65182
479.97754
483.02556
521.01549
480.18738
521.06487
479.8869
482.66283
521.21962
479.81357
482.69407
521.21806
480.09133
482.63476
479.81403
480.18897
521.10804
521.06699
482.96661
521.15363
520.99788
521.08198
480.08192
483.02671
482.93452
479.83803
480.25539
521.12116
521.11055
482.65341
482.74804
479.87081
482.68587
521.16713
482.90591
482.75054
521.12735
521.17934
482.2322
479.9659
521.14619
483.05147
521.10621
521.14632
482.95207
521.1229
521.17902
521.21443
482.66738
479.77536
521.14104
479.75519
483.05141
479.9379
521.01868
482.73944
482.84017
521.10155
480.19319
489.77138
479.78576
521.19975
483.02163
520.4027
479.9429
479.78779
521.04684
483.13793
521.19818
477.21685
521.27638
483.62461
480.20299
477.17893
479.94052
480.16074
521.21818
520.54771
520.596
479.8498
518.22724
521.06472
483.04407
483.35759
480.0287
521.19263
480.04827
521.11903
479.87357
521.0996
483.1697
480.12078
482.92187
480.14988
483.01457
480.32592
521.16921
517.91113
482.73112
521.07268
520.73779
483.0292
521.34053
482.97808
482.60885
482.55308
482.74554
521.18447
521.15808
480.38712
482.65089
480.39375
521.21139
479.97745
520.47039
480.2817
521.12985
482.76399
480.20664
521.30288
482.97532
482.92197
482.77795
480.25195
478.55576
482.5792
480.50524
521.0672
480.06645
521.18566
482.28601
488.47409
521.11104
480.51765
520.52748
521.46436
482.04927
521.49019
521.20006
521.18982
521.38158
482.47262
521.27822
521.16885
480.55776
482.27912
521.33725
480.95055
480.16355
480.40595
482.75666
480.18985
521.29251
480.49397
482.24965
480.32264
482.41728
482.43302
482.25511
479.88732
482.22939
480.37124
482.22618
480.37562
480.32224
480.53687
521.19508
480.42582
481.993
481.89335
480.76589
481.9618
480.65085
521.19784
480.60497
521.25259
482.14438
482.28996
480.45779
521.15345
482.49183
482.05454
482.4077
521.14495
480.25679
521.14952
482.22069
480.69373
482.52166
480.18614
521.24594
482.33613
521.18975
521.26098
480.49487
520.99673
521.06568
482.92485
482.7755
521.12734
481.96991
480.42105
480.29617
482.66578
482.34202
521.21928
479.87884
521.07553
482.84509
482.73467
479.91088
482.40526
521.01346
518.55653
489.13523
487.18193
482.76611
480.36831
519.24867
477.90392
521.01577
482.67239
486.607
478.72349
482.69348
482.13967
480.06283
491.1042
478.34028
481.77968
476.67707
482.88212
489.65028
519.85108
475.29785
484.05577
518.7568
489.42917
481.53209
518.42033
475.88909
481.46055
517.84813
483.28264
480.48961
482.7194
480.0624
480.37597
485.59467
518.6043
477.53355
480.3514
521.08743
518.0944
518.53586
476.70475
483.01204
524.16569
486.86085
476.84735
480.70817
480.81741
518.651
487.49808
479.72258
518.14575
518.76452
484.85064
480.07907
477.22326
518.17451
486.22628
483.74959
480.07909
480.73806
519.33412
481.82516
481.87928
480.51706
480.25441
480.21962
485.58999
488.21155
518.26631
483.25808
482.98861
482.17699
480.80376
487.61787
518.60775
518.93391
479.84567
476.63706
482.52279
481.74591
524.91331
489.84548
518.80751
520.99917
479.03634
518.33272
485.30824
479.50842
518.1862
483.41309
484.61162
514.55962
488.32063
518.95336
521.01975
482.44481
482.96333
524.34942
482.95472
518.90819
477.18539
490.70951
518.2723
482.1013
483.91346
476.86147
485.82713
518.11109
506.00545
525.41459
517.49796
482.21561
518.00867
518.48544
481.13373
519.42295
482.62413
482.93203
481.65647
521.00415
484.62031
476.85324
480.13617
514.05598
481.88535
518.23957
480.82767
488.61831
518.61843
482.56587
517.90625
480.98282
518.01812
482.27239
482.17135
480.48822
483.74292
480.34189
481.60498
478.4497
479.97192
480.84838
521.01488
482.08652
517.97278
486.87833
476.56421
489.76366
517.63903
477.8554
482.70402
518.60287
476.09717
481.2727
480.64631
483.37178
518.14387
481.90124
483.03489
481.2382
483.914
479.14697
525.61669
518.93888
481.09886
481.44384
485.70712
519.26957
477.45125
433.79338
448.60285
503.88374
432.98373
519.09989
487.74486
518.36757
520.17258
489.40966
482.22329
518.60875
482.08216
477.00353
488.81738
480.7991
479.95523
478.5981
520.50978
481.31756
513.1224
486.43489
480.23062
487.24544
482.47868
515.30426
517.62575
483.53934
482.50726
516.21605
517.93408
484.39418
481.99048
484.07245
488.14641
486.19169
482.47804
484.06589
524.48209
485.11862
524.96046
489.93452
520.09895
479.31751
470.02391
521.00428
481.41222
484.28929
481.60781
519.38161
481.44814
506.36115
478.29119
513.1645
482.39147
480.68721
487.79121
438.26202
441.91514
436.8314
497.80474
445.62581
504.27201
436.24139
454.7313
433.55062
449.89705
520.32799
501.98431
442.74196
439.79658
434.23925
436.48346
466.42942
444.59968
504.19439
503.01819
503.84315
506.92404
482.25642
521.02927
482.4384
480.46674
482.07048
480.77816
431.90124
439.71823
481.63282
486.99634
485.90242
443.30062
505.30529
488.05516
518.21642
517.46624
521.10381
511.52768
481.50899
521.07091
480.65838
520.9885
498.35259
481.32681
483.6093
479.41864
503.96064
438.37063
444.12377
431.65212
438.10214
445.86113
505.60094
480.51351
444.30205
433.1108
484.27835
480.13055
480.08504
430.48258
480.3875
429.79712
443.87929
481.15121
440.04327
450.47109
435.637
440.34455
436.81347
445.16524
501.34876
505.11709
431.65871
504.0726
519.22879
435.58318
438.78182
521.07933
506.87828
482.0213
481.96801
478.09562
515.8323
480.98082
520.97333
480.5523
457.33331
481.06177
521.13758
449.84097
491.77564
487.51571
512.21484
502.93641
479.08407
483.10816
478.73693
480.83062
475.78252
518.26262
517.97167
482.78944
515.55816
476.75073
520.8902
487.77067
518.80977
519.33959
481.27391
489.74883
480.8681
479.64267
520.47322
518.4491
482.00859
436.47995
483.49409
485.61091
520.93578
488.3058
477.54483
483.5729
517.90786
481.53404
482.19913
483.68888
481.54773
479.81488
517.75797
429.40755
517.90285
485.98271
483.58642
525.86204
435.09352
482.8741
486.11826
520.05218
517.71649
519.63069
479.73188
484.23673
480.57679
527.22005
483.61203
480.48702
480.73986
490.46243
520.06195
484.7349
518.34191
480.79107
518.30695
486.91095
482.314
482.28834
477.17123
481.26171
521.16092
476.35637
489.32465
519.48719
474.78364
482.82176
479.53861
481.4923
454.0309
519.14782
451.10832
487.05215
517.70048
481.1277
520.38919
481.33579
477.52325
487.71318
481.85121
481.09213
475.47485
480.33686
480.91092
480.79349
526.06619
521.14302
518.2166
483.11664
485.29938
517.78452
480.54689
518.25452
480.62773
483.43989
480.38034
517.77292
487.12325
482.48529
477.58471
480.58734
485.31713
481.31674
517.95081
480.26183
517.81892
517.74709
480.43404
483.13902
486.76972
480.5961
524.18414
476.68238
520.92925
477.52182
477.50115
477.47716
514.54557
489.78046
521.57859
439.58765
485.63615
477.83903
518.42384
485.61055
518.49489
517.86384
489.10083
517.96259
520.50399
476.84556
480.9226
521.0923
521.14124
518.2792
482.76472
489.63099
486.67165
482.7623
486.33242
524.95234
518.19078
517.72406
521.19488
482.38079
481.08363
521.30597
521.16146
524.05723
485.83238
476.88983
486.33403
480.51242
482.41575
481.38805
480.43349
517.90168
483.28625
518.09243
480.7129
483.27369
482.43035
480.59687
482.20321
523.09214
482.44056
483.34866
518.18104
480.42908
479.522
488.84103
477.13028
488.7402
476.08648
521.12601
482.07991
480.19907
520.98223
484.07706
518.56034
480.80028
518.17867
480.93451
482.66608
518.51728
476.79045
480.35013
518.04653
478.71235
517.90026
480.52428
481.15951
485.40448
479.16885
485.30214
476.94818
480.74802
476.40781
480.57742
521.02773
517.71855
480.50815
479.61228
479.90807
481.95645
517.82566
481.3401
482.54251
476.82401
525.00816
482.90279
480.97438
480.67599
482.43997
518.65812
486.99147
476.58751
486.79284
518.3665
525.82521
485.96246
483.30552
480.34783
479.85425
476.61729
487.7198
518.4393
481.01805
480.44508
517.71691
485.72772
480.44921
482.43088
518.37137
518.5373
483.22462
482.88464
518.59492
518.56484
524.96116
517.96024
482.95682
489.29321
481.50158
518.06377
481.79345
517.94852
476.88301
480.85854
524.96932
485.81284
517.78407
526.08778
482.71074
517.87518
482.88669
480.66913
518.08235
485.85353
480.53692
482.76068
480.27128
480.67738
521.22841
517.86905
482.07285
518.95142
480.16355
481.78368
480.84941
482.61056
480.54486
518.02796
482.79124
479.84349
480.29813
483.80262
486.93738
480.22924
485.50735
488.68887
483.89138
521.12051
517.94209
518.00004
514.62595
483.9932
482.00712
521.36932
518.77303
517.97347
518.23072
481.14017
517.84217
483.29437
522.83345
485.36109
484.36384
484.87012
482.2716
485.36609
479.29465
480.06369
481.9525
520.62575
489.61013
518.33511
517.84611
518.61957
477.35329
518.70947
525.03451
482.23592
481.74504
486.97764
480.36189
482.0663
483.69214
517.70858
477.53245
484.16693
484.35502
517.68091
483.09901
482.71492
517.85933
480.31298
480.86917
482.81804
517.72617
481.84747
484.07844
517.89347
489.59403
478.88523
487.95211
517.8098
482.06684
485.02693
476.68758
518.88632
517.91939
480.09502
481.47153
482.54866
479.19713
480.99438
486.61113
506.04236
520.77818
518.52297
487.35712
487.75207
477.34206
485.02136
476.82322
481.91167
482.24761
517.87344
514.48101
484.68598
483.18276
517.93769
480.60749
476.84189
487.90625
481.09919
476.8792
482.1238
518.51558
491.01821
480.11193
520.30581
485.70687
479.88195
480.14556
482.35129
481.11211
480.74155
476.82058
482.87039
521.12311
520.98727
482.9895
488.06977
487.57668
488.3557
476.73339
481.89111
487.573
518.31005
517.70664
481.66323
517.97321
481.97257
518.25902
517.7915
476.38026
481.7927
484.63665
518.00206
487.24717
482.02937
479.99591
482.82686
481.12478
517.75318
486.78412
476.7798
517.8543
477.89128
485.07593
476.66926
524.9945
477.57157
476.74281
482.88498
480.69804
517.81207
481.41215
488.2285
482.88163
482.89948
521.16462
483.24534
485.64377
518.48471
476.7261
481.02938
521.07465
481.02561
482.84078
480.01851
518.18521
481.43324
518.10815
482.50207
525.0168
517.89963
480.99121
482.98889
479.88264
518.30691
481.53028
517.72818
481.02176
481.40238
518.57809
480.02247
488.77881
479.9845
483.14004
481.51037
485.44247
477.58739
476.66333
481.16902
517.97223
483.33107
517.7044
482.53686
483.67158
482.59831
518.78974
480.54675
481.76317
518.56845
479.35558
480.10889
488.59766
481.87139
481.60061
480.20231
484.75613
479.20359
438.84478
488.63999
482.19303
518.52764
483.13048
482.70124
484.94629
517.84304
518.21189
482.94413
482.37722
479.93669
477.44581
480.73337
517.74244
521.13543
482.59329
521.0996
525.79163
481.57497
517.89622
487.05036
488.15752
480.7519
487.31714
521.05546
518.79284
485.18161
485.30571
483.28553
484.0309
484.95518
517.71498
488.41143
518.35078
481.3725
525.87343
518.23268
485.73384
482.26113
481.64331
518.80401
483.02564
476.58709
518.66163
479.73271
481.91959
482.09057
481.03244
519.90583
484.18415
480.67225
518.62266
487.90545
477.06072
481.03365
481.91211
479.75946
486.99337
481.50346
521.0911
477.33454
479.304
484.75231
518.73716
517.558
487.6246
524.163
488.23289
489.62416
484.67139
477.60477
489.82897
482.93422
483.88584
497.74961
480.74147
487.81137
487.28328
518.79646
479.14637
489.98788
481.06564
518.48794
481.20874
525.76285
518.50929
486.97254
518.58081
483.46228
477.51158
483.74929
482.28858
517.77951
518.02258
482.38037
481.54502
488.5287
524.10042
487.62018
517.87402
481.44236
482.65191
481.32874
482.75282
476.99032
517.20186
488.41736
525.54887
476.86147
483.51474
481.57759
521.14342
483.06559
478.04436
520.13834
482.83941
517.73367
481.21285
476.67984
486.96015
514.19152
484.47128
480.42362
517.82643
485.66381
517.85443
486.11869
518.19579
517.62577
485.31206
518.1442
481.89222
480.88892
488.31027
480.69272
476.59489
484.147
516.83259
482.27034
482.81098
520.65722
518.58739
479.44947
482.67542
480.05293
480.03362
480.44154
476.69272
521.38868
485.20405
518.1244
482.45321
482.63015
476.87361
517.85099
480.98518
486.61383
518.37978
482.96582
479.54176
517.71825
518.24261
482.62506
488.40988
479.93578
483.00372
482.90356
481.67516
483.29642
480.52488
480.9736
518.31064
480.25255
481.05354
521.17481
489.53533
491.32145
517.75258
486.0731
483.16034
479.08548
480.61158
482.36517
479.83519
486.25907
481.33473
486.17557
483.52476
476.10218
480.83608
475.14328
484.98354
476.23963
517.42831
521.04107
517.7341
482.61095
482.23687
517.70953
517.91517
489.77382
481.78975
485.47212
489.65138
517.86232
480.88455
482.04724
483.03903
518.54989
481.06827
482.86769
479.84366
518.07747
518.19301
478.03193
478.25199
482.86194
489.47981
528.99175
476.75841
519.6803
481.20809
519.9429
480.6934
519.97191
477.22533
479.52769
478.78062
483.75849
480.5783
452.05914
453.68706
518.14097
482.16223
447.47821
503.99971
480.22071
518.90552
504.89562
510.18259
520.88659
521.59954
519.02976
482.12628
520.65042
483.47995
482.85314
480.30563
482.6231
505.41944
482.6362
483.68156
480.5859
520.65563
482.79967
482.70129
483.71938
483.79276
518.69138
484.66695
480.42501
480.50054
516.75038
483.33093
481.6459
521.95105
520.03426
520.88975
480.55498
480.7754
486.26327
521.95331
480.33796
476.12924
480.4224
519.10922
482.31597
478.57088
476.75641
483.55083
480.72579
481.57426
521.33933
482.06672
520.91593
479.636
480.01096
477.97058
481.25565
520.98892
519.51866
481.24929
479.23518
480.18597
480.49754
484.08144
519.61125
477.05588
483.83788
479.50509
484.71885
479.33844
482.8398
482.57905
519.69409
481.50525
527.44927
524.0261
479.31533
518.45669
482.67864
517.42879
483.29802
510.42699
484.08187
482.75509
517.80016
482.62313
517.42388
482.80319
510.30783
477.33765
479.63342
522.20299
478.29593
519.36944
446.63585
482.03992
448.45552
446.44623
482.07318
504.22912
447.90814
510.5995
482.64805
510.22634
479.71261
521.77291
478.341
449.92245
518.36032
504.89524
453.37857
479.70591
476.98883
505.06308
520.70476
505.55521
481.40434
480.74202
491.05403
488.72061
519.23409
478.17669
521.03728
482.14222
475.48263
479.19842
521.21379
524.87697
503.84144
523.12996
479.77258
481.03099
483.43723
481.21736
523.38576
521.64073
481.92302
483.60426
480.07417
443.95361
520.89506
479.77218
517.12953
489.42925
518.97998
523.2009
518.5048
476.27211
519.07032
479.31019
481.2793
525.09282
477.0807
485.41254
483.47671
483.32347
483.29595
519.84614
475.47793
524.41038
519.05371
489.3832
481.86692
520.50283
524.35811
475.93912
483.59893
480.21993
520.33454
480.43849
479.73753
520.56655
480.90403
478.93317
483.06573
478.99813
484.01552
478.73877
523.35403
478.56393
518.72098
478.90857
478.71812
482.80594
482.94323
520.32937
522.47624
477.91145
519.79551
479.61035
521.57906
490.22289
479.11194
519.5158
483.27128
480.67429
505.1588
506.18929
510.56659
447.17572
444.40742
449.42346
520.0689
521.56064
486.50191
481.39227
519.30809
519.0198
517.64878
482.0887
482.48037
478.49975
479.06265
477.86085
483.06987
518.5717
520.61643
480.79661
482.09111
519.89074
456.13798
522.85933
489.90677
523.12675
517.91985
489.836
481.80744
481.34929
479.62466
485.88154
483.60988
518.91961
482.02747
520.04881
482.12057
477.93942
480.95385
481.65327
483.05591
478.3913
479.9071
487.99407
478.12246
481.08366
481.50533
518.94657
521.58117
521.60262
523.22175
522.12941
482.30303
482.48887
527.30859
519.91639
481.45025
518.44686
517.50848
482.48246
521.93352
522.29466
521.64722
482.52561
522.15119
479.90418
480.71052
481.01563
483.30129
479.86971
479.99204
521.44232
481.67436
476.25027
485.78116
477.72819
476.81832
482.69675
490.7759
480.28696
488.39566
519.84502
510.57194
479.51958
520.80467
489.32567
520.54913
473.76243
482.51053
458.95582
460.49193
482.46405
505.16671
439.1614
481.39667
461.83275
455.44178
525.40713
477.19305
518.00114
481.99813
483.10327
481.86591
523.51189
518.48002
503.78224
480.37329
481.74318
480.33349
521.13733
483.34591
521.75767
520.51675
482.37519
480.3802
482.73493
516.50644
509.6901
482.10912
485.39873
507.07757
484.78196
451.59155
503.32286
451.54062
436.26208
450.62992
437.75265
425.96533
505.35358
481.57069
480.91831
480.94319
482.92091
458.9784
482.54859
505.30479
518.57036
451.28042
450.18415
504.28485
482.417
516.42081
449.5323
424.56387
459.53427
516.41276
484.49977
518.41973
437.60003
505.59426
484.12886
484.30284
515.02153
509.78535
514.79751
505.83671
486.92162
505.03821
453.26432
479.47289
510.08626
453.22876
455.80228
481.57778
522.67578
478.90183
510.25048
452.78663
522.14979
481.16938
521.63029
477.9786
518.63118
509.97596
455.91326
482.93683
517.08637
482.46563
477.19003
483.01096
482.3178
477.88769
479.97861
519.40861
488.12602
455.75653
482.11218
526.55752
520.91148
451.92456
480.38638
505.52398
485.05344
505.54387
483.7229
449.6237
505.09259
491.52761
451.04094
516.64329
455.6501
517.46854
483.61999
481.32066
518.45591
477.86957
455.03224
454.06442
518.21805
516.89681
509.90094
483.10569
455.54891
483.86348
477.01007
516.92661
480.53199
509.90068
481.79668
487.94237
482.97208
476.44299
480.88801
517.47177
520.05969
477.38279
491.08967
481.06694
510.19216
483.58893
521.95946
455.46654
517.80029
478.72055
521.24205
453.04085
520.25374
479.14025
523.07005
476.884
507.47645
473.67397
480.84399
480.53591
482.23863
518.31651
484.207
476.24037
520.8583
517.7935
520.12349
452.70502
483.67234
479.6466
482.6771
481.38632
519.86115
481.50237
490.98679
473.88495
520.88442
484.00541
516.25928
480.04581
526.02362
481.71727
488.94681
520.50781
489.9559
527.67819
485.48553
518.51444
483.53029
483.50318
523.84271
488.46985
519.49339
482.6226
482.18149
481.39173
517.30932
517.8794
428.57179
487.01297
525.60011
521.01958
480.37541
521.43515
481.87074
434.03286
480.47551
506.78328
485.69875
507.19142
449.59359
519.65475
482.31044
479.67452
483.12314
480.49727
482.92409
504.25149
483.70982
478.03503
477.85233
477.26985
483.08084
479.80141
474.37039
479.29128
483.58601
501.63397
526.91509
480.61369
484.86771
511.04739
510.42391
469.54865
429.17272
519.69947
477.14863
477.80791
480.61858
482.19739
516.7305
473.23548
524.91557
519.09882
521.44663
479.93318
523.17734
519.08246
480.02886
479.63096
504.81749
480.57472
521.84798
476.87262
523.74446
482.19665
520.91681
480.1762
524.22261
480.87738
478.73175
481.38538
521.88121
482.02876
481.58036
521.48809
479.81066
523.24507
480.41545
479.29476
477.86598
475.21379
524.20018
525.5394
480.64916
489.29986
478.1897
518.63495
521.41347
518.11524
479.35728
490.19925
520.01102
481.63495
480.89077
524.17829
520.75844
477.39999
481.27522
483.24104
477.1061
523.76088
505.8686
521.94493
477.05699
480.18377
519.15455
486.22626
504.85774
479.52127
480.23774
480.8007
481.00993
479.53347
521.56336
522.5156
481.71536
520.84338
482.39674
479.77774
482.08459
480.97048
480.04673
479.14604
522.94333
480.00392
482.38915
482.74396
477.13404
482.25077
481.14782
521.75641
481.34945
486.12091
489.38962
520.86883
521.12246
476.99117
480.61669
521.64551
480.48571
480.87151
477.78038
478.76829
481.56179
488.4727
481.11857
521.0778
519.86963
482.34291
477.16581
490.17517
521.04962
479.65769
522.93908
489.93866
483.01554
482.61055
477.48
475.71588
481.70415
521.30122
483.28968
482.4693
476.3489
480.70494
521.13011
522.22765
478.82656
521.26234
479.33165
478.59786
482.99058
482.50108
521.1181
481.67035
521.50564
522.32691
488.11962
482.23648
481.61941
482.18202
481.38363
481.14696
479.03255
480.70747
522.4418
517.79227
480.46673
479.83854
479.94755
478.72275
479.6183
482.06066
478.7164
521.62331
479.35255
478.59932
480.74977
482.95406
482.3647
480.31711
480.3277
521.64064
479.00239
522.86008
480.62157
482.69949
481.8266
481.66401
478.56374
481.36992
521.43272
521.76461
480.30316
480.70089
479.61107
521.66714
478.28873
482.99782
481.12919
523.8962
481.79435
477.09685
481.45282
524.47156
486.26565
523.02049
482.34726
483.06095
518.68527
481.03542
523.03802
484.31601
477.48393
481.80643
527.48979
521.7349
521.77157
481.22867
518.58976
521.63857
481.01536
482.35545
480.72918
480.55366
522.96226
477.49772
481.80866
477.41181
482.76129
486.19969
487.61619
482.93409
476.92478
524.36225
477.39823
482.13222
518.28336
480.05386
488.11373
478.044
482.68805
482.61919
480.64515
518.87934
481.78143
523.95921
477.0972
518.21706
482.51593
518.32137
480.09007
525.36378
480.67392
480.62023
517.44847
475.71242
517.48183
473.326
523.05177
482.25712
482.7702
523.35994
479.23196
485.72295
517.221
482.62056
523.24718
486.90697
485.89448
481.18847
477.59115
522.14209
486.2703
486.0071
480.95293
485.3341
521.11183
481.09149
482.97476
523.52647
487.20377
476.67202
520.65289
479.27124
479.01651
521.03103
520.65125
523.1946
520.85555
481.15448
480.11212
522.15153
479.62334
480.1606
477.66212
524.17008
481.2177
518.19763
482.08837
481.35329
522.19726
486.37289
481.84543
519.53353
481.25665
520.76014
481.6098
477.50107
481.91742
486.86876
478.07188
480.40557
519.1857
482.6711
481.27184
478.74887
490.68113
521.30736
482.34179
483.03673
483.21765
482.43034
482.52891
480.95355
487.2523
482.23125
480.5792
482.80959
480.7426
518.87797
522.35219
477.33132
481.90657
479.91023
482.50736
482.64425
482.36615
519.6391
484.25173
481.54608
480.84139
481.58675
481.0865
522.70518
480.82399
481.12284
482.0779
483.77068
479.39558
482.76645
480.70976
520.13494
481.83834
524.80277
479.5716
478.54587
520.211
480.28564
481.38432
480.78045
521.06595
517.64275
480.8961
476.07381
480.97181
521.95487
520.63746
521.44817
484.51288
521.43839
511.04546
482.01042
478.31785
524.43991
520.25577
441.08604
521.55689
445.95466
516.5775
442.43393
423.04067
434.58692
516.80049
503.72306
481.35833
481.25208
481.94219
523.08923
525.9436
477.39905
505.16175
504.31673
504.3395
485.9056
443.41685
481.12596
438.14655
440.40951
439.58201
516.45922
481.26009
489.1444
478.88027
476.95936
524.53551
471.96131
482.21285
503.76267
480.01503
504.99446
481.45359
521.19581
449.72934
520.02329
483.86691
517.9932
483.20124
519.9357
484.2562
482.13273
478.17758
510.71882
496.28201
483.5885
438.8948
521.03821
503.94908
445.76354
480.5397
480.3368
481.9431
525.77258
450.90006
483.0322
490.57263
463.94197
520.81791
445.9733
455.46303
480.18073
490.39402
463.66897
479.33437
480.66859
481.06355
523.6366
480.76342
522.28726
472.9754
520.58868
510.15577
522.14901
480.35502
481.24371
519.92156
506.36768
478.72406
522.77539
458.61505
503.84692
477.42782
518.05192
506.58744
505.40061
480.8188
479.67641
483.7625
481.45079
506.87065
528.25512
482.31272
521.78208
480.39563
483.12664
480.81932
480.44233
481.60052
480.92046
519.55663
486.48616
475.93208
518.37698
481.52354
518.69809
480.73996
523.07357
518.64005
485.5425
483.19689
526.46938
482.2759
482.1768
478.93036
518.21104
488.82312
524.41256
480.86815
516.21613
481.98882
519.54284
488.52984
480.01008
522.22577
484.08955
480.58249
520.32521
457.10517
520.38531
481.77992
518.93618
480.96691
505.21523
519.10226
482.34534
479.73714
480.10483
479.65806
476.62682
481.06134
477.51318
480.84479
480.81367
481.9972
482.78983
519.98067
477.86572
519.81601
477.07416
477.61085
483.3607
520.55493
483.01816
483.04143
479.20202
480.06521
521.41619
479.75272
504.79068
506.02274
483.3022
451.43079
522.75302
483.15174
456.57161
452.95944
505.47801
449.28108
452.78301
480.2901
524.94115
481.64075
481.69348
480.97509
482.85157
454.48856
480.33451
520.05655
481.26405
477.97008
482.6262
525.28479
505.42143
482.08783
481.93491
476.58828
449.78475
519.15228
481.11992
481.27347
485.43115
520.72539
483.11362
480.07185
518.37465
510.05847
520.64678
521.37687
482.47646
477.27566
481.56025
481.86901
481.27449
481.22736
522.13098
479.20929
480.79838
481.32942
480.78415
481.09509
482.38145
483.18608
520.55768
482.08614
480.54195
483.73557
522.51928
472.13265
481.60035
480.74417
478.73942
522.87472
480.32708
521.59918
521.14737
480.68562
521.06653
480.56391
489.37478
480.65756
521.02797
517.35198
520.85483
521.01849
480.59458
480.76644
482.4955
521.17217
520.96726
482.05811
482.15776
520.73097
482.61796
482.50977
480.74383
521.07401
480.39049
482.13186
521.14852
481.73249
480.4862
481.98772
480.9533
481.5019
521.00439
519.9765
481.65557
482.21568
483.42072
481.88384
482.29607
481.18031
520.72801
521.82069
480.6761
481.2843
521.12626
521.0566
480.47568
482.01922
481.7679
480.92225
480.83877
521.15938
521.17126
482.4617
521.10274
482.02024
521.05401
521.02044
521.08679
482.40924
481.22775
480.72125
521.38013
482.17603
482.13416
482.50189
521.11039
521.06827
521.11412
482.51474
521.19395
521.23125
480.34215
480.34626
482.08672
521.22903
521.1189
480.6573
482.28653
480.6391
480.73731
521.25294
521.18624
480.65427
521.05709
482.48101
480.29439
482.2933
481.97079
482.27165
482.59731
482.19443
480.39006
521.1665
482.24845
521.12881
480.67032
482.28341
521.11568
521.11898
520.08192
480.90793
481.00671
524.23364
521.09809
520.99937
524.28155
521.10973
521.62378
521.00137
480.70413
521.31398
482.72608
480.25471
480.64579
481.14587
523.19575
520.0278
478.28965
520.03798
479.09406
477.67906
521.20907
482.3986
477.03349
477.62317
487.87904
477.98436
523.68217
485.16573
523.24055
523.31507
489.93783
521.01698
483.42325
474.74612
521.85029
520.88321
477.2939
485.31258
520.88524
480.41577
521.91216
524.90854
481.9666
520.99549
519.61661
479.07204
478.42807
520.79085
486.20672
488.40757
520.46848
489.42376
521.03492
476.40024
482.03136
482.75805
485.35677
474.88634
481.38121
480.52556
520.86337
484.82958
481.73436
475.78991
519.32485
520.98729
474.26006
486.9261
481.57812
484.12033
479.01855
519.42149
520.157
482.85582
482.79354
482.16854
521.10503
519.38044
519.66532
486.40878
481.89673
479.78042
479.77578
486.95138
519.82454
487.67554
480.66019
481.85597
519.59596
480.7368
488.35693
487.27551
483.00279
479.04328
482.49804
521.08869
478.99749
521.05172
521.15768
480.66022
480.31318
481.67034
524.48868
477.13918
525.83099
478.34099
521.80295
520.01423
477.30331
521.45552
521.06843
521.34974
519.99568
520.3246
481.26964
481.58719
479.97774
522.48015
527.46138
522.98149
477.99729
487.1185
484.95605
483.09344
472.8979
521.07297
481.98301
519.608
520.41671
482.62522
520.84253
523.35401
520.6926
483.55133
483.19312
485.50816
475.60882
518.84162
481.20649
480.38407
483.39551
477.81288
480.56378
482.35751
474.01404
489.55332
520.10574
484.03394
483.42581
519.45672
480.38913
485.99236
485.80443
485.18715
474.2063
474.72564
526.87206
482.63045
520.06957
478.92397
478.41445
477.87312
481.31867
483.885
482.17489
519.68684
520.13706
482.52757
482.28756
482.06239
481.35708
479.04672
519.57846
488.75441
481.58283
475.82434
490.4035
519.46284
479.60203
481.60529
486.21619
481.74419
480.07587
521.58438
480.15056
481.59135
480.03045
477.01053
479.07671
478.36458
477.88673
522.82147
523.1776
482.3333
479.04411
523.55353
479.17151
479.5377
485.10182
479.07871
482.54253
481.45371
479.56904
484.89974
482.28612
483.96702
482.18661
477.45641
521.53227
480.55159
478.20684
521.22901
478.99248
525.47808
520.47427
487.6406
483.63418
521.23086
487.3062
480.74922
482.32856
480.83275
480.31642
481.98633
480.80597
482.57738
482.12394
521.31854
480.91577
482.23354
480.47337
521.27301
477.78101
481.87899
521.2958
480.55372
481.77814
480.4504
521.30156
480.68987
482.30897
521.38341
481.85746
482.21737
521.27314
479.02168
521.34412
521.30325
480.56094
480.43062
521.20626
482.34344
521.26233
480.77827
523.40597
482.44257
480.69099
521.20901
521.18822
482.28353
521.27448
487.09501
482.41961
481.99579
521.13233
521.18622
482.36817
482.21575
523.37051
482.5093
480.91206
480.59822
521.25453
481.88317
482.13274
482.33859
481.29445
480.44776
480.00515
521.44932
481.43618
520.87946
480.86493
481.78658
481.80625
481.90095
480.83812
480.62286
521.27025
480.79994
481.79549
479.81468
482.00901
479.10792
522.29345
521.68774
521.2546
521.42392
521.68083
480.64803
481.49643
481.17395
521.8389
480.87627
482.02144
521.20832
481.70594
480.78183
481.57092
480.64769
481.55018
480.89272
521.30118
523.03163
481.81688
480.9032
478.27
479.91451
522.12872
485.63794
521.99461
488.25559
482.61907
521.47103
519.50462
517.40665
489.07921
472.78798
481.83213
482.67433
521.21928
522.78638
482.6104
482.17527
480.55022
521.20448
483.6888
520.82338
481.47042
481.9593
522.27899
522.72589
481.80143
477.88852
523.07794
521.34306
479.24721
481.50211
480.88571
478.58727
523.04844
521.25936
480.49493
481.83121
488.13365
523.05978
481.41817
479.46609
470.4391
481.2664
521.63077
479.69563
480.86909
481.00291
521.22112
520.93626
525.10114
480.16867
521.10397
481.74636
482.54641
519.16609
486.59828
472.43171
488.93388
517.64135
520.49052
512.23319
480.76893
482.29698
523.3623
482.18873
477.96108
481.18284
477.89418
505.33027
480.65492
481.4977
481.19178
522.88233
516.1288
520.17871
478.61533
481.25215
521.38799
484.15623
484.85815
444.38142
445.20816
521.35948
447.16734
440.60225
490.908
478.65734
510.74359
455.81608
519.14472
452.09127
510.68368
479.30141
518.76846
504.91944
482.1265
518.40428
489.33049
478.04239
480.97823
519.39164
483.02776
479.78446
521.26392
519.16162
481.80793
479.91521
480.41114
486.61694
524.37286
519.76192
524.90343
521.316
486.45287
479.35804
521.35264
481.73385
481.52217
488.78282
476.68692
474.49007
522.26461
485.73667
481.93854
519.98602
480.04089
482.36679
480.62906
523.22613
480.08156
481.31788
482.86162
480.79896
476.68253
483.02271
522.52951
521.26357
480.00766
520.48654
481.93382
479.86097
481.06013
520.88376
522.18607
522.3053
480.86014
479.13447
480.44762
520.7018
489.70551
487.97642
510.23412
483.57841
517.87718
509.79838
505.97339
481.21273
479.6643
520.57328
522.82662
482.02295
482.34193
523.53066
516.91622
519.82504
519.14702
519.54634
505.54904
484.05889
459.01099
503.26153
452.73453
460.0152
522.45755
481.39753
452.51636
482.56742
484.17593
459.65308
482.7841
465.2823
458.33213
479.22916
520.54548
521.67724
480.26625
454.37686
506.44142
482.2331
481.80422
478.86557
521.98899
458.32444
506.73956
517.27956
484.29363
481.19186
475.68767
489.48534
482.8531
450.79207
505.48398
522.6199
506.24742
482.87495
480.16423
479.75406
505.65707
482.07526
522.25956
482.91768
510.30403
474.10873
519.78147
484.3343
520.27872
521.33398
480.86995
481.28381
481.02262
517.45533
481.2717
481.62462
481.91223
481.56147
481.8704
515.74284
481.16036
481.10037
481.58095
489.25636
519.34776
480.66315
520.42057
481.38496
518.25032
477.4357
481.323
521.28855
481.42598
480.98484
483.24064
522.88367
480.74835
478.853
522.6078
479.68625
481.92336
519.77896
520.22573
489.71479
487.84545
476.88529
479.15523
480.18916
479.71696
481.06474
519.8247
476.22131
481.72778
482.98747
478.25401
477.30631
481.95809
477.87432
510.21582
520.60153
480.82351
448.17632
483.30619
517.63894
484.60072
519.46382
487.55584
521.18098
481.13158
479.24759
522.67853
480.84645
478.99848
520.30731
519.60646
480.70293
480.38472
479.16145
520.76796
482.09077
483.59137
522.07068
520.7428
479.34384
482.74492
521.64029
481.47549
525.91115
483.93108
479.33157
479.66856
489.94496
480.63877
481.36788
489.35339
482.88051
477.55341
522.08482
478.84495
488.45814
480.56911
522.23316
479.06289
481.65757
479.59258
479.78182
481.68817
522.13484
482.1519
475.08113
480.3708
487.75645
517.91071
481.80497
478.2189
481.85523
481.88971
480.61323
481.76016
481.12736
522.26765
480.63611
481.73106
481.58661
521.32186
481.31356
487.44117
522.78201
480.79905
481.31904
480.93902
520.95597
521.47755
480.85538
521.20843
481.39129
520.4042
473.04401
482.11646
518.29954
481.03052
522.13258
492.13838
480.53522
484.83158
483.08362
518.9314
482.1664
521.15798
483.20737
504.9957
521.23328
480.90475
483.16641
481.70173
520.08347
518.63621
518.52021
522.05361
520.7715
477.44435
481.53951
482.31446
480.3107
449.16583
517.63665
447.7824
482.13714
479.17807
523.60113
481.44538
520.7238
482.32494
488.34911
478.98503
520.33979
504.66042
504.86604
520.89735
450.13058
483.89668
481.23731
504.16971
450.3132
451.42904
480.97279
480.42538
523.62917
522.95655
522.81491
453.24559
451.21116
481.50105
482.6734
482.58759
505.40981
450.36022
505.11954
510.18261
449.40177
481.79518
520.46826
519.32778
484.25677
481.57158
504.81314
510.46607
518.68674
483.25446
518.41958
510.05682
482.87666
482.72447
452.53635
476.52026
483.73036
505.35577
480.90452
480.56502
522.68905
477.89607
482.18836
479.56619
481.30868
517.93394
521.09728
522.3128
519.21974
479.24819
483.65138
483.1542
525.72867
519.48413
480.80825
522.72457
479.69294
480.18114
478.04477
479.12829
521.98568
480.5776
486.63398
480.84315
516.56243
519.92092
525.35241
524.26911
522.58442
479.11257
488.67266
481.99407
488.69024
480.20811
524.18238
480.48277
482.16585
484.28667
519.02508
480.64551
482.45528
480.20875
518.93448
519.73356
485.35564
483.88353
523.29316
481.2336
481.12719
475.05003
481.53167
526.78397
480.98337
482.54343
483.76327
477.63973
480.94294
517.91814
519.34797
479.8527
479.08394
523.79519
480.19137
526.12078
452.1302
451.1834
483.36583
479.74048
521.31956
504.93037
507.95776
477.48764
481.07167
520.95631
478.45617
482.05232
526.78485
483.40644
520.70667
450.87167
477.63968
480.65017
482.53716
481.59238
524.10193
479.42183
481.16113
448.67464
478.29854
481.20209
459.56045
520.53591
516.59269
513.13122
519.1245
483.14245
480.1414
480.76674
492.82401
482.84141
521.62506
481.4505
517.92249
482.42917
481.73515
481.72964
522.28302
477.49116
519.08443
480.87208
478.25634
478.82134
481.73237
481.72167
526.84364
483.00483
480.8738
481.40139
521.18618
482.28851
521.11458
481.06361
486.20954
481.44466
521.74004
480.47341
481.02137
480.82448
477.27018
481.42138
482.20857
482.48323
481.90398
521.3288
480.84058
481.50881
481.94792
481.56207
521.27279
519.00396
481.13273
479.55979
486.83818
521.6081
520.96398
481.67026
481.53685
528.17728
481.63481
521.59702
521.34808
479.51791
521.10716
482.32548
481.26917
481.4095
481.05907
448.47246
504.75978
481.13477
522.10101
521.51467
480.83952
481.31321
484.552
480.84976
479.51083
520.62978
524.09919
481.18023
521.64444
480.76814
518.54073
481.41285
481.15087
480.71029
480.83681
521.60207
481.55957
521.35088
481.67653
521.58467
521.50008
481.81261
521.54266
480.82947
521.5389
520.29235
481.11561
481.30756
483.6064
520.15111
478.53848
480.91106
481.2255
480.80071
481.2588
482.8626
521.5805
481.43174
481.14176
481.47815
480.90951
481.57918
481.11598
521.12068
481.09259
486.7745
521.25734
480.93384
481.35192
481.46596
480.63498
521.31186
521.65317
481.09632
521.2965
478.7243
480.66752
521.64045
477.20798
481.45616
480.59721
481.60474
481.8127
521.6297
480.55639
521.56714
480.95417
521.60677
481.88297
481.69552
481.75428
480.94165
481.55844
480.53317
481.63767
480.83488
481.55953
481.89586
480.78832
521.63959
481.97588
481.62923
521.5915
481.72715
480.74348
480.48673
521.57568
480.48707
521.67181
481.37126
480.74791
481.89782
521.68065
521.61098
521.61877
481.82278
521.40874
480.97196
482.04066
521.55814
482.05766
481.69437
521.46735
481.72844
521.52179
481.90761
481.969
521.5575
521.5319
521.55753
481.036
481.92711
480.44616
521.52147
482.01149
521.5226
481.90149
521.54385
480.97895
480.85995
481.90444
482.00372
482.09683
481.73844
480.56559
480.61314
481.70214
521.45594
521.4899
480.48273
481.81869
480.51497
480.53066
481.78213
480.80073
480.42987
482.17955
480.45351
481.6869
480.8816
482.11204
480.95624
521.40722
482.19231
521.36474
482.4274
480.78128
480.94677
481.89432
521.25821
521.38298
480.39676
521.33479
521.24307
481.88395
521.3664
480.76658
479.65507
521.41183
521.36538
481.78447
482.00698
481.07176
521.36754
521.44709
521.33934
480.63801
481.57677
481.09903
521.38223
481.80071
481.57821
521.41036
521.41835
481.09234
481.89491
521.33207
481.2183
521.43313
481.67683
480.9966
521.2265
482.1327
521.09423
482.02054
521.39385
481.84716
483.16796
481.03176
480.84202
481.68363
480.69916
480.05508
483.08315
481.24091
521.4424
481.71527
521.48887
521.82225
481.45489
481.76583
475.43189
481.25825
521.57598
521.21133
481.65442
481.46086
521.501
521.49056
480.74244
521.39238
521.44061
481.15261
479.9139
480.96607
521.44585
482.00223
481.80137
480.63974
480.90246
481.57295
482.01398
521.32159
480.71281
477.63324
480.84318
476.99147
489.34561
481.28084
481.82228
518.98885
519.21056
519.20714
521.59382
480.91585
477.09145
480.87816
519.90154
520.19977
480.8397
482.12769
486.68196
477.85632
480.31719
483.12366
481.7286
487.49821
519.20722
518.91695
518.87701
482.24718
478.64192
519.23743
479.67534
520.80945
482.18963
487.33296
486.51194
479.73045
479.66114
481.38801
483.11269
521.41793
481.6193
479.31882
525.54792
479.62726
484.75408
519.74694
519.39666
521.65519
483.78617
487.73352
519.01035
485.02457
483.06572
482.05595
481.3019
475.60599
479.62199
484.45763
519.839
519.73301
485.8119
482.67272
482.90947
480.711
519.93529
483.48083
485.05325
485.94595
480.86451
474.61474
474.33822
482.73084
477.97585
480.46403
518.60457
480.33911
519.23701
484.94103
517.55837
481.12941
481.62816
478.42315
523.89493
482.63655
481.0009
480.70661
479.40541
481.9366
481.43986
519.33576
482.43487
520.27862
475.19167
475.59928
486.59798
522.9249
478.72357
478.26533
481.74415
489.25107
482.78389
481.40406
521.69536
519.99335
521.86436
521.28358
481.04525
526.55276
480.91788
479.82018
482.96208
477.77187
522.56747
483.74424
520.61936
477.59138
482.14403
481.96914
482.99156
523.30594
480.51703
478.28111
521.52362
478.35647
480.78196
481.93227
477.89071
486.73048
479.69422
481.71104
523.85992
479.18286
525.07056
521.27877
482.26827
478.38119
482.23987
478.28132
521.41678
480.77679
480.16003
522.40165
521.43027
477.60729
523.47769
523.15643
521.4979
521.79171
481.47466
522.22614
482.32991
523.62589
482.05154
482.09373
480.98535
478.66621
488.9906
527.23014
523.83302
478.75892
482.66059
521.62905
477.91075
480.65398
477.41655
481.67919
521.04592
520.50644
480.21352
483.55286
521.71597
523.6653
477.92796
519.95246
481.2323
519.64064
481.91328
482.10171
519.27589
480.64974
523.4464
479.34042
480.24253
479.67554
477.40315
482.5413
521.90814
521.59531
481.07814
481.28791
479.50007
479.77556
486.72237
447.41074
482.40757
521.45814
477.92692
482.18503
523.46051
478.136
481.15649
481.59679
522.24525
477.41591
521.08465
485.86286
522.39128
520.96199
483.05617
481.40574
479.29792
481.69638
523.56083
521.84491
483.66711
480.95014
477.28701
521.86259
480.91023
480.86607
480.50406
521.56773
481.4267
481.48105
523.50472
521.30027
481.6047
481.20453
482.05457
521.71818
481.83261
522.59047
522.05337
482.52425
485.389
479.50449
479.56658
479.30541
523.77404
480.25132
486.64732
481.79491
522.31483
481.148
523.04931
481.09754
480.38883
485.06654
523.78534
522.77803
478.1369
484.87687
479.72864
479.51166
479.90817
478.72766
479.52519
482.6166
479.41452
521.0305
487.35447
478.37562
523.07446
521.552
480.53475
472.4753
483.11192
522.55369
477.97397
482.46268
524.61055
478.60374
523.92111
477.40185
482.34911
477.65529
521.7008
483.0806
524.46094
482.3088
477.74652
477.91364
479.5764
478.26664
477.81537
521.38101
478.69948
478.02949
522.33609
525.68895
479.32788
524.29192
522.80293
483.95389
477.97606
485.81889
480.88232
482.17859
481.66326
482.91355
483.12402
524.62358
478.34353
479.13107
521.52779
476.01455
478.60518
478.23142
522.8211
522.33279
478.54593
487.40768
478.09499
477.16122
486.31354
481.16716
523.8574
478.00802
481.3131
471.69801
521.8318
474.48424
474.97686
521.39324
485.15809
524.65828
479.19131
479.59273
482.77532
482.66599
520.29303
482.62091
478.00233
482.74484
482.56448
489.21064
482.3666
523.45273
478.6321
521.42224
522.03475
476.33981
521.93807
478.04728
496.10097
478.00555
482.34007
522.09933
521.60739
521.60281
521.67112
477.69183
480.81405
478.83747
478.02323
523.66489
480.37987
479.06092
480.78563
523.26626
482.96383
479.8218
523.94112
485.28385
477.9115
478.93526
521.52197
522.4273
483.47977
480.79904
477.51267
522.06002
485.66297
521.16427
525.47874
482.39795
477.80836
483.34359
487.14217
477.54632
521.19836
479.44684
486.16022
520.38245
479.4696
486.68151
521.51091
481.82913
488.01717
521.33151
477.0819
479.43607
521.4284
481.96364
484.22916
521.22487
482.73434
521.42993
479.12762
485.48318
520.86345
520.29251
488.68281
478.93331
477.35708
522.42723
486.86669
482.93938
481.21527
525.64857
478.9716
474.98005
528.54282
478.15038
478.65975
524.57991
522.9374
482.54745
484.12821
475.06556
478.72321
518.01775
486.10825
482.4389
480.42661
482.36243
522.20996
523.55244
478.1426
476.60262
526.23724
482.27206
520.06656
474.46292
485.84265
522.38525
524.62466
482.97887
483.07967
520.17406
477.89773
520.79191
487.77637
523.21456
525.79123
523.81596
523.93508
482.07041
480.56222
523.23939
523.42552
476.80053
521.56553
478.48651
478.84883
488.44287
483.81166
521.01324
516.88508
489.23666
485.40701
521.81339
521.24569
522.03648
479.22749
523.68819
486.93788
520.90582
482.42503
525.37338
521.17499
478.26386
488.17208
481.48756
474.85488
486.08112
477.80693
479.3978
482.51186
521.21213
520.95018
487.44003
520.40377
478.57755
484.08487
477.55387
478.99797
481.15404
477.99172
478.78789
477.38061
478.27578
480.52224
483.17874
481.8375
521.51066
488.04666
481.42243
480.48723
520.36353
478.22663
477.38927
475.91195
473.66999
487.83181
482.74564
524.49012
483.218
520.17942
481.23015
481.14823
478.15121
478.92728
481.93887
477.8781
478.0201
478.97285
521.0221
480.66409
481.40796
525.67548
477.44862
479.35134
521.31829
524.84193
477.85942
485.41365
486.6415
479.13722
480.1754
521.7026
485.81389
477.78587
482.65438
477.94001
520.98763
483.04974
481.67027
483.66001
479.38899
526.10744
482.23343
526.68567
479.05854
481.30332
477.41125
477.65838
477.93351
479.4095
479.25435
482.9467
480.29519
520.58247
478.18436
524.70749
482.53561
479.20818
520.47576
520.83744
521.06048
477.61206
478.04211
524.29238
479.21691
480.06071
478.327
485.37387
479.20945
477.22809
483.73707
479.29605
521.67305
485.52323
479.23428
482.28827
483.21237
520.97592
473.17115
519.53244
527.68714
487.4594
482.66546
479.56226
520.89533
521.07847
479.33553
520.7216
488.01843
523.9212
523.64982
482.8538
485.16518
486.30441
478.01183
525.34602
483.17355
479.59469
475.43406
473.12936
477.47003
474.42325
482.34715
481.18297
521.98881
472.36917
524.09635
478.22597
482.14396
478.65483
493.77634
523.84764
479.0659
482.92801
478.82882
524.22739
522.07654
481.45284
524.55092
482.33792
523.33901
481.80411
521.8702
477.5624
479.35044
477.70338
485.27666
477.86059
482.19029
520.59039
484.64147
522.42857
519.71043
477.51925
483.20928
479.70846
482.58189
522.7122
478.42104
476.90927
484.95591
481.77668
473.84391
486.80269
475.72759
521.54843
523.66001
524.37883
481.95658
523.66791
478.57578
521.03771
525.23669
480.86741
478.05279
521.84232
522.95795
523.23947
479.26565
485.62931
482.60343
521.99317
481.44152
526.62396
523.29563
478.00231
485.14853
521.01526
521.6372
477.7274
485.48894
521.30351
482.59347
482.6741
520.90744
520.77572
481.81486
478.10656
478.86367
525.49721
485.93482
482.45387
520.39696
521.22369
481.97204
467.75088
524.66899
487.13622
482.93291
478.6623
483.49514
488.33492
477.57103
475.83111
521.2404
520.87065
478.76013
477.94683
521.79943
479.81249
481.3462
520.51468
484.13877
526.64981
473.42028
523.07072
479.61958
484.25582
481.87231
520.87211
471.88257
482.57528
487.27506
521.70545
481.41484
482.79959
478.95563
522.30784
525.17559
519.3129
474.23826
479.0429
489.23382
483.79891
483.38352
483.02238
480.98775
520.97166
520.25908
483.59999
484.24779
481.37546
519.52109
520.13163
482.27709
526.90219
482.19773
519.34667
488.52038
477.75027
482.70257
480.26286
481.38042
480.96986
480.64924
479.50592
483.52118
484.30982
482.19893
479.65387
478.03819
521.73442
520.06303
487.24498
474.64406
478.05002
482.16765
485.80434
474.55866
525.17685
482.43739
478.45626
524.53446
478.67584
521.78949
478.86186
525.1921
480.43922
478.51532
481.82192
483.84704
521.30465
484.18123
484.67398
485.08636
488.65382
481.90309
483.27055
521.41021
482.27847
478.54585
483.55068
477.06201
526.31368
520.52077
482.13298
518.41628
471.60252
478.62646
525.91112
476.82426
481.27717
482.14473
481.15738
482.18726
518.97899
473.31193
519.39339
480.94491
478.74264
519.48472
481.5874
482.36985
481.31321
526.01248
519.14674
519.11964
483.80994
483.58511
481.79706
480.75407
481.61511
480.5327
480.22885
526.36961
519.67155
482.25055
483.14756
478.53059
480.47605
519.28896
519.16576
474.25634
519.04008
486.11922
520.7738
482.79048
484.75152
521.09516
477.3773
480.3854
519.51666
476.96996
477.45234
520.54325
476.39576
477.95826
520.9986
481.14538
518.59372
483.15238
481.25066
475.6184
480.19983
520.63389
522.94987
481.39396
481.39782
524.26978
483.65068
520.85642
483.2154
481.46942
489.02324
481.7941
480.84845
479.69623
521.48053
477.37956
519.22486
520.60369
481.5004
522.6938
476.89982
483.96152
482.62424
521.4112
519.80013
480.68399
478.24995
525.0496
477.87031
482.13859
482.83684
482.28793
518.81552
481.00041
484.28525
483.04801
481.09793
477.98459
521.13998
521.14762
483.55573
519.32882
519.82221
478.33847
479.45789
519.67922
519.47736
520.0967
482.0836
481.74429
518.90419
519.46056
519.00303
525.99386
518.38616
482.87375
483.20499
483.01065
482.95369
480.94132
518.9792
481.69622
477.96741
488.25753
484.80369
480.65182
483.12418
480.36185
481.81307
519.83339
481.33318
482.0098
476.97213
483.1128
518.95199
488.27401
482.41206
481.34598
480.62531
515.51762
518.83706
482.32081
519.04892
479.61287
481.13206
478.74339
520.1641
523.85069
481.47715
522.82984
480.20558
481.61445
482.76456
527.33668
480.70165
480.61182
479.79866
479.06396
483.28299
527.31533
518.83651
518.93391
480.68548
479.35102
478.9072
478.83107
476.81396
520.15795
481.99624
479.18113
520.16339
519.34706
483.39144
519.04964
474.05967
523.12529
477.0264
480.78728
480.11621
480.94934
488.83609
483.67323
519.18382
519.95256
523.96029
481.32428
483.26748
483.29051
521.36411
529.23008
519.98215
480.83359
523.363
478.80405
438.07745
432.72178
424.27657
450.33698
519.57866
517.05785
490.70744
481.40122
522.60323
481.5175
520.43528
477.98069
481.90702
482.98158
482.53651
525.53495
432.1607
442.11394
508.48081
429.9935
429.21324
477.21158
423.01852
447.9997
438.48355
431.74508
437.68811
476.24515
434.30797
475.87051
479.95661
481.22968
478.98565
478.93587
525.42822
530.99854
518.23611
431.65716
480.37146
505.48759
438.31996
434.44454
443.63546
506.87154
504.11763
504.54079
431.7169
485.35224
429.12535
495.90685
448.44503
482.42914
518.95736
527.8259
518.56463
425.69384
495.64411
477.36226
521.60126
520.87479
440.43196
478.05504
482.10613
480.63803
504.7663
519.56185
520.07932
482.42133
518.59654
483.37223
518.94704
482.24138
505.06693
521.9998
450.42247
479.84973
481.76222
481.46319
519.74346
483.25512
481.39255
518.92684
480.77981
480.49371
518.97114
478.27304
483.18598
520.12572
483.4365
522.31295
520.21972
519.06587
479.96108
479.26106
482.29089
481.60744
526.43505
480.79937
526.85972
521.16361
476.16528
481.58413
522.83097
484.35192
477.17864
524.62854
507.48073
490.22556
507.18515
480.48188
525.08898
522.3525
481.23702
482.57193
476.2331
504.81318
479.18878
517.17811
482.38573
520.63149
518.71035
523.49392
479.25887
485.56987
521.42691
477.91047
520.70775
476.15585
479.65536
478.9065
481.9617
482.2313
520.02084
478.99505
518.43954
441.16929
486.24783
420.29984
421.33376
423.8858
482.14108
522.98751
442.45788
483.20138
480.41017
485.1059
426.53683
505.75717
493.31081
438.77061
432.02376
517.48547
506.52474
475.90348
507.77551
472.68283
478.37023
450.30604
484.26921
432.33613
438.36307
428.62329
482.56639
514.73461
484.55052
521.0417
481.94626
496.01112
517.0092
486.69521
504.56897
478.2599
480.16364
522.63441
440.36203
426.32841
479.62962
480.00211
433.38692
430.99954
482.80348
488.37222
489.92624
485.80003
443.02797
437.62508
457.33854
496.38544
521.21296
482.55696
438.14841
471.59209
520.08867
435.33103
447.14859
481.11626
448.91811
439.16817
500.9427
479.25659
423.86739
484.77252
508.26254
420.56708
420.66526
477.77108
484.19329
529.34369
425.57867
474.41199
477.28948
482.73892
435.86682
507.40008
478.53579
520.90892
436.23406
482.27281
491.09408
480.9606
482.98761
488.878
522.58533
489.90276
516.04089
475.98132
524.15463
481.79387
488.77031
519.09647
481.73752
487.71604
523.65175
481.7064
521.04875
480.31071
519.02396
481.32252
476.86829
519.49095
475.24646
525.74604
526.55921
482.45336
488.07212
519.65828
481.30164
521.5841
481.60909
486.49567
481.64928
519.02829
477.67817
521.0597
478.40204
482.60528
481.37135
481.74444
481.19197
481.01979
483.82144
481.32587
483.61087
488.35213
478.79231
483.56737
518.52968
487.64754
518.86808
489.43897
519.06742
480.96282
525.72724
518.34904
481.512
518.32062
482.21801
521.51632
519.29206
476.9294
518.87133
477.16053
482.37181
480.97216
524.57414
518.15069
484.32871
519.2271
477.40893
520.51385
479.39056
478.62193
515.30709
480.2448
518.95937
477.93175
523.11986
488.29673
480.00762
477.77448
450.2932
438.77634
480.07172
520.33348
437.03783
499.0339
518.41219
433.10948
507.03955
480.87292
437.11419
430.75019
485.21977
506.17405
444.10218
435.51991
479.79497
440.06484
449.59953
447.56581
439.56687
439.37189
483.88811
450.63739
520.79234
480.804
498.58048
480.31428
435.76496
430.8882
436.52387
429.29735
505.1573
452.23784
439.12252
474.44693
475.98414
487.28056
518.29754
479.93386
521.63995
482.278
473.38454
451.9232
445.6389
440.85287
478.3682
474.8025
484.57343
479.13397
526.2123
482.9172
482.51275
478.27115
521.06202
436.35141
505.94097
498.21753
480.45757
515.267
424.46521
526.12995
496.70609
480.29043
506.41087
424.40034
439.31332
432.85798
436.75204
506.0448
453.74282
438.87772
480.17196
487.82747
480.53256
525.16711
521.08561
472.12691
520.87529
482.45527
523.12443
479.95827
476.49341
481.79778
494.83451
453.75965
439.33658
425.71392
426.05664
430.90377
430.16343
446.78733
436.3153
483.06956
481.19893
506.65834
455.39003
478.85965
499.684
476.3313
439.11684
517.60682
441.66152
435.2016
420.71224
446.03614
429.97116
425.95277
485.26423
440.92014
508.4663
442.23646
432.05889
477.49488
438.45157
463.14516
438.65253
435.62866
439.71169
428.25187
480.96907
519.36395
450.77475
479.92854
504.55558
510.00864
518.347
484.53332
506.60805
514.50423
497.42644
484.29898
439.06561
441.27167
518.0685
499.10056
486.08291
515.29748
479.42891
520.15065
503.42457
480.74894
510.4774
453.675
506.24219
485.82855
481.49076
483.42685
484.81484
452.92887
488.41829
520.93517
504.2045
475.80357
509.1838
486.14158
520.18549
491.38829
481.05371
519.84685
482.05336
482.35397
517.69853
505.83272
481.31383
451.86675
481.64549
480.72262
472.87873
484.23628
480.80664
479.48653
486.70781
483.90807
520.07194
521.37379
477.49499
481.02031
476.68813
474.95928
520.42289
480.93925
482.48126
510.24449
482.98081
521.23449
477.68074
521.34709
485.67722
521.05649
478.50143
516.61421
481.10538
520.93347
480.63305
480.93958
480.05785
519.9984
481.23081
482.73662
510.31188
482.8925
477.58675
523.99208
476.60445
482.32977
484.09268
481.30688
519.1724
507.23366
483.06036
521.50236
527.06948
521.81656
480.06309
518.45674
487.08564
477.98896
476.2778
505.52163
518.4824
504.34133
480.54252
445.82197
483.84377
482.12458
525.73324
481.54606
480.75055
481.46598
518.71661
486.16946
481.60856
479.23311
480.2937
520.691
481.7144
480.91191
524.63634
478.32315
485.10201
487.02659
475.00622
483.01978
480.19378
484.44058
526.96614
482.1845
481.92215
478.44775
518.80579
482.06937
483.01422
517.66975
481.41511
481.02358
480.32163
521.52646
481.95833
481.15939
481.48344
521.72101
481.22889
481.25465
522.07681
521.88199
481.33647
480.89225
519.34319
480.97768
481.08061
487.17197
523.6687
483.34216
474.5516
521.24904
451.29983
520.3069
448.19865
479.69374
504.68688
519.87567
481.28415
505.09075
477.34102
510.20853
520.17192
484.77526
483.16979
452.11697
483.95316
524.8242
518.16414
452.78349
483.62454
521.0952
482.03799
451.02253
504.40655
517.93004
481.46698
482.06641
480.44891
482.68024
448.71063
484.27246
505.58113
483.931
518.9657
482.05818
505.27208
480.12829
477.12628
459.94899
452.17543
479.64483
477.51667
526.52155
510.06196
480.79862
485.36646
485.32785
480.81833
520.01184
517.78109
504.55867
452.39105
450.93047
482.4437
520.44758
454.5217
480.85789
480.79441
521.72238
517.65105
484.03627
481.01236
480.90721
515.46238
518.71628
480.70052
521.22164
481.20549
481.20511
521.52869
480.45889
481.25468
481.0087
487.52859
519.97281
480.76531
481.27318
480.84092
510.27016
516.96922
521.03507
482.78872
504.90268
477.09706
483.44916
485.13371
518.94729
482.22813
481.30249
522.1508
480.85046
483.25368
480.21738
505.11367
519.10178
487.88572
481.10452
475.1831
518.37023
518.4723
480.65799
490.58982
481.68612
487.14914
518.98909
518.72984
481.71429
484.08295
480.8306
504.90612
488.41514
519.05825
481.0788
486.2578
475.02004
519.5021
486.51691
519.07466
481.46225
480.81692
523.545
482.22442
451.14421
480.32777
521.58834
525.76766
479.46101
481.88887
475.13054
518.77528
477.52234
476.89497
481.70851
518.96985
479.75834
519.62468
482.14929
481.16313
480.39234
518.84822
519.06468
528.03952
480.32962
526.92638
480.77234
526.88415
480.86
479.80155
519.27554
521.07556
520.71222
475.33255
481.0633
481.29296
521.48305
479.79025
526.66533
481.32107
482.08505
482.34543
488.57958
520.56443
478.15053
480.9829
519.46976
480.23796
482.1972
518.95857
482.40333
486.97666
481.69956
519.75928
526.20636
480.91352
479.90098
486.14561
481.43025
519.14052
482.95758
480.18975
480.9816
482.33783
519.93778
484.54714
481.09567
519.43304
488.84866
519.95509
519.47988
476.67631
481.25131
480.45477
483.27086
482.00562
477.00916
526.67385
484.80001
482.59903
519.8396
486.92652
482.11179
482.75064
480.90001
480.70042
506.9823
525.22934
484.21331
483.35612
518.82741
479.94315
520.49268
480.40227
518.99006
519.22689
519.8485
484.28988
488.79424
518.87541
478.24081
483.79394
519.01088
519.83175
519.47039
482.56909
479.92283
519.35333
480.16066
517.99764
476.65113
520.07318
481.94112
484.78672
481.62918
481.01853
481.54323
483.50577
521.74584
481.46719
521.73253
522.34116
521.56105
481.10476
521.62015
480.86335
521.65923
487.12205
481.23458
521.64628
481.13081
521.67678
519.22217
480.65312
480.79032
521.71924
481.81751
481.9756
481.08178
521.71919
480.84408
481.35291
480.75458
481.82037
481.89872
521.75375
519.18807
481.01902
481.54885
480.48888
481.46553
521.72134
480.60661
481.41976
480.88042
480.11778
521.68814
480.83892
525.53462
521.92376
518.91114
480.89356
480.98096
480.56542
480.80653
481.11455
522.22469
487.55738
480.93248
480.26051
520.29579
522.22009
485.83124
481.80105
522.34736
481.44769
479.87767
481.9603
482.11337
521.86126
480.72128
481.82276
480.43713
486.72011
482.31451
479.88315
481.37933
480.95063
521.55757
481.676
484.66536
480.4249
521.91712
481.30139
521.77721
481.13333
522.24033
480.70608
521.70519
478.7273
481.13099
521.83543
521.99718
481.46287
481.15858
521.40782
482.43272
520.98698
479.53223
481.41176
482.54134
481.06673
481.76114
521.80538
521.7241
483.47093
477.46279
521.88302
480.80755
486.38351
481.02916
477.46756
520.76871
523.3471
523.30254
481.62215
482.00751
518.20755
478.49568
522.36609
481.73007
479.87499
480.5595
517.41003
492.52569
477.79636
478.72496
481.98825
479.81851
480.7643
480.74607
521.65352
481.6355
518.0421
523.13092
520.78357
478.65934
521.10062
478.63011
526.5652
481.56005
481.64643
480.93715
480.844
481.80387
486.82482
521.94591
522.27069
521.69661
476.56352
523.37372
478.5875
481.65293
481.34831
479.87415
522.19624
518.77564
478.31804
480.24998
481.27285
520.4345
520.67913
481.55228
482.17204
479.81599
517.645
480.5178
481.69852
478.26295
518.82778
522.49789
481.53729
482.62666
481.76496
481.1191
485.62159
479.98462
481.78186
521.39355
479.02007
439.52519
453.45397
499.48596
520.30387
478.90906
445.54772
435.41839
481.76515
435.63022
507.8025
479.02045
445.54252
435.4948
428.82879
499.51212
505.78754
499.50169
435.083
440.00878
439.54968
521.19508
485.73502
499.00521
517.48577
480.73577
515.98113
485.49726
481.19318
428.25329
506.26248
439.13736
522.67818
478.95101
478.26008
478.10544
487.81042
453.66358
479.17396
486.09226
477.48341
480.97706
481.73372
525.87405
513.64956
507.83899
479.00409
445.67344
478.01765
440.09222
505.51493
505.11243
476.182
526.08119
483.01186
480.56337
508.08429
481.53842
481.15012
482.70564
499.78602
480.64377
505.6967
489.40618
518.72571
483.62021
489.03079
480.73998
483.12926
487.68533
517.97945
476.49317
487.00011
486.25283
482.32735
482.7346
518.49163
518.06411
518.16634
480.57052
480.94881
483.01257
517.77661
482.87603
486.1159
483.27318
517.78585
488.67564
476.5193
428.55647
480.74221
518.63854
482.64622
482.0712
480.90654
525.02225
488.73816
480.76809
485.69893
481.38956
488.6693
485.18823
480.87833
486.82384
486.96896
518.64932
518.17269
517.95952
518.86744
514.32799
488.62871
517.96361
476.99434
480.81801
517.72389
479.90466
484.99697
518.15135
518.95756
517.88459
481.2414
486.02421
480.46315
517.89416
518.18528
480.91679
518.15695
484.89207
487.65083
487.49959
476.82997
525.00442
518.52683
485.38036
482.67644
480.8791
486.18731
488.79488
518.07242
476.51619
524.21276
486.56157
477.71907
480.57206
518.62868
481.10021
489.60141
517.77602
517.93221
479.47138
524.35242
483.90575
481.5456
488.05545
518.14131
477.62123
485.19366
476.81037
518.71864
481.6
518.63344
517.95865
513.60875
481.02385
480.64059
520.98218
480.68067
480.71578
482.67527
481.25601
483.80096
479.02461
517.99329
518.14635
483.62175
524.33389
477.36147
518.88707
482.48016
481.71977
481.92885
481.66768
482.83729
482.52115
482.03948
481.681
480.47108
518.0359
517.81795
488.53791
477.28569
476.86917
517.76378
480.17265
485.62052
482.30957
486.25302
482.36759
518.41338
517.80641
477.01048
481.17863
486.85345
489.73098
477.61786
517.85702
480.62812
476.64371
524.9668
480.28313
483.74256
517.76611
518.41332
518.49834
489.53082
519.07393
480.62207
480.54263
520.65007
490.0939
481.87743
522.02183
489.11577
481.34481
479.48149
521.89886
523.15636
478.99118
483.72039
483.65713
482.9635
520.38423
478.0274
479.31651
478.78783
489.35539
522.51267
477.3016
524.18492
518.40891
476.73487
482.61634
521.01195
483.09043
478.81412
487.40634
481.325
517.91424
481.74734
482.76796
478.10526
521.85537
520.95721
517.55892
517.8018
516.8918
484.39144
526.44381
482.21304
479.1082
482.12467
479.99944
487.16858
518.1139
482.73192
481.05497
483.36625
483.17481
481.40241
483.42914
517.70431
483.24479
484.14128
481.94291
482.03238
520.35668
476.23307
478.7856
482.42065
519.48854
480.26377
479.14771
523.869
481.81956
480.28539
481.53767
524.40998
486.01111
477.26046
520.75646
480.83967
520.09319
526.5437
481.58021
476.23748
478.74199
479.31599
517.39098
521.59654
475.72364
485.32622
481.49875
485.25746
521.26843
475.33674
520.58839
523.4746
481.71855
519.58437
476.33896
477.06624
519.3031
488.828
526.28592
480.69684
519.81616
479.82117
482.25986
521.91693
481.50203
520.16009
480.58632
518.11297
478.488
521.1834
478.79535
519.54553
481.67427
521.69047
526.48652
483.11787
481.788
480.52256
481.59187
479.87089
478.4732
520.79345
479.45225
504.81403
491.61409
489.22031
480.77766
481.35137
451.02857
449.72962
455.44375
450.21503
517.57787
474.31489
483.27998
480.3553
483.03042
480.60695
505.43151
483.42608
479.10377
510.20427
479.68684
516.54322
482.2524
487.82219
483.02625
451.18851
480.02904
485.02786
479.18856
519.30104
451.62993
480.34648
481.8089
480.22161
485.94947
524.13477
510.15648
521.7946
482.31491
482.12769
478.47817
480.40175
482.79384
481.16177
485.93409
478.8096
505.69122
510.1715
453.04723
517.70534
476.15085
505.7163
484.49255
478.72045
479.94038
528.66702
478.57544
488.24212
523.45359
529.06956
519.4904
478.86917
506.07278
480.35779
448.9244
481.58796
518.55267
452.12255
442.46949
446.1114
444.37494
520.46608
481.95301
481.88629
457.33482
518.00782
481.65535
484.60214
484.79354
510.3367
480.58094
481.92086
478.98907
482.52447
442.33723
482.87748
482.58589
453.78421
477.54451
520.83492
482.33406
488.79735
481.0446
486.47867
514.02317
516.7791
516.65519
482.56555
481.11802
487.9242
482.6364
482.55253
480.2902
484.81379
481.94551
523.83115
481.81815
478.76229
480.1807
445.96809
522.8522
519.38477
519.49096
475.82785
517.46797
481.33702
519.15665
490.81668
519.03191
477.73619
523.87177
480.96914
519.93616
481.6118
476.62862
480.98563
504.05851
518.16775
519.50313
477.25514
517.94332
518.52515
525.41356
450.32543
481.05211
481.50035
518.16057
482.7781
525.02779
481.48456
486.2331
483.1352
480.27535
477.8429
502.83596
480.78031
485.83505
480.52776
481.19793
480.30426
521.73213
517.17897
483.30382
509.92168
447.67942
479.34771
432.66769
477.31791
478.77593
518.22382
510.81527
504.83172
485.24177
450.83339
519.43363
484.52341
518.99766
488.33744
480.06365
481.44297
488.61975
484.86085
488.31149
518.96584
519.33448
428.088
452.9259
478.06487
477.58788
505.28693
481.37502
518.56123
506.06602
522.74617
522.06064
483.31951
521.7677
518.95582
482.03608
520.49074
518.3794
518.35748
481.40176
516.33502
485.34716
519.03775
485.70132
481.21347
477.95584
487.81316
501.3004
476.61582
474.41091
476.25874
479.67179
523.64869
482.0892
479.11486
482.48639
521.06735
478.44488
481.20495
482.14434
480.34305
526.40259
518.32186
482.38276
481.98694
482.18438
518.89712
521.55906
483.88867
482.43494
485.13303
487.05276
489.84178
526.29958
435.93142
481.52903
523.44988
480.82322
479.81703
471.49285
504.94999
480.08342
485.2131
480.54791
523.88585
480.36985
523.00965
488.88392
518.87601
478.02698
518.68062
482.23707
471.41622
483.74124
482.75928
480.41206
484.13584
482.21567
518.24402
515.86925
483.45143
482.50508
520.20993
482.15422
482.64035
482.10193
470.54689
488.83851
472.33593
524.60768
477.17804
521.90073
479.05691
474.00238
478.60244
478.29507
521.66267
480.85295
477.48084
521.18842
480.89582
484.18192
480.102
482.62798
483.4862
482.87186
481.8444
510.39993
525.80038
481.16602
516.2375
520.68944
516.39354
527.01006
480.94318
481.0105
473.50835
484.65249
482.78965
480.25282
484.43477
516.23936
479.27246
478.69537
518.03001
486.70227
516.52772
482.24788
519.49806
519.87358
483.57122
519.89544
520.54101
520.0112
482.33186
480.41286
479.77595
482.13583
521.72066
519.2337
481.05128
519.7784
479.77432
481.19056
482.08792
480.57185
481.70296
524.51801
481.86326
481.57308
522.80651
521.30959
485.20648
524.21518
521.95343
481.42135
479.25681
487.15956
480.42113
480.84313
481.28181
521.58339
480.13544
483.88362
478.72222
477.29279
518.97234
483.40867
480.26748
520.77857
526.44327
523.3826
525.62217
520.87966
480.95029
479.32499
526.87988
481.82244
474.28112
474.14064
476.96769
521.64907
524.95353
483.50891
480.60899
520.45366
482.6825
481.82417
480.93675
482.53092
517.99147
481.40108
520.79202
482.40209
490.33612
518.51718
494.99209
480.28155
477.7145
519.48847
482.90906
480.42678
481.25727
524.93164
525.99409
519.13673
525.08365
478.49175
482.41742
479.49327
487.54431
487.94398
478.8989
480.8047
483.40868
519.64043
481.79805
482.75462
487.39462
478.26977
524.30248
478.84251
488.91449
475.37745
480.5348
521.44139
479.53288
488.88517
487.60124
521.50379
478.61096
484.4632
478.62303
477.70612
481.5925
483.37336
482.90901
519.52416
478.70226
520.43626
481.03545
480.7206
521.28391
522.12389
475.36921
520.59756
480.83116
480.69709
481.85111
519.31742
524.3654
478.76931
480.17194
522.11137
481.80693
480.6364
524.71952
520.73923
483.55736
520.91323
480.46967
482.97104
481.67484
479.23083
520.42262
481.05298
505.11906
520.82057
482.44655
481.47182
482.17166
481.77456
485.09389
520.56822
480.97543
520.66402
525.19662
478.59932
524.33254
482.9612
483.50218
482.18428
483.2238
521.74295
479.15398
482.58724
479.95114
480.33721
481.80145
480.76497
479.37967
480.59691
480.86875
488.1856
478.35255
526.54189
480.68017
524.91353
481.0736
519.36385
486.64665
481.0519
480.0716
479.99734
477.59546
478.92867
481.76915
481.53782
488.87481
484.09445
526.15622
482.88157
520.5677
479.37345
523.05939
482.63358
480.0499
476.50803
477.76677
478.16815
476.94071
481.92143
481.75367
480.34078
483.44273
524.13241
482.80199
480.10798
478.43328
481.26564
482.865
479.75059
481.92013
480.5889
520.52825
520.92705
483.11179
482.31002
523.18255
518.067
520.72908
485.40609
475.08217
486.15827
476.65805
480.96337
525.16102
485.65375
485.21049
477.04083
521.71664
486.66179
484.1681
482.27089
520.6673
481.01364
480.99584
480.20622
482.8646
477.40219
521.50884
480.24803
480.74316
481.49625
482.075
478.94727
482.86216
525.12795
481.29828
480.19699
481.07192
526.94875
521.07622
518.7261
482.25928
520.28684
521.17724
487.62956
488.25577
482.56047
479.47395
482.55798
481.6061
477.59868
520.62964
521.76622
480.31187
519.87256
514.53506
481.65803
477.12842
479.4751
520.81546
524.27646
481.44747
478.52319
520.4882
519.92898
520.59346
479.70024
482.9314
519.69091
477.83671
481.65678
484.13055
520.48371
525.52233
485.29361
479.99448
487.53662
478.35551
488.40138
524.66816
482.83297
482.1368
478.37841
477.24567
482.67037
521.26783
480.5152
521.33532
482.27863
483.34311
520.6457
485.11682
480.73654
525.55224
478.7028
484.22777
478.9751
525.43904
479.44919
521.25448
525.13906
521.7395
485.22174
482.33714
524.75125
478.289
520.46154
487.81735
477.19595
481.4662
480.99577
520.51643
520.45655
481.50933
479.88465
481.52786
483.16087
478.32908
520.74438
477.59252
477.80039
479.19611
525.19828
520.24446
520.68209
482.7228
480.83258
480.61279
519.89786
520.92604
525.22697
482.08772
514.59313
520.64128
481.0332
520.05443
520.72896
480.01667
520.90157
481.4584
478.36316
481.00454
479.33587
483.43468
521.19577
477.10673
520.07798
484.91399
486.25539
477.66599
527.43423
480.87045
521.59125
520.99446
484.85954
472.83024
518.49854
482.56597
485.7478
517.93385
481.67778
489.26401
485.59586
482.54545
519.77148
524.53005
519.47641
522.43337
516.62606
520.91157
480.7644
485.28965
477.19936
521.29639
483.14244
480.88764
482.71208
519.02482
520.74836
473.97044
483.316
477.33667
520.95716
485.50668
479.71309
520.28114
524.75404
521.42713
474.37196
520.19759
478.43195
520.91326
479.49279
477.87176
480.59049
488.25836
521.40391
524.48869
482.00678
520.87467
520.72077
481.26127
520.67849
479.95479
521.19695
477.39192
479.67628
478.53467
520.79241
484.36259
479.73831
487.26551
478.8378
525.25893
525.42728
484.64735
483.5649
480.33872
520.90275
479.97883
523.69696
477.96247
477.70516
483.60562
520.51649
480.61254
484.24786
484.12336
481.00272
523.62331
482.11781
478.74053
478.58103
484.32423
480.41252
480.60485
520.74401
482.13401
520.69861
486.88902
482.14935
482.57254
481.76309
525.19793
526.21817
521.05994
480.53098
479.54993
480.1589
487.64853
479.9937
525.82729
521.27081
489.94297
519.54817
519.95268
520.61557
477.70921
480.63733
477.00121
517.7985
518.48851
483.4833
520.76815
481.36679
520.1211
522.57198
520.80279
525.07381
519.73189
479.52017
478.02679
477.38275
525.46732
523.78875
488.42425
481.65761
479.36928
524.32398
480.19167
521.271
480.05886
482.7887
525.76528
479.39604
481.57457
486.77131
485.57803
477.48547
477.9087
482.43702
520.60804
480.07971
476.70779
481.94682
520.02151
477.59672
482.08004
475.72645
481.99211
479.86164
481.7641
478.20725
525.43002
480.70163
521.53937
484.41988
479.10077
478.55661
477.00507
521.51447
485.20077
480.03441
521.40028
482.9308
521.3527
481.48793
524.5495
479.88771
478.8375
482.56943
520.72643
478.37521
479.48471
486.7874
485.62805
521.16444
520.92484
489.90062
483.637
482.55213
482.21199
525.97465
477.24022
520.25644
482.47785
520.87489
478.6856
520.83315
487.71081
482.0069
476.94771
482.15855
521.28944
480.32982
480.85173
478.14119
520.85975
479.55908
478.1558
520.96563
481.98473
482.59927
482.53408
477.96348
481.62172
483.26471
478.71601
482.10757
480.59113
482.59687
480.02033
526.57162
518.06964
480.72127
517.87984
478.01693
476.88579
482.06175
484.3128
478.41006
481.44314
478.26841
479.11488
525.234
478.13795
483.36501
521.68536
521.08578
524.81633
484.22333
474.7781
482.60801
482.37687
488.73367
524.98117
521.63444
473.92033
483.0331
520.53214
479.20194
522.37596
522.61386
481.54652
487.2067
477.61159
479.14059
478.10413
488.39628
521.83904
483.37016
481.2011
520.93613
481.38973
520.781
477.52776
482.72707
477.78189
482.40986
517.7014
525.21462
481.90162
478.60367
518.31246
520.62029
477.25164
524.94044
477.86741
520.63572
483.29073
524.69692
478.2664
481.22429
486.07095
525.7457
520.61384
488.20022
483.35142
477.37883
478.83415
477.42401
477.54923
521.33288
480.74445
525.44094
481.40775
524.89928
478.64682
481.30858
521.04161
525.54756
482.81724
479.06342
478.00227
482.4549
525.24308
486.13138
486.06134
478.96056
521.297
482.50765
520.89067
481.40063
481.14736
482.89314
479.08523
485.42252
477.59929
521.05042
484.04897
480.01187
480.01261
520.8789
521.52514
483.49704
520.85925
477.91394
520.67228
521.017
524.61423
480.46165
521.14562
520.33107
481.42516
478.23865
480.68814
479.29067
521.6701
481.51403
485.60125
521.04949
524.89676
479.0937
477.89676
482.93046
479.12185
488.87056
525.48327
477.58005
481.91929
525.86044
478.56098
483.34035
520.30844
478.65499
478.26015
517.95876
478.79679
486.96304
478.10069
479.97085
479.76417
478.59535
479.17205
478.05201
520.33482
484.95433
479.32095
525.76236
481.33478
478.17324
520.96204
520.28164
481.85581
488.15468
525.3217
482.09593
517.89985
525.42932
520.89802
476.93415
481.26836
486.45799
521.43615
484.67124
480.8274
518.65898
480.49426
485.45846
521.20986
524.93605
478.4433
482.67248
477.85196
481.27595
486.78452
480.33472
477.88135
526.08326
478.96902
478.63837
482.99219
521.17943
521.10341
482.51915
486.35699
482.72651
480.83221
482.66886
478.81999
520.99947
478.31662
524.97413
478.52915
478.83108
487.90269
478.20391
476.9222
520.3316
482.04543
521.74416
478.15972
479.36587
525.81836
521.35015
477.55362
482.69934
481.36789
520.17488
482.27701
482.19669
482.1732
477.02603
522.77219
482.38798
477.0905
483.09242
478.16927
479.05633
477.97744
485.33537
524.81721
482.54726
483.75709
474.24596
482.47757
474.06493
482.77232
481.74909
483.19253
480.67097
525.58248
478.47904
477.89121
481.04691
521.19344
477.96097
479.42245
480.73393
481.64829
479.22935
521.79458
478.58971
478.80507
479.95108
477.76239
484.75316
520.90553
481.0923
523.78913
477.42611
487.41842
482.40019
482.46513
478.94658
520.96913
481.17595
484.42555
477.26753
525.77623
483.13529
481.1588
520.22914
477.27722
478.32535
487.81355
525.06338
482.71775
520.66203
520.83164
479.40084
487.967
476.83375
521.03702
520.92001
483.07774
477.00033
524.58335
477.30479
481.31118
483.27201
520.39789
479.66817
478.51128
479.26091
473.51634
478.67942
520.97125
480.33223
525.32522
521.06526
525.2093
487.32327
487.31184
520.45352
478.20233
479.18666
483.85215
482.5358
473.00908
525.97406
520.5173
480.04157
525.83618
480.67628
488.30136
523.33057
477.93805
520.66654
479.39003
479.06909
519.75936
485.13831
481.9026
479.0486
485.80188
480.36269
480.44285
476.10387
488.76391
489.25905
519.87517
526.52034
482.98523
482.35437
518.94743
479.95727
477.54755
519.63697
473.78441
486.16051
524.80211
521.05074
480.39342
477.26836
481.38601
527.00198
484.48778
480.31049
478.53565
475.98891
483.49827
485.26313
520.97113
478.64202
480.54345
483.39747
477.69883
477.42816
475.92221
521.91623
521.73896
485.38641
484.22849
482.14878
485.33784
482.22339
526.95974
520.36632
471.07285
477.25218
481.35545
482.31623
477.52169
483.16427
484.34555
483.69267
527.09419
520.90948
520.20235
520.99553
478.49502
519.92522
478.58166
480.67217
479.46891
479.35154
519.60133
479.16147
481.14117
483.33547
520.49363
481.48898
483.74274
482.89424
479.10696
481.56347
521.16685
480.62597
483.56313
521.19809
481.40881
478.78009
520.85129
520.41254
477.03308
481.38771
481.07613
482.38386
486.75759
483.64496
483.16382
485.3378
479.88835
478.58997
482.97225
520.79403
519.72037
483.53806
481.08302
481.33533
482.04516
482.70074
521.16902
475.58684
477.41977
519.67796
483.62072
481.88215
480.68922
519.62147
519.92255
479.04921
480.22221
478.04928
477.57737
526.04132
477.35687
520.75434
479.35126
482.86898
486.46371
483.90746
478.15593
477.63309
480.15382
472.61829
483.50737
521.49972
484.63276
478.57951
479.76489
522.78677
520.4605
522.87442
521.0416
483.60207
525.97425
521.78276
481.88902
478.40504
481.25538
521.40962
483.76333
482.38181
478.05929
486.15928
484.54091
486.62283
522.98498
485.53769
484.27616
473.29965
521.21617
521.66461
482.86136
477.70956
477.98886
526.61106
520.93532
476.34281
483.20581
477.3849
520.19359
482.5792
478.65024
482.14487
483.06092
477.94755
477.65792
479.74763
477.58886
482.77749
484.03113
488.05382
486.10546
522.37052
487.5594
477.90825
521.23305
480.76147
480.58362
477.55361
521.20346
476.27582
479.58146
477.80616
477.91947
477.83539
486.70998
528.66717
526.53771
477.52862
520.1181
524.79929
525.86341
481.66226
479.25657
482.8246
485.49946
480.80888
520.53421
473.88403
525.20679
526.3371
478.73766
476.5394
481.28657
479.2737
525.27749
479.0349
479.66161
482.78661
481.25198
480.84833
478.94515
483.08765
521.08461
485.32917
479.41101
486.84886
521.00441
479.01984
477.88633
487.80014
483.25822
484.0206
483.10392
481.98139
520.99972
480.0287
520.55933
525.3848
482.51244
520.48226
486.17672
520.26411
477.77903
482.00841
526.4122
521.73807
481.23296
521.11577
485.1473
477.65114
477.79681
520.95235
478.08646
480.44486
483.22032
521.73745
477.36007
521.84536
483.47216
525.93728
478.49628
520.75452
520.28014
520.85387
483.72091
479.49847
521.35879
477.5424
476.5338
479.04137
478.03247
478.06405
482.50315
480.43609
487.22098
478.20518
479.07284
525.5374
483.07358
479.36205
520.62421
483.55076
481.50932
525.85292
478.70314
520.88289
480.62187
482.13455
482.1469
519.80332
524.70519
521.05401
484.60912
521.8158
478.10382
479.58986
487.16695
525.88227
481.37909
479.90016
481.48955
482.65222
483.47379
520.49579
521.20164
520.3577
477.37676
480.28149
480.03576
485.44037
481.38665
481.5192
520.07215
485.10688
520.40605
475.76346
477.6828
481.64092
521.29033
521.04713
479.40016
476.34113
518.78262
477.28756
520.87421
522.24313
520.63991
486.44473
479.57804
479.50396
481.59014
520.42449
480.30939
480.18118
480.88939
527.18124
481.20797
483.07888
487.29383
479.82851
487.18443
478.1255
524.76436
525.08715
519.82506
482.6875
523.6463
474.99151
486.35043
479.89012
523.9063
481.58848
479.86702
480.18314
479.64181
477.22707
482.03149
479.56854
477.99517
479.92068
478.14203
521.13557
482.60317
524.02616
480.70553
482.26473
482.85827
481.94571
482.86406
480.06704
520.53829
489.14456
482.44527
521.76077
483.47218
479.41793
519.0033
480.56112
520.50435
478.54179
483.50015
523.27172
523.15859
480.72777
521.35192
482.00657
476.96116
488.8768
487.98164
473.72232
520.94128
523.71914
482.58797
480.67142
523.51981
478.30762
480.39338
478.19623
520.67801
481.11133
482.85737
482.53104
520.55633
479.78328
520.48874
480.6169
525.28953
478.55911
481.0158
479.24635
483.22775
483.23149
481.1555
525.24077
520.88984
482.72881
480.93881
520.68613
480.43473
481.62522
519.81265
519.71825
487.16026
525.34092
518.96915
487.68321
477.73402
482.83796
479.40792
477.73032
480.67211
520.62704
481.46647
478.1512
525.58747
481.23364
477.94479
520.2944
481.81147
484.94542
487.30896
486.13588
485.36888
524.88421
523.52265
521.24545
523.73405
518.64705
477.05096
483.17986
518.11376
520.93447
485.66556
479.67135
522.97769
477.96847
479.26084
481.51089
479.8516
482.24757
475.17514
522.18861
482.26143
481.88207
482.57285
521.91314
479.43466
477.47314
477.27916
523.79059
478.95479
479.50297
481.31832
483.193
521.99657
522.49824
486.00619
478.46262
477.94245
475.38855
474.54725
479.88187
522.87189
478.61121
523.24894
477.13524
482.51377
479.83733
483.6736
523.04449
477.91178
478.54675
489.36585
478.79938
480.6348
481.01512
522.38892
473.88311
483.07656
482.96683
520.059
482.5308
480.07785
524.07018
478.35938
481.66086
520.0555
479.72221
483.4178
478.71172
521.01167
482.09291
481.55404
482.6751
522.42804
523.21347
475.10132
521.27685
478.06088
484.59972
481.48259
482.49682
479.50052
484.92463
520.99551
480.33459
479.44692
522.86986
476.76286
524.52535
481.62458
476.93985
524.77216
522.75748
520.81524
525.21696
521.31652
480.82332
482.70994
478.62959
482.0036
481.27344
524.32622
477.19244
480.47189
480.56675
481.41249
522.00621
479.99599
522.9108
520.46326
524.39183
484.06374
481.0813
480.85218
478.85244
522.58898
522.79274
478.06241
476.98435
478.13227
479.86294
481.8891
481.30228
521.52805
483.67705
479.29693
521.49583
478.46383
521.21285
479.3052
478.79363
475.53031
523.91855
480.48354
479.76882
481.8463
489.63331
528.37223
478.6767
477.37076
523.0264
485.89778
482.85247
509.74931
505.83787
519.55326
480.55746
509.99018
504.75409
482.20614
481.10705
480.69928
519.76276
517.93641
484.72837
476.55995
480.26467
481.18497
478.76047
484.33889
518.65687
482.44109
489.10004
482.49465
507.38492
479.46033
476.9518
479.39629
451.48435
459.316
451.67906
456.13848
482.88351
515.48417
453.93678
458.13176
484.6324
520.29208
447.48379
478.16527
479.88365
475.36563
522.4641
480.05906
480.13352
526.38416
480.20682
478.59981
479.69528
481.39283
519.81095
490.54218
518.00457
518.96215
520.3631
478.68457
477.98139
518.28195
520.28335
481.50792
482.06356
526.01302
488.60331
478.54329
517.02307
481.70556
474.39007
480.63587
521.87903
480.68133
482.47657
482.45554
476.86398
482.62136
482.52375
479.16913
486.04188
509.85423
520.83729
481.73354
521.33675
528.61892
483.1349
480.03701
520.86493
480.82302
476.47837
465.40012
481.65204
489.33849
480.98801
518.20738
482.05642
476.08038
517.76305
482.734
524.24817
475.8043
518.41725
517.9875
476.04675
480.53975
480.15536
522.96152
517.97076
477.84396
480.69683
489.27112
483.22768
481.04864
518.70395
477.28807
524.00472
480.53003
492.17252
481.96785
489.56234
481.46176
489.88019
478.87766
520.18806
506.49188
525.42599
492.0384
484.12269
479.69085
481.68842
475.64395
481.40351
520.7763
456.43946
523.11393
490.08195
520.99808
470.40024
455.23165
480.18908
521.56174
450.16661
484.0356
478.30754
453.22414
454.53986
525.46391
505.13127
481.11286
454.59438
479.30358
479.16494
505.3999
480.45954
479.31039
451.59663
456.44402
477.07499
451.42365
483.57164
474.79785
519.78524
480.38516
518.63242
505.64591
485.05501
504.50172
479.48404
505.27697
482.64423
523.71121
519.77661
479.89877
505.53598
477.26365
488.63106
526.98757
481.17595
482.20891
483.15654
481.95545
479.51704
520.58512
479.14906
479.12798
518.83528
450.19765
517.83924
481.57533
484.87408
519.85701
457.24429
458.02738
464.30772
480.11791
510.02632
520.01127
477.71836
482.36029
518.01894
484.94037
478.95467
516.51068
451.84737
484.61249
517.12777
505.24759
480.70368
517.97943
522.57007
483.04485
523.20217
507.69672
451.4403
491.11105
520.8788
518.25425
460.06526
482.13074
479.5549
505.88165
480.20607
506.93236
519.24554
505.50113
520.27611
521.82088
475.94767
510.25703
487.3158
481.74278
471.74508
477.8961
517.84227
484.43204
479.94317
484.58526
476.13632
483.76495
521.66385
484.36597
524.29731
482.93641
491.47717
480.54315
479.23414
481.99168
519.74395
520.25346
479.89552
488.0657
519.86968
522.13814
521.73967
482.77613
480.98258
519.92514
524.33832
475.2808
477.30906
520.16531
518.82322
480.26278
524.79408
527.77146
479.60254
521.65914
482.76055
510.23084
521.92029
519.71201
483.79784
480.58978
477.25066
480.1055
480.63793
481.8244
479.6311
521.62419
523.43826
490.67791
480.33399
480.37161
477.50619
518.01924
486.69297
479.4316
509.77055
482.93623
519.31097
516.32049
481.45773
481.15538
456.24504
520.9911
480.95205
504.8874
459.80183
482.32558
482.31844
505.45791
517.98748
517.17245
482.63304
481.32424
517.58495
482.76337
479.74849
476.42035
480.00826
518.05786
488.90341
522.85819
482.34565
518.94379
518.00052
480.40511
479.21345
485.14741
481.39629
480.28658
486.17658
517.49044
480.82327
487.60558
484.04929
480.57898
518.77109
518.33494
480.64282
481.082
520.9176
485.9104
477.3004
450.85764
482.70027
480.84839
477.24853
486.65236
523.63825
485.53446
482.8628
514.27606
479.41294
487.44207
481.84601
483.26822
487.66685
525.87045
518.16083
479.16904
473.04213
483.58733
486.15423
481.29227
485.12205
478.90456
477.5852
486.97069
525.11336
476.9502
482.83303
518.43446
482.40653
480.52903
518.82657
482.01711
482.27217
489.66252
479.23978
518.49451
482.03325
517.98717
474.45034
481.81244
484.86612
482.98833
514.5811
491.17317
518.06424
517.62723
488.34744
517.80397
487.69804
478.8056
475.48939
485.7272
485.07539
477.39216
486.61262
488.54355
479.53291
488.0839
477.85481
482.83588
478.32744
518.90329
506.03145
514.2222
481.41031
486.00726
521.0045
483.6899
482.74825
518.34694
476.41622
484.98891
489.99323
524.45875
434.85164
477.24501
518.71244
518.71907
517.95693
525.19421
487.16973
517.80232
476.93632
480.3803
517.73016
482.04875
481.94655
518.25632
482.58352
488.32286
485.6011
476.68423
518.01254
483.46607
483.01621
518.23678
481.8041
480.41157
519.78754
518.85504
445.14823
481.77197
476.9786
523.3278
479.05986
525.81635
482.9188
517.96244
489.18685
480.63406
483.71403
524.06754
517.9612
482.65225
482.60934
518.48651
482.50669
479.63184
485.51182
480.95961
481.9474
517.99507
517.94825
482.71957
484.3702
517.78009
480.80956
487.09616
518.07676
518.09033
483.33085
477.24004
481.65747
524.34135
481.52911
485.67304
480.94481
479.41993
518.60835
488.64579
480.1518
518.65022
485.80043
480.41605
482.06532
518.6889
485.55046
480.54658
522.526
482.74499
489.7544
478.6679
481.697
487.02254
512.88553
489.2408
518.0199
524.28733
485.24835
481.13914
518.37464
479.71173
480.91943
480.69461
477.75604
518.56753
484.03655
484.63432
477.58665
518.07747
482.87382
520.31184
481.37164
479.85531
477.35106
481.84863
518.13814
517.64692
517.71235
522.46067
478.49176
521.1174
517.82984
476.98843
517.95809
488.17064
486.7767
482.00054
526.45881
481.20871
476.77
486.96321
518.91968
518.53982
476.68278
483.07385
480.80104
518.1443
514.62253
476.46086
518.71933
518.56857
479.84223
485.18388
481.51482
489.75173
480.13042
477.3009
525.10689
514.14926
476.48024
487.3059
476.7124
481.66138
517.95965
520.60263
482.36527
482.03078
518.196
522.99439
480.26061
483.85609
488.28677
486.74876
525.01883
477.70689
478.97942
483.22134
488.10197
481.86466
481.45528
483.064
476.89948
482.03905
523.62679
518.75573
514.44137
484.80051
491.03354
518.58431
487.35995
490.06184
518.93765
488.2027
484.15748
517.79115
518.74946
476.93606
481.60177
517.94631
479.07804
518.23996
483.12924
488.53008
482.01416
518.04225
485.09377
518.65942
485.15211
480.792
489.77951
518.0106
477.56454
484.45387
481.02777
480.5145
518.07456
481.38627
487.63512
477.43648
489.90491
518.02035
482.3631
517.87012
482.84854
481.06724
518.68992
518.55574
477.52043
524.18439
480.06575
481.0461
478.15562
517.97379
517.95926
489.57198
517.82236
480.44122
483.13801
480.24466
474.64477
485.64731
485.64906
518.00828
488.46585
486.78618
518.27115
480.56211
482.51283
484.90603
481.7296
481.12297
481.44758
518.67378
487.51391
485.79286
479.65891
479.39639
479.63753
477.90324
486.21328
482.41018
517.94637
481.90562
479.22635
518.03805
525.77938
482.70762
519.79373
525.05566
486.70777
480.92988
476.94437
521.54093
476.39765
480.90052
479.26197
518.73886
526.99925
518.02529
482.30887
476.95137
484.24325
518.18854
480.49702
476.85273
487.92481
484.57213
486.88811
526.45855
518.96843
518.03742
487.56573
517.97555
476.89483
481.90548
480.36577
525.98428
476.62084
517.98171
517.73381
480.85735
483.48511
518.54421
485.43034
517.98296
481.17956
480.91672
482.13043
483.63557
518.56549
476.47336
481.48504
517.73321
518.38192
517.64197
480.82906
486.84755
517.8284
477.74487
479.20681
517.99936
518.72453
487.93845
481.87295
477.63406
518.32614
489.31026
487.90114
524.31849
476.92012
488.36516
481.506
488.12729
524.21208
483.17141
518.60845
480.49432
517.9452
518.46528
480.08371
480.17849
518.48351
480.73923
518.13646
480.99485
483.13196
480.4044
484.76845
479.31981
480.60666
482.90591
476.72731
486.88356
485.63794
480.87288
481.35315
481.12664
518.08247
434.76788
476.83863
482.34747
518.20176
524.12359
485.57435
517.80209
477.66289
486.1977
517.72582
486.79688
484.7801
518.02825
476.75975
488.76533
518.80854
488.67842
480.16946
480.71252
482.52996
481.21852
517.84672
482.39373
517.92057
518.12947
480.86427
447.56405
483.22949
478.2705
480.40607
478.02379
484.78328
482.21859
518.08006
517.78615
436.6763
477.51009
485.55481
486.01232
480.23941
485.758
476.56953
480.67333
517.74657
483.0777
483.34318
524.92565
489.6354
518.00605
442.5365
480.91483
518.49416
483.10744
476.71981
480.91464
482.79101
518.28483
483.69458
483.87881
482.57792
517.81974
481.09287
486.81843
480.35759
517.98617
486.85927
480.76969
486.75808
481.12797
524.96567
482.58263
517.64513
517.90563
518.08465
477.58535
485.37987
496.78068
518.51321
518.57318
488.06829
517.82533
488.64719
482.93704
516.5193
481.19475
489.65989
430.24351
482.95229
518.11757
481.80749
480.73763
514.65236
444.88685
480.5376
476.49252
478.03678
520.30351
491.18685
478.18024
486.31473
518.54124
429.61184
487.19129
481.26337
481.34944
477.69549
480.45183
520.8518
476.92452
521.02317
489.15197
479.21164
517.96558
486.76132
489.55201
524.08054
518.15009
525.57223
517.95612
479.97838
489.4591
477.31817
517.92297
476.70702
487.8764
517.80708
482.64029
483.73232
476.73701
506.22634
480.85848
518.60971
482.95577
481.29678
520.23417
517.83933
476.73932
517.77441
483.56907
481.05516
517.66512
488.00581
518.05785
518.01647
481.71718
480.94404
479.88471
518.66376
483.27526
518.1326
488.73406
484.16054
518.58449
480.73852
518.09314
491.16653
476.56137
489.90458
480.44102
480.90537
480.84936
487.29625
476.14784
488.80054
484.37362
484.9732
477.3751
487.44385
525.00696
481.67456
517.98637
481.60934
486.92838
517.93307
476.70885
485.06734
518.56355
514.31285
518.68953
518.49276
518.09942
517.68988
518.71646
480.86448
477.65573
517.78903
518.58616
480.50444
481.4169
517.76783
518.23014
518.00468
476.67949
434.00476
517.82345
518.16382
485.51374
481.65673
480.79332
486.2799
507.3689
518.45912
485.66574
482.52288
483.09184
487.38469
481.50222
482.30108
517.916
481.68556
488.27041
517.67999
483.56324
480.27157
478.91416
489.4561
524.28715
483.52888
481.03929
476.75489
489.44723
487.25183
481.66052
484.63907
518.57444
476.6875
482.04135
485.45927
514.15814
488.50152
518.29367
481.99562
480.14947
517.80405
487.0407
482.31071
480.74868
476.81323
482.09977
480.96765
480.7042
436.62391
481.76479
518.36804
481.73704
517.76033
521.3511
485.58394
482.16121
482.48449
481.76048
525.43717
514.37073
483.59871
480.96245
482.7945
480.32461
480.35497
482.7767
480.36451
482.74619
482.6531
482.57199
520.29171
482.63086
480.47118
521.18361
482.48886
482.35858
480.05512
480.22182
479.9691
482.39475
521.41886
480.03375
521.08886
521.0474
480.15311
480.08504
518.6513
482.6292
480.05612
480.42801
521.16965
482.86469
482.81879
480.33455
521.07575
480.07324
482.8412
482.54738
480.19786
480.23381
480.38296
521.01788
485.24484
482.6944
482.6839
482.55797
521.01679
480.30309
521.16306
518.94619
521.00859
521.02238
482.76013
480.30437
482.35435
480.25815
482.61795
480.50057
480.25718
521.10465
482.29243
521.17618
480.49193
480.46052
521.06987
521.08361
521.16896
521.1905
482.6734
480.21548
521.13946
521.1301
521.08783
480.62186
521.01185
480.59227
482.54111
480.35413
480.53632
480.3319
482.2726
481.53059
482.53836
480.42848
521.15338
482.20416
482.52318
482.2121
482.35969
521.15552
521.18233
521.05604
521.03703
521.02645
521.19558
480.59505
482.24106
482.56654
521.21098
482.45218
480.42717
482.36897
480.28305
482.55979
480.12166
521.14297
480.32355
482.21335
521.25812
480.33756
482.20486
521.26305
480.33504
482.16557
482.47297
480.25189
480.5794
482.68898
480.61626
483.2057
482.51431
482.39767
521.22637
520.19751
480.50381
482.27359
482.94333
519.96644
482.56523
521.27665
519.88824
482.14892
480.5257
480.30349
477.76545
480.31827
482.42033
521.24461
482.16697
520.86656
480.42833
521.22956
480.61125
482.35993
480.31007
482.05576
480.37045
480.35965
481.99073
480.26637
521.33853
481.96662
521.40173
521.3277
521.35461
480.62756
521.29641
482.22226
482.05358
480.72035
480.55032
482.43497
482.13647
480.16902
482.12707
480.24274
482.4916
520.55597
521.35411
482.49974
480.20032
480.46711
477.2824
482.2122
480.14647
521.38681
482.43535
480.62482
482.57834
480.42442
521.26255
482.39377
480.04963
482.29702
521.29552
482.45822
478.43845
482.43755
521.35489
478.06636
480.60238
514.30151
521.32499
521.36303
480.01204
482.41601
521.39725
521.34182
480.52268
480.38964
521.15778
480.59985
480.32515
521.3017
521.22775
480.27503
482.46103
482.14844
480.1445
480.10158
480.49246
480.03538
480.50872
521.22396
479.92389
521.21378
482.39028
482.47942
521.1795
521.25699
521.32661
480.18499
480.06475
521.3412
482.89227
480.3207
489.13365
480.18108
482.28317
482.93845
480.15834
481.31408
480.17341
522.79864
477.12928
480.19842
482.30085
480.36497
480.2813
483.30461
484.94493
482.81005
477.11178
480.22607
480.45719
521.27184
482.67479
520.74387
480.29863
480.37903
482.7773
480.39942
480.29195
488.87086
518.00382
519.87574
488.68804
520.90809
520.71703
482.663
480.30378
520.85455
477.1198
520.92164
477.78957
480.07674
480.11521
520.67662
482.56672
480.41306
480.47221
521.34121
482.5899
480.13179
521.37062
482.61237
482.19968
482.16131
480.11916
482.40707
483.98704
482.40862
520.85973
480.07563
477.15271
521.26954
521.23983
521.35416
482.64252
480.48102
480.43233
482.26695
482.3449
521.24556
480.18374
482.40714
482.30767
521.23789
482.37709
480.18262
480.25861
480.32479
521.28405
482.75142
483.23782
479.96209
521.3127
482.8583
480.36338
482.71708
482.64844
521.2273
480.40102
481.92828
482.72942
521.36149
482.67245
518.19344
521.27886
480.3659
518.16914
525.75691
521.22681
480.35802
480.22872
482.88263
482.54405
521.31959
521.19203
480.45667
524.77315
480.00003
482.53371
521.30915
477.60093
482.59159
487.19826
521.19995
480.10962
482.40872
480.24893
482.45871
482.73648
479.93979
480.00431
483.01613
521.1948
477.19182
520.68225
480.1368
521.17761
480.19197
480.19285
482.6128
482.45529
481.69135
489.44861
518.12449
486.7429
518.38725
480.08434
483.02301
482.97696
520.63878
521.15188
484.38389
489.28509
520.69247
480.13324
521.21893
520.74284
488.85729
479.87934
521.07549
520.78288
482.90904
480.29148
521.18659
479.94487
479.85145
486.64749
482.77326
521.06311
480.5034
521.1256
480.24469
480.25904
480.18574
480.2738
482.5567
486.88304
482.54943
520.5264
521.04952
482.89298
480.12994
480.33516
482.69785
479.92671
521.06363
480.18137
482.94411
486.99741
483.03847
521.09913
521.11606
479.90007
482.9175
482.76586
482.70707
482.9934
521.22351
476.76349
521.13123
480.24987
521.09757
480.18644
482.40425
482.64216
482.68866
482.89184
521.08077
482.56107
480.86058
481.89443
479.90844
485.37957
482.48934
482.78046
480.23868
521.0243
479.87672
482.75745
480.41332
477.17876
482.82624
521.10002
521.08131
483.06991
482.62963
521.01154
482.51734
521.26873
482.72565
479.92637
480.04039
479.98608
520.76598
520.42295
477.18469
483.08875
480.07325
479.85667
482.83471
482.97147
479.84153
521.00408
479.86599
521.07022
482.94809
483.05975
480.10444
483.01176
521.09634
521.05998
518.11178
479.90284
480.01702
521.03357
483.13091
480.17297
520.99451
521.00208
521.05201
479.93672
483.02852
480.13737
480.075
482.81368
521.17053
479.9699
482.98127
483.52237
491.57564
479.19276
520.96627
521.4119
482.34337
480.53502
488.42474
518.04803
476.83133
518.5351
480.14339
483.21971
479.88953
518.59957
477.0121
479.91293
518.99467
477.54955
521.10387
480.4945
479.64197
480.93986
477.20415
483.16724
479.81304
479.94401
479.95702
482.79859
480.24032
520.54949
483.68019
481.14137
525.42852
479.82739
480.34929
483.08859
519.33447
482.87597
482.84114
489.5939
479.92233
520.4336
521.20354
480.16418
483.00391
482.07956
482.96749
521.02852
520.35074
479.40519
475.18305
480.07423
520.97706
521.05152
479.9983
521.02255
479.95296
521.0055
480.18213
521.08126
521.0252
520.9852
482.88081
483.2501
521.13904
482.92095
482.69229
482.75369
520.97227
521.01026
482.94351
483.07903
480.24553
482.87269
483.07067
521.04246
482.18808
476.60611
521.10605
481.80401
481.34606
525.82898
482.06853
517.68589
482.94572
486.8392
482.35041
521.01203
479.52051
520.23081
483.83645
521.23706
516.79678
476.36515
521.05077
473.97167
518.28035
482.39791
479.08951
518.0392
481.34764
480.04655
481.37881
524.40331
482.36352
517.73666
479.95699
518.62946
476.59502
517.76063
489.5661
482.74627
517.9112
477.47943
518.82066
482.1001
481.73819
481.14093
517.68039
480.38678
487.3597
478.64657
528.49592
488.64397
481.97512
518.82437
523.00968
482.50303
482.02678
520.62631
452.4871
482.42846
474.61696
478.59812
483.10694
521.32367
477.90202
483.03048
481.09757
518.08231
476.76369
518.47694
477.89521
487.02232
481.74092
481.93967
521.05016
477.20198
480.60785
483.4801
482.68907
517.90632
482.72622
481.17114
523.84177
520.33288
481.49663
525.09487
482.43487
480.66792
521.83704
482.22347
519.89999
521.40994
489.07787
481.77525
527.00565
519.28085
482.21352
481.39526
483.15465
518.67953
483.27258
484.06028
520.23701
481.03157
482.50212
522.92312
521.98211
516.97731
482.66025
481.54483
520.56268
481.44938
519.27495
524.94559
518.28888
483.27924
484.06744
485.64836
481.7471
519.18727
483.67436
519.39373
480.94997
479.98497
519.41048
480.35413
482.84034
522.13648
480.16238
482.25416
519.5108
480.40813
481.04007
520.05361
476.69695
483.07588
483.23168
482.42215
480.77953
482.4456
520.13993
480.99706
482.34769
485.62336
450.90223
454.05165
453.75285
482.33326
483.44067
481.88486
451.99626
454.89115
452.54441
519.77054
481.43533
483.13392
482.20259
480.72017
520.34062
483.53576
480.61682
505.09409
490.17737
519.94199
509.91018
482.88272
522.51016
477.41715
517.26816
504.37648
481.80715
481.90962
477.68859
477.8159
523.03698
479.20277
517.95124
479.78436
479.76164
520.81011
521.24762
483.30758
480.01866
481.94221
480.25867
522.88114
510.03387
481.79202
515.3931
483.38158
482.49281
490.85622
505.62239
480.12912
482.10211
482.20978
479.24325
478.93646
491.47107
490.67518
482.88945
490.09347
480.21508
520.7227
520.71267
483.77418
483.62556
516.61176
481.45496
483.4612
520.99389
483.95023
482.85206
480.39117
480.03798
518.66613
483.66867
479.65109
521.64733
482.79137
485.93226
522.56954
478.31336
480.05871
482.73216
522.41948
520.75183
520.33163
482.87938
521.27938
483.93116
480.56937
520.72936
510.89268
489.25004
507.09893
482.06182
523.90567
480.8215
482.22141
482.51448
481.10984
503.99836
519.57883
504.74836
482.76984
483.74224
479.81724
522.49303
517.98673
481.82534
519.97601
480.36618
446.89938
504.805
506.1718
477.24914
459.5314
446.35682
509.89718
453.74679
480.94289
446.64459
516.2449
518.84454
453.3223
479.97926
481.12663
431.12396
522.71751
482.25946
483.01045
480.20721
480.18066
449.06788
481.96998
478.25661
486.70488
521.89698
523.64436
519.44177
521.44593
477.53151
476.38683
484.2097
481.19507
480.05175
481.57655
504.60712
480.8657
481.45983
482.00956
519.63572
481.55321
522.25056
482.08263
481.55244
482.35312
519.91776
483.04558
486.57733
480.80036
477.01091
483.03471
480.21627
482.85659
482.97484
488.51932
483.0727
485.9857
481.08593
522.36633
521.87784
520.92139
480.01049
516.56513
521.81436
479.76399
482.33071
477.0572
482.80417
482.13849
478.86015
522.18683
487.4677
518.87575
480.93885
482.85373
484.54543
519.33532
488.55712
481.53095
519.3199
481.6121
520.17041
481.39803
481.0234
521.7527
480.46358
481.21799
487.08575
484.67185
481.83484
517.87667
482.04206
519.57374
517.91159
517.40941
480.3405
485.9426
477.56155
479.15016
482.06025
522.04977
480.10296
479.51161
480.27886
520.6994
478.02069
519.33837
522.01973
480.79312
478.46679
469.01711
475.36981
482.22121
511.12671
515.48285
506.05312
459.16464
458.66293
455.71788
457.1857
509.8068
518.6629
431.48724
520.92566
482.72989
458.50129
481.14512
505.87873
483.20633
482.28514
481.97424
505.59135
451.29151
481.37608
517.95978
486.83911
479.76167
518.82348
478.92813
485.11085
481.07577
481.66498
482.05729
518.53666
480.5642
480.98331
520.22882
519.0782
481.3852
449.32
477.51579
483.39544
481.42389
481.56912
482.93526
508.09762
522.25949
523.10517
479.18679
479.01255
522.957
480.00656
478.88349
479.98924
521.15996
480.11895
482.25978
520.79624
480.83367
483.19312
482.83783
480.68587
482.17399
522.84794
521.52251
482.65417
481.72875
477.08294
480.26349
519.79747
483.05867
510.0253
505.10997
484.00641
523.39961
482.95481
518.20586
453.21622
454.18434
482.52493
510.0613
516.92704
455.04585
482.55778
454.30769
520.74626
452.65627
517.43287
482.96857
483.08294
481.38019
482.72019
484.54317
518.64961
480.86348
519.78855
483.33933
482.75686
505.42836
480.60592
456.57779
479.22284
484.3572
519.28964
480.2707
482.47659
480.85187
492.76219
482.91796
521.69118
517.82899
518.54419
483.7727
520.40134
483.93452
481.855
482.826
518.869
518.81575
475.27114
482.3989
482.52413
484.25046
481.36112
517.88826
478.49978
480.62866
517.86355
522.8286
519.12731
522.11077
519.23424
483.50838
481.94153
482.84999
518.94095
522.51512
519.84616
482.58281
480.86695
517.87831
518.54188
477.71076
479.95183
489.47542
518.28046
481.27967
479.61384
481.96652
477.92647
516.63006
439.02313
483.17816
482.75872
488.7857
481.47283
476.66644
525.00897
518.18481
517.66446
481.90016
439.08572
482.56492
518.17786
488.02326
481.70368
480.71992
481.53487
520.23496
434.63509
521.8034
520.36998
481.855
482.89292
518.90884
481.75447
522.75917
518.59199
485.48744
489.60132
519.59093
517.90217
485.3416
484.50389
518.24369
482.46561
482.82313
517.95266
477.60781
514.55791
488.17253
518.626
489.8362
477.62405
481.34724
481.5632
480.81055
477.41272
480.27128
485.43209
524.32482
517.9008
491.15091
518.0152
476.82621
484.8023
480.28714
483.90402
524.6604
480.79427
517.82697
487.69752
476.97622
488.49542
517.70604
520.51046
486.7315
481.8023
479.18732
481.07394
506.0039
480.39505
483.35863
481.77771
480.1485
519.76445
485.73574
483.53621
517.98921
481.72243
483.8281
484.9869
487.23921
521.96392
481.33472
518.4739
517.78802
481.74866
518.00101
477.64198
487.00663
482.85616
482.83733
480.39208
520.99139
480.36113
521.07825
521.05536
480.1235
482.80284
518.15453
480.31537
482.95375
477.47969
487.08836
480.38966
487.43681
483.32284
480.47029
482.52179
521.06483
521.06381
480.18015
482.7448
480.13793
482.98922
521.03167
521.04282
482.90507
482.78659
480.4417
480.1175
482.60925
521.1079
480.15691
519.69106
482.65247
517.76184
480.16956
521.65234
480.20051
482.71038
482.54225
480.39775
482.59086
520.45834
505.50753
521.30437
520.98327
520.9768
521.22497
521.20303
518.15887
480.28052
480.2888
521.04674
520.9953
482.40624
482.72446
482.41056
480.2167
482.68407
516.67803
480.34244
479.80493
517.33859
482.69168
480.47393
480.49558
480.30873
480.18737
482.84893
480.48543
480.37382
480.37144
521.00681
482.64089
480.19116
480.60872
521.014
480.57215
482.42455
480.4063
482.38039
520.99817
520.99928
482.32058
480.04595
482.71465
482.44737
482.43111
520.98263
481.3265
482.35221
521.0594
487.49855
480.52187
482.60081
480.59043
480.64989
482.51623
480.55184
520.99813
482.62738
480.63909
480.32355
521.00727
521.05032
484.31835
480.33972
521.2071
482.62702
477.60781
482.44429
520.98665
480.47237
482.26562
482.26715
480.63627
482.52141
480.67108
520.89325
480.79468
520.98113
482.49679
482.39931
480.82123
480.72118
521.02454
521.01823
482.57344
519.58226
521.07479
482.62694
480.38898
481.022
480.56431
521.03858
480.40894
521.03312
482.31006
480.65787
482.49928
480.74823
482.56654
480.75219
521.10736
482.49723
480.33538
520.98043
480.40939
482.30202
520.98528
482.52039
480.68818
480.66402
520.99913
480.34506
521.01079
482.59051
480.47736
482.32786
480.45485
520.80688
521.26054
482.35122
480.37811
521.01725
482.56757
480.46861
521.09848
480.76786
480.84773
520.98072
521.01235
480.50481
482.48217
520.86581
480.56318
521.49771
521.05132
482.15373
480.63313
480.72154
520.99051
482.43831
480.61794
482.26858
521.01774
482.57998
480.69826
482.11758
480.52488
481.429
481.62137
482.16778
520.67925
482.11517
482.11338
482.87741
482.15418
480.89348
481.26698
520.94715
482.38564
521.23543
480.35441
480.70144
480.45689
520.44386
521.16111
480.83937
482.5124
482.40551
521.0156
482.44582
521.06804
480.91604
482.50713
521.04449
519.77058
521.01779
480.57629
477.36822
490.81699
487.03971
518.14179
477.46937
482.65889
520.99367
479.55803
525.83877
482.22397
481.45186
518.10093
485.06665
518.08115
517.93196
518.05573
484.18868
483.09401
483.76559
483.01946
482.55676
481.8351
518.35774
488.32693
487.20349
518.48733
481.09125
487.45599
485.38884
518.59646
521.10912
488.06285
450.6518
482.95633
476.79495
517.846
480.75621
477.55956
484.29561
479.91899
516.33794
483.49111
477.53407
488.25233
481.46
482.28041
525.05084
479.80123
481.93012
483.25924
517.97932
482.65966
518.33591
480.58684
481.85274
517.69296
481.53984
482.60859
482.06461
517.88038
518.40325
506.56816
521.04322
481.20266
481.15757
518.12015
481.52485
480.99926
480.27349
484.97572
487.66297
517.92621
439.33822
480.84324
481.88855
479.19856
488.03235
518.79329
480.34084
476.72648
521.06559
517.855
517.8848
479.2373
485.86481
522.93927
476.19442
522.79969
475.5627
441.23583
437.71121
474.81532
435.48453
449.91038
440.45481
430.51911
525.08617
435.53552
453.65901
438.88855
455.52919
432.63164
474.78262
506.51569
504.92511
501.90015
439.90362
438.50566
500.54258
435.6639
485.60602
442.1932
480.64068
476.38467
523.59528
477.20759
482.50996
436.94212
520.02557
521.71078
521.63252
482.29071
519.63612
479.74275
434.70339
433.49863
498.06667
453.85853
520.88168
507.22661
479.08649
441.04966
448.12907
478.94097
520.12545
495.81627
432.46178
508.88533
476.67528
482.22274
505.95391
517.83779
448.65
520.979
478.60599
441.23769
486.896
517.57598
479.04508
446.12459
476.11171
517.66964
485.34679
441.51628
479.40381
517.77386
438.41109
480.27589
503.86859
520.92065
436.91823
506.64873
439.86695
456.068
480.43167
504.57031
444.43626
438.07132
500.0191
442.43
503.56051
518.77903
432.70737
525.05985
480.79797
505.15853
484.20596
481.61215
475.95051
520.60803
478.319
480.54003
482.38386
482.5931
482.76277
476.80331
476.07984
525.95647
483.54846
480.35612
481.00921
481.92538
480.909
520.93832
481.06937
518.14465
515.44645
449.09087
518.61843
436.30319
430.8191
480.82547
430.70383
440.02016
440.84144
520.89507
482.21792
438.28543
525.1249
520.63779
476.49531
488.51416
488.91058
473.8053
524.60593
483.63992
504.99498
475.04525
481.16441
483.98856
521.30568
485.94606
440.99784
438.23705
495.3515
483.90726
480.53768
525.24819
506.87024
518.36299
509.86242
517.50252
506.53807
431.78893
444.22999
519.71754
482.26287
481.94686
477.07689
480.1771
483.11825
527.47657
482.7898
484.39344
519.63741
482.87421
519.37657
481.94159
476.95534
481.00845
480.7402
487.07844
479.54773
519.79386
482.37891
519.40764
478.98145
487.41439
481.67253
518.97914
480.83171
479.90818
519.09976
481.22178
519.15475
480.78234
481.54635
481.45977
482.5803
482.36131
527.56805
480.78349
488.0498
519.17419
480.03853
480.17812
481.36647
482.64505
476.98585
519.88236
520.93437
482.91151
483.70817
482.18426
527.21415
518.61208
481.26086
487.76792
479.87377
480.34981
527.57653
481.10247
479.43048
519.92312
480.38203
519.57144
477.02946
482.86823
482.08651
519.40321
476.71725
482.24893
483.21253
481.40195
481.1671
481.87376
524.35978
482.78942
482.6028
479.40878
480.35515
481.16644
519.6996
527.52618
527.37308
477.19655
480.91765
481.03249
520.82189
478.20447
480.79396
520.82397
481.35439
484.19132
519.78598
483.31074
519.3409
486.56224
519.84066
483.28913
478.11052
488.3331
527.38204
479.53711
487.21337
479.14067
484.32933
519.66125
481.69387
477.59382
521.45617
480.22931
480.98849
482.79495
482.34238
488.80521
481.7507
481.87067
478.34644
480.37204
482.42995
487.55736
483.02095
481.98988
484.80749
488.78082
479.62268
486.96646
481.70982
520.86774
479.73007
482.77336
477.92035
520.11374
519.98489
519.43272
482.40526
477.11583
520.87257
519.70018
519.48444
482.90187
522.58383
487.68545
476.30002
520.24891
486.41152
480.66645
519.38593
479.36334
479.61452
478.89711
479.93099
487.65506
479.74058
483.49645
519.88315
484.11864
480.16157
519.12071
481.71058
520.21956
477.07811
477.63149
519.61183
479.66629
477.30376
482.60531
477.18991
480.89777
519.9132
480.87611
481.6086
483.5881
480.65262
480.82865
481.18858
520.84777
484.29449
525.51106
476.83594
478.6787
479.75205
485.71495
477.99928
523.91385
482.24257
520.61033
482.69079
480.77781
483.40461
519.601
482.89699
481.70234
483.91578
481.18101
481.3146
482.46633
520.70359
481.12044
476.97009
485.1488
521.51281
474.02787
480.4906
481.88336
478.36383
520.95315
488.46794
481.87891
477.20003
523.79094
482.83248
483.9678
520.22492
480.39534
519.04324
480.06149
484.41208
486.91305
487.27282
488.52219
518.85185
481.49913
521.30112
520.3469
527.27489
481.49282
482.69406
517.94467
481.05631
520.72768
481.29392
483.67038
519.52484
518.50184
486.6259
480.31565
483.67747
487.78143
522.393
482.36058
480.88276
483.08094
482.06051
481.35978
482.62999
481.29311
520.39423
481.55568
482.61449
480.18593
520.48138
476.92195
520.8481
482.13651
518.82911
483.17133
478.31823
481.42688
481.88872
527.63943
480.14636
479.4803
476.358
519.09532
480.28586
518.85
484.12028
520.01536
519.22365
482.13821
482.21432
477.98051
482.87366
489.25903
518.97229
520.26164
481.75096
479.77549
489.75897
521.14366
477.37699
479.74609
480.94229
520.46893
520.76905
480.03309
482.25462
519.36016
479.94646
518.9835
479.82929
518.56099
481.04179
479.31894
486.92024
522.91712
481.49549
520.74312
481.07187
476.17596
431.46148
480.07912
482.05772
527.58051
519.57619
481.47577
483.34054
481.38607
479.72036
507.77581
481.01965
470.68621
482.6034
520.18728
482.06091
522.13923
478.24991
523.24625
482.99869
481.72178
520.10753
518.35765
482.38783
482.85563
481.57005
522.24856
482.99908
477.82974
519.08623
490.58433
523.68833
483.03841
481.49957
517.80773
479.15698
439.39965
428.71259
478.87924
437.87123
443.6754
481.00658
500.24959
459.09231
445.32549
483.1539
482.90235
480.63936
516.00056
443.61745
505.97812
440.21319
439.71203
457.57283
452.86046
517.45803
509.98495
452.7948
481.18275
433.65477
521.0085
437.83509
440.12213
456.0663
437.19233
507.02766
505.21597
445.73671
453.54513
476.98313
502.20783
518.30953
500.53876
432.9622
504.7689
487.38309
482.45731
519.10785
519.82274
483.76917
483.11393
482.52943
499.1229
480.51806
488.68596
482.53742
484.19474
506.07798
522.82974
505.15146
519.49541
487.92155
519.62033
435.35048
517.61367
444.32044
442.34507
444.06446
438.58601
457.73449
438.08525
445.5581
456.94668
483.46093
481.5647
484.66918
505.21721
432.97547
477.30235
506.01621
500.30017
516.80453
479.56641
481.60765
482.78225
443.15835
460.2936
439.25204
489.29841
522.08744
479.7403
500.99875
481.23395
483.09201
521.09055
478.31924
483.58689
484.49514
481.71443
505.78802
519.91466
523.50259
523.48157
480.66845
528.11751
518.80926
522.27311
437.74899
481.28811
484.11115
522.02609
482.69578
476.80286
445.74632
480.41151
481.30245
481.94557
482.05165
519.74529
519.31868
482.95269
529.46004
473.71748
519.40418
479.07531
489.27975
519.08516
485.96852
481.36203
527.73315
482.53673
519.40014
481.74528
518.64033
519.1134
483.04032
482.65927
518.53579
484.36211
520.80323
519.22019
520.12899
505.42369
480.10872
520.10811
505.17967
519.30175
476.77606
519.35227
481.60085
481.84201
526.71255
481.9719
476.41803
479.33984
519.36487
482.24571
478.91541
519.34435
487.05186
482.61139
478.90459
479.78803
481.57333
480.20106
481.10355
480.02822
483.54989
481.16793
477.42508
518.87218
527.3221
519.01087
481.92412
481.04041
527.06901
481.28089
520.6324
486.45113
477.80937
484.0521
474.23085
436.04057
504.92954
447.24993
488.99656
480.1264
519.8704
518.99834
524.42564
519.9608
481.63702
484.16012
433.69563
480.63692
476.71439
521.13487
518.81355
439.54416
449.80911
500.1119
508.50057
519.26283
520.86921
480.89442
518.30728
440.99395
486.65843
521.98155
478.99078
519.44937
488.11019
476.93117
483.65432
443.88048
430.88491
446.18082
455.22435
521.03772
442.43109
479.599
440.94521
449.7448
438.81399
433.38118
482.62741
524.82287
504.59949
479.40616
421.76468
481.70738
519.12466
526.87804
460.20299
492.51766
438.57372
505.71482
435.0277
505.73638
428.5602
480.42214
439.17462
504.89744
442.85902
507.19419
446.62394
433.71788
516.60776
476.72621
514.84075
480.09651
491.11737
481.00903
520.80384
517.57251
433.97921
448.91008
476.36503
505.21374
502.84985
478.92519
524.15372
481.61316
515.637
446.66627
480.14467
433.67876
441.04002
477.68704
505.59428
503.75223
437.79214
445.71326
438.86468
505.47869
451.9423
435.04675
447.74787
481.38291
448.69516
525.25557
453.8582
500.67644
429.87896
481.8617
523.16559
433.12898
481.69854
474.76878
524.02258
482.53857
483.52604
481.34022
519.41137
519.21512
518.26626
480.85124
517.81209
492.38592
478.9219
480.51942
488.39729
498.11345
523.36746
453.4734
484.66205
483.60351
481.73111
481.68562
483.51368
520.47936
482.65625
481.40418
476.29924
476.77011
482.83206
520.94321
488.45321
482.45126
482.83237
520.93961
481.57875
482.19744
487.90306
482.54419
482.47072
481.94805
488.1347
519.35136
527.22644
518.29105
515.70714
482.47193
480.92903
479.5283
420.63736
433.176
518.81249
518.53243
482.09631
519.32062
518.15907
443.53921
434.77509
439.01248
475.75248
486.37533
478.83222
481.2889
482.60854
481.84072
482.28885
480.20233
504.7917
443.1422
442.3145
438.36683
457.14139
501.13132
444.31134
476.98563
522.39812
425.40353
439.95919
422.73312
450.79767
517.70634
502.09772
504.44389
451.95903
438.13564
483.04098
486.5826
483.32529
480.76068
483.05052
514.7225
482.10624
431.11702
451.19471
526.76108
441.14824
517.42371
433.74174
479.1354
435.09159
518.80764
518.67114
488.72749
481.58671
483.30575
478.90095
440.8862
453.75153
483.12744
472.50262
441.62392
433.65171
505.63387
516.66191
484.13899
483.334
481.95259
519.33518
478.14729
434.91415
481.36561
480.66982
482.02807
477.44264
481.53787
518.73008
446.45708
476.77699
482.93995
481.9087
480.31285
519.05951
522.34014
483.14008
444.91732
482.11679
480.6312
481.77241
481.75377
482.84033
487.35239
527.41446
482.0632
480.34119
482.69987
482.6844
476.74657
527.48125
518.79459
482.59455
518.64715
521.92262
522.0295
480.9178
518.90408
518.86503
481.81144
478.76773
499.39559
519.38875
482.5751
478.4043
481.87037
481.08867
481.62294
482.36288
482.08723
479.85554
482.18317
478.34975
482.15384
527.15377
518.96418
505.5853
518.8294
480.53467
491.98981
519.36945
482.5421
518.87601
482.14553
483.13804
483.06332
518.89921
518.79758
480.69023
482.77633
483.36187
482.30203
487.56231
482.63078
480.04693
522.63007
479.71887
520.19555
523.63531
479.77878
520.20465
522.59414
523.71993
519.43855
480.93992
481.93462
479.93408
519.08726
481.08837
476.84666
487.87177
482.98233
478.87279
481.58141
482.72886
481.17242
481.01411
523.66282
527.51285
523.43513
519.41518
483.05896
480.72919
519.20033
480.72111
481.86956
480.24264
476.90554
527.44547
478.99033
518.78132
483.20775
523.84472
520.39498
482.10744
519.34145
487.77983
519.0623
481.31884
482.643
527.48706
519.22937
481.17937
482.49269
519.4111
487.29885
519.1334
480.66569
480.86289
481.91253
481.4184
482.27582
482.8547
519.24261
483.41411
519.31036
518.87016
519.12603
518.99346
481.18925
483.21774
476.82333
480.6956
479.95251
521.13787
479.92907
482.58522
481.57532
527.01017
481.03392
522.72254
518.96447
482.32
483.96406
483.19687
477.47759
482.4553
480.95614
519.43288
478.25878
523.13263
481.0049
489.26747
482.5401
480.41401
518.16409
477.5028
476.82001
481.15376
480.66196
482.96199
480.37081
529.15999
479.98894
522.96244
520.70685
479.71319
483.31756
481.6359
519.37878
481.26023
522.03864
483.90912
481.71853
481.99156
482.13541
481.40539
481.74716
482.39043
519.80428
483.05371
481.75178
480.4182
518.80421
482.36785
476.77892
482.72653
481.02923
483.11884
477.37667
482.37375
481.85928
477.46263
483.22939
481.02588
519.03831
519.62906
527.94308
480.01203
481.74194
518.84244
483.75608
520.24672
489.09561
499.69262
523.85441
481.14565
478.87717
520.56485
480.26102
481.31899
482.89758
488.6546
526.7732
481.05314
483.4112
526.79594
522.54056
518.99464
479.96488
519.39422
482.06578
519.28505
519.04372
482.05913
481.89478
482.23876
482.15437
480.00944
519.61568
518.70453
481.62186
481.0855
519.34064
481.62902
477.71869
526.72018
519.60275
478.7647
480.82796
523.70697
519.3523
482.35735
519.45839
480.89562
482.60653
477.60757
519.34515
519.29668
520.64205
481.43207
477.09031
520.6885
484.7229
519.35292
482.1219
478.59441
518.82988
488.45057
519.48657
483.2753
477.84807
480.37508
481.34204
480.29033
522.90822
520.74103
524.30828
480.80891
519.32102
483.15367
519.15137
480.85135
522.97032
519.62845
481.51521
523.79544
526.9485
481.58312
481.28811
523.84262
480.85751
519.52773
519.41182
480.90182
481.51313
482.99269
482.23462
519.15786
518.89214
483.52154
524.26553
524.4209
526.17835
525.98273
520.08048
482.93029
521.56006
520.80876
523.86164
523.34301
481.21212
483.44732
519.49529
480.87305
480.70992
519.04589
523.49167
480.72759
520.93729
479.32518
481.65182
481.81124
481.21371
477.96952
525.39017
482.15603
519.35132
479.99663
481.49146
484.12932
482.76502
520.13077
480.56085
483.52818
526.03804
479.86391
479.91305
485.27958
483.15563
490.18843
477.38477
488.04398
482.5488
519.31267
527.17136
486.71879
482.00872
478.43789
520.89162
522.26191
482.435
520.71839
483.36699
526.33096
476.88434
519.14925
483.16322
518.64896
482.63034
519.79881
480.18548
480.67805
482.21452
518.91991
480.91257
489.23136
482.27384
479.16408
526.31052
520.79595
519.9754
477.46811
483.5614
520.64318
522.13182
486.12726
480.59261
480.42489
480.59815
520.35113
482.17171
519.76487
481.04546
482.35553
476.9263
519.60672
483.8923
477.44892
480.69518
481.68596
487.8138
522.35912
488.07467
478.25687
480.48452
481.10305
480.53804
482.57592
482.01121
520.10895
520.88839
523.40052
518.85767
487.17403
520.34434
477.79925
480.4397
518.86268
483.66653
478.52069
477.7078
477.80125
483.64489
480.88718
480.25651
480.71615
483.0496
481.45484
523.66885
488.15337
521.73815
477.6487
480.77889
483.19536
480.13709
522.01927
477.61509
521.52487
520.89301
478.26827
521.32617
522.59748
522.01919
522.40484
521.6154
476.18035
482.77502
482.51268
481.20828
523.45802
478.09748
480.06138
524.06854
522.34857
482.64076
522.65908
482.60621
481.04229
478.38279
521.57423
482.80222
483.24261
481.3694
482.58691
521.5189
477.75757
486.99765
522.59642
477.66602
521.52602
478.6112
487.43819
523.46246
478.92101
518.48962
481.33109
522.54784
489.21105
475.38071
481.28673
482.5574
523.88591
482.05651
479.76178
522.78314
522.69343
521.667
480.3484
481.55468
481.4588
521.46831
481.02742
485.53625
478.40514
521.84128
478.40009
482.75467
446.34197
483.29433
480.24007
483.11017
523.70192
482.87684
478.46562
479.04773
523.11092
482.37656
524.23221
478.95256
486.55043
523.21366
522.09777
476.47699
477.61672
482.53263
474.72298
481.39238
478.68206
476.97477
516.90086
525.76722
481.32434
521.38831
524.47092
475.51353
481.44073
477.40343
483.45978
481.33629
482.25382
521.40896
483.00597
521.28431
518.79826
519.66589
482.29348
524.47966
478.11998
481.73845
482.281
484.06836
477.5255
521.68019
478.74825
524.54915
522.3676
480.06867
520.27771
482.60838
478.64214
524.1813
520.96563
486.16013
488.03696
484.12978
478.4418
477.22262
521.65327
487.09122
489.25136
480.46055
522.1067
472.97874
485.99866
521.20881
482.3913
479.39708
480.39346
482.52425
520.67094
485.17359
486.74435
482.50864
480.95699
478.76556
521.54397
477.80918
483.21953
484.85264
480.81126
521.68666
521.29144
483.06014
483.34499
480.86569
481.63018
485.31416
482.38338
478.72436
521.68422
478.34046
521.94822
480.35051
478.99783
483.28815
483.09045
477.26677
481.45207
481.52182
488.11708
521.27109
519.71707
477.8132
489.06709
481.49509
525.34805
478.34778
525.20391
477.07816
477.44406
518.27621
520.87572
481.26041
481.29283
522.32569
520.8946
482.13729
483.36656
476.70997
473.16052
521.6582
524.92817
476.73556
486.87438
479.14737
523.44198
483.13148
481.20599
521.54063
476.21392
487.68644
520.90157
485.44821
481.48244
525.56563
482.67259
483.91046
480.69259
482.12069
517.87792
481.31775
524.85583
479.69695
484.48877
482.27625
522.37005
521.44448
480.34338
483.92943
486.14554
486.69074
478.90793
481.08418
479.13075
478.99088
525.49092
480.9265
521.28613
477.37326
525.50874
478.08074
521.0173
481.84934
478.52222
477.83987
521.48342
477.6551
521.28277
524.95829
521.21913
485.27225
520.36624
436.61897
520.9334
482.90005
514.32595
483.36455
521.20628
479.00666
478.56214
481.33481
488.76074
477.48025
478.05112
479.16196
525.85655
520.83603
524.84241
514.32139
477.28396
481.49999
482.39336
526.06518
520.99158
481.22391
483.28287
482.8148
484.24418
482.1156
481.44164
482.92819
518.46183
481.90193
480.55223
525.97601
520.86397
521.8106
483.36087
525.09531
518.79439
483.46382
475.79675
476.30519
522.65574
482.34317
474.50048
470.18948
478.9876
478.89818
480.50395
481.48334
504.49295
521.9304
479.08256
522.4493
523.8515
483.11516
474.57961
479.99773
482.176
482.59434
524.50948
522.72257
478.18837
483.08016
482.16439
475.49907
526.05448
479.6197
487.32356
487.58187
482.90607
523.53455
479.55283
478.73267
477.42391
485.15149
522.34096
523.87414
478.82784
481.62883
482.9027
478.40125
481.98605
474.00624
479.8938
482.14052
477.21983
482.83142
481.42937
523.46473
477.53253
522.55844
476.33527
520.28227
486.17889
483.19549
481.88022
481.39016
482.95214
479.27125
478.09649
478.6732
480.46287
477.59077
477.91567
524.7053
520.82213
520.25429
481.05575
482.78412
477.27119
520.90589
477.38095
521.26362
486.01227
521.93956
521.35736
478.83199
478.98558
525.76046
477.82626
517.07502
479.12366
478.72009
482.03684
475.59914
475.06326
482.95719
521.2527
484.28646
486.69028
482.7422
522.97267
521.23577
482.16587
521.54534
520.60413
526.49002
478.75707
478.70951
525.19653
521.02899
522.50978
477.62461
481.91316
482.67521
482.39383
480.64889
479.06578
487.88209
478.14617
477.74093
482.13421
478.7196
521.96055
520.84755
477.87192
479.46752
480.09267
477.46724
481.72019
477.72694
522.47384
523.91896
481.34533
478.18127
483.73488
486.50085
483.26099
477.42937
482.38765
477.86106
486.51581
481.31843
520.95907
478.85079
483.84117
477.45836
477.52369
523.83558
482.50517
524.45243
477.45655
481.49736
478.2405
478.2338
479.04217
479.01333
480.97986
477.71139
477.90084
477.52747
477.8496
522.10823
480.77212
483.40223
481.51494
482.28843
480.99303
523.99185
523.77198
522.42194
478.72164
477.83744
487.47814
477.40779
482.64354
521.92131
521.97883
483.24004
480.62187
522.02136
478.10068
482.6536
478.21932
478.74559
481.67762
522.36183
522.05244
483.1708
488.65202
520.95956
487.36279
478.27675
523.28997
477.79486
482.07971
523.11058
479.98345
527.56353
482.5955
482.8415
522.09166
478.00957
479.00811
525.33258
471.85128
523.09241
482.53665
487.45427
479.14918
523.0902
472.63109
517.84684
522.85897
524.79883
482.88199
481.29787
520.89294
480.44419
481.36516
520.95095
477.50213
480.65556
480.73238
483.30332
482.06245
486.20688
523.51077
522.86385
481.77691
483.53051
477.52715
486.71567
482.92077
477.58008
480.34981
523.85969
524.35014
482.08858
478.22494
486.51671
522.49327
482.61557
477.53439
482.94758
521.61404
480.37132
522.07573
524.10806
476.85359
521.07462
470.46222
529.64695
521.41812
486.32548
474.83532
485.11941
520.81932
478.51845
518.5698
483.80067
522.50822
478.54365
478.83723
482.4162
477.71018
520.62255
483.35264
473.24099
482.18347
480.77517
474.78361
487.37591
479.66602
477.74904
481.47177
479.30509
480.70188
489.58033
479.84006
520.16343
524.83931
523.5114
482.86291
481.5009
484.34096
478.05999
482.82086
478.34028
478.43678
485.18705
485.17686
480.52091
524.75561
479.59404
482.15411
479.69205
480.59187
523.68017
486.19788
480.63248
488.94946
482.42152
482.35965
524.19264
474.12101
482.05621
475.85852
479.12246
521.45033
473.03536
525.50092
484.688
521.45881
520.98678
485.20226
475.79925
515.73196
482.3706
483.79534
482.68961
476.61903
522.43391
487.55964
526.08759
520.89661
478.73507
482.59761
522.31419
519.52367
521.02351
482.48013
480.73161
472.67956
481.02205
476.55423
474.94965
482.12709
482.71247
478.53334
478.06192
488.36723
520.31684
479.02624
484.21224
525.0802
481.07468
528.518
478.72862
480.30903
482.79296
527.74098
527.79969
520.87072
480.89257
482.75906
523.20159
481.65691
520.90918
520.68762
476.43068
520.52527
487.23675
477.62048
481.08083
482.37409
521.56932
477.33064
486.43015
478.92099
482.86006
476.02072
519.69813
479.69795
477.67982
520.59365
520.37432
480.36893
482.82841
469.69606
520.37309
519.11752
478.7813
482.38178
483.25587
482.09211
521.4162
487.52536
476.87406
523.08673
483.55031
480.82548
524.15733
482.11793
474.03518
524.07312
481.74163
523.92416
481.92519
520.37854
475.3458
519.61114
521.75581
523.34228
480.84516
520.96934
479.65296
481.96799
478.49016
520.90075
477.7047
480.95157
521.00571
483.51751
520.15906
481.53714
481.84921
483.54968
526.29931
475.49527
482.30649
482.09361
506.84106
480.7627
525.90406
482.66328
482.52833
520.96959
527.17938
481.78583
479.58616
481.18906
484.48846
520.49228
519.23076
527.39861
522.60373
479.58562
481.52847
481.21999
478.73399
480.15675
527.33288
522.99404
478.79326
482.72087
519.82908
478.97745
482.90383
477.56427
480.27804
480.12873
526.88335
481.18326
520.81276
520.91354
476.94141
474.34661
476.51923
520.87527
478.35775
477.59944
474.53713
524.21168
519.8347
477.73523
522.37677
481.12208
483.02114
478.65095
520.73607
478.23423
527.44419
480.51186
480.88429
521.45446
479.28568
481.53056
520.91062
485.97394
476.92517
484.25399
477.82666
477.18679
482.82823
481.80094
482.18696
478.19844
478.19928
524.12326
477.22333
481.46319
482.21174
477.89399
482.31339
476.9096
522.86111
475.40064
479.91777
479.98185
476.57231
482.03913
483.46431
521.85759
521.7531
485.28039
477.14085
483.44443
519.29309
487.59374
480.97953
480.58725
522.79925
481.96149
477.92233
522.63217
521.83674
481.8237
482.9315
480.59763
521.73835
488.91121
483.47919
480.35535
528.84845
479.79922
521.06463
487.54216
519.96322
476.04917
474.30036
523.12538
486.88387
522.55336
523.63191
477.02143
524.74176
482.26479
480.97905
483.99474
477.56781
523.69095
486.21604
478.41431
479.27594
523.75339
478.00736
521.99706
482.07828
482.34231
522.27818
481.41576
481.51728
482.03273
521.76497
484.62175
477.62918
519.68305
481.9496
482.86259
485.71474
483.51369
522.24614
523.21905
521.11509
477.51474
485.34687
479.9581
520.90337
520.98732
475.64256
522.71554
523.60755
523.29272
521.84592
520.99329
525.65787
485.03703
522.35777
478.30022
472.25795
524.5851
481.58562
480.57163
485.24795
482.78237
477.57585
485.58381
478.50465
476.9285
478.5208
477.78781
518.59218
519.0734
522.56033
522.10653
482.12161
522.62057
481.35274
479.4253
484.97444
522.55412
478.75104
478.56087
522.38978
477.65499
522.43302
485.33761
482.88725
524.12554
481.26447
483.06773
479.82494
477.9545
484.27635
478.5782
523.62455
482.18854
485.71149
483.23021
522.07486
524.22456
486.69459
523.31839
479.52478
482.78552
482.88366
521.0174
482.43522
487.11928
476.98644
481.85713
523.68705
521.56813
521.34631
482.47573
482.99347
477.9127
483.35181
479.18924
475.89689
477.53219
480.4262
480.79862
482.33062
520.65715
521.116
480.86106
480.93349
479.05267
477.88295
481.71546
522.19162
523.7051
477.41063
485.45388
478.85889
479.89449
479.01618
480.28357
482.54413
478.55489
480.53578
478.86981
521.14971
482.76961
523.32912
477.75219
521.87294
480.19755
480.09979
519.03819
523.61641
480.87195
479.42344
522.83719
523.50888
488.30189
478.47464
482.33593
523.63558
482.54514
520.90279
521.55543
482.42938
483.65212
482.65833
482.10452
524.71553
479.99213
522.06542
482.62417
484.97982
522.69718
524.30148
527.14449
520.77969
481.20445
478.42099
529.00067
521.586
478.66324
479.27967
524.05666
477.47477
479.08129
478.04193
521.1469
488.59966
523.05261
478.42131
521.32558
480.97958
521.77631
480.61824
487.71741
479.62944
479.60737
487.92537
520.81775
478.36566
520.93607
525.32709
482.60463
484.34125
520.20909
474.66091
477.92722
472.85926
520.07059
482.65867
522.01102
520.04797
520.21841
522.46285
523.77901
478.73958
476.623
477.3702
478.39377
479.16994
520.92717
486.7797
484.65193
481.79047
480.64481
484.45644
525.78578
521.4341
472.65949
521.3298
481.83084
482.84359
485.22447
483.05506
478.0851
478.57728
480.37352
478.52524
479.70126
477.51895
479.55086
486.4726
484.80352
526.96145
483.34181
480.68679
478.79292
483.10711
526.615
525.65624
478.21006
485.08053
477.48426
519.56193
478.31177
522.65142
482.82199
520.76075
520.38817
482.08247
527.02338
479.07119
481.25349
483.08919
488.93048
479.56187
521.11348
474.94621
477.32477
486.42036
476.5641
520.82684
481.86003
479.76857
520.61071
478.68115
483.64359
484.44852
475.10929
475.90646
479.19451
524.11186
521.87787
477.62087
522.45215
522.89436
479.23674
489.29611
524.19347
488.714
475.90831
522.78663
520.66075
523.30942
522.99991
482.51473
520.93144
526.1178
479.6214
481.12754
481.26198
522.71565
477.7601
482.21238
523.78952
520.85117
477.85557
520.89674
478.01848
521.87699
482.36998
482.24743
523.54239
521.80138
477.66961
478.69516
522.3882
486.04981
523.31152
481.93726
522.59246
474.50033
478.91429
482.69044
523.68728
481.6487
478.82541
520.01732
488.00401
485.65418
483.37062
519.78324
478.44266
520.70487
478.35119
522.93698
481.10178
478.5122
482.93547
482.01129
520.9637
484.95096
477.97687
520.93247
479.78097
478.03201
477.08504
485.22993
523.01647
525.5174
484.56299
478.0767
524.2334
478.54063
524.11808
485.00362
484.37531
483.24623
436.03735
482.74894
484.28856
476.04402
478.06362
478.3735
480.74097
521.14194
523.80093
484.28843
475.74482
482.20098
480.49292
525.0326
477.62542
520.88668
523.25422
518.85574
480.32073
520.9375
525.16537
484.19205
481.76788
522.52568
525.19434
478.17675
477.62897
486.31436
477.3061
521.55199
476.60667
528.80756
476.04716
479.81467
521.28621
522.09277
477.15342
478.25025
522.81992
480.04936
527.13342
478.87891
474.29895
479.63602
481.33131
479.26108
521.39759
482.71212
482.91283
481.13033
478.34548
478.05487
481.15635
476.08704
476.72382
478.01015
478.14162
484.16076
488.82406
485.80916
479.34625
477.78078
482.5777
477.52948
525.44973
477.55138
521.54322
481.93248
483.26298
520.43527
521.40174
520.95624
523.22823
477.45988
477.69712
524.89703
483.13232
476.74699
478.74178
483.46836
522.79359
474.98248
482.71377
478.16034
481.88704
524.8807
487.34959
439.61412
476.45973
480.55378
487.46262
522.22967
483.20281
487.23184
482.45577
484.7067
520.34592
479.01382
479.698
479.26737
480.40165
478.98685
521.39294
485.75536
484.17637
478.75002
478.26342
472.48077
522.29548
485.16809
521.63255
482.81319
521.80443
483.97574
478.32576
481.32722
477.90454
525.17944
479.30304
519.80625
485.08901
477.18113
479.49797
522.24128
483.22349
489.72156
480.38385
520.3332
478.71788
479.82084
488.46972
520.70719
526.13798
475.03149
480.07997
521.25645
526.98902
520.85573
482.51489
482.89976
520.24736
475.19776
522.28497
479.44556
484.54123
526.41335
483.31207
473.4207
486.56169
523.82929
486.8517
481.05288
478.37687
482.56945
523.01667
482.62374
477.3174
522.87164
479.5273
482.35838
477.95928
521.20233
525.54414
477.78301
520.58703
481.55523
482.64386
520.98045
483.13046
477.87153
478.06239
482.63202
478.47517
488.56736
476.86355
520.52551
481.68028
524.27007
471.21311
479.3275
477.49809
524.32707
481.7013
482.22879
520.72951
479.55733
520.477
520.94356
482.36841
519.6185
477.5648
481.96296
483.77685
483.52316
520.37707
482.54901
483.27681
484.47036
520.98126
477.343
484.25961
484.69925
478.06523
479.66674
519.85553
483.13608
485.49116
519.68677
478.3286
524.82582
482.77464
519.88169
477.83298
480.84627
487.45963
473.82517
484.01624
520.52005
482.7172
482.90514
485.65817
477.89992
523.6338
477.59618
520.97599
482.92393
479.42482
483.71378
522.01425
475.67449
525.11458
524.4325
479.44995
479.79308
519.85255
525.69202
477.46991
485.3215
479.77628
507.79143
484.80452
520.64405
480.27347
525.67885
478.57079
484.31606
477.23873
478.35759
524.24303
483.04863
520.63008
520.95105
527.04823
476.5406
481.51712
477.72433
522.98351
521.02854
520.9418
482.83395
483.12362
520.92267
473.23207
520.91631
481.48663
484.3571
523.41712
477.46791
482.45517
482.28136
482.06566
474.87914
520.25144
522.43449
474.40636
490.33759
522.75655
521.03744
524.85401
479.4961
478.90213
522.16609
521.86928
481.36451
523.08314
488.79439
481.63509
521.0287
478.00093
480.37523
481.63582
521.08114
520.75299
479.49236
521.01912
520.93257
521.00366
482.13092
479.67174
521.02335
479.64493
483.25011
518.54575
483.10087
480.66985
478.5235
484.11579
524.69219
481.43218
483.61841
519.89872
480.9445
519.49676
479.92069
482.05045
480.7461
481.75713
524.13638
479.60904
527.00379
477.84187
483.16857
482.26744
521.77016
481.63167
477.90425
479.01381
481.46505
482.55617
521.82201
487.67085
481.74171
521.91551
523.23255
479.64963
479.51181
523.22822
523.18592
483.26458
482.50171
520.36972
483.24696
479.87512
521.30014
479.37851
473.86843
482.76775
479.47436
483.80935
481.70604
478.49128
522.93168
521.19157
480.23768
479.38867
479.99085
478.93778
479.60802
521.85175
482.14012
523.13848
521.49381
523.10215
474.16235
482.39351
481.31502
479.28723
478.55467
518.00349
522.55051
477.43562
481.20646
522.08615
523.13946
479.17058
489.08656
476.06308
482.26976
480.77799
523.36162
480.57492
478.64977
481.48122
521.40693
481.61251
522.8964
482.02581
484.19862
480.52037
521.93799
522.04186
478.63942
479.48882
521.92672
479.69463
479.20935
481.23128
481.18388
480.62106
478.9935
477.2005
482.53879
477.80804
482.18034
520.00767
521.24948
479.05348
522.71497
482.61545
488.46891
521.12055
523.10885
475.68813
487.61
478.09065
479.79549
483.38589
528.21012
479.02986
477.59743
482.29365
519.75065
479.27583
521.0448
481.66932
483.00647
478.41788
478.05203
484.68731
483.33567
481.28138
483.53263
522.2587
475.50289
477.52723
481.53583
482.66334
520.81949
479.20179
479.48251
521.63213
482.77383
480.55377
521.77011
481.50555
488.18644
474.5337
523.00656
480.2797
477.38445
482.45103
480.25896
481.38297
479.15287
519.7596
524.20842
520.10941
482.48488
477.35378
473.62247
484.98541
481.21133
477.9676
479.83873
520.80478
483.36134
521.08521
482.81526
480.08851
481.58391
522.58735
479.50805
482.77315
483.1077
480.48086
488.24651
522.32408
476.4472
477.62149
473.63567
485.51354
484.34127
520.26625
478.6217
480.5832
477.7503
479.58026
525.09226
486.81333
526.04212
520.44979
482.26998
482.06172
481.8197
528.05846
482.43951
521.55068
478.35304
480.31692
478.73374
481.08989
477.39388
523.05156
520.92255
524.36303
480.88823
487.44216
474.73901
483.28843
485.02506
481.56296
484.88967
480.10542
481.87558
486.51442
486.46789
519.16378
521.38425
520.94009
519.82245
487.58857
521.22868
479.86853
481.64162
479.36345
479.05505
477.55795
487.42967
479.37632
521.31985
521.11876
526.29344
522.77731
522.08141
524.86608
474.90335
477.91837
474.9077
485.48295
480.82266
480.58768
482.32151
476.20729
520.2834
481.43716
485.30796
487.36816
519.39508
517.19726
522.16316
477.55309
484.2167
482.18682
476.39908
478.81872
484.09234
522.68737
523.30407
519.04147
481.64308
522.77006
486.02988
479.79331
481.4202
479.72133
481.92258
477.97167
516.41475
477.66391
521.81516
482.5775
482.01684
519.71369
481.95735
521.99656
482.98109
485.35047
520.39087
481.07645
519.89417
521.13018
524.14512
491.01206
482.64811
481.18259
518.04925
487.33103
518.04931
482.55306
523.97835
477.43059
475.46868
478.70753
478.54826
477.474
483.63639
473.25846
519.04417
478.59666
520.0853
481.46214
509.23568
510.77994
482.48285
479.47144
521.42513
521.30604
516.03189
481.87933
516.75759
486.99726
481.16756
521.51464
439.81442
439.24486
457.33166
517.69702
504.40848
434.5105
441.62346
516.86454
522.21005
486.67171
509.84649
491.04988
469.97061
483.98814
479.22891
478.58277
478.83212
480.11656
526.30394
481.36122
514.09405
481.30534
481.02729
478.37342
479.58935
489.36455
484.38395
514.42701
483.79158
477.7148
484.29985
477.89248
528.01965
482.44989
482.99512
478.73678
478.97735
479.18088
479.20966
518.50819
488.22438
476.07908
515.86237
517.96349
482.77285
483.22654
518.00777
481.44757
520.25331
484.71395
508.82328
480.09839
480.30159
480.50518
482.66495
478.7413
482.92506
480.19175
483.01392
486.46497
479.18073
490.9546
482.46097
518.6017
479.90061
480.13227
521.84062
480.65282
482.5929
478.16697
477.29451
480.78592
485.11062
481.85686
476.02832
480.64009
481.47397
481.84228
480.10611
518.92938
526.58247
505.70023
473.3301
519.72262
526.47819
479.08386
479.86757
477.28117
479.25987
482.78956
479.3461
521.34661
481.43315
452.33376
457.44616
457.45794
451.99291
519.36959
455.38606
490.95127
477.49113
456.41727
454.46842
483.30316
458.47744
506.62024
520.75745
457.84994
479.31679
482.13721
507.22934
464.58668
479.17736
476.72014
521.12851
525.94033
483.6423
483.81008
475.23915
480.77351
476.98775
522.85686
480.2154
478.85416
519.97584
481.1728
487.65508
481.8672
526.58969
519.51885
484.62577
455.82662
505.43882
525.63566
481.73781
455.31582
483.71211
505.42429
506.12086
486.80102
520.97624
482.64273
525.09533
521.31542
473.6611
479.74318
474.50553
505.69303
505.39184
520.50085
507.05113
453.8909
505.43782
510.19657
479.89117
482.96339
475.48229
483.23426
490.05458
478.05504
510.32362
521.67612
477.81369
483.16362
476.41911
520.3092
522.26763
479.66983
479.63716
478.87994
484.84697
505.4416
520.74425
479.46251
524.41513
517.84961
479.17606
521.0025
475.64769
528.98485
482.62796
518.43504
503.59327
478.60832
520.23231
516.24602
519.3262
485.16817
454.27943
478.7608
524.88933
521.15083
476.59565
480.83789
521.54663
487.98373
519.61288
480.48898
523.37815
491.74065
522.2344
475.64494
483.54207
482.60978
479.77209
479.03134
517.78852
489.91367
476.9749
481.83662
485.35085
481.5597
521.68386
479.38737
522.54586
481.20166
478.76552
478.79366
457.57456
520.40695
522.9037
518.22339
479.21519
521.88615
480.36664
519.70947
521.28958
480.62199
483.93427
521.25764
484.31989
518.85628
481.45332
519.36358
523.26017
483.78497
488.98642
482.69708
481.12635
482.29429
483.52094
519.46461
475.3438
519.47354
478.47196
479.13
481.70236
479.57965
481.34324
479.67227
482.7882
518.36692
520.25805
479.79741
487.60847
481.95963
481.07987
521.41295
478.75556
517.92235
481.37911
526.63638
482.20794
478.54026
483.59342
522.08122
524.37096
482.47843
476.88896
491.17869
483.1091
525.15406
477.38913
510.11398
482.89149
482.65012
520.76756
483.63409
522.65574
482.09844
481.80901
482.19371
482.11972
481.60609
482.07887
519.95638
472.54599
483.63239
479.15466
483.61164
518.29821
522.80458
521.83602
521.61985
475.5348
523.70744
519.77499
474.77847
517.9237
516.86528
489.78031
520.55279
479.53315
487.47857
517.42923
482.69977
512.32694
480.56493
482.13688
520.96747
514.64425
518.50999
522.92821
480.31176
482.66874
482.69705
480.13314
484.14882
483.48702
518.45427
484.62997
482.54957
517.83368
482.7269
482.58951
481.68878
483.09269
481.74837
518.34782
479.9893
518.14691
480.99981
518.53449
517.914
514.74166
487.38104
481.47655
525.83614
480.07249
507.58158
517.99945
523.98179
519.1422
481.85544
483.17037
517.98586
524.2511
477.94264
477.71057
518.781
485.29136
482.8057
480.19118
484.72963
518.03717
481.76261
487.02329
487.56346
480.23715
481.79163
485.33842
486.75303
518.20236
482.10792
525.51613
481.2257
518.18216
489.57516
476.49242
517.959
479.99886
521.32093
477.69738
521.8574
517.73804
481.31577
481.25951
483.81474
480.45302
480.79692
521.96522
518.02661
476.62019
517.82043
477.45117
518.05039
517.72421
482.86432
483.16914
482.99077
479.97485
476.35325
525.97732
525.00115
482.95792
477.31945
519.85894
486.3767
518.05021
517.9418
476.86835
517.79318
486.81351
525.82553
480.05279
518.65383
488.61403
483.99851
523.48989
486.69542
482.60556
517.90325
476.60449
480.76076
481.00038
486.91851
485.61807
481.62551
482.36961
482.801
483.15297
480.43311
488.38263
482.12573
518.08065
482.59995
485.19769
489.51547
521.85528
475.34952
522.39157
518.69139
488.14967
483.59071
518.05171
487.40249
488.04846
518.08956
481.60437
486.31376
485.38926
481.29235
487.42679
476.6507
481.98178
518.62411
480.85833
518.67577
519.5212
481.23794
488.616
479.53746
518.11739
522.01641
480.56094
476.62535
482.0393
476.89151
478.30876
479.71671
522.48916
483.57222
519.09898
521.79442
484.09478
505.58569
480.58368
518.45054
482.52535
518.46961
518.47135
522.6927
518.87387
486.75056
517.89008
480.77714
517.82402
483.83751
476.56191
481.77834
484.32199
477.56666
476.07574
485.09091
518.18574
484.24335
482.45595
525.41166
510.08147
518.18905
484.91159
483.06589
490.97987
488.17755
524.92899
475.11572
489.1776
519.73443
518.43604
518.5718
520.05696
483.028
481.2044
488.5281
481.72671
479.25483
484.99191
476.9635
517.75837
476.7031
484.37085
487.08316
480.47803
518.26736
481.61066
518.05356
481.93056
518.31673
482.06192
482.01421
518.12653
480.51639
518.69275
521.54576
517.90527
474.69682
480.63367
479.62809
476.91955
481.15641
482.6361
518.00121
483.11016
484.43036
487.09308
479.2075
483.36595
520.79359
518.64259
488.46834
479.41001
481.44707
479.4549
477.91136
480.08489
514.63763
489.82655
487.25638
482.52017
481.18946
518.03739
517.95338
477.32269
524.91202
479.44268
485.20995
482.06077
481.42576
489.44609
483.87491
524.398
485.42438
514.26958
488.24068
484.67609
483.61877
517.98618
483.00263
517.77041
514.71801
481.77882
479.68017
525.85718
497.74036
479.56761
480.0089
483.5413
486.98192
518.91055
518.78347
481.01446
483.55029
480.64843
476.60145
518.05457
486.5817
481.24947
482.06561
487.86207
480.70044
482.52249
526.11517
481.52893
481.71936
517.73573
487.12488
479.85514
476.74776
481.73829
517.93698
487.55039
487.8961
483.04075
480.83222
518.70295
481.64621
484.80885
485.50128
480.45341
481.76255
476.91377
483.0917
522.57653
479.14303
484.30441
487.50501
482.15778
481.11862
483.35313
480.8512
482.95187
479.80543
476.54856
477.53858
488.83326
517.91156
480.96088
517.80068
479.6224
482.60793
517.71702
483.27535
518.19127
521.22777
485.62595
476.67672
518.05758
481.9442
517.99043
518.61454
480.18445
525.86162
481.56608
478.4328
489.63436
520.80229
487.90299
479.7161
521.46254
477.65938
520.74699
521.57468
477.58949
518.07241
518.02306
517.72721
482.04723
476.74765
518.21682
517.83139
485.9022
483.65297
481.36804
480.67988
482.49272
520.9157
486.90531
486.20825
518.44682
518.44892
483.63998
485.51049
480.44479
517.72504
479.04706
486.85824
518.49771
476.58604
517.90894
480.85969
483.01744
525.72373
483.43475
482.86792
477.71861
477.81224
483.53324
523.92596
517.96329
479.93348
481.23186
481.04039
482.48501
518.106
486.58501
517.71305
480.93189
483.06966
481.54216
483.37957
483.6707
480.84574
483.29315
486.51677
480.6577
481.52322
518.67414
485.75532
517.70782
479.5289
481.0552
485.38554
482.62331
518.5111
517.94149
481.1486
479.91259
479.13449
483.56493
476.41457
480.2544
480.12612
517.65861
478.11345
521.664
480.87302
517.7107
479.8045
480.96621
517.73996
477.43937
524.84537
476.59808
517.99732
481.26006
521.30287
518.51693
518.40161
521.13197
524.17145
518.21255
482.44725
521.08033
476.75959
488.47827
485.67023
481.05243
479.54564
489.47617
517.92658
483.64021
480.82141
488.30846
520.95443
481.25367
486.00286
483.08391
480.55371
482.9254
481.1
517.73352
485.57321
476.67179
517.92375
488.68158
483.16169
520.97229
480.51009
482.92125
524.21092
483.49266
476.64683
481.16146
480.10412
518.01763
487.74649
477.54611
518.77822
525.04957
518.3702
482.95538
477.58314
517.82667
518.19634
518.85533
477.6577
520.8809
482.43782
517.99397
481.62768
517.99652
480.71472
479.69765
481.89899
476.78824
479.79021
488.13521
518.18042
479.78662
485.55724
518.58534
476.69712
518.5536
524.60068
485.3786
517.849
485.40399
487.17714
489.72123
484.54534
485.19373
517.7332
517.50156
518.14867
482.18511
482.8476
488.80824
481.86274
480.60358
481.84464
481.1376
479.79555
518.63557
482.08138
480.61703
476.99874
480.18674
484.74337
486.88755
481.28981
485.87291
483.189
517.93433
518.08896
481.68844
479.01333
517.99909
483.22667
480.78087
479.77062
481.06129
487.05782
526.38454
482.27219
517.97578
525.91544
481.01212
483.06685
477.99529
481.51649
479.30412
518.5857
483.6765
518.14179
517.80557
486.9816
517.66118
482.10429
476.68564
526.55228
482.76742
517.77141
487.92863
524.6393
479.65564
485.97421
482.71846
483.41974
487.3976
520.98102
483.44375
517.8527
482.3681
482.07515
477.08084
514.67149
486.93214
477.19986
481.65173
518.23922
476.89544
518.10597
483.98348
429.67382
485.10912
480.07857
483.96839
479.87941
489.77636
483.21876
485.15277
498.94007
483.27435
483.07562
518.97532
522.07665
518.08663
479.64379
476.37237
485.04638
479.40113
518.63095
524.23595
482.68471
482.43857
486.77778
487.6816
481.57082
483.83347
489.91749
521.60839
480.17032
480.79036
487.47981
518.64284
487.17704
490.72612
480.44332
518.3573
517.85109
481.32042
518.74544
485.15558
479.88013
517.98864
481.64318
518.3438
482.0433
489.38547
482.32446
524.07084
485.79698
518.09957
483.18855
517.81407
480.80836
517.96886
517.76211
517.88729
483.32345
476.68321
483.26036
483.45044
480.99225
482.04449
476.90549
480.59104
520.92952
518.04448
486.93476
518.46477
476.64677
480.61617
481.29392
484.8581
517.72709
481.0007
481.25611
483.19179
526.24961
487.73896
483.85465
481.11932
481.61779
517.9745
481.72573
489.96441
489.37854
481.44953
478.13041
483.59819
518.80766
477.34048
483.9175
517.96715
518.67304
518.0018
477.67783
518.3026
521.27287
483.49327
517.76483
476.97525
481.05583
481.06101
524.15794
518.75954
524.97418
518.55439
487.2701
483.16208
485.12457
517.85293
482.57443
518.3715
482.01135
487.29384
483.25083
517.90484
525.83092
481.54633
481.89644
520.87276
479.75498
514.29455
488.40195
520.86754
517.91068
480.37669
482.69787
484.37813
520.87419
522.98479
518.54658
483.06247
517.76785
482.2706
483.23864
482.89099
518.43962
483.48538
518.12593
518.16742
489.69875
488.86477
476.75069
481.14742
517.99111
518.69322
481.74221
477.85418
517.662
524.2971
485.51389
518.12052
523.10605
488.35269
481.44649
518.54349
481.93845
488.33646
482.31299
482.99508
477.55569
476.90998
476.6281
482.7151
517.84597
480.90148
483.27007
486.85443
518.02607
481.60986
480.90907
482.10407
518.53846
480.09869
481.5944
476.57494
487.46261
485.43022
485.63123
482.69812
481.62278
518.21966
518.03203
480.07652
488.08306
483.55346
525.61714
481.91501
517.73617
477.66209
518.12172
480.87087
518.03314
481.66315
481.66989
482.59842
517.65886
480.17975
481.39723
487.36899
482.55847
481.33992
487.79594
524.13949
482.61343
517.92347
482.71178
481.53113
525.83255
487.70781
518.38015
485.89466
483.07787
476.80802
481.91064
483.10852
517.8601
481.37367
517.71775
476.77009
480.68523
486.00752
518.18116
521.3015
520.84748
482.84395
482.51306
476.77618
480.51688
486.64112
486.79066
517.64355
483.52953
480.9221
479.83306
480.98661
480.78208
477.48393
525.06975
517.91262
487.80393
524.11181
482.72709
488.8966
476.85076
480.96547
479.54229
518.16033
517.7169
484.99296
484.53762
514.37261
487.19178
483.60673
481.96835
518.91523
518.04546
485.21116
518.0444
481.46884
487.25687
518.09556
521.7665
480.69024
481.62309
483.49657
480.80063
518.01735
482.98676
487.70914
480.03515
483.16558
482.75538
481.95627
481.60763
518.00685
485.63255
476.54314
481.63181
487.13102
484.75835
482.1937
482.52782
481.76784
487.61213
481.82257
518.58395
480.19136
479.23159
480.7659
518.4974
520.97415
479.49676
518.98576
518.01928
483.45383
481.46228
482.63442
517.83934
482.45028
480.91871
476.87658
481.75275
481.7356
482.84552
517.75169
518.34527
480.68283
481.60902
476.66444
476.73807
481.79681
488.34272
490.96214
477.04229
514.38126
479.01419
517.65037
476.87171
518.10276
488.64956
518.05461
525.92679
481.83422
476.86432
518.05544
484.45413
480.6017
480.53556
524.34278
518.67186
517.87485
481.91771
517.67294
486.60291
517.78711
488.86547
480.60963
517.82129
481.15712
479.42783
486.76348
518.86432
487.40594
490.95133
480.69336
514.30751
476.40287
484.6739
487.23727
476.84617
518.69559
518.08386
487.34953
517.88715
477.62981
479.0989
518.60878
488.63858
487.74649
487.78169
484.65326
483.65949
480.38643
517.86081
481.17233
482.18501
518.77482
479.23227
481.54323
518.07802
482.01177
518.13496
476.91808
481.14823
489.57625
476.80386
485.02
479.69726
482.39989
481.93048
482.8311
488.05641
485.1244
481.73834
481.82092
517.75062
482.38329
481.7528
518.00685
476.9542
517.75744
518.61278
521.98294
479.96409
518.12103
518.74993
480.99786
481.41023
518.02552
483.90399
518.09639
487.31725
514.60526
476.956
488.24049
486.96725
476.7655
518.62071
482.06461
481.28603
483.52792
517.75466
481.88231
485.53929
518.28099
518.10262
481.79742
517.95734
518.39256
517.95343
477.24453
481.09948
489.71848
484.96209
518.57847
477.78597
480.16163
486.97433
485.58017
480.53501
517.98341
481.3502
488.00884
483.67352
482.14954
481.64156
476.78533
481.89542
481.88238
482.25567
518.02074
477.64484
476.83711
517.84073
477.47257
524.31609
483.78525
477.23033
518.78959
518.14882
481.51161
518.54103
481.52231
489.8947
518.48988
483.18659
476.72873
487.07766
487.38691
479.65623
481.31237
482.03966
518.94672
482.18731
518.57322
517.91487
476.942
517.75013
480.83269
488.50843
480.54652
480.84279
479.83981
518.0518
518.58308
479.32146
479.7377
481.75726
484.74131
517.73575
525.8538
480.35661
484.93048
484.95389
481.57354
481.7416
482.88238
483.1327
476.54758
524.30051
487.35946
476.59251
483.271
489.49048
482.70548
484.56452
518.52904
478.58741
518.92629
517.82608
514.26632
481.41661
487.17246
518.24317
518.91601
480.4515
481.76312
481.51317
482.02521
480.9826
476.97164
480.82742
518.73443
518.04124
518.03202
477.06257
518.67749
518.59401
480.50021
481.95744
489.68382
480.81732
477.71348
517.69839
483.77206
518.6606
524.24539
489.60466
481.10675
487.59627
517.96239
477.34119
518.11502
480.1268
525.06248
518.5416
518.09225
481.21979
521.40223
487.01413
485.54408
481.29817
487.51244
518.05985
480.43405
518.59448
485.59338
517.78726
477.46593
529.0805
522.46803
482.61768
517.99201
482.32749
517.89817
476.84691
488.22211
484.96978
483.9061
480.90723
480.81853
518.19948
489.76486
480.2289
477.60615
518.6156
483.55403
517.94196
481.89496
518.58732
482.39552
488.04587
517.88452
487.33065
478.70123
481.43186
476.9347
518.00219
518.06958
481.15985
481.14401
480.68007
518.35948
481.39615
524.93371
482.83377
517.83987
483.44996
480.03921
454.53948
481.346
499.75492
481.62045
481.53581
521.78972
481.2744
521.82317
456.31873
520.6427
481.9413
481.35462
481.25624
481.94879
481.94266
481.29901
454.49102
481.36828
481.74979
481.89203
520.81538
481.39746
481.72254
482.01313
481.37761
520.80928
481.24774
481.73746
520.87339
481.58365
519.46381
438.40752
482.02288
505.71604
440.82055
438.3444
481.16395
482.03221
482.00415
520.82867
481.17326
482.0045
481.34062
481.1441
520.87749
481.5344
481.27087
481.28712
481.89128
481.09122
481.23689
481.39517
481.401
481.06266
481.26434
481.83236
481.26805
520.89908
481.2185
481.64076
481.24488
520.9062
481.80735
520.7887
481.25512
481.33043
481.88203
481.23872
478.90579
481.18774
521.78321
481.52671
520.79455
520.8554
481.86246
481.1329
520.95111
481.3416
481.906
481.72079
520.86298
521.0121
481.91197
481.16729
520.88602
481.45231
481.52101
520.94184
481.71157
481.33264
520.90959
481.2468
481.99981
482.02272
481.82795
481.1813
481.88448
521.09199
481.18579
520.79818
481.63044
520.84899
481.48504
481.49293
481.19266
481.71693
481.19895
520.88349
481.62497
520.82476
521.10263
481.20624
520.98908
481.51262
481.39924
481.19906
481.38412
520.95528
481.96008
521.11152
481.53284
520.92842
520.83311
481.25294
481.86611
520.95784
481.38684
481.29156
520.89771
481.73636
481.9544
481.75436
481.43188
481.48393
481.4608
481.73797
520.86727
481.67647
520.93465
481.34213
481.61082
520.73106
481.56672
481.65059
481.40373
520.84736
481.1943
481.49926
481.21665
520.84259
481.20497
520.9518
481.61433
481.25533
481.46925
481.78795
520.99248
481.90662
481.51261
520.89195
481.15238
481.10456
481.55059
481.33998
481.73925
481.20034
481.35222
481.85784
481.09906
481.36954
521.00705
520.48035
481.52116
520.96742
481.16119
481.7115
481.92421
520.97162
481.22272
481.64447
481.25217
481.53432
481.4114
481.82596
481.86448
520.86744
481.32738
481.72057
521.22555
481.12636
520.85987
520.79929
521.02769
520.75398
481.51815
520.79202
481.8741
481.34513
520.82805
481.69669
520.95006
520.81236
520.88576
481.94476
520.89502
480.95854
481.33154
481.11563
481.94258
520.99759
481.48477
481.48027
481.94703
520.03963
481.90635
481.22393
520.80141
481.89918
481.49265
521.00974
520.9828
520.8783
481.45002
481.62294
520.8516
481.64256
520.89025
520.97413
481.31034
481.23504
520.85064
520.83888
438.22371
441.42179
454.62844
478.97458
520.21414
438.20386
454.6166
441.29889
499.83563
499.81967
434.42879
434.12637
507.81398
445.81153
429.26148
437.09759
458.21219
439.2369
481.797
481.58148
520.32759
481.54565
520.31656
481.13038
428.36738
519.89735
481.70701
521.13911
521.25146
481.82405
481.59353
520.52945
520.89363
481.65915
519.97392
481.79092
481.29824
481.795
481.91531
481.59541
481.31659
519.93289
499.9694
481.57414
481.19807
481.33623
520.00535
481.1728
520.65413
520.09287
481.5197
520.84591
481.31443
520.93201
481.38359
520.84142
520.73291
481.35148
434.58239
428.48942
445.71574
438.20777
499.79276
480.96643
505.66215
480.94838
507.81475
428.5419
520.60372
481.56678
481.79689
481.83918
481.54578
481.84321
520.82883
481.0328
481.84391
520.78799
505.68807
499.80231
428.57248
445.66975
481.52723
481.59532
481.25778
481.71628
481.7219
481.36881
481.85045
481.91254
520.91408
519.85576
521.01423
481.67421
481.46371
481.64307
482.152
481.88918
482.41914
521.17281
481.61426
481.67812
505.66351
521.31018
478.9677
479.12548
429.22595
505.93576
434.19151
481.70674
480.65846
520.96447
481.95233
482.14541
480.67169
520.89602
482.25236
520.93378
482.03895
482.40442
480.34615
520.95083
480.73906
520.86959
480.62701
480.68621
520.89527
480.56451
480.58381
482.28678
482.07899
520.96312
480.61467
480.76844
480.62741
520.99981
520.93886
482.28499
520.84519
480.37895
520.96746
480.60167
482.2682
480.75611
520.99954
482.64408
482.42821
520.94427
521.00952
482.48174
482.45922
482.30921
482.82443
521.01848
521.02325
480.63605
480.57056
482.2187
482.56548
480.78847
482.61946
520.97741
520.92034
480.61976
482.58097
482.66809
482.36231
520.91314
480.6495
520.96467
480.93174
482.2776
482.31751
482.38558
520.99513
481.07449
480.71406
520.97348
482.28783
520.81694
481.01462
482.16199
481.16225
520.89083
482.2077
482.05797
480.93177
520.99807
481.37394
482.10533
480.96901
520.9168
521.00645
520.99213
482.34925
480.99517
520.95201
482.40305
520.98631
481.88854
480.76489
520.84348
480.8122
520.91682
480.68518
520.98393
482.08999
482.04843
480.70153
481.90701
520.99867
482.09501
481.91528
520.93192
480.8547
481.91851
480.72961
521.00129
481.3521
480.8496
481.06871
481.83174
481.10363
481.80748
520.88325
520.9778
481.76011
520.98651
481.84531
520.9551
480.91569
481.27336
482.0117
481.88067
482.05977
520.99065
481.96991
481.01549
520.96808
481.90774
481.9765
481.26677
482.08526
481.96333
481.79857
481.25216
481.37038
481.75065
520.97218
520.85195
481.87986
481.85316
481.73634
481.25374
520.87017
481.21104
481.67997
520.92791
481.23308
481.68394
520.94785
481.17461
481.75386
481.78957
481.1614
481.81064
520.84814
481.11857
520.94986
520.93868
481.7173
481.04228
520.86482
481.85616
481.81189
481.12157
520.94791
481.7596
481.67388
481.88182
481.19997
481.906
481.94183
520.83492
481.93094
481.97114
481.32935
520.85381
481.75312
481.19547
482.03113
520.85016
520.8749
481.21544
520.94737
482.06142
481.23146
482.09971
481.15271
520.93147
482.37027
481.01811
481.91341
481.82659
481.89101
481.85939
481.98883
481.03624
480.69072
480.92887
520.87039
481.97139
482.11062
520.88282
480.93462
480.97911
481.2482
520.88672
520.92194
482.2877
481.17862
481.86904
520.90759
482.33488
520.96105
520.94367
481.09813
481.15924
482.16869
481.25568
482.00769
520.91351
520.88747
481.57198
481.27744
520.95568
520.80724
482.30049
521.00208
481.07443
482.01817
481.68817
482.04277
481.87095
481.10197
520.91524
481.82525
481.81225
481.98288
481.89685
520.83311
481.14478
481.19401
520.8436
480.98587
481.90353
482.06965
520.92524
481.93058
520.92434
520.89712
520.82158
482.03692
520.92713
481.06015
520.91346
481.55803
481.186
481.03755
481.56057
482.09138
481.03023
481.83603
481.23594
481.69526
520.88363
481.09063
520.4914
520.82062
481.81565
520.80795
520.9267
480.96394
520.83833
481.1226
520.85673
482.19556
482.00145
520.92694
481.00101
520.91848
520.91063
480.66241
481.00044
482.48151
520.93292
480.70512
481.10973
482.13822
482.19107
481.96383
482.24631
520.87203
520.87892
482.35094
520.95084
520.91731
482.5729
480.55166
482.41569
482.57528
520.92473
520.9502
480.27517
520.87214
480.50656
480.71765
520.93689
520.94365
482.44489
520.87302
482.45473
480.84953
480.56904
480.31984
520.92224
482.40217
480.33069
520.93898
482.50668
480.72281
480.59599
520.93791
482.5364
520.91572
480.579
520.88522
520.82538
482.34486
520.89327
482.4243
520.83005
520.96449
481.96218
480.79762
482.16701
482.17792
520.90993
520.91508
480.84101
482.23174
520.82582
520.86454
520.93802
520.93864
520.94968
521.06622
481.12098
520.94051
482.16535
480.80611
480.88201
520.89642
520.91422
520.96791
520.95311
480.73678
482.50361
520.97473
482.29273
482.32359
482.43586
482.69202
482.20344
482.53157
480.7545
481.21279
520.92008
520.94551
480.6916
520.95988
482.35557
480.64793
482.73325
520.95238
480.63286
480.69196
480.65603
520.85895
482.39221
480.69717
480.48903
480.23563
480.52315
520.90339
482.61738
520.90595
480.432
520.98684
520.84643
480.88238
482.29009
480.33881
480.54265
482.81294
480.78278
482.47485
520.91245
482.3022
482.40482
482.38109
482.41734
480.92663
520.99627
480.43587
480.3016
520.99039
520.91121
480.60468
520.94768
482.74963
480.73762
520.96592
480.58888
482.79637
480.78416
482.7721
480.44978
480.85874
482.78609
520.98873
482.58801
482.41059
480.2608
482.81053
480.27598
520.95291
520.96877
482.71974
480.85377
480.83302
520.96259
482.45696
480.22933
482.63172
520.98111
520.8888
520.96078
520.9185
480.81392
482.55708
480.28834
482.33214
520.98023
482.37035
482.57861
521.05698
482.87417
482.60688
482.63063
482.6463
480.16555
520.9594
480.08721
520.93538
482.74464
480.21471
520.9282
480.34111
482.60981
482.65363
520.95386
482.72994
480.2923
482.72461
482.85817
480.25944
480.4344
482.67686
520.93016
521.00444
480.19603
480.41909
482.83299
482.71057
480.24492
480.57338
482.83477
480.37302
480.24825
520.98052
520.98984
482.69616
482.94686
520.96553
520.96445
521.00004
482.67374
520.98168
520.98006
480.38874
482.87186
521.02207
482.85695
482.66592
482.96029
482.9016
480.21307
480.19423
520.98248
480.26959
520.95173
521.0041
520.99503
483.0159
480.16923
483.05491
520.95891
521.00966
520.94138
480.02996
480.36369
482.80862
479.97886
482.80496
482.84854
480.13206
521.00985
482.9009
482.99521
482.94854
521.03235
482.38764
521.03034
480.24792
483.03103
479.99669
521.04589
480.40099
521.04617
480.00651
480.17457
480.0572
479.89023
482.79455
479.94195
482.90637
521.02356
521.03309
483.07942
520.33511
480.22439
520.99712
482.9251
520.96668
480.30365
521.00377
482.9075
483.1215
483.05939
483.06288
479.84981
520.55822
479.85287
483.22868
521.02225
479.95359
482.93189
480.09273
520.95572
482.88444
521.01223
521.04592
482.86536
477.1739
482.87951
479.99973
479.95431
482.83941
480.31292
521.05167
520.3525
483.00493
480.23179
480.40393
482.98823
480.09221
480.23795
482.93066
483.01009
480.19677
480.08189
483.13512
520.57538
483.14513
480.10054
479.84285
520.53466
520.9668
482.82962
479.90644
480.129
520.53748
520.34931
482.86092
483.06639
483.05153
480.1692
482.81576
483.1471
521.02189
480.18398
480.1307
483.20906
520.97042
520.92525
479.86746
520.94056
483.17065
480.12147
520.9785
520.9313
520.93267
520.97652
483.01956
483.2336
520.95045
482.97008
521.02469
480.1003
482.86111
479.96668
480.22507
483.16342
482.41602
520.94815
483.24015
520.95109
520.98761
480.16409
520.97791
480.05678
482.92517
520.52675
479.92975
520.97709
482.95072
480.10286
480.06762
480.19865
483.14866
483.07849
521.00248
479.80481
483.08661
479.80328
483.04269
520.93794
480.02695
520.93946
479.70486
483.15922
479.7965
480.14593
483.13138
520.95676
482.91056
479.92576
479.79413
480.00939
482.93894
521.02022
482.94247
480.0121
520.99128
483.11054
482.88335
479.98966
482.82662
520.99278
482.78674
520.98152
479.98419
520.97717
520.92414
483.03591
482.8413
520.96342
480.03459
480.2528
482.99673
520.93616
482.87561
480.01267
479.9437
483.08135
480.00619
520.99567
520.91266
480.08301
520.98922
480.23087
482.99342
482.97705
520.88801
482.93362
480.2904
480.23177
521.00879
480.35675
520.91235
482.88609
480.42013
520.95371
482.87954
520.90137
520.89962
482.71682
520.89813
480.20703
520.95935
482.69898
480.18073
480.23572
520.89041
520.98871
480.13209
480.29877
480.32006
520.99894
520.90832
482.65266
480.06057
480.05499
520.92905
483.05538
520.92953
520.91201
482.81943
480.17995
482.80755
520.90673
480.05369
482.91341
482.8586
482.73646
480.17701
520.94832
520.95446
520.91443
480.31219
480.13086
482.65799
480.14962
520.95372
482.87614
480.40886
480.32739
520.93023
482.48202
520.97114
520.95454
480.75366
520.8929
480.24406
480.90971
520.94633
480.55697
520.89043
520.9461
480.3575
482.81848
480.53289
520.92441
480.22563
520.95809
480.49743
480.16943
480.21404
482.84084
520.93767
482.66913
483.18952
520.88763
483.14168
480.13851
480.08975
483.2413
520.89549
520.91291
483.25757
520.956
479.89946
480.10623
520.92846
483.08274
520.91314
480.25343
520.91921
482.90718
480.15435
480.21788
483.06022
520.9163
480.27017
480.03541
520.87321
480.13682
482.60692
520.91863
483.05306
480.41133
482.91303
482.72155
480.24918
482.83807
482.88911
482.81715
520.87564
480.28878
480.429
483.00915
520.90695
520.91034
482.66993
480.4466
482.64693
520.91734
483.03843
480.23393
520.87272
483.09809
520.91392
480.05573
479.99402
482.96285
520.87826
482.93157
479.93365
520.96429
520.92767
520.87067
520.87712
520.94746
482.96659
479.98292
480.20034
480.01523
483.16387
520.98756
480.0621
483.12244
480.09663
482.83773
482.89209
480.00197
482.95083
520.86322
520.94484
479.91768
483.13394
483.11519
520.92913
479.8439
483.0168
480.0964
480.08151
482.80466
483.03254
520.91739
520.89118
483.22888
482.70145
480.04441
480.18667
480.39218
482.92497
482.92856
520.94113
520.90244
482.9385
480.59813
479.79717
482.78491
479.72934
520.99743
479.77448
521.01934
483.05348
479.57255
483.00742
520.95132
480.05206
483.38349
480.02046
482.99092
520.88532
520.85399
480.00053
520.95014
483.45932
483.05433
480.17187
479.98941
483.26476
521.00838
479.69597
520.912
483.32049
520.92684
520.93873
520.99055
520.92083
483.38638
483.00099
480.0295
479.90558
483.33339
483.41851
520.89851
520.9173
520.99779
479.67729
520.87956
520.97084
483.49679
479.6816
520.89083
483.12119
520.89583
483.05966
520.96579
479.65982
520.90762
520.95016
483.15851
483.17573
520.95383
520.91071
520.94597
483.1074
483.13563
479.77697
520.92883
520.90436
483.04869
520.94647
520.90358
483.26028
479.58736
520.94014
521.04421
479.89703
520.90996
483.29324
479.70546
483.38019
520.92515
483.08901
479.92376
520.89115
479.64564
483.10636
483.22223
480.12349
480.07466
520.92556
483.16975
482.99859
520.905
520.90048
483.05931
483.20299
520.87471
483.27998
483.05461
479.86313
520.9579
479.71085
479.96693
482.99787
520.87756
479.90757
483.02571
479.92705
483.0047
483.12672
482.97215
480.0602
520.87926
479.86975
520.8909
520.91258
520.9059
483.19698
480.03271
479.85171
479.96059
480.17328
520.95144
483.10764
480.0434
483.21962
520.96467
520.88536
520.87427
483.23841
480.06023
483.18609
479.97507
479.9913
479.94522
483.19551
482.92771
520.90251
520.96358
483.05527
483.07263
479.95785
479.64651
483.09649
479.80986
483.35134
479.8733
520.85588
480.08747
483.12499
520.94077
521.01246
479.62069
479.90753
483.1829
520.88431
479.79239
520.87337
483.03493
479.85084
480.00249
483.23017
483.1665
479.88128
482.96765
483.31474
520.95609
483.05204
520.97847
483.01536
520.96545
483.24554
520.94334
483.0283
483.18036
480.0376
520.97019
520.95364
480.00674
480.14679
482.9245
483.08404
480.07908
483.25652
520.9865
479.9264
482.85942
480.21206
479.89826
520.96799
520.90142
520.94673
520.91933
479.88213
480.04376
480.12547
482.83619
520.89799
482.7381
520.93291
480.1272
482.80111
520.87286
482.85108
480.08636
520.88245
480.03699
479.92536
520.95814
520.89471
482.57623
482.9772
520.94476
520.95789
480.19722
479.9752
520.95081
520.86612
480.20454
483.09238
483.1499
482.77238
520.91629
520.8798
483.00079
520.98769
479.93047
482.76406
520.91839
482.87852
482.99441
483.06826
520.87184
483.02476
480.01944
480.10829
520.93024
480.3293
480.11912
520.95301
520.87954
482.97174
480.28062
480.1702
480.06899
480.31847
520.87878
520.9587
482.91143
483.02577
482.85562
483.02051
520.92854
482.86898
480.27795
482.83028
480.26068
482.78293
479.9957
520.98072
480.1791
482.90704
479.97265
520.94761
482.8212
520.89561
480.36208
520.90669
482.95098
479.95846
482.90252
482.80791
482.93293
520.89889
480.54797
520.9827
520.88421
520.92465
480.36061
482.77118
482.45893
480.46509
482.62091
482.54921
520.85091
482.70787
520.9013
520.90094
480.24981
520.91696
482.94813
520.92964
520.89596
520.9431
520.90851
520.8952
480.72425
480.18547
520.91944
520.8687
482.75739
520.87226
520.86694
483.05126
480.20726
520.90993
480.46334
451.08524
452.05595
453.12558
483.60611
479.98355
523.77096
482.97532
505.27525
453.64245
481.92238
521.73732
456.03022
458.11656
456.35928
457.1692
479.4656
524.46065
520.12673
510.05704
480.63017
479.30354
522.34695
454.94928
506.23734
505.34154
483.28562
517.40283
482.2286
483.73239
482.76781
504.68389
519.15381
509.76114
510.21382
504.33978
481.8714
505.91045
456.17206
481.47882
481.31697
518.39161
522.28983
480.76956
516.87978
480.54938
481.32973
482.61014
480.62286
480.28921
522.90321
483.66184
479.91444
518.86607
510.11322
483.9161
516.51777
520.50195
480.7805
481.35202
484.84955
451.9267
452.38036
504.82404
519.69908
481.74994
479.15023
482.01841
483.1683
481.66869
453.8077
518.42626
477.18077
482.90609
481.19705
482.70073
516.61588
486.18085
479.68652
490.93415
477.97932
522.86247
478.84985
480.15501
519.56576
477.2228
483.72206
482.54141
482.05669
478.96084
479.53269
504.72334
481.43743
481.33261
518.33737
489.71944
480.35111
478.76177
482.40372
520.94829
473.69055
482.61905
519.6623
485.13976
478.37254
521.31254
520.20008
480.15784
482.58573
480.54779
518.23442
479.21062
482.67945
479.39943
521.99536
481.26375
522.00646
482.45267
520.77727
480.66389
482.14173
455.28984
518.82127
481.8684
518.01401
519.73315
521.40331
482.75317
482.30238
522.35926
482.65219
482.67717
479.53908
520.39718
521.23718
481.70761
480.69728
480.88658
521.24371
482.96359
476.92671
478.87319
482.66431
521.49655
479.49195
481.75324
479.59397
521.22506
483.0923
480.17032
521.00744
479.86504
483.31864
479.95967
521.30591
521.24578
517.30055
479.88442
483.26238
480.13893
483.25875
483.41769
520.50613
522.07302
480.66073
479.79697
477.2047
520.50312
479.85071
521.4552
477.19495
483.34721
520.49419
520.88824
520.98075
520.82798
483.3481
483.36371
520.92209
490.19413
483.25054
480.10271
479.55315
483.29023
520.32394
490.2165
520.32074
521.01958
479.76151
520.49725
483.34193
483.27855
483.38812
520.49817
483.45552
479.77107
520.96932
479.84462
477.21336
483.17093
479.84234
483.06715
520.96104
479.69423
490.21132
479.70281
520.94597
477.22514
483.38067
479.71206
520.57328
490.23295
483.45882
479.81535
520.47835
490.13843
479.65296
483.02742
479.84333
521.01516
521.04278
520.41656
520.19869
520.38052
483.42294
480.07611
520.48305
520.96526
480.02946
521.5678
521.62785
479.64457
477.11832
519.83985
479.70277
480.16135
490.49156
520.46386
477.13154
479.3623
520.51519
479.46934
483.69187
480.22277
479.68786
480.31475
520.51465
479.95146
521.15732
473.36595
504.74559
476.68534
520.44718
482.4375
481.41588
517.45202
480.77305
519.27684
520.34404
477.22441
483.44331
521.15254
479.52217
520.964
520.9815
483.4116
479.81483
483.36617
479.86914
483.40989
520.91933
479.67929
483.31188
521.03756
479.93277
520.97553
483.14985
483.10311
520.97152
480.02871
521.03377
490.35973
490.45651
521.0505
479.77895
483.25601
483.28564
520.97912
479.84677
483.434
483.16947
521.0544
520.98556
520.96505
483.51223
479.90967
483.2709
520.87826
479.77617
479.58282
483.45993
479.70404
479.8192
483.51949
479.77864
479.64797
479.8425
520.91998
483.38569
520.97194
479.79381
483.15701
483.44332
483.21844
521.00679
520.3098
520.98822
483.73428
478.61339
521.70089
520.95639
479.62496
481.31564
519.32155
481.07184
484.38602
480.84656
483.47535
483.68986
479.76186
483.43427
481.8837
477.33315
519.81942
487.64503
480.39595
522.0213
480.91172
482.03171
525.16824
482.99233
479.73698
483.47156
520.95547
518.63252
478.74797
519.85982
522.79065
480.28101
519.61041
481.63025
477.04065
482.01555
481.89427
520.2656
479.58313
522.55113
447.82259
446.55584
480.85894
505.09671
505.1302
452.21375
504.21895
521.90224
481.99417
481.56504
480.55835
481.74065
480.87005
521.5956
481.92199
523.98892
443.95999
504.049
480.89517
457.84064
511.42753
519.68915
465.99638
520.25686
520.86998
507.39191
481.78594
521.35665
481.37223
481.50085
520.51036
481.75042
481.01173
520.65127
519.67321
520.51927
480.21215
488.0696
521.54148
522.88239
453.51821
489.98225
524.14809
476.40404
482.11555
483.437
510.63741
520.01464
484.71315
479.20458
480.73101
481.15031
520.11233
480.34309
483.33307
482.68077
519.678
478.22169
484.97201
519.48707
523.53265
477.90423
482.51165
521.39343
477.98101
479.84061
450.64507
480.23569
522.09179
481.22848
482.67906
480.86411
476.5637
520.60127
489.20224
521.42816
519.44106
482.05763
480.70943
521.35406
481.12444
526.52647
452.62144
523.10957
478.82038
488.81671
479.64085
519.66053
482.35412
478.26825
479.62221
481.62801
520.16915
481.62895
483.50464
504.55598
478.08304
506.12595
521.03458
481.95147
480.45756
481.98811
523.04293
479.68163
480.75633
473.30482
479.84164
520.08106
503.62418
477.64175
481.86395
519.26906
482.78312
480.98192
482.90263
477.34001
510.33181
481.28586
482.81531
518.47435
517.38311
521.04515
525.09715
520.46769
481.29541
505.3829
488.09963
480.79133
519.38204
517.86195
482.42084
482.91458
477.37715
487.75088
526.24937
479.76743
477.75325
481.62515
476.92681
481.09137
517.12834
484.656
483.5027
488.40313
517.6857
523.91122
479.17163
482.34456
479.0121
517.45159
481.05503
525.03016
518.79222
480.02477
480.4869
476.58888
479.71967
445.53952
523.17548
520.30453
476.77686
488.43987
482.58444
489.68532
487.36099
519.45749
517.87542
518.59177
484.59893
520.3484
479.65284
481.89728
482.53686
483.02979
483.61161
518.02584
482.14421
482.64861
488.20931
525.47122
481.36055
484.10379
481.39392
483.53212
480.30848
525.40901
524.91959
480.98098
481.99932
482.70295
482.53807
488.45583
483.86907
482.52505
517.50806
479.96477
517.87043
482.76915
525.75067
484.25013
479.20489
483.41133
517.94083
517.98686
481.5752
481.03246
481.66123
483.35938
480.78627
518.44871
473.53007
483.90282
481.95664
480.21299
482.4741
481.62402
517.60486
517.93011
524.46123
481.50154
483.59296
483.32571
517.83612
483.40801
485.48019
519.54952
518.08532
479.03919
482.58749
519.32941
482.85517
491.01269
520.4702
485.49805
487.09319
478.73175
483.55665
517.85413
481.31001
479.14151
488.3613
477.10811
476.91314
487.0025
482.63452
518.62233
521.16908
480.76481
518.03101
483.49653
480.58153
520.21632
476.95298
481.46245
480.71962
479.01244
517.4649
510.35453
479.46818
482.30659
520.82401
526.37499
485.22165
524.22591
483.17455
481.5846
519.96437
483.45239
481.65234
479.54178
482.04692
483.06643
525.14039
479.96987
518.08554
520.31581
480.47859
482.95391
479.09582
483.44979
480.26177
477.49439
518.01915
485.27281
481.19333
523.64862
521.16864
522.99237
520.26179
483.62733
480.52154
518.55107
520.23494
520.41075
482.33119
481.23864
482.3899
481.26056
481.41854
480.22554
480.64068
518.4545
518.60263
481.20884
480.64537
526.52843
481.41627
482.84805
483.22425
490.68539
477.58153
517.62735
487.03581
486.50061
485.86568
479.78425
479.90817
480.75737
480.06166
483.12485
517.70369
484.16916
480.04132
482.45021
476.73419
480.17613
477.60671
481.74354
483.36942
483.75361
488.53186
482.96348
517.78678
477.54108
481.77057
482.4359
484.62092
518.28505
517.56547
482.51737
518.4571
481.10008
481.01834
482.99506
517.89841
518.60986
521.79241
484.87435
518.63499
490.06258
518.70735
480.86234
481.88301
488.60391
518.00136
481.87864
482.40813
520.24286
481.09441
518.61852
480.26054
476.86009
479.80288
481.1828
517.63425
489.346
481.98231
480.50015
518.00758
487.52887
518.01944
477.41245
484.38372
517.95473
476.61629
485.28109
479.72542
481.72519
518.68387
488.73717
482.13957
488.16073
518.90962
482.09412
514.06875
483.2307
483.85003
480.88343
476.71859
517.96999
518.02633
518.65304
481.03828
497.72495
488.01185
483.75143
518.65669
482.67691
482.03713
517.64178
518.01067
477.75104
476.81065
524.98982
481.57616
482.82388
480.84001
481.47288
481.79355
481.12651
518.11856
481.37838
476.726
517.95725
517.9212
483.5459
520.24798
479.56364
521.00664
519.29171
486.92546
483.03909
521.73174
488.17192
518.22317
483.98936
487.71046
481.77349
518.0595
477.2736
482.0215
517.62649
526.62124
480.9428
482.17541
483.22767
523.20805
476.88259
482.07604
480.56772
481.43341
504.51334
480.86191
483.49525
479.72959
481.42159
489.20275
521.84683
477.46484
480.79829
519.79556
518.6093
510.65537
518.78589
491.26079
491.08783
448.05009
520.72353
496.80052
482.04287
482.27602
479.68102
481.21154
481.26754
521.2048
520.41192
477.01235
484.55106
519.15015
479.3458
481.50213
517.20719
480.07129
523.22558
523.82901
485.25357
479.40501
431.13101
471.10786
508.3859
432.89755
477.05412
482.47926
489.20184
481.12071
501.678
479.52701
510.72055
482.51728
442.66277
522.58074
444.59306
505.91187
504.70796
520.96585
476.51157
479.68114
518.22852
480.36951
520.63626
483.49572
481.13218
504.60808
504.44626
481.69481
483.04597
481.98476
511.03324
520.65533
478.71472
481.92818
480.80226
510.42836
524.88556
482.45619
517.8054
522.3508
479.95428
524.50454
480.91374
481.57732
483.01193
480.02344
482.63176
485.04832
475.37237
476.9751
479.82549
475.74904
481.31954
520.18206
483.76107
483.8279
521.15442
519.09709
521.13437
482.37903
483.74211
519.86394
522.26999
479.96483
522.4196
482.01504
483.45949
519.73576
521.76789
521.51463
518.86431
522.05155
519.99408
481.46794
481.9709
491.4817
481.64074
480.5778
478.07643
479.11056
520.92671
489.54251
483.26541
479.89906
479.5213
517.15396
480.69088
477.61441
479.50461
479.92439
449.54151
481.77825
481.24842
480.94082
480.28314
524.26452
449.02704
482.38533
483.47447
481.7597
482.04655
521.11061
478.38771
480.24059
521.49837
518.9596
481.72508
521.13362
521.35505
483.0198
517.66019
521.45502
518.97098
484.36274
483.20531
518.71628
481.95727
517.95685
479.98282
480.00341
488.26551
479.88204
525.45464
521.39975
482.58153
483.23777
521.17562
521.02423
520.42796
480.20782
483.17588
483.03284
479.73537
520.97173
482.93661
479.79341
483.00022
483.31287
487.76917
520.58296
482.02091
483.01759
521.05238
477.40334
520.03086
490.01081
520.52372
479.76201
480.2502
483.04888
520.93084
483.22141
520.66385
477.2018
483.33912
489.98871
483.18474
479.82355
479.76633
521.00366
480.78087
483.00648
483.26953
483.22798
490.08586
479.91594
521.01413
520.57411
479.80556
520.55158
479.92127
489.87018
477.19869
483.03933
520.40128
520.33908
483.27851
479.91444
483.22343
520.98421
480.24271
520.9197
477.20555
480.50615
480.14524
480.13896
520.30088
479.7924
491.04685
521.15935
480.08604
477.20659
517.93345
521.00859
480.93964
520.95245
479.96325
520.98516
520.99665
480.11953
520.3088
480.07791
521.03208
482.887
521.00793
483.14854
483.07873
483.10429
521.03742
483.16118
477.64171
521.02886
480.01821
481.16014
480.15358
479.88578
483.12659
480.03446
479.81746
521.04244
489.77593
521.01308
520.59984
489.82366
479.79343
482.98239
521.0234
480.00374
521.07812
521.29787
521.07261
479.88217
521.06588
521.09198
520.97467
520.98533
483.09527
521.57166
479.89904
521.04469
482.91435
480.05389
521.12329
480.28756
479.91751
479.8452
480.34083
479.5505
521.48582
482.52625
479.89842
483.19318
482.97896
521.03362
479.66741
521.28395
479.86537
521.59209
480.31038
520.69555
521.31179
521.11774
521.0376
521.59347
479.99188
486.82763
479.72631
520.01385
520.68729
475.74444
483.73375
483.32759
479.86672
483.11048
481.42031
480.91454
480.19944
482.93399
522.52803
521.01501
489.71891
479.86187
521.07573
523.627
482.91716
482.94526
477.99716
479.62549
478.76116
482.90392
517.59146
479.70231
479.33807
480.39556
524.06888
476.65822
519.76507
479.59742
480.45823
480.60187
522.38396
488.8731
519.09837
481.91297
483.0962
523.28014
481.30193
486.51736
482.92426
480.72404
479.74019
483.43377
478.5529
481.09866
521.07798
521.00804
480.23809
479.28541
479.91178
521.31383
483.00149
521.29181
524.71242
481.54491
526.21421
482.82942
520.63036
521.64787
517.74416
518.75252
480.86306
481.07335
519.98872
518.46965
479.53255
517.81142
483.99291
501.44205
523.95805
451.25702
448.05342
482.38342
524.44053
508.14697
459.56271
444.42638
446.45235
503.68252
457.88407
510.237
480.39287
482.89254
490.00676
518.82128
479.75057
452.35549
481.4559
479.27438
482.2327
481.05893
505.4909
521.08367
518.80148
477.46467
454.65832
476.07089
480.44379
479.7248
479.36135
482.19341
442.59383
489.79158
478.16681
520.24347
520.11592
478.58445
521.44658
504.95197
479.13372
479.68702
504.68115
482.44453
482.04838
480.98694
481.10304
521.73117
521.241
490.59453
480.93751
523.91792
477.5518
478.33473
476.62102
477.2797
483.12673
483.453
481.85172
510.53321
518.44691
478.2223
490.84576
479.92891
447.6872
516.535
484.51298
483.40227
505.47011
520.50483
489.85562
519.65871
482.16057
517.53548
483.39479
526.35799
484.90623
482.66073
477.19999
483.03913
476.74728
517.64488
522.78692
488.55917
488.09754
484.19921
483.11433
486.40417
524.38559
516.53553
482.205
480.69221
517.91039
524.28414
481.64313
481.25125
518.24422
525.84409
477.91213
517.56903
522.38665
481.76205
481.01111
483.26377
482.3324
521.0058
520.39178
450.87534
481.60254
517.45388
481.81793
481.60275
518.81043
518.28817
481.97687
480.03988
504.79717
518.96306
489.93733
480.86075
481.30043
478.43648
480.40821
482.54212
477.06938
518.76234
481.67511
481.55887
481.17987
518.51956
484.72994
516.68582
488.05478
476.80875
482.4381
479.15715
518.21044
525.99709
479.54001
481.54711
519.60291
518.53528
489.3547
518.68779
483.75651
480.11578
482.30793
479.68387
483.66324
479.78854
488.59712
479.77596
481.66473
517.68907
481.96248
480.76681
477.44444
518.50685
481.02836
480.81708
518.11132
517.91507
487.04251
487.98826
482.82654
481.28388
518.63456
481.39645
482.42018
488.05519
483.41083
523.23399
482.46252
485.97296
520.22019
517.66665
517.79316
482.53294
485.23294
518.50405
480.35777
479.82811
481.57606
489.64535
485.30401
483.8801
518.54823
487.71837
481.18961
524.13655
480.98527
488.44601
476.7177
517.67566
524.99178
517.62872
481.22546
476.80308
482.52895
481.16213
476.81905
482.70723
480.76826
483.06236
480.85564
482.03097
517.99099
483.49325
480.40183
481.23285
489.5949
481.80983
477.19001
520.61425
480.25378
482.03332
517.92718
482.82351
525.74891
481.41179
518.18941
477.52728
524.21923
517.93768
477.57316
482.28693
517.93244
480.03128
479.85781
479.95692
518.53864
491.28616
480.31312
526.26383
476.82405
518.40504
489.64861
485.34393
479.29945
488.59872
517.81206
482.48674
482.33693
517.68401
480.84165
481.95988
476.62097
485.05321
477.18551
517.6783
517.8604
481.47044
518.1174
485.09607
517.92025
521.04992
517.90533
484.40042
517.78375
487.94456
518.58809
484.85327
477.55203
481.71379
483.37638
481.47776
485.92262
518.11895
478.05493
487.18138
524.89946
482.25735
477.25929
488.72126
476.78951
517.4358
480.47886
482.61965
521.03784
480.11398
482.70242
481.14368
480.31467
481.07878
517.91395
480.45633
480.04368
521.00623
480.10545
483.36723
479.74648
518.40477
518.83706
482.35561
485.48368
483.862
476.60541
477.00126
486.9624
482.99946
477.45479
483.19468
481.47492
483.08313
481.4447
476.67348
483.55723
480.31648
525.33573
482.48161
529.26288
482.95651
517.73778
519.94296
477.23671
520.88967
478.43582
505.55549
482.31024
435.28518
433.60176
480.32251
479.4025
517.83104
434.18697
454.67528
483.10047
486.72962
489.16047
478.41606
489.21862
480.04408
482.97582
482.92842
520.98068
443.09075
482.79202
479.29792
435.77516
485.64297
481.73138
479.49008
431.38511
426.88686
519.06316
524.87419
507.0348
479.26544
520.98985
518.10176
482.15573
428.04596
497.52227
517.75786
476.76306
486.53949
481.23269
477.49234
479.60414
482.33648
478.17793
487.65107
525.06069
480.94318
485.24397
477.01467
487.30842
482.97074
517.62115
488.43869
479.9862
480.20961
488.70946
485.93014
480.38869
483.5919
519.47756
479.54969
478.13524
477.52093
520.46058
480.28066
520.95178
517.71715
505.81222
514.61483
518.43131
483.71882
483.13327
482.61648
480.79642
498.26867
438.64226
485.60735
480.61368
441.85716
453.95563
443.9639
443.18336
520.93478
504.93047
505.79177
483.75025
517.66302
525.75905
432.76405
512.73305
444.75813
438.79884
481.97577
498.29331
483.78936
431.15283
445.96959
499.74104
445.79374
439.81586
520.9442
439.6186
432.1675
479.69474
484.63158
480.24923
521.03477
437.19442
481.90267
482.14787
434.75749
481.30217
480.13115
432.85896
438.0571
515.3464
511.88406
476.31316
507.26716
484.82777
437.8757
527.91973
446.34163
430.96615
484.54225
483.04447
481.21679
481.52471
518.19428
482.05883
485.76946
484.0219
517.41231
518.27241
480.30973
487.81461
484.1138
480.15103
485.41419
483.58135
479.51756
480.15376
482.26006
480.45418
488.21889
489.16897
480.16865
517.99367
521.08587
482.87247
519.32101
483.89944
518.48371
484.25393
482.18922
432.64943
514.19233
507.06094
482.71453
433.11919
447.91506
507.28316
518.45888
486.50175
433.81287
481.98349
506.32006
478.04951
482.13023
497.8126
484.63674
517.79475
481.71642
482.76455
519.68396
485.3596
479.21917
480.40431
482.16654
477.30323
520.86377
495.08408
520.97206
521.00032
440.48155
517.9916
479.74261
450.8425
507.56401
484.27329
518.86563
488.66136
482.92198
477.31899
481.93086
479.56611
479.76292
520.00107
518.71095
490.79441
517.66964
520.91045
526.14437
483.66752
518.57875
477.52997
484.14373
484.83872
481.49569
484.16888
477.42542
481.51242
488.46005
478.83002
482.95179
479.77161
482.77789
480.34357
489.83035
481.10437
480.3835
482.10442
525.72828
520.97885
517.95539
486.62679
488.15753
483.24949
477.54119
489.50975
517.847
480.12502
486.55684
517.75712
517.85203
487.92517
524.22625
518.16645
481.00314
481.81841
481.64577
517.94083
487.23677
518.52983
487.77975
482.95538
480.86937
485.65029
486.83478
480.24885
517.66446
517.94072
483.12852
482.11495
481.34142
517.71856
483.44504
517.94324
483.22558
483.13693
479.9989
487.58022
483.11882
485.30993
518.50532
517.22108
504.61485
517.98293
476.66324
518.81142
518.55722
482.28282
525.71906
481.7822
480.05273
485.21809
483.23435
483.25727
520.97379
483.02031
476.65504
482.18404
506.03189
484.70121
486.67802
476.93659
518.71414
476.89648
517.91614
480.60435
517.5853
487.65485
481.92165
479.81587
479.10232
483.06271
514.15836
520.93296
521.0852
480.13125
483.11789
479.22064
480.04656
483.37746
481.29439
517.67592
520.9736
479.54599
518.76788
482.417
488.58022
524.94572
518.18431
487.15088
518.28241
482.97549
521.00631
484.41656
476.89618
479.85409
476.73874
485.54965
514.29058
477.46211
476.84839
480.99645
480.27819
479.685
514.40405
489.96603
475.89569
482.13856
518.3976
480.52064
482.435
484.97438
481.60136
483.16981
520.51862
484.59103
483.26913
480.60378
485.39655
517.80133
520.58963
517.67731
480.73855
517.91764
485.78112
486.02962
482.89953
480.89719
482.85803
480.46404
489.41902
518.54657
481.24286
482.73603
481.13301
517.99931
521.33048
481.81222
477.42354
489.80211
518.41761
483.29649
485.74275
482.52122
518.33362
517.84662
484.1439
524.196
481.01093
521.66873
518.06143
517.92775
479.82275
480.51245
486.90517
489.27981
480.62179
524.03694
477.71829
486.7366
518.5088
523.44767
517.86915
524.9437
480.3962
517.70296
488.96292
483.55288
520.23753
517.88735
480.75476
517.98416
518.45529
485.43308
477.24646
518.51085
487.19331
480.59033
486.47406
482.60179
518.05766
517.74252
481.20202
481.93956
477.70671
517.84317
480.20164
517.81754
524.89311
483.3881
521.13051
477.65349
486.53386
517.75018
483.17201
481.05206
476.78329
517.67139
480.09727
480.55237
518.14714
480.06802
482.86695
483.34262
481.94481
483.15416
482.8234
518.12899
517.88081
481.32396
476.6492
477.49517
518.47769
480.07466
480.8071
517.70896
517.66683
520.9128
487.58417
482.98675
480.94067
482.50679
520.86176
480.75877
485.87514
518.0799
480.52413
482.96022
481.41254
482.94366
476.69432
517.97352
480.79895
517.68323
517.78679
485.70818
517.98564
480.31519
476.79231
485.75332
487.49494
483.20382
517.77236
481.15932
480.02181
517.87009
480.93827
480.99502
525.71338
483.29853
483.09017
486.74032
482.24829
483.25192
480.2795
524.92395
520.96493
483.03736
518.09916
486.71666
518.23821
486.68626
518.58408
481.27715
517.5506
517.75378
482.63683
482.64843
482.72017
517.81957
520.90655
520.90859
484.62889
517.89441
482.29898
482.30538
483.25605
480.83162
482.10131
485.45696
517.68649
518.42684
483.38408
483.85712
482.5945
488.36558
479.83178
517.55613
520.96064
482.33535
476.7487
517.58668
482.52272
477.55235
518.08998
477.19031
486.41314
482.95426
521.55388
518.0003
481.45331
489.87825
517.80523
483.52036
482.23989
518.18142
481.0664
480.73931
482.36483
476.62772
482.80957
476.80141
480.62995
517.71141
486.63739
520.94601
483.38715
482.53165
486.89806
485.89014
517.91848
483.37842
480.98648
480.25158
517.93579
518.624
524.93227
481.06453
481.36261
480.50175
480.86286
481.36653
477.14088
486.11408
483.17272
485.57788
481.86198
476.7669
518.04882
484.02684
488.73917
521.19641
481.4825
487.53593
518.47633
480.57904
518.52014
488.82371
488.83477
524.9321
476.59429
487.14339
483.16608
481.1568
525.68511
484.5255
482.56684
480.98895
488.39081
482.059
480.23029
485.13692
480.01878
518.35872
483.31905
482.03718
490.20681
517.87119
486.78046
480.70951
483.22177
482.18845
480.76548
480.65788
480.03295
521.00711
520.89613
488.15926
481.79245
491.08232
518.09964
488.00689
487.5602
484.9575
480.62745
484.42378
476.97668
481.3794
518.86301
479.32917
482.11552
483.95154
525.03919
518.08765
482.0123
517.97297
518.04414
479.36479
482.9547
477.11697
525.23277
518.78448
482.00198
479.8295
479.9709
476.55418
483.77898
476.66186
480.85769
518.43121
476.62944
518.49138
489.38683
482.16565
517.68052
482.52274
518.76545
485.27695
477.58695
482.51448
518.66359
483.64042
488.8512
480.13668
517.7916
482.57744
487.90456
482.87206
481.68335
517.90921
484.77439
481.98138
480.4775
476.69338
480.15257
517.65586
482.26232
480.72295
488.69264
485.41942
517.96188
481.7283
476.87184
525.04673
476.85441
520.89688
481.08329
481.79676
485.74931
482.81464
517.64302
479.83326
484.58465
518.56608
485.41718
518.17237
481.86363
481.92282
482.85228
488.53981
479.45667
517.98682
487.03269
487.82733
517.92318
479.90262
480.73749
518.11927
483.28281
482.77609
517.83083
481.23158
485.67455
476.84026
517.84556
481.47329
476.84697
482.15712
520.87571
482.45127
481.17364
477.48079
521.06524
487.82071
517.67435
489.75468
482.38545
518.10554
483.1989
517.62624
482.99632
520.92579
476.80509
481.88803
479.60237
518.18391
488.22039
481.42211
479.94621
522.60928
481.2155
480.37767
483.65674
517.91807
517.87305
489.09132
523.39499
479.82762
481.61507
476.6903
482.2425
481.6451
481.996
480.29999
476.66361
481.69504
488.16741
484.77769
517.755
518.55644
520.94152
484.07235
518.51097
476.68001
487.33789
487.12263
518.62633
481.0666
518.01412
479.10189
518.83126
484.52495
480.67068
479.98117
480.95894
483.07041
477.45556
484.60826
518.54689
514.13322
517.64032
518.00951
485.1056
484.19739
481.80535
477.51922
485.30748
520.91674
487.74095
487.08719
525.8111
486.59807
517.95884
485.35395
483.66712
518.89491
488.3564
523.21973
480.72664
483.0113
481.52208
479.2553
484.92343
514.56324
483.32261
482.95375
488.27013
518.07401
481.85598
485.18996
517.9359
482.68462
481.56393
483.0187
514.62476
477.13191
517.16838
482.7617
517.55521
480.68106
518.29527
518.47792
518.62336
517.33833
477.57623
481.37677
518.61558
478.70451
483.56004
518.02035
484.12275
478.67422
519.86441
475.88617
475.91558
474.41016
480.37186
479.30793
520.88903
482.62296
482.63255
480.62935
518.04376
484.59239
522.6737
481.64037
484.11569
483.63586
480.66012
480.45916
482.62461
520.93324
479.56583
482.29971
518.15045
522.54539
518.28965
488.78087
479.54836
482.64092
522.07823
482.56987
524.24796
482.07515
480.20334
479.36551
514.23317
482.58623
477.53306
487.1423
517.71028
517.97889
483.69871
525.6752
481.41579
482.50712
483.3659
525.75619
482.0898
482.15072
482.22406
482.50664
517.66149
517.97856
476.79381
480.57332
518.26165
480.77232
517.7834
518.73498
514.50706
519.16429
488.33521
485.0476
481.95313
479.40959
482.06212
483.63033
481.86704
481.82562
481.7894
484.87319
479.41259
520.86473
481.49142
480.67437
482.63842
481.94719
517.92171
487.38194
526.23841
481.75634
520.91737
517.72265
487.3873
518.18479
517.92545
485.33454
518.71657
518.53192
480.72573
485.09183
482.51958
488.25592
482.37567
479.90976
482.90206
481.53847
526.03458
482.36344
518.32701
476.6058
482.19343
478.57292
522.10391
485.13282
516.88473
524.15998
478.96624
517.69176
518.07681
490.00398
519.10878
489.21788
518.00809
480.45181
480.22221
483.22414
489.39589
518.53639
486.83876
476.74978
486.78538
486.1409
518.03814
517.77773
477.54201
485.18624
518.48035
477.62659
517.72876
482.68604
481.3157
489.02052
524.93407
481.34209
520.9228
517.8971
488.55933
477.63856
480.79823
520.91629
520.89342
482.9268
477.54548
481.0115
517.93895
487.23452
485.52993
480.6467
476.65234
517.73661
477.656
518.35309
518.28951
518.42398
489.53817
524.23746
476.84968
489.57237
518.49324
524.19156
517.79158
488.29137
517.88401
482.35473
481.1467
480.07901
485.82546
482.99335
480.1295
520.90281
517.65399
518.0083
483.14789
517.94193
482.95183
489.63652
481.31824
477.57813
517.93513
518.15672
518.0068
481.47242
482.80609
481.29442
482.8199
483.71982
517.69504
481.03161
524.94054
481.13121
488.69165
517.92997
485.6958
480.89783
483.28204
518.31177
517.7191
525.76756
482.47221
486.06237
486.31459
521.32422
518.02295
480.78549
480.97387
480.95234
518.01554
520.89178
483.03039
518.14082
485.81389
480.21506
480.52727
479.63176
489.76647
484.40014
517.68332
524.96667
480.93957
517.89278
482.98837
487.26565
491.18651
485.5419
517.97856
476.90838
518.52127
520.92735
523.18412
520.9322
480.72926
482.34361
479.93418
476.83437
481.73279
482.22368
481.59738
476.73689
482.56351
485.4774
518.52453
481.5627
524.19654
488.74861
477.57542
489.65466
482.10017
525.76729
481.85887
479.1359
483.10864
482.09083
514.13329
484.12541
518.62716
479.07338
483.15896
517.77387
484.62594
480.14751
518.55199
517.98143
476.66419
514.51709
477.49474
487.84087
518.76124
480.83801
482.57973
481.81268
517.8027
482.35322
482.48942
517.65765
518.6053
488.73466
481.72549
476.80845
480.65238
485.30877
480.42243
486.8843
484.74756
518.50212
487.78865
518.65638
486.89892
476.35681
518.5828
518.0239
477.57938
483.8345
481.60154
517.92282
517.81801
484.04909
480.84265
484.4211
480.91519
489.84578
517.88858
480.80227
514.07396
518.60186
479.09127
517.65142
518.83575
483.43778
475.39717
519.10695
482.38305
480.39144
516.65047
477.34678
478.64703
477.91601
480.81686
482.6634
487.9058
528.45214
478.31567
479.89384
481.95752
479.52317
518.13447
490.14923
477.43257
488.39342
514.68498
474.70983
479.35285
528.36902
489.72211
481.58121
480.50758
517.39064
482.4853
480.92074
480.6269
487.92159
522.00015
488.37968
518.56196
480.6699
488.04016
484.04859
481.0458
481.05269
482.60734
484.69442
518.00262
518.18081
518.65396
497.73654
520.84144
518.16066
479.46919
480.84155
518.85746
518.59819
484.63295
487.29897
518.00427
479.25902
487.03008
518.7061
477.57101
480.653
483.84698
477.56102
481.01462
520.29607
517.92985
514.28489
522.16033
487.01477
489.43587
488.44634
485.16598
484.36714
482.64954
517.93564
476.67911
481.12437
525.73503
489.69809
480.76425
482.59938
485.13997
518.6696
482.7134
480.67721
489.79943
521.46403
479.08414
481.06231
482.39205
480.04558
475.77956
481.92092
476.80555
486.41051
518.66524
520.05592
484.93893
518.9163
477.26429
481.34928
484.12141
481.56023
474.36601
518.2776
505.77647
505.26972
521.62171
523.64702
482.39853
476.5229
477.32828
522.22207
478.38629
472.4245
469.75296
477.72908
443.93489
432.58082
504.85043
434.39962
436.71304
519.1676
443.6307
501.41212
439.91556
426.9429
523.84193
505.59461
483.46153
494.65233
440.16204
484.41006
479.81684
446.75777
503.39795
510.24197
481.16504
477.00739
456.64727
482.66566
504.9976
486.79477
480.89011
480.95177
480.96645
521.63171
480.80106
490.90727
523.81931
479.31194
480.7359
522.20031
482.26113
481.44865
504.99037
524.54505
511.47025
522.36437
481.19987
477.83818
523.86694
518.70439
518.77886
480.47245
482.82397
527.99245
483.14744
483.99244
480.05855
480.91874
483.30667
520.84552
481.60546
519.37381
481.28265
478.81546
525.57007
473.18806
518.7307
478.94028
525.46283
484.07952
523.76775
480.82135
511.50932
510.3044
520.88992
520.52433
477.05505
520.11742
479.34663
483.32072
520.47412
523.02311
478.32167
483.55142
480.61799
483.64467
520.56544
448.43148
456.32042
480.18013
475.72832
476.82251
479.41226
517.92983
481.30221
491.30651
506.02432
523.45156
449.04792
454.46368
484.95992
447.63267
452.97452
445.07639
521.77832
521.03391
480.3071
522.616
484.05338
480.17333
484.90339
447.70726
451.46419
505.46237
482.47708
520.20734
449.42988
481.17537
521.97016
505.36483
520.05361
477.15804
482.22932
504.59488
519.80801
452.40015
484.11071
481.26232
483.49272
482.24816
477.24779
481.618
477.68994
481.77226
479.54475
476.96322
483.41676
518.8522
479.86589
480.12467
520.1219
476.89336
483.37638
478.43819
490.67722
483.30843
479.30546
510.89407
479.78953
483.94042
520.57137
443.33315
482.56285
481.54675
520.34996
485.82239
478.85849
481.62877
519.74438
517.73596
482.85784
485.11782
520.27318
479.38347
520.06594
447.40174
522.62303
521.42862
510.65861
480.276
475.99623
481.28044
479.81084
489.06282
521.27988
522.42491
518.89549
479.52234
478.72756
479.76385
522.76212
504.03843
480.38917
505.05526
480.19572
521.29873
477.25374
487.12173
519.41084
529.35224
484.2623
480.32896
481.43605
482.29751
520.99692
519.3829
479.35511
516.32561
483.39745
519.48263
485.15466
489.97178
484.72013
476.20738
528.26075
478.38618
525.62786
481.70164
481.22989
524.45942
479.60248
481.62505
520.30432
518.19446
525.34299
484.87876
512.66593
477.08486
520.65428
483.25176
478.93286
491.6441
521.77278
481.2633
478.57073
480.62736
476.39066
487.79935
444.66528
524.71851
480.5627
478.97407
524.33037
478.44315
476.6828
523.2196
479.79245
479.62975
474.40501
510.57694
525.82513
480.54611
523.81395
480.36017
524.78983
479.72426
488.87539
516.93658
521.63649
521.60457
478.78243
474.84473
528.01352
519.89012
475.56279
519.44226
480.37598
518.6814
479.48179
522.18792
479.66738
481.12889
523.02069
521.5599
520.62127
522.50378
519.9208
521.28907
479.5308
483.82496
524.17801
521.90604
480.64063
480.92101
477.7488
525.32322
478.35757
480.70589
488.26758
481.10969
522.45745
481.66875
488.94701
481.08561
522.78956
477.59797
477.53934
480.6863
480.7836
479.53791
520.59195
521.42815
482.44682
486.94272
520.87948
525.30583
487.26607
490.85121
483.77009
481.06653
521.0928
477.49699
485.98738
520.8759
524.17982
478.17961
482.17133
481.24437
521.10218
524.27635
479.17903
515.97472
483.53621
477.23794
522.89616
477.53073
478.59707
522.72569
483.56094
480.36508
477.34064
521.01708
479.20051
484.62747
484.46096
484.02665
483.55941
484.25779
520.35431
472.67358
479.26789
490.76436
523.9977
478.37869
520.74249
482.11722
522.53485
522.20706
522.543
479.13708
521.60053
481.57746
480.45918
481.5182
488.265
479.91386
480.85836
520.47711
521.21122
484.16718
476.69041
518.35851
482.36256
487.84361
483.6798
483.58231
521.52197
481.6803
476.6398
521.97264
519.63766
479.12624
490.47224
482.07722
518.46798
475.73101
522.39641
480.90962
480.55287
520.71222
482.60243
521.05559
520.5126
479.57607
482.50911
480.12271
520.32582
481.85547
478.14345
479.6334
479.72689
520.16335
482.68123
480.08912
477.05198
527.33106
526.88742
474.46415
521.67269
482.21057
519.81142
519.17812
526.30499
517.42889
475.08562
480.5443
481.47779
481.91715
521.42413
480.93456
481.00816
524.77919
519.73778
478.48703
519.24942
519.9627
476.50658
482.08709
479.85401
475.19384
481.3243
520.94123
487.16155
519.45166
480.88851
481.51606
479.86187
480.93747
478.74247
519.57058
480.77876
519.53407
473.6055
481.83599
474.75817
519.7471
488.30332
479.66681
480.00532
525.89011
482.76414
477.01062
523.25482
480.70668
520.82283
527.66145
528.99109
477.81506
481.49634
522.5394
481.24201
520.39901
479.7987
483.47583
479.6416
479.5538
479.73933
484.07258
479.53499
519.71293
479.65742
520.60596
479.14935
521.14123
482.42079
518.69778
479.35555
487.43521
520.39096
521.05803
483.19158
477.25435
520.90602
483.57063
480.20698
483.14417
479.84865
479.75649
479.58822
520.96319
479.45789
521.01465
521.13337
483.55588
521.04406
479.82041
483.50248
520.9712
521.02053
520.34833
520.28302
483.41543
525.41692
479.80207
477.23757
479.35156
521.01177
483.42371
483.56135
520.9448
479.76691
479.51078
491.31424
520.95308
519.24182
483.30749
483.30143
520.92922
479.70443
520.45854
483.12974
479.57825
483.23726
483.14917
520.4633
479.8372
483.49048
479.52419
479.93336
490.50072
490.27211
479.71652
521.07845
480.30555
519.5208
479.82437
520.64708
520.32988
520.42361
479.41839
479.63428
521.0426
479.69715
483.25895
481.86207
484.14408
520.81096
479.55792
480.71097
485.18671
477.25953
482.69848
483.50699
479.95591
520.92037
482.57393
519.56895
519.03139
491.41738
478.81327
475.25007
523.24423
482.91341
488.80823
520.08758
455.66335
505.80495
481.56946
480.99175
503.43603
454.92742
455.62362
480.45309
505.79682
448.68726
510.36082
479.00075
482.58778
521.54892
479.82949
476.94782
482.61048
479.03194
483.60971
462.60205
479.59478
480.8714
520.72512
485.11631
481.49403
461.94329
479.17574
483.57937
479.68985
481.31317
478.63043
520.39399
476.9587
483.81869
480.94294
523.9151
517.62541
519.24718
519.07722
488.37957
483.25709
487.75095
478.44243
519.46147
483.30094
481.56697
490.14965
480.71497
481.60799
454.21981
479.59053
520.72647
482.55212
510.50014
480.52678
519.33972
479.83913
479.48124
521.0694
520.23021
520.90719
479.51955
519.43346
521.01988
481.9749
521.53345
480.71258
487.01427
519.35741
482.15347
483.58511
483.3001
480.35586
480.95666
520.06916
524.05798
482.31175
481.64925
490.61308
519.29689
488.20807
520.69367
477.7881
478.20919
521.96267
445.02147
449.66845
505.51571
521.66185
478.11509
505.05986
504.78855
478.5678
510.93993
451.70104
522.43358
478.20732
503.18692
490.35015
477.78923
518.82243
478.73965
479.95658
503.42431
479.69131
510.55269
488.78873
521.10124
525.85631
510.68718
481.4843
521.84177
518.83215
451.48149
525.73385
483.34322
520.30162
480.05867
517.58574
482.10502
483.74251
506.09163
477.35688
477.20534
520.6007
477.05502
517.84014
520.42846
487.5683
479.95977
480.05224
517.85185
520.6704
477.20875
479.62332
482.98044
479.75921
481.54013
481.02366
518.46857
479.83833
480.0842
520.68229
489.87662
518.59365
518.08061
481.13292
489.7213
490.28466
521.15833
476.46379
480.60531
444.09303
518.97889
442.90927
483.22026
443.03214
486.3672
452.5425
453.31221
481.05349
505.419
482.42946
480.00843
483.70802
481.82921
516.48317
483.2706
506.81646
479.5939
523.57901
479.69509
483.77143
483.06497
484.29177
480.7412
480.8157
478.76257
483.85698
481.55334
476.83687
524.16985
481.65447
481.68224
456.36393
522.19531
452.60993
470.93777
520.99964
479.30927
479.56991
483.11353
520.59588
522.05361
479.91128
481.99601
521.96521
481.29279
518.90744
519.54167
482.05485
522.53374
480.37417
518.26024
483.15719
479.45626
478.98688
481.64325
480.15021
519.4484
490.60261
520.97498
521.31287
520.28562
475.35863
481.7653
522.33414
482.51571
483.13268
480.0869
480.80914
480.98558
488.19876
477.98083
484.2681
522.01089
481.68145
477.39651
489.96258
483.75135
523.3
521.4757
505.78479
479.43878
479.28504
522.78963
517.0949
523.54048
510.42871
509.88417
482.2462
526.09705
481.85393
480.19752
481.94577
452.75997
482.97143
482.85113
477.17952
525.16122
482.53087
482.28708
456.54705
481.67988
480.36649
521.0907
524.60192
481.55118
489.22595
477.4626
482.95761
522.21802
479.93307
482.76618
482.65614
521.01531
479.88582
521.05111
521.09867
479.73628
483.08501
482.86315
480.13564
519.47113
483.02832
521.02662
480.19045
482.76394
479.77981
521.11143
518.44202
525.60703
479.66448
462.40438
520.91543
521.01819
480.58199
483.10771
521.07693
479.74183
482.95908
520.98013
482.86442
479.49983
482.67423
480.06739
483.50637
483.27887
479.89097
483.67484
520.92707
479.80456
521.028
483.27746
479.92029
521.04139
483.4548
483.40379
482.65965
520.98582
479.9213
482.77781
521.03672
483.09065
479.53764
483.04923
483.07448
482.9574
483.42525
480.22112
520.92349
479.94727
483.39071
483.17806
521.01017
480.33843
480.02706
480.31798
520.99739
521.07332
520.96682
479.80671
479.85538
483.32382
483.51957
480.09808
520.99993
482.25271
480.40043
479.91465
520.99246
521.00262
482.76155
521.23228
521.05396
520.97137
479.862
479.94996
483.28985
520.96094
521.20224
520.98725
521.06553
519.93166
519.38062
483.40979
483.43295
521.41899
483.51669
524.46267
479.56416
479.4394
521.03959
483.57653
482.96716
483.05363
520.26229
482.65386
521.072
479.94355
521.27147
475.27118
480.29111
478.83803
479.55151
521.02167
484.03668
483.43509
519.12799
478.49098
479.4106
479.61728
482.56873
484.58072
520.55359
480.79698
479.07708
481.49833
480.12913
518.58624
482.02363
521.5582
475.30878
516.70038
486.24876
477.64414
523.97989
477.03265
521.49278
519.63132
482.41265
481.40904
526.78061
520.66271
489.69718
482.67286
480.93261
488.00319
486.43504
482.78034
523.07947
519.57283
479.95224
479.91444
483.09177
482.64022
522.71981
478.94411
522.83445
480.86228
477.04437
504.44381
481.14784
518.84261
505.91479
475.54119
480.25434
476.1598
481.60058
482.66168
483.57225
477.6006
522.29101
478.65817
479.56891
481.0434
520.83714
520.04264
482.64426
521.73187
523.47118
483.1789
521.91869
479.72669
479.89055
473.92605
482.09886
476.82358
479.98412
481.40133
480.77744
521.71735
522.94361
457.75527
526.01919
481.78297
506.67001
481.93651
520.42609
521.14544
481.1467
480.15055
479.33447
481.0156
483.12152
478.9267
479.7297
480.5016
482.88483
480.32643
510.80581
482.61495
481.9118
522.78828
478.12744
480.39782
480.64331
523.01954
481.03244
480.08676
479.06243
481.05944
478.46517
481.20633
483.124
478.52348
522.53224
521.1089
522.36707
482.01624
518.67382
478.3402
483.88989
480.10654
475.77299
477.63521
480.63135
480.56738
483.38645
479.68923
480.86159
480.54441
473.62099
523.00426
521.14747
478.33153
481.18681
496.58536
478.97577
478.667
478.51587
477.75719
480.76183
478.1709
522.64765
481.16128
478.94663
480.46202
479.15886
520.98686
481.7008
483.26403
520.59574
484.19121
483.10254
478.4998
522.1686
521.6065
522.87585
478.41083
521.4228
481.10532
522.32761
480.80068
477.82357
481.20152
480.11101
521.09679
487.87797
482.82924
481.56778
521.05824
477.86048
522.15481
478.84887
524.27236
480.8327
488.29407
522.57173
481.08853
481.01662
523.24211
479.30266
480.2627
522.20415
525.09941
481.97571
480.44922
473.57787
525.79344
480.20581
521.20486
481.74251
480.67483
479.99519
488.85678
479.64717
523.11265
487.40569
522.77075
478.86158
483.99174
477.49002
479.90743
519.80915
478.5325
481.28784
475.74885
526.99926
477.8849
526.3018
522.10616
470.50378
477.00777
524.67301
478.70506
478.04936
482.22434
478.95907
522.50881
523.27221
478.01389
482.54085
523.21235
479.23727
479.0897
477.71031
521.51991
478.75143
474.13013
487.6054
478.6069
482.78298
480.63542
478.87738
482.94785
476.74321
474.66743
523.88287
522.564
489.00396
480.81516
481.45434
480.42115
478.32817
479.09459
483.71278
481.25598
479.65613
479.80336
476.02363
481.68637
480.9137
478.95061
481.10209
485.86516
525.84272
480.83112
526.87632
479.52157
482.43563
523.203
479.04223
489.71228
479.21107
482.06972
520.73844
519.44763
483.29505
523.22304
519.69186
528.50294
479.82925
521.82772
483.60688
482.18096
482.95305
523.07111
472.51199
480.58763
519.01391
486.81519
478.51098
473.72876
482.01508
482.07072
484.00355
478.65657
478.62227
525.23496
477.77175
479.74597
482.07331
481.70202
480.55847
474.74881
481.55947
519.86287
484.26642
521.95664
481.40459
521.5261
481.96874
526.11457
480.62471
480.81906
481.05533
488.10774
483.01156
488.56598
480.42155
520.46615
526.43087
476.21007
489.91854
475.28058
519.77779
479.95858
519.18295
479.50809
479.60103
480.40541
481.04683
519.15795
480.73326
519.11507
520.05355
486.07145
486.08247
481.61761
520.24028
479.92432
482.40587
482.02714
526.60109
526.51733
474.33766
482.53845
519.25736
519.51625
520.35773
483.02041
483.59515
520.4284
482.56973
520.98496
521.00976
482.64819
520.92997
479.27773
482.681
480.55676
482.67701
520.99579
479.9209
487.81431
482.54588
480.12289
520.98146
480.43892
480.45625
482.7493
482.35894
483.49927
480.65989
480.35655
482.87689
520.98483
480.41025
523.01087
480.49483
482.44283
480.30609
521.01397
479.52269
520.92431
483.25134
485.6395
521.63254
481.80931
521.04173
482.1257
479.83182
521.74858
479.93807
521.14816
521.67759
480.10932
482.28243
520.95546
482.89181
521.96877
480.39061
482.46573
480.53472
480.14253
487.60648
521.95922
519.77198
521.00157
482.99978
483.3641
480.74188
480.26989
520.93392
521.26449
482.75248
482.57026
480.80063
480.18562
484.62191
481.12258
520.79548
480.21148
482.0267
482.12759
481.67253
482.07982
482.17856
480.63048
521.07909
482.86896
521.00043
479.69519
521.01596
521.01398
518.67086
523.19366
479.97332
521.0562
480.64866
480.72383
521.00519
480.09631
521.02212
480.10946
521.06439
483.19292
480.00609
482.44929
480.03151
482.60214
480.16371
520.95773
521.74707
482.46481
480.43047
480.80229
480.25446
521.01183
520.87941
520.98949
482.23936
521.03906
482.58958
482.67422
482.02966
480.62346
480.95048
482.22258
480.67337
482.18284
480.45715
521.00628
479.95887
520.96147
521.03353
480.50815
520.52463
521.24808
521.03831
482.18362
480.99647
482.46779
482.41798
482.01991
480.5447
482.33785
482.30054
520.95086
482.26398
482.09972
520.9315
481.03288
519.29106
482.06766
482.20273
481.91307
481.03689
520.89188
520.95304
520.93453
482.46264
481.99122
480.69667
481.91707
520.99268
482.20791
482.35925
480.78429
480.63529
520.95307
520.94653
482.05303
520.92581
520.98243
480.56905
480.95742
520.96867
481.80383
520.99195
480.85361
480.82261
481.84322
521.2024
481.92366
480.89335
520.9622
482.37567
481.9808
481.12878
520.9823
520.90723
480.95647
521.04635
482.36119
481.15249
481.0384
482.25078
482.2894
480.96658
482.13911
480.58119
522.04635
522.2137
521.57992
481.06133
481.67254
480.29003
480.90219
521.04539
482.46507
480.93954
483.65001
475.59444
520.97514
520.9204
480.99133
520.87503
521.01019
482.35367
519.76654
520.27984
482.022
481.89772
520.88255
520.89809
481.65278
518.05529
481.62826
482.80316
522.69413
475.03053
481.60103
481.32003
524.17715
481.33067
517.71491
476.00297
475.08823
518.8721
480.54007
482.01657
485.11277
480.36967
483.6792
484.66082
525.1704
480.18959
516.65594
482.88057
521.48048
521.04542
480.4386
480.94894
481.83683
479.65948
481.73584
479.66483
521.61395
482.43526
481.87043
478.17652
481.71057
480.65257
488.13119
480.55886
523.77789
479.47346
481.03838
522.71451
481.38265
477.83544
483.25576
521.33494
520.14696
519.27903
480.8446
521.03553
522.92606
482.77989
518.17766
520.96594
481.94955
482.54715
520.20496
519.65803
477.60148
479.87177
489.06416
480.49336
518.65689
518.33336
522.16218
521.25054
482.21514
480.40009
455.68307
505.70886
456.43771
453.03504
454.76197
482.61215
451.64658
504.67817
448.90007
504.70441
480.91017
450.85691
517.2909
520.97921
482.13973
480.69673
480.00762
522.65981
516.56073
517.2148
479.59462
520.35536
476.70441
519.43993
480.67731
476.16512
484.52538
480.3422
478.39754
481.45751
482.5023
483.94787
527.15109
480.18523
477.16585
517.47589
482.13656
510.0541
507.05365
454.67754
477.91817
510.05099
517.19566
517.85239
480.63537
478.98866
479.87896
461.17689
527.46303
477.19824
477.34233
482.71792
523.03051
482.0122
464.72714
482.30615
481.3229
456.41785
520.22853
483.71465
478.4327
482.64755
481.93581
518.37046
520.9527
519.55999
519.61929
520.4868
482.03234
492.71053
519.87243
442.06829
436.71578
440.50925
482.16446
479.4271
449.86768
519.06594
481.66271
505.57331
482.32371
518.88599
517.75556
510.52996
502.92274
444.04621
485.39445
481.33508
483.44957
477.4201
521.03779
480.25935
480.62143
528.27155
523.84639
480.83722
525.88834
483.48662
482.15578
488.47688
521.47381
516.6798
478.9565
480.21132
480.0738
518.66919
481.93922
521.06554
479.40196
519.70234
522.11584
518.68576
479.35795
519.18467
527.94722
481.45202
522.86433
479.48502
504.99627
477.0106
484.04794
482.1506
481.49515
477.26934
482.00981
488.6878
519.99792
482.20708
490.2068
479.00691
493.19293
482.84448
520.69637
479.40808
478.55486
483.34159
521.84459
457.44058
481.30334
479.88747
505.67985
482.7898
523.4366
480.11507
481.29846
520.4119
478.97661
482.31869
520.6727
450.42396
522.14361
491.2472
515.99454
479.77309
479.27718
483.25639
482.56785
451.87362
506.25094
482.1982
483.13421
520.11958
489.68718
523.61639
452.84356
510.09513
480.63343
520.48275
522.37769
480.10778
482.4337
488.61668
481.08632
480.73451
519.31824
483.63375
522.96018
482.77362
480.31583
476.21443
481.32771
480.10755
518.14529
517.29017
522.51406
477.60209
523.07298
521.11361
519.58523
479.61624
483.70792
483.04604
526.78659
522.28345
482.55792
481.58837
482.89315
448.91153
522.25831
521.00758
519.69567
521.04783
463.75728
483.62894
482.98625
483.06156
443.04063
481.9082
455.877
518.30284
518.50734
507.02902
480.33616
510.13657
455.79924
524.46534
437.16748
481.55337
484.07196
507.53414
504.81822
448.8656
435.08852
428.71602
482.10463
446.99986
503.73912
434.87393
430.06477
480.99919
482.2413
484.62527
450.35415
473.22012
445.51271
453.27182
507.16241
510.34765
516.45226
443.26014
505.64941
480.78554
480.52893
505.76792
481.85833
488.78961
478.59947
516.84811
519.53025
519.02852
521.16757
480.31119
481.61375
481.39151
522.10039
477.27614
481.4405
481.75194
519.94341
480.87923
526.47522
503.03326
525.68764
509.95295
522.22711
437.6033
435.17614
428.7209
447.67091
499.18887
507.55857
479.58372
479.05741
518.91898
488.07339
507.15057
439.88637
478.90065
497.20744
439.76067
518.7415
445.47983
436.51233
432.79409
507.72507
440.42766
472.59126
484.67358
425.61895
508.468
482.22842
481.66396
521.15508
481.07868
480.76961
482.155
478.80328
479.2533
482.21623
504.20432
528.211
479.53727
481.40082
480.25441
524.37128
476.80337
490.2602
481.16079
482.26442
520.4947
522.81831
480.89141
517.73277
518.41555
481.57389
515.18056
485.46259
480.81419
501.84853
478.39049
523.02616
481.813
431.14006
503.44481
437.03355
479.56832
480.51837
485.18563
518.85282
482.98053
504.32591
485.6262
482.1304
483.41045
518.27781
519.29804
477.24121
522.22392
506.19127
516.79093
520.49937
510.66246
478.25315
485.7543
476.26985
481.7456
481.99643
481.41042
444.92669
422.89786
499.0652
431.922
455.72243
483.31531
439.27892
450.82786
438.95061
464.39713
521.61996
478.82262
506.98961
522.00237
424.54715
478.77431
435.57517
451.53751
425.45916
422.30726
475.90797
482.47157
484.53172
483.51589
454.78318
431.94959
450.92187
481.5842
480.68269
505.99272
483.38512
507.82341
440.13807
436.58422
478.51912
478.43576
506.22698
507.72213
523.57069
498.96669
506.83567
450.92214
439.21306
520.63128
437.09742
527.1671
516.66594
519.63049
481.10351
525.19136
478.03997
521.65654
518.69027
481.3251
433.07013
489.85906
480.77164
505.82288
436.21796
477.8958
479.72793
452.41205
434.78177
478.45507
441.11749
430.30528
505.96015
434.96514
481.94657
483.03471
504.63484
480.53709
430.704
438.38514
441.59573
440.16879
483.59192
454.60754
436.68501
500.07562
484.12356
501.32694
504.04449
482.56122
435.76375
474.87101
452.05012
521.32716
478.92898
478.91138
430.16773
475.27839
479.54973
480.3776
505.64622
441.47205
505.9745
479.88319
474.91892
480.03144
518.98979
516.25455
518.00554
476.36945
481.06149
482.07091
518.39231
518.77227
482.58324
480.24045
519.25558
477.01655
518.53941
498.37366
487.79722
480.3714
517.28785
485.191
480.46712
526.53637
477.07611
525.1954
479.94619
483.46239
478.60745
482.87572
518.88032
518.05582
487.28803
483.46092
481.50055
480.33617
505.13448
519.29436
436.0777
480.5014
481.60671
508.88367
479.91434
479.16107
479.96231
476.26514
486.30505
444.92534
485.1978
520.75436
480.01272
477.45672
479.27902
481.7819
526.18025
477.39667
481.06244
482.76233
481.03815
480.6333
478.97565
526.56265
480.18407
482.37562
519.31262
481.80311
481.97389
480.65811
480.72291
519.21848
479.01249
480.54564
520.47638
484.91896
474.56122
481.99508
482.87328
480.70309
487.42222
481.23514
477.68916
483.19119
480.17394
480.95964
522.00965
482.89288
522.74252
480.64338
483.80214
477.71296
521.80396
470.21179
520.91559
520.45889
517.36821
482.14709
520.15941
480.1894
526.77029
478.98097
519.62863
475.34749
488.23894
481.74804
519.41468
483.29395
480.56111
482.02153
478.01654
482.79834
524.15459
490.11109
520.98454
483.61762
481.23035
483.21031
520.06394
483.21727
520.17247
520.86852
475.90081
480.33604
480.23859
519.25878
479.20258
480.85414
520.25125
527.06678
481.29905
521.03702
520.38754
520.03382
482.40646
476.27937
482.23555
480.41544
480.78278
485.90422
520.16119
479.94775
525.03846
479.86567
479.47525
477.04852
477.67394
520.68689
484.87532
518.16933
482.61848
527.25901
483.12745
475.59668
520.91302
479.97504
492.95833
518.66369
487.01693
519.36733
519.23404
484.25461
520.05975
521.9355
519.9485
519.3663
480.22315
526.27071
481.12286
486.66994
480.57473
481.54915
478.11146
481.67564
479.76
480.3866
484.33819
523.24731
481.1291
481.61356
483.27145
518.37441
474.69611
520.80613
483.58626
518.97176
485.2098
507.62714
488.81546
481.4971
449.83664
483.174
479.04863
478.81383
518.11613
482.05506
482.57691
430.59739
438.65934
443.53952
504.125
485.32617
509.82353
431.36866
440.08454
522.16342
446.44867
505.34654
525.32026
481.75719
481.484
483.77833
481.43313
479.44548
482.48586
520.00379
476.43672
428.36345
491.1779
487.23185
464.14533
517.02635
522.58579
504.68411
482.21517
484.96747
525.70705
475.88814
523.77511
517.5826
448.48671
482.0966
485.79926
481.33658
522.27598
484.4853
485.80317
514.56123
482.55384
524.64366
476.9771
477.11134
520.95691
484.51879
518.27044
510.25028
482.57748
482.50959
506.02136
476.30835
510.73332
522.81668
474.05058
518.94278
509.96904
481.8248
481.97477
525.79469
482.07234
485.75884
482.38061
525.73601
480.6668
476.90616
478.74435
482.8331
522.38466
482.96328
518.77664
489.17247
480.95178
519.67732
481.29687
482.90373
477.12198
481.45805
527.84372
478.89311
518.68159
481.30076
517.74847
488.81906
517.97634
520.03742
505.48223
525.79813
479.79237
482.82785
482.73166
483.55725
519.65837
483.19582
483.06485
488.8712
480.04998
488.83802
519.9319
479.90953
481.21723
478.12202
480.85227
517.89966
483.29178
482.12916
515.15166
476.32094
480.26657
481.31013
521.79345
482.04773
480.87265
480.67661
482.08192
523.24319
479.74478
482.95243
519.19338
480.33126
522.44996
482.10672
482.1756
523.16522
476.55284
478.08069
522.32818
481.14134
482.52093
480.8663
481.88174
478.80603
518.85742
482.33842
483.32291
482.71709
481.70226
521.11839
517.66277
520.90753
521.15427
489.20975
481.5154
482.22702
521.19686
523.8632
479.79611
518.31597
478.84697
481.42759
524.08139
526.20853
482.14718
453.74678
481.70986
519.41528
518.6427
481.82094
480.46836
482.31629
520.70987
486.72699
480.91752
481.32448
481.37831
480.94542
481.30293
521.16707
481.246
481.26376
481.88058
482.0617
521.15837
481.78161
480.8603
521.03548
480.92916
480.96406
481.00062
481.95771
482.78857
521.09369
481.76645
521.0484
481.80443
480.84867
521.06938
521.05201
481.46139
521.08633
480.79078
482.01882
476.69571
482.13753
481.10318
482.23803
482.42394
480.68538
521.07366
521.09169
481.84746
521.01322
521.05359
480.9746
525.19284
480.7778
521.80744
480.71887
520.94634
439.9379
439.48608
453.41732
439.53928
507.84215
434.97114
445.2613
520.54569
524.66136
453.47197
520.50932
481.68161
478.8853
439.44538
428.67568
478.88501
481.52153
521.15739
481.87919
481.4781
507.82684
520.14476
440.04022
481.63887
481.6109
521.04009
481.73749
481.4303
520.89173
481.09929
520.10723
481.41951
481.02879
520.34086
481.44347
481.40685
482.00153
481.92757
481.52125
481.59364
480.87963
480.8982
521.01069
480.93273
480.86998
481.49645
481.63256
521.11757
521.04526
481.36762
520.98931
521.76943
481.00686
520.94756
520.32764
481.86878
481.70244
499.37574
435.45995
445.54263
499.50204
453.43944
505.82738
480.72301
519.08733
520.45431
453.25507
450.73486
428.85963
439.7108
483.40126
428.72623
520.02679
439.93458
481.87753
505.83129
481.4211
481.06436
478.99437
435.47189
520.39094
481.96884
446.58845
435.05721
519.86249
505.2907
481.13055
521.2201
520.97661
481.3582
481.51902
520.99738
481.54186
481.75976
521.04933
520.94802
481.55352
481.77048
481.63127
520.74321
478.9309
481.68207
499.42659
435.02507
445.1732
428.61649
505.85767
479.22839
435.16018
521.03229
523.72504
478.97049
499.55365
478.88964
481.72369
481.82461
520.83723
445.59408
507.83465
481.02191
520.85842
481.75732
520.87794
481.32124
481.74111
481.75948
481.29956
481.57012
481.18797
520.46733
481.7618
481.76602
521.06993
520.87347
520.48089
481.14709
520.9755
481.06019
481.08907
481.79347
481.17038
520.62034
481.12903
481.52775
481.37123
481.00401
482.0067
479.0562
434.87585
428.64705
505.78649
507.86324
478.87383
478.93121
445.10152
445.43331
481.39444
478.93776
481.64711
439.17929
440.28307
428.78553
440.21893
434.89412
453.71825
480.95609
481.56853
439.23786
439.29865
453.63081
440.17323
505.79951
481.4809
428.73956
482.05404
482.07447
481.04482
520.6017
521.37935
520.89839
481.24209
481.4201
481.81566
520.81116
481.51041
520.16417
520.30133
478.91257
521.14724
519.97308
520.64782
479.11781
481.37706
481.45491
439.3564
505.86278
499.44415
481.30147
505.8249
520.59497
520.87676
499.44497
481.02987
481.06706
481.08498
520.89262
482.02019
482.24176
482.25581
521.01187
520.8823
520.97468
521.03272
481.15273
521.10215
520.93616
521.12765
482.29204
520.95999
480.76798
521.02319
480.70047
482.33782
521.04577
481.12907
480.80189
482.07047
481.83615
481.92953
520.94639
481.39259
481.15934
480.75271
521.32507
481.61606
481.95336
480.97878
520.90348
482.07209
481.95451
481.02861
520.8324
519.83598
520.45567
481.7993
445.12179
481.58762
482.12398
481.69127
520.95383
480.98148
482.02327
521.04398
481.25568
520.89347
520.90699
481.98811
482.13829
520.92375
482.22192
481.20311
481.54104
490.41317
482.13554
481.29612
520.85783
482.16466
482.10876
481.20895
481.9012
520.822
481.16099
481.2304
481.30144
520.80241
481.24941
482.07561
481.91573
520.87133
520.94419
520.84128
520.81564
481.05468
482.22024
520.79927
521.2057
520.83073
481.72785
520.87736
520.81981
482.03307
481.00463
481.94549
520.87117
480.93624
482.05288
520.87571
480.84853
482.27099
481.06347
482.34917
520.80156
482.19735
481.13631
520.82747
520.90636
482.14294
520.82246
482.3476
482.29381
481.13814
482.22199
481.17537
482.30028
482.15675
520.81728
481.10996
520.87471
480.82847
480.98322
482.05217
480.94028
482.0279
480.86769
481.11052
520.81623
481.99572
481.0859
481.9327
481.0278
520.86707
482.1252
481.16323
481.82833
520.8386
520.80847
481.07907
481.26674
481.77343
520.7843
482.01198
520.81942
520.81267
481.10056
481.77243
482.32515
481.04789
520.78435
481.14575
481.70098
520.85456
481.99185
481.31018
481.8747
481.97087
481.25264
480.95638
482.1069
481.28686
482.03936
482.05736
520.80324
520.88188
482.09052
481.34056
481.78658
520.88945
481.07777
481.98683
520.82253
481.36931
481.46222
481.90571
521.0677
481.50509
520.92237
482.03664
521.03955
481.14136
481.4071
520.83554
481.98276
480.97417
481.20417
481.44183
520.79421
520.84759
481.71924
481.25046
481.00373
520.92025
481.04553
482.19615
520.81563
480.8986
520.81521
520.80952
480.93133
480.99783
481.96156
482.18335
481.29255
481.32814
481.87737
481.94504
481.13063
481.10358
481.84278
482.20161
481.15532
482.02826
482.13911
439.01953
440.43773
453.88559
434.7404
499.75898
507.77218
445.74796
445.94318
434.70866
481.5708
481.56472
481.61243
481.72864
520.91123
481.67836
521.06463
481.74251
481.63158
520.89209
481.11774
481.90196
481.06931
520.94414
481.579
481.92969
481.8613
481.44454
481.57996
481.19613
520.6604
481.82459
481.50704
520.87361
481.95423
520.78404
481.54856
521.01466
481.58506
520.97734
520.8125
482.02333
520.82926
520.8363
481.94048
520.85645
520.61368
520.85883
481.50314
481.18883
520.81659
478.92295
440.36698
439.12851
428.81146
440.33568
499.59085
505.77058
478.95699
507.79701
453.75705
453.6976
434.57105
505.78571
445.59547
428.76751
481.37986
481.54952
482.09193
521.19432
520.77119
434.8266
478.87378
520.53844
520.6535
445.40373
479.12315
480.91598
481.90781
520.79628
520.81741
520.78921
482.02592
481.71521
481.2942
481.38293
520.93079
520.98606
520.78238
520.85735
520.95171
481.58416
507.82299
520.4832
481.11683
479.12765
505.75158
505.78754
520.88549
482.54357
480.25743
480.40987
482.48514
480.39542
482.78643
480.31471
480.58948
520.90547
480.53012
480.33903
520.84846
482.86574
480.28708
480.15943
480.19487
480.25892
520.87483
520.92974
479.61831
480.31979
520.90199
482.43853
520.88572
482.45332
520.86828
482.49775
520.82608
520.8748
520.90264
482.57785
520.90033
479.92346
520.90893
520.89439
482.81257
482.60375
520.91783
482.56024
482.61319
480.47115
480.49007
480.63998
482.6204
520.87421
482.85616
480.53969
482.79805
480.51019
482.94491
520.91231
480.03779
482.58982
480.37006
482.55525
482.98719
482.53065
480.62915
520.92448
520.85657
520.89085
480.57178
480.54716
480.34918
482.84573
482.83442
480.68098
482.64114
482.66126
480.482
520.93813
520.86931
480.73554
480.72702
482.60228
480.82332
520.86542
480.70885
482.63613
480.71797
520.89576
480.22042
480.46084
520.87063
482.67292
520.84217
482.73476
482.39246
520.92097
520.82844
482.28293
520.88496
520.91225
482.28078
480.45595
480.47702
520.8846
520.82317
520.87204
480.60246
482.31467
520.896
482.23842
480.69942
520.83714
482.7528
482.89575
482.33488
482.44342
480.8944
480.92698
480.87813
482.45307
520.82466
480.99593
480.66811
482.28567
520.81876
520.88494
481.08732
482.32885
520.88067
480.77598
482.37964
520.81363
481.01825
520.8722
480.94879
520.81557
481.04218
482.24157
520.87019
520.86297
520.87116
520.82487
481.11654
482.21352
480.75222
482.14659
480.9063
520.88692
520.87917
482.21293
482.16623
520.86541
480.66299
520.84344
480.70335
482.23456
480.91539
480.74696
520.8822
480.87628
482.26899
482.3723
482.34109
480.91281
480.98954
481.01082
481.18539
482.13163
480.96132
520.87362
520.87421
480.78889
482.0759
520.88542
480.86004
482.48865
480.85454
520.9518
482.55098
520.89015
482.54238
520.84313
480.63757
482.25317
520.91265
482.4151
482.17944
482.39957
482.17893
480.72809
482.20798
480.48362
480.80285
480.88597
482.42422
520.88448
520.88248
482.22382
482.44933
480.44169
482.28238
482.20863
482.17182
480.54642
480.47635
520.92968
520.92463
480.76883
520.98444
520.8932
520.92406
481.06207
482.6585
480.85742
520.95128
520.96455
480.82525
480.4443
521.03062
520.90354
480.90383
482.53403
521.00808
482.55316
482.44632
482.13504
480.96474
482.39894
482.12385
520.94114
482.3913
480.96332
520.99523
480.99226
520.90923
480.65043
480.62974
520.98836
521.0106
480.61409
481.03275
481.90395
482.27404
520.84065
520.88969
480.85505
480.94005
480.79359
482.11326
482.03595
481.67607
481.1979
520.83721
481.97398
520.89478
480.64883
482.36895
520.96123
482.03188
520.89296
520.98121
480.61787
521.05261
520.92075
482.46269
521.00565
480.75697
521.02919
482.46953
480.62195
480.82165
520.8742
480.98529
520.92622
521.05891
480.66464
520.89933
482.09196
480.56842
482.44527
480.35779
482.5237
482.46211
480.86355
480.97511
520.85997
481.04758
481.09493
521.0185
521.54637
520.90331
482.58376
520.94166
482.60831
482.04989
521.00196
480.81265
480.34089
480.71041
481.91609
480.7201
480.39273
482.32501
520.90372
482.40755
521.01675
482.19634
480.69363
482.24119
520.96705
480.35293
480.55286
480.84396
520.99204
482.68614
482.51498
520.91282
482.39879
482.70507
481.7893
482.19925
520.92898
520.92922
482.31133
480.61554
480.63067
480.81913
482.46813
480.28206
482.59303
482.51725
482.11825
520.91754
520.91148
480.66231
520.89295
480.24152
482.55255
520.94191
480.21192
482.71418
520.8974
521.00122
521.00634
482.81229
520.87947
520.93386
480.10456
480.16511
482.87954
520.93258
520.91616
480.50167
480.19846
482.64122
520.93373
520.92538
482.87947
520.92456
482.97793
480.54941
520.92322
482.52427
482.8971
520.88716
480.55317
520.88406
480.48988
482.45335
482.57498
520.97809
480.35626
482.2812
520.93599
520.91413
482.60444
520.92182
480.51973
480.19526
520.88094
482.27953
482.50633
480.54268
482.44428
520.9222
520.861
480.708
480.42834
520.90136
483.00464
480.12674
479.92132
482.95906
479.98443
482.54684
480.52538
520.96792
520.93903
482.75317
520.90786
520.95109
480.44213
482.88806
520.9758
483.32796
480.25373
482.97752
520.89185
520.92767
520.93293
520.9174
521.56452
480.41469
480.08902
482.65795
482.62586
520.93091
520.95775
482.77197
520.99039
482.95397
480.36861
521.0134
482.5477
521.02136
521.24715
480.40702
480.06588
521.01909
480.14382
482.44639
520.94917
482.3541
520.9987
520.42883
524.82482
481.0854
520.92629
482.49322
480.79952
480.74056
480.69344
480.66491
480.58218
482.50842
482.5015
480.58407
520.92455
480.88526
480.50696
520.88533
520.89744
520.90397
480.49474
520.85856
482.44433
480.59463
482.50896
482.70814
482.71531
482.8474
520.89797
520.90063
482.53045
480.62023
520.86778
480.77691
520.90138
482.37559
480.85458
482.22943
482.62043
480.97835
520.90544
482.53274
520.87129
480.8223
520.90242
482.45397
482.59803
520.89518
480.76847
482.30863
480.5473
520.84756
480.5687
482.14643
520.86793
520.896
482.42645
480.49491
480.45671
480.59787
520.87749
480.54902
480.2162
480.26453
520.90234
520.92633
480.40036
520.87245
520.93386
481.04815
482.58129
480.25479
520.93967
520.86353
480.5795
482.82635
482.70279
520.91307
480.40675
520.8672
520.85615
482.58895
480.60534
480.63466
482.25678
482.02515
482.18614
520.84601
520.84429
482.05723
480.62157
480.64734
480.77907
480.8683
520.91074
481.99025
482.07158
482.02985
481.97632
520.91007
520.90351
482.21348
481.99131
482.43839
520.93844
520.94001
481.06067
481.14129
520.83788
520.9183
480.71233
481.07195
482.12342
482.40735
481.20249
520.90676
482.17113
482.1477
482.05147
481.23843
482.07955
482.027
481.25527
481.28836
520.87016
481.87394
481.13063
520.82165
520.84489
481.0169
520.80843
481.9299
481.04091
482.08176
520.9013
480.96881
481.92025
481.95798
481.07403
481.86871
520.82786
481.07854
482.02577
480.95205
520.8941
480.89115
520.90273
481.04049
480.86862
520.82556
480.9317
481.27174
481.9888
481.16477
481.96032
481.2653
520.88612
481.93528
520.80868
482.05364
482.22573
520.84216
481.0975
481.8563
482.13291
482.16065
481.14298
481.9739
482.22892
520.80615
482.18721
482.01476
520.88943
482.30291
481.00322
520.82706
480.84591
482.27482
482.2506
481.04385
482.32931
520.84321
482.08846
520.91758
481.11818
481.15636
520.81729
482.17575
520.83817
520.89897
520.90091
480.81578
482.25076
480.66037
520.89344
520.88065
482.10966
480.85517
480.91105
480.59009
520.87942
520.90628
480.82369
482.08866
520.88844
482.13913
480.7999
480.76642
482.20239
520.90723
480.95399
480.91781
482.40966
520.90945
520.89124
480.96746
482.35239
481.03743
481.05291
520.82688
482.17994
480.88611
482.25745
520.89229
482.15494
520.80664
480.90199
520.90036
481.07616
481.0995
481.08729
481.17333
482.14858
482.1785
482.12479
481.19257
520.87341
481.97899
520.8785
520.79278
480.64773
480.94846
520.80948
480.95233
482.04094
520.79511
480.90814
480.87304
520.88712
482.32801
482.10735
480.84953
481.28183
481.01583
481.91091
520.88366
482.23479
480.94707
481.92999
520.86608
482.49616
482.00482
480.77606
520.82374
482.13426
480.82934
481.0181
520.89174
480.75346
482.10391
481.22537
520.87334
481.24571
482.1956
480.99018
481.13613
520.81614
482.30324
482.2588
480.90732
482.51919
520.83525
482.21811
520.81356
482.31101
482.37336
520.83812
482.43393
480.94899
480.89371
520.88
480.50981
482.198
520.90645
482.21694
480.71039
520.87216
520.80533
482.28097
520.83405
520.83742
482.39741
520.86751
480.75682
520.89262
520.90432
482.37932
480.59901
482.3572
482.30039
482.3725
482.39331
480.54632
482.28799
520.91579
520.86991
482.34519
482.59085
520.92231
480.4289
520.83902
480.72458
480.54973
520.92041
482.57303
482.63183
480.79482
520.86357
482.15791
480.5391
520.83905
482.52905
480.48761
520.86882
520.82672
520.86755
520.85639
482.81661
480.5667
482.55536
520.90784
482.74413
480.36344
480.62365
480.69548
480.71981
482.76959
482.66805
482.71607
480.5851
480.38907
520.8765
482.5407
520.90169
520.8545
482.78586
520.87399
520.85888
520.89826
480.28648
482.89107
520.89759
480.55489
520.92671
482.86951
482.23791
482.65521
480.45611
520.82357
480.73928
480.53189
480.40066
482.50334
520.92877
520.89716
480.48095
482.49839
480.32001
480.43625
520.8969
482.53024
482.93498
480.50494
480.35077
480.18125
520.92927
480.42374
482.67321
520.84235
520.81856
482.44529
482.64455
480.20002
480.15978
480.65209
482.57939
480.64438
520.86802
520.89166
480.66703
480.14183
446.58129
429.1347
435.22546
434.66824
499.62067
428.97854
478.96701
439.07631
521.09342
481.46086
519.56792
482.45967
478.88401
481.78327
505.83278
520.31496
481.69431
481.15518
481.32326
520.9802
482.52208
520.54513
481.64625
481.36911
520.87301
481.03925
481.36726
481.5202
481.67611
481.34757
481.46455
519.88506
521.43718
520.19628
520.84964
478.82433
507.81082
519.88677
481.88413
479.54252
481.59026
428.53209
434.80663
445.51456
519.9129
481.63153
438.72714
440.67991
438.79186
454.12828
454.17202
507.61351
499.65882
445.45982
499.62564
440.64714
520.12097
445.37683
478.8906
440.63801
481.54007
481.58806
519.41179
481.95896
481.79719
520.84223
481.53565
481.45055
520.84493
520.83745
481.43382
520.75932
481.5642
481.78075
521.06844
520.50987
481.81356
481.6903
481.39074
519.58178
507.72317
481.46723
481.46702
520.97366
481.75796
481.71474
481.26561
481.34787
520.50478
440.54255
428.94773
520.68819
520.60671
438.96816
499.93712
499.7671
520.87033
481.40481
507.83532
481.50553
453.90566
507.74063
481.78882
507.80867
521.02663
520.42433
482.10393
482.01797
481.37314
481.98885
520.85541
481.48236
481.45187
520.88159
520.91061
481.04979
481.78269
520.85374
481.09514
481.74099
520.95142
482.07411
520.89344
480.97201
482.05169
520.86619
520.80545
481.01393
481.04995
482.02954
480.87601
482.12081
480.93819
520.87578
481.1437
520.93919
520.89077
520.88623
481.37842
481.1212
521.0202
481.38419
481.34335
481.32096
481.03815
481.52596
481.63022
481.75782
481.39322
520.9391
481.89206
481.7196
482.04015
520.97386
481.06609
481.18443
481.46402
481.53918
521.05103
481.43521
481.96985
520.89224
481.44067
481.62939
520.9663
481.43371
481.32722
520.8171
481.36353
481.50279
520.59842
481.60622
481.7945
481.38908
481.46571
481.73329
481.68182
481.00805
521.06924
481.55344
481.36418
481.31942
481.74211
481.92076
481.71128
481.91349
481.11473
520.90395
481.7527
481.14747
520.93861
481.72967
481.36455
520.80485
520.77209
481.17003
520.80827
481.58999
520.93353
482.11834
481.87671
481.73007
481.49095
520.87524
481.88064
481.76415
482.05084
520.89871
520.87314
520.77978
481.93129
481.04108
481.22266
520.79599
481.68969
481.67877
481.56525
520.74083
481.39338
481.94015
481.52728
520.76624
482.10576
481.85829
481.30008
481.06995
482.03113
481.4227
520.87548
520.88951
481.54925
481.15842
481.79854
520.83404
481.63142
520.79563
481.83459
481.90669
481.20329
520.81664
481.51468
481.61734
520.67497
481.6509
481.48018
520.79236
520.85807
520.8124
481.51094
520.6981
520.78744
481.30393
520.78194
481.5077
481.68771
481.71206
520.76409
481.34757
520.7934
481.80704
481.7497
520.83424
481.32402
481.14979
520.69348
520.8814
520.9286
481.05676
481.24674
520.78604
520.872
520.84869
481.84701
481.71189
520.76958
481.64526
520.78298
481.53463
481.76567
520.9454
481.97897
520.90824
481.67214
481.68635
520.85588
520.89613
482.00845
520.91798
481.39101
520.75794
481.46313
481.39139
481.72564
520.86003
481.25952
481.29844
481.78718
481.4283
481.59358
481.34559
481.60517
481.45255
481.63023
481.0675
481.77066
520.75062
481.78571
520.82449
481.64657
481.7588
481.42994
520.81159
481.11927
481.62691
520.84025
520.82252
520.88368
481.30787
481.97784
481.36803
520.80166
438.53676
440.86344
454.31623
478.88412
434.7755
445.50712
454.26603
434.73054
505.72135
520.28374
428.56927
499.74819
499.70058
479.07311
481.56226
520.09781
478.90304
479.09746
520.04099
481.58812
481.5521
481.95363
519.4173
481.5331
481.56174
481.59748
521.86083
481.30044
481.8796
481.35107
520.83926
481.27788
520.79765
481.40117
520.82741
481.89208
520.78114
481.86605
520.10222
481.34157
481.39884
481.85432
481.69601
481.83195
481.4384
481.90025
520.9431
481.68152
481.49977
481.12678
481.62582
481.7025
519.63303
481.18658
481.61622
481.51491
428.5361
479.11049
434.75657
445.4181
438.6638
499.66023
481.97933
481.20914
519.90514
434.81528
520.23146
428.52337
521.73965
445.48917
454.22648
519.91107
481.17059
481.66614
507.83443
520.7604
479.01279
479.29476
520.11205
440.72929
505.7337
481.54677
478.87949
481.43485
520.8542
481.59318
520.88634
481.9531
481.93956
481.71386
519.43081
520.9727
481.48144
520.80861
505.72106
520.80412
481.79619
481.37572
521.80588
445.63253
507.81458
520.10997
481.59453
454.34801
434.78526
521.62995
499.69393
445.57759
434.68689
428.57137
445.56848
479.04326
520.13975
499.74177
505.70779
481.11724
481.26493
520.05527
481.99378
520.86512
481.1892
520.88052
481.91653
481.79965
479.09147
520.13905
520.77456
481.21355
520.82337
481.76225
481.79917
520.82834
481.25534
482.17389
481.82327
520.62196
481.83052
481.3773
521.62558
519.54831
519.40335
481.56223
481.34674
481.95159
520.88436
481.56892
520.14294
520.93533
481.25535
520.03913
479.09324
477.72253
477.38569
482.38534
482.73125
481.28802
482.25439
481.17129
483.0707
482.12141
488.04678
481.05244
520.74964
521.90011
521.36619
517.34991
485.98245
484.96617
518.06717
483.92384
517.60699
479.53161
519.77176
521.3497
476.98686
483.122
483.20074
525.91681
481.91208
528.67794
489.62353
482.90529
518.34127
482.60107
480.16431
477.65619
525.21355
518.11341
482.61457
499.82815
517.69584
480.02352
482.53903
485.51356
524.6112
482.43185
480.52363
518.80565
482.10221
479.17811
519.81468
482.00636
479.91104
479.7564
518.99167
451.0501
450.32696
451.01285
489.83161
480.74085
477.65382
517.73523
510.26377
520.61455
482.53173
479.96277
520.24528
481.75984
451.59859
479.522
522.06853
482.54683
481.34427
522.80263
450.61876
517.75187
476.07196
504.9042
521.07371
523.30314
480.79507
480.09799
490.31817
521.11067
483.58586
481.24085
490.72357
480.79973
482.02796
521.45509
519.5217
517.36286
481.68719
481.83008
484.14382
485.47903
481.32775
518.00808
520.18454
478.0236
483.15179
481.66324
481.42442
483.625
510.29685
479.75139
520.24398
505.17632
487.37662
482.98828
523.42943
481.54353
477.25911
510.51916
504.7071
481.98802
451.26973
520.36876
510.71565
483.40579
504.9889
451.80942
479.98207
517.92325
484.29784
480.43089
518.63211
481.09754
505.3026
481.91114
480.46077
490.96985
521.34014
504.84743
481.55777
510.68208
510.16753
451.83945
481.45595
475.23462
519.33
481.57918
480.09235
520.92075
477.0204
520.47674
480.79
481.70849
519.9203
481.08005
481.6252
482.85776
488.7109
485.30625
480.82563
486.70936
517.35927
521.31395
481.79759
481.17291
482.90783
520.60064
477.32528
479.72095
520.34236
521.53257
519.63505
484.81642
483.14178
481.22738
477.72492
483.35734
480.9981
450.02917
451.15833
504.39504
481.24428
477.74396
481.79958
504.90781
522.51344
522.23998
480.11511
489.20424
450.96113
449.80305
475.89222
477.49546
479.39345
520.27272
504.69374
443.33422
450.30963
518.39051
516.86357
517.29832
452.92821
435.60663
477.4796
520.14242
484.75512
522.99191
479.86169
485.68178
505.39847
451.56648
518.11494
504.45171
521.56231
480.94534
491.7715
485.39211
478.72621
481.65891
519.41708
482.21691
519.59669
484.17084
429.92255
522.18658
519.37865
482.37338
484.92886
510.43402
518.76959
505.87464
485.38015
448.97912
482.28211
480.88339
479.1839
481.05601
484.6938
519.47947
520.19381
482.08983
476.963
483.11643
519.73071
484.02605
451.64792
481.70435
518.55614
482.12019
520.65018
483.1752
481.77019
518.2581
480.52428
516.66486
482.13163
479.01871
518.0268
478.95847
491.80162
479.07304
478.43015
481.96713
478.94111
482.25798
517.67995
481.27827
521.47171
480.43834
518.30845
519.94247
413.91984
482.80241
521.62873
485.55413
478.98401
481.23799
479.92499
477.13564
480.81283
490.21652
480.2445
528.09781
520.83819
482.57192
480.47721
488.60429
481.37831
522.38014
483.52055
480.05853
518.92349
527.01855
517.791
477.74663
482.08317
517.91773
520.25322
479.72271
480.58032
480.46404
477.0368
510.17201
522.5489
488.49327
518.60203
521.22994
481.08546
498.24236
523.84287
520.24419
492.25166
481.76348
481.48894
520.18242
482.43721
481.40438
478.74447
481.90625
521.11011
520.05428
480.22058
481.42217
515.04295
510.15764
521.9963
484.17751
475.64189
520.10587
480.83103
505.17041
484.57835
480.52856
482.22453
520.15808
477.71114
520.65135
518.27996
475.42008
479.86014
521.63723
482.64141
481.94411
476.37014
482.16087
482.30993
480.37944
521.31934
480.33992
482.1764
480.36849
482.2537
521.243
480.39812
480.35871
521.3263
521.28496
523.02851
521.29436
482.21067
482.26244
480.40291
521.27593
480.5171
482.0269
480.73305
477.17828
488.35826
521.27865
484.15896
482.31793
481.72883
482.21617
480.55258
482.36217
482.51566
522.43143
521.2379
480.30713
480.27884
486.65016
480.42506
482.41544
448.81138
478.78921
480.53542
520.04186
482.8182
482.22758
489.25514
476.89759
482.41133
480.77505
517.59267
520.03032
476.85844
480.63544
480.60942
519.82043
521.33316
482.33981
482.28737
521.29857
480.53752
521.21494
521.00177
482.39607
482.37845
521.33592
480.28903
489.72549
480.49894
482.47551
521.3906
480.40471
521.33905
482.18602
480.51653
521.42217
482.34681
482.35699
482.1208
480.24193
521.36517
482.13333
482.51079
480.41289
480.38961
521.28245
482.53297
480.34877
521.30929
480.44708
480.16751
521.34287
481.28054
482.616
482.29991
521.28186
480.36072
521.33764
521.43299
521.23701
482.1495
486.65656
480.62054
480.25361
521.39239
488.20344
482.24618
480.20433
484.31303
482.31643
480.41834
521.31757
517.63578
482.41228
480.3142
521.34828
480.74913
480.82072
480.46382
480.21717
521.39296
486.92537
521.35683
481.73023
521.39558
481.82761
480.37376
521.29224
482.28905
481.92755
480.70238
521.44975
481.99548
480.43501
521.40458
521.44386
521.41199
480.75186
520.1383
521.36462
481.92218
481.98808
521.5254
521.35287
482.19838
521.33592
521.23579
521.26147
481.50865
481.73331
481.98245
481.55707
481.96488
480.8978
487.98836
481.86115
480.62596
481.81681
481.90182
521.38942
482.38258
481.70749
480.69525
480.41017
521.02455
480.95907
480.56956
521.75466
521.40374
481.66455
521.46166
481.70406
480.97832
481.04895
521.48139
481.82556
481.91689
480.93507
481.65255
521.4287
480.73336
480.63445
482.00149
480.84258
521.42699
521.33195
521.13355
521.41008
521.3087
436.14104
519.52224
520.42306
483.59097
481.61626
481.52082
481.97724
481.89848
481.66044
482.89083
521.17642
521.27291
480.95084
481.61861
478.81097
518.70274
482.05301
477.19177
482.20654
521.45336
486.16337
480.77625
521.23227
482.27682
481.91407
521.37498
480.92702
480.72691
479.52068
521.37179
480.52305
521.40668
482.21026
480.60221
521.48202
477.08553
520.963
520.88949
480.57619
480.31249
482.78778
521.29514
480.16797
480.26396
520.94206
480.34032
477.04015
482.42091
480.29037
480.52065
520.99874
520.92743
477.06143
480.48595
520.98665
521.30866
482.45632
520.73558
482.21384
488.20739
480.50285
488.37564
480.35583
520.90324
482.49208
480.53468
482.2495
480.19861
521.28283
480.73001
521.02605
477.07617
521.4663
482.49842
482.13951
480.43988
482.54673
520.69771
521.34144
520.64129
488.56009
488.41004
477.09376
488.47962
480.3533
482.13609
480.23109
488.2694
480.23483
482.32498
480.18996
518.30234
482.1813
480.22794
482.52534
521.38896
521.35324
521.46303
480.5824
482.42286
521.43946
521.36273
482.39857
521.46876
521.45521
482.34143
521.47003
482.37579
521.42336
480.60394
521.42037
480.57197
480.2737
521.33706
482.40882
482.45351
521.4297
482.48376
520.92683
480.598
480.27514
480.61258
482.21686
480.4633
521.29688
521.38285
480.56139
482.36317
482.28332
480.6139
480.62335
482.29193
521.34104
480.67559
482.2539
521.3196
480.85481
482.06312
480.70668
482.2082
480.75981
521.36394
480.64471
482.2531
521.34989
482.33203
480.40162
521.33475
480.45395
480.67795
482.17225
521.44498
482.26334
521.49994
480.26805
480.57284
481.99497
480.53549
482.11577
480.7322
480.39514
482.0195
480.49301
521.30255
482.20975
521.46555
480.40065
521.32351
480.50825
521.33537
480.47273
521.45416
480.47031
521.4373
481.80353
480.6216
521.3704
482.09451
480.34279
480.46937
482.05668
480.33285
521.4217
481.88708
481.97323
480.72242
521.27245
521.23687
480.66518
521.3113
521.34222
481.82354
521.30648
482.11388
481.67345
481.69707
481.72034
480.55741
521.51011
521.47786
480.5457
480.54445
521.39981
521.45429
482.01993
480.97441
521.40093
481.75674
521.41911
521.45124
480.55694
481.12398
521.28981
521.30531
481.79079
480.83224
480.60097
480.91935
480.60378
480.89789
482.07768
521.48535
521.52496
481.95081
521.56028
481.59336
482.04547
521.64279
521.55538
480.47169
481.45088
481.69005
481.41547
521.7199
480.50495
480.95121
481.32098
482.18079
481.29187
481.55009
480.42974
481.86748
481.61388
521.6777
521.68548
481.82408
480.4027
521.64422
481.80121
480.54825
487.86747
521.26894
480.52795
521.18443
480.28312
481.86249
480.30925
480.39606
481.85483
521.49051
480.31323
482.0558
521.37879
481.85925
481.06123
521.53324
521.46886
521.44787
521.5181
521.3886
480.68997
482.14218
521.5832
480.54041
480.52502
481.67023
480.53664
521.60759
521.54486
521.49564
481.75669
481.54832
480.66521
521.37054
480.3332
521.36639
482.24969
482.05982
477.06016
521.24245
481.76896
521.42284
521.39592
480.82302
521.37543
480.75758
521.3156
480.52985
480.76133
481.88041
482.06341
521.71266
480.72912
477.04555
480.59007
521.53299
481.95519
480.7309
482.31806
481.98506
482.05893
521.13785
481.93472
480.59861
480.42003
482.01849
482.31617
520.80987
488.09422
480.82388
482.01369
481.96157
480.60694
482.14282
521.58911
480.25515
521.57183
520.90655
481.71264
480.48521
480.73291
480.42644
521.50687
480.44018
521.41037
480.42328
480.52556
521.51539
480.50434
481.63287
521.49946
517.89347
521.48123
481.55752
521.40253
521.41902
480.35456
477.0689
521.70727
521.37519
481.93997
482.01765
480.46545
521.46567
481.70523
482.33402
482.06257
521.67332
480.57617
482.08465
521.46873
477.47037
480.43818
482.00145
480.75894
521.4589
481.02116
480.20174
482.18189
480.7706
480.66876
521.57966
521.44113
520.94098
521.39777
482.08572
520.80179
480.57288
481.91609
521.56958
481.72262
521.50185
481.79508
521.52785
521.63496
481.9995
480.85592
521.53481
521.2795
481.61774
481.82136
481.8319
521.54699
480.89572
479.01244
521.58951
521.60784
481.91821
480.33914
481.53443
481.00666
480.51698
521.60562
480.81966
481.91907
521.67732
481.50295
481.73651
481.74231
481.05159
521.62243
480.6104
481.44043
481.42693
480.66845
481.35257
481.72858
521.636
481.35813
480.76307
481.34628
480.67384
521.80804
480.5684
480.82861
480.43155
523.81932
480.836
481.27015
481.78785
481.71921
480.6795
480.40873
480.91918
521.64336
480.72179
480.63471
521.5241
521.61002
521.7143
521.54034
521.66156
480.95063
482.07218
521.70321
480.38951
481.55474
481.91535
480.31688
480.6518
521.73361
487.60112
481.40888
480.64382
487.24188
522.03867
521.75987
480.5967
481.03042
477.40734
521.24425
481.40518
480.33564
522.92536
480.65115
481.44838
481.90664
521.74747
521.69362
481.43175
480.45779
480.84845
481.42374
482.0285
521.80487
522.03775
480.11706
481.25886
480.99687
480.67122
481.54927
521.61537
480.31816
481.60659
481.45255
482.01675
521.54975
480.45455
480.53669
481.69607
521.53482
480.95882
521.64552
480.63308
482.13784
480.7194
521.36089
480.69088
480.8331
481.74796
480.69021
476.95769
481.87488
480.82706
481.57169
476.98138
480.71428
521.69755
482.29891
480.46757
479.85231
480.71885
522.32031
480.90953
521.80695
480.87002
521.5142
480.59203
521.58559
481.70582
521.23161
480.84892
521.76527
521.73514
480.66092
481.60547
481.76762
487.47954
481.37055
521.90796
481.28136
521.74917
521.85522
480.52266
487.72703
480.58061
480.33865
481.55113
480.4822
521.71534
480.68736
480.17921
480.545
521.25018
521.01119
521.10767
487.32626
521.95422
481.44604
481.97899
481.73917
520.98342
480.48625
480.57984
521.66547
481.35191
480.73549
521.90886
481.0046
521.72694
481.09862
481.34413
480.52526
521.83143
481.71065
481.13171
521.80765
480.62344
521.81589
521.77818
521.98702
482.12537
521.76405
481.48302
481.46039
521.5074
479.82901
477.27539
521.84287
521.88893
480.9182
462.72451
521.72897
521.74525
521.79341
481.48655
480.67141
481.02716
481.49562
483.42903
479.40167
522.47806
481.35997
479.16324
482.26111
523.17935
479.5275
482.41681
479.88278
521.24851
480.94705
481.18908
479.64007
483.16812
479.31961
481.30138
480.3666
481.32389
521.9306
522.48961
480.21915
522.73841
475.77268
481.72377
521.97575
480.02187
479.42385
521.57177
482.29769
482.42095
479.17523
482.09135
482.86361
479.43303
522.17153
483.33896
476.96902
479.99839
481.02013
480.76447
522.40075
482.4489
480.67935
477.71214
479.23676
480.26081
521.74449
480.65708
521.12711
480.14499
489.104
489.18353
479.51739
522.13665
481.76184
482.81069
522.4897
521.61314
522.27565
479.93043
479.71255
522.04569
522.57068
479.7241
520.99157
479.83089
521.31666
479.02083
521.7995
477.0062
521.75293
522.49653
485.71728
523.64638
523.72928
478.51444
522.46141
487.92218
489.88177
479.51313
486.7756
521.82992
521.71773
522.09158
482.74322
522.61314
481.69291
482.27754
521.23533
428.71486
483.01914
478.63995
480.5649
479.37046
477.817
522.17525
482.08518
478.60035
479.58656
521.1688
479.77705
522.72531
522.3602
524.18191
483.08333
480.88563
482.58788
522.98054
477.97318
521.88138
478.20322
522.79558
488.15799
525.38942
523.34052
479.76764
480.642
479.81053
479.55732
523.02196
521.82271
481.75818
522.11568
479.33896
480.81712
521.98743
520.83341
481.5614
524.35318
482.24452
444.65031
475.95058
481.90204
521.67985
482.17778
454.98712
480.43645
522.21733
511.09895
444.74465
520.99826
480.25516
488.6361
479.59315
481.45838
475.241
476.18333
474.62738
521.25135
510.92528
505.24885
522.07688
522.23061
482.11667
480.04038
479.9198
522.42522
522.58482
522.2962
475.29354
476.41568
520.14126
481.6822
480.6448
480.56203
480.8534
525.10653
476.31907
479.18517
482.89249
521.0547
481.17973
528.94541
480.11591
482.1638
487.91049
481.45856
481.19542
480.8024
480.8026
481.61952
524.06676
506.37675
481.71142
504.82843
448.3801
525.38671
502.98683
479.39466
523.43716
482.84361
479.9168
519.44577
480.86317
481.26478
481.2163
478.2718
484.12386
480.05956
483.32554
483.4334
506.68272
455.31438
510.74309
526.24335
483.48016
509.24858
434.66364
521.67251
482.87833
479.79221
479.97223
482.60351
521.36605
519.59308
481.12477
483.45324
522.89584
522.09134
476.97462
520.99957
479.13224
524.93212
490.95217
480.65181
480.10068
487.65829
487.12451
519.66078
481.00102
478.70678
481.21738
481.67671
522.3735
481.82331
502.72641
470.66591
480.20131
523.17773
522.51254
476.94767
521.70756
479.50981
481.04747
488.00138
482.2085
480.03436
521.50134
521.75681
505.78092
446.11099
480.30136
480.17307
443.77183
521.7884
437.73219
477.85393
521.69992
456.90574
521.17217
488.32337
478.86339
521.06032
480.9313
488.33351
481.59174
478.12726
521.58501
480.88867
479.44287
521.26203
481.76701
511.349
521.17864
487.41056
481.42525
481.18519
520.69092
481.62118
521.81408
480.97899
521.42111
477.85256
481.26972
518.97196
489.85443
481.87504
480.24134
481.8973
480.99755
522.15449
480.009
486.0727
480.38768
480.83607
480.79873
482.07489
476.07935
520.61438
486.69729
521.82449
523.56777
518.23235
511.00084
518.10737
484.05229
476.9109
488.76785
519.93847
517.72419
481.16139
441.54934
482.832
482.27372
521.89401
479.30709
524.10953
504.38394
448.14638
444.36315
480.76314
518.34904
476.97676
489.41341
478.7249
504.81102
521.32723
504.63722
517.62147
452.35069
454.20011
459.96634
454.71339
505.24805
479.97622
448.28139
520.88251
484.79977
504.67908
483.85803
506.19899
479.93387
454.31378
477.46935
519.83433
481.08674
481.52023
521.49319
487.92254
481.61125
478.52305
521.74774
482.47339
481.25381
476.19927
487.45481
521.59737
516.98952
481.30858
446.48359
478.28281
480.89222
523.53828
487.06153
478.043
507.07578
480.35957
522.27222
481.24429
480.8858
484.17073
523.19042
525.048
479.59876
477.5977
521.85978
472.51179
480.48417
482.32359
481.32096
479.45588
520.62832
480.55111
476.52693
488.8643
490.77692
510.70134
479.38773
501.38379
481.40383
482.28813
521.29413
430.92249
480.38758
479.68579
481.06191
477.46644
481.81673
521.91167
482.98639
522.30474
482.89204
480.28757
483.00929
482.76033
482.24506
521.83654
482.93689
479.43482
482.40132
479.47184
521.43256
482.0119
521.59769
479.96059
482.77799
481.23742
521.21043
520.79482
478.77048
481.70436
481.89729
477.96353
482.03951
521.63375
521.92186
479.23593
474.88783
482.31168
483.9545
480.41338
481.66597
521.72571
482.20933
489.31133
517.72525
521.66147
521.70674
480.87961
480.94988
482.70052
478.90441
479.97354
519.43535
481.00679
520.67377
521.78291
481.25718
520.29765
522.35594
518.47314
482.07183
481.34352
480.84958
482.98348
482.63655
480.35747
521.80268
483.09898
480.30366
521.67401
480.48951
481.19935
479.48903
482.48612
479.22728
482.96177
521.63037
480.13893
481.68381
479.57853
521.63299
482.66588
483.15926
479.35042
520.95365
479.71039
521.50146
481.73881
479.85061
479.65449
479.97256
481.60489
521.52263
482.8644
480.57331
479.77007
521.63427
482.7266
482.91296
479.88839
480.69761
481.50798
521.45135
483.013
479.678
480.8864
521.66928
481.35519
480.07717
521.5764
481.41547
521.60435
521.74538
480.51322
481.44135
521.27298
482.23933
481.0994
481.21493
481.97379
481.24842
481.41896
482.85363
521.03806
521.82064
480.66713
479.79713
479.64489
481.23481
480.92737
521.45695
482.38613
521.34822
521.68864
479.81926
481.38546
521.34251
479.5578
479.79023
521.30766
521.85488
521.50953
521.31283
519.83582
479.80807
482.00877
482.29299
480.69738
481.09329
481.81941
480.98542
480.23893
482.43555
521.95751
522.1972
480.04203
482.38734
522.19323
480.92494
481.43415
480.40709
479.656
480.7593
482.8304
478.74224
481.17983
521.73417
521.35782
481.29733
481.52755
481.32839
521.82885
480.33757
481.71177
521.42209
481.32002
481.83139
521.26143
482.54098
479.74316
481.12939
521.07543
521.61288
521.33531
482.82138
483.00835
521.11017
481.27855
521.41065
520.97195
482.45561
481.66298
522.61653
480.19523
483.7141
521.88529
481.68064
481.50898
481.52912
474.85501
481.31736
481.07719
481.4472
521.03568
481.23514
521.24992
481.55494
521.48817
480.99789
480.99169
521.10701
481.52243
481.33335
481.61655
481.04656
521.51629
481.5595
481.71449
521.41473
521.09167
481.43781
480.6837
481.25306
477.64466
481.00983
480.98829
481.52869
520.89137
481.65314
481.49262
481.27385
490.82416
521.1402
521.33101
521.61245
526.25697
480.00434
481.12735
482.41106
523.22386
520.373
480.48249
521.48343
521.20336
519.90784
487.34354
479.96447
481.4077
481.37051
484.02102
478.19662
481.79859
521.8109
481.17722
519.66297
484.07608
522.33709
477.90493
481.9813
481.3548
476.74994
481.93587
486.8944
518.86696
515.21356
477.96888
480.35782
479.58687
481.37185
481.00374
482.23478
477.36273
519.15595
482.65991
482.49118
510.03388
481.53606
480.36054
476.06945
489.23008
505.01614
479.76561
481.12502
483.68922
506.01947
520.11965
450.52843
452.86872
506.47457
456.92886
463.4183
482.01804
456.82534
481.34976
482.37505
482.73445
521.01579
484.99456
482.94798
520.05067
481.15273
478.03098
484.09926
505.16922
454.76263
452.54586
482.68063
515.85369
484.2224
505.69727
482.57625
478.55836
522.63589
479.4235
476.16096
526.25692
516.58043
524.05729
483.65721
505.49328
481.81567
524.57359
448.1062
517.43617
454.54955
481.75995
451.94197
477.04735
520.68748
483.63016
504.42895
516.68036
524.68392
483.19428
480.72106
510.42906
479.66361
482.97412
517.58358
478.87922
521.18091
478.6519
451.36291
505.02527
509.94475
483.90854
475.84574
489.20258
521.07245
528.06144
483.57466
455.31948
520.03842
483.76926
481.11437
518.95351
526.14851
486.89501
481.17621
505.9576
481.36781
479.81047
514.9501
481.16417
480.855
476.25611
489.09686
522.4567
517.63793
481.61178
520.33609
478.94344
488.51839
517.99102
482.79105
517.72094
477.39153
516.40342
483.28534
481.35711
483.20079
521.47211
504.82034
482.36902
479.6
522.37227
474.36592
519.63315
479.12869
481.12709
519.76495
521.66227
518.1828
473.63813
481.44718
526.41486
522.99271
477.21232
481.89098
523.5506
478.11634
517.37517
481.84198
517.6311
480.04769
525.85815
477.42044
478.10264
477.20041
481.63137
478.18474
520.76
479.79492
484.88581
487.11615
482.27781
486.82428
481.85957
519.01271
521.93012
482.86676
527.91145
482.16624
483.15291
519.06917
519.13327
519.99613
482.55084
525.5285
517.7463
481.658
518.68536
517.80034
483.61796
487.22304
518.44077
484.71159
479.31514
482.44406
479.86675
476.92115
487.29476
480.51208
519.07759
476.7556
485.17803
482.52128
517.99819
483.27127
482.42719
482.62002
521.58026
518.82966
482.51658
481.9693
517.92572
482.39241
477.14957
483.16241
481.66905
484.30153
525.67117
480.75139
481.79635
481.32839
483.91057
480.08165
485.25874
518.01493
518.54233
482.18309
481.89196
517.92874
476.50281
487.50111
480.64696
486.63318
477.89924
519.95898
482.27871
480.92521
521.44396
519.35482
488.12935
517.81306
499.49821
482.36838
525.0813
477.1533
484.22469
521.12046
487.1038
488.71524
518.2256
518.21185
519.03222
521.90991
477.16747
518.87577
479.16669
480.35068
522.4604
481.2032
517.63713
477.14248
484.71679
429.13548
518.9497
518.67336
482.32061
479.70719
482.40904
489.56481
480.98334
481.66304
481.74757
481.29137
483.82085
521.45138
480.99061
519.07362
523.49284
481.67624
521.35845
480.98062
480.98247
481.06584
481.8365
521.82718
480.80402
480.88525
481.80762
480.58623
481.54941
480.75689
521.56558
481.65526
480.90769
521.56525
475.81561
521.48982
481.47885
481.41118
481.23275
521.4721
481.57359
481.58269
481.29461
521.50292
480.82738
481.74839
476.57103
521.53112
521.5763
480.8319
483.789
481.33785
481.03442
521.44189
521.71884
521.57503
521.61358
522.07246
481.23804
481.55473
521.76548
481.31215
481.3694
481.32393
481.33574
481.13271
481.13642
521.47683
520.67531
481.11457
481.29189
483.22104
521.54293
481.38105
481.34272
521.43645
521.3971
480.88357
521.96703
481.24275
481.13979
481.81654
521.75269
480.25196
480.85741
481.25372
521.86216
481.48787
480.41913
482.69468
481.49502
481.43955
481.66732
481.52374
521.68775
521.49585
481.96131
481.6554
480.68911
480.77861
481.58568
481.29308
480.77595
481.58602
480.88613
480.931
481.95518
521.46729
521.45959
521.38323
481.23362
521.43847
520.93538
481.8877
480.85165
485.51356
481.25573
481.58559
481.12388
477.31236
522.56809
480.31641
483.10825
480.89247
518.54713
519.31457
490.57423
476.24209
520.4962
481.34898
519.99712
480.6493
520.06744
521.24931
521.39466
521.58481
482.94531
481.90898
520.25282
482.68279
478.85077
520.7935
481.72629
481.60023
476.92242
523.03635
519.28176
481.91356
479.30973
477.29828
521.734
483.98343
517.7792
478.80776
518.34913
481.16487
521.63093
480.61741
520.54129
519.15518
519.97312
480.82322
480.53723
452.73452
519.15067
482.36563
482.59721
504.51343
447.73784
449.99781
505.23733
480.66054
504.99058
482.13298
510.34404
481.33221
485.01728
479.28977
492.02818
481.10318
477.60254
484.59814
451.83421
505.24948
482.70145
479.50474
448.61736
446.81768
504.09798
504.4
503.53349
481.63281
478.07338
484.67449
520.95693
520.819
482.11181
448.71914
447.44058
450.87561
491.16228
481.58757
451.90729
479.72113
505.47317
451.23899
518.31242
521.46065
481.24667
483.78073
518.52133
526.19505
480.38481
482.27569
480.51029
482.05557
521.40254
481.55823
504.32197
479.97283
481.24334
478.90276
482.99597
490.65835
517.78233
477.65163
510.32634
521.10802
520.76385
520.23534
518.78933
521.23499
519.28142
480.54101
488.1482
479.59043
480.49766
525.99904
482.44055
481.98578
523.12108
521.53416
481.66611
480.8844
481.88518
522.93809
481.06867
481.31865
520.33066
481.88916
478.47954
523.97443
521.61111
505.14951
519.12618
444.57814
452.38248
447.50982
481.21934
480.98855
521.61929
522.08961
475.95852
482.05093
480.2832
525.43481
481.25583
481.67936
480.07282
520.30958
482.75799
520.59171
482.29201
481.59263
481.04695
521.40149
480.9164
479.54069
522.09414
483.37768
523.93834
518.45445
481.52588
481.36283
480.84494
521.8633
521.83312
481.20105
480.19538
482.47883
481.90807
480.84445
480.66749
479.26159
474.43588
524.60024
479.18712
478.78868
481.32403
525.24485
489.54451
519.00702
521.45265
518.64281
517.41678
481.64162
481.45006
510.46451
483.64716
481.15351
475.86123
482.15877
475.90128
521.68662
448.11248
456.22598
482.01403
451.88842
479.55882
519.21244
480.32555
520.37872
522.02956
482.16285
484.21999
480.16901
522.07339
449.84171
481.43915
450.06946
481.07811
479.3669
503.62631
490.31762
505.05626
520.26843
505.86697
446.6407
447.53153
424.9826
479.98855
523.48764
425.72343
436.11528
425.65208
437.41059
458.28703
510.81341
484.06512
490.23576
520.73151
449.88681
454.55336
483.77915
481.88417
480.97828
483.3849
456.52239
519.9192
482.56636
458.64955
520.724
450.22087
476.92534
481.65668
527.03507
523.82071
518.31671
521.42257
524.24363
517.79411
480.384
503.7482
481.67447
480.8523
505.20326
484.79552
504.15105
453.19895
450.97294
482.27956
476.81145
518.28692
509.63785
482.5608
515.22632
479.29161
481.21722
489.20622
505.91466
515.21487
488.16284
517.05296
510.30772
482.57509
481.43687
519.6835
449.10184
450.14085
452.42276
451.11681
453.20086
510.65929
481.59931
473.46387
496.64346
522.28855
473.64481
481.48402
517.89924
480.19352
451.63641
504.67735
444.9857
505.07854
450.00269
444.06392
481.09363
477.13355
478.03287
483.20292
521.42195
521.98435
480.76701
482.07826
483.27883
482.38406
481.29274
477.74936
519.84072
525.5493
519.8731
478.32733
482.41197
481.12681
522.08803
518.41588
482.7649
480.25133
476.83935
478.72777
509.95872
474.58217
503.27651
482.40168
522.53413
435.09304
515.21914
480.92367
504.11676
506.14587
484.78699
481.63713
482.18308
519.65792
480.71855
428.16221
481.47246
476.60977
452.55301
427.4847
504.03523
505.2768
479.54885
482.88578
523.79452
492.39129
523.35543
522.28306
521.532
521.61971
482.68131
482.2067
482.01775
481.53337
521.86284
522.95055
522.96859
480.21255
481.45042
523.64391
478.17682
478.35642
517.63412
474.65411
484.99885
518.39731
487.35002
479.95287
482.87992
521.41051
521.77582
521.88604
477.33203
479.02846
483.41311
507.90008
476.06366
480.36941
522.75598
520.97135
480.73121
511.23275
479.55736
520.54525
480.20731
518.43313
480.94379
521.62328
481.59758
481.27832
480.61239
481.39906
480.69099
513.42928
483.64866
506.435
521.59472
479.41721
477.80463
527.36623
522.50261
476.25635
507.49853
484.20064
484.43722
479.02694
480.24316
521.53271
480.89773
481.04901
523.84823
478.63484
523.01836
481.80881
481.64734
519.97083
417.04631
434.08743
507.91169
506.57531
459.61635
511.26957
489.9724
479.62603
483.25337
483.24587
479.6306
479.64375
520.98059
483.13328
479.69086
483.2042
520.91673
483.24621
479.71361
483.44757
483.3515
479.66679
520.87498
483.24696
483.29928
479.59777
479.59887
520.96201
483.18773
483.28268
479.70155
483.17746
520.87109
520.82795
520.84931
479.80574
483.43101
483.32414
483.46043
479.79777
479.88967
479.57515
483.41452
483.47811
520.9193
520.9704
479.86075
520.88024
483.32204
479.95372
520.89469
483.2959
479.98121
483.08778
520.94614
479.90637
479.93051
483.15547
479.99571
520.94764
479.86745
521.04246
483.38712
479.67977
520.95053
520.90193
520.94833
520.94586
480.01372
479.78242
479.73055
479.96139
483.13618
520.94128
520.90922
483.05868
483.07028
483.34093
483.04103
520.89603
483.41101
483.10705
479.73528
479.83122
482.93821
479.94095
520.92546
482.84762
520.88551
480.10365
520.93167
482.8515
520.9119
520.88499
483.12343
520.8833
479.87958
483.02206
479.95243
483.14049
480.07411
483.20466
520.89306
520.93852
479.64935
520.92485
482.99311
520.88043
480.08531
483.20526
483.33954
479.92851
479.80443
520.97966
479.99005
483.36274
483.18404
480.18563
483.10117
520.91026
480.24731
483.06204
480.23156
520.92291
483.08362
480.03217
520.89741
482.96774
482.74704
480.01602
482.62883
480.37498
520.88367
482.8546
480.03525
480.45951
480.15919
482.64842
520.93318
480.0906
482.75373
482.67766
520.92927
480.07708
482.76877
520.8988
479.99363
520.88732
482.69314
520.89381
482.86226
483.10234
480.43119
480.06828
482.7886
483.01962
483.10186
480.21261
480.21355
480.40198
480.35842
479.92002
479.97994
520.90231
480.13932
483.16232
520.88884
483.2273
520.87806
479.70881
520.932
483.27223
480.12703
520.89414
520.88798
480.12118
520.95651
520.89711
520.93902
480.0658
483.29166
480.04624
483.24784
520.94093
483.0215
479.79124
483.08098
479.8783
483.00783
479.90209
520.88401
482.8614
480.30363
482.95031
482.9578
479.84906
483.46451
520.93355
483.0824
479.75284
483.01645
479.80718
520.95031
483.02713
479.83506
520.89616
482.87819
483.18589
520.90251
520.90653
520.91347
480.11602
520.91041
520.8901
479.987
482.86488
520.95279
483.24824
479.94154
479.82089
483.27052
480.03002
483.0963
483.38346
520.91534
479.966
482.9416
480.20094
520.92033
479.85974
483.11382
480.11875
480.29053
520.90108
480.18671
483.12634
520.91247
480.27617
520.89382
483.04228
480.36409
520.90028
483.02983
483.17845
479.94717
482.69554
520.9482
480.38102
482.71952
520.958
480.01493
482.79264
482.73426
520.91179
520.95518
482.86962
520.89648
479.99486
479.78967
520.99475
482.87794
520.97245
479.88482
520.94819
480.14652
520.97575
480.35617
483.16345
482.80309
480.34298
520.9716
482.70543
483.08868
480.34153
482.78055
483.06121
520.93707
520.96574
520.95144
520.97844
480.23132
483.25325
480.07389
482.7849
520.93697
482.95811
520.98832
483.29379
480.00481
520.9737
479.77273
483.20864
520.98043
483.02729
480.11567
483.34879
479.9747
479.73626
483.14484
482.95394
483.04874
520.99684
483.36943
483.41115
479.88203
521.00755
483.44629
483.12388
479.6106
483.30361
479.67857
483.04561
520.96529
520.93561
520.94409
520.96639
520.93417
479.63979
483.15926
479.67184
483.18251
483.1967
479.52491
483.10906
520.98441
479.69448
480.05082
483.24315
483.29133
521.00859
479.39176
483.31083
479.43049
483.31093
521.00011
521.00047
483.5817
520.93395
520.99221
483.64214
483.43058
520.95112
479.64317
479.41568
479.78254
479.46555
520.99568
483.36019
520.94827
483.34834
520.99261
483.33423
479.60707
520.94565
521.01457
479.49444
483.29043
483.28815
520.85393
520.90079
520.92357
479.86215
479.94454
483.48096
520.92722
483.20421
520.93106
479.72372
520.93836
520.92993
520.92026
479.90223
479.8427
483.43464
520.81917
520.91529
483.3185
520.9641
483.14734
483.19143
520.91998
483.5072
479.76422
483.51083
483.43906
479.83989
483.48171
483.31212
479.48244
479.72253
521.07594
479.63089
479.2916
521.00429
483.70816
483.45949
521.0174
479.65888
520.96093
483.231
521.01529
520.98767
483.4821
479.78434
483.44508
479.74397
479.62615
483.30414
483.135
479.61529
520.91467
520.7885
521.00692
483.58215
520.90808
483.52037
479.72551
479.70875
520.9583
483.35022
483.61912
520.91031
479.68344
483.60763
520.91029
479.76278
479.63673
479.77531
483.33386
520.88536
483.54266
479.66128
483.39056
483.34668
520.91654
520.95132
483.32011
520.90895
483.58223
479.57733
483.45814
520.44417
480.00586
490.49861
483.4825
479.79648
479.60427
490.52206
479.92835
520.90735
479.65128
477.44145
483.48055
479.38958
480.08462
520.43187
479.43229
483.49497
520.96347
479.46505
483.63748
479.30188
479.59589
482.68015
483.64823
479.69222
520.72369
520.6765
479.44358
520.88612
520.9054
520.1026
520.75506
520.92222
476.67988
483.57214
479.6193
520.79953
484.05334
485.61194
479.40804
484.23025
480.87842
519.9829
520.95659
483.56223
520.90679
477.0896
483.59688
478.33113
527.62504
482.18801
523.35116
479.96605
481.27514
480.05751
521.63238
480.29801
479.04842
477.91559
478.63975
480.36904
480.32788
471.61332
481.17872
521.25499
481.24252
519.51172
480.66277
481.91926
527.05608
522.7814
481.33102
519.39255
483.45577
478.71091
520.95234
479.58872
479.95814
519.61278
481.58369
520.3524
488.50611
481.0982
520.5656
478.54936
479.20766
483.6895
525.32055
490.8696
520.42315
521.0873
518.5234
480.86257
478.77101
473.29854
477.77179
476.48692
478.28069
485.54064
471.43776
479.76296
520.39659
520.49832
483.66845
479.65914
521.30158
520.95789
481.80884
480.47881
480.68736
521.53765
481.68563
488.34109
452.94358
505.0836
452.11539
450.15108
505.01374
445.38184
448.86979
504.6838
510.72936
482.4858
450.72331
460.36316
451.49371
504.71674
481.66791
481.36384
477.95302
455.74047
510.24385
506.13693
521.63768
447.23238
480.44185
488.65725
483.45941
449.84798
483.17452
477.23996
479.50958
519.79513
519.90381
521.01703
481.21919
490.88995
479.25474
480.08081
481.97284
521.78451
523.16215
521.35309
481.45587
481.73345
479.03569
519.58765
521.40405
483.06027
476.44141
481.32129
483.27178
521.24558
483.06594
483.26579
480.88173
478.99576
472.07453
526.59614
480.83389
482.90768
481.51599
523.15274
478.19922
483.10531
482.40768
524.41294
520.35262
479.05778
518.4163
479.08298
484.26707
480.29452
518.52345
517.98998
480.49752
482.12175
482.00156
477.0742
481.9651
517.06523
483.62339
483.32822
488.33497
518.45226
518.56767
487.69461
521.07531
488.33326
481.85638
517.78699
487.39857
518.4719
482.48365
518.6893
487.37006
510.34596
484.00801
481.51493
482.39781
488.19099
484.09642
481.65795
481.52892
489.81548
482.29903
484.61649
489.48028
517.62497
481.72875
517.44873
481.89149
482.21112
477.02055
520.95581
483.38954
479.50342
477.1967
479.59325
479.39133
519.8188
477.62979
480.87677
517.7852
517.51045
517.76453
479.80938
518.54049
477.31507
486.89027
487.53538
481.58486
489.05859
485.04815
482.08723
486.23173
525.43082
524.7704
520.95831
527.35809
482.93208
520.83105
481.68895
518.10983
486.2949
483.45791
482.64863
517.75103
483.37484
477.5006
481.66936
481.32445
517.91541
487.26206
476.9636
480.7148
517.66312
477.35173
477.67722
483.54518
480.94792
480.7652
487.20819
517.0712
481.81169
480.46467
487.57183
526.67805
517.83545
483.02081
479.91174
480.8058
517.95931
490.17871
518.47146
487.79696
480.70604
521.32662
487.52865
482.67569
480.99013
524.22577
517.20854
476.59268
522.45192
476.79556
481.72172
517.7333
525.42715
449.1728
520.28046
481.77702
489.86577
479.4147
482.38434
518.09078
519.41229
483.31259
522.61266
483.30903
486.38889
476.66332
476.52109
518.60918
479.91371
489.63144
483.16416
478.75448
483.90522
520.47865
482.47478
518.26132
486.24316
525.14823
482.94482
516.90363
477.58611
518.19682
488.91334
481.58177
518.18602
481.13403
481.44052
517.98371
487.23466
518.10301
484.9256
486.63005
481.58383
481.30236
481.10129
517.80084
480.21679
483.44593
524.62604
521.45929
486.80713
524.01386
483.11723
480.59625
485.1633
522.35832
482.64902
518.52468
480.9779
524.85401
477.42243
477.17746
482.28556
480.55777
519.22236
518.00919
480.9797
518.53334
518.60732
480.21787
518.56606
481.81112
518.29485
517.68053
517.80457
489.91964
517.11177
478.90017
482.04682
476.56174
485.15403
486.66163
480.96502
481.63006
517.8676
525.7497
487.18775
481.20888
517.64391
482.25392
487.73899
517.65636
483.09913
483.02536
481.01311
485.76196
488.95234
482.59016
482.96524
483.08525
480.30273
485.14554
487.60741
478.96257
483.62765
526.45462
479.66595
477.0016
478.04372
520.20654
479.45235
477.17197
477.75974
521.36819
521.52056
480.4092
481.96399
480.93676
518.21524
517.92292
524.42991
481.75263
528.10535
516.8553
517.67043
525.8402
477.86061
479.53588
483.91258
484.78084
518.7025
520.20927
480.40153
482.31504
482.8755
520.86941
481.72042
480.77918
480.4146
482.45874
522.08856
481.72732
510.21286
505.49926
476.59908
480.57858
523.13794
449.87668
510.31736
484.38033
518.02416
479.87262
505.19792
450.69209
452.37513
452.09952
451.47603
504.08015
484.18412
503.35049
482.31727
480.95231
483.53065
519.42329
479.36824
452.68599
504.63605
480.2552
481.73533
521.64952
479.20335
481.26633
479.5089
519.76615
479.65202
482.26311
491.52225
476.62954
520.66249
479.90013
519.25448
481.18279
518.76143
481.5799
484.94062
477.4915
481.745
446.66483
448.76222
510.41172
516.17995
520.9957
510.46823
504.5608
517.18026
483.24109
521.11812
481.87654
504.96935
481.06772
519.02091
482.79277
519.43438
504.36744
519.06849
478.61322
504.91649
450.70758
481.65237
483.93368
479.8413
525.06131
510.26853
480.02032
454.6571
520.49237
479.38862
481.07638
481.78396
480.34829
521.5091
482.40456
480.66554
519.59771
481.32798
479.52944
490.9359
520.02093
479.01445
481.10653
480.65866
521.1531
474.33653
479.39179
483.9816
482.04337
480.5711
522.51374
523.88721
449.90018
521.0914
479.88453
483.78645
479.32135
479.34173
525.51135
481.55366
480.20339
479.86049
482.25881
482.15668
484.24967
481.74177
480.30388
520.3819
481.11633
480.90945
521.49702
483.7242
521.83513
525.678
526.71171
478.11318
481.75972
477.37857
517.56309
480.60205
482.64172
481.72754
519.52795
522.88645
481.72381
520.3778
480.80383
521.72837
519.40709
516.82801
479.97941
487.59581
477.96464
476.69392
476.96476
477.21874
483.83455
520.93554
483.89367
479.64344
477.38305
479.64389
520.16718
484.68507
520.43798
481.7073
517.85284
479.61488
479.54938
479.36285
520.38452
479.85461
520.99804
479.6059
520.97478
479.75136
519.28134
479.26647
483.52329
520.95456
520.9111
479.41787
483.43178
481.5077
483.31552
483.42412
489.26828
519.73848
483.68891
479.12207
484.41913
483.87454
484.39556
479.36307
520.94072
482.21965
479.22031
482.87672
479.35071
483.52104
520.96676
479.20162
521.09304
483.75713
479.1856
520.97061
483.42682
479.20859
479.44443
483.36444
520.98068
521.13664
479.10055
521.09945
479.30118
521.07556
483.57169
479.62688
520.92281
483.56363
483.25727
521.04869
483.34841
521.03618
479.53105
483.73903
483.58015
520.89785
479.29617
483.6079
520.90977
521.17468
476.45651
520.93989
479.50618
520.94443
479.44669
479.84042
479.57937
479.306
479.75107
483.62519
520.99394
520.95548
483.84885
479.8843
521.07626
520.95061
483.51411
483.51949
481.45502
491.02478
483.3794
483.8667
520.35075
479.56676
479.62628
479.68738
482.55398
520.94746
479.41766
477.23928
479.77446
520.43044
520.43352
479.37155
520.53664
479.31733
520.36451
483.72042
479.43367
483.7472
490.88251
483.54638
521.01864
479.72871
479.62313
479.72995
483.35736
479.60919
483.67343
483.38891
521.02308
479.69284
479.27791
520.96714
520.89965
521.01405
483.41155
520.93106
520.93808
479.48019
490.78616
479.54102
479.76035
520.60288
479.64176
479.69935
483.34769
483.29536
521.0228
521.0258
520.35165
479.70995
483.57822
479.37012
479.26421
483.62113
520.49497
479.14454
483.50731
520.42424
479.34135
479.29773
483.18645
479.39278
479.49421
521.16983
520.89719
483.31154
483.4737
479.60914
483.3918
479.30499
482.96242
483.38416
479.40561
520.96128
479.29909
476.6481
479.82805
520.80316
479.81036
479.80048
483.39599
520.22553
479.57295
520.95429
479.75245
520.96399
479.61808
520.52767
520.92318
480.51745
521.5092
519.76677
481.61739
482.12613
478.56287
480.89345
521.07468
479.97295
523.58748
479.91664
520.72401
517.5081
478.86576
487.1414
480.81573
490.62474
521.34638
479.71598
479.16618
497.07906
478.45832
520.56895
481.9991
481.90718
482.16248
478.05391
519.60394
520.65033
482.88395
520.14566
520.7289
480.552
520.18234
479.65198
480.33826
489.93442
518.74249
480.08727
480.75346
483.26049
490.94158
482.46043
520.57588
479.21793
484.14655
520.90676
479.18255
518.15556
478.92784
521.59168
521.03461
521.09967
482.95302
488.9336
483.42859
480.69967
518.62179
481.92529
521.0544
448.27758
450.90089
452.34114
482.24869
503.07015
448.26587
487.73791
519.59691
491.25255
480.28429
476.07317
519.44582
504.93452
504.60309
510.41101
448.46263
477.33828
447.40759
522.84878
446.09216
479.62188
440.44519
481.90329
520.25233
482.04968
479.42015
478.12435
476.7017
511.16631
522.33653
478.84126
522.27508
483.04929
522.08842
438.14868
433.22583
479.80049
524.86701
521.76598
477.44343
502.29257
521.00264
480.79564
517.51339
522.11199
474.09789
479.8065
519.61915
480.47189
484.70673
517.59047
490.7452
482.61496
480.90413
482.13391
518.97071
478.48707
504.01527
505.541
522.45703
446.86314
482.87494
480.49635
520.58676
524.21495
484.42077
520.5062
452.05051
520.15306
482.80692
521.58619
479.10815
481.96922
481.97081
477.68664
480.4622
522.09161
478.72286
481.92779
487.65791
510.25193
483.44337
445.58692
526.91438
479.34565
478.72758
477.41927
480.95086
516.75278
520.9822
478.92134
482.15559
478.09287
527.01908
512.89349
515.23072
481.06341
521.05224
483.20393
519.71349
480.63096
483.87212
482.02694
482.24512
480.91343
521.51417
485.42076
482.95283
476.70692
478.28136
518.61439
488.41619
480.85651
479.31505
483.7926
517.84528
482.93915
481.86706
483.92732
519.7142
519.71384
482.21883
479.97371
524.75092
479.65089
479.79164
477.0191
524.75527
480.26128
514.62733
487.04969
484.63775
485.09772
483.73391
479.62644
518.66794
482.78838
482.09193
517.68962
520.50891
488.06125
480.47765
520.64324
518.06971
476.77081
483.84451
480.86904
489.83248
514.19774
484.50375
479.26487
483.69792
477.62027
487.1452
518.03852
481.80742
482.07347
479.16897
481.57151
479.70415
483.33782
489.7914
488.47507
476.40492
518.45269
481.2786
476.46688
482.84109
515.98314
488.76603
518.74004
521.06057
484.50388
446.76887
493.75438
489.13393
520.16194
483.02847
479.93437
483.24815
522.0305
482.96818
518.70171
520.74858
476.53239
482.45423
488.87036
476.44792
477.38454
475.57973
484.17915
518.4703
486.47491
480.85564
480.17689
478.9942
488.55407
521.21917
482.26787
526.44162
477.57792
520.28901
482.32332
480.72791
518.31383
481.25599
481.92846
503.50062
482.8586
490.08853
517.74721
476.8803
517.55709
517.8985
480.50087
480.1422
480.07891
481.45959
482.86214
487.7865
518.35155
477.40089
483.61536
481.53176
477.94589
517.67063
481.90036
486.99495
517.98404
483.42822
480.81202
478.69018
476.92174
524.84831
521.55166
481.63428
519.89599
481.49228
477.54123
527.87816
525.95464
481.95619
521.73871
483.53143
521.57188
478.73757
520.82466
479.79771
477.93827
480.27896
481.9913
520.93292
480.4781
481.99154
483.23724
519.99528
476.96269
485.22236
477.78953
520.38214
480.16074
480.50744
519.81059
484.7942
480.3999
524.14507
484.24815
481.59932
479.53862
491.10082
521.08122
521.58075
521.41798
481.04116
483.10897
486.83433
477.32778
520.61664
482.10015
521.80231
479.94518
473.63098
478.60728
520.6124
478.94123
521.41625
483.52308
480.48497
481.46327
481.97243
523.17488
480.79373
520.895
480.97059
489.79205
475.03829
519.78537
518.36463
476.97128
517.88011
479.09453
481.40819
481.41834
519.15214
519.84376
450.03421
460.22778
457.47296
510.71507
446.75537
451.77371
504.78343
483.99455
525.95399
479.49417
482.44309
455.81283
518.31758
484.09194
526.4854
481.68223
489.83063
478.97506
488.54814
445.91259
456.37852
481.80753
489.78156
482.25133
457.12113
506.86222
504.07679
481.81279
482.4361
481.99061
462.62611
482.97057
521.39894
520.2361
485.27083
481.42307
518.09099
482.52287
478.32862
504.84355
482.00912
510.29384
480.51018
520.73284
526.74917
482.37235
519.06197
480.95583
479.58705
482.29118
519.03088
505.03931
452.75596
519.29249
475.74078
454.74349
477.49731
482.48832
453.12425
505.34961
482.13028
479.85556
478.39919
505.28974
451.15594
482.54739
518.56236
424.15336
480.47631
424.61795
459.30164
447.5823
503.48462
523.63561
518.4899
482.31307
507.88096
479.81917
479.56629
480.11605
443.70303
475.3931
518.58131
483.37119
504.96983
486.02345
486.64763
514.86323
482.36586
479.5514
474.82005
478.99072
475.72451
521.5921
478.98286
520.11385
509.91861
483.42659
521.34218
489.44942
478.70817
456.56394
483.07706
458.48772
506.99418
484.53858
479.61991
476.90477
477.00458
518.52984
483.92434
524.27138
516.3064
517.89362
480.44923
510.50805
482.94125
523.67179
484.52782
484.03671
481.58845
524.52066
520.938
518.46926
479.83622
526.52067
506.97781
520.77745
436.74842
456.12365
454.49636
463.63467
516.87235
475.8132
478.99587
506.78507
525.08094
481.54432
515.71514
504.49431
482.9557
482.26425
480.19092
477.46193
505.65765
476.30545
488.1915
507.70892
461.65375
441.40245
480.38912
481.06034
476.87032
521.39897
481.90713
483.60904
519.00166
502.74771
481.15822
477.77482
480.28301
436.65621
484.09867
481.54238
483.27342
479.97303
479.75018
520.67863
479.16383
510.54428
521.34821
482.37601
487.93909
483.38615
482.66933
482.02679
481.69065
473.88121
479.1879
480.1177
480.6697
525.90072
482.5392
479.70792
525.32412
479.65901
482.36132
476.83405
520.12055
521.87301
480.23891
527.21335
523.36941
483.32337
483.48424
482.3604
522.89062
504.29466
491.32869
452.51264
519.79369
516.07803
483.20486
520.93374
477.15733
481.3938
482.52551
481.58201
482.22351
480.59356
472.99697
450.33709
520.04573
485.95834
505.06272
523.11709
479.14637
440.56217
453.8094
481.33757
521.25006
478.80926
520.02613
521.5111
481.78975
519.22712
482.20586
519.89669
478.87363
481.65627
479.30965
507.73345
440.44667
428.96005
499.7991
446.01041
446.36657
435.30966
519.97799
479.00535
479.66096
521.33106
482.33173
481.17334
430.19778
438.06647
448.97307
507.73284
479.18421
429.23226
429.07018
505.89794
481.77488
521.66409
480.53545
521.3649
520.27389
520.64024
440.43741
480.42884
482.22577
480.06485
480.29616
482.19695
488.29796
479.97259
482.99769
482.69734
520.48496
480.72228
480.1845
482.10482
480.42669
521.42101
521.46741
480.20915
480.36982
476.71725
520.58966
520.85159
521.61714
439.35017
520.85087
519.89527
478.86044
500.87317
489.03565
506.82247
500.35787
521.13337
480.79208
479.83715
478.94101
489.34703
480.25168
480.09222
519.74514
519.41039
519.67003
518.94116
499.34565
439.31033
452.61792
440.46472
439.2539
519.27708
480.28077
482.32229
519.99291
482.99478
480.21891
439.36584
480.37645
481.4638
482.47807
500.73081
520.14228
520.85978
483.21718
488.52997
480.98232
481.66344
520.68432
521.59879
521.51988
521.61409
521.66423
481.9299
521.2386
521.53272
521.31279
521.2767
480.49414
482.94744
482.4195
507.11212
481.83349
480.84429
447.73412
439.10511
505.75126
507.39431
482.96207
453.23754
506.09173
481.81244
439.02868
478.78518
520.39132
505.71397
520.36909
480.81909
481.73774
481.56231
520.88378
480.62988
521.24921
480.50772
428.63831
482.28397
482.65013
440.7427
436.51759
505.7628
481.05463
438.69196
440.66814
478.89087
440.81944
438.75072
454.09272
520.31595
499.58496
505.53719
434.89747
445.30323
440.78394
481.00746
480.96538
521.41732
478.86767
500.0118
520.87774
521.12111
507.77601
505.90477
438.89559
499.96337
440.62322
481.70637
479.30041
481.61237
507.6141
481.99899
480.77137
481.9081
428.97942
428.9894
507.61458
447.09278
521.58035
435.92951
447.18922
453.75964
520.61875
453.97889
482.16084
480.45543
520.99397
480.62973
480.68876
480.90841
482.17489
507.67908
482.05686
480.23531
521.12611
520.87999
521.32052
482.26467
480.68687
521.34686
438.80442
481.75723
500.01971
499.68533
507.56245
478.82235
482.36224
521.00124
480.5204
521.10737
521.12927
480.78434
521.12874
480.64771
521.16714
429.10563
520.77707
482.27844
519.75648
521.14797
520.18618
480.48295
521.24493
482.18759
482.00529
521.19919
453.81201
480.74499
481.99584
521.37043
480.98306
482.0894
521.1316
507.55565
482.26576
480.93182
521.22792
480.78906
482.4005
482.03577
482.2444
521.03345
482.19013
482.07166
481.05724
480.72345
482.18188
521.22267
521.38188
482.08867
480.43906
521.07565
521.15951
480.70609
480.7202
480.88216
480.80145
482.10062
521.11844
480.5324
480.59604
521.08836
521.17563
521.19497
481.27914
481.52582
481.40124
521.13425
481.4067
481.89414
521.28967
480.39314
481.77927
481.02216
480.87033
521.20912
481.65829
521.24267
481.88343
480.56484
521.32796
521.07001
481.05003
480.79974
481.66459
481.13388
521.19059
521.11731
481.17698
481.44685
481.42381
521.11601
521.03595
480.76795
481.79465
481.08695
521.23302
481.74483
480.52853
481.08173
481.33897
481.50989
521.0996
521.17276
481.54742
481.42842
481.73373
482.39918
481.40945
480.76966
481.48562
481.19119
521.22125
481.07776
481.40939
481.63953
521.23168
521.15105
481.75734
521.08093
482.08517
481.43833
481.75307
521.15057
482.22521
480.63471
480.75338
521.02757
481.50311
521.17663
481.53119
481.5141
521.03607
481.47182
521.10778
481.4063
481.55533
521.03472
481.42764
521.09725
481.31264
481.45458
480.90558
481.22794
521.10877
521.08647
521.09815
481.43905
520.96554
481.37455
481.95665
481.40201
481.51981
481.80324
481.47898
481.32884
480.98237
521.05672
521.07524
481.59089
481.36183
481.61011
481.48176
480.94204
521.02177
481.5609
481.67489
480.82788
480.88572
481.9832
521.03832
480.732
481.98856
521.04342
481.79177
480.67941
480.60416
521.09565
480.64885
482.08366
480.54472
482.24542
481.97171
480.76145
481.80102
521.14559
481.95713
480.78784
521.11118
482.15415
481.01253
521.12526
521.05822
480.69332
482.17782
480.88492
480.83043
481.18018
481.65914
481.24218
481.40827
481.38095
521.16643
482.08151
482.22454
521.06839
481.38806
480.93856
521.09212
480.9905
482.30652
481.98123
520.97055
521.14225
520.96518
480.59573
481.12182
481.22143
481.99473
521.08981
521.27977
482.13978
480.67348
482.12454
521.13523
480.7699
481.01672
480.7506
521.05516
480.76834
521.43298
480.89116
481.98971
520.94853
481.80313
521.52243
480.81978
482.18489
520.07461
481.83025
480.79425
482.18452
521.04937
482.03359
480.80194
482.02268
521.3401
480.66504
520.36445
482.2889
482.0589
521.1329
521.6175
480.71962
521.08429
481.45128
482.20645
482.38395
521.04928
480.72098
481.75739
481.79654
482.24407
482.87736
481.55538
481.68815
481.22528
481.9719
480.94351
482.17548
446.54651
428.93686
435.359
429.49813
505.85547
429.47259
505.76975
507.43032
500.30587
435.88769
447.05718
428.91814
435.8025
436.43582
505.76924
481.66195
505.58757
479.32137
481.07869
480.97804
434.87264
479.49261
507.78022
521.18888
453.73555
482.18281
447.86712
478.89867
520.64108
440.77307
438.64914
481.44557
440.88485
520.97328
520.95855
519.09382
438.58658
445.58022
454.18462
454.13194
480.10712
499.68855
520.3391
478.85401
521.22146
482.20464
479.16909
441.02885
482.20668
436.22488
499.96119
482.17097
480.77669
438.45386
507.64623
478.89921
519.62759
478.93491
453.98213
479.6337
481.65328
521.33364
481.23708
481.74648
520.4995
481.17604
481.47437
520.98971
481.85889
481.64869
521.07944
481.84163
481.9855
520.07137
478.69026
481.63299
481.70317
481.53664
481.682
520.15787
478.96141
520.48688
481.64625
481.52832
481.27607
481.42809
479.11856
454.61962
438.22261
437.09869
458.21986
445.8676
499.84784
441.42595
441.2945
505.66777
481.54839
520.34111
481.48631
481.64298
521.15593
481.61213
481.14433
520.34565
481.55567
481.82907
520.8041
520.25043
438.20257
441.17991
434.57371
428.45079
445.63913
507.82608
434.67093
445.69363
454.53685
499.79796
478.91527
428.50804
481.47301
438.20769
481.55371
481.73037
478.90455
520.01171
520.75563
481.78816
519.98104
520.54151
481.08033
481.40693
521.03093
482.19046
520.46913
521.17614
520.10289
481.58927
481.77874
481.5516
481.97744
521.10171
481.90243
482.00218
521.04956
481.18531
520.02484
507.78059
520.37775
481.32478
521.2293
416.86355
481.33536
454.62434
439.18216
505.93184
481.4038
505.67027
482.12384
481.4782
481.02978
481.95465
481.01797
481.52378
520.97387
481.39319
481.41778
521.03315
481.76436
481.1554
520.93094
481.41183
481.25513
481.56052
520.90132
520.94632
481.10448
481.17511
481.97015
481.97413
481.96099
481.24265
481.27449
520.95765
520.99571
481.24539
481.92909
521.06621
520.27402
481.91988
481.84711
481.81183
481.74065
521.13959
481.66828
481.57111
481.62611
520.92088
481.40229
520.96716
481.33117
520.91918
481.68304
481.5752
521.02898
481.5039
481.53487
481.7926
520.8973
481.25491
520.96531
481.37868
481.51159
520.94754
481.54978
520.89542
481.39515
481.64301
520.9805
481.31657
520.91454
481.29704
481.48834
481.30289
520.90894
520.99809
481.25855
521.06398
481.72812
520.97751
520.93942
481.30737
520.98713
520.95593
481.7552
481.24196
521.01093
481.52724
481.57617
481.7198
481.50669
521.00567
481.86909
481.45141
521.07278
521.0041
521.02606
481.5142
481.71958
482.03172
520.99906
481.30694
481.00679
520.99337
520.97261
482.00668
520.96347
481.64371
481.10382
481.60359
521.19183
521.13079
480.84895
520.92559
481.47209
481.80449
481.73219
481.34663
481.29696
481.1856
481.72726
482.00126
480.85129
480.8411
481.45481
520.98793
521.03737
481.04236
481.88737
481.72652
481.41431
481.28894
520.98941
480.96638
481.32465
481.06358
481.98891
480.83169
482.09134
521.12131
481.08856
482.06407
521.08891
520.96229
481.01347
481.92702
481.86842
520.91488
481.54079
521.00937
520.86093
521.34572
480.85361
481.55999
481.51062
481.52026
481.69977
520.97085
481.6455
481.32934
521.01112
481.36735
481.58136
481.34458
481.5385
481.31812
521.10855
520.9163
521.03715
481.36351
480.98236
521.05695
481.09932
481.36261
520.97314
521.07696
521.03005
521.0426
482.02532
481.16321
481.46542
481.05057
481.95675
481.39571
520.92967
481.4659
481.45488
482.16991
481.25439
481.48274
482.00433
481.26604
520.8934
481.61204
521.00471
480.90891
521.07277
482.13236
481.88273
480.77034
480.70084
480.91293
520.95592
481.74367
481.79673
480.90728
480.95363
521.04523
480.78061
481.15359
481.65331
481.53708
521.00972
482.31414
520.95737
521.13242
521.06785
481.06834
482.14962
521.15461
519.96184
480.86713
482.1122
521.34281
482.61686
481.50092
520.96693
481.77661
521.06922
481.68816
520.54433
480.9164
480.5991
481.90357
521.89368
521.72394
521.15545
521.02205
481.05837
482.07203
481.41921
482.00345
520.39183
480.93234
519.5171
481.60631
481.72496
481.02865
481.09675
521.03156
481.52061
481.7179
482.13474
519.60035
521.27906
482.29522
481.50272
520.27952
520.58955
478.90856
481.38564
520.04125
480.92743
438.33641
440.94753
507.80967
478.89202
441.00118
434.7407
445.43094
482.13179
521.21137
438.23595
454.58925
438.28437
507.81425
454.49883
499.75964
481.54166
428.56498
505.68196
434.66922
507.81432
481.28957
428.55675
499.6879
481.51876
521.01307
445.71682
521.34639
520.97038
481.1754
521.2561
481.56237
481.15387
441.04576
445.57948
520.05679
507.83073
505.68126
428.90112
482.26956
520.31129
521.04991
482.02556
482.07282
521.08221
481.9938
482.00976
480.65977
480.81239
482.02362
521.05821
482.05445
480.77826
521.03978
480.64902
521.01154
482.27784
482.1274
482.27677
480.6898
480.52171
521.04668
480.87479
482.09514
521.00683
480.74932
482.11296
482.10557
520.98929
482.27657
480.89261
482.18599
480.6878
482.20323
480.71687
480.94942
482.03
482.42533
480.77802
521.02191
480.94408
521.02155
481.96662
480.78263
482.20049
521.04229
482.33585
480.8276
521.03822
521.07228
482.38947
521.09316
521.05319
480.84375
480.84405
482.22898
521.03978
521.01122
482.02256
481.89203
520.95254
480.97405
521.07993
521.08392
520.98655
481.16094
521.0306
482.03197
481.07863
482.08437
521.09505
480.85926
480.96337
521.01424
481.35633
521.11655
482.00477
521.05703
480.9066
482.04042
481.15329
482.12999
480.76011
521.11731
481.58725
480.86131
521.07642
482.00941
480.89818
480.92625
521.03794
480.85415
521.06937
520.97179
480.82367
521.08909
481.55216
521.06482
481.79992
481.93743
480.8744
480.81495
480.89373
481.05729
482.13974
482.19155
521.01892
481.81573
481.23921
481.79383
521.00131
481.61488
520.96916
481.21076
521.0102
481.51506
481.1684
481.76378
481.59133
481.38845
481.376
481.23611
521.05608
481.60064
481.57151
521.08244
521.07036
481.98591
481.35543
481.77177
520.95993
481.4233
521.02159
521.08122
521.06362
481.44204
481.6587
481.69087
481.46358
481.53686
481.35145
481.67102
481.70783
521.05228
481.5001
521.05003
520.95892
481.54291
481.31348
520.99157
481.43803
521.05451
520.93533
481.49715
520.975
521.05259
481.96793
481.61027
481.53017
520.96538
480.98926
521.09915
481.46939
481.49688
481.36311
481.62417
521.07336
481.32291
481.52722
481.65376
481.48037
520.94782
481.215
481.64366
481.30848
481.39329
521.02895
481.31425
481.46229
481.28526
481.74677
520.98027
481.18347
481.22931
481.2587
481.59944
482.08902
481.68843
521.02764
481.40719
521.03151
481.7535
520.95069
520.93442
481.58111
520.98738
481.88937
481.84163
520.98986
481.63928
521.05056
521.08398
521.05617
481.64704
481.6705
481.06629
481.32677
521.02311
481.72487
521.1438
481.32275
481.19367
482.04133
521.06875
481.72256
481.16013
481.66339
521.04024
521.05345
481.30551
481.66416
521.00993
481.58549
481.0923
521.09992
521.09985
481.23026
481.96252
520.97299
481.28728
481.89056
520.9126
481.34922
521.02294
482.05194
480.96947
481.26945
481.44844
520.94919
481.82038
520.98282
521.01758
520.97284
520.9696
481.14286
521.04091
481.60461
481.72179
481.23099
520.99649
481.1277
520.94451
481.1724
481.67098
481.17404
481.74718
481.11057
520.90623
481.35716
481.26835
481.41935
520.89317
481.56626
520.87904
481.36462
481.82568
520.97053
481.92686
520.87864
481.68019
481.34021
481.35859
520.96897
481.37789
520.98345
482.13346
520.95429
482.04677
481.17453
480.92071
481.88307
520.93826
481.03821
481.74513
520.98376
520.85131
480.94858
481.82691
481.83617
480.71785
521.04114
520.97851
481.93395
481.96176
521.0175
480.71674
520.8499
481.91959
481.81953
482.22507
520.86086
520.88724
480.67577
482.2152
480.48462
520.97791
482.27187
480.53795
520.97356
480.81142
521.00372
480.72318
482.34941
520.98562
520.95209
482.30221
482.17039
520.86419
480.89312
521.0393
521.04062
481.95416
482.29832
521.04081
482.19092
482.19986
482.1765
482.25454
521.00045
520.98261
482.1525
480.52364
521.02768
521.01666
520.95508
482.21296
521.04997
482.44683
480.87849
480.98991
480.75182
521.01444
520.93505
482.27595
481.13628
481.7652
481.75739
480.85885
480.92403
480.66862
480.69308
481.02603
521.00897
481.92968
520.94789
481.2147
480.72104
520.96773
521.04591
520.96405
482.18854
480.90325
482.21758
520.99392
481.90917
482.13162
480.80451
482.23168
480.93241
481.03791
481.04664
480.62729
521.04088
521.00913
520.97799
482.48183
482.41708
482.32757
521.02159
482.13464
482.25001
480.9836
480.84856
520.99592
520.99563
480.8302
482.50059
480.63393
480.79664
482.40517
520.97746
520.95551
482.53612
481.03698
481.42734
480.87948
482.33397
482.05523
481.1446
481.97474
481.82151
480.96761
482.21377
481.08595
482.26303
480.97666
521.02168
521.02463
481.09543
482.08156
520.92177
481.29896
521.05405
481.7504
480.92462
480.9439
482.08038
480.81583
482.07625
481.0198
521.08818
481.11607
480.95177
482.17678
482.27975
521.1378
480.90416
481.04463
482.0176
521.04295
481.04527
521.13746
521.14346
481.91934
521.11144
521.09675
481.14277
481.90672
521.12701
521.09542
521.08724
480.62399
480.99459
521.15141
481.80533
480.85913
481.9101
481.89748
480.5923
480.59044
521.06155
480.79577
521.11363
481.77984
521.0452
480.56002
521.10108
521.09821
482.09217
521.09503
521.08878
481.68753
480.83166
480.94331
481.7416
481.95399
481.647
481.42814
521.09412
481.06289
481.52537
481.8032
480.86339
521.08471
482.06856
521.12277
480.9269
481.45429
521.10717
481.38809
482.34478
521.07497
481.93553
521.04896
480.90771
521.17858
521.10274
481.02403
481.35321
481.54142
521.13483
521.18041
481.15168
521.08996
481.93958
521.11919
481.08801
481.75385
481.05459
481.68263
481.27245
521.02518
481.71183
481.03037
521.11856
481.40508
481.7019
481.67202
481.38931
481.59867
481.21367
521.03712
481.38
481.93195
481.46033
481.29683
481.17658
521.05217
521.12682
480.97689
482.1178
482.00687
481.4136
521.05821
481.46984
520.92197
520.96356
481.47887
521.05048
481.31875
481.53504
521.09373
481.42854
521.15733
481.49316
481.38981
520.98011
481.451
521.08602
481.6144
481.56362
521.03974
481.37097
521.11457
481.86074
481.42944
521.07894
481.35604
481.37191
481.3178
521.08579
481.41323
481.44541
521.09572
481.62317
521.04274
481.22022
481.44415
521.11997
481.44986
521.08091
521.04322
481.48943
481.5088
521.15274
482.04764
481.56722
521.10767
481.45062
520.98625
481.63226
481.40981
481.55674
481.62744
481.63824
481.36088
481.49841
481.60668
521.05612
521.09923
481.66234
521.00384
521.0556
481.46325
521.3808
481.45991
521.15886
481.30409
521.23453
481.45958
481.46892
521.19253
481.56044
481.45406
481.52864
521.0618
521.18271
521.15569
481.30908
521.26229
480.88536
521.15779
480.82049
481.47896
481.98442
481.57903
481.53648
481.5193
520.99739
481.50418
481.52425
521.1907
481.56873
521.10069
521.16845
481.40621
521.14939
481.34608
481.60119
521.04471
521.11776
481.31647
521.13333
481.24822
481.51388
481.50357
481.22291
481.62071
521.10524
481.34525
521.10047
481.36357
521.07531
480.96945
521.16658
521.32255
481.3321
481.33389
521.16017
521.19819
481.29683
481.28191
521.19807
521.19453
521.19623
521.0864
481.21711
481.13362
481.32886
521.1636
521.13329
521.14985
481.17968
521.20817
481.56254
481.68281
481.46974
481.49085
481.43852
481.38713
481.5391
481.57824
481.62467
521.08801
481.24408
481.39493
481.68174
521.21598
481.16201
481.37377
481.44338
521.15162
481.51733
481.28932
481.37954
481.94758
521.26752
521.18832
521.08814
481.41715
481.16245
521.19131
481.20622
481.43124
481.91429
521.20524
521.14793
481.56516
481.41457
521.19361
481.34858
481.30946
481.68384
521.01023
481.09853
482.22194
481.5019
521.21121
481.79591
481.55994
481.39287
481.24652
481.98816
481.4874
521.19305
481.51081
521.15827
521.18729
480.89401
481.59471
480.8917
481.2468
521.07977
481.35125
481.37018
521.16916
521.15225
521.1301
521.21931
480.99925
481.39571
521.30657
481.0465
481.71778
481.75679
481.01005
521.22198
482.0162
480.61788
521.20752
480.60546
521.16038
480.84343
481.25429
481.75175
480.9994
481.09171
481.82503
521.1537
521.19004
481.78505
521.21682
521.19715
482.0545
482.0612
480.97722
480.8491
480.88274
481.5403
521.13308
481.01305
521.18193
482.026
521.10577
521.24831
481.02936
481.00637
481.0809
481.4533
521.15562
481.71313
482.1913
481.86782
521.21017
482.24915
482.15378
521.06333
521.17085
482.08596
481.86164
482.02564
480.97447
521.22983
482.16425
482.21995
521.16539
481.75966
481.03585
482.13179
521.26395
481.94543
480.86221
521.23905
481.61042
480.62819
482.23114
480.73241
482.30402
482.31568
521.21585
480.70236
482.02961
480.85076
521.20361
482.26198
521.27582
521.2455
481.9322
521.25067
482.28449
480.84287
481.96925
480.67192
481.99907
482.37011
521.20027
521.2272
480.4593
521.19477
480.65797
482.34389
521.18111
521.19725
480.47814
482.11916
480.96759
521.22661
521.18677
480.61113
482.374
521.15836
481.86814
480.74675
482.09408
521.30234
521.25154
482.06691
480.4769
521.1918
521.24437
481.96469
482.1046
521.24097
521.28121
482.20631
480.42612
521.24167
480.27797
521.23096
482.23249
482.13247
480.48128
482.34887
480.42386
480.28106
521.26432
480.42185
482.27804
480.36362
521.2727
482.18474
482.1478
480.42646
480.42531
521.15358
521.18014
480.35988
482.2429
482.40241
480.58718
521.2149
482.41529
482.4685
480.52931
482.34068
521.17731
480.64108
482.42861
482.15433
480.47189
480.50588
521.24546
480.61572
482.52598
521.23685
521.18943
521.17366
521.21005
521.15324
521.18948
480.28098
482.50458
480.55075
480.35985
521.26962
480.48081
521.29673
521.26738
482.17334
521.23683
521.21975
480.65326
521.20718
482.44753
480.53556
482.4766
480.60526
482.43995
482.1603
480.49791
480.48289
482.37611
480.42534
482.61715
521.23699
480.22244
480.45865
480.52331
482.57517
482.49023
482.39877
480.28036
480.40748
482.66374
521.17907
480.39358
482.30099
480.22479
521.2182
482.35549
521.27507
482.37668
521.27487
482.31839
521.20358
482.27134
480.46543
480.41385
480.21493
482.19776
521.33493
481.81458
521.29672
521.18067
480.47148
480.15476
482.23353
521.26132
480.17356
482.41967
482.47119
480.16788
482.43579
520.85117
482.27219
488.79952
520.92445
480.5181
480.10722
488.71986
488.84978
482.51603
480.48444
480.21185
480.54438
521.26342
480.39689
520.5771
480.09225
482.59637
480.52359
520.76728
520.8352
488.93493
480.16245
482.49287
480.35287
521.18442
482.59148
480.09497
482.57275
480.36162
521.21037
521.33092
520.85655
477.11539
480.19488
480.45975
480.53397
521.22946
521.25616
521.27865
482.56141
482.44738
520.83437
520.78504
521.14867
521.18871
480.30381
480.16386
480.15539
488.99158
477.12189
477.10206
520.6907
521.32798
482.58699
520.66608
480.25426
482.55649
480.44323
480.30329
480.2829
482.83332
521.10958
482.81358
521.1215
480.32154
482.79792
521.16387
482.58556
482.79185
480.13404
480.12653
482.76184
477.12905
520.55499
480.14873
480.37655
521.22749
521.15827
480.13778
482.38111
480.07331
521.11592
480.13623
477.13688
520.54353
482.72311
480.0943
520.75089
520.7205
521.08804
480.48404
489.12691
480.3847
482.46229
521.22545
520.70761
520.81803
520.6069
480.44249
520.685
482.7164
480.07386
520.5169
480.36787
480.45671
520.76138
521.24315
489.05217
482.46007
480.37523
480.50925
521.21155
482.55385
480.32779
521.08991
480.14223
482.47146
480.20359
482.74186
480.26102
482.33194
521.20352
521.21767
521.13405
480.36346
521.17103
482.62248
521.1777
520.78064
482.36756
480.08482
482.40736
480.3373
482.61814
480.28785
480.43544
521.21775
480.50323
480.42792
489.23346
521.15624
480.492
482.69404
520.79795
482.64963
482.67916
480.39296
521.15012
521.07315
480.46612
482.56317
482.48662
480.57404
482.53164
521.0689
521.0884
521.14782
521.14272
480.44519
480.50034
480.56602
482.52702
482.42893
482.54712
521.12925
480.64
521.14734
480.55406
482.67091
480.12021
521.16317
482.30524
521.16689
482.2328
480.62813
482.40192
480.40952
482.40072
480.33683
482.37243
482.68843
521.143
521.1298
482.50595
521.12618
480.57608
480.42864
482.12361
480.55438
521.1136
480.48981
480.47596
521.07582
521.15889
521.13301
482.22272
480.4495
521.11741
521.10694
480.76814
480.80775
480.40234
480.65781
482.28295
482.41705
521.11174
521.21907
482.33939
521.10531
480.35571
482.29175
482.25723
521.14207
480.96847
480.75093
480.4587
521.1664
482.45374
480.73093
481.2642
521.0969
480.63097
521.10308
480.42647
521.10044
480.98556
521.17325
521.00851
482.77776
482.71229
482.87212
521.00281
521.0562
521.01334
482.57734
480.48198
480.16222
482.83926
520.92399
480.41094
480.28391
480.20623
482.6838
520.94996
482.76396
480.28961
482.73639
521.03719
520.98249
521.01266
482.53081
480.44766
482.72113
482.68334
482.62437
482.47061
480.63424
520.97952
482.40549
482.59288
480.69422
480.50921
480.4863
480.77842
521.0281
480.67303
520.98036
521.00807
480.39734
521.00976
521.04948
480.72785
521.01339
480.60366
520.99647
480.59486
482.63385
520.96941
520.91693
480.35326
520.97467
521.01161
482.80423
521.00856
480.41402
482.71389
521.05819
482.57192
480.36911
482.68325
480.43512
521.03273
482.78749
521.06057
480.32545
480.46248
482.54765
482.42335
480.33512
482.50125
480.45176
521.00064
480.17597
480.29764
521.00797
521.04851
480.25748
482.38811
482.5023
480.36013
480.44823
520.92
482.4582
480.71391
482.52478
481.87541
520.92172
520.96995
480.70848
480.2976
482.74022
520.96456
480.28865
482.61
480.15331
520.99402
480.35227
482.25372
482.67589
482.66854
482.73857
480.15645
521.06254
521.04316
482.7078
482.82995
520.97846
521.05651
480.29805
482.57565
482.62524
482.75637
480.28795
521.0571
480.34275
521.00549
480.09107
480.31679
520.97347
480.02284
480.33985
482.98695
520.99576
482.97728
480.14074
479.98297
482.83564
482.99222
482.79474
521.05617
521.09777
479.91768
479.99565
480.03849
480.18276
483.07609
480.05056
520.37837
480.22438
479.94543
479.94208
520.98885
483.0057
520.38408
521.01268
482.99561
520.35645
480.33009
520.55507
482.71511
521.07289
521.01789
521.02824
480.06077
482.9365
482.91178
480.28376
520.40412
480.00272
520.59206
482.91648
480.07551
482.9403
521.07968
482.75221
479.96456
479.96343
480.01512
521.09265
480.17031
480.06739
521.03911
482.75932
480.26732
480.32389
480.19197
521.01013
482.87259
521.00148
520.99601
520.98719
521.03311
521.09515
480.11766
480.1913
480.2095
521.10943
520.62698
521.10062
480.33238
482.48295
521.09996
480.08312
521.0454
482.65802
480.13446
480.11346
482.50697
521.08947
480.27541
521.07459
482.53488
521.10844
480.44936
482.58637
482.53688
480.3612
482.83099
482.86455
482.5291
480.23379
521.0519
480.29414
480.04601
480.21354
482.78112
483.03655
480.03497
521.02424
520.45245
480.24745
480.22091
480.15926
521.12518
521.06178
480.04756
482.69503
521.10452
479.99923
521.07364
521.0805
479.97415
482.66875
480.32149
520.48307
482.82598
480.05347
521.12698
482.68561
480.19684
477.14814
520.72483
520.67045
482.74125
480.06624
521.09467
482.86303
480.1698
520.49419
480.12014
480.26282
521.14989
482.94459
482.61339
480.30591
521.13105
482.82106
521.06747
482.61027
521.14731
480.32706
521.16077
482.54259
521.0795
480.4108
482.72484
521.12954
521.07833
480.3461
521.08963
480.37885
480.26666
480.17659
482.4599
480.16101
482.57129
521.06152
521.02714
482.76377
521.10126
489.30749
480.32128
521.05547
482.42257
482.33077
521.08567
482.40756
480.40569
482.43362
480.40004
480.41342
521.06896
521.02674
482.45337
480.37644
521.0594
482.37885
521.02273
521.0526
482.39769
521.0558
521.01703
482.58824
521.0676
521.06776
482.63474
482.76681
521.01507
482.80206
480.29037
480.37865
480.44422
482.65156
482.53893
482.56194
480.56875
482.48208
480.35283
521.02647
480.57107
482.44763
482.62001
521.14305
482.83216
482.60858
482.62338
482.38123
480.30509
521.04226
480.34157
480.51549
482.47712
521.12021
521.07347
521.11381
480.53332
480.52029
521.09404
480.45737
521.06226
482.10169
480.68653
482.58298
482.65735
521.08036
480.59628
482.56787
480.76588
482.15786
521.10692
480.41038
521.04774
481.13301
482.36967
481.8559
482.31099
480.79529
521.04727
482.23431
482.29945
482.3531
480.77965
482.71349
521.04344
521.04762
521.11006
480.62111
482.20261
480.36862
521.04068
521.05845
482.66118
521.05372
482.55723
482.1803
480.41242
480.3491
521.12376
482.39445
449.87819
450.23223
452.83585
450.64643
478.97335
484.77664
521.99731
519.78566
483.65821
481.68819
479.45106
453.04113
510.39836
510.48107
483.69838
476.87343
453.00272
451.7231
452.44093
454.10626
483.11887
452.87316
505.62059
484.84436
479.43213
520.18529
518.74525
504.99125
478.29358
480.64994
483.66863
482.91755
481.62324
517.96382
520.42116
481.11446
482.99607
519.8923
484.69072
483.65947
481.07242
522.63509
479.84105
483.14325
482.87837
504.80141
504.86975
480.91484
453.87781
484.04657
478.14056
521.07994
490.10292
520.42968
521.20311
479.77018
481.52354
522.68507
480.91522
523.70621
504.93574
505.44779
451.40567
490.88876
481.87925
521.08724
524.82581
490.57408
519.43187
478.69045
477.51859
521.27615
519.48553
478.34486
523.55062
482.77542
484.51374
517.8582
518.33093
482.11631
482.14021
482.63321
517.38198
522.05709
481.42467
483.03936
480.01368
521.255
479.74069
480.17111
476.84803
481.33461
481.73538
480.97487
484.48684
519.88607
525.87878
479.27937
518.21359
522.25446
482.07108
482.24203
485.68529
482.19055
479.82834
476.62726
483.15571
518.47467
481.49165
480.1398
519.21956
480.34647
482.78416
521.2946
480.55332
481.07966
483.03561
519.22471
483.40269
479.99314
521.29657
482.14859
479.82546
522.20979
521.59775
480.5603
483.96551
504.84723
517.03038
510.26544
479.94228
521.51223
482.41219
521.28699
480.02566
521.51583
482.58883
480.01759
480.23726
521.12385
521.1387
480.10978
482.81492
521.14766
482.60559
521.13701
482.57907
480.26276
521.20173
482.85334
480.06575
482.1008
521.13858
480.16905
521.13626
482.90096
482.85281
480.14849
482.93243
521.12096
521.39237
482.84984
480.06794
482.93657
480.04361
520.63028
482.7433
480.07187
520.53635
477.15267
480.36802
489.32004
482.89276
482.77389
482.78137
480.35239
520.60746
482.49208
480.31708
520.68934
482.66306
521.11056
480.42347
489.44964
479.99469
482.78918
520.62768
479.98906
520.46346
477.16383
477.16404
480.09439
521.10383
520.64854
480.12115
521.03944
521.17611
480.44805
477.15825
480.04961
521.115
521.10195
480.27213
482.99024
521.01394
480.18352
482.91523
521.12559
482.96163
521.02013
480.01296
482.61907
521.22811
482.71631
521.66979
489.40391
480.02433
521.87154
482.66464
480.29645
479.97696
477.15592
480.41564
482.71021
482.59474
480.0348
521.0914
479.94274
482.72818
479.90395
480.14302
479.95896
521.1294
482.98292
479.90027
482.98497
521.88855
520.33349
525.87056
483.3882
482.56569
480.15823
479.55932
520.8545
481.84073
521.35405
480.06967
480.20254
520.24481
521.28435
482.9484
483.00296
477.15975
521.0485
482.93598
477.16776
520.64726
489.59129
480.41015
520.63825
520.57517
521.01777
482.74189
482.72108
521.07324
522.58771
489.5347
519.08966
480.41147
480.18704
521.01658
482.90663
521.04701
482.94847
479.88733
482.85114
521.0341
483.06725
480.02878
520.6359
520.65191
482.83548
479.92189
521.06932
482.83824
480.00779
483.09939
520.62493
477.18464
520.57384
480.3761
479.91025
521.10541
479.93436
480.09358
521.10223
483.01284
480.1255
521.03774
483.07194
521.0622
480.15782
482.68855
521.1885
482.81581
521.01455
480.25264
482.88849
483.0026
480.19205
480.10794
479.78327
479.86193
482.69086
489.62285
480.35083
482.64349
482.13495
522.25793
481.32234
478.31567
480.55965
479.7069
522.83182
482.4302
481.90986
480.21835
483.01789
482.56979
480.64158
482.85204
479.4807
518.75261
483.96056
523.73478
483.8742
481.00643
477.61272
437.61854
449.45252
454.68954
434.90338
505.22876
518.33872
501.83228
482.5183
490.77732
435.51448
518.26651
510.83733
477.0067
506.1201
517.86542
481.21817
521.50042
460.5685
415.31062
453.63685
510.19618
479.55921
480.95998
483.53859
479.25094
483.10985
483.26553
480.93301
480.95298
484.11881
521.34524
517.72009
483.21502
479.08974
511.34694
479.72837
480.6057
504.72758
518.59285
445.58091
479.3798
482.25735
479.21791
519.12249
480.16049
520.02596
520.95449
521.14397
476.68145
480.39402
521.20463
478.7066
483.4042
453.76384
482.29959
490.46078
481.72919
518.49224
521.02298
521.06693
489.32081
479.63463
455.0077
491.89403
482.60501
479.51326
478.03716
479.30126
482.22368
519.53282
518.6043
481.84321
510.10349
481.18668
519.85925
480.19446
517.5082
521.50127
481.66253
477.69303
482.83161
519.82582
480.1926
521.84735
480.5907
521.78315
523.23328
483.8868
520.36334
486.99195
481.85681
485.7972
520.49888
477.13062
481.1298
486.07748
479.46479
520.24418
454.58859
483.33265
521.05943
519.86729
477.24711
505.32605
484.18336
482.71765
480.90671
524.41678
488.73696
454.62313
520.54759
522.45554
492.14388
479.0974
522.65967
430.93126
483.64975
483.19022
478.86252
478.7909
517.2999
479.12773
479.04352
521.56891
481.56096
480.66293
481.79493
481.95327
482.45359
519.28864
480.70689
523.14445
522.38694
479.94897
479.93375
478.10423
479.70677
479.86831
521.34874
521.3296
518.05199
518.44533
487.29297
477.3307
476.75668
518.81031
484.02894
488.10872
479.36673
484.02647
520.81494
481.51226
480.48359
517.26377
481.81725
484.91753
518.6645
518.46324
476.47889
480.82945
486.93901
518.24217
515.86781
481.55904
479.86625
483.88501
489.67133
479.74159
481.17955
476.90448
525.14171
520.33945
522.01296
525.34568
487.60775
484.06057
483.31297
483.21228
488.25513
484.6662
475.30765
482.39545
517.64066
517.88617
516.84167
482.08435
480.4756
484.179
477.9898
482.50405
518.9318
522.23791
481.95798
482.35198
523.24237
521.72369
483.2082
485.24277
509.86139
487.28004
482.30379
518.52489
488.50752
476.72466
517.04975
519.06298
483.93217
523.46662
489.9524
480.59537
482.23048
487.94562
481.93709
482.40262
517.67825
483.35979
482.20276
520.07755
482.93803
517.94724
483.44682
518.00545
476.50265
518.76305
517.91247
479.26643
481.67795
480.06985
481.66436
482.44017
481.9985
479.1307
486.81761
482.37711
478.2384
482.43324
483.88446
480.16858
481.78166
486.79682
480.30013
483.6604
481.23839
481.14595
477.5621
517.994
480.45864
477.59283
481.58205
517.89021
480.67072
520.37406
518.54259
477.48417
518.13596
517.90493
480.06608
481.96686
484.15412
481.47178
522.00424
517.89422
480.84206
482.26121
490.66606
488.37458
518.56369
518.62625
477.70896
480.64972
483.34941
478.8258
482.1196
482.99221
481.13766
477.53247
486.97669
520.67511
525.15319
480.62993
484.70953
524.77579
482.84235
523.44529
518.11716
478.60732
481.42669
480.52561
479.78219
508.37316
522.52626
483.42376
518.1447
490.44282
488.56913
521.56024
477.20251
479.1906
481.74326
519.71331
482.39056
518.10668
524.70318
483.48116
481.88224
482.38506
481.62475
482.77497
482.4068
482.41752
481.24752
517.62602
483.26669
476.87219
481.19364
519.35766
517.76292
517.95389
525.77924
517.96288
517.64965
514.20098
525.26741
480.63304
488.33272
484.1082
487.56404
525.88188
480.15782
481.48923
480.74367
480.96543
518.05437
476.61207
484.82067
518.17915
518.43853
474.0609
514.6254
485.27222
525.43916
488.0522
518.71113
519.64724
481.96004
517.57758
479.4962
487.21591
517.88788
518.77712
484.3461
488.5431
477.19139
518.72776
481.74644
480.51705
487.14489
482.31069
488.52707
518.24372
484.58527
497.72334
521.32576
479.37114
520.67177
476.86809
481.70554
481.81274
525.71212
483.04125
517.59977
481.78865
481.80371
479.21752
489.81004
477.43637
482.23846
524.26045
484.49965
517.8194
480.54946
517.90876
481.26381
483.94625
517.86346
479.49252
521.50584
476.62512
488.05568
476.69834
482.47523
517.85853
483.52262
518.56833
483.06683
487.52049
518.52071
487.35239
517.91753
481.90604
485.09299
480.68782
487.14572
517.96399
477.48173
517.61848
517.88742
477.32682
518.00506
519.83222
519.00337
524.27531
480.41219
521.48128
477.52004
518.1201
484.08776
482.1845
481.45284
476.77582
521.50471
520.33209
516.0452
491.94863
479.26167
485.32063
480.74647
475.51482
525.74684
481.46314
482.17487
481.05058
518.82996
524.90159
488.83396
481.60489
482.80426
481.04873
481.70892
483.57097
519.95054
518.62691
478.78766
483.61722
481.19386
483.39682
480.71849
478.7998
480.41152
480.48543
480.36858
490.35444
523.62241
522.41995
481.44889
487.94398
482.66705
520.80306
487.80761
484.63249
481.24547
479.97482
518.44937
481.65167
492.18717
518.16729
518.55022
482.93712
488.11993
520.88712
484.46982
480.99915
483.65259
515.40459
504.44873
450.29829
477.84818
489.99525
479.73123
519.0897
480.50515
473.11248
482.55818
473.50997
481.48495
510.65385
520.79011
487.52772
523.24709
477.69177
490.13352
483.71952
485.65472
482.92609
518.89854
452.34706
504.98133
505.11219
450.58883
451.17016
480.52704
453.85148
452.03038
521.65974
510.48034
479.17741
518.48948
518.80284
504.90558
505.32821
481.98377
481.75504
483.2519
519.07135
522.98452
479.16727
522.71976
521.50001
481.26046
505.30452
482.245
519.89035
482.74648
519.65458
520.31801
473.77859
517.82708
453.84591
477.78106
479.83387
489.86073
452.78736
454.01354
477.81648
520.08545
521.71733
481.24437
481.72271
505.35374
510.85325
521.0071
518.86109
476.29432
510.21303
520.90926
480.22294
483.65292
518.91291
452.53614
448.68877
505.64059
520.41895
481.66835
482.57694
521.64729
487.19284
480.85692
483.10137
488.75072
518.34151
475.94069
519.67443
479.25647
517.25876
481.57484
516.72821
481.66123
479.09331
479.88809
521.71986
518.73294
482.09777
480.94039
521.65572
478.01395
480.47831
481.93929
479.95224
521.58032
480.42356
481.97264
520.89262
482.26831
479.7669
520.22118
483.69978
485.50002
484.03278
522.68984
482.27149
483.1681
517.89405
482.03077
484.24611
518.37144
479.12324
479.97192
480.88525
481.21435
481.71384
520.64117
481.08216
478.77091
523.25532
504.11634
482.80949
452.13779
480.64213
517.21113
480.07337
521.49222
479.20912
482.55629
519.7221
481.08307
480.84594
473.3917
479.7721
481.34424
504.84931
482.29999
476.38282
518.68166
519.48226
517.97924
480.45336
478.91206
482.43946
479.70007
522.15763
483.10791
483.21234
521.54991
482.77764
482.7827
487.31077
522.37244
517.77829
480.35036
518.71727
482.66905
519.46128
480.34525
521.66097
482.74352
521.33995
522.44175
521.63967
480.93511
524.06292
482.91618
480.18187
482.47667
519.62202
480.27267
480.09637
521.06664
482.38719
483.87539
479.51127
521.17161
480.10694
521.13813
521.39965
482.54085
480.28659
480.38917
480.00119
488.00078
480.13037
482.56556
521.13363
482.58879
520.50532
482.79338
482.65373
521.17731
480.16173
482.49442
521.15305
480.11
482.5429
521.16001
482.49817
480.39421
480.38968
480.0792
480.05709
521.10437
480.03896
521.14737
482.61657
480.15606
521.21782
482.54291
482.73245
521.19
482.60354
480.36148
482.6796
521.13744
480.29993
480.37479
480.39826
480.33301
482.66597
521.2047
521.17031
490.15132
521.42467
480.2364
480.34499
482.74055
477.1416
482.69167
480.22483
482.62847
482.77003
482.81728
521.11263
480.27564
480.97968
480.18957
479.96115
482.74513
480.30576
521.16047
480.26052
521.23742
482.85862
521.09798
482.48015
480.42514
521.25299
480.48342
480.41034
482.45297
482.60748
480.29994
482.63726
482.39328
480.24412
482.65414
480.26673
482.47709
480.12626
521.22163
521.13227
521.23526
482.18978
521.17206
482.50706
482.57417
482.61173
482.42841
521.25922
480.20474
521.18379
482.5384
521.18275
521.25887
482.39545
521.29812
480.30085
480.40368
480.36948
521.2432
482.44551
480.15113
480.24188
480.55359
521.30583
521.18949
480.38849
521.14351
477.1099
521.19682
482.65526
480.19844
482.35382
480.13902
482.55097
521.24194
482.30986
482.40398
480.17787
521.2358
482.34686
480.36505
521.26021
521.30723
521.30715
480.22224
480.08343
482.1658
480.60835
521.60537
480.2206
482.55901
482.37
488.61176
520.61024
480.36898
521.41662
482.36474
480.78752
521.21705
521.19712
482.65173
521.21435
521.72297
521.582
482.736
480.63585
521.44708
480.16523
480.17986
480.18336
482.63782
482.65625
521.99755
482.57387
520.7713
482.58781
521.27953
482.59601
476.73425
480.29652
482.43291
482.24248
520.81575
482.14959
476.37666
483.23941
489.11963
478.73168
480.35601
485.56913
482.96943
478.73812
489.80253
476.23321
520.37428
521.86314
480.16978
519.45399
482.14622
521.76876
481.42959
521.28501
483.7981
520.29807
481.33521
519.82815
481.78383
518.0829
486.01789
480.65897
482.35581
519.80706
479.70184
481.39596
482.91053
489.83919
521.45248
474.97453
522.04929
482.57084
481.00564
521.07626
482.79183
480.38468
476.561
479.67412
478.62566
522.47463
481.23717
480.11329
481.87736
479.51994
481.04548
478.71901
480.32391
497.58324
480.38881
481.94032
521.1298
481.26272
518.86999
476.68555
482.32419
482.4128
519.01536
517.96624
434.37176
458.29556
428.95058
447.73619
445.51166
417.92349
441.04991
502.56677
500.05152
510.37553
449.5621
477.86895
448.29834
504.43609
482.30311
480.30228
480.15068
488.72558
521.39893
525.51945
505.04826
504.13359
479.20134
489.47826
510.19129
511.06649
504.95374
479.87612
481.21069
483.31088
481.88836
521.59107
479.41821
482.73531
521.11604
482.02378
480.34549
476.99583
483.57498
479.88909
480.92217
481.17989
482.28467
487.78236
478.31774
475.55257
484.20073
482.83718
454.14498
478.86821
480.05037
478.62092
516.94364
480.79804
477.33435
522.30584
477.51388
517.84308
518.81269
517.36199
519.08875
490.14351
518.82822
505.55297
481.89392
484.00954
519.17597
519.21059
481.41575
520.60951
481.28288
483.16886
479.85099
479.68277
481.50378
482.85218
481.44232
478.36876
524.78236
524.0417
479.56086
520.14856
478.78855
479.44261
479.26047
477.02532
519.49972
482.01293
480.23232
482.63815
511.03054
476.63981
480.44977
520.79602
482.114
524.10586
486.8908
522.14019
483.88689
480.93056
477.07242
483.50442
479.6796
473.83908
479.56656
519.33943
482.97658
481.18476
483.00119
482.36726
522.28805
480.42639
480.73633
480.65103
526.73577
521.46693
480.93223
489.0885
481.02224
517.82454
479.57465
482.01293
476.82217
484.83857
518.02293
481.30951
517.78051
481.79348
516.71231
486.25494
518.2593
481.26085
483.29946
518.07321
517.31953
521.18785
480.94437
476.6817
480.94678
482.79031
476.6398
486.41447
521.19553
482.58277
481.72992
525.84259
489.2918
521.14601
517.8865
487.21997
518.30541
482.92472
480.66461
480.25514
481.4215
517.961
476.69694
485.86778
482.28193
483.4623
482.97571
480.11465
482.22666
522.94092
481.4305
483.98546
483.36778
524.65973
481.75444
518.57369
482.3233
518.2164
516.55126
517.96166
481.69527
517.95812
485.58636
480.50397
480.96586
483.49386
482.76276
518.64638
477.52968
480.85518
517.4415
481.20395
488.44308
482.70876
517.80297
480.92252
485.45489
477.39058
481.76518
482.69314
517.66275
480.92134
482.62636
526.09542
517.78687
481.12016
489.4509
482.65324
483.64592
482.77837
521.29953
484.19946
525.02137
483.35534
518.23325
481.37928
482.72802
481.31834
518.07871
484.15403
481.54558
481.44714
517.9261
481.77548
480.68954
489.62967
522.62781
482.36518
479.2404
516.49555
486.98008
479.59994
525.18505
488.45797
517.80737
523.08026
476.09075
476.41595
518.7079
481.31333
481.48061
480.73829
519.91757
484.71744
526.62466
518.03033
480.78983
483.06363
483.27252
524.26646
484.52251
482.13167
481.53829
522.43289
482.36236
519.73718
480.13656
481.17054
482.3541
480.62631
522.58633
483.5971
519.298
481.91656
480.33464
478.94599
476.87832
484.6884
519.9253
522.56907
521.51241
481.53235
477.24244
483.19545
480.94777
517.73883
481.94543
484.06227
487.09595
481.07493
523.09752
485.02261
487.47576
518.66979
484.18493
517.83335
517.85623
479.86481
487.74402
517.94091
526.7577
481.88845
481.60208
481.6482
479.62509
518.01295
481.62463
517.8416
476.77841
481.30356
486.94662
482.82182
477.61161
482.92708
525.08011
520.81552
481.88302
518.48702
482.79485
518.77084
488.39237
481.18878
518.36256
525.0605
482.78317
481.71782
479.67943
480.92745
517.79781
517.96446
480.88566
487.16063
482.78587
482.47975
518.08852
482.95087
482.27354
481.43147
517.90382
483.22141
526.66539
517.94122
482.04394
481.38877
517.81202
476.89686
524.40655
488.02447
518.48662
476.58346
517.97176
482.90997
518.23103
526.29671
481.16786
521.52677
486.21389
482.25692
485.65984
481.27879
520.79964
486.75258
489.488
483.2297
517.75099
517.66697
476.70952
518.45731
483.95181
518.28183
477.03861
439.06885
478.94599
481.67277
520.63637
520.10151
480.75184
481.06537
478.87015
520.55967
480.91209
480.41879
521.57844
521.05106
481.85244
480.54569
482.22607
521.01423
480.71164
481.54339
520.68435
480.76148
480.93386
481.88802
521.02998
480.99507
481.4032
521.39275
481.79436
482.36984
480.59225
482.26866
480.59135
482.25425
521.13672
520.1247
482.34344
520.80479
481.83981
520.97071
481.20494
482.1369
482.23492
482.09543
480.93978
481.95122
520.46628
481.83187
480.80371
481.27805
521.65948
481.04647
480.53373
482.14681
481.03466
521.41961
482.26555
480.64821
480.19802
481.72163
480.31562
480.54685
482.15876
521.37538
481.13979
480.64106
481.97973
521.29629
480.41645
521.2552
482.2084
480.6035
481.75694
480.67647
521.18893
481.81087
481.96985
481.25472
480.47383
521.45097
480.70775
521.11479
480.45853
482.17216
521.24912
482.20735
521.31649
480.50813
482.0957
481.88495
521.17332
480.92687
521.04848
482.28073
480.58915
521.20453
481.9666
521.24505
480.95462
480.76544
482.20487
521.14664
482.21062
521.20858
481.92848
482.24796
521.34267
482.35306
481.18119
521.37421
521.308
480.57725
480.53585
482.30943
482.25371
480.65843
481.7688
482.2784
521.24633
480.88858
481.23213
480.6756
481.65234
482.11902
482.12621
481.72291
481.65147
480.61064
521.29242
521.27066
482.07728
521.26926
481.16251
482.11223
521.28683
481.65797
481.04814
481.89626
480.71154
480.90221
481.97043
521.3529
481.48407
521.20177
480.88095
481.38371
521.28913
481.55319
481.01372
481.46471
481.46983
521.30103
521.36688
480.77758
481.65319
521.27649
480.57264
481.86339
481.00932
480.60568
482.08528
488.23312
521.30832
482.0704
481.5616
480.66176
480.63322
521.51606
482.34881
521.29157
521.41975
480.26177
480.21889
480.36358
519.9314
480.24905
480.3595
521.50771
480.51576
481.62426
480.22066
482.06583
480.31551
481.99062
521.47634
521.16899
521.79494
481.53881
481.71608
521.48246
481.27446
521.40711
480.24664
521.42543
480.46457
480.65081
481.74985
482.09464
521.49539
480.60093
488.16416
482.94284
480.6021
521.4052
482.32769
521.06719
480.42387
521.09122
482.17278
521.09327
482.36144
480.34858
520.7145
477.0885
521.48621
480.49694
482.21939
521.4849
481.94317
480.37537
480.31978
482.24024
480.80781
521.51148
521.45731
480.27303
521.52469
481.95548
482.29807
482.29212
482.16718
482.34517
480.40074
521.48466
482.39257
480.5321
521.37723
482.13839
480.48187
521.377
482.3702
480.80462
521.53682
480.61429
480.86079
482.08445
480.47408
481.42641
521.38709
480.90646
521.46524
521.45991
480.56456
481.06546
481.9278
481.17917
480.8753
481.45828
481.17465
481.08399
481.03291
521.35316
481.39732
481.63308
481.23288
521.31072
481.64516
481.56111
521.20738
481.42794
481.4582
481.51404
481.17902
481.60389
481.37938
481.13341
521.20593
481.44359
521.26818
481.7692
521.38182
481.75258
481.65881
521.48755
480.77771
481.32047
521.32734
521.34157
521.37944
521.31767
481.05147
481.59244
521.32604
481.42844
481.17379
481.43271
481.78801
481.65582
481.32285
521.33377
481.42876
481.43902
481.58051
521.22362
481.04958
521.34318
481.57879
481.32578
521.29115
481.41873
481.39061
481.11736
481.17574
521.24501
481.44535
521.29427
481.40513
521.17759
481.36805
481.3481
481.17112
481.19129
481.36837
481.26338
481.28003
521.25496
481.36391
481.27995
481.23246
521.28621
481.49278
481.64119
481.38069
521.27002
481.09951
481.11371
481.4519
481.24489
481.28818
481.15535
521.31209
481.16883
481.61215
521.29272
521.34006
481.35934
481.47052
481.49553
521.29093
481.57231
481.41037
481.49306
481.39879
481.46769
481.24272
521.19713
481.48921
521.32835
481.37072
481.54404
481.3524
521.22299
521.33637
481.54305
521.2896
481.44657
521.24253
481.51011
481.53382
481.30457
481.45988
481.50349
521.23322
480.87315
481.34875
481.80091
521.3185
481.27973
481.3332
481.4058
480.62379
481.55318
521.30257
521.35563
521.37313
481.94981
521.34227
481.70938
481.35445
481.35971
481.60059
521.37286
481.26456
521.35647
521.35175
480.9501
521.39431
481.0801
481.12449
481.87543
521.44418
481.19514
521.63815
481.66082
521.3662
481.60042
521.27509
521.23031
481.27817
481.14317
480.90368
480.91022
521.22093
481.58691
521.26496
480.88239
481.68725
521.33436
480.7605
480.84144
481.64397
481.53627
480.97009
481.63087
480.64808
521.26265
521.25646
480.6443
480.6408
521.35089
481.29651
481.912
480.63389
481.96574
481.43597
481.22626
481.46298
480.8292
521.39698
481.66147
480.72023
521.26913
480.81835
481.20639
521.35658
480.73762
521.45159
481.20526
480.72283
481.0495
481.58554
480.80701
480.88103
521.43833
480.97742
481.76432
521.29689
521.30413
521.32998
481.91878
521.26169
521.30753
481.81671
481.11717
521.78058
480.93761
521.71708
481.55074
481.6686
521.41628
481.19357
481.68353
480.75701
481.27907
521.45023
481.35018
480.86485
481.60098
481.70562
521.57899
481.85302
481.45888
521.48894
481.92938
480.97391
521.55872
521.38467
481.22632
481.73682
481.12335
481.73226
521.5668
480.76726
481.01135
521.45982
481.45581
481.25191
481.2024
481.0635
521.62122
521.66728
481.19085
521.63856
481.32977
481.01541
480.85041
481.0764
521.56142
480.93057
521.42717
481.81253
480.86382
481.54334
521.39545
521.5609
521.43847
480.64474
521.82973
481.19876
480.83828
481.09937
521.57503
480.62074
481.3814
480.74445
521.50703
480.89763
481.35137
521.69615
481.65032
481.13864
481.44729
481.46375
481.53494
480.89257
481.0172
521.52355
521.45034
481.1235
521.43364
521.46316
481.02117
481.29083
521.46492
481.39998
480.95249
481.36188
480.96865
481.34051
521.51015
481.28782
521.44514
481.59201
521.47765
481.52797
481.21136
521.58834
481.30082
521.50269
481.11275
521.54869
481.38276
481.2498
481.4598
481.07793
481.43495
521.61292
481.04328
481.3664
481.34816
481.37136
481.44829
521.69021
481.1507
481.59132
521.38375
521.48204
481.41027
521.39277
521.58786
521.48218
521.51101
521.43276
521.51552
481.18797
481.6132
481.37487
481.49997
521.41761
481.1889
481.33322
521.4205
481.16373
481.18759
481.31867
480.94085
481.2701
481.01799
521.49876
521.53419
481.14077
481.16246
481.19312
521.38615
481.3598
521.85133
481.85514
481.42639
481.32187
521.42134
521.3877
521.41162
480.51605
482.22395
480.8267
481.18347
481.42857
481.35805
521.43796
481.21092
521.50013
521.46204
481.53067
481.0729
481.27781
480.79505
480.9748
481.35136
481.50502
521.45135
481.77301
481.37112
521.4723
481.67162
521.3421
481.15692
481.82498
521.49575
481.23018
521.43287
521.55054
521.55717
481.54013
480.26828
481.89029
481.09627
521.09851
521.5823
521.61095
481.71694
482.04762
480.92243
521.82967
521.75906
478.25498
481.24738
521.52113
482.84604
481.55037
480.76063
520.19953
480.83414
483.10767
481.7678
480.70552
521.80212
521.88932
480.36414
482.13999
482.3531
482.04703
522.79558
481.77008
483.1351
522.0128
522.03397
519.36741
480.27606
520.08928
524.56253
521.72066
481.91908
480.51663
523.38617
480.61102
521.15502
480.41193
482.02816
481.41175
521.78065
480.21806
480.34105
521.51287
480.38235
521.70111
481.26952
480.85382
481.1645
481.39079
480.67496
521.73431
488.77475
521.7696
480.81026
481.47095
521.98999
480.87175
521.91513
480.96102
522.2281
480.2633
521.8118
480.9993
486.5928
519.78712
487.22061
480.55114
481.35335
480.78478
481.19196
481.31929
521.8276
480.55905
482.0359
482.90383
521.82205
481.02097
521.72898
481.82264
481.94265
481.33342
521.6245
521.7284
480.63836
521.65158
480.82884
481.26011
521.74037
481.58796
481.00538
521.74562
481.0823
481.3063
521.52285
481.09577
481.3282
481.57775
521.58047
481.25911
481.24985
521.66011
481.34517
521.65347
481.37629
481.23047
481.46545
481.57398
481.27345
521.92098
481.54003
481.46821
481.56943
483.6664
477.99312
482.12114
479.27928
521.79024
521.85256
486.17806
480.58839
521.79738
481.56508
521.83944
521.70833
521.67872
481.53411
480.9891
481.28804
480.8173
521.77926
510.76521
524.88841
521.88893
480.71591
481.03641
481.13136
480.8613
521.76061
480.68897
480.665
481.12288
480.95283
481.32388
521.68686
481.01423
480.89668
481.06692
481.01578
481.15852
521.69172
480.58083
481.4987
481.43568
481.05258
521.84243
525.53188
521.75407
480.7874
521.85419
480.55563
481.14097
521.81874
521.81746
480.85141
522.07597
523.9775
522.14699
477.07432
521.53989
480.81142
480.82586
481.37092
481.08882
480.83097
480.96941
480.9264
521.75903
481.6893
480.69904
482.30432
481.17756
480.82164
480.9924
481.59682
481.74696
481.22384
481.21153
480.87435
521.80722
521.89823
481.33379
480.76501
480.74245
523.4143
524.88881
521.87775
481.0739
481.4961
521.85407
481.23804
480.47391
481.30543
480.86248
481.4178
480.39396
481.01437
481.13164
521.83122
521.87169
488.23588
481.3543
521.99647
481.41774
480.96484
479.61722
521.9251
481.40869
481.42808
479.63302
483.1553
478.92354
477.99103
483.1818
479.62013
478.06406
520.16353
479.02969
480.40346
519.17454
480.531
477.07755
521.88084
521.317
482.46367
480.63634
480.62907
482.05278
478.97939
482.04767
480.85044
519.93671
524.5391
479.20583
525.03277
518.51705
482.51817
483.22233
503.47128
478.22066
479.3396
480.97286
479.4948
475.25742
462.3018
483.48766
521.51628
479.88827
479.55025
521.7069
479.48546
482.60595
522.10778
479.51743
522.57816
481.41874
521.53674
477.30604
480.46676
482.63982
480.23264
521.97728
521.43817
480.63941
481.39799
483.86395
521.33679
480.07827
478.16713
488.87596
479.78205
479.39931
479.64246
522.22698
479.61104
488.60675
478.82755
482.80021
521.55266
480.45903
487.98529
479.55832
521.67246
487.10456
480.89021
521.47581
477.47413
477.41101
521.37782
479.30484
481.31126
484.73391
478.13596
479.68469
480.17819
481.04152
525.95962
487.1746
482.01832
479.95581
520.65992
522.36619
481.51387
521.22107
480.67957
487.90928
521.93678
483.2001
522.13748
478.29523
477.11625
524.81476
481.37475
523.19289
479.18432
478.44344
525.93105
479.29244
478.7481
480.4465
479.10066
521.20123
523.24593
476.77552
525.11015
479.88582
486.87468
523.25643
523.61606
510.69459
487.75705
502.91108
479.19547
519.98944
517.84702
446.34494
510.70753
479.79634
482.24174
478.78159
478.13923
524.88007
522.608
521.48211
480.03206
523.15381
480.04569
522.96542
477.24917
522.64453
475.99085
480.11107
446.95648
526.71346
476.74958
480.19284
481.35724
516.68575
481.23006
475.68472
480.07582
474.10135
484.27723
481.71034
486.3604
518.33275
522.77627
480.37737
480.39711
523.10776
478.9466
475.30871
519.73973
481.70127
484.13493
477.47078
482.02268
523.63792
482.06695
522.89568
478.2673
522.6994
482.95046
491.53565
482.91447
520.99928
480.60471
480.6732
479.6169
478.11462
481.6152
523.18976
477.9008
480.60355
481.19941
482.00712
489.10409
481.17612
483.08634
487.00556
477.28137
527.29353
513.57777
504.88837
504.04419
442.99805
442.32192
519.12284
478.64163
511.09981
444.23243
508.22617
486.1505
488.31358
516.29504
437.32129
440.74315
440.03003
442.74043
482.67966
477.42421
522.01483
479.48515
480.36535
475.11208
475.86195
519.97512
523.25853
511.24613
457.83253
489.9198
511.37328
521.7219
481.96003
521.02803
516.44457
479.29907
478.27039
517.3737
479.40046
481.81574
486.73322
486.92634
518.41366
483.39397
491.58438
480.93318
478.93861
494.06643
479.64848
503.43916
477.40452
481.9911
523.23537
480.58077
519.41379
479.27518
520.54949
516.8896
443.02076
473.68109
518.02122
521.35443
480.7328
518.20556
520.52829
482.61346
481.33632
523.98028
479.16911
481.37024
479.22097
507.12172
522.50431
522.43022
480.8924
490.21067
479.31266
477.31418
419.42365
522.46937
517.07237
483.40939
481.74346
477.1692
480.14309
511.17853
485.43907
505.84398
444.43498
504.16761
481.91724
489.40068
521.37703
479.83544
477.72618
480.85628
479.49184
479.53233
479.74611
518.7414
480.52086
482.88088
491.55093
483.58168
483.70466
479.7339
482.09687
486.23259
523.29867
481.31143
482.47727
522.38328
479.99006
478.75566
524.0238
482.4704
480.28093
481.13435
481.75386
522.90133
517.24107
519.60748
521.647
472.04252
520.13437
469.99485
488.39021
520.21798
475.97965
479.75021
523.5041
522.95254
481.8693
480.45278
481.61624
480.99538
521.47716
480.65199
521.12502
429.35792
489.88076
437.12731
504.4378
481.71107
470.2595
518.90494
505.02682
504.15432
476.30383
452.86059
449.43442
445.2937
504.38873
480.28321
487.56201
479.41574
481.94931
487.56909
476.46237
523.99185
482.1259
510.56533
510.84877
476.71133
481.91619
480.71358
520.42135
480.54198
480.31467
481.02767
482.14237
477.43852
482.3074
521.90668
482.60766
479.8479
519.75169
519.28373
480.21641
481.43122
446.18131
480.14936
480.89657
478.89421
521.0407
480.6881
518.90124
518.08954
505.08808
482.7634
522.31192
486.99379
479.51071
478.21898
482.58796
519.77754
510.9354
526.93133
481.83258
480.83699
482.10677
477.46836
446.31049
522.35536
521.96057
504.78352
446.91583
447.38736
521.06708
444.16776
504.32171
446.81519
478.09498
477.79308
482.30675
524.28154
482.11933
521.93377
524.88218
521.48469
521.53874
480.6756
520.79707
521.32081
476.5241
480.16991
479.14769
521.25304
483.55507
521.78463
481.04864
522.11233
482.2908
480.00361
523.21968
480.91991
479.31223
479.288
480.12579
481.97285
479.38145
482.92723
480.72625
521.57716
522.58036
521.4178
479.90268
477.617
482.84524
522.09292
482.45202
481.99421
481.98259
521.85517
482.17835
522.41143
478.65386
521.53206
482.32763
481.76932
483.02959
521.67439
480.04495
480.47836
481.43391
482.9174
521.75067
482.84983
482.00302
477.8695
522.24547
479.01471
481.27976
481.62555
479.86759
521.75922
521.77049
521.52854
479.32931
480.90919
479.59781
482.14599
480.41595
480.49163
482.3399
521.56105
481.55886
479.82161
521.59541
521.5263
481.59777
)
;

boundaryField
{
    gate
    {
        type            fixedValue;
        value           uniform 508;
    }
    vent
    {
        type            inletOutlet;
        inletValue      uniform 298;
        value           uniform 298;
    }
    cavity_wall
    {
        type            fixedValue;
        value           uniform 313;
    }
}


// ************************************************************************* //
