/*--------------------------------*- C++ -*----------------------------------*\
| =========                 |                                                 |
| \\      /  F ield         | OpenFOAM: The Open Source CFD Toolbox           |
|  \\    /   O peration     | Version:  2512                                  |
|   \\  /    A nd           | Website:  www.openfoam.com                      |
|    \\/     M anipulation  |                                                 |
\*---------------------------------------------------------------------------*/
FoamFile
{
    version     2.0;
    format      ascii;
    arch        "LSB;label=32;scalar=64";
    note        "nPoints:22708  nCells:67165  nFaces:157038  nInternalFaces:111622";
    class       labelList;
    location    "constant/polyMesh";
    object      neighbour;
}
// * * * * * * * * * * * * * * * * * * * * * * * * * * * * * * * * * * * * * //


111622
(
65075
65101
65121
2250
2831
11419
4466
15071
61871
35366
35376
35426
15578
61764
65815
3630
8548
8549
17560
1824
13411
13415
13434
64612
64616
64626
13170
64765
64869
27007
27097
27499
51577
51603
51645
1838
6160
13431
362
27463
35437
8527
26531
35448
35457
27409
27418
27726
436
27701
27719
28803
33910
33960
33995
27689
27696
34716
27389
27395
27513
27727
27736
34675
34901
27429
34666
34771
8525
34321
35393
27742
27761
27762
27826
27391
27405
27410
27454
27569
33982
34652
254
34721
34728
34780
34768
34903
34948
32
28825
28873
51557
64473
64544
29263
33921
33937
34719
37
13864
29139
35014
35130
35170
236
28828
34730
27474
27482
34915
6265
6267
52855
8241
32157
32183
6301
6305
34968
29133
29140
29166
8479
34259
34265
6223
52865
52989
53024
64
6301
34983
8538
34920
34960
34993
64473
64477
64537
12056
12063
29175
33750
1860
13828
13841
68
35091
35093
6305
34935
34958
51934
51960
52011
31950
32118
34522
87
34615
35321
56
35159
35182
26948
26949
27567
53132
53133
53170
35035
35041
35135
3242
34480
34493
35102
35122
35173
3126
35165
35157
35165
35283
6324
32235
35012
43000
43008
43013
43072
34612
34613
34614
35327
3599
34608
35297
6974
42211
42212
35093
35112
35138
6311
35027
33502
33503
33622
26491
42878
42890
8498
35340
35371
8224
35101
35138
35075
35303
35321
35329
32137
32179
32202
34479
34499
34502
34507
32278
32286
32321
33357
7196
42677
42732
34232
34251
35026
13225
14238
52257
26795
26832
34412
34423
166
42960
42964
7312
26518
35252
35511
26823
35364
35423
7270
26530
35510
3907
35207
35279
26510
26513
35347
35380
49356
49364
49835
13131
14957
22843
3298
35226
35356
26516
35260
35336
35426
35301
35315
35317
139
26528
27062
35473
27727
27753
27765
247
27582
27601
3429
27317
27336
27342
3575
4138
35346
27300
27392
27446
27311
27365
27376
27054
27055
27056
27078
26561
44049
44116
35653
43937
44289
44025
44028
44052
44238
7416
36812
44178
362
27438
35367
35430
115
26554
26567
26753
26501
26505
26512
26538
26520
26539
27059
26727
26906
26927
26528
26535
26546
63380
63382
63387
27439
34630
34636
35422
197
27086
27136
27138
26887
26924
27457
27500
27509
27544
27620
27347
27357
27448
35504
8490
26838
26917
27025
27132
27350
26496
26498
26505
26792
26529
35518
26830
26848
26863
141
27056
27096
26638
26750
26915
26876
26878
26879
26884
8545
35347
35349
35380
8490
26842
26943
215
1882
22843
38440
146
4117
26592
26691
3798
4180
26840
26551
26588
26606
26618
26681
27073
138
3696
26605
1025
15571
35107
35578
44042
44046
44053
26933
35285
35358
35363
167
26582
26723
26584
26598
26718
143
26710
26856
26661
26672
27103
27109
27010
27025
27129
27348
3228
21032
22650
47993
7591
26702
26712
26715
7325
26612
27024
26872
35470
201
3463
26642
26648
26632
27067
27068
4172
26658
26669
26684
26730
43697
3317
4038
26677
26692
42564
44077
44091
4058
26604
7347
7354
26719
43718
26699
26701
43693
26996
27116
27134
27164
3986
27146
27147
26954
27013
27014
27147
27154
305
27177
27216
27324
26697
26891
27124
26717
43733
43769
26695
43684
43782
43783
26751
26756
26801
26802
43681
43698
43733
7324
26646
26653
26926
43062
43066
43088
43388
43389
43398
4054
27099
27109
27132
4206
35801
35821
27408
27435
27468
27525
7331
7384
26736
42955
43537
43828
26562
26584
26756
26851
26893
196
26541
26544
26546
34361
34442
34448
35160
178
27377
34325
26911
26923
27478
7369
35548
35552
35559
4266
26929
27377
43998
44010
44013
27441
27461
35486
35500
34918
34921
35404
26918
27478
43423
43445
43513
43522
3761
26965
27144
3304
36806
43064
4066
27013
27014
4054
27092
27105
27118
7359
43727
43763
35260
35285
35358
35372
4266
27377
27483
196
26539
26540
8520
26966
35254
35369
27215
27224
27241
26978
26981
27007
7326
26591
26694
26698
27134
27153
27319
27349
26521
26618
26632
8458
26949
27494
34290
27343
27357
27365
26539
26608
27039
27322
27012
27077
27350
27030
27045
27048
27175
27308
35503
35504
26754
26855
27319
27334
27458
27188
27191
27204
27865
26995
26999
27011
27133
26614
26680
26685
27989
28040
28044
28422
30748
30755
27037
27039
27044
27048
27272
27273
27859
27243
27279
27328
27205
27293
27346
27368
27289
27297
27317
281
27269
27447
27814
27860
27888
27896
13131
51911
27224
27229
27241
351
27301
27354
27385
355
27681
27769
27692
34715
34722
34724
28824
28827
28850
3223
13547
13565
27495
27561
27583
33986
27005
27038
27097
26921
27463
35413
27237
27238
27521
27531
27625
27900
28160
27850
27861
27933
27956
1746
12561
52994
67070
27698
27747
27750
27781
250
34926
34966
27643
27662
27903
27624
27871
27872
27877
26921
35432
35435
27593
27599
27600
27602
33974
33991
34001
34729
34731
313
27645
27901
27913
27605
27671
27674
3927
27599
27607
27628
27904
28162
27655
27669
27925
28217
433
29308
29310
28229
28306
28338
29301
28174
28180
28190
28307
268
302
27918
320
8460
33910
33960
27590
27593
28778
28798
34716
28853
28893
29137
8540
34610
35076
409
8442
29257
29266
267
28083
28262
28789
364
28806
28839
28877
34742
34743
8489
27476
27479
27568
27686
27704
28195
28205
28806
28823
28850
28867
3947
27486
27493
27510
3661
27414
27427
27585
27751
27820
27823
27829
28682
28786
27779
27786
28786
27789
27801
27805
27944
27665
27668
28182
28200
28778
28812
34699
293
27819
27822
28682
307
310
27648
27910
27927
28787
28794
28807
29298
28531
28606
28616
27267
27304
27886
27902
27942
28082
423
13791
22650
279
27835
27836
27889
344
28734
28750
285
27248
27250
27936
300
27867
27870
28276
28505
28521
28524
27851
27855
3319
3479
27888
27272
27832
27778
28078
28080
28709
27775
28689
28790
27844
27855
27959
3926
27264
27268
296
27943
27961
27929
28003
28151
27435
27452
35409
27326
27763
27866
27931
298
27268
27868
27934
27244
27873
28163
34764
34831
34848
27792
27831
27644
27654
27780
27872
27874
27876
3763
27851
27937
3926
27228
27249
304
27846
3763
27940
27941
27954
3428
27879
27916
28109
28126
28185
28692
27919
27923
27974
28146
28148
27264
27859
27167
27170
27176
27096
27151
27322
3186
28579
28689
28171
28203
28221
27794
27970
27995
27786
28792
319
28043
28113
28465
28701
28769
28785
27649
27927
28393
28453
28491
28139
28480
30630
27835
27837
27899
427
27739
28263
28818
28620
28622
28669
28899
28279
28505
27589
33975
28016
28017
28028
28484
28511
28513
28712
28717
393
28968
28970
28743
28760
28764
28769
30809
30845
30910
28533
28562
28584
30554
30567
30600
30902
29253
29305
29315
29352
28297
28314
29396
28608
28639
28919
28399
28402
28404
28138
28158
28159
28683
344
28591
28592
28597
27251
27258
27284
27401
613
28443
30630
27649
27909
28189
22094
22178
30788
703
28283
28295
28643
30578
30623
30744
28574
28658
28659
28898
28196
28878
34697
30688
30718
30793
22294
30774
30819
30913
29336
29247
29343
29431
28264
28271
28284
28493
28556
28576
28580
30561
30600
30662
30508
30599
30603
30741
28460
28489
28525
3633
27385
27821
28730
28731
28781
28239
28257
28805
28687
28696
28706
28722
3927
27605
27688
360
28813
28821
28839
34852
34898
34903
12059
34867
34868
34950
29107
29145
29149
422
28833
6233
49775
49782
8527
35498
27696
28791
28818
3164
28823
28567
28575
30576
30589
4181
35140
35239
35332
422
28856
28862
28981
28982
29011
8440
29307
29311
3228
13212
13698
28936
28939
28992
29276
1898
30174
30302
396
29088
1870
29017
29022
29044
29385
29708
29718
6310
28967
29129
29210
3220
34981
35034
29250
29305
29488
440
28639
28897
468
1868
29766
28957
28958
29033
28882
28969
29123
30173
30210
30319
31947
32318
33374
29722
29723
29736
30829
28298
28301
28317
28333
29245
29248
29254
13866
29088
29089
29090
395
29489
29521
29530
29397
29680
29719
30153
30163
30196
30236
30083
30104
30182
30184
28852
28858
28983
11661
29622
30068
29490
29519
13866
29093
28835
29119
29120
29205
1870
29026
29087
28976
28989
29009
30838
27693
28793
33899
33827
33831
33874
33880
438
6312
13903
13905
8433
12079
12080
442
29271
29532
414
29171
29548
29549
3831
12014
12080
12100
1929
13838
13860
13931
2940
8446
12063
29238
29265
4019
11700
12098
29644
29919
29926
11703
29234
29536
2870
11740
13873
11727
13869
29160
29531
29545
2853
11731
12098
34121
34126
34145
34165
8438
34718
34736
429
29311
29317
13867
29168
29549
29231
29246
29249
29303
28820
28847
5104
16025
22308
8448
33856
33945
33947
3775
29186
29255
33688
33765
34876
27712
28705
28819
28879
29297
8444
28252
29437
34941
34945
34970
34975
28614
28640
28767
645
30840
30848
30918
28220
29284
29302
27665
28174
28182
28307
28173
28805
28811
27746
28710
28645
28752
28795
12997
13845
29473
29482
29713
28608
28622
28761
3928
33889
33909
34704
29158
29229
29237
11726
29534
29539
12064
33734
33737
33769
8431
12072
29184
3793
29407
29472
29527
29397
29693
29719
13867
29168
29540
29459
29533
29545
27586
33976
33995
28224
28323
28629
28956
30214
30505
4171
12014
12081
11285
11664
11689
29496
29518
29618
29630
466
11744
13909
29077
466
11794
30067
30169
30224
30304
29027
29033
29035
30184
526
834
29848
11692
29662
29684
3989
29731
30897
536
559
30119
30125
1746
4376
12561
1905
29601
30058
29084
617
28993
30506
29770
29788
30854
30856
30891
30909
3668
29643
29849
30335
30154
30157
30161
30188
475
29664
29732
29737
29732
29752
30238
11642
11646
11654
11666
29767
30865
578
30510
30537
30230
30496
30858
30103
30114
30150
502
29738
29747
583
22138
23098
18273
29815
29816
30344
29805
30374
30377
22175
22186
22268
30692
692
22482
22860
820
23133
23149
29802
750
23099
23103
501
23134
23149
490
29841
29917
22072
22078
30901
18232
29828
29914
30885
30898
30927
22059
22130
22249
503
29771
29844
11622
11629
11644
11858
11299
29908
29911
611
657
30919
30531
30532
30597
11299
29564
29903
29884
29897
29905
11659
11730
29508
29588
17875
23254
29812
503
4004
1261
29821
29881
29884
29905
11647
11649
11660
29585
29931
29940
29943
29951
23131
23138
29796
29808
13991
29570
29576
29918
30103
30105
30117
30132
16339
23313
29888
29897
30341
30352
30364
13916
14016
14121
3674
11672
11674
29580
834
29848
29850
17885
29812
29822
22093
22095
22101
3868
10168
11337
29566
30037
30039
1893
11604
11676
30095
30112
30121
30128
802
2209
3187
10196
29845
29917
29936
29977
30034
30351
538
1244
11278
18221
11371
16167
16209
16252
29874
29911
1726
1908
6005
12613
1903
30031
30064
14022
14038
30026
30035
30008
30009
30332
13985
13987
14116
14340
14068
18287
18295
18300
14023
14025
14050
638
18240
29947
14013
14051
14056
547
30180
23253
29852
29870
18245
18263
2872
30291
30352
17868
18241
29961
11693
30030
30070
546
11662
29567
29604
11320
11321
23227
29893
575
13945
13957
13973
548
30096
30099
13991
30053
30121
30125
30149
553
30088
30113
29930
29945
30146
2794
11353
11684
579
3360
11659
13906
13908
13911
29047
29071
27592
33896
33897
33900
28962
28963
28990
30035
30036
30317
34913
34971
35077
30234
30251
30533
638
1891
2872
30171
30303
30318
30286
30357
30433
17873
17878
30309
30309
30358
30364
30431
30440
30486
30420
30432
30440
30528
30571
30598
30541
30552
30569
30649
22828
30417
30487
1199
3408
29944
805
22227
30438
30551
3576
22108
23112
29780
3189
30244
30299
30432
14053
14058
14085
30034
1884
29133
29142
29210
13930
13938
29690
29712
29714
583
22096
22110
23111
30263
30518
30624
11650
11663
29587
17908
30446
30449
23014
23089
23092
23206
22211
22407
22452
22253
29930
29944
30331
30467
30468
30469
30557
3189
30432
30435
30457
677
700
22201
22210
28948
28965
29003
29404
30062
30063
30067
27930
27933
27935
6853
10075
12554
67062
22241
22260
22360
28729
30230
30497
30706
30716
30736
30751
30236
30243
30258
30436
3099
3101
30786
30903
787
11282
11285
29925
27751
27753
27766
29777
30246
30415
614
30743
30753
30767
699
796
22260
22269
681
1006
22232
22247
22156
22158
22382
22174
22181
22239
22296
22287
22292
22297
22298
22276
22279
22290
30706
30711
610
22282
22266
30717
30721
615
22276
22045
22127
30899
622
22328
22496
28128
28139
28532
28409
28434
30755
22305
30702
28589
30611
30750
28940
29724
29321
29332
29416
8437
8445
29278
29292
12087
29218
33812
30681
30685
30818
731
22300
30605
30823
30921
632
22178
30784
30802
30558
30559
30566
30644
30845
30881
30910
28056
28071
28527
28751
30223
30854
30870
22272
30727
30735
30759
2859
22081
22084
22132
2871
22128
22385
23096
30785
30817
22055
22161
23096
17876
29762
29773
29826
30253
30273
30328
660
721
852
3103
22828
22831
30422
30180
30333
17913
22831
22848
30167
30292
30550
2857
29563
30039
22045
22066
22127
22180
1927
3452
7426
667
717
17904
30408
30845
30876
29837
29855
29910
828
22097
22112
22129
736
22224
22417
22152
22164
22167
22387
22499
22860
22882
653
654
22392
22399
670
22353
22373
22862
768
22141
22859
23082
22140
22156
22383
29669
29703
30256
22059
22072
22131
22144
22383
1868
29766
29824
23100
23101
3792
22236
30685
23067
23078
23100
22212
22217
22218
729
22448
22479
22493
22846
22867
22873
22177
22275
22305
30705
22824
30396
22350
22357
22483
22442
22469
22670
22363
22887
731
22331
22347
28409
30618
30750
28067
28611
28718
22289
22331
22195
22198
30492
3099
30812
30917
22361
22379
839
22155
22262
22278
22321
22330
23069
23212
732
22427
22429
22437
22281
22286
22166
22319
22345
22384
22203
22228
22244
22526
22241
22242
22246
22286
4092
22117
22119
22433
22481
22487
22522
689
22408
22413
22440
22801
22821
22886
22415
22453
1005
22428
22606
993
22601
22607
24922
701
22464
22682
22190
30698
30818
30914
12555
37008
38711
53191
22616
22618
22678
22196
22229
22256
22280
24775
24828
24842
24844
24849
24921
22287
22292
22313
22259
22379
1010
22468
24845
24848
24860
28291
28292
22475
22521
22524
22502
22675
23114
22513
22531
22608
22255
30446
30455
22568
22617
22676
946
24433
25032
28599
28632
28922
30590
3161
22494
22503
774
22690
22866
22439
22542
22667
23065
749
1744
38440
22507
22532
22545
22615
28440
30782
30917
17911
22822
22658
22689
22692
22722
729
754
22422
22634
22652
22726
22742
23010
23100
24472
24477
24517
24728
22600
24843
24887
25050
762
948
24934
25056
24878
25081
25084
22787
22790
22871
23039
17978
25080
25164
26449
22529
22663
22701
22488
22527
773
23052
23074
22302
22496
22428
22669
22666
22677
22721
24886
24888
24892
830
22768
22784
22140
22146
23080
3795
22659
22684
999
22961
22965
22715
25065
25070
25098
1226
17987
19300
22717
22719
24893
1245
1260
18069
17989
17998
18040
1150
18068
18075
17950
17979
18001
833
22986
23008
23030
18062
18085
18190
1271
17980
17981
17984
12600
52096
3548
23094
30480
30482
30483
30484
777
23078
23085
23088
972
1228
24998
25408
22431
22672
23578
23586
23652
24027
22992
23031
23205
17987
25880
25886
1025
1842
12620
16399
1327
17947
18025
24312
24317
24321
24324
24936
24947
24951
24962
24917
25034
22567
23038
23044
22645
22698
22702
25078
22711
22723
22796
24746
24753
24769
24807
1259
17853
17896
776
22116
22399
22611
22613
22964
1209
23523
23542
25103
22740
22791
23053
25074
25142
25844
23067
23073
22466
22880
22972
22977
23034
22115
23088
23062
23076
1222
23051
23210
3103
3548
4216
841
25078
25095
827
23023
23050
23054
28504
28520
28712
28733
17898
30329
30358
30389
970
24686
24786
3548
4216
22118
1220
17628
23194
23441
11284
11289
4036
23196
23198
1220
23187
23194
23482
23029
23036
23195
23122
23193
23196
23203
1213
23187
23188
23482
22352
22357
22369
22451
3408
29931
30362
827
23016
23022
23050
3975
22262
22278
23446
23451
23481
23512
1215
18047
18257
23162
23185
23189
23213
17923
17928
18029
22807
847
18200
18229
11325
11326
1186
16347
17777
3771
11270
11277
11671
30540
30597
1890
17867
17900
30348
22071
22133
29775
18164
18227
18250
22087
29779
29787
30288
16320
16343
16669
10041
10055
10149
10056
10079
10143
16616
16622
16714
849
2622
10094
10097
2594
10090
10113
23367
23377
23405
17609
18051
23553
23398
23402
23490
23493
13202
13203
23494
23157
29801
2502
17694
17733
10015
23421
23621
835
23702
23705
9659
9997
10005
23391
23474
23476
2522
3246
9737
23617
22988
22121
23081
17973
22910
23001
17955
22777
843
23126
23150
1217
1890
17862
17881
22989
23016
29563
29908
23619
23622
23639
22570
22573
22574
24846
11332
11367
11369
11685
25002
25004
25005
22176
22297
17853
17887
17920
17932
22698
22700
22723
23385
23401
23633
23651
23123
23127
23200
17836
17891
18021
18198
23530
23543
23548
24985
24183
24192
24279
18196
18642
23414
23419
23434
23635
10111
10114
906
23694
23695
23397
23670
23698
23020
23099
23584
24014
24984
17610
24030
26468
23656
23671
25010
10114
10115
10126
1168
19268
23922
2638
10051
10065
23514
23515
23562
10003
23640
23656
9615
23875
23881
9712
9736
10067
899
23609
24222
1168
9999
23923
23925
1180
2246
9994
867
3823
9622
9782
2520
9816
9451
9459
9587
23838
9726
23686
23695
23699
23592
23660
23679
24194
9312
9393
9649
903
23592
24194
24204
1795
12620
52096
23771
23787
23957
994
23824
23858
23989
979
24186
24331
9378
23896
24054
9385
23683
23690
23691
897
23803
23763
23792
23798
24288
24223
24249
24251
24294
952
9620
23736
2557
24171
24182
25015
23800
24246
24247
2542
24229
24231
24250
9374
9381
19334
17634
18034
24060
9644
9647
9666
23739
23818
23829
23880
23819
23834
23846
23853
24575
24688
25308
23801
23805
24241
17682
23793
23863
24162
898
17682
23863
24143
9471
9519
9608
23838
23850
23853
23857
2542
24245
3182
24152
1035
24207
24217
23756
23761
24234
9452
9469
9496
9584
23844
23846
23860
24195
24197
24225
24228
24276
23684
23744
23755
24036
23693
23712
23962
9380
23885
23974
3182
23785
23814
9418
9500
16460
17710
4106
9384
9404
990
17664
23960
9614
9728
9733
1072
1214
18028
23979
23986
23990
24161
24227
24235
24290
23720
23724
23732
23739
58415
59024
59509
24006
24165
24212
23933
23944
23949
24017
24020
24034
9295
9395
9406
10091
23438
23617
1131
17576
17615
17621
3433
17666
23938
17574
17624
17626
3433
17689
23948
928
17346
24106
24135
1184
24360
1035
24181
24217
24233
961
24216
24284
24301
24335
24416
24453
22901
22905
24978
24192
24213
24377
24979
23928
23931
23938
1137
19242
19357
24299
24322
24368
24369
9432
9439
9517
23599
24989
24992
25128
3370
16372
16424
17033
9377
9423
23782
23875
24095
25006
25011
24361
24362
24382
9434
9475
9608
2516
24363
25025
24110
24137
24355
24370
4116
25033
1037
25438
25454
24933
25044
974
24467
24475
3452
4532
13144
23758
23799
24208
24230
9617
9667
17614
17804
17832
19290
23665
23667
23676
23715
1068
3937
25872
9579
9601
9607
9648
24261
24273
24276
24311
24346
24453
24460
1043
25092
25106
25867
9388
23610
23616
23629
17674
24185
9615
23887
23901
24457
25016
25461
24231
24235
24250
24281
24293
24327
25026
24373
24382
24484
25025
24314
24352
24376
25019
23976
24199
24222
3516
3867
17673
24792
24834
24912
24112
25442
25452
24342
25002
17995
24094
24961
24364
24449
24463
3282
24357
24378
25434
24440
24710
24769
24335
24405
24416
3081
3657
24690
25152
24332
24375
1033
24407
24490
24947
25001
25463
24413
24469
25484
25419
25421
25422
25431
25433
25441
3287
24746
24769
25035
24718
24739
24744
1228
24351
25028
25349
25392
25605
25300
25304
25320
17637
17667
23965
24669
24682
24825
24617
24731
25178
22605
22649
24924
24148
24243
25212
25290
25297
25309
1108
24573
25188
25313
1015
24780
24791
1225
25121
25834
22966
22970
23037
24389
24403
24418
25314
25358
25360
25184
25276
25753
3303
24661
24671
25055
23526
23600
23604
25006
22426
22501
22672
22281
30651
22960
22972
22975
23028
22795
22800
22814
22834
18010
18013
18018
22464
22668
22673
25248
25256
25263
25363
16439
17346
24106
25057
22598
24903
24908
22739
22745
22785
22928
24776
24796
24863
1227
25852
25861
22768
22771
22774
17968
25826
25837
25897
25378
25465
25495
25598
25185
25186
25191
25220
25123
25131
25215
25391
25908
25992
26020
17967
25211
25228
25845
25796
25875
25989
12594
1158
25742
25782
25821
1129
25782
25822
25825
22720
25085
25097
25098
1049
18016
25796
25690
25722
25724
1036
4099
25263
24896
24910
24938
25161
1152
24410
25336
23015
23018
23029
23105
24215
25246
25267
1038
25441
25439
25502
25516
24361
24386
25429
1506
24061
24062
1052
25609
25697
1050
25324
25381
17970
25113
17968
25855
26004
25256
25287
25302
19144
19501
26309
17658
23921
23930
23988
1241
25819
25846
25741
25791
25816
25380
25423
25600
22236
30815
30930
25367
25707
18015
25852
25865
21118
21132
21143
17982
25541
25543
22637
22651
22653
1075
25127
25759
25991
1096
1405
26169
26195
19133
26226
26235
26240
25684
25706
26102
25684
25723
26102
26098
26100
26106
26111
25786
25790
25850
25807
26000
26003
1073
26009
26012
26019
25584
25587
25591
26064
26123
26127
26139
25135
25160
18016
25861
26260
25607
25697
25701
25986
26000
26005
18023
18074
25671
26096
1100
18008
18038
18073
25215
25219
1119
26158
26228
17989
25878
25886
1418
25877
25882
25998
4115
17853
17920
18215
3320
22955
23513
17849
17850
17924
17939
17964
18025
18026
18043
1260
18070
18148
2234
18370
18398
17165
18007
25957
25996
19217
19247
19431
19275
19287
19288
19381
1289
18418
19164
19505
19481
19510
25975
18115
18132
18390
18080
18099
25903
25993
19420
19434
19437
19441
1132
25979
26427
1156
18078
18090
25926
1097
25930
25945
26317
9311
26185
18095
25939
19409
19477
19483
3861
19493
19508
18017
18076
1408
26264
26266
26268
19491
19492
19518
25639
26118
26140
1116
26062
26105
19372
26083
26128
25669
25670
25676
25698
26071
26203
26204
4037
24572
25277
26015
26017
26127
19737
26198
26200
26217
25189
25204
25297
25718
19764
26076
26077
1115
26063
26086
26128
19353
26066
26124
26133
26055
26061
26193
26093
26114
17683
17684
17688
26009
26012
26014
26138
26232
26233
26243
1434
3982
19500
19401
19416
19422
19614
19626
19812
19344
25661
26037
26103
19349
19361
19384
19392
19216
19245
26165
19243
26056
26065
1422
19373
19389
1621
19031
19059
25746
25779
17597
17604
26422
17581
19709
18033
26426
4675
20788
20794
19479
26025
26032
18114
26283
26428
15468
15486
15672
1405
9022
26204
19138
26214
26301
1229
25915
25918
1334
18688
18769
18193
19513
19515
19077
26370
26380
15722
15728
15814
15820
1976
18992
19044
18108
26394
26397
26401
3141
18030
18032
1353
18754
18818
16373
17594
17606
26382
24780
24798
24864
24881
18066
18082
1330
19115
19117
24420
24454
2239
10100
16379
26206
26208
26209
26278
2476
17589
26435
26444
25919
25947
25535
25557
25578
25868
25756
25788
1204
18038
25906
25737
25740
25876
17592
18034
26471
26477
2745
10763
15603
15617
16382
17753
17778
17618
17649
20143
23622
23634
23696
2528
10594
24052
17740
17747
17772
9720
4188
16373
17599
24108
24112
25442
25470
25471
25474
26462
9999
23905
23908
23925
2607
9738
10095
2545
9417
19128
10088
23347
23377
2600
23663
23976
17986
18013
18018
18114
26403
26419
1182
23392
23408
2580
9996
17701
17705
17822
17641
23391
8991
19011
19015
19093
24135
24184
25457
2545
17649
17732
17752
17767
17818
1233
17739
17812
18009
18024
18068
18073
18044
18068
18071
16333
17787
18727
17793
17795
18460
17771
17780
17782
11301
11334
18735
19094
2174
2212
16364
10100
16277
16370
10146
16356
16370
18413
18417
19157
8863
10298
16291
16632
29930
29932
16543
19239
26374
3149
19152
19153
19160
1214
17893
18257
17840
17864
18204
1242
18008
18079
22983
23009
23055
1258
30433
30550
17916
17931
17962
30368
25106
25860
25910
22909
22919
12566
22756
28955
38640
17973
17976
18035
17947
17959
18081
23185
23191
18030
18042
17855
18053
22797
22864
22866
17861
18253
30291
30323
30375
29961
30339
30345
23485
22172
30665
30699
30790
3690
22990
23007
23031
23542
24874
22277
22359
30471
25159
25217
25344
17996
25880
25909
25856
25858
25032
18080
25947
25641
25787
26156
18226
18231
18642
17899
17931
17938
2238
17803
17811
1252
14081
18338
18369
14158
18301
18351
25580
25586
25612
25622
25895
25980
25998
1253
18127
18353
17718
17721
17724
17738
1272
18124
18352
18744
25521
25532
4189
18083
17860
18264
18642
18272
29991
18063
18177
18235
17879
17889
18029
2215
18219
18250
19091
19172
26355
1272
18347
18730
24408
24409
24516
26000
26021
26064
18339
18454
1351
18184
18194
2197
18357
18378
19525
25926
25947
25995
26241
18370
18377
19525
14046
23308
29987
29994
22090
30280
4115
17836
17894
18054
4004
29827
1264
18164
18262
18346
17750
23288
23366
18250
18261
1311
18503
18645
18653
1293
19038
19047
1321
11351
14040
14112
2215
18168
18272
11315
29886
29912
16355
17754
17756
17950
17997
18156
2213
11307
17777
23365
29890
29894
29913
14069
14077
14078
14156
18308
18326
18328
18806
16165
18625
18655
18666
18113
25931
25934
18111
18133
18136
1621
17032
19007
18681
18756
19069
11360
17762
18738
18739
19479
25976
26306
18393
19025
19515
18283
18347
18730
18463
18477
18491
18649
18455
19540
20943
3409
19520
19529
18438
18444
1388
1534
3147
19901
19165
19176
19554
19122
19153
19163
4201
19068
19124
1314
39286
66461
19112
19239
26374
1708
21257
21448
1298
21383
21390
21387
21394
18507
18511
18515
19587
19635
19666
19625
19751
20275
18559
18560
18562
18517
19546
19584
19611
19944
20316
1440
20916
20931
18533
19567
19575
20315
14067
18293
18315
19578
19579
19593
19637
1483
1516
19569
20935
1501
1505
18982
19060
18459
18863
2201
18508
18511
1440
18966
20937
21375
1350
14987
52413
4223
18982
19060
20927
21365
21370
21381
21389
18540
18542
21360
21378
14146
14166
14222
18598
18600
18603
18695
19080
19104
14027
14048
1725
1755
21783
21835
14185
21356
21878
18865
18907
18909
14061
14066
14076
14084
16179
18608
18609
18620
17979
18031
11670
16386
23217
19316
19646
19758
19010
19023
19234
19070
19079
19095
14614
16106
18774
18780
18473
18555
21026
16152
18781
18784
1578
18687
19074
19110
18344
18699
18727
19079
19080
19090
19099
19049
19064
19068
19124
3915
18701
18703
2226
17693
17707
17722
4221
16053
16062
16166
16171
16210
16219
16333
17759
17766
16171
16176
16662
1353
16162
18780
2211
18907
18939
1354
1665
1924
18606
18620
18622
21865
3017
12261
12273
1404
42237
18173
18237
16169
16206
18774
18780
18772
18798
1967
16084
16114
16035
16055
16244
21291
58113
58116
20994
20999
21031
2118
19962
19970
20980
14573
21069
21877
21058
21065
21078
14185
18622
21341
18922
18923
18927
16159
18766
18804
15860
16223
16256
16694
18565
18575
18578
18652
16125
18783
18808
3302
19123
19127
18316
18323
18342
18685
18688
18751
18882
1703
18910
18924
14548
63311
66147
16107
18767
18833
18872
19092
19123
19125
20828
20839
21010
19053
19089
19124
1659
2535
20993
21465
20915
20931
20957
18923
18931
18951
18958
14084
14178
16180
18994
19029
19052
18426
18443
19526
1621
17032
19056
16125
18683
18684
3980
18860
18918
18926
3839
18949
21105
21109
15899
16296
16313
16650
1395
19024
19027
19888
19919
13204
13262
24056
58107
58108
58119
2104
15025
15035
17994
18014
25890
25925
18096
25914
25924
25946
3435
18405
19506
19006
19117
19119
19178
19194
19536
1399
19184
19185
19916
19154
19197
19231
19177
19554
1472
19187
19190
19411
19206
19225
19237
2000
14679
15305
1509
2081
14702
14774
25303
39257
4733
1453
18096
25951
25952
3150
19138
26308
26208
26277
1410
19859
19865
19869
1548
2454
1465
19649
19695
19704
19718
19743
19875
19770
19774
19779
19866
19754
19757
20153
19130
19502
26213
17611
17639
17644
3984
19767
19785
19873
17987
25866
20152
20183
20185
19768
19769
19779
1495
19471
19547
19394
19439
19745
17289
19242
19283
19284
18112
18117
18137
18192
3436
8039
8214
2477
12670
66486
2215
18250
18259
25373
25374
25420
18656
19066
21406
19137
19155
19174
19233
17240
19057
19122
1476
19599
20027
18371
18398
18447
19508
26270
18322
18323
18629
18668
18672
18678
19082
2211
18867
18907
1510
3866
19924
20093
1970
19126
19172
26323
20958
3584
16120
21016
4223
19048
20920
21037
21056
21082
19557
19599
19616
19633
19812
20150
20312
1504
19492
19550
19559
1568
19978
19983
20001
19835
19886
20055
19876
19904
19929
1493
19521
19550
19619
1536
1537
19337
19364
18832
18842
20960
21044
25929
25942
20173
20214
20226
19406
19483
19485
1524
38643
38677
26312
26327
26339
3871
19868
20289
19460
19580
19639
19825
19829
19830
2411
20171
20183
19838
19857
19910
19607
19942
19944
20290
20031
20063
20104
20289
19643
19753
19782
19188
19280
19885
25185
25189
25191
25204
1717
19693
19824
19875
3726
20191
20238
25792
26232
26272
20058
20060
20067
20160
19793
19859
19438
19447
19480
26026
19843
19865
19881
2191
19841
19878
19911
19615
19661
20196
18490
19520
20943
3299
19436
19650
19816
19592
19942
20307
19836
19895
20057
20167
1507
20058
20159
20160
19202
19411
19531
19565
20337
19539
19543
19563
19889
19898
19904
20901
20902
20912
20926
20714
20725
20896
20909
19946
20045
20049
20019
20030
20036
2146
3981
16837
19463
19528
19624
20043
20198
20236
19535
19559
19195
19198
19203
19286
1569
19521
19555
21028
21035
21045
21050
1987
1988
15272
15280
14479
14501
21145
21147
1651
20771
59040
59055
18970
18974
19931
19933
19036
19909
19870
19891
19908
19945
20040
21113
19503
19506
18997
19036
24991
25450
20057
20070
19914
19927
21112
14744
14749
1718
19943
3866
19927
19931
20093
2191
19876
19879
19560
19584
19590
20029
20064
20688
20744
20031
20033
20055
20104
21377
21388
21443
20323
20372
20471
18893
19031
19033
19037
1701
4223
18896
20927
1914
20333
21485
19965
19971
19994
21556
14924
14953
14970
15062
20893
20913
21429
12670
66461
20371
20377
20379
21497
20396
20400
21501
21526
20276
20296
20347
20348
20354
20358
20871
21392
16392
20606
20633
20690
19842
19848
19854
1547
19940
19941
19943
20877
20906
1550
16392
20678
19184
19919
18116
18382
18394
18403
19338
19352
19329
19342
19390
19297
19374
20153
59801
59812
59824
3343
19807
19828
19837
20134
20158
20161
20162
20531
20543
20578
20191
20193
20212
20299
19673
20168
20206
20202
20206
20214
19973
20050
20349
1563
20026
20039
19843
19861
4708
9293
20748
20761
1570
20619
20639
4610
20388
20399
21510
59075
59092
59114
19950
19974
19976
19985
20182
20211
20299
4737
20480
20481
20491
1683
21507
21509
20256
20470
21414
20281
20341
21531
20396
21533
21545
4787
59669
59697
59707
1567
4736
59283
1587
20539
20551
20571
19886
19949
3882
4825
20092
20108
20133
1575
4736
20563
20553
20563
59245
19974
19982
19520
19522
3569
20700
4741
59282
59311
59831
1575
4739
20675
20683
20021
20084
20620
20621
20631
20638
1577
4731
4800
59201
59794
4232
20577
20683
18715
18719
4736
20646
20675
1581
1582
20696
4739
20631
20675
4710
20646
20455
20522
59293
20208
20231
20240
20286
4460
57577
57578
57580
20604
20617
20683
20690
4153
20567
20585
4793
59730
59750
59753
59706
59735
59743
59855
20194
20217
20744
4786
16910
59146
2118
20855
20872
3266
12758
66226
2047
3354
4832
15572
20661
20899
59134
59135
14852
14886
15276
20776
20789
20794
59664
59681
59951
4583
58183
58435
58522
59728
59744
59745
4648
58465
58506
4692
59512
59922
1610
20755
20772
2243
3192
17801
17829
6498
6857
6877
66974
1667
59887
59890
19459
19548
19617
4675
20778
20794
58434
58438
58441
58443
4707
59026
59034
4649
58838
58854
59941
21547
21552
21596
4615
21202
21206
21211
4203
20820
20838
21432
21438
21621
4833
59703
59815
4752
20736
20753
20766
1685
21346
21493
1624
20840
20971
18541
21368
21374
18997
3093
3387
21455
20884
20885
20910
20835
20991
21012
1722
12761
58024
58112
20373
20375
20488
20874
4000
21489
21496
1666
1669
21234
18574
21354
21493
3837
3979
4566
63231
63234
63376
4587
58261
58285
1679
4847
58233
18829
18832
20960
21048
1765
15967
21086
21088
57500
57588
59660
2002
4158
14447
14493
58090
58095
58119
21258
21290
21292
21424
16111
21049
21877
3471
18615
18874
19698
19710
19829
14475
20109
20700
16022
16137
16226
4758
57907
57925
58121
58123
58127
2787
14161
14186
16140
21950
21951
22014
14479
14491
16253
21145
1765
2051
14443
21000
59042
59074
1965
14528
14592
1654
14491
14524
14482
14574
16253
20329
20330
20333
20337
21140
21148
21153
21171
21185
21190
21194
3387
21244
21370
3837
20992
21440
58663
58672
58676
58771
2012
14807
66465
4823
59876
59916
59958
58244
66284
66292
66301
3870
3873
14567
14640
16084
16122
16250
21188
21219
21241
59874
59881
59910
21157
21164
21165
21170
21195
21212
16394
21077
21093
4533
20805
20814
20816
58450
58496
58506
14799
58440
58521
4626
14794
66756
21253
21262
21622
16994
20968
20991
3139
20845
21433
15087
15095
15113
15161
4123
4564
58487
14440
20804
20807
20821
20803
21222
21240
12764
17245
21221
21487
21488
21501
1745
21583
21636
21336
21347
21856
21867
21871
21790
21791
21857
21867
14509
14514
16991
14207
21858
21863
4584
58356
59454
59503
58249
58261
58308
1951
14402
14627
14731
4624
21544
21596
2094
14566
14568
14607
16124
18623
18827
21865
1967
3159
16065
18463
18476
18500
18503
1731
21615
21671
21137
66613
66617
18917
18946
21041
21375
18984
19028
3852
20032
20272
20284
18900
18909
18939
2099
3964
20842
21555
4598
21461
21620
20254
20470
20499
20360
21412
21419
21332
21348
21350
20193
20212
20247
20296
20333
21377
21382
21405
3345
20699
20715
20719
21605
21653
21668
21499
21525
21535
21552
21587
21682
66200
66231
66259
20287
20293
20322
19695
19718
20203
19921
19928
19643
19656
19784
1945
59598
59635
59640
20661
20667
59126
59134
58041
58042
2188
14415
21161
21162
57510
57552
57951
59594
21801
21804
1750
12600
21607
21631
21635
21785
21617
21634
21654
21657
13037
63537
63564
63743
3965
4377
21869
4545
21668
21430
21532
21601
4416
21625
21661
21776
4442
21578
21586
21697
65616
65619
65634
21684
21728
21809
65334
65339
65350
65374
13054
63576
63612
63627
4517
57568
57750
57850
20391
20429
59588
59631
14188
21306
21353
21355
21253
21471
21492
21495
21102
66210
66252
1851
1882
18313
4521
21626
21649
4288
22761
1753
1797
13260
21721
21755
21769
21778
4493
57616
57713
1927
3452
14206
21756
21809
3390
21641
21644
21869
21701
21724
4494
65484
65487
65493
21843
21872
1768
3815
21819
21969
13069
21820
63826
64111
13242
21715
64985
65002
21722
64962
64966
21584
21649
21672
63521
63606
65306
21479
21508
21613
13712
21887
21890
21974
21725
21741
21743
21767
16063
4388
21675
21766
13088
13137
63745
63778
14218
21876
1797
3541
13260
21743
14183
14224
14327
1790
21933
21959
22002
57681
57687
57781
21942
21945
21958
21963
1814
14244
14331
21834
21949
21957
1800
1856
22003
1778
14204
14227
14246
14220
14245
4001
14291
14298
14301
3747
13724
21976
21995
13232
22008
22013
14268
14273
14302
1917
13594
13609
13792
13085
13361
13686
3818
13720
21897
12760
21052
58215
14243
14332
21927
21928
1803
21740
21746
21808
3396
4500
57733
4423
13220
13726
14283
21934
13100
21920
63810
4027
14327
18595
65301
65303
65345
65351
1810
1842
2732
4318
64913
64925
1912
13019
63123
63435
13207
21750
21769
13362
21995
22023
3474
13286
64943
58071
58077
58099
58121
22009
22011
4204
13233
13250
65289
62757
62774
63093
64201
1826
13298
64913
64921
3366
13283
13728
13347
13363
13636
13657
13192
13422
21999
22039
29122
52096
20911
58270
58296
58367
13707
13709
13788
13252
13255
64935
4049
12980
14276
63690
63705
63751
65317
1856
13279
13362
21990
13266
13276
13366
13257
13728
21998
22025
21807
21825
21876
13287
13293
13360
3539
13466
13632
13456
64068
64414
64250
64591
64623
13378
13409
13314
13322
13450
13280
64920
64995
65013
65034
65036
13300
13321
13325
64904
3199
13336
13453
64319
64647
65190
4367
13250
65000
65197
64352
64361
64447
13285
13318
13663
13156
64769
64792
64809
13369
13424
13440
4311
13476
13482
13508
51950
51968
51986
13413
13427
13428
13652
13655
13662
13701
13679
63911
64037
13504
13520
13543
13782
23802
13200
13595
13608
13628
64082
64129
64427
64449
3692
13684
13703
13776
49637
49650
49684
1850
8463
33468
52919
52945
52950
1858
13568
13589
33286
33670
13144
22761
13330
13406
64063
44568
53202
53206
64810
64814
64819
64825
1882
22761
51911
67070
13192
1917
13689
13777
13572
13606
13669
13254
13258
13259
13422
1873
14313
2182
4049
14259
13735
13815
14298
4274
13660
13734
14280
5853
50660
52227
1879
12932
13967
14338
63103
63121
63150
3905
64330
64344
64889
29748
29751
27595
33846
33951
34897
29016
62686
62748
63049
11699
13939
13967
14310
14335
13103
64158
64161
64169
13081
13717
13787
8347
33543
33559
33625
29191
29203
29221
33793
13848
13897
13936
14313
12099
29057
30116
63107
63158
63843
13343
13655
13656
6310
13887
29140
11997
62754
62782
13907
13919
13920
14020
1907
13966
14121
1894
1926
11790
30886
30893
30895
30926
17907
30145
30181
13915
13918
13947
2855
11688
2899
11750
11754
2881
14103
14175
1900
11610
13858
14303
14310
14335
30224
30509
3521
11748
11763
13929
13975
14317
3409
19543
19546
19382
19403
19484
13910
30032
30035
16109
16110
16159
29603
30052
11385
15903
15905
13940
14019
10855
39872
18612
21340
21356
16184
16197
16198
16203
14202
14221
21932
13229
64962
1962
14552
16083
16103
20345
20360
21405
1916
13001
13087
4120
13138
13594
13683
11282
29906
29922
29925
13084
13293
64919
4421
65275
65603
13903
13918
13925
13990
13987
14122
14326
10301
15875
16223
16095
18820
4302
64580
64696
11731
11750
11763
6005
7971
20818
65753
65788
13863
13885
13948
2864
3727
11853
11590
11598
11608
11690
13686
13737
21886
12694
66376
66549
66558
14564
14597
14602
14628
12763
16058
21128
12743
58682
66819
66821
14725
14726
14733
14784
14347
14348
14493
14598
4655
21216
58572
58599
14440
20820
21222
20968
21007
21449
3567
66525
66530
21155
21158
21205
59100
59121
59861
4755
59569
18861
18921
18926
12700
14349
14446
14538
14555
14650
16072
2125
3404
21128
14449
21181
58604
12754
14355
4644
58677
58719
4625
66529
66898
67011
2023
12607
14956
14408
66706
66707
2685
16866
16868
16912
17949
45110
45196
15697
15698
15713
15735
12894
14811
67047
4006
20806
20817
21215
3403
4558
21142
14537
21068
16061
16062
16064
16157
59477
59503
59940
14580
14638
16079
20236
20890
20986
16121
2096
4264
14646
4599
66396
66397
2259
19113
12731
14604
14608
14610
14592
14602
14628
16078
2508
63389
63395
66115
14567
14605
14619
14640
12731
14610
14626
14685
19035
19052
19114
14677
14690
15270
15326
15359
15364
15943
2170
15985
16823
16869
62001
62050
62051
12734
14689
15292
15323
14666
14682
15300
14666
14678
14688
2100
13028
15962
15963
1992
15287
15306
12850
14749
14819
15266
15309
15266
15288
4600
14342
66384
66403
10837
61942
61948
12760
58215
58289
2562
14668
15288
14547
14572
14589
14353
14434
14454
1999
3485
14601
16915
66395
66411
66453
14603
14606
14725
14538
14555
14569
16042
14712
14716
14664
14674
14688
4165
14631
14635
15978
12698
14487
14381
14385
14740
14756
14770
14776
14784
66216
66291
66339
19184
19909
19916
21103
14441
21157
21164
21232
19305
19381
19814
14942
14961
14965
2322
14810
14853
14866
12634
12768
67150
14817
14857
14865
14743
66350
66455
14913
14992
15157
15229
12593
66000
66420
36348
38966
40872
15015
15132
15149
14690
14876
14877
14566
14604
14607
14608
12570
12817
14787
66505
18917
18943
18946
21025
42715
43581
12623
14970
15062
12828
51182
61280
64806
2034
15106
2044
2087
14919
58263
58267
58269
14874
15265
15302
15097
15099
15171
12826
15140
31030
5739
12134
12162
12526
62139
62257
63280
12611
61828
61831
12812
15101
15570
15646
12829
15013
15015
53972
55323
66469
20993
21011
21024
12575
52301
52306
52676
61966
61968
61994
12712
40809
61852
61853
15032
15042
15046
14925
14928
14950
14965
2078
3530
15233
15107
15108
15135
15648
49279
50870
59698
2049
15565
4459
57449
61779
61782
15536
15550
15635
4706
20742
21540
21086
21101
15480
15481
15486
15649
15662
15664
2102
2469
15083
15130
12801
15544
15631
9331
15114
15118
15121
19274
26279
26288
26315
14954
48316
48552
61845
15637
62188
62594
5812
49101
49539
2327
15641
15643
15216
15427
15452
10743
15735
15751
15202
15431
15465
15382
15460
15772
15351
15386
15436
15450
3805
12825
15060
2109
15935
16007
16012
15166
15228
15239
62184
62193
62258
2733
3262
10764
3203
15559
21189
21199
21212
14997
15028
15157
12639
14846
14847
14879
15207
15208
15215
15953
7254
12551
14811
14899
15250
4705
14827
14837
15090
15569
15586
15598
14749
14816
14975
14995
15008
20969
20971
21010
15167
15173
15225
2127
3559
10823
14521
14531
14545
14583
3040
3530
15164
15475
65832
65880
65896
66104
66197
66218
12733
66003
66423
14653
14662
15303
2150
15927
15937
16011
15203
15216
15485
14550
14625
15734
16794
16821
16040
16048
15365
15762
15785
15807
15788
15790
15830
21234
21238
2172
15975
10879
15812
15825
12852
15082
15170
15187
15194
15222
15016
15033
15763
15812
15825
3826
15454
15939
12700
14450
14451
11453
63292
63354
3680
15929
2712
2723
15655
15663
15664
15677
15683
15710
2742
10818
10823
10856
10867
10873
2138
15719
15727
10791
10798
10804
15550
15551
15560
15600
20910
2722
2730
10709
10776
12132
12156
62654
3563
12801
15629
16898
12612
15060
15159
32886
32891
32919
32958
8316
8345
8360
14503
21218
61756
61788
61940
2742
12189
48765
60830
61280
64806
4832
15650
15678
15685
15732
15738
2293
2734
10874
11238
61938
61963
61972
10891
10893
16807
16817
58588
58633
58679
11225
12844
15490
2148
3502
16049
2318
15520
15525
15582
15718
15742
16784
10433
16776
16831
15798
15803
15913
16296
16650
16654
16690
15773
63294
63308
15384
15920
15940
15894
15897
16248
2203
2204
16684
11455
15918
15919
16046
63347
63389
2157
13011
16010
2208
15870
16742
15936
15998
2172
2183
15929
15982
2157
2804
15907
11852
62171
62573
62577
2656
3681
10982
11006
15184
15205
15211
15485
11382
11387
11389
11516
2839
15281
15283
15284
62018
62040
62073
15983
16008
16015
2163
15985
16054
16823
4551
16085
16150
4264
15993
15090
15176
15592
16163
16169
16192
16206
4643
14765
67153
15934
15936
15938
3446
13015
15981
12795
61873
61875
15977
15987
62031
63278
65948
15930
16240
16260
16325
16245
16264
16081
16086
16133
14896
65932
65937
12987
13026
63383
14588
16080
16096
18819
17096
19711
20059
21121
2184
14151
63161
4259
14098
14124
14150
13001
14304
14306
3851
16050
11835
12985
63145
15666
15677
15712
15910
2196
2521
16262
57907
57916
57919
21171
21239
13968
63373
63382
16014
16017
16034
19928
15763
15767
15770
15783
14219
18577
18589
18625
2195
2521
16175
16166
16171
16308
16160
16168
16173
18356
18379
18756
18873
19069
4098
16158
16263
14609
14624
14639
16044
18998
19564
11680
16207
16347
10255
15853
16715
3809
15855
16310
16312
16326
14101
14105
14148
2210
10191
10198
11305
2796
16229
2617
11325
10187
11319
18889
18911
4211
16205
16231
9122
16350
15859
15862
16232
16247
18256
11306
11309
11320
11321
2621
10137
10253
2675
16622
16714
10121
16367
16383
3453
11495
11517
2808
11390
11459
13095
2612
10186
11317
16209
16260
16325
8863
10298
16295
16311
16608
16693
16724
17073
10099
16387
30135
30149
30165
30356
17775
17779
17789
19178
19536
19787
2523
4130
16672
2631
10179
10195
11319
16523
16627
16629
10121
16279
16293
3283
18397
19525
3728
9306
10058
2525
9264
9269
10126
10127
10140
17802
17831
16371
16415
16423
10040
16273
16494
3684
9736
10067
17591
17607
26465
17786
17798
18149
18185
18189
18209
23299
23302
23309
23314
2530
10014
10030
16431
16461
16483
4840
16582
19183
16722
16730
16737
11414
11418
16481
16525
16666
9312
9396
9649
16558
16562
16565
2475
3649
9805
9894
2511
2607
10002
23914
23936
23981
16516
16538
16551
2569
3529
9294
19162
19163
2716
16556
16585
17159
2356
9252
9820
2356
9820
16561
17041
17044
17050
17093
15777
15810
15813
2691
16757
16773
16774
2644
10307
10309
15870
16673
16742
2677
10516
10704
9964
10212
10219
10237
2284
10263
11405
3232
16501
16525
16629
2641
10330
10346
10944
2648
10322
11404
16592
17100
17110
9274
9669
9681
10300
16699
16705
10320
10327
10947
15321
15336
15356
18905
18921
18924
3842
16572
16584
9400
9534
9669
9865
17105
17128
2463
2671
3371
3809
15836
15837
9221
9250
9746
9867
15389
15406
15940
10977
10987
11441
11483
16841
16995
17017
16843
16917
17003
10711
16864
17060
10683
16838
16840
8888
8895
9024
9169
3028
10883
9147
9151
9158
2657
2665
10955
10955
10956
10966
11423
2656
10919
11004
2632
15768
15771
15778
10358
10363
10753
10892
11431
11433
11461
15649
15691
16933
10683
16852
16977
16868
16897
16912
2768
3123
11139
11154
2958
10778
10795
10887
65837
65858
65879
65884
15516
15527
15661
15702
16807
16808
16817
2492
10498
17228
2623
2643
3994
10215
4253
4297
10582
2371
10552
16934
17030
2690
10534
10578
10566
16962
16974
16950
16954
16960
17008
17009
17061
12844
12854
16874
16876
16974
2400
17037
17047
2482
17259
17472
14808
14865
3444
17242
17259
2484
3822
10500
10596
16941
17027
17038
17063
16902
16909
16928
16929
4208
15584
15645
10662
16940
17063
19673
19728
20204
2339
17250
17332
2439
8857
8967
2499
9316
9515
9259
9275
9315
9534
9147
9164
9166
2357
17221
17224
17241
4224
9212
9225
2697
10479
10482
10492
10545
10555
10603
17248
17468
2689
3655
10611
2443
8754
8764
8840
8839
17376
17448
65259
65266
65281
17223
17224
17241
17243
8869
8878
8885
9184
3816
15418
15775
2375
10593
17455
2450
9002
9036
9078
9230
10498
17145
2579
2667
4226
10133
10340
10367
10371
10928
8785
8809
8881
8967
2475
3649
9700
9912
13203
23494
24958
8844
8852
8899
8927
9250
9746
4050
9874
16751
17074
17092
17106
8845
17281
17351
8851
8873
17226
17267
2578
17223
17254
8681
17284
17349
8732
8736
8740
8843
2412
17342
17472
10503
17556
17562
4159
8557
8592
8751
2369
8676
8684
8688
8649
8653
8660
8700
8683
8689
8693
2418
8690
8718
17300
10568
10694
8755
8812
8843
10543
17278
17286
17339
8819
8820
8821
8925
10509
17454
9822
9868
10133
10523
10528
10530
2383
9754
9755
2495
2544
9090
17404
9839
9852
9869
9776
9822
9871
8910
8929
8932
9082
2480
9750
9845
2558
9768
9780
9887
10630
10638
10647
10676
9863
9873
10021
9788
9835
9838
13355
21961
21980
10426
10626
17061
9824
9864
16547
16555
3655
10581
10585
10602
3654
10496
10502
2676
2747
17475
10542
10606
17505
17012
17031
17052
10564
10693
17481
8633
8656
8671
8642
8647
8666
8717
8727
17290
17054
17068
5141
52994
53420
8696
8752
8758
8659
8664
8673
3844
10473
17104
8634
8637
8646
8694
17242
17350
17468
6117
10538
17489
17497
8634
8646
8652
8771
2482
16940
17329
8579
8599
8669
20103
20144
20176
8810
17333
17335
17355
17384
17386
17391
2485
2543
9009
9016
10567
10584
10601
8711
8713
8743
8556
8575
8842
8683
8705
8833
17425
17446
17465
8768
8774
8953
8655
8763
8828
8845
8859
17262
8705
8708
8850
25325
25382
25416
25488
8576
17372
17382
8854
8860
8986
8919
17354
17387
52756
67032
67033
8737
8742
8773
8787
8727
17270
17291
8999
9015
9027
8987
9000
9001
9168
8826
8832
8835
17385
8809
8853
8857
17357
17378
17381
17477
8968
8992
9024
8601
8622
3231
8574
17453
8854
8855
8864
8884
8888
8889
8959
8727
17269
17290
8788
8849
8855
8967
8571
8784
9223
16564
16580
17107
9190
9200
9202
9239
17199
17203
17216
15629
15652
15657
16898
10504
10508
10588
17421
9090
17388
17402
17404
9010
9511
9100
9104
9105
9129
2513
4034
9014
8763
8772
8848
8954
19802
19859
19864
10513
10525
10527
9888
10529
10530
17415
2470
2525
9314
9849
9059
9595
9598
9661
10442
17044
17050
17328
9030
9041
9593
2478
3532
9507
9558
8909
9766
9771
2783
10430
9902
10064
10261
2692
10484
10485
10623
3743
20776
20785
20796
2539
9075
9155
9146
9151
9177
9281
15197
15199
2524
9872
2479
9753
9795
2572
9756
9776
9830
2585
8803
8934
17760
17776
18248
9802
17571
17592
8499
52555
52770
9484
9491
9502
2503
9748
9755
9747
9754
14810
14819
15279
10662
17335
9025
9102
9148
2689
10602
8994
9029
9170
9173
9174
8788
8879
8885
8834
8916
8935
8902
17381
17467
8813
8824
8890
8943
9297
9298
9299
9320
9874
17234
9797
9809
10022
2610
9672
9696
9731
8904
9775
9561
9562
9685
9729
9376
9391
9429
9619
9313
9516
9537
9303
9536
9543
9793
9838
10020
3079
9430
9475
9525
17700
17730
17733
9833
9886
10435
16601
16608
16724
9789
9800
9986
9717
9988
10009
9795
9797
9804
9886
63358
66186
3701
9098
9284
9554
9644
9666
9782
9709
9723
9741
9253
9277
9300
9147
9158
2576
3684
10011
10066
67022
67060
67069
67073
17674
24137
24355
17795
19238
26399
23933
23944
23984
9575
9661
9707
9725
10005
16173
16308
9815
9817
11420
16652
9264
9807
9308
9342
9329
16455
16476
24081
24088
25444
13222
23961
24028
2631
10185
11303
9994
10066
19739
19754
19757
17950
17953
17981
9546
9668
9670
9781
2550
3711
9269
4566
16994
9562
9568
9594
9685
9406
9412
9585
9727
23886
23909
2540
9007
9000
9070
9130
8998
8999
9026
23806
24246
8983
9552
9775
9847
17651
17713
9057
9065
9095
9056
9551
9553
9458
9461
9605
2614
9089
9183
9767
9268
16474
16542
9292
9807
9872
3111
9206
9254
9889
9678
9694
9989
2570
8931
9074
9167
2605
9580
9600
9627
9463
9469
9634
24183
24377
9772
9777
9019
9511
9455
23855
23861
23874
9306
10059
16480
15271
15305
9719
9726
23699
23704
9326
9328
9358
23594
23663
23762
24015
24020
24035
59739
59744
59745
9424
9517
9526
9234
9278
9300
8908
8966
3285
9117
9162
9833
9845
3895
10456
10513
10517
2582
9703
10025
10509
10526
17454
9738
10008
2599
10004
10025
17268
17429
17451
9829
9852
4051
10012
10136
10108
10130
16376
3230
3684
10066
9315
9317
9400
8900
9760
17397
8799
8942
8955
9224
9856
9890
2759
9877
17132
17235
4226
9878
9955
2677
3260
10519
10940
2670
10262
10267
10316
9831
9837
9848
9904
10086
10261
9457
9459
9472
10062
10087
10096
18865
18888
18907
9981
9982
10018
3234
9894
9897
3286
9904
10261
3176
9909
23813
24234
9860
9876
9891
9971
10052
10055
10149
23248
23288
23294
9995
9998
10016
10095
9633
9662
8796
8808
8943
9709
9988
2674
10206
10260
11333
17033
17704
9674
9675
2800
10248
10257
10182
10194
10121
16294
16311
9088
9780
10161
10175
11342
11396
16329
16359
16377
11317
11338
23050
23052
23209
18225
18231
18263
10038
10072
10148
10119
10132
11395
3407
10096
10225
11403
10428
16702
16707
16604
16686
16706
2687
10216
10416
15856
15866
15867
9979
9993
10068
10084
2633
10164
10281
10285
3062
9750
17401
11324
15769
15822
2637
11410
9674
9687
9698
9787
2639
4025
10014
10030
2637
3050
10279
2642
10285
10114
10126
10035
10053
2831
10330
11419
10331
10949
2786
3050
10225
10328
2645
10279
10284
2815
10309
2648
10326
10346
10364
10733
10747
10756
10328
10329
10378
10398
10722
10907
2705
2736
10742
10751
10382
10418
10423
11433
11437
11461
16855
16884
16992
10387
11406
16849
2719
10349
10386
10449
11003
10941
10942
10948
10410
10411
10412
10598
10619
10698
9920
10064
10261
9865
17113
17114
17122
2783
10438
10516
2717
10457
10458
10459
10721
10749
10756
10926
10942
10946
3843
17132
17135
17153
9851
9852
2694
2717
10495
15802
15829
16680
17081
10230
10272
10438
10475
10514
3895
10506
10527
17436
17456
17475
17495
3689
10240
10241
16574
16620
16667
10496
10499
17437
10489
13195
13213
13724
22020
10058
16498
16627
9952
9961
10238
10242
10562
10601
10658
17476
17486
17491
17492
17480
17485
17503
17545
10608
10616
10617
16875
16971
17004
10387
16793
16849
10218
10945
2699
10483
10507
10653
3822
10622
10535
10570
10632
16746
16748
10476
10598
9947
9948
9962
9972
10479
10492
10493
17021
17023
17039
8692
17199
17207
10490
10596
10675
10678
10713
3822
10490
16917
16931
16992
2713
4231
10655
10668
10663
10667
10670
16938
16952
16972
10723
10737
10781
2724
10740
10625
10641
10664
10686
10641
10664
10678
10684
10561
10661
10691
2712
3261
10709
10412
10471
10620
10698
16990
16998
16999
10772
10651
10688
10692
2729
10759
10778
10788
3113
16822
16860
10078
17125
10515
10335
10369
10424
10744
10731
10906
10951
10952
10958
10854
11266
11470
10777
10779
10666
10669
10751
10752
10757
2737
10774
10895
10557
10603
10631
2728
10755
10768
2730
10682
10736
4166
10780
10785
10890
2760
10764
10767
10774
12619
23802
10782
10880
10882
3028
10848
3895
10456
10458
10459
10746
10781
2960
10733
10745
10866
10933
10935
11264
10874
10877
10921
11238
10838
10862
11215
11234
61889
61936
61972
2777
10935
2744
2758
11244
11245
10858
11239
15607
15627
15669
10452
16764
17089
17094
10499
10585
10602
3233
10468
10519
10940
10504
10525
10527
10520
17048
17147
10412
10620
10640
10748
15332
15972
16973
11464
11502
11504
11195
11200
11230
2959
3922
10792
10803
10873
10877
11004
2848
2902
11084
11258
11262
17121
17237
10782
10895
15900
15928
15973
16049
4196
11022
12862
11438
11439
11448
2767
10972
10977
11441
12948
62860
62900
2845
3355
11509
11613
10992
11046
11160
12182
11861
11875
11880
12280
11075
11506
11507
12920
62194
62209
62862
5755
11044
11051
11081
2972
3132
11104
6453
8297
32786
49212
49262
49269
49308
11157
11165
12203
12506
11233
11264
10189
10270
10306
10831
10838
2968
2981
2988
3363
18231
18263
17841
17871
18253
10211
10465
10312
10325
10331
10947
11602
13003
63254
2819
11376
2827
14162
2798
11355
11358
11365
3691
11590
11591
14046
18269
29984
29986
11608
11681
11690
13074
11617
11637
11638
3675
11560
11599
11348
13029
12971
62592
62629
62636
11392
15849
16675
13954
13983
16212
3156
11681
11290
11699
11834
10037
10239
10268
2833
10309
11419
11381
11386
11459
3531
11355
11365
11633
15911
15914
16236
3472
4283
11362
11606
3052
11402
11417
11532
11840
11841
2832
4283
11677
29977
30023
2813
11418
11426
2840
3358
11462
2813
11461
11494
11440
11474
11417
11462
13095
3050
11416
3531
11366
11558
11633
13956
13983
14340
11366
11460
11558
11592
11346
11394
11401
3050
11394
11416
10458
10495
10506
15988
15992
16001
16047
10654
16936
17246
4102
10383
10995
11364
15882
15915
3200
11574
11619
11836
14140
14161
10771
10895
10896
2838
11435
11562
15866
15867
16337
11422
11426
11354
11390
11612
11414
11416
3069
11158
11169
9850
9869
9890
10898
15697
15709
15713
3058
3131
11479
11601
11448
11451
11456
15877
15902
16010
11457
11564
11356
11359
11678
3678
11110
11132
11597
11607
11635
11696
11407
16757
17097
11498
11567
3414
11506
12856
3040
12806
15232
11103
12253
12260
2972
4048
12262
3202
62496
62553
62572
11844
11847
11897
11898
3365
3767
11706
11755
11724
11737
12006
13997
14015
30051
2937
11607
11696
11651
11656
11663
29574
29850
29937
13888
13904
22096
22133
4247
13923
13946
11515
11565
11571
13865
29051
29057
29947
30027
30135
11748
11760
2921
11773
11786
12094
29171
29539
2903
12025
12027
12097
2888
11795
12061
3999
11711
11713
13844
22052
22137
30320
3280
11865
11894
11527
11533
11536
11576
11587
11599
11630
62103
63204
63245
13814
13853
13884
3000
3356
11866
11872
2882
11787
11792
12061
11868
11879
12255
14147
14239
14329
11793
12082
3441
11920
12286
11881
11896
12286
8436
12050
12052
2925
3932
11907
11984
2999
3878
8424
11720
11739
12093
12009
12016
12078
11913
12010
12018
3365
11722
12096
12015
12016
12085
13102
3731
30334
30355
10875
10908
10997
3359
11617
11625
2903
11986
11998
12025
12009
12078
12106
11821
11887
12250
11746
11747
12003
12013
12051
4021
11856
11865
11066
11082
11103
12101
12292
12305
12334
12941
2950
62611
62617
12365
12372
12386
62457
62470
62491
4002
4272
11893
12301
5756
12298
12305
12334
5794
8346
12397
4166
10775
10785
33341
33744
33948
34883
33559
33563
33567
11973
33608
33623
33636
8378
8512
32218
33516
33538
33604
33621
5819
12047
12404
11856
11861
11880
11882
11948
62967
63079
12441
49242
62293
62306
3611
11769
12420
12433
12459
33662
33682
33731
12411
12434
33089
11819
12018
3828
12370
12424
12011
12388
12945
11908
11966
11990
11974
11986
12000
3631
12002
62914
4272
12276
12301
12360
12013
12027
12051
11889
11917
11934
11915
11916
12302
5791
11905
11935
12386
29293
33829
33842
11674
11688
11816
11838
12003
12102
12001
12029
12043
2999
12048
12058
2951
12509
12510
2988
3357
12229
12918
62457
62470
62492
12307
12470
12483
12485
11888
11890
11989
12380
3005
12320
12345
12288
62816
62817
62829
62165
62574
62575
62587
11954
62496
62513
62495
62511
62836
12529
12885
12354
62522
62534
12113
12125
12317
3032
12129
12146
62500
62524
62583
2957
12335
12528
12129
12133
12484
4129
10752
10797
10894
10747
10895
10357
15706
15711
4105
11468
11509
12275
12315
12361
3678
8317
11554
11083
11116
11524
3132
11117
12248
10681
10845
15669
16933
3020
12225
12237
2993
12510
12528
14645
66143
66178
3212
11151
12246
11114
11151
12153
12157
3007
12509
12510
12238
12266
12290
2984
3001
12272
12356
3024
3351
12209
12211
12241
12481
3772
11014
11135
3007
12122
12486
12489
12236
12237
12283
12258
12265
12277
12514
12898
3020
12319
3032
12135
12146
4160
8350
12545
8327
12483
12493
12223
32097
32115
32220
56639
11169
12821
62230
62234
12341
12466
12493
8331
8389
33501
33535
4110
12885
12452
33210
33245
33254
32825
32852
32955
12014
12021
12024
12100
12289
12291
12362
3006
8397
12376
12381
8446
12312
12991
12319
12438
12071
12073
29172
12471
12472
12478
12891
62333
62348
62381
3009
3942
12349
12392
12487
12147
12152
12207
3439
12336
12421
3358
11436
11582
5794
12425
12433
62474
62540
62612
34174
44479
44482
49278
10908
10917
10934
10901
10904
10921
3211
12125
12180
12183
4048
11078
12234
3032
4110
12133
5716
8310
8398
32954
12228
32509
45438
45439
12443
12457
12469
12448
33265
33272
12504
12513
11207
11211
11213
33147
49158
49302
8313
12542
10922
11260
33452
33453
33517
3440
4088
12522
12879
12503
12511
12910
12140
4303
64564
64706
51445
51447
51448
5866
52435
52688
8610
17458
17464
17474
3450
47667
61511
61513
5175
47228
53577
47750
47755
47775
15239
15557
15653
15674
16898
15532
15554
15560
4177
58858
58865
20992
20996
21101
3072
12711
66419
25976
25977
25982
26033
20361
20605
20710
9523
9524
9529
3518
19495
19509
19519
3880
13001
14341
11414
11416
35203
35228
35233
42910
42923
42948
3614
42056
42468
42495
7705
36720
36763
9880
9881
9897
3060
11483
15715
15730
15827
3131
11448
11456
10276
10297
11398
9192
9747
9847
6240
52728
52733
4874
53744
54099
6343
7910
44779
44841
50410
50412
50457
51235
51881
52276
5876
50055
50452
50458
12199
12909
62221
66143
66171
66174
65943
65956
66090
14786
66421
66507
20434
20442
20451
20457
4731
59796
59797
59825
57558
59551
59584
21476
21502
21508
21534
17136
17168
17175
19265
19473
19664
9467
9541
17879
17887
17896
24685
25487
20308
20332
20357
20378
16088
18834
18835
18870
18897
18928
18935
19001
32272
35000
53057
38400
38404
38420
38526
45896
45977
45989
41122
46111
46112
33296
33315
33324
33329
31383
31500
31601
31603
4717
58374
59468
4623
20658
20746
20764
4234
21411
20882
20893
20965
21413
21415
21437
21459
4926
50849
50864
52628
52640
52660
60525
60532
60533
60570
30817
28864
28893
28909
3564
30817
22058
30464
30596
23099
40104
40107
40113
40114
6760
47427
47563
47575
10597
10615
10635
4616
59877
59910
3205
4722
59847
59934
14475
20700
20701
20936
20940
20947
9253
9828
16598
16599
16641
16735
16917
16992
11027
11057
11480
16245
16264
16677
59802
59807
59837
59864
37130
37269
37330
7629
7692
37186
37202
7532
36449
36527
5352
55044
55148
55667
55717
55802
7963
7975
39432
11119
11140
41272
41319
42822
42644
42704
42718
35204
35222
43229
43234
43235
49695
50057
50455
6284
35088
35158
35161
12292
12316
12362
11491
11151
12323
62191
62194
62209
62626
20382
20399
20420
58457
58464
58512
15266
15286
15292
21198
58538
58539
58761
21647
21675
21760
20823
20844
20976
29641
29642
29920
30076
17848
18026
18251
17714
18708
19183
17509
17517
17530
13421
64458
64509
64521
49722
49741
52006
20344
20358
20361
21392
19889
19900
19166
19891
19908
19013
19120
26206
26278
26313
19218
19265
19473
6486
32477
32606
32608
49128
49472
49486
3469
31227
31279
31298
31312
31347
11293
11356
11358
4395
57730
57733
13266
13268
13317
16066
16093
16100
9462
9487
9488
9651
22374
22488
22493
28933
28940
30514
30827
30831
30837
30881
28872
29297
27279
27307
27328
22842
22850
22879
56505
56515
60229
5304
5307
6589
46540
46568
54521
6100
51659
51752
51774
4408
65473
65484
65493
51839
51915
64819
64822
6148
13717
13741
52338
52441
52454
23786
24147
24248
24264
9693
9701
9703
24422
25020
25024
25232
25728
25753
14475
20118
20592
19728
20182
20214
24462
24782
23784
24143
3661
8459
27428
27585
28075
28081
28687
28706
13791
13942
47993
28262
28685
11310
11313
3597
11746
11765
11783
30929
22050
22075
22080
22192
14101
14102
16233
17798
19102
44532
44538
52114
52786
46319
46401
46402
6962
40792
40828
50049
50059
50084
50441
6155
44573
44579
44582
6114
51702
51709
3223
13462
13467
11561
11563
11614
11520
13949
63250
62600
62836
15551
15558
58741
58744
58745
59504
59954
6048
51293
51300
52475
52482
52563
52577
13281
64923
64934
5965
51017
51114
51153
32652
32892
32967
32981
12128
12154
3357
12238
12918
15410
15457
15673
8111
31619
31757
31778
8185
31661
31686
32555
42692
42694
42719
31190
31201
32544
12997
13858
14317
22069
29657
29742
29771
34997
35123
53173
6362
45093
45119
45137
61623
61628
61634
61637
13485
49132
49481
49552
49572
7922
39230
39238
39316
39297
39400
39414
31320
31355
32381
14796
57182
57189
57209
10025
10030
8729
17449
17466
10293
16668
10478
10939
9896
9901
9918
3616
3902
41601
7620
7647
37167
38071
38274
38280
37647
37653
37734
37989
36861
36863
36976
31494
37089
37851
38147
6486
32608
32675
32986
8215
34498
34508
4135
32620
32628
32629
8132
32079
32081
32567
23041
23045
24898
9724
23700
17569
17636
17696
24031
5408
55378
55499
5300
55380
55386
57052
57078
57092
6828
48432
48456
58528
58567
58990
21744
21768
21808
21828
11447
63240
63289
15019
15129
15150
15159
58926
58929
58935
59064
4832
15568
15572
4563
58241
58308
4606
58561
58594
10457
10489
10786
10888
10894
10923
5867
49761
49785
49792
13750
62744
62777
64203
11617
11623
11625
14539
66228
20754
59039
59095
8632
8659
8671
8673
10645
10675
10692
31331
31336
32398
3509
6364
44986
45001
44892
44904
44905
44956
32548
38434
38437
38438
5567
46026
46050
52298
52299
52304
52342
35028
35057
35188
3602
34909
34924
32289
32291
34211
34525
8125
16965
30943
11851
11870
3867
24489
25426
24358
25059
18378
19026
11314
11325
11329
3529
9282
9907
9954
4116
25040
8526
26955
26970
28095
28097
28103
28147
27199
27220
27223
39523
39541
39598
8053
31077
39862
7972
39456
39474
6016
50895
51001
5933
5971
6022
50872
50889
50914
51108
51111
8107
31079
31115
35246
35247
35270
19533
19646
19899
19921
19934
18782
18871
18875
19095
19108
24665
24720
7621
36780
36782
7039
45983
45995
46000
35580
35593
35610
4148
12295
12301
11060
11065
11068
11069
10846
10882
10902
10931
3311
3826
15943
15931
15957
16004
10844
15502
15507
15757
10990
11003
11033
26649
26709
26711
26712
27496
27510
27514
8525
34306
35385
26658
26716
24662
24814
24822
25055
27849
27935
23509
23520
10998
11237
11266
6400
45277
45293
45354
30932
30946
30948
30994
6721
40482
40532
40658
6686
6933
40523
4059
7168
44373
40846
41616
41618
7232
35560
42541
50691
52397
52494
52515
35017
35119
53056
51672
51681
51758
8095
8107
31569
39759
36403
36412
36417
36514
7554
36470
36480
6563
46505
46509
42508
42512
42513
44365
42735
42768
42776
42777
26831
34423
34457
35267
20895
20913
20925
20933
20937
20944
21426
21203
21208
58579
58582
20692
20698
20712
19827
19895
4708
20723
20740
20627
20691
49102
49535
49563
55121
55421
55447
32420
38859
38864
38972
4084
45357
45375
45381
9230
10498
17156
8313
12910
5743
12925
62363
62369
12130
12131
12242
15562
15576
15583
11567
11572
11895
11897
12323
11445
11494
11596
11697
11663
11745
11785
10106
23372
23468
22667
23043
23048
23065
18224
29985
22785
23004
23039
23053
3682
13346
13358
21996
51694
51704
51764
13441
13461
13545
13577
4033
16422
23347
9290
16631
10437
10444
10514
35973
35975
35991
36012
20486
20505
20599
3569
20080
20639
61306
61316
61324
5063
48244
60732
3588
3713
39763
5438
6388
44974
44776
55344
55544
46336
46581
56384
4024
8095
31569
37764
31114
31542
37763
37799
3514
7781
37644
7977
7992
39510
39556
31096
31245
31285
31206
32424
32520
21389
21451
13027
14539
66275
21264
21425
21461
21482
4377
21279
61468
61530
61582
53992
54229
54940
64736
64742
64811
65133
65195
65215
65411
65435
65441
4507
57611
8239
8302
32094
32547
6436
6437
31289
6256
53046
53137
12643
66480
66531
16024
16062
16157
16966
12576
42368
44424
44942
21076
58163
58212
16058
21135
13072
16142
16148
4131
29953
30353
10090
10097
23340
29935
19527
20943
7167
7209
42134
36832
36913
41575
41860
6880
41016
41030
41099
12851
15210
15336
15376
11567
11873
15990
15991
16047
11385
11412
15905
48322
48323
48353
48376
6536
41127
46155
53678
60024
60137
46662
46713
54270
5964
48339
52468
59730
59748
59753
59867
58556
58558
58957
58992
6103
51681
51777
4792
59812
59824
59864
4799
59755
59795
59800
4293
4820
59500
59856
27849
27867
27376
27378
29369
29372
29434
28859
28972
29134
29230
9056
9095
9551
23924
23964
3520
23986
24193
18382
18445
8524
12562
39036
44513
52116
52150
52170
12344
12374
12912
3942
12346
12474
12511
11885
11890
11989
12527
62370
62671
4533
20803
20811
17255
17326
17350
12831
15049
15052
15070
14657
15965
15971
58390
58399
58417
59451
4706
20780
21540
5988
9322
9446
61523
61550
47864
47966
48018
4032
11452
11486
11555
49692
49705
56546
56614
4047
63399
63412
63477
62857
62882
62894
57625
57728
65533
65550
51660
51684
51726
21583
21599
21614
21652
9499
9512
9527
9555
9244
9266
16561
21249
21439
21470
26641
26650
26672
27132
27350
7132
7522
35836
35872
42952
42963
43537
43828
5703
49270
8485
34532
34533
31164
31243
31638
11648
11697
11758
14188
18572
21358
11354
11684
4425
21660
21669
21766
13234
64938
64955
4450
65611
65616
65646
57768
57783
57787
57793
15909
63326
63333
36229
36311
36314
27860
27867
7317
7323
43738
7316
43029
43059
59688
59814
59868
4677
4694
58991
18402
18416
19157
12731
14629
6558
45834
46260
46146
46231
46232
46594
6548
46562
46588
46611
39174
39663
39695
14151
63148
63249
63378
14718
14792
14808
5683
5708
57406
32208
32240
34263
33063
33067
33075
32057
32091
32109
6852
35101
43248
53089
31295
31312
32415
12305
12314
12367
35043
35047
35048
35054
7889
7977
8004
39604
12888
62537
62560
62863
11455
13011
15919
19153
19155
19160
19174
23914
23969
24205
26333
26349
26414
26416
24158
24220
24232
4022
31075
31082
31563
32975
32979
33117
44995
44996
3753
55372
55436
56958
56972
57086
31181
31196
31229
55484
55487
55489
55526
37669
39543
39548
49248
49252
49271
24419
25053
24650
24651
24659
24804
19500
26329
9320
9537
9585
3854
23959
24016
11745
11749
11785
50180
56842
60052
48573
48577
48735
61075
61078
61135
46473
46475
46482
46501
60038
60048
60050
3544
54874
54885
7047
46233
46809
9114
9547
15231
11606
9040
9503
4163
4768
5141
5343
50729
51107
51186
51289
36328
36571
36612
36615
40699
40714
40721
42364
4332
64568
4368
64282
64296
13331
13369
49852
49883
51515
13217
13229
13118
13486
52030
5054
47150
47295
54894
54896
54948
6474
6579
46220
5655
46200
46289
46301
5970
50863
50871
50951
23081
30655
30799
30800
28802
28807
28879
6430
45808
45820
45835
33830
33851
33855
33860
7802
41237
48604
5919
52716
52718
6822
48424
48446
8013
38125
38157
7638
7757
38150
38164
10614
10637
10699
10861
10922
11260
11228
11236
11254
11263
32835
32837
32872
33262
10327
10338
10348
8804
15660
30788
30798
28159
28166
28683
28686
22243
22254
30652
14703
65971
66475
58869
58892
58919
20085
20109
5749
32823
33276
39127
39145
39147
38861
45410
45426
8340
33094
33173
33183
8343
12490
12532
35333
35338
35387
22087
22109
6569
44721
46490
45077
45088
45089
45090
54994
55069
55409
55449
5544
54711
55543
46545
46557
46571
46598
40017
40022
40045
4425
21696
21736
14511
16087
18810
57983
57996
58283
58314
63683
63687
63699
65260
7932
38820
38893
3974
8041
39431
39642
39674
39677
7928
38787
38823
51658
64671
64737
51358
51359
51379
11911
12904
62913
62915
11781
11804
11813
11839
23058
23068
23074
3674
11646
11654
11674
11759
11769
11873
12256
13135
8488
35308
35327
50250
50261
50330
41128
46917
46927
46928
8484
34948
38085
38540
38557
31622
31652
31790
38387
5060
61197
61410
40778
40900
40920
40977
46933
46958
47318
48093
7180
40070
42412
48043
48044
48914
13892
34867
34873
11779
12947
12955
10062
10070
10080
41794
41820
41846
41915
36163
42134
7462
36347
36350
41605
41619
40183
40202
42409
4787
59663
59858
59749
59782
59805
19375
19379
19388
58750
58855
58883
4429
57767
57845
48994
49043
49072
12855
62020
62077
5699
48972
49041
57232
57234
57292
5616
46419
46424
59414
59420
59579
15481
15486
15523
4159
8547
62921
62961
27223
27226
27529
27820
27890
13464
13471
13477
59463
59470
59495
50446
50474
52746
13329
13431
13436
13455
65459
65520
65575
57873
57879
57971
4225
4716
59846
59894
20521
20529
20536
20558
19825
19827
20167
27603
27612
27614
27633
33473
33486
33515
8446
12056
12067
8313
12501
12887
12910
25637
25638
25648
25655
8851
8873
17196
17201
9896
41696
41697
41707
8173
45922
45933
46071
44706
44720
44747
46355
48132
48165
48166
3892
10501
10590
10603
18067
18079
18083
18085
25220
25415
9426
23852
23867
23869
19201
19226
19272
19273
22980
22988
22991
22998
27425
3971
36829
36843
25283
25295
25314
25315
53391
53405
53574
47057
47347
47358
48135
36997
37005
38181
38201
10162
10176
10278
29843
29854
53293
53295
53332
53363
60802
60811
60868
61572
61621
61622
61638
6703
40374
40419
40502
25599
25611
25612
25622
11649
11559
11590
11598
12343
12420
12433
11918
11953
62921
11016
11041
12526
12529
12885
15927
15935
16015
10983
11478
3767
11707
11764
11424
11429
11440
14004
14005
14009
64944
64953
64968
65003
4509
57631
65577
65625
12629
66528
66541
9933
10269
17628
23210
11587
11599
11682
13674
13706
51230
51233
52280
23773
23820
24237
28943
30206
30208
30226
26603
26614
37145
37274
37278
31964
38323
53091
36724
36737
37136
30942
31370
32397
9117
9556
4216
23079
23211
6860
40935
40951
41040
46701
46735
46757
8176
31545
31609
3972
38188
38202
38279
62847
62917
62946
8357
8387
33423
33212
49179
49200
49232
4171
12081
12093
9270
9344
31077
39781
39782
39862
39692
39709
45132
45146
45154
45187
29125
49634
50066
11704
11740
13893
33707
33715
33726
33885
34972
44461
44543
53102
11493
11516
11557
6021
52423
52513
42788
48688
48746
13736
14278
14291
14298
44496
52247
52284
19877
19890
19908
17946
22771
22874
20170
20190
20213
4194
11623
11638
16498
16499
16514
10040
16318
16492
16874
16875
16879
17034
30144
30147
30190
8438
34726
34729
34877
13852
13877
13886
34138
34141
34144
20068
20101
20155
20609
53476
53478
61500
41224
48704
48833
4052
30821
30846
30877
7003
46842
46901
8174
31592
38553
38574
21290
21463
21665
17266
17274
17280
4845
20870
13076
13283
13346
48405
52583
52669
21888
21982
22004
22018
22020
36841
36852
36856
36895
4889
4993
61047
43552
43578
43626
43632
5262
5552
46484
5370
55555
55780
3788
5393
55447
5427
55388
55417
55438
7690
38187
38207
38220
40156
40201
40649
40695
40421
40459
40465
8514
34511
35025
61784
65826
65834
47083
61070
61341
26875
26881
26932
29153
29155
29156
29199
27850
27930
15869
15879
16222
7193
7603
36851
26609
26614
26685
11741
29578
29613
29635
29640
4589
20419
59515
17330
17504
11292
11367
4196
11110
46427
54584
54593
54618
5403
55385
55445
55492
8433
12095
8248
32518
32596
32312
34493
34506
7460
35553
44399
42070
42073
42447
6916
40150
40258
40285
43476
43515
43542
31754
32024
32551
5307
55346
55384
4244
39789
39790
5885
46005
46006
46104
55217
55224
55307
31912
31952
32300
55372
55422
5717
33230
49269
6575
46450
46464
46470
54748
55387
55478
3976
22073
29408
29485
13846
13851
13859
13897
22635
22637
24891
6878
47917
47977
48045
24153
24155
24248
24264
26655
26850
35649
36465
36716
22520
22664
22674
8338
12401
33498
14962
52540
64806
58865
58867
58871
58898
14935
15007
51816
15012
15573
31307
31314
32409
16922
16995
17163
12268
62786
62810
11405
19246
19249
19264
14785
14789
15245
61877
4846
14464
21174
21207
4120
13976
14152
21711
21728
21753
21817
21833
12846
15399
12039
33619
49434
49440
13644
21885
63768
64182
64183
54904
54914
54937
44877
55550
55571
55647
9655
9816
9003
9031
9078
8867
17218
17263
15921
15924
8706
8713
8743
5791
11938
12386
44892
44921
44925
44959
6473
7851
46492
12086
12091
21747
57705
57857
65324
4572
58286
58325
57453
57636
57952
65069
65072
65076
11734
29046
29079
20997
15392
15394
15418
18996
19960
15137
15225
15228
15237
26214
26216
26236
26308
9924
16576
16589
10520
17236
10477
17089
17094
9501
9507
9558
7001
40492
48951
42446
42462
42488
7315
26489
30944
12131
12242
12307
9933
9934
9939
15975
15987
20270
20324
18077
18083
18085
18107
9386
23986
24345
25007
25023
24381
24451
24705
25432
45452
45799
45802
45829
21361
21384
21457
37780
39722
39725
11956
11968
11977
11988
19455
19476
19486
11385
15894
15898
16370
16376
16628
9444
9452
9587
19405
26056
26065
19920
24448
24477
10165
11344
11345
46639
46682
46703
12749
14568
19836
19895
20065
57487
57514
57579
59605
12749
14343
5034
53247
61627
6833
48108
48451
48461
53690
61087
61095
47209
47221
47275
12022
12054
12068
50493
50511
50608
13138
14303
58346
58375
59051
59641
59740
15999
16003
16005
16032
15096
15135
15593
58481
58536
58740
50653
50701
51513
5957
50613
50620
19937
20043
20235
58928
58944
59059
21588
21670
65668
14900
65857
65927
65929
10493
10509
15084
15467
15493
16870
5717
33230
49276
15988
15999
16001
16032
17114
17128
17177
7117
7179
42203
42273
36624
37214
37223
37229
6685
6771
40492
40903
35509
43490
43529
41606
41621
41643
42201
42253
42254
42288
40252
40383
42264
64347
64351
46700
46702
46857
22041
35221
35223
38064
38213
38276
38279
38282
38542
36802
43940
44195
52512
52548
52621
10503
17551
17567
14433
14466
59833
59916
12400
33582
33597
18702
18711
18720
42719
42721
42729
48001
48014
48017
48026
40480
40488
40511
40603
13045
58037
58038
52208
52210
52211
4391
65396
65436
10797
10810
11428
11438
11439
4184
14825
14848
19245
19353
26133
26184
27242
27246
27606
29286
34012
11691
13964
13977
13984
42154
42158
42161
6822
48386
48400
11975
12018
6555
46164
46182
31191
38828
38910
44937
55393
55402
23263
23277
23318
25102
25151
25164
31631
31761
31813
31827
51718
51748
64704
64340
64438
64444
64626
62682
62690
62692
62765
12326
12430
4437
4443
57687
57571
57674
57746
6194
51009
51013
41718
41739
42373
27527
27620
25136
25141
25167
25202
58736
58737
58965
58967
13018
63323
63331
63390
15969
66156
66191
66211
58027
58036
58094
58312
6022
50839
50872
50931
44295
44297
44313
44317
41153
41164
41167
7515
36423
36438
36491
33620
33645
33653
44530
49631
49671
48077
48085
48896
13050
14216
14252
6221
49985
49998
50042
6215
52197
52225
14258
14270
14302
14312
21215
21234
13056
21760
12105
29219
29251
29316
29956
29958
29979
30010
27768
34589
34603
7918
30986
39062
39090
31411
31772
31781
31818
7670
36809
41580
7848
38275
37655
37668
37923
38015
39583
39689
22293
22405
17588
22250
30916
3980
4280
18857
18860
21410
21422
21459
12764
14818
21030
18943
15934
15938
19492
19503
19894
19309
19319
20151
19801
19826
6137
8477
52024
52246
27155
62717
62734
63096
35726
35734
35738
35751
29765
29824
30925
50389
50392
50394
44693
44699
44702
44707
37110
37341
37343
37353
56125
56147
56168
56173
10320
10329
4231
10638
10650
10691
38348
38350
38377
19681
19686
19749
18596
18612
21878
11708
11712
11719
21442
21546
21623
13812
14334
11890
12281
29665
29685
29712
29750
17876
29826
21150
21236
58255
58307
21209
21211
27436
27462
34638
34640
11794
29048
30075
11907
11908
11925
11984
11484
11485
11566
23167
30379
30384
30393
11131
11255
12231
19597
20197
20199
15845
15867
16721
10614
10677
10708
15268
15296
15312
15319
13954
14023
14050
57209
57215
57240
11742
11753
12998
63803
63805
11874
11992
12257
31096
31126
4160
12545
33279
8178
39735
10024
10035
4665
58702
58716
14183
14213
6157
6171
6258
44575
14967
14973
15068
38843
45436
45444
4861
6847
48256
13144
18313
23332
23415
23430
8998
9026
26281
26288
26425
17925
23106
23124
24564
25289
25311
26680
26716
26891
35201
35213
35266
17657
23949
23951
23960
25692
25702
26120
5042
61395
61413
46135
46154
46247
7041
47815
47864
20997
21000
21130
11585
11587
11596
63400
63430
12246
14331
17054
17078
9996
10050
17605
30930
31927
31979
32587
27104
27367
23052
23057
23209
7236
7613
36590
36594
30810
30840
30918
30920
26589
26599
44385
44391
44396
7941
39904
35153
35159
35243
31702
31721
32538
4161
55810
55826
55899
27271
27846
27847
27587
33927
33941
33944
27020
27113
7622
36776
37064
10372
15814
15820
15826
33893
33896
33916
6413
56965
57003
57011
7815
31518
31593
31608
6952
47694
47731
7005
47005
47128
47292
47330
47414
39053
39090
39093
53236
53262
53469
61741
54721
54738
55403
48364
60668
60691
61007
26724
27071
27081
27151
54386
54438
55511
6832
46801
46812
60927
60945
60965
61304
4976
61013
61078
45365
45379
45381
5430
14457
53019
6002
51048
52518
52531
40403
47556
47987
5737
12491
12119
12202
12205
43922
43929
44165
31238
31276
31351
22114
22224
23079
7701
37363
37370
37380
8260
35162
35167
35231
36163
36305
42468
6909
40162
40163
40168
7074
38194
38289
16226
16260
25264
25361
25689
4234
21455
21456
58828
58835
58972
10333
10941
10948
9941
9961
10441
14799
58595
66641
11469
11514
11565
9348
9357
9364
23437
23632
23645
11390
11402
11417
23467
23482
23483
12134
12140
5676
32477
32706
41920
41927
41963
7693
37676
38122
54706
54823
56539
18052
25034
25035
26579
26593
27277
27281
27286
27290
27790
27840
27942
11308
14333
18063
18188
18246
12762
14579
21066
4577
58388
38444
38453
38578
6214
6281
44555
52758
44748
44755
44839
55861
51235
51896
52271
52317
6541
46979
47043
48438
10762
10773
10795
16624
16639
16689
4243
30313
30341
24877
25072
25091
25101
36965
36971
37219
29087
29103
29232
32627
33413
35439
35440
35442
35458
35145
35157
35166
35350
35426
7690
38194
38197
6284
35177
35191
20888
20890
20922
20966
31838
31839
31843
31846
54443
54449
54677
50491
50563
50568
51347
31445
43163
43295
31613
31672
31820
47836
47867
47881
11878
11883
12300
31383
31393
31777
41053
48727
48742
52702
52732
52771
13142
13369
13493
20550
20575
20635
4701
57879
57971
33131
33168
33461
6824
50240
50756
58151
58153
66289
66617
14414
14446
4299
8307
33201
44748
55812
6698
47289
48236
13212
14796
15366
15389
15391
15442
14649
16044
10784
20950
20963
21481
10125
10244
11330
6772
48138
48157
13379
13412
64812
64813
11721
12086
26659
27023
40557
40573
40574
40884
4282
5186
54186
54245
7619
36816
36883
63154
63167
63838
58859
16353
17814
17820
12765
21143
21218
26629
26654
26954
35055
35331
29281
29315
29342
29352
28852
29000
29131
29243
14824
14847
14879
8306
32345
57314
57332
18166
18194
18353
12267
12271
12272
12356
18006
18211
26441
18078
25906
25919
35251
35336
35337
31128
39732
39746
39753
6572
46215
46305
46604
20929
21019
21110
11641
11749
10637
10664
10705
11021
11259
6191
6648
53019
8955
8956
8968
8971
10672
10772
10779
62852
62870
63201
19037
19047
4632
5179
5386
14457
20806
20817
20819
64947
65197
6417
6437
32426
35793
35799
35904
32837
32846
33267
15525
15672
10689
16934
16957
16960
18539
21362
21369
11378
16208
37127
37187
37267
37320
48189
48202
48216
48253
30271
30276
30278
30357
9419
9439
9443
23869
23101
6854
13733
13734
13740
29287
29310
34704
12614
14923
60730
60791
58271
58275
58309
16060
16127
16147
16782
16784
16786
9222
9232
9237
59913
59938
9832
18424
18441
18505
26666
26669
26682
26684
7290
42829
42840
13096
64198
64202
10647
10665
20560
20690
5159
47090
47416
21460
21491
48248
48251
60996
33894
33895
33907
34691
51565
51577
51647
19063
19090
19099
19112
5988
6162
6189
6648
58608
66749
66758
7199
48366
48374
32325
33370
34527
29944
30314
8168
39791
39846
16113
18778
18792
19054
11706
11755
11787
12061
11704
14319
62902
62963
62994
63085
13081
13780
13789
13823
8347
33031
33543
33591
6994
40897
40924
15295
15297
15312
17513
17514
17544
32316
32581
32674
44820
44821
44829
46444
54985
54990
54993
55040
53374
53391
53463
52987
53000
53010
14091
14140
12518
12532
12873
33233
7827
31758
31980
26790
26797
26852
66197
66218
66257
16054
16059
64009
64066
64070
64491
8494
26941
29825
30854
30868
30909
11803
12102
12986
65647
65676
65740
32197
32622
33000
5757
11978
49432
11888
26404
26422
26443
13733
14279
14982
34893
35238
61846
40240
40248
42177
37779
37813
38088
49434
49440
63075
63089
6515
46063
46074
46087
18859
18917
17604
18036
26422
5237
54150
11386
51381
51382
51407
7693
37724
37909
11245
11250
11262
22330
22374
22498
23069
13144
13334
53420
5160
5206
53453
11796
11797
11816
11838
59177
59189
59196
59778
6886
40357
47979
48027
4763
59558
4300
64770
64859
6145
13386
13401
51750
51784
51794
17496
17544
4332
51657
64570
64692
8561
17553
13385
64852
64853
4324
6100
51703
51710
64581
64599
64668
64683
64691
64731
4306
6124
51589
51626
13322
13324
13450
51639
51773
51722
64681
4335
13417
13419
13417
13425
13427
51738
51843
64720
64823
13117
13477
64272
64856
64930
64340
64348
64442
13151
64593
64638
64664
65175
65183
65216
65446
65090
65166
65562
64291
64306
64355
64905
64919
4347
64984
64985
65585
65132
65177
65180
65196
13166
64846
65039
4398
65204
65386
51718
51747
64707
51723
51774
13185
13249
65232
65290
64328
64351
64352
65155
65171
65224
65225
51650
64562
64576
65010
65049
65077
65163
6143
64904
64927
64841
64845
64926
65289
64681
64247
64619
65052
65080
65121
13405
13452
64791
64735
64743
64784
64786
4405
65119
65559
65560
63962
64025
64499
51661
64666
64729
13165
64838
64844
65056
65069
65127
65016
65082
65202
13266
13268
13357
13251
13256
13275
4449
65585
65593
13238
65596
65620
65621
65572
65593
65555
65557
65568
4400
4405
65560
65567
4421
4527
65294
65408
65452
65505
64687
64855
64890
65080
65101
65179
64435
64437
64535
4532
6189
6527
13385
64264
64272
64852
64368
64380
64390
13443
13465
13535
64237
64239
64255
64357
13158
65167
65498
65506
13406
64211
64428
65042
65044
65046
65050
65574
65579
65589
57657
65538
65629
4421
65223
65275
64653
64716
64756
64933
65032
64285
65035
13190
64094
64104
64002
64012
64020
13071
64162
64186
13179
65226
65228
13159
13165
64844
4401
65164
65412
65433
64433
64446
64448
64478
4420
21633
21681
21777
21801
21803
21824
4382
21727
21737
65621
4416
4503
21662
21679
13648
13658
13662
4428
13238
57889
65376
65380
57688
57741
57775
12996
13048
63817
64248
64289
65190
6110
57639
65438
65440
21755
21756
58023
63575
63612
63627
65593
65596
65605
57792
65397
65398
57863
57976
58005
13227
13240
64966
57778
57870
57959
4512
4541
4406
65574
65599
57614
57621
57735
57788
65140
65141
65447
65501
65503
65504
65684
4403
4411
6129
65141
4410
65485
65524
65528
65082
65584
4412
57699
65565
65564
65534
65547
65592
65537
65545
65569
65581
65472
65508
4430
57656
65488
65507
4418
65521
65567
65568
65583
57731
65548
65673
21761
57718
65688
4536
21575
65736
65648
65654
65740
4536
57624
65539
65557
65514
65524
65598
21705
65605
65620
9349
13334
13062
57621
57623
57642
57729
21961
21971
13230
21710
21724
21764
65686
65697
65716
4431
21718
21726
21728
4436
13219
21645
57833
65480
65486
65519
13208
21711
13208
13241
21718
63656
63665
63730
4437
57693
57786
21798
63596
63647
21704
65633
4441
57721
57691
57695
57771
57844
65414
65420
65442
65443
21595
21653
21676
4520
57687
21573
21587
21677
4500
4504
4548
57440
57480
20408
20449
20463
58362
59485
59512
59514
57563
57566
59553
57939
59438
59553
21690
21700
65596
21754
65614
4524
57944
57948
57678
57684
57781
4454
57670
65703
57675
65710
65763
65764
65813
5111
57412
57418
57957
65694
65696
65734
4514
4520
57722
57774
59396
65823
57581
57591
4477
57434
57666
65705
21571
21581
57825
57880
21597
58298
65770
65774
4483
57532
57680
59549
20391
20431
59413
12810
57449
20431
20452
59413
20441
20457
20511
4769
59547
59573
57493
57568
57895
57591
57673
57742
57464
57480
57603
57465
57478
57517
57472
57513
57647
57651
4804
57599
57685
57507
57671
58028
57431
65723
57545
57587
57951
59594
57494
57532
57680
59550
57496
57672
57791
57467
57543
57547
59666
59671
59674
57558
59428
59492
59560
59710
59857
4721
59487
59725
4742
59618
59651
57518
57520
57527
59362
59377
59381
59392
57509
57588
57888
57965
57501
57507
57548
6422
6648
19752
57605
57610
57614
65458
65496
65494
65559
13150
65177
65215
6110
65417
65425
65091
65112
65118
65469
57849
65676
65698
57605
57609
57652
57619
57721
4536
21600
21662
13210
22035
22037
21687
21688
57652
57708
21571
21581
57824
57953
21688
57860
65640
57608
57704
57789
13150
64495
65132
57712
65588
4518
57557
57944
58303
65641
65668
65738
57710
57714
57809
57850
57894
57697
57743
21539
21677
65773
65782
65797
65812
4523
59529
57897
57936
57985
57986
58018
58284
57693
21650
21667
65641
65660
65737
57850
57892
59565
21542
57885
59529
4773
59437
59535
4578
59458
59844
22019
65248
4535
13046
63579
63603
58023
58029
58054
63575
57450
65744
65745
57634
57639
65094
12559
20870
6109
65512
65529
21798
63750
21663
13060
58069
58114
21080
58088
58097
4829
57994
58055
21642
21780
21810
57736
57777
57840
58007
58056
58314
14587
58215
58252
20834
20859
20894
21609
21614
21653
4550
21275
21492
4558
16098
58221
58260
4797
57481
57646
63384
63418
63451
21248
21495
21610
16036
16090
14543
14553
14594
58163
58205
58209
18276
18278
18286
18345
12748
66260
66262
4846
14464
21194
21216
11379
63418
63425
58209
21075
58184
58429
66292
66314
66335
58181
58521
66648
21585
58288
58309
21494
58267
58335
4577
4656
12684
21190
21195
16660
21150
21245
58210
58252
14200
21859
21860
21628
21669
21760
58034
58045
58094
20968
20978
21033
58271
58309
4575
58879
59920
59942
4669
59923
59955
4579
59954
4666
4672
58363
58442
58464
4773
59639
59505
59922
58824
58864
58891
58893
58888
58891
58893
58954
20784
20793
59483
4585
58519
59495
59507
12714
58238
57670
57675
65677
21014
58188
20831
58193
58232
58237
20444
59460
59522
12627
59170
61405
12690
12715
66421
58870
58882
58885
58887
12678
58731
58956
58449
58744
58754
4680
58899
58916
59053
59501
59915
57833
57839
57851
21482
21550
21551
66363
66365
66548
66559
4634
12719
58716
61786
61792
61794
61839
66874
66908
66939
58009
58292
58310
64975
64997
65001
65003
58557
58559
58576
14408
58649
58661
66911
66912
66928
16123
66255
66275
20445
21500
58697
58699
66837
12654
66524
66985
15005
15016
15150
58587
58590
58633
58656
21193
21199
21209
4801
4819
59962
4764
58903
58908
66492
66529
66960
67109
67133
67137
67138
20729
20781
20868
20429
57416
57427
57429
58731
58735
58752
4752
20745
21573
21673
12675
66872
66896
4629
12710
14406
12725
66308
66325
4688
67004
67050
16409
66737
66442
66506
66508
58831
58863
58890
16290
52118
4638
58665
58720
58780
58744
58745
8979
18802
18807
12717
14785
40491
38885
39954
40007
67039
58666
58803
58830
58698
66835
66838
12703
58628
66673
21198
58534
58539
58772
4654
20809
58585
14748
14762
14780
58748
58774
14799
58521
66614
58902
58922
58976
4692
59506
59929
58501
58544
58632
58728
58786
58962
4665
12672
58675
12650
66902
66932
12678
58670
58731
58551
58784
58792
58527
58540
58627
58578
58591
12714
58520
20802
58960
58981
58986
58925
58943
59048
14432
58681
58803
4702
58739
58742
58746
58953
58955
58979
59023
4831
9121
14420
4664
4694
58807
58543
58837
58958
12713
58701
58362
59512
59957
4699
59896
59905
59926
4716
59942
59945
59966
58868
58917
59965
59061
59924
59943
4734
59044
59046
59062
4692
58888
59466
59484
59518
4813
4823
4850
4720
20782
4700
58543
58550
58837
14469
58955
58979
58400
58819
58828
58740
58741
58754
58903
58923
59045
58948
59016
59056
59936
20802
58963
59004
58573
58579
58994
58548
58630
58639
21225
59088
59893
58927
58931
59058
58922
58934
58946
59047
12551
14811
21193
21194
21199
21216
58675
58688
58700
14407
21173
58618
66647
58880
12678
58675
58747
14469
58958
12577
43876
43882
4699
16395
58910
59965
21217
58997
59005
59011
59005
59011
59013
59452
59927
16403
58894
57918
59532
58747
58814
58364
59475
59485
59514
58411
58426
58509
12618
12722
14831
4720
20782
20767
59033
21540
20677
20685
20702
4843
20641
20679
20638
20640
20650
20737
59038
59039
59078
59137
59171
59369
20772
20799
59483
14832
58999
59003
59019
4722
58368
59445
59459
14832
58982
58996
59003
20770
20799
59017
59025
20775
4747
59492
59857
59954
59886
59890
59903
58788
58796
58901
58905
14465
58917
59917
59300
59790
59912
4774
59328
59342
59406
59706
59832
59859
20528
20530
59282
59206
59208
59776
59806
59777
20572
20575
20590
20594
19228
26181
59050
59926
4754
4776
59307
20645
20509
20512
59323
59347
59381
20604
4785
59356
59804
59809
59313
59918
4828
59726
21527
57420
57458
65789
59181
59257
59809
59551
59554
59557
4788
6106
59216
59229
4772
59725
20439
20509
21395
21521
20644
59195
59286
20726
20774
21423
4752
20659
20670
20753
59490
59502
59725
59301
59714
59741
59650
59677
21530
65782
65797
63418
63431
63451
57941
59431
59521
20787
20797
20860
59847
59848
59934
59953
58189
58226
58430
14465
59944
59966
4809
4850
58865
58898
59663
59674
59949
57899
57905
57921
59525
57709
57728
57735
5104
14796
59555
59653
57560
57564
57572
59602
65617
65631
65636
59708
59858
4782
59539
59331
59339
4795
57475
57551
59417
59788
59789
21537
59393
59423
65814
59611
59612
59629
59742
59123
59874
59892
59666
59670
59672
59949
4806
59711
59829
59442
59535
21539
21673
57954
65770
4810
4834
59699
59712
59701
59792
20653
20703
20709
59684
59343
59831
4816
59754
59769
59770
59735
59764
59791
59819
59828
59873
59764
59855
4815
4825
59739
59866
59870
59889
57507
57578
4830
59848
59913
57480
57492
59604
59611
59629
59762
59765
59767
59300
59790
59798
59869
59879
59962
4824
59813
59872
59568
59655
59657
57598
57661
57681
4828
59692
59712
59687
59693
59747
59667
59695
59841
59850
59834
59838
59695
59850
59862
59670
59709
20398
20446
59401
59494
59644
59728
59729
4830
59876
59913
4827
59807
59813
59641
59726
59744
4826
59730
59738
20564
59158
59288
58668
58681
58686
58710
59877
59884
59937
59558
59935
58887
59061
59929
20559
59258
59277
59702
15038
59870
59750
59733
59773
59176
59803
59811
59700
59751
58015
58282
4850
14450
21129
59688
59704
59651
59672
14427
59883
59885
15038
59811
59813
20803
20816
21222
58408
58411
58444
6191
13334
53420
9290
16581
17714
14835
50734
61845
59063
59501
59899
16910
59143
58358
58873
58876
58896
20773
59010
21185
58386
58388
58401
59480
59481
59845
59293
59295
59439
59862
5221
59990
60015
60017
48445
50199
60058
50897
52470
52487
4866
50198
50199
50188
50212
52603
56128
56166
56177
56465
60021
60334
60346
56181
56201
56481
50173
56857
56935
56137
56162
60097
48158
48255
48260
56460
56472
56522
6655
48107
48436
6607
6669
47189
4886
46916
46947
50085
50088
50183
6190
48411
48494
6609
46199
46200
60282
60294
61057
7003
46841
46869
46910
47024
47107
48110
47184
60352
61071
53728
53883
54140
53654
53659
53770
47136
53682
53860
48279
60743
60751
60760
60301
60353
61079
4993
60350
61080
6802
6814
48116
48127
60012
60013
60042
60070
47181
60330
60355
47181
48284
56131
60316
60670
61058
61064
6814
48115
48117
48127
61006
61034
61054
5911
6639
46913
54061
54103
54105
60312
60325
60332
60346
6836
54056
6827
48400
48430
5008
47143
47172
60183
60335
60337
50742
50811
50816
50817
60409
60476
60659
48288
48305
48353
5895
52576
52579
4903
48375
48383
48388
60418
61051
61053
51066
60391
60420
61060
48346
60500
60508
60592
6220
60432
60592
48392
52557
52587
6017
48294
5575
56452
56464
56519
51066
60378
60394
50829
60384
60404
50803
50804
50808
51054
4915
48251
60996
60407
60428
60439
60629
4977
60929
60965
61304
60949
60957
61224
60928
60941
60974
60488
60534
60970
4921
60849
60870
5976
60954
4924
51000
60512
60532
60536
60538
5936
50846
50849
50864
4921
4922
60845
60892
61189
61195
61366
60917
4983
60917
5991
60953
61224
50843
50940
50918
50965
52481
50867
50877
4980
48249
60658
50972
51052
52480
50847
50925
60539
50946
50972
51065
6814
48277
48419
50946
60612
60637
60639
50967
51053
60588
60606
60841
60861
60906
61036
60561
60568
60579
60708
4957
60434
60478
60681
4969
4971
61055
60414
60478
60934
60548
60554
60876
60882
5982
50961
51053
60613
61321
61395
61402
48242
48300
48320
50988
50995
51055
60768
60773
60821
50835
50853
60511
60829
61194
61326
60463
60494
60509
60610
4983
60933
60960
60970
48338
60675
60723
60725
61333
61351
61368
61371
60523
60545
60573
60854
60909
61170
61294
60825
61298
61299
61300
53356
61202
61301
61302
5025
5045
60831
61307
50955
60558
60720
60428
60598
60477
60962
60969
60756
60765
60990
5245
61277
61300
60834
60858
60973
60782
60788
61385
48125
48186
48265
61241
61243
61249
61288
60932
60957
60962
61204
61290
61699
60752
60869
60897
61233
61290
61310
60984
61001
61002
48213
60768
60783
61336
61004
61035
48163
60314
61044
47883
48190
48191
48114
48136
48272
61172
61173
61177
61301
61022
61075
61211
60926
60951
61159
61162
61201
60981
60988
61015
48344
48372
60642
60982
60983
61073
61136
47083
61070
61073
60937
53697
60308
60351
47083
61031
61124
60997
61045
61054
48225
59984
60001
60003
5029
5060
61653
50247
50773
50784
48329
48348
48373
52588
5158
53655
53706
54055
46699
46735
46785
61032
61046
60427
60629
60652
48432
48455
48492
56144
60025
60176
53509
61103
61130
61146
53745
53752
53862
53726
53727
53812
53562
53568
53575
53359
53784
61119
47191
53331
53689
5142
53639
53837
53321
53346
53397
53413
52520
52535
52542
52674
60764
60779
60781
47077
53747
53821
60306
60330
53266
61153
61162
61311
61270
61384
61745
5144
53430
53452
53484
61141
61149
61168
53292
61247
61699
61275
61282
61315
60840
60842
61293
61407
61657
61713
53286
53466
61720
53513
53599
53643
60908
60917
60933
53316
61091
61166
5189
61161
61218
61281
61668
61702
5066
61319
61330
61396
5090
61732
61744
61282
61406
61667
61670
61712
5041
61316
61327
61279
61289
61384
61413
61205
61410
61239
61253
61265
61588
61645
61655
5136
47843
61708
61270
61271
61484
61644
61645
5108
61637
61644
61133
61149
61378
61656
53270
61156
61198
48209
48211
61367
5136
61352
61353
61358
60728
60769
60815
61305
61314
61403
61321
61403
48247
48320
48428
61003
61068
61219
60832
61298
60918
60925
60941
60944
47767
48235
61375
60802
61194
61220
51044
51065
60648
47853
48212
61457
61429
61432
61433
61597
61414
61566
61640
61651
47247
47724
53492
6801
47164
47210
47826
47854
47859
61427
61428
61575
61588
61639
61640
61651
60847
60863
60873
6812
48161
48186
61196
61209
47884
47901
48254
47816
47831
47890
6756
48200
60749
47666
47707
61443
61451
5206
6658
53453
61365
61381
57449
57937
61782
61272
61411
61529
61588
5428
47869
53488
61749
61750
6722
6749
47624
47728
5087
61443
61546
47708
61491
61496
61509
21538
21561
65802
61567
61578
61583
5115
61552
61557
61573
61552
61584
47751
47756
47759
47622
47627
47802
5909
47899
47901
47682
47769
61542
47637
47755
47797
6660
47242
47249
47251
5088
61596
61729
47707
61449
61585
61590
61591
61731
47668
47772
61586
61646
6726
47638
47657
47703
53466
61735
53277
53306
53394
47689
47692
47723
61601
61604
61612
61578
61583
61591
61606
53272
53281
53295
61626
61666
61709
61711
57952
65749
65790
61262
61662
53363
53375
61198
5126
61244
61263
61284
5116
49268
61661
61667
53450
61683
61690
61692
5112
61702
61716
5266
60807
60817
60861
61258
61652
61655
61599
61676
61680
5116
61633
61658
5124
61685
61709
5114
53466
61735
57411
65804
61723
61732
5143
59403
61781
53285
53286
61554
61614
61644
61664
5713
53238
53246
61483
53298
53439
53274
53306
53317
53449
57418
57497
57942
59457
61595
61671
61672
61690
61724
61744
53774
61148
61150
61697
53465
61675
61678
53335
53398
53451
61231
61250
61265
5128
53246
61733
53284
61689
61743
53281
53408
61704
53843
53851
53913
53324
53336
53448
53861
53769
53947
53959
53613
54173
54968
53423
53550
53648
53424
53438
53558
61391
6818
61162
61183
61311
53725
53880
54109
47223
47241
47244
47447
61203
61204
61653
5430
5183
5250
53838
61782
47713
53433
53427
53438
53522
6651
47712
53489
5206
53455
53481
47132
47173
47188
47342
6667
47648
47669
61531
5155
47634
47681
47771
47876
47914
48194
48254
53255
53258
53303
61686
47236
48222
53498
53305
53319
53360
53388
6948
47672
53240
53243
53248
53282
53763
53766
53829
53876
53729
53743
5167
5234
47198
53473
53478
53263
53265
53284
53349
6740
47749
61454
53432
53486
53522
47236
47307
48222
5185
5186
54186
54189
46787
47067
47074
47187
47306
6744
47234
47871
5206
53455
53467
53638
53668
54133
54255
53921
53923
53928
54007
41002
46997
48932
7005
47004
47171
54060
54070
54111
54120
5236
48222
53541
61269
61397
53382
53396
53448
53890
53975
54027
54053
5266
52213
53489
53511
53577
54030
54050
54102
54128
47167
47208
47928
46776
53831
47226
53607
53635
53800
53622
54175
54230
5204
54204
54216
54219
53895
53927
54037
61141
61142
47238
47247
47328
53622
53646
54189
54901
54946
54965
53889
53927
53966
53977
48227
48306
48428
47247
47266
47328
53827
53845
53936
53943
5242
54244
54938
5238
54247
54258
54262
54318
54320
54328
54965
54298
54921
54939
46558
54285
54489
54521
53976
54174
54214
47825
47854
47887
48194
6608
54191
54008
54964
54967
53987
53993
54221
5267
54886
54897
54900
54016
54512
54921
53997
54005
54244
53254
53455
61475
54006
54939
54941
5254
54909
54918
54961
5254
54905
54956
5335
53983
54935
54007
54177
54552
53978
54207
54233
5285
54927
54931
46617
60221
60223
6828
48099
48435
60006
60010
47178
61083
61125
48447
48505
48872
47208
47928
53533
40995
46936
46938
6791
47828
47942
5333
5411
6632
54842
46685
46694
46696
46532
54558
56517
5559
56525
60328
46768
46777
46781
54138
46672
46791
54286
5305
54880
54894
54948
47170
47202
46676
46685
46693
46707
47220
47224
47234
54205
54222
54245
46670
54481
6628
47068
47073
47091
47199
54151
54153
54224
54327
54895
54898
54014
54202
54932
54074
54480
60268
60283
46791
54253
54264
54352
61299
61305
61314
46713
54270
54353
53932
53934
53980
53995
6653
46634
46662
46799
46645
46656
46690
46704
53831
53836
54396
54405
54408
54420
54425
54862
54534
54538
54682
54917
54966
5276
5285
54927
53888
53905
53977
5517
56493
60208
46620
46621
46732
46736
6606
46541
46547
54816
54869
54883
5486
6599
56336
56384
6567
46414
46453
54234
54238
54248
54303
54398
54401
54409
54414
6657
54879
56540
5386
16025
54295
54889
46513
54393
54945
54402
54466
54805
54855
54875
54877
54944
54715
54766
55534
46422
46429
46516
54462
54048
54059
54549
54561
56514
60239
60259
54730
54734
55598
5288
54856
54960
54626
54633
56363
56387
54541
54843
56393
5336
5449
55816
46528
46529
54380
54669
5295
5297
54758
5321
54953
54960
54696
54740
54747
54650
54679
54734
5317
5328
5526
5555
56508
5330
54811
54813
54872
5317
54953
5389
54827
54903
54687
54735
54798
54610
55321
55327
54719
54738
55403
46654
54347
54489
54521
54726
54729
54731
54701
54743
55500
5464
54765
54784
54702
55367
55397
54427
54428
54774
5434
54811
54881
54762
55399
55445
54693
54705
54928
54812
54829
54836
54893
6632
54825
5412
55373
55441
5333
5339
6594
54701
54743
54752
54797
5479
55370
46431
46508
46513
46531
54760
54762
54771
54772
5384
46436
46528
54462
54780
54787
54802
55365
54754
54757
54790
54808
55509
55545
55583
55584
5411
54825
54833
54837
46338
56415
56423
56537
54315
54324
54524
54951
44937
55401
55443
53618
53646
53660
5323
5389
56540
5569
54847
5526
46185
56475
5325
54737
5325
54695
54850
54947
6657
54470
54525
56533
54659
54785
54804
6595
54951
5339
54838
54950
54410
54818
53987
54229
54915
54839
54879
56540
54888
54959
6365
55094
55121
55407
54292
54899
54958
5472
55566
55567
56437
56446
56499
54704
54778
54802
55365
54871
54880
6604
47126
47177
54080
54566
60225
44971
44972
45014
5386
5430
55101
55113
55119
55018
55021
55028
5393
6365
44936
55447
46440
55255
55448
5363
55115
55412
54973
54986
55039
55106
55078
55466
55471
44877
44940
55696
55030
55676
55680
55001
55027
55053
5356
55006
55044
55692
55169
55193
55194
55665
55230
55686
6594
54854
54879
45111
45128
45142
44992
45015
45047
45063
45097
45118
45165
45187
5425
55460
55464
55528
55113
55119
55183
6366
55220
55256
44784
44833
55785
55037
55668
55671
55087
55088
55090
55098
55161
55190
55237
44989
45023
45055
45127
5422
44828
55832
5424
55535
55561
55646
44789
55305
55311
55542
6386
55450
55496
44790
44819
55541
44989
44990
44991
45133
55606
55609
55632
6467
44654
44655
44748
44755
55841
56411
5382
54441
55348
55490
5551
44909
45031
5433
55508
55510
54426
55346
44905
44957
44974
54461
54463
54616
54627
54662
5400
54793
54815
5395
55348
55375
55494
54751
54934
44894
44898
44971
55777
55857
55890
44791
55314
55317
55554
5408
5413
55387
55400
55508
55353
55437
54686
54749
55519
5403
55377
55381
54812
54830
54872
44590
44608
44609
54787
54881
55383
5412
54763
55445
55492
54424
54431
54436
54467
5407
55418
54437
55335
55362
54575
56524
56535
55247
55251
55446
55385
55394
55402
55611
55615
55622
54751
54820
54835
54903
54962
55336
55400
55438
55211
55231
55448
6576
6586
46419
46446
55253
55268
55427
55453
55001
55007
55011
5427
55390
55473
54997
55047
55078
55469
55812
55825
55861
6392
44910
55204
55413
44819
55862
44961
55067
55072
55408
55537
56356
5429
55463
6348
55376
55403
55417
53479
53490
53499
55456
55540
5431
53019
53420
6377
45084
55292
55306
55495
55517
55521
54793
54811
54834
54687
54730
54739
55455
55468
55481
55483
44940
55628
55854
55291
55610
55676
55690
55779
46331
46461
55902
46411
54615
55515
55439
55471
55476
44792
44795
46441
44783
44792
44806
46421
44879
55626
55678
55889
55560
55580
56355
44839
55857
55890
55635
55703
55791
55644
55697
5640
45152
45155
45166
44831
45113
55848
55659
55673
55685
55714
55720
55775
55793
44833
55737
56092
57028
57039
57265
57318
57354
6385
55838
55857
55775
55847
55304
55320
55324
55738
55741
55801
44650
55905
55928
56264
55219
55225
55239
55256
44831
45113
55727
54721
54744
55500
6382
44918
55772
55773
55867
55892
55949
44831
55774
55802
6350
44836
44856
44895
55727
55739
55774
55837
45533
56024
56064
56089
44972
45016
45051
46459
56372
54615
54647
56377
6374
44992
45020
45044
6390
45079
45096
45105
44586
55742
55783
55786
44984
45000
45021
45055
5489
46413
56361
56380
55346
55353
5556
44873
45043
6346
44840
44849
44615
44628
56087
44870
45040
45044
5488
45075
55988
6379
55662
55675
55677
56367
56399
46399
56266
56276
56345
55970
56035
57095
55824
56368
55911
56349
56364
6458
45660
56252
54638
54750
55595
44729
44750
46370
46439
57080
57114
57120
57121
57131
57138
57144
57150
56795
56796
56810
56811
6360
6476
46271
46285
56228
56247
57063
57069
45458
45684
45813
45705
45706
46029
45663
45738
46064
5672
44660
44705
44710
45095
45097
45136
55400
55461
55477
44628
56061
56106
55988
56038
56101
55652
55655
55688
56349
56353
56364
55916
55990
55991
56346
56065
56066
56069
6428
44635
45248
56978
56997
57021
57087
55818
56379
56392
6414
45213
45331
6393
56953
56982
57042
5640
45164
45175
56459
56492
56497
56467
56479
56501
40990
41004
41020
41131
6609
46304
46628
5529
56204
56311
48509
50099
50102
56227
56311
56834
46838
46853
46911
46944
5571
46308
46850
56189
56477
56491
56858
56867
56912
45059
56040
56047
56062
56359
57200
32485
57108
57197
44691
56249
56255
56290
45233
45247
45600
56136
56183
56896
5567
46020
46075
46106
45003
45099
45142
46328
46335
46343
5714
44697
45618
46378
46044
46047
46054
46061
44699
44707
44747
46457
46227
46240
46249
46807
6423
32689
57321
57354
5546
6565
46326
46486
44795
44820
44846
55504
55514
55585
45163
56956
56958
46362
46471
54525
54708
56531
6578
46585
46643
46710
54657
54660
55516
5558
6565
6574
46486
44902
45084
5553
6575
46450
46468
46477
46364
56367
56380
46149
56501
44830
44864
44871
55615
55624
55704
46491
46518
60175
60187
60339
5901
56155
56161
56495
54681
56373
56395
41133
48465
48475
48613
6605
46844
46908
46221
46298
56458
56467
47091
47122
47225
6470
6556
45712
7821
7047
46134
46145
46245
46618
54536
54540
47078
53682
53683
46226
56134
6607
46640
46706
54325
54340
54388
5624
56751
56851
56507
56515
52862
52960
56929
52864
56594
56916
56925
44535
44564
52795
52805
32097
56556
56642
6234
50401
52871
44554
49702
56608
49621
56545
56555
32220
35006
56570
52878
52880
52882
49707
50455
50473
49699
56549
56606
32205
49583
56684
5730
33012
49028
49581
56653
56676
5592
5802
33438
5821
56654
56675
56723
5803
49584
57180
57235
57238
57345
56740
56741
56756
56787
56941
56953
56982
44675
45629
45633
49020
56656
56677
56689
49469
49471
49487
56767
56785
56836
57091
5686
32172
56693
57162
49012
57245
57251
57258
8244
32183
32243
45601
56966
57012
57081
8241
32183
33393
57129
57140
57160
56760
56767
56782
56785
56770
56790
56791
57143
32136
32182
32202
8407
32218
33399
44677
44697
45028
8326
32573
32581
32676
5899
56542
56626
32515
45342
45435
45445
44588
44608
45036
44810
55246
55446
6564
44767
46416
6252
56818
56926
5624
56833
56873
54603
54619
54625
56541
50114
50124
50127
50153
46159
46191
46194
46926
44535
52804
52857
52861
44616
44617
44822
45026
56749
56869
52847
52856
52887
49020
56658
56689
56701
56179
56841
56844
56870
32100
32102
32122
52889
53102
53115
48507
56839
56857
56883
50114
50153
50171
52920
6253
50464
50466
45555
45575
45579
45806
6467
44640
45073
45521
45149
56993
57042
57336
33252
45320
57017
57023
44890
44948
55796
6457
32860
57305
45149
56982
45184
45246
45163
56028
56947
32789
32795
32798
32865
8271
45255
45257
45287
32860
56969
57001
32485
57188
57214
32332
32346
32354
32373
45326
45328
45528
45530
57103
57136
57197
45515
45545
45582
45709
45217
45218
57113
57119
45206
45450
45530
56995
57000
57338
55804
55828
55910
56403
56950
56974
56978
57021
46600
46605
45171
45173
45211
6508
45823
46259
6631
54234
54284
55705
55756
55773
55804
55807
55907
32207
56638
56649
57028
57032
57034
32526
57005
57186
44590
44594
44608
49697
50454
56606
32180
32181
32194
6422
6648
67031
5671
57080
57094
57114
32348
32372
32377
6459
45508
45511
45554
45226
45504
44678
45028
8230
32209
32219
52836
52841
52866
57106
57192
57204
32660
32683
32698
6501
6520
7850
5711
33164
33414
33434
5816
33030
49164
5815
32933
32950
49084
49099
49295
8395
32679
32890
33413
48974
57371
57402
6568
8219
32056
32092
56687
56746
56765
56694
56695
49002
57360
57363
32734
32740
32763
32875
48990
49044
49070
49035
49051
49088
6115
9083
14460
67052
55975
56049
56103
45462
45543
45555
39974
57370
32690
32786
32796
49516
49591
49592
55752
55757
55766
56105
5700
49039
57373
57374
48975
48994
48997
5704
49006
49135
49140
49185
49250
45518
45524
45658
49265
49283
49002
57373
57300
57311
57341
57347
49000
57377
57385
32815
33255
57409
39947
44571
48973
8343
12873
33206
33030
33120
49134
49577
8329
8330
57421
59434
59457
65802
61611
61733
45503
45618
56688
56690
56704
56746
32880
32976
8321
49297
33439
49034
49073
32943
33049
33052
33442
32645
32893
33166
8354
12409
12428
48980
49151
49251
8402
49027
57351
33058
33081
33084
33123
33452
33460
33583
8314
33160
33270
12534
33154
33169
8341
33100
33108
5784
12387
49189
62441
49548
49564
49515
49558
49592
49679
33220
33231
33232
49449
49465
49483
49487
5798
12443
12496
5779
12342
12348
12426
12427
12431
12533
12518
12532
12879
5811
33095
33105
33172
12136
12150
12157
8354
12409
33137
33095
33105
33161
33570
12348
12374
12421
62359
62614
12464
12473
12478
12462
12548
33264
33273
57233
57290
57296
12524
62323
62344
62348
49009
49568
49583
32818
32821
32828
12775
63211
63227
63242
5784
49198
49457
32974
32982
32988
33135
12306
49231
62350
11105
11524
12262
11050
11568
12330
12355
33580
49541
13889
64148
64206
49318
49320
49724
5771
49370
49739
49326
49328
49666
33514
49522
49654
49620
49689
49749
5867
49765
49834
12038
12060
33638
49327
49353
49405
49676
49744
49758
63886
6306
49399
49422
5931
33639
33643
51522
64538
64625
49343
49351
5844
49737
49772
49780
49394
49408
50068
12972
49716
63082
50014
50024
50025
50073
12023
12052
12053
12106
33573
49122
49457
11528
11541
11573
8327
12493
12353
12530
62398
12039
33619
49448
62958
12967
12974
49451
63005
63883
64204
49452
63872
63877
63884
63898
62615
62631
62663
49553
49558
49562
49435
49444
49491
49567
49517
49521
49667
6147
44515
44581
12031
49493
49538
49665
62991
63066
63935
12340
12912
11949
12962
62895
12908
62225
62246
62274
33603
33608
33620
12341
12445
12546
12975
13010
63923
62714
62735
62781
63179
49723
49802
52057
32205
33155
56667
49585
56654
56675
49375
49630
49633
49675
5852
49775
49796
49882
49606
49608
49713
8404
33382
33480
33494
49474
49493
49506
49519
8252
33448
33541
33474
33482
33496
33530
8333
33142
6134
8334
49551
49007
49013
57248
57257
5817
32638
33138
32942
33048
48981
49151
57390
32975
32977
5822
33447
33479
33524
11963
12377
12418
33115
49010
49028
56635
56646
8380
33683
8388
33407
49542
49545
32920
32969
33461
33553
49526
49651
49681
5873
49627
50076
33555
49535
49563
33044
33556
33561
33575
5953
6049
14829
52408
49637
49650
49709
33514
49651
49703
8357
32215
33417
33419
33514
49647
49651
32208
32233
34263
12160
12165
12176
49363
49801
50032
10540
17456
17469
8546
8547
17534
64589
64630
64703
64730
49898
51554
51599
5874
51562
51564
49838
49850
51554
49759
63897
63963
49751
49781
6093
49868
51638
6211
50289
50301
50316
50302
50386
50659
50051
50377
50441
50053
50375
50391
50437
51547
51581
51582
49936
49949
50002
51535
6142
51994
50344
50354
50368
5864
5972
51474
33663
33692
33694
33696
49966
51489
51500
6249
56787
56819
49760
64081
64085
64099
13505
51973
51981
52160
52190
52242
5924
49951
50343
52689
50028
50043
50044
50435
50456
52810
6180
51471
51473
5930
52205
52245
6092
52685
52695
49814
50345
50661
50688
51571
51913
52319
51819
51821
51895
49696
52883
56545
56619
50385
50392
50404
50070
50081
50082
51521
51527
51601
50025
50033
50064
50382
50437
51683
51797
51830
51873
13809
13840
13847
52180
52186
52229
52783
13494
52023
52035
52237
6360
6476
45712
46375
53799
54133
54158
7021
47119
47204
54368
54369
54455
54598
46017
46147
6756
6800
48202
48297
6884
48201
48231
48506
56899
56911
46253
46254
46297
50145
52925
60074
6320
48394
52556
8229
31955
31960
52635
52711
52724
52731
6225
52790
52792
52812
52587
52590
31961
32103
32203
6249
56758
56819
48398
48430
52562
56582
56625
48500
50143
50177
46221
46834
48478
52923
52940
60457
60458
60469
60572
50989
50998
51020
51031
48400
48430
48484
50283
50311
50328
50781
6006
52686
52772
56886
56914
56924
56932
48152
48167
60413
60417
60422
60435
40994
46914
50413
50479
52719
6297
53043
53151
52946
52951
52952
6195
52429
52685
52699
50344
50354
50362
50373
6173
52543
52704
50723
50779
50798
6230
52417
50723
50744
50807
6070
50670
50680
52208
52263
52268
49999
50041
51493
51596
49917
49961
5958
50685
50692
50662
50682
52421
5958
50352
51158
7028
41016
41044
41124
7026
44539
52732
52745
52197
52688
33654
33756
52765
52766
52768
50866
50871
6043
51337
51359
50590
50886
51083
52337
5995
50927
50949
5999
50596
50615
50552
50564
51291
51357
51143
51175
52521
50553
50588
51103
51439
51443
51446
5956
50658
51200
51439
51456
51496
51586
5948
5949
6079
6209
50573
51365
51413
50491
50562
51356
50738
51136
51508
50638
51366
52302
6088
51431
6021
52378
52379
44497
52116
52126
52786
51454
51581
51583
6139
52665
50356
50362
50447
50590
50627
50879
50952
49960
50682
50587
50593
50606
50329
51159
50591
50625
50716
50744
50746
50777
50587
50715
51428
50800
50801
51054
6021
52399
52401
5980
52467
52474
51016
51029
5981
6065
50881
50827
50881
60452
50244
50262
50281
50325
50450
50462
50477
50486
50859
51000
5983
50866
6180
50652
51483
51365
51421
51424
50822
50858
50932
51035
51044
51057
51064
48221
60932
60952
60509
60578
60688
50322
50749
50764
50735
50934
50952
51121
48335
52468
50834
50853
50855
50965
50969
50885
50922
50906
50964
50994
50518
50908
50922
6016
50985
50996
51141
48243
60735
60754
6191
12559
48313
60614
60617
60660
50539
50544
51099
48221
60948
60952
50911
50924
51108
60747
60751
60762
60605
60612
60640
6175
50926
50903
50950
50993
50886
50892
50896
50960
50903
50911
50914
50591
50716
51008
51009
51046
50894
50902
50950
51017
52608
6186
6195
7026
52699
59971
60361
60389
7464
6196
52627
52643
52478
52518
52608
52524
52539
52545
50705
51513
52302
52428
52567
52571
52674
6027
51337
51408
51150
52376
52394
52492
48349
51061
60619
51082
51181
51201
51018
52503
52504
50987
48317
48371
48374
6179
51122
51133
51138
51126
51156
51653
6041
51238
51267
6026
50896
6173
52452
52459
50671
50709
50878
50503
50504
50558
52364
52368
51295
51348
51417
52258
52285
52322
51193
51215
51267
50488
50496
50549
51355
6066
51503
51583
6116
51227
51276
52296
52318
52343
52454
51098
51275
51432
51225
51228
51585
51912
51914
51929
51331
51390
51693
6045
51252
51255
51835
51221
51225
51266
50487
51284
51299
51196
51257
51381
51382
51394
50497
51296
51360
51407
51429
51689
51312
51762
51246
51256
51770
51329
51390
51677
51302
51303
51397
6139
6422
51260
51261
51262
6098
50576
51078
51277
6080
52321
52344
50589
50882
51002
6061
51244
51260
51271
51418
51628
51669
51676
6323
6877
55184
67086
51732
51736
51753
51772
51302
51324
51327
51397
51377
51396
51646
6126
6209
51361
51243
51480
50751
50764
50793
6084
6133
51443
49980
50361
50366
50367
50833
50856
51373
51588
51371
51618
51627
51629
51434
51452
51454
51503
51342
51376
51620
50671
50693
50714
50687
50694
52351
52385
50923
50968
60972
50903
50907
50919
52324
52341
52343
48245
48337
60316
60670
6126
51361
51363
51239
51419
51430
6141
51307
51357
51457
51461
52302
52320
52362
51309
51315
51324
51327
51594
51641
51829
51827
51844
51905
6088
51431
49449
49473
49483
49484
49960
49974
51483
6163
52391
52510
52529
51439
51586
49943
51486
51507
51577
51647
64550
51466
51496
52291
52696
52721
49867
49871
51809
51624
51688
51711
51805
49851
49892
51517
50361
50366
50394
50395
50425
50478
52871
51072
51109
6119
6123
51802
6103
51726
6113
51654
51656
51840
51746
51747
64713
6113
51752
59755
59760
59762
59757
59772
59798
59306
59787
51696
51703
51726
65148
65155
65156
65165
57629
65556
65421
51673
51680
51696
51697
51301
51622
51700
51681
13393
51769
51779
6727
67051
67062
51236
52297
10579
17464
51775
51778
51798
51786
51807
51814
51739
51819
51834
51800
51814
51826
51855
51706
51707
51709
51801
51808
51621
51648
49351
49364
49366
51364
51379
6130
51958
52012
52047
51373
51464
51623
65138
65412
65482
51877
51885
51637
51740
51783
64365
64420
64437
51383
51429
51689
33529
49131
44522
52010
52026
13374
13398
51901
52165
52210
51739
51792
51795
6144
7081
6150
6229
44529
52100
50565
51292
51338
49787
49882
51991
13170
64891
64912
12569
67033
13384
13429
13437
51827
51884
51997
44549
44579
13715
13729
14275
6172
6207
44545
44525
44544
6159
52199
52201
6157
44528
44557
45663
46064
46392
44536
52780
52816
6158
44576
44569
44580
52894
44547
6318
44565
44580
52184
52779
13462
13472
13485
51392
51400
51444
6189
6664
9322
52379
52420
13416
13476
13482
51999
49599
49600
49603
49713
15025
15121
15126
6318
44580
52896
51902
51908
52044
52430
52450
52460
51091
51198
51275
44528
44537
33471
52102
52164
52357
52438
51192
51225
51227
50913
50940
52520
52613
52642
52544
52560
52571
52617
52419
52516
52526
52624
51145
51653
51484
48356
52522
52544
52554
52406
52423
52532
49777
50031
52087
52167
48299
48312
48314
48391
48334
52538
60686
52411
52702
48329
52562
52576
59981
60026
60318
6527
6782
48443
48493
52407
52425
52543
6827
48373
48414
50984
51021
51026
52695
52417
52534
50158
50398
50399
50409
44510
52123
52146
50983
51021
51022
52936
52937
52962
52946
52948
52951
52635
52713
52715
52772
6821
48410
48446
40995
41001
41009
46223
46226
56169
48401
52592
52666
52108
52782
52434
52438
52459
51462
50021
50052
50067
50290
50302
6224
52738
52762
50532
50588
51333
52115
52766
52226
52245
46884
46892
48932
44555
52754
52801
49426
49461
49510
62953
52338
52339
52343
50831
60423
60500
49991
52198
52766
52788
52815
52967
53128
52817
52854
44557
52104
48379
52566
52663
52874
53045
53136
50448
50456
52810
44528
44544
52418
52707
52726
52751
52824
52929
31932
52855
52860
53139
49800
49804
50012
50470
52808
52818
52610
52615
52625
44516
44519
44546
48502
52578
52666
52753
52760
52817
52849
51089
51104
51285
52720
52735
52744
49816
63857
63922
53145
56714
56732
13540
13588
64023
64032
44578
53103
53123
8383
49026
57216
57234
6272
38326
53078
53082
31956
31969
32002
32013
8234
31945
53170
56743
56848
52835
52872
52887
33602
33657
34832
56850
56851
56855
45915
45935
6292
31965
35179
53063
6265
52867
52898
35009
53055
53136
8232
52979
53065
44570
44576
52962
52982
52989
52931
56921
56923
52936
52944
52957
6819
46143
52922
52985
52979
52985
52987
48517
52917
52945
52885
53101
6808
48448
48505
6268
52886
53101
52888
52899
52867
52870
52875
6874
48610
52990
31906
32307
53059
8221
53093
41065
41086
41088
41223
6283
45943
48599
48592
48630
48632
6278
35083
48651
48661
41031
41083
41196
42830
42837
48602
48610
52997
7019
45934
45936
6838
52781
7046
7058
41104
41091
52997
8521
35007
35103
35114
35128
8199
34519
34559
31942
31946
32315
35220
35085
35087
42846
7290
41242
42840
32297
53152
53155
6308
34996
35016
32307
53071
34999
35004
53167
35018
44436
53194
52214
52215
52219
52299
6531
41107
41196
35118
53054
33344
33387
34203
6845
33342
44435
53230
52868
52872
52887
34969
34970
44543
52889
52899
44492
49623
56651
34248
34265
35070
34943
34970
8409
33380
49383
31920
32237
35071
53152
34989
35033
33332
33470
33673
29145
29146
34968
53184
12997
13990
44546
44582
32252
34972
52893
11704
11714
13886
52338
52357
52383
52452
31905
35009
53032
53055
44576
52173
52179
52193
52549
52586
52601
49762
49785
49792
49825
40990
41001
48533
52756
59212
33354
53194
34912
34934
34966
32290
33351
34170
52613
52625
52642
44692
45621
46386
6570
45025
45046
45064
44589
44599
44605
45073
56940
57019
57033
57337
56976
57030
57040
6561
46388
46400
46490
46004
46015
46019
46021
45595
56229
56253
44728
44746
46456
46487
44728
44746
46355
46454
45010
45011
45019
44690
46374
46385
46390
45648
45718
46381
55882
55963
56008
46342
46343
46408
46476
44799
44840
44742
44843
46415
44900
44902
44909
44835
44884
32509
45439
45538
54723
54748
55594
55818
55849
44854
44856
6352
44795
44814
44801
44805
44669
44823
55901
55947
44738
44847
44884
55465
55467
55529
55541
32441
32448
32450
32693
45012
45025
45047
54530
54595
54857
55776
55909
56056
46390
44730
44734
44742
44769
45100
45135
45063
45079
45090
45105
45003
45006
45053
55443
55218
55250
55274
44636
44649
44657
44694
32429
45425
45426
55645
55649
55854
56396
56421
56426
8210
45337
45338
6560
44625
44716
44841
45636
45664
45712
46375
45020
45102
44718
44719
46456
6556
45651
45823
44880
55289
55377
55391
55396
55440
55674
55682
55034
55037
55158
55668
44991
44998
44999
55706
55708
55771
6395
45178
45204
45186
45189
55643
55782
55865
55456
55540
6389
45166
44906
44957
45184
45189
45128
45244
6403
45161
45241
44935
55291
45183
56994
56016
57032
57040
45180
45212
45307
45194
45224
45305
45312
45529
45531
45542
45551
6453
32731
32786
32756
32873
33275
45294
45309
7939
32340
45178
45180
56942
56944
57034
45136
45158
45160
32470
45425
45449
45434
45448
45465
45442
45572
45603
45333
45341
45342
45385
7921
45386
45451
55026
55114
55672
45303
45306
45308
44682
44687
46405
32517
45199
45206
45216
45222
57004
45203
45209
45213
32163
32180
32586
31185
31194
31204
31249
8138
32514
38948
39045
45264
7904
7973
31048
39071
32771
32874
32887
32737
32746
32885
7035
57331
57361
31307
31314
31316
32420
45368
45376
38865
38870
45368
45208
45319
45324
45331
7901
45236
45507
31301
31311
31346
32096
45733
31216
31287
32523
6440
45582
45594
45160
45239
45553
45247
45248
45554
8073
8090
8320
31365
8138
32501
31291
32421
8268
32475
32491
32495
6466
45573
45603
6466
45543
45608
45625
45627
45656
8276
32411
32433
45589
45590
45655
45670
45674
45700
45749
45645
45699
45702
46269
8100
31210
31212
32531
8117
32562
38762
45486
38763
45490
45494
31195
31283
31701
56690
56761
56777
44657
44713
45087
55555
55573
55581
55596
32735
32751
32656
32669
32682
32730
45131
45137
45245
45225
45231
45242
45500
33263
57311
57341
45624
56006
56010
45104
45506
45725
45744
45753
45513
45534
45544
45573
38923
38940
38959
45695
45829
45851
38524
38772
38776
55998
56002
56243
45544
45644
44640
44655
8245
49046
49563
45655
45659
45804
46376
6472
45636
45651
46257
46262
46266
46325
45642
46392
46261
46274
46284
46218
46292
46296
32144
45847
45849
6522
7839
45775
45776
6484
7920
38532
31205
31236
31243
7907
38499
38782
38441
38527
45762
45765
7873
7907
38796
45210
45240
45251
8027
38525
38753
44661
44715
44719
32676
32695
32703
32725
8273
45232
45332
45538
45733
45744
45814
7920
32536
38756
45496
32096
45825
45850
46042
46047
46054
46109
32474
32516
32527
44554
49706
56559
45704
45741
45756
45911
45932
45965
32466
32473
32511
6788
67051
7905
32548
38433
56713
56764
56786
46043
46076
46105
43153
43202
43216
43217
8173
45925
46046
45931
45963
45965
8264
32007
32017
56687
56688
56805
45974
48621
48667
6556
46333
6761
38908
67034
45969
46078
48605
7031
35086
41211
41222
38328
41221
45975
38302
41233
41246
35086
45944
45947
45970
6534
45937
7038
7080
38332
31967
32014
32016
32046
45929
45949
46071
35098
35120
35211
46007
46014
46031
31740
45844
45912
45921
6556
6592
45840
45905
45920
38307
45904
45991
8133
45932
45940
41108
46089
46110
7426
60753
52694
52758
52766
41061
41089
41203
41216
41137
48700
48709
41102
41106
35089
38323
48669
53169
52937
52938
52939
52959
7240
46074
46079
50162
50267
50297
52597
41109
46827
46829
41115
41116
46022
46262
41134
60081
60085
60120
32107
32110
32113
46845
46877
46909
40883
47113
41002
46906
46965
46840
46845
46909
6832
46803
46805
46929
46588
46603
46627
6593
46551
46560
46551
46556
46584
46590
46607
41102
41105
41122
46053
46060
46067
46075
56708
56710
56763
46310
46600
46604
46255
46259
46260
46251
46258
46297
46168
46831
40989
48511
48521
8518
46265
46344
46365
46408
7910
44619
46276
46409
56995
57338
57340
46473
46501
46546
46452
46514
46483
55352
55372
55427
46443
46450
32036
32065
44701
46369
46371
44822
45050
54411
54439
54457
54698
46502
46587
6633
46449
46470
46482
46518
46500
46434
46533
46497
46505
46543
46544
46602
46612
46292
46312
46606
55812
55825
55871
45034
46414
46443
46451
45621
45699
46383
56960
57013
57343
46004
46019
46038
46085
46539
46580
46651
46434
46435
55938
55954
55962
56009
56003
57053
57072
54806
55336
55384
46194
46835
46837
46926
54484
56521
60226
46271
46300
46333
46658
46659
54839
54840
54921
54939
6607
6652
46621
46632
54477
54483
56535
46170
46171
46187
46209
56340
56400
56283
56315
56502
46868
46883
46923
41075
41084
41107
6639
40994
46824
47089
47137
41123
46822
46842
46553
46638
46722
54203
54204
54225
46222
46499
46538
46574
54365
46749
46759
47069
47093
47187
47309
46729
46756
46798
46756
46759
46769
46766
46771
46783
47190
46852
46862
46875
6626
46726
46761
46795
46797
46891
46895
46991
48163
60314
60341
47099
47120
47128
46895
46965
47114
6841
46966
47108
47025
47035
47348
46545
46561
46598
53953
53981
53991
46871
46888
46998
47145
47159
47910
46780
46788
46294
46520
46593
46602
46174
46822
46843
54200
54223
54250
54959
46348
46351
46892
46943
48932
41020
46927
48533
46163
46164
46167
46630
46197
46629
46836
41015
41039
41043
46921
6642
40957
40960
40981
41000
46932
46936
40972
41008
40956
40987
41000
41009
47150
47152
47153
47156
7020
40865
40867
41010
47312
47316
47337
47353
46608
46616
46619
46660
61132
61164
61185
7027
46803
46918
46978
47863
53497
53507
46722
46730
46743
46639
46668
47214
47222
47294
48091
48109
48437
6752
47828
47912
54845
54949
53481
53525
53839
53846
53850
53853
47278
47857
47281
47287
47294
47343
54118
54120
54124
46671
46673
54165
54187
6673
6786
12571
53907
53955
54193
7175
47296
47790
47660
61541
61547
6952
47272
47742
47800
46700
46706
47414
47888
47926
6672
40889
40895
40558
40639
40871
10571
12554
14424
47392
47407
47737
47812
40864
47058
48058
6841
47021
47026
40549
47373
47379
40874
40881
48042
46159
46191
46499
46628
46741
46853
46875
6727
66496
67051
47970
48020
48940
47400
47433
47727
47338
47411
47412
48140
7001
40358
6693
6704
40655
47415
47417
47459
48083
48471
48880
6713
40535
40650
40666
40425
40498
40522
40541
40413
40430
40431
47360
47419
47459
6713
40523
47422
47429
47430
47804
47428
47433
47565
47581
47590
47741
7006
40440
40448
47152
47295
6706
6720
47597
47630
47612
47624
47640
47472
47520
47998
40396
40428
47516
40371
40436
40477
40664
6710
47486
47501
47596
47600
47496
47541
48028
40409
47995
48955
6716
47601
47631
47506
47577
6715
47545
47964
40396
40534
40600
40533
47738
47967
48953
47554
47560
47744
6731
47570
47598
40376
40398
7202
40441
47538
6945
40374
40505
7172
47579
47581
7011
40524
47731
47742
47401
47451
47752
6730
47629
47646
40500
40599
40668
47616
47642
47833
6784
67084
6742
47586
47613
47686
61537
47716
47603
47630
47679
47689
47705
47793
47270
47272
47783
47753
47788
47839
47363
47421
48023
48046
7172
47576
47963
40401
47504
47511
47986
40396
47455
47516
47627
47678
47683
47847
47848
47571
47741
47796
47730
47792
47956
47269
47277
47279
47857
47259
47288
47307
61427
61567
61594
61613
53452
53476
53478
47665
47671
47768
61528
47744
47954
47964
47971
47563
47612
7202
40313
40349
6764
40362
47991
6791
47938
48024
61578
61594
61643
46778
47079
54139
47764
61440
61446
48206
48038
48062
48891
48913
53464
53652
53658
61359
61370
61389
47399
47452
12554
14424
67088
6926
47568
47942
47947
47943
48002
48029
47980
47983
48950
40406
47480
47492
47932
47989
48015
47388
47406
47512
17600
40904
48955
48958
48016
48026
48030
48888
6861
48798
48801
39992
40510
6816
48121
48142
7172
47445
47597
47112
47120
48110
6833
48091
48108
48459
6856
48535
48540
48543
48105
48106
48121
48270
48882
48886
48944
7008
40890
48960
6878
48059
48073
48147
6783
48412
52578
48399
48442
48415
48452
48502
67054
67085
47932
48048
48066
6843
67031
6832
46805
46806
46827
6853
52819
47597
47604
47679
47908
47922
48152
47960
6925
40553
40593
40891
48023
48025
48149
60738
60739
60775
60964
6800
48205
48223
60776
48178
48197
48198
48230
61037
61052
61067
6816
48121
48124
48161
39996
39998
48789
48200
47294
47295
48136
48435
48142
48157
48267
50194
50233
60062
46919
46925
46994
52867
52876
52882
41121
46098
46155
46236
48485
48513
48462
48492
48527
6822
48126
48377
41105
41114
41127
48137
48166
48417
48422
48432
48330
48394
52986
48166
51125
51138
51168
61184
61215
48603
52940
47228
53495
53507
6822
48400
48319
59980
59981
59998
50237
50256
13583
64144
64170
48365
48385
50225
59973
48380
48383
48427
48454
48511
48522
48553
48511
48611
48864
41093
48511
48622
48437
52205
52230
52457
8232
52977
52982
60303
61044
61127
46844
46851
46920
44555
52757
52858
40988
48530
48538
45913
45950
45975
46963
46964
40783
42803
48835
6853
6976
12554
48542
48845
48859
48903
34967
34974
35425
48468
48476
48526
48201
48241
48252
48700
48722
48741
40860
41187
42705
48749
48847
48859
48941
42766
42778
42779
8224
35172
13735
13752
41013
41055
42832
48567
48876
52819
67086
6935
40982
40984
6980
40815
40827
40942
41029
48723
48830
40626
42682
42709
7195
48766
48769
48779
42659
42677
42690
6873
39995
48818
48868
40768
42377
48758
48500
50157
50165
39976
40360
48936
41152
48677
48679
48825
48846
48866
40807
40818
40973
40811
40922
40950
40953
48819
48898
48601
48608
52995
48273
48419
48420
48043
48074
48098
67087
47920
42694
42695
42719
40998
41043
41610
41616
41627
48474
48493
48505
50725
50735
50740
50768
48174
48328
48294
48301
48311
7598
48950
41169
48677
48688
48839
40341
40364
40445
48970
40093
40098
40132
6976
7035
67031
67032
40878
40906
40946
39956
39958
39975
40356
52650
52740
52751
7805
40801
40834
6949
40412
48955
40083
40227
42389
40220
40266
40647
40691
40136
40137
40222
40587
40636
41736
40765
40782
41144
40039
42362
48759
7197
42390
42411
7196
42683
42685
40679
40680
40693
40718
40083
40244
42341
40027
40078
40667
42233
7190
42329
42336
40223
40251
42177
42179
40654
40659
40105
40113
40126
40320
6933
40664
40675
40975
7116
42202
42216
42338
40144
40222
40227
40234
42159
42186
42203
7181
42261
42269
40253
42271
42133
42145
42149
42238
41754
41784
42225
40164
40168
40277
40302
40391
40424
40435
40272
40273
40282
40176
40246
42249
6961
40275
40455
40486
40490
40594
40597
6951
40501
47954
47974
6943
40292
40308
40382
7234
42182
42192
40615
40637
40931
35741
47064
47367
40544
40550
40555
40592
40093
40096
40630
40644
40411
47530
47573
40971
40983
7208
40312
40314
40330
36032
48959
48968
40301
40306
40348
40384
40901
40905
40966
40028
48785
48787
48791
40157
40322
42222
41156
41158
41180
41376
7233
40294
40296
47590
47610
47736
48028
40376
40422
40502
40367
47528
47534
47990
47540
47547
47969
47622
47688
40361
47527
47553
40165
40456
40466
40471
40507
40512
40593
47783
40406
47492
47495
6964
40499
40501
40537
48947
48966
48968
40560
40561
40564
40065
40066
40244
40265
40665
40910
40915
35647
39960
40392
48969
42274
42332
42345
42412
40301
40305
40476
40791
40930
40671
40680
42227
40512
40524
40556
40577
40884
6983
40694
41750
40735
41711
41812
6975
41719
41724
7010
40774
40800
40182
40191
42214
40706
41727
41740
41821
41725
41753
41825
42366
40317
40318
40323
7118
7182
42226
41726
41727
41821
52819
40833
40840
42372
7012
42361
42382
7043
41155
41204
41235
40821
41153
7068
41143
41154
41166
40055
40062
42386
40689
40727
41749
42687
42702
42707
42708
40002
42682
48797
40616
40722
40724
42364
40802
40908
40924
40205
40698
42219
40901
40964
41010
40942
40976
40991
7043
41193
41209
40763
40793
40800
41752
41759
41782
42308
40946
40970
40914
41025
41186
47920
48157
48267
40909
40939
40980
41311
41314
41328
41330
7052
41593
41617
41356
41368
41592
39944
39985
40837
40858
41023
46821
47967
47982
48020
40961
47127
40443
40460
40469
35742
48155
48922
48926
39957
48959
53887
53955
53956
40759
41183
41713
40480
40481
40658
42367
42399
40943
48580
48844
46784
46797
47119
40881
40968
40971
41027
41063
41085
41098
41090
46107
46127
40951
40953
41068
41100
53016
53021
53027
40888
40894
46784
47069
48396
52576
52578
52606
48502
52582
52983
40843
40930
41173
41659
41676
41694
52702
41128
46919
41114
46803
41062
41066
41075
40942
40991
41172
41218
45944
34451
42854
42891
41062
46073
46080
38328
45959
45978
7081
41064
41222
41279
45745
45746
46119
38339
41288
41165
41382
46113
46126
46142
46244
47930
48018
41212
41219
41241
41376
41215
41240
41375
48672
7246
7823
41249
41267
41111
46056
46121
46242
38341
41297
41304
41312
31859
43237
43246
43256
43237
43246
43266
43284
38336
38354
38360
7842
41332
41348
41329
41343
41444
41331
41348
41646
42747
7293
31806
31845
31853
41312
41445
41638
41319
41369
41370
46088
46089
38349
38354
38378
31861
31862
43238
41383
41393
41402
41415
41341
41446
41532
41071
45952
45954
8154
31865
31874
7793
41350
41593
7106
31442
41603
8220
41156
41159
41206
41164
41353
43215
43225
43233
7769
38256
38342
7627
38214
38225
41405
37010
41386
41388
36906
36922
36927
31482
38205
36995
36998
37003
37090
41413
41457
41472
37830
37835
38080
38145
37012
38144
38201
41596
41597
41611
41691
7803
38317
38411
67033
38251
38290
38590
41451
41462
41463
41477
7201
41344
41617
41643
41541
41545
41648
41523
41527
41636
41647
36929
36931
41477
7820
37066
43213
41310
41411
41428
41447
34434
42943
44088
7128
41563
41566
41848
7227
41528
41567
41639
36824
36832
36913
41870
7680
36942
36988
36999
7769
31458
38342
31617
31658
31718
36919
36951
36963
37072
7284
41485
41501
41674
41683
42624
41576
41583
41584
41856
36273
36283
36325
36844
36876
36880
36903
31919
31985
31995
41686
41718
42734
41717
41824
42379
41651
41657
42726
35198
42767
42789
42843
42625
42731
42904
7141
7157
7625
41872
41662
41667
41694
42416
41779
41780
42215
42359
41816
41830
42455
42378
42381
42681
48781
40070
42252
42262
42388
40335
40438
42201
42256
7186
42251
42186
42209
7186
42196
7203
42155
42240
7123
7212
41905
41954
41702
41710
41716
41732
7185
41778
42053
42243
41927
41937
41543
41553
41569
42636
36813
36829
36849
7513
7599
36904
41491
36251
41899
41910
41883
42615
7464
12613
67092
41884
41898
41900
41973
42656
42738
42748
35883
36429
7152
36265
36268
36311
36314
36363
36147
36217
36227
36238
36074
42032
42092
36197
36243
36378
42426
42429
42445
42518
42154
42278
42287
42323
7442
42297
42431
41847
41913
7185
41937
41955
42053
36826
41847
41853
40297
40312
40344
7575
36126
36140
42142
42279
42299
7215
42083
42140
42324
41935
42031
42238
36212
36250
41889
42152
42155
42160
42189
36079
36163
42499
36211
36217
36227
36251
41892
41903
41989
42015
42044
42062
41941
41944
42231
7170
42089
42124
42125
41891
41899
41777
41922
42438
36068
36105
36215
36232
41919
41951
41968
44368
42490
44364
44397
42298
42324
42357
42159
42166
42284
42344
42052
42054
42055
42120
42123
42129
36162
42077
42124
36163
44371
44374
44377
36075
42482
42494
42086
42089
42279
7203
7205
7494
7499
40402
47615
47626
47627
40304
40391
40414
40435
47292
47414
40459
40465
40471
40458
40472
40535
40650
40453
40465
40528
42197
42200
42262
42331
42345
42274
42334
42412
42205
42255
42311
42442
42446
42516
7228
42320
42639
41923
42211
42216
7232
42491
42499
42254
42263
42269
42296
42319
42353
42688
42313
42452
42196
42216
42224
42272
42283
42296
44245
44262
44316
42065
42431
42661
39978
48772
42667
42680
42413
42421
42432
42653
42674
48335
48371
52564
42413
42459
42684
41622
41655
40371
40513
42228
36825
41854
42417
42250
42302
41721
41738
41823
42370
7442
42119
42465
40327
40344
42038
42234
42604
42607
42617
42627
50329
50673
52416
41950
42245
36282
41857
41859
41864
42088
42109
42135
42239
42281
42323
35574
35754
44238
44417
36109
36114
36115
42023
35568
44120
44261
7278
7344
36800
43591
43616
44115
44116
42599
42602
42909
7942
7945
66487
36199
36287
36357
42655
42936
43370
36283
36287
36357
36284
36813
36819
41515
41530
7478
42410
42643
7485
36002
36023
40669
40673
40917
36344
36574
36579
42552
40311
40316
40348
40233
40235
40242
7360
42426
42523
42529
7534
7543
36840
36853
36862
36869
42385
48748
48799
44451
44455
44457
44486
45955
46080
7285
42607
42609
7267
42722
42742
42930
41177
41199
41201
7247
42869
42882
42722
42742
42821
42928
41256
41363
42880
42891
42627
42666
42738
44200
44201
44296
7806
43194
43198
43344
35161
35176
42827
34451
42781
42855
43160
43186
43206
8039
12894
45939
45942
45964
45967
35183
42906
43196
35224
42893
43017
40887
48901
48916
34464
34502
34507
34511
42593
42616
42657
42934
42950
42954
43544
44097
7344
44028
44108
44238
42566
42943
43565
35528
43547
43596
36360
36363
36521
35295
42921
42937
43392
42721
42739
43056
44224
44235
44354
8142
30951
31361
26499
26607
35511
7328
26745
26748
26776
7303
34436
34443
41493
41519
43107
34424
43341
43374
42582
42585
42590
7663
36731
36740
36756
36778
43103
43109
7404
44108
44120
42995
43356
43375
43414
31450
31461
43150
43365
43185
43197
43206
43374
31444
43124
43220
7675
31468
31485
41502
41506
41873
42623
42731
42934
43016
43383
43407
41469
41499
43107
42755
42782
42857
7297
43328
43396
43406
42836
43302
34470
34473
43307
35201
42879
42958
31800
31801
31829
43139
43141
43177
38251
38359
38365
8157
31378
38463
38604
8194
43335
42980
43011
43037
43385
43040
44156
44232
36787
36894
44263
26813
26814
26827
26849
26748
26749
26783
34421
34433
34446
7342
44179
44193
44279
7621
36909
37064
43458
43464
43841
8496
34466
34486
26566
44096
44218
26497
26767
26792
7312
26788
35278
26758
43426
43440
26607
43536
43550
43631
7903
12556
38803
67034
26857
30945
42998
43042
7366
43735
43912
26570
43824
43831
44061
35531
43530
43536
43589
44133
44148
44355
35293
42960
43556
26706
26718
43643
43922
44165
26711
26754
26610
26660
26683
26891
43012
43046
43069
43382
26744
43475
26791
26818
26905
43597
44150
44175
7443
26818
7677
43446
43520
43896
43917
43975
43978
7419
43914
43920
43921
26722
26726
26743
26841
26707
43751
43818
43900
26550
26601
27072
42536
42555
42672
7377
7424
35709
35571
44016
44017
43494
43603
43737
44138
44141
44146
44161
44165
44216
44107
44039
44065
44079
44090
44153
44174
44186
26856
43696
7367
7418
43939
44199
44202
44204
44207
42537
44044
44124
35587
35675
35908
35621
35640
44305
35638
35649
35827
44321
26726
26856
43902
43938
43951
43983
43843
43849
43862
43888
43902
43919
43962
43927
43962
44257
43670
43688
43709
42528
42548
35614
35633
35690
35693
35609
35730
35785
35720
35803
35804
7377
35590
35617
35705
35626
35659
35676
7419
43913
7623
44195
44226
35618
43973
43991
35545
35562
42945
42969
43569
35667
35686
35750
35806
35548
35559
35580
44019
35613
35617
43999
35733
43958
43996
7377
35608
35617
43969
41578
41585
41860
41865
26652
26716
27106
34425
43419
43425
43490
31863
31883
34494
43592
43862
44178
42870
42893
42967
43705
43706
43732
43770
26738
26782
26901
35628
35631
43949
26714
43641
43706
43734
43920
43932
43950
36253
44294
44295
44297
35629
35631
44003
43092
43097
43183
35566
44269
44270
44276
36289
41892
41902
41918
36802
44184
44236
43958
43968
43972
7457
35654
35661
35666
35624
35630
43974
44035
35596
44011
44013
44016
36793
43050
43064
44260
36359
36360
36361
36257
36297
36298
36322
44026
44031
44352
35663
35706
36038
35647
36042
39944
48963
35568
36393
42717
42739
42748
42518
42611
42612
42631
36116
42085
42121
42236
36830
44227
44233
35755
36043
36047
36058
7421
35604
35704
35732
7427
35714
35715
43759
44004
44094
7420
7436
35622
35606
43989
43990
7422
35779
35805
43592
44063
43672
43787
43802
44194
44200
44226
43922
35623
35625
35626
35599
35603
35775
35782
36516
35786
35794
35804
35600
35608
35710
35763
35766
35810
35814
12642
35731
35794
35600
43963
35627
35667
35692
44299
44312
44411
35899
36424
36431
36460
7472
35880
35902
7465
7467
36492
36505
36484
36495
36529
36203
36382
36712
35640
35676
7556
35645
44318
44319
43938
43979
44022
7451
35735
36063
7441
35589
35591
35579
35594
44012
42067
42306
26797
26798
26956
43576
44077
44078
7456
35643
35656
35707
35892
35922
35933
35833
35854
36461
7456
35820
35863
35771
35780
36037
36078
35536
35543
35554
35583
35717
35720
35784
35951
35953
35962
35993
35965
35976
35978
35632
44015
44191
44418
44420
44425
35678
35674
35846
35807
35811
35824
7491
35680
35807
36207
44409
7532
36449
36518
7583
36345
36727
44335
44347
7942
8015
36488
36532
36637
35930
35948
36525
36637
7553
36459
36468
36524
35815
35988
36463
35986
35993
36008
7579
35906
35963
35966
7683
35862
35874
35911
35988
36432
35839
35875
35877
36482
7516
36152
36155
36184
36486
36496
36497
35940
35947
35949
42317
42434
7665
36694
36896
7481
36304
36313
36342
36370
36588
57360
57369
57373
57384
35877
36040
36474
36093
42008
42012
36049
36067
35997
35999
36182
7532
36417
36527
35879
35936
36456
7490
35825
36053
35911
35988
35825
35904
36064
36075
36080
7552
36026
36052
36059
41789
42240
35112
35146
35211
35982
36177
36180
35852
35973
35979
35986
40352
40361
40441
41780
42228
43936
44003
44034
36131
36140
36222
36005
36103
36191
35558
35721
35809
42405
42424
42643
7524
36387
36483
35779
35787
35810
36136
36148
36901
35836
35873
35897
36434
7544
35894
35916
35929
35917
35919
35924
35955
36103
36190
36192
36233
36252
41886
41888
41973
7619
36882
7670
36813
36819
36439
36458
36157
36190
41840
41844
41925
7607
36845
36856
36895
7558
36635
36648
36670
35902
35954
36464
35761
35778
36428
36481
36483
36401
36426
36441
35837
35868
36195
36495
36507
36637
36398
36402
36404
36443
44241
44243
44250
44271
36448
36716
44331
35919
35926
35934
35935
36410
36411
36562
36697
36245
36246
36276
36392
36403
7544
35898
35922
36474
36728
36854
36867
7569
36563
36584
36647
35848
35849
36171
36762
36790
36851
35567
44357
44369
40121
40133
40140
36567
36595
37293
36533
36534
36555
36568
36589
36690
7676
36853
36869
35895
36464
36396
36402
36462
36730
37163
37277
36517
36528
36555
36561
36413
36509
37281
7550
36610
36614
36627
36592
36631
36484
36495
36497
36056
36068
36478
36479
36487
36444
36445
36458
7564
7703
36798
35827
36452
36707
44334
44336
36656
36665
36641
37170
37174
37184
36553
36562
36598
36626
37223
37226
36729
36740
37136
36669
37165
37180
7565
36709
36799
7703
36739
36586
36592
36599
37224
36707
44340
44341
36329
36589
36596
36511
36555
36559
7685
37073
37105
37161
37138
37154
37198
36622
36625
36631
36749
36752
37063
36531
36537
36235
42032
36562
36685
36694
36697
39504
39509
39516
39521
7602
36729
37168
35934
35941
7626
36272
36811
36822
7612
37226
37240
7678
37062
37104
36360
36399
7662
36767
37065
7663
36755
36763
36203
44312
44330
44337
7673
36571
36593
36668
36673
36681
37135
7664
36773
43105
36616
36617
36621
36623
26709
26730
36759
37079
37167
36625
36646
36660
37208
7614
36863
37216
37127
37188
37328
36753
36765
36791
36801
36875
44225
47979
47983
48940
7619
41496
36868
36877
36952
7618
36874
36891
37011
7617
36682
36683
36708
36723
34449
43221
43252
43354
36787
43045
43048
44225
36302
36355
36580
44333
7611
7651
7611
36273
36294
36321
7610
36869
37216
36870
36878
36905
37227
37228
7614
7676
36611
36618
36278
41857
41864
41879
36794
36875
44278
36757
36759
36887
36888
36899
37070
37141
37918
36781
36761
36769
36807
35658
44202
7697
7700
36891
41899
41967
36810
36833
7797
41403
36999
37358
38151
36646
37226
37186
37189
37193
36969
36970
37017
37160
7691
36973
37242
37248
36997
38132
38133
7737
37359
38170
38179
37469
37480
37499
37500
8020
38133
38148
37310
37317
37323
37351
38169
38215
7757
36985
38129
37968
37999
38007
38055
31438
31453
31471
31485
7680
36954
36966
36999
8146
36985
36996
38138
37252
37282
37366
31483
37107
37878
37888
7666
8187
36962
37236
36749
37063
37069
37071
37134
8150
36935
36937
37068
7657
37111
37864
7668
36293
36845
38091
38127
38173
38292
41506
41590
41873
42596
31389
31772
31776
37058
43076
43183
38152
43100
43213
37886
37892
37894
36295
36325
36357
43101
43123
43126
43144
36628
36651
36655
37218
43035
43071
44272
36770
37054
37062
36754
37043
37049
36406
36414
36727
36958
38134
31493
37877
37912
36301
36848
7702
7714
37100
37103
41581
7678
37063
37070
36768
36779
43086
36590
36608
42896
43289
43323
8192
31476
31492
37216
43518
43725
44151
37065
37069
36915
36923
37004
37090
36941
31427
31429
31816
31424
43138
43156
35956
35964
36677
36732
36734
36739
37096
37221
36953
36956
36970
36986
36267
36270
36324
41874
37265
37268
37270
37290
37110
37340
37353
37356
38205
36971
36992
37213
37226
31474
38168
37310
37331
37413
7716
37112
38170
37005
37007
37053
36881
36904
36934
36912
36927
37072
37034
37844
37884
38092
36885
36938
36939
37388
37414
37102
37889
36684
36702
36592
36667
36733
36855
36701
36754
37506
37507
7712
37228
37240
37249
37253
37257
37357
7719
37301
37364
7792
37228
37244
36617
36622
37209
7792
37237
37323
37381
37519
37739
37150
37894
31491
37071
37084
36967
36983
37896
36968
37245
37255
37256
37243
37254
37259
7745
37192
37247
37078
37096
37918
36748
36767
36807
36656
37225
37329
37629
37632
37343
37349
37501
37907
38015
38029
7789
37459
37708
38136
38155
38182
38538
7730
37347
37482
8013
37389
38125
37335
37337
37338
38045
38282
38594
37524
37548
37620
8040
37523
37624
37625
7994
37638
37643
37646
37429
37552
37561
37706
37433
37467
37509
37708
7784
8013
37684
37729
38117
37554
37555
37706
38001
38090
38095
7782
37604
39700
37611
37634
39526
39528
37573
37577
37589
37596
37574
37578
37596
39559
37193
37292
7781
37645
39540
37983
37986
39645
7763
7785
37542
7758
31534
31602
39461
39487
39488
39490
37492
38093
38106
37480
37490
37499
37792
37799
37974
37735
37743
37746
39566
37824
37876
37899
7979
39651
39662
39667
38169
37783
37798
8158
31561
31645
7880
31592
38593
31129
31570
31698
7822
37958
39629
37549
37557
31477
31479
31811
37187
37206
37207
37210
37654
37659
37663
37667
37950
37956
37973
38108
38116
38118
38124
38230
38356
37619
38008
38099
38117
37941
38027
39619
31523
37945
38621
8161
39718
39727
38132
38169
38174
7849
31122
38751
38627
38659
39675
8048
31529
31565
8054
8153
31565
8012
39542
39598
39695
39699
39754
7989
8005
37597
39569
39588
38539
38549
38550
38626
37359
37383
37425
37430
37569
36962
37214
37222
37236
36955
36957
37234
37256
37361
38131
37374
37483
37902
37471
37508
38098
31459
38206
38289
36975
37233
41356
41656
7822
38084
38562
37043
37853
43132
7855
8176
31609
41396
41405
41406
37249
37301
37371
37376
38339
38362
38376
31406
31421
31992
43351
31381
31517
31782
45987
45988
45994
31984
38324
38384
38394
38405
40857
40858
35197
43338
38324
38336
38411
34477
34480
34484
43294
31654
31833
38248
38402
38232
38346
38347
38350
31387
31393
31500
38434
38443
38454
38522
31466
37021
37038
43116
31830
38335
38337
38373
31392
31856
35176
35177
42896
31572
38667
38672
38674
41592
41619
42824
43167
43171
43172
43082
43084
43099
46018
46108
37939
37959
41251
42804
38310
38313
38319
38436
38476
38616
38784
31780
38400
38417
38526
31966
31971
31975
31732
38406
45877
31618
31672
31685
31713
31616
31648
31650
7862
38483
38486
31747
31771
31805
31854
31807
38320
38360
38401
32127
34503
43261
31660
31680
31709
31717
7868
31667
38495
38502
38358
38410
38418
45880
8175
31711
32033
32080
38781
45781
31283
31673
32552
7863
31616
31649
41326
41593
31688
38513
38784
8085
38472
38487
38794
38670
38747
39634
31490
31495
31597
37834
8153
31525
31570
38078
38542
7919
38619
38628
46042
46056
46109
46274
46300
46333
46804
46824
46839
31147
38786
38796
38368
38369
38469
31604
31606
31488
31809
31828
7893
31123
31125
31146
38686
38697
38712
38694
38697
39639
31572
38667
38789
39638
37715
37725
37730
38012
38471
38488
38520
31611
31614
31617
39442
39443
39702
39706
37972
39613
39659
38625
38654
38751
39644
39698
39845
31998
38498
31031
38692
38693
38692
38695
39639
31595
31624
31625
31647
31190
32541
34491
31031
31158
7928
8135
31158
31302
38821
38881
31085
39142
39153
38415
41229
41253
45986
7903
7933
12663
38803
8180
31182
31665
31724
38614
38639
46035
46036
46048
7928
38785
38834
37791
37796
37798
7936
46034
56864
56867
37997
38000
38010
38090
8181
31595
31647
31648
38637
38668
38684
39630
31427
31431
31438
39493
39494
32086
32124
32128
41360
48652
48655
48666
31635
38693
38824
38831
7923
8109
38882
38884
38901
32434
38871
39037
31041
31050
31087
39747
39748
39809
30970
39014
39022
38735
38979
39072
39636
38838
38840
38937
45237
45239
31152
38847
38850
38954
7990
38920
39078
38404
38420
38430
31044
31070
31124
38777
38780
31019
38906
39009
39038
38967
45272
45281
45372
44840
8057
31003
31080
39858
39868
39873
39882
31034
31081
31083
31267
31274
31367
38749
39149
39673
31047
31124
31269
39029
39048
39071
39056
39079
39166
38751
39641
8213
45333
45334
45349
39231
39259
39333
8102
31121
31129
45569
45606
45640
57155
57176
57207
57214
8112
30997
38718
38720
8275
31324
31326
31119
30956
30961
31000
39103
39105
39121
39937
31360
39015
39026
39069
38723
38724
8781
12894
31725
32041
32047
30984
30993
31012
56845
56868
38730
38806
38807
31130
31132
31536
45190
45195
39888
39904
39905
39902
39934
67092
39145
39156
39803
39242
39250
39255
39413
8015
67002
67049
39298
39332
39393
39375
39389
39397
39477
39220
39226
39235
8160
39798
39807
39289
39922
39289
39301
39915
39929
7959
39916
8002
39304
39339
39496
39500
39337
39376
39938
39370
39495
39688
7966
39307
39309
39310
7961
7966
39308
39311
39320
39331
39330
39340
39355
7968
39318
39422
39303
39318
39338
39328
39355
39368
7966
39306
39311
39343
39361
39822
39911
39338
39907
39911
39929
39308
39312
39402
39411
39511
7991
39326
39383
8015
12642
39476
39515
39802
38920
38921
38925
39416
39434
39511
8002
39339
39345
39194
39215
39219
39249
8022
39411
39417
39419
39668
39754
7985
7996
39473
7998
39388
39400
30967
39829
39921
8007
8067
39460
8065
39818
39829
39470
39549
39796
8061
39512
39537
8061
37989
39557
7998
39380
39420
39474
39542
39543
37581
66487
67049
39361
39382
39393
8004
39522
39589
39617
39631
37648
37749
39507
39600
39469
39470
39472
8008
39410
39917
39398
39712
39724
39734
39736
8160
39798
39836
39346
39424
39426
39276
39356
8005
39542
39598
39494
39537
8012
8032
39542
39484
39541
39804
39805
39835
37316
37323
37519
37637
37689
37733
37334
37344
37441
37456
39726
39795
38167
31415
31418
31432
44731
44745
46363
46447
39484
39498
39796
37956
38026
38084
8053
39837
39856
36987
36993
37000
37448
37452
37676
37909
8023
39562
39579
39520
39604
31535
37788
37804
38056
41117
41355
46094
39444
39692
39707
38517
38532
39840
39843
39873
8086
39888
39896
39899
39388
39396
39827
8044
39597
39599
39625
39552
39627
39484
39498
39802
38991
38996
39158
39167
8063
35535
35539
36054
37972
37991
39656
30996
38749
39666
39180
39181
39251
8524
8781
8060
37626
39439
39692
8186
39448
39573
39575
8166
31128
39741
39626
39707
38549
38556
38557
31493
37458
37900
37916
37793
39720
39810
8098
31543
31564
8139
30990
31074
39869
8127
8166
39731
39584
39589
39692
39342
39360
39928
39814
39850
31557
31567
31590
37625
37650
37686
38265
38269
38467
30999
31023
31060
37724
37740
38033
39455
39705
39728
37689
39532
39505
39540
31082
31095
39776
39780
35556
35573
39245
39334
39405
39923
39912
39917
39406
39421
39485
39489
39459
39461
39487
8140
30957
8140
30951
31011
31361
8140
30956
31011
31350
32382
32422
32349
45335
45367
31308
32782
30949
30959
30966
30975
8084
39865
39885
39942
31046
31272
31367
8084
30992
39888
39904
30935
31048
39041
31007
31045
31232
31272
39168
39184
39254
39428
38991
38992
39154
39124
39129
39199
39180
39189
39755
31005
31636
38687
30991
39900
39931
8129
31329
31347
31372
39482
39488
39514
39522
30990
31074
39868
39873
31314
32453
39880
39885
39890
39942
31075
31092
31116
31563
39297
39341
39371
39395
30982
30985
30995
31012
31114
39438
39452
39455
39491
38743
38749
39673
31549
31568
31534
31544
31602
31211
32535
31248
31279
32028
31107
31125
39073
39082
39101
39104
31586
31589
31634
31037
31091
31230
31082
31096
31285
39747
31149
31527
31529
31531
31146
31198
31698
31575
31577
31579
31581
31621
31850
38726
39007
30981
30987
31081
31084
56967
56969
57009
57015
31163
31231
31284
32028
31135
31142
31198
38758
38764
31687
31710
32033
31229
31249
32539
32387
32395
32453
31149
31525
31527
31536
39903
39908
39914
38788
38809
38937
8239
32560
32563
30931
30933
30955
8164
39778
39779
39780
31130
31524
39448
39520
39576
31263
32382
31217
31226
31280
31282
31092
31110
31116
39738
32084
32151
45914
45930
31363
39070
39081
31635
38788
8332
32483
32699
39761
39765
39774
39786
32425
32432
39876
39880
8184
31610
31625
30943
31260
31268
31276
8207
31876
31995
37019
37023
37032
43114
38148
38169
8193
31991
31996
32017
32037
32065
32109
31628
31637
38498
36936
37234
37298
37315
37387
37559
31505
31518
31540
31555
31578
31847
31849
31860
37254
37255
37259
36666
37153
37190
38462
38586
31560
31562
31607
45597
45691
45721
39793
39800
39552
39627
36957
36959
36965
38489
38691
38786
31104
39808
39767
39850
39862
39730
39740
31037
31086
31091
39790
39799
31138
31554
31584
31588
32165
32586
32613
31748
31749
31766
31770
42981
43060
43085
46035
38569
38633
32034
34489
31516
31553
31721
32538
32582
39714
39720
37806
37921
38293
31172
31686
31394
31613
37982
37995
39624
39684
39117
39123
39165
39202
31395
31594
31595
31664
31670
39570
39577
36980
38134
34505
43240
43264
43297
31640
31644
31670
31714
38819
38821
38900
31729
31760
31786
31821
31824
31970
31980
35509
43509
32065
32109
32114
31726
32041
32154
48580
48853
48867
48876
31886
31981
34506
34514
34518
34528
8203
31973
34521
35058
32497
32528
32532
31984
38306
38311
38325
8476
34520
34495
34516
34518
34528
38422
38431
45911
31779
31848
31997
31868
31877
31978
8259
33391
35039
8215
8217
34498
34512
45318
45329
45335
8214
8603
38711
52770
8262
8476
34218
34536
38761
45496
45497
52832
34499
32020
32038
32054
32600
8514
34507
31409
31433
31596
32052
32070
41158
41247
35096
53146
31954
32122
32145
34998
35011
35142
53072
36784
42979
43166
43189
31940
31955
32123
42867
42872
42892
8482
32147
34527
31954
32122
32143
32227
34204
8239
8302
32566
32599
52973
53036
32164
32571
32612
53119
53130
32625
32628
32629
32631
32135
32183
32243
32980
56657
56670
56671
32604
32659
32678
32209
32327
33396
32161
32169
43219
43252
43300
43355
32058
32108
32546
32124
32133
33115
49011
49022
8261
32133
32211
49706
56573
56608
56630
8504
32476
32565
8382
33428
33447
34152
34202
34260
34146
34148
34161
34192
32218
33399
34251
34253
34565
31902
32298
34214
34554
33371
33410
33470
31921
53026
53041
53135
8480
34144
34268
35113
35117
35120
35121
31902
34224
34554
35132
35133
8400
32145
32317
34214
34262
37576
37619
38102
31968
31970
32121
56709
56733
56783
32803
32831
32877
31239
31255
31689
32468
32473
31310
31325
31327
31339
45433
45445
45612
45316
45348
8304
32357
32487
45321
45325
32358
32359
32389
32394
31325
31331
31364
32410
32436
32469
32690
32718
32731
32779
31195
32038
32537
32600
57167
57195
57207
32692
32709
32802
33010
33135
33440
12403
62428
62439
32935
32975
33117
32928
32935
32971
33009
32988
32990
33010
8287
8290
32635
32648
32649
32757
32685
32687
32721
32658
32705
33008
32666
32960
8392
32624
32994
32486
32665
32681
32666
32963
33007
8323
32668
32706
32642
32691
32705
32716
33448
33480
33718
32769
32781
32847
32443
32480
32686
32793
32844
57269
57298
32906
32978
33269
32685
32727
32730
32054
32695
32703
32793
32437
32503
32692
32728
32733
57334
57338
12454
33220
33203
49264
49282
8323
32656
32696
32880
32882
8316
32829
57261
57363
32939
33269
8343
12439
33206
33276
11016
11018
11113
31317
38969
45362
57312
57323
57365
31335
32453
32916
49267
32941
32942
33048
32671
32681
33522
33557
33565
8328
32480
32717
32793
8411
32986
12336
12421
32669
32696
8421
32616
33164
32622
33000
33457
33527
32446
32447
32670
33131
33168
33407
49539
33545
33559
33589
33625
12960
33580
49447
33035
33038
33042
33492
33495
33661
33065
33564
33581
33592
33096
33182
8420
33087
33156
33573
49464
49473
49484
12444
8358
12490
12531
8355
32819
33276
8348
12392
33549
12396
12425
12434
12402
12414
33180
12463
33206
11929
12379
12945
49198
49457
49462
49166
62590
62941
12459
33103
32818
32820
33257
12452
33171
33185
33254
33493
12468
12474
12491
12456
12458
12469
12543
32973
48978
49278
32713
32876
32889
12542
12547
12879
12887
32365
32845
34084
34090
34117
34820
44468
53109
53122
32238
32321
32326
33357
33826
33872
33880
34087
34092
34134
31939
31958
32309
34163
34164
34837
44434
44488
53190
53209
33298
33366
33372
33384
32324
33355
34203
50407
50474
50475
33289
33306
33308
41284
41290
41298
41305
32216
32228
33394
33685
33723
33727
33477
33544
33163
33460
33465
8481
33405
33420
57230
57244
32177
32185
32197
32212
33486
33512
33530
33404
33405
33541
33424
33431
33870
8399
49551
33527
33561
12969
62940
62945
62964
33154
33160
33270
8395
33413
33415
32573
32598
32663
32676
32821
33169
33253
33436
33092
33107
33122
12392
12419
32899
33001
49477
49542
49543
32140
32187
32249
33359
33392
34210
49031
49045
49073
32870
32884
32885
32226
33399
49412
49520
49658
32319
32320
33396
32229
32239
56585
56589
56597
49340
49382
12087
29201
29209
29241
32153
32569
32581
8413
33444
33481
33303
33483
33515
12413
12427
12451
12436
33079
33615
11948
63075
63086
49326
49666
50065
33449
33517
33870
33341
33867
34091
12412
33178
32654
33051
33654
33735
33756
33490
33513
33675
33679
12022
12053
12106
12064
33754
33755
33472
33675
33677
33702
33728
33744
11942
33064
33066
33600
33662
33682
33939
33664
33691
33716
29192
29197
29216
8436
12045
33643
12066
12089
34154
34157
34160
34137
34138
34144
12042
33659
29253
29314
34720
29283
29288
29308
29323
29290
29304
29294
33905
34761
34881
29245
29251
29278
29287
29289
29311
29312
29272
29277
12055
33845
33847
34094
34836
27595
33949
27689
27703
34699
27580
27584
27591
33971
27594
33979
34688
27735
27749
27757
27781
34010
34015
34020
27565
34063
34297
34627
33893
33897
33899
34053
34057
34060
34714
34725
34726
8468
27565
34668
34694
27589
33895
34108
34116
34118
34155
34192
34202
33293
33295
33534
29188
29191
33793
33834
34753
34775
34839
34840
33291
33299
33305
35077
35329
35402
27471
27477
27494
8485
34540
35040
34193
34206
34220
34227
34644
34651
34771
34188
34193
34255
34539
34544
34555
34469
34550
35036
35136
35170
35187
35339
31931
52209
52336
34271
34278
34375
34228
34229
34142
34148
34192
33432
33479
31961
33374
33343
33348
33369
34890
34927
34955
34226
34534
34613
35313
35378
35384
34452
34455
34467
35264
34612
35300
27473
27495
26836
26863
26897
34376
34379
34388
45463
45464
45559
26822
26916
34377
34384
8526
27082
32284
32320
33396
34547
34550
34377
34394
34397
35311
35349
8603
67092
43346
43353
43369
43407
35284
35386
35387
26504
30936
30937
35075
35301
35321
35324
32573
32674
45219
45231
45323
45325
31774
31841
35152
43371
43405
43408
31899
31908
31915
35124
32102
32122
32134
34560
43291
43309
43343
34307
34326
34382
32239
33427
8530
26950
26974
27089
34512
34519
32159
32162
32181
34415
35216
35275
31886
34487
34506
45743
46024
46119
34339
34376
35428
26933
35456
35193
35243
12059
29127
34874
34930
34155
34165
34202
67030
34286
34324
26940
26941
35443
27362
27433
27449
27470
35035
35139
35141
26972
27500
34022
34130
34132
8535
34610
34748
34774
34776
34786
26944
26948
34312
8541
34599
34622
27545
27547
27621
27681
27682
27683
34935
34949
26945
27431
34640
34748
34919
34617
34626
26500
26512
35262
27443
27460
27482
27731
27734
34896
35313
35382
17552
17563
8548
8602
17548
8551
8657
10536
17507
17508
8565
8576
17560
8553
8554
8830
8569
8775
8558
8759
8887
8558
8565
8576
8759
8557
8725
8751
8564
9187
9187
17359
17363
17364
8561
8578
8590
8592
17549
8575
8626
8775
8564
8726
8779
8842
8731
8725
8575
8759
8775
8569
8805
8817
8571
8770
8805
8570
8846
8620
8775
8620
8754
8731
8779
8780
8599
8726
8758
17450
17452
8725
8580
10580
17527
8731
8780
8667
8780
17525
17528
17532
8582
8600
17541
8672
8720
17298
17338
8585
8589
8615
8604
8607
8672
8587
17543
8600
17561
8589
8613
8644
8590
8593
8615
8607
8615
17527
8731
8644
8780
8595
8597
8654
8667
8611
8644
8597
8661
8669
8760
8599
8669
8761
8779
8607
17542
8608
8613
17550
17553
52832
8608
8613
8665
17313
17325
17349
10582
17520
17543
17561
8614
8611
8625
10572
17463
17539
8613
8624
8695
17301
17561
17529
8617
8619
8691
8668
8715
8760
8621
8670
8715
10573
8656
8715
8805
8663
8666
8753
8624
8628
8657
17370
17548
17559
8625
8668
8691
8719
8754
8628
8629
8668
8715
10573
8635
8687
8688
8661
8669
8728
8638
8677
10575
8635
8660
8673
8656
8671
8753
10576
8638
8699
8777
8641
8762
9291
10001
16430
8643
8697
8645
8650
8645
8756
8667
8747
8663
8753
10574
10576
8650
8661
8756
8666
8670
8663
10573
8655
8700
8746
8777
8668
8760
8662
8771
17382
8659
10576
8777
8714
8696
8697
8828
10574
8676
8672
10572
8746
8714
10575
8688
10544
17295
17296
17301
8684
8687
8695
8682
8688
8693
17310
17322
17323
8682
17490
8684
8689
8695
10544
17334
17510
17515
8684
8750
16961
17329
17333
17335
24074
24108
26467
8690
17536
17144
17206
8750
8698
8712
8728
8761
8728
8756
8699
8708
8722
8750
8756
17295
17303
17536
8810
17325
17349
17287
17288
17293
17303
8720
17337
8718
8722
8709
8730
8718
8744
8850
8712
8717
8721
8827
8712
8713
8827
8733
8747
8811
8716
8716
8760
8747
8850
8726
8764
8842
17510
8730
17271
8750
9442
9451
9519
17182
17192
17198
17209
17271
17444
17453
8732
8736
8734
8748
8749
17270
17373
8736
8743
8755
8738
8739
8755
8812
8749
8787
8848
10591
17229
8742
8812
8853
8783
8745
17290
17302
8749
8755
8753
8763
8811
8848
17560
8769
8840
8770
8784
8856
8761
8764
8767
8828
8767
8768
25261
25293
25717
8769
8856
8772
8828
8776
8811
8784
8856
8783
8847
8778
8794
8798
8841
10575
8792
8816
37581
17634
24060
24067
8785
8809
8840
8786
8793
8886
8954
8789
8790
8849
8901
8791
8950
8886
8952
8798
8841
8969
8847
8969
8805
8807
8796
8802
8806
8797
8944
8798
8808
8803
8806
8950
8951
8952
8976
8942
8976
8803
8813
8949
15615
8952
8976
8808
8817
8814
17342
8874
8824
8949
8815
8943
8817
8819
8951
8969
8846
8847
8953
8954
8822
8830
8846
8830
8831
8825
8913
8925
8824
8915
8917
8826
8915
8836
8850
8831
8832
17356
17385
8887
17358
8925
8902
17362
8836
8915
8836
17391
8923
17195
17215
17230
17394
13217
21743
22017
8902
17467
8847
8953
10591
10591
17267
17276
17340
8881
8927
8874
10591
8858
8874
8857
8862
8953
8858
8899
17211
17340
17554
8871
8899
8927
26265
26266
26275
8864
8869
8885
11374
8962
8876
9248
17155
17167
17212
17213
17214
17217
17238
17373
8896
8897
8986
8957
8896
9193
17428
8986
17201
8897
17188
17193
17428
17230
8883
9193
17198
17115
17136
8883
9081
17209
8882
8960
8884
8889
9184
17218
17264
17265
8886
8938
8973
9184
8894
8960
8901
8944
17364
8968
8961
8913
8943
8892
8893
9164
9170
9174
8958
9163
9210
8938
9081
8961
9076
8957
8962
17210
9081
9170
9210
17392
17396
17432
8950
17425
17143
17207
17412
8905
8908
8906
8909
8921
8907
8926
9005
9771
8909
9167
8911
8937
8912
8930
8966
9082
9766
8915
8928
8936
9082
8920
8935
9005
8928
8935
17356
17383
17393
17383
17393
8923
9005
8926
9090
8923
8926
17390
9758
17388
17402
17407
17389
8935
8990
8936
8971
8931
9001
9080
8933
8972
8956
8971
8936
8971
8990
8972
9001
9048
8940
8941
8989
9169
8958
8973
9210
8970
9024
9552
8946
8952
8969
8950
8955
8959
8948
8955
8948
8956
8964
8990
8992
9193
9076
8968
9193
8973
8986
8964
8965
8992
8983
9094
9766
8983
8992
9087
9087
9124
9140
23922
8993
9094
18931
18941
18944
19005
8980
8985
9087
18800
18833
18872
9009
9079
9125
8984
8993
9010
8984
9004
9079
8985
9002
9029
9009
9094
9048
9125
8989
9014
9552
9013
9077
9500
17687
9029
8997
8998
59214
59265
59310
9143
9302
10001
16456
8999
9018
9016
9021
9080
9003
9018
9004
9006
9028
9771
9028
9138
9012
9073
9130
9028
9073
9138
9029
59768
59774
59798
9017
9028
9076
9163
9016
9077
9026
9104
9079
9125
9168
9021
9036
9154
9593
21196
58474
58519
9027
26169
26203
9036
9102
9134
9154
9550
9593
9096
9037
9097
9040
9052
9041
9049
9033
9102
9134
9034
9150
9035
9148
9179
9092
9544
9097
9105
9051
9052
9053
9058
9073
9155
9550
9565
9053
9165
9043
9045
9062
9058
9155
9047
9153
9160
9597
9046
9055
9132
9572
9794
9050
9572
9087
9138
9149
9051
9551
9103
9597
9510
9565
9149
9055
9061
9564
9062
9059
9563
9599
9774
9794
9153
9160
9065
9061
9564
9778
9063
9773
9064
9066
9064
9772
9088
9595
9599
9067
9088
9075
9155
9167
9770
9775
9070
9072
9075
9080
9072
9183
9770
9084
9171
9080
9084
9171
9169
9157
9165
9511
9236
52681
67088
9770
9091
9770
9775
9189
17180
17185
9089
9171
9769
9791
9148
9497
9550
9138
9149
9160
9572
9112
9158
9126
9134
9545
9684
9105
9109
9145
9540
9101
9540
9111
9137
9545
9165
9510
9551
9112
9107
9109
9156
9686
9145
9150
9110
9508
9556
9686
9684
9156
9289
9129
9142
9129
9191
18247
26399
26400
9116
9294
16401
20155
20230
20609
9162
9274
9273
9284
9289
9508
9512
67093
67094
67156
9508
9536
9543
9556
14769
21138
21152
16327
16344
16346
9140
17687
20148
9389
9722
9134
9145
10108
17239
17719
16417
16493
16631
9168
9133
9542
9544
9555
9153
9572
9179
9289
20812
20841
20848
9137
9139
9142
9180
9141
9161
16436
17712
9201
9285
9301
9177
9281
16431
16451
16456
9340
9369
9372
9178
9790
9157
9597
9156
9179
9178
9159
9175
9197
9501
9164
9191
9181
9214
9790
9181
9201
9214
9272
9273
9164
9593
9174
9178
9236
9173
9182
9186
17180
17187
9195
9182
9186
9790
9743
17185
17399
9181
9195
9185
9301
9545
9211
9769
9282
9284
9195
17372
9189
9194
17185
9196
9211
9203
9214
9281
17401
17404
9247
17171
9231
9786
9203
9231
17179
17183
17184
17190
9200
9202
9234
9278
9201
9206
9213
9239
20579
20588
20591
9209
9212
9309
9786
9207
9215
9287
9889
9761
9765
9846
9213
9283
9231
9247
9231
9239
9283
17146
17174
17184
9808
17140
17231
9219
9220
16558
9221
9245
16546
9914
17231
9226
9225
9235
9877
17177
10523
10528
17139
17170
9235
9867
9914
17206
17220
17225
17193
17207
17412
16430
16575
16582
17154
17158
9238
9867
9238
9280
9287
9285
9808
17181
9238
9309
9240
9280
9746
17138
17142
17151
17168
9243
16547
16558
16545
16550
16562
9799
9820
9250
9875
16590
16591
17117
9786
17169
17140
17176
9332
16532
16563
9256
9258
9744
9828
9257
9280
9254
9255
9278
9256
9277
9262
9744
9828
9861
9262
9286
9260
9292
9261
9277
9262
9807
9271
9270
9286
9344
9270
9266
16526
16540
16553
16528
9307
16451
16459
9688
9903
9308
16474
9271
9807
9274
9303
9543
9591
9276
9277
9279
9534
9681
9294
9300
9861
9301
9547
9287
9309
9547
9799
17101
17105
17128
9555
11333
9500
16460
16575
9315
9319
20738
21540
9681
9296
9312
9297
9298
9718
9784
9394
9310
9324
10000
16444
9316
16518
16540
16563
16428
16457
16472
16489
16463
16466
9990
16448
16502
9399
9400
9669
26163
26165
9718
9316
9324
9342
9402
9513
9318
9321
9784
9319
9680
9872
9324
9680
9718
12571
9327
9328
9338
9539
9513
9326
9345
9649
9338
9368
9398
9402
9716
9688
16465
16429
16441
16444
16446
15115
15647
16540
16541
16553
9339
9367
9716
9339
9398
9913
9339
16449
16454
9402
9680
9849
9342
9398
9399
9649
16443
9350
9418
16437
9363
9910
16472
16489
9355
9357
9368
9870
16527
9346
9393
9348
9364
9348
9379
9653
9352
9446
12559
9369
17204
9360
9379
9381
9379
9383
9356
9366
9384
9356
9370
9372
16437
9356
9397
10069
9384
9368
9397
9365
16435
23917
9383
23913
23916
17666
23918
23923
12606
15056
42741
42764
16480
16485
9368
9366
9384
9370
23907
9397
16442
16429
16441
16433
17663
23918
23920
10069
9374
9376
9381
9390
23966
9532
9573
23900
9403
23879
23974
9380
23912
9732
23891
24101
9732
9727
23886
23896
9404
23665
23706
23963
23979
9428
9455
23848
23630
23636
16433
16913
19268
9429
23897
9401
9573
58883
58965
58972
9395
9653
9406
9585
9658
9539
9680
9716
9913
16452
9784
9410
9412
9663
9539
9405
9619
9635
23917
9658
9732
9635
9425
23872
23899
9456
9532
9573
9424
9427
9532
9456
9581
9537
9585
9663
9619
9414
9432
9517
9415
9529
9416
9526
9576
9514
9581
17685
17686
17808
9722
9420
9426
9424
9517
23783
23955
23983
24004
9615
23873
23881
23894
23974
9456
9427
9532
9427
23867
9435
23852
23869
9573
9431
9432
9523
9529
9475
9589
17679
23777
23871
9439
9443
9479
9473
23848
9471
9525
9608
9440
23815
23816
23847
9445
9643
23745
17679
23882
23828
23845
23880
9473
9479
9609
9473
9447
9603
23839
23725
23754
9449
9584
9449
9592
23725
9450
23839
9453
9571
9609
23857
9460
9469
9492
9584
23737
23748
23840
23882
9460
9461
9482
9489
9460
9519
9496
9463
9570
9488
9492
9465
9466
9468
9477
9470
9605
9467
9518
9470
9525
9474
9482
9522
9471
9496
23837
9488
9498
9634
9477
9491
9502
9518
9480
9492
9570
9571
9608
9481
9607
9568
9570
9594
9605
9634
9484
9486
9506
9485
9503
9487
9498
9487
9560
9651
9490
9493
9522
9493
9522
9494
9558
9509
9518
9521
9605
9507
9588
9522
9509
9542
9521
9588
9505
9505
9510
9566
9506
9565
9566
9550
9538
9569
9530
9591
9516
9537
9516
9533
9528
9541
9521
9542
9544
9588
9538
9569
9530
9533
9581
9530
9538
9533
9576
9576
9531
9533
9536
23911
23918
23925
9684
9569
9549
9599
9549
9575
9595
9574
9670
9566
9612
9684
9686
9560
9566
9612
19335
25703
25783
26111
9562
9596
9612
9598
9612
9774
9794
9577
9707
9729
9648
9610
9575
9646
9683
9606
9662
9682
9579
9606
9648
9662
9580
9590
9663
9583
9640
23738
9592
9664
9590
9640
9645
9603
23836
9613
23861
9600
9825
9669
9610
23727
9651
9598
9661
9729
9625
9664
9825
9632
23731
23752
23954
23718
9611
23717
23719
23722
9685
9664
23851
9664
23737
23745
23856
23871
23878
23712
23735
23962
23879
17665
17684
17685
9625
9645
23734
9620
9624
9630
9641
23714
9622
9623
9725
9624
9630
9724
23613
9641
9782
9667
9628
9645
9733
23734
9633
9660
23843
23889
9641
9666
9667
23703
23724
23741
23747
23691
23864
9647
9783
9658
9637
9697
9816
9652
9730
9639
9650
9677
9647
9783
9785
9825
23843
23655
23677
23992
23716
23733
23841
9650
9655
9665
9677
9652
9655
9826
9658
9656
9697
9711
9679
9730
9679
9730
9735
9697
9816
9666
9667
9673
9735
9985
9706
9774
9673
9672
9706
9793
9695
9675
9679
9731
9735
23901
24054
24101
9785
9985
9695
9789
9687
9707
9783
9707
9785
9691
16458
16469
12641
14806
14837
9694
9699
9989
9711
9812
9715
9717
10067
9736
9974
9698
9787
9696
10020
9787
10019
9714
9702
9708
9701
9705
9909
9712
9713
9974
9736
9717
9906
10009
9713
9912
9974
9778
9781
9712
9714
9715
9710
9997
10009
9906
10019
10006
9812
9812
10008
23631
23701
23906
23923
23927
9723
9997
10005
16913
17712
9815
9725
9734
23962
23895
23912
23728
23735
23987
9826
9781
23889
9737
10005
9815
9988
10011
9741
9742
10029
9997
10009
10019
9815
9817
9976
23422
17171
17173
9862
9751
9769
9791
9791
9753
9764
9750
9757
9845
17403
9754
9801
9753
9823
9835
9779
9764
9833
9757
9831
9765
17392
17405
17398
17408
17411
17442
17392
17434
17445
17397
17408
17411
10510
17396
17431
17432
9821
17398
17427
17442
9801
17397
17403
9771
9768
9769
9801
9773
9780
9792
9833
9835
9838
9793
9835
9887
9789
9986
10020
9847
9793
9838
9798
9811
9814
10007
9871
9804
9814
9823
9862
9870
9989
10007
9887
9811
10022
9804
9811
10022
9806
9813
9809
10022
9914
17137
9810
9818
9832
9895
9917
9906
9881
9894
9895
9986
10091
9832
9836
9822
9830
9868
9862
17406
17441
9836
9986
16541
16554
9985
17109
17125
17159
9840
9868
9831
9846
10133
9842
9848
17408
9871
9840
9868
9840
9844
9843
9842
9843
9848
17413
17417
9844
9850
17416
9848
9872
10523
9853
9955
9905
9854
9879
9885
9860
10021
9856
9858
10512
9857
10522
9890
10414
9919
10443
9866
9893
10233
9954
9889
9869
9890
16546
16554
17071
9873
9919
9905
16528
9886
9882
10414
17164
17221
16554
16561
9946
9954
17121
9881
9895
9956
9905
10021
9884
9902
9925
9971
10021
9885
9907
9954
9907
9956
9955
10518
17433
9893
9952
16505
16574
17119
9968
9971
9909
9918
9925
9899
10004
10036
9900
9915
9958
9918
10027
9909
9958
9907
9921
16529
16542
9946
9969
9925
10027
10064
16477
16480
9916
10027
10064
9917
16476
10027
10039
9951
9973
10007
10414
10440
9973
10250
16518
16526
9923
10036
10039
10052
9951
10032
16571
16613
9927
9929
10049
10251
9934
9970
9929
9951
9973
10031
10034
10049
10054
9933
9934
10037
9936
9938
9969
10240
10251
9973
10250
10251
9939
10086
10269
9938
10241
10441
10269
10445
10250
9941
9943
10351
9942
9967
9943
9962
9950
9966
9947
9949
10233
10211
10236
10439
9953
9959
10028
10439
9960
10028
10488
9965
9972
10039
9953
9969
10238
9956
16491
16521
16668
10004
9961
9962
10242
10233
10440
9964
10236
10439
9965
9966
10219
10299
10221
10441
10233
10242
10034
10210
10439
9976
9982
23426
10029
9999
16433
19268
23907
9979
9992
10010
10018
9982
9983
10018
10017
10029
23423
10010
23431
23436
23628
23647
23709
17656
17665
17684
10006
16471
16479
9992
10010
10074
10026
10077
9996
9998
9995
9998
10011
10068
10001
16429
17204
10017
10029
23674
23698
10024
10007
10067
10102
10014
10044
23703
23714
23919
23436
23628
23646
10017
10084
10095
10084
23640
23696
23904
10025
10068
10070
10430
10032
10046
10049
10055
16270
16492
16522
10042
10057
10036
10052
10210
10054
10144
16284
16497
10056
10144
10054
10132
10045
10056
10079
10045
10053
10136
10149
10055
10188
10048
10051
10061
10079
10080
10070
10080
10060
10143
10149
10188
10063
10210
11395
10059
16478
16666
10061
10094
10062
10096
10085
10144
10085
10134
10143
16442
10077
10118
16426
16636
10085
10134
10246
16275
16278
16377
10113
23337
10204
10446
10079
10080
10136
10087
16570
17103
23351
23396
23400
23407
23352
23363
23403
17727
23328
23333
23346
10250
10113
23371
23432
23362
23371
23403
23329
23422
23618
16414
16581
16631
23382
23404
23409
23658
10114
10105
10105
10107
10111
23327
17717
17722
17813
16371
16440
16345
23316
23328
23430
23431
16415
16423
16426
16493
23264
23282
23291
23471
23323
17641
23393
10116
10147
16368
16387
10116
10199
10203
16430
16490
16582
10116
17824
23312
23343
23336
10116
10199
10126
10134
10140
10131
16488
10120
10148
10122
11330
11374
10139
10142
10159
10124
10192
10193
10125
10158
10271
11411
10128
10199
10129
10173
10183
10172
10193
16440
17239
10145
16268
16269
10148
16288
16302
16638
10244
11330
10189
10266
10447
10140
10246
10159
16330
16367
16632
10271
11330
10188
16484
16487
16271
16277
16381
10201
18265
10246
10151
10153
10156
10189
10266
10153
11396
11411
10286
10294
10155
10156
10280
10189
10306
10176
10294
10244
10266
10286
10160
11411
10173
10182
10194
10162
10294
10163
10175
10165
10278
10181
10278
10168
11317
11338
11342
10168
10175
11338
11377
10170
10174
10194
10178
10186
10186
10196
11317
10174
10185
10193
10180
10192
10280
10178
10186
10198
10179
11319
10180
10185
10280
10287
11342
11396
10184
10199
10185
11303
10191
10205
23226
16185
16258
16338
11321
10194
10271
10205
11324
11310
10245
10253
10256
11310
18223
23218
23220
23364
10203
10295
23221
18265
23215
23319
11303
67062
67085
23228
10207
10257
10208
10223
10258
10209
10216
10218
10260
10268
10430
10213
10310
10308
11408
10215
10319
11408
10320
10223
10230
10224
10308
10314
10221
10351
10228
10226
10227
10265
10314
10260
16720
16749
17083
17112
10234
10228
10231
10299
10226
10314
10290
10267
10416
10308
10232
10319
11408
10416
10265
10945
10310
10454
10272
10304
10236
10237
10432
10451
10310
10445
10240
10257
10260
16504
16513
16584
10245
10266
10253
10256
10268
10254
10256
16592
17109
17125
10254
10258
10304
11395
10270
10447
10274
16684
10447
10258
10264
10272
10304
10273
10291
16688
16713
10306
11398
10416
10291
10304
10316
10297
10315
11420
16652
10277
10306
11398
10287
10288
10280
10287
10281
10288
11345
10285
10287
10288
10284
10297
10315
10288
11411
10296
10301
16222
10291
10322
10321
16644
16652
16689
16487
16494
11302
11303
15867
16721
10323
16657
10945
10311
16713
15871
16678
10303
10305
10344
10309
11419
10307
10313
11404
10315
11403
10413
11444
15793
16755
10334
10352
10315
10321
10323
10318
10319
10354
10320
10327
10427
10322
10328
11398
10325
10327
10338
10334
10329
10331
10947
10344
10333
10334
10337
10383
10345
10337
10343
10338
10375
10429
10345
10744
10347
10341
10354
10431
10422
10967
10382
10418
10404
10422
10431
10429
10912
10346
11404
10347
10429
10354
10431
10367
10912
16595
16730
16758
10945
10383
10949
10370
10449
10930
10427
10356
10358
10363
10381
10361
10385
15717
15748
10364
10360
10731
10911
10361
10374
10399
10365
10363
10365
10905
10913
10399
11000
11407
16825
17111
10936
10378
10730
10936
10370
10942
10424
10927
10422
10938
15819
15865
10380
10750
10928
10460
10731
10422
10431
16700
16736
16738
16789
16806
16861
10380
10380
10402
10750
10722
10385
10724
10404
10462
10943
10697
10721
10909
10460
10741
10424
10912
16759
17088
10391
10395
10729
10395
10621
10722
10410
10425
10726
10411
10700
10878
15819
16708
16732
10394
10728
10729
10408
10700
10402
10403
10398
10724
10907
10909
10434
10462
10728
10464
11002
10728
10729
10899
10411
10471
10700
10729
10621
10696
10405
10462
10899
10967
10420
10448
10727
10408
10487
10937
10409
10624
10461
10937
10696
10735
10696
10415
10454
10420
10432
10418
10427
10454
10436
17082
17087
17105
10421
10463
10436
10448
10434
10448
10621
10697
16922
16995
16736
16738
10938
10488
10451
10463
16763
16768
16803
10466
10487
16602
16644
10454
10443
10488
10489
10443
10445
10473
17071
10444
10517
10571
10466
10731
16763
16766
16768
16825
10465
16765
17069
10468
10474
10937
10466
10474
10937
10514
10515
10475
10730
10469
10939
10467
10621
10697
10516
10516
10704
10939
10470
10476
10718
10623
10939
10701
10725
16793
16799
16802
10477
17126
10521
10727
10489
10701
17092
10481
10486
10480
10481
10515
10491
10494
10490
10494
10485
10617
10486
10507
10598
10494
10623
10728
10507
10515
10940
10501
10495
10526
17439
10593
17439
17449
17225
10500
10502
10502
10596
17557
17565
17433
10506
10508
10527
10526
17454
10590
17353
17379
10531
17420
17424
17470
10513
10517
10522
10525
10528
10521
17056
17153
10704
10524
17416
10525
10528
17419
17433
17414
10588
17455
17361
17368
17446
10534
10546
10584
10535
10627
10565
17522
17537
17547
17480
17496
17545
10579
17503
17253
17257
17273
17564
10595
17562
17568
10542
17459
17505
10570
10632
17272
17277
17490
17536
10546
10557
10578
10615
10548
10606
17501
17502
10577
17483
10550
10551
10552
10577
10564
10565
10693
10565
10554
10601
10658
10597
10629
10652
10578
10586
17516
10566
16970
17178
10615
17014
17023
17025
17051
16778
17000
17077
10561
10633
10562
10567
10691
10564
10569
10604
16963
16968
10568
10694
10604
10633
10604
10633
10586
12571
10606
17482
17494
17550
17553
10603
17476
17462
17488
17493
17530
10627
10635
17492
10600
17266
17341
17351
17454
17011
17057
17065
17072
17440
17436
17449
17456
17466
17440
17444
13205
17654
17461
17539
10659
10616
17048
17078
17164
17459
17491
17516
10635
10627
10608
10613
10628
10693
10608
10628
10685
10610
10610
10611
10634
10617
10622
10631
10628
10652
10708
10634
10659
10628
10636
10619
10653
10619
10620
10699
10685
10653
10700
10718
10637
10677
16985
17009
17017
10630
10708
10658
10634
10693
10636
10659
10706
10658
16893
16895
16932
10706
10738
10642
10645
10675
16979
16990
16999
10645
10686
10695
10651
16906
16911
16920
10695
16952
17030
17178
10666
10688
10656
10657
10695
10659
16945
16957
10657
10688
10660
10691
10694
10665
17259
10674
10692
10668
10667
10669
10692
10674
10673
10707
10672
16884
16886
16893
16932
10673
10772
10889
10707
10687
10695
10686
10687
10680
10680
10723
10769
10684
10714
15617
16854
10742
10890
16834
16889
10710
10699
10708
16944
16953
16955
16986
17031
17244
10717
10701
10706
10718
10712
10726
10739
16996
17064
17244
10727
10710
10738
10713
10736
10772
10712
10769
16810
16812
16861
10738
10720
10889
10720
10723
10719
10737
10739
10717
10726
10739
10721
10721
10749
10755
10768
10913
16806
17084
10735
10741
10906
10740
10746
10749
10929
10737
10739
10769
10748
10755
10746
10748
10745
10929
10907
10781
10770
15696
15833
10941
10757
10753
10929
10899
10967
10773
10754
10896
10757
10767
10774
10889
10913
10759
10794
10780
10761
10786
10787
10762
10776
10785
10890
15622
15623
15624
10765
10766
10783
10894
10767
10887
10781
15711
15714
10782
10880
10900
10890
10777
10777
10786
10796
10787
10796
10797
10798
10795
10798
10799
10804
10790
10791
10802
10792
10801
10810
10843
10794
10807
10810
10804
10799
10887
10799
16841
16995
17077
10802
10806
10809
10805
10843
10888
10810
10808
10807
10811
10820
10881
10811
10820
10933
10814
10868
10881
10814
10819
10839
10835
10839
10817
10829
10830
10818
10821
11251
10885
10820
10881
11229
10866
10885
11229
10823
10826
10861
10824
10826
11251
10830
10831
10835
11215
10827
11232
10870
11218
10834
10862
10869
11241
10869
11241
11251
10868
11229
10868
12909
62631
62645
61910
61914
61932
10864
12190
11222
10864
10870
11235
61941
61971
61981
11221
11229
12186
15614
15669
16933
15642
15657
15664
10886
10888
10923
11233
10933
11264
15495
15537
15618
16854
10848
10886
15602
15606
15626
10849
10931
10922
12189
11217
11222
10998
11232
11237
10854
10857
10998
10854
11042
11470
10858
12600
52096
10871
10983
10858
10859
11258
10860
11240
10870
10998
11237
12190
15679
15684
15687
15749
11209
11218
61911
61914
61923
10885
10883
10884
11009
11218
11232
10872
10984
11248
10884
11470
10981
11009
10876
10877
10921
10924
10904
10931
15742
15824
15730
15755
10902
10923
11257
11257
10935
12189
16811
16864
10896
10897
16864
16923
10900
10901
10905
15707
15746
10915
10915
11001
10904
11048
15701
15705
15740
10915
11000
11001
10936
10916
10924
10913
10914
10930
10959
10914
10930
10938
10925
11002
10917
11000
10925
11002
10919
10954
10999
10934
10997
10952
10953
10954
11001
10993
10927
10958
10930
10936
15501
15511
15745
10954
10949
11425
10949
11422
10958
10996
10956
15722
15804
15806
10957
10961
10959
10993
10957
11033
10993
10960
11005
10963
10976
10959
10964
10966
10996
10963
10964
10996
10964
10965
10988
10989
10968
10969
10980
10969
10987
11421
11421
15716
15721
16753
10978
10990
11432
11442
10992
11430
10974
10975
11039
11047
10992
11081
10978
11053
11033
11432
10980
10991
15773
62064
63308
10988
10982
11004
10983
10984
10985
11008
11109
11008
11028
11032
11439
10989
11430
11058
10991
11054
11252
11039
11463
15785
15788
15807
11005
11429
11004
11003
11033
11006
11423
11431
11054
11237
11257
11260
11107
11478
11238
11012
11037
11239
11014
11055
11107
11135
11487
11029
11055
11134
11127
12862
11016
11020
11487
11018
11020
11130
11108
11020
11244
11487
11129
11025
11110
11035
11134
11259
11024
11025
11026
11116
11071
11074
11106
11074
11259
11030
11035
11134
11029
11055
11031
11034
11031
11057
11053
11054
11252
11478
11053
11252
11243
11037
11109
11127
11040
11042
11421
11423
11433
11442
11109
11248
11110
11112
11239
11044
11076
11538
11057
13014
63234
63235
11050
11443
11051
11053
16804
16924
11267
15512
61967
62211
11072
11081
11057
62099
63233
63237
12862
11069
11070
11074
11430
11432
11442
12252
63200
63209
11063
11067
11080
11118
11508
11063
11064
11080
11068
11143
11075
11506
11066
11477
11077
11070
11538
12259
11477
11243
11480
11083
11477
11443
11472
11075
11077
11093
11243
12259
11100
11118
11568
11082
12259
11079
12261
11524
12262
11143
11492
11499
11089
11091
11501
12247
62531
62542
62554
62186
62220
62272
62276
62182
62573
62589
11196
12861
62203
11524
12253
11094
11501
12257
11103
11477
62133
62150
62158
62213
11094
12256
11499
11876
11097
11133
12243
11117
11136
12227
11108
11124
62100
62111
63238
62115
62549
63237
11143
11538
61997
62018
62019
62063
11105
11112
11115
11554
11122
12243
11106
11112
11116
11109
11113
11123
11145
12324
62574
62575
11475
11115
12262
11122
12323
12919
11464
11152
12321
11121
11124
11125
11133
11160
11475
11554
11124
11126
12231
11137
12182
12231
11130
11255
11135
11131
11146
11255
11130
11245
11166
11256
12191
11135
11487
11136
12248
11160
11256
12321
11140
11153
11186
11140
12209
11185
11142
11152
12197
12206
12321
12872
12897
12907
62272
62588
62636
11147
11250
11228
11254
12239
11149
11180
12864
11150
11184
12191
11256
12872
11153
11197
12197
11160
12211
11157
11197
12175
11175
12206
12868
12230
62221
62222
62245
11181
11184
12868
11162
11164
11168
11172
11164
12171
12184
12196
12184
12230
11250
11255
11168
12865
11170
11174
15638
11172
11189
12508
11177
12194
12188
12233
11181
11189
12868
12199
62659
62674
11193
12195
12233
11178
11187
11179
12196
11199
11201
11188
12188
11181
11210
11246
11189
11201
11246
12865
11191
11205
12872
11186
12224
11197
12178
11189
12508
12508
12905
62205
62579
11201
12865
12811
62001
62050
12197
12230
11195
11213
11226
11212
11249
12920
62198
62862
11200
11210
12864
11214
11216
11206
11212
11216
11203
11231
11205
11220
62089
62108
62110
63280
11230
11210
11216
11214
11220
11209
11226
12190
11223
11246
11221
12185
11220
11242
11222
11241
11230
11231
11234
15688
15693
15746
11230
11234
11235
11236
11263
11226
11242
12190
15486
15672
11249
61899
61909
61923
62283
12208
11242
12189
11242
11240
11247
11244
11247
11258
11262
11470
11263
12208
62083
62578
62593
12185
11266
15676
15682
15683
12208
62089
62104
62110
63281
12861
62134
11269
11279
11336
11274
11276
11271
11292
11273
11359
11277
11291
11295
11314
11328
11361
11275
11296
11370
11288
11316
11286
11296
29898
11316
18267
29971
11280
11288
29924
11282
11291
11284
11369
11676
14101
14113
16233
11285
11686
11306
29899
11312
11370
11673
11291
11291
11295
11615
13080
14017
11293
11356
11332
14004
14031
14053
14059
11367
11369
11311
29903
29927
29928
18256
29991
29995
11667
29904
29901
29904
29929
18723
18753
11324
23229
11306
11309
11311
11313
11309
11310
16344
16354
17753
13087
14146
11312
11313
11326
11673
14107
14115
29882
11370
11671
11322
16327
16328
16346
23365
16319
16359
11670
16386
23313
23222
11331
11673
11328
11329
11350
11359
11331
11337
11377
11609
17694
17714
18723
18725
11351
14049
29999
29900
29924
29927
11350
11377
11340
11359
11678
11343
11350
16176
16204
16662
11349
11375
11397
11357
11397
11357
11347
11376
11348
13029
11349
11375
11399
11397
14013
11353
11355
11684
11363
11569
13029
11399
11410
11569
18729
18760
11671
11673
11366
11386
11375
11678
16009
16255
11690
63171
63388
63409
16263
16308
16230
16237
16663
16670
15846
15864
15911
16236
16367
11399
11410
16246
16264
16013
16028
11381
11386
11460
11382
11387
11383
11457
11564
63331
63373
63382
15872
11449
11389
11562
11564
11473
11449
11460
11583
11592
11393
16232
15893
16651
16675
11402
15817
15818
15828
11402
11612
11408
16693
17073
16702
16741
16769
17079
16316
16321
16335
16009
16255
11414
11415
11418
11417
11462
11474
16674
16725
11428
11424
11425
11426
11429
15923
62196
63279
11433
11431
62086
62095
63222
11436
11438
11437
11494
11438
11483
11461
11479
11479
11601
15837
16713
11462
11474
63263
63275
63306
63287
63369
11557
13035
63185
63191
63341
11452
11562
11473
13023
63295
11539
63183
63198
63434
15807
11555
11459
13095
15905
16651
16659
13011
15907
11472
11568
11489
11504
11523
11468
11526
12856
12950
13000
63192
63368
11498
11514
11482
11566
11489
11495
11525
11504
11486
11516
12243
15426
15434
15446
15498
11538
11484
11517
11518
11522
11488
11496
11496
11511
11512
11766
11522
11523
11525
11855
11491
11497
11502
11523
11526
11855
11495
11505
11508
11518
11522
11551
11555
11517
11525
11504
11601
12856
11501
62096
62108
63233
63280
12255
11508
13009
62569
62570
11506
12856
11873
12256
11526
11571
12870
62113
63245
11513
11566
11518
11580
11515
11528
11855
11550
11631
11521
11567
11873
13003
63244
63256
11849
11894
11546
11575
11850
11529
11631
11541
11766
11537
11581
11631
11532
11533
11535
11871
11534
11845
11535
11775
11833
11546
11545
11572
11850
11546
11575
11620
63146
63339
11541
11552
11553
11593
11602
11859
63256
11544
11775
11833
11854
11577
11627
11847
11849
11553
11578
11579
13000
63182
63192
63252
11573
11595
11621
11636
11571
11575
11556
11557
11574
11580
11593
11619
11574
11580
11583
11559
11560
11561
11614
11576
11582
11574
11583
11582
11566
11678
16235
63367
63372
63432
11613
11849
11581
11579
11618
11624
11854
11697
11758
11619
11630
11766
11620
11621
11585
11643
11683
11589
11611
11834
13927
13939
12981
13750
63097
64203
11682
11683
11600
11634
11682
11614
11595
11596
11630
11697
11758
11611
11600
11683
11633
11767
63173
63186
11604
11676
11685
11605
11632
11607
11767
11684
11634
11681
11685
13074
13862
13936
11616
13029
11850
12932
14318
11617
11637
11636
11768
11833
11854
11624
11628
11853
11768
11648
11694
11669
63139
63189
63838
11628
11777
11629
11778
11765
11767
13074
11767
11642
11683
11758
11639
11643
11641
11640
11645
11641
11651
11743
11645
11645
11783
11853
11666
11647
11656
11768
29595
11660
29593
11668
11743
29554
29556
29558
29600
29496
29603
30052
11696
11679
16413
47680
11660
11668
29479
29494
29606
29622
29445
29476
29490
29528
11753
29495
29592
30069
29560
30053
13991
29571
29918
29627
29916
30142
11668
29892
29911
63144
63174
17761
23242
11675
29582
11688
11689
11686
14006
30087
12163
16322
16336
16350
11698
29554
29579
29639
11698
11698
29571
13965
14054
29675
29734
29764
14037
30021
11768
11858
13913
13915
13921
14020
12932
11732
29505
29511
12094
29514
29539
29182
29184
29198
29242
29459
29545
13895
11707
11710
11722
11739
12084
11784
12108
11903
49390
62897
11711
11723
11788
11722
11713
11735
11717
11736
13895
13896
29072
11716
11719
12091
11735
12090
29163
11788
12094
11751
29491
29506
29510
11784
11721
12096
11784
12108
11724
11728
12084
29182
29529
29541
11761
29516
12074
29154
29171
11752
11788
29514
11735
12074
29154
29163
11732
11753
11742
29509
30038
30043
30081
30133
12099
30091
30116
12074
12094
11750
12084
13850
13903
13905
14319
12096
13859
13886
11747
11786
11763
11857
11785
13901
30078
11857
11760
11754
11759
11749
11790
11761
29515
12006
29516
11857
11764
11757
13923
13925
14319
11773
11786
11786
11783
11790
29506
29512
29080
29088
29183
12084
11769
11779
62840
62842
63202
11772
11773
11787
11774
11782
12082
11774
12955
11776
11777
11841
11778
11830
11779
11781
11840
11841
12092
11802
11804
12086
29233
29425
29452
11795
12083
12085
11793
11798
11799
11801
30055
30107
11798
12093
11801
12083
12015
12083
12083
11800
11815
11802
11814
11815
11837
12082
11817
11824
12966
12092
11806
11824
12953
11808
11994
11995
11808
11810
11881
12961
11810
11866
11996
11912
12312
11812
11820
12103
11887
12961
11827
11837
11826
11829
11837
11817
12966
12966
11826
11994
12103
12986
11820
12103
11821
11923
12973
11823
11881
12286
11887
12961
12986
11827
11828
11996
12953
11839
13007
11842
11895
12953
13007
11841
12947
11840
11842
11871
11839
11840
11842
13928
63144
63374
14091
14108
12008
11843
11844
11895
11845
11847
11871
62871
62876
62879
11864
11882
12991
11884
11897
11898
12956
12109
62591
11858
11870
63182
63186
63252
13005
62831
62865
11862
11864
12281
62173
62628
62832
11886
11896
11874
13135
11895
11868
11875
11879
11992
12257
62548
62551
62585
11882
12956
12956
12991
11876
12295
12256
11878
11879
12258
12295
12254
11992
12312
12276
12291
11894
11898
11886
12286
12281
11920
12285
12284
12293
13005
62800
62827
62788
62794
62809
12280
12281
13135
12991
62937
62948
62949
62892
62921
62961
12019
62905
63075
63089
11928
11946
11993
11949
62894
11910
11932
11945
11929
11947
11911
62942
62961
11923
11932
11916
11919
12380
11987
12369
12388
62914
11995
11996
12103
12986
11925
11937
12973
12011
12945
11921
11931
11999
12282
12375
12002
62916
11921
11930
11991
12250
13020
11930
11937
12973
12973
11933
11999
12302
11932
11927
11933
12365
11934
12314
11929
12945
11935
12250
12302
12375
11987
11947
12379
11999
12311
11936
11946
12384
11945
13020
12385
12424
11951
33592
33595
12398
12429
33595
12446
12913
33600
12435
33074
12395
12967
63033
62928
62945
62949
62964
12011
11950
12390
12365
49429
62962
49391
62892
12377
12384
33066
33596
33600
12037
12047
12369
12939
12951
62859
62518
62519
62605
12957
62929
62932
62943
11957
33627
11977
12404
33594
12400
33588
33616
12418
33601
33624
33547
33568
33576
33588
11977
12037
12047
11966
11987
12037
12047
12390
11965
11966
11990
11967
12043
11981
11968
11970
11988
33632
12049
33582
33660
12043
33610
11973
33607
33623
33629
11982
33606
33610
33632
33644
11975
11976
12035
12000
11990
12004
49423
49435
49491
11980
33617
33631
33660
33604
33655
11988
12037
33609
33623
11985
12010
12018
12035
12000
12051
12001
11991
12035
12250
12369
12388
12390
12961
12953
13007
62756
62776
63134
12001
12044
12101
12004
33101
62922
12010
12043
49357
62998
63930
12098
12009
12017
12026
12013
12088
12020
12102
13020
62768
62769
62888
12017
12088
12088
12088
62904
62963
12023
12026
12078
13102
12024
12107
12078
12028
12027
12097
12038
12060
12046
33609
12046
12060
33642
12383
12384
33656
49491
49541
33779
49387
49422
49436
33503
33547
33622
12038
12097
12107
12045
63031
33662
33680
33689
33652
33699
33721
12050
33742
12046
12060
12107
33605
12050
12053
33585
33612
33627
12058
12101
12107
12055
12079
12067
29177
12064
33737
33738
33745
33752
34872
34882
33775
33824
33825
33878
33753
12066
12067
29186
12079
29170
12079
12100
29194
33767
33768
29164
29182
29198
29223
29184
29185
29242
12073
12104
29192
29207
29225
29227
29258
29271
29174
29189
29204
33882
29157
29161
29185
12091
12085
13102
29238
12090
12095
12091
12947
12955
29153
29155
12108
29511
29066
29083
29207
33834
29244
29266
62562
62569
62577
12111
12113
12116
12127
12205
12120
12219
12240
12183
12333
12115
12202
12228
12118
12319
12245
12332
12333
12118
12217
12221
12119
12479
12221
12222
12245
12332
12202
12205
12245
12242
12335
12130
12317
12335
12484
12131
12221
12337
12128
12127
12205
12215
12130
12317
12129
12484
12215
12187
62652
62657
12528
12885
12136
12145
12153
12140
12142
12138
12151
12145
12153
12187
12802
12889
62657
12142
12505
12150
12150
12513
62340
62345
62649
12220
12505
12149
12154
12181
62370
62671
62673
12159
12220
12512
12514
12160
12174
12159
12159
12165
12512
62640
62652
62660
12162
12165
12166
12176
12201
12198
12207
12168
12176
12226
12507
12565
16280
12167
12170
12866
62656
12201
12173
12177
12915
12923
62639
12193
12203
12506
12232
12915
62640
62660
62637
62641
12172
12179
12898
12180
12183
12192
12926
12178
12203
12226
12193
12192
12218
12226
12218
12198
12869
12926
12201
12220
12505
12321
12196
12869
12864
15633
15686
62672
12195
12196
12239
12200
12198
12869
12926
12230
12898
62632
12213
12333
12219
12212
12213
12332
12872
12512
12514
12212
33104
49460
62478
12227
12224
12481
12218
12224
12223
12240
12241
12221
12307
12318
12337
12483
12320
12345
12228
12512
12240
12481
12229
12244
12228
12244
12241
12919
12919
62630
62635
12868
12235
12246
12290
12299
12266
12918
12272
12246
12864
12244
12489
12248
12251
12255
12269
63229
63231
63283
12260
12279
13002
63208
63239
12261
12258
12269
12264
12261
12265
12313
12361
12265
12300
12270
12275
12283
12283
12315
62788
62802
12279
12274
12361
12315
12328
12279
12299
12291
12362
12290
12293
12279
12299
62537
62866
63201
12295
12285
12360
12289
12292
12941
12375
12380
12294
12315
12361
62821
62841
12293
12313
12300
12360
12316
12362
12297
12298
12325
12303
12322
12328
12330
12313
12379
12316
12334
62538
62543
62560
62863
62285
62358
62499
62505
62523
62449
62453
62527
12330
12357
12359
12314
12941
12364
12328
12336
12345
12479
12329
12480
12325
12356
62582
62588
12359
12438
12329
12357
12949
62460
62558
12338
12331
12357
12394
12345
12359
12438
12480
12350
12397
12461
12433
12881
12342
12343
12546
12348
12346
12461
12482
12374
12352
12394
12461
12482
12881
12350
12397
12351
12373
12352
12371
12358
62384
62409
62414
12914
62535
62539
12358
12367
12430
12366
12394
12364
12365
12372
12367
12367
12368
12371
12372
12371
12372
12373
12376
12881
12424
12429
12383
12913
33596
12382
12424
12446
12913
12385
12398
12398
12913
12900
62480
62391
62456
62471
62118
62563
62602
12434
49192
62388
62389
12964
49198
12417
12423
12912
12412
33085
33599
33569
33598
33497
33510
12416
33137
33599
62432
62442
33624
33104
62364
62366
62504
62391
62418
62456
12455
33099
33182
33222
12410
12413
12451
12422
33180
12414
12523
12423
33071
33102
33084
33087
33099
33222
12416
33100
33072
33077
33079
33550
33087
12425
12459
33103
12429
12446
33089
12428
12447
12426
12451
33615
12437
12449
12437
33593
12482
12437
12445
62576
62829
62864
33064
33078
33080
33090
33137
33599
12447
12458
33205
12443
12469
12533
62295
62412
49234
62291
62396
12445
12458
12490
33074
12546
12534
33169
12456
12533
33187
33184
33188
33199
33180
33174
12458
12469
12531
33193
33201
33202
33199
33271
33189
12494
12495
62485
62506
62552
33247
33257
33259
33191
33194
33208
12466
12494
33193
33200
33207
12467
12496
12470
12493
12475
12495
12473
12475
12476
12494
12495
12485
12487
12475
12492
12477
12488
12492
12478
12509
12487
12480
12489
12510
12528
12509
12525
12491
12517
12496
12531
33134
62448
62919
62363
62365
62372
12500
12501
12536
12882
12502
12521
12887
12517
12525
12883
12526
12536
12882
12869
12882
12517
12522
12526
12516
12542
12547
33236
12519
12520
12547
33235
12538
12540
12540
12887
33097
33098
33100
62331
62381
12529
62327
62365
12883
49231
62350
33146
33170
33221
33224
33239
12883
12910
12548
33213
33256
33241
12890
62315
62319
12547
62337
62377
62381
62662
33247
33257
12993
49220
49310
62314
12873
33233
33242
33251
33217
33234
33238
62303
62319
62360
14788
67030
14940
15670
51911
67070
37367
38966
39669
39997
39137
52770
38908
67049
66493
66954
67014
47094
47101
47432
13334
66489
66491
66523
13670
38711
66470
13387
21619
46122
12575
16406
16407
52301
12707
52257
23802
48154
21265
22060
25229
58655
66900
67110
55111
60695
12608
40049
18363
18465
18628
45295
66718
67071
67077
61820
61833
61835
52507
21559
21692
44106
43840
43887
47927
47293
48370
48627
52445
47643
47654
48111
52142
12668
46290
47075
52143
47561
48233
48370
14954
48316
48514
48834
12590
36087
61844
14196
14238
16280
47680
61814
61825
61830
15178
61829
61867
15012
15052
15573
35662
36879
38742
40728
12712
14841
66037
35655
39323
51863
15069
42712
48408
12832
38478
39043
39286
12615
66442
66504
12620
22843
38440
53003
66488
66494
14962
52436
52540
52306
52540
52992
15067
42887
47582
48393
48627
48774
18313
12783
61837
61840
14967
15052
15070
42380
42791
48381
21301
22725
22855
29989
25194
38002
66482
67041
42791
42899
42908
14958
50734
14787
66478
66500
27770
34925
35062
61832
12622
43887
43898
47124
32804
61847
61876
14971
14984
14985
38677
61280
66017
14988
40879
52306
52436
52559
52676
12660
12661
67057
67074
14833
14885
25303
39257
12825
15017
15060
43908
45322
47837
14956
14968
14925
14942
15007
14964
48595
48852
51857
66694
66710
67112
67130
51147
53112
57700
12727
66479
66480
66907
67010
12677
12743
66805
66682
66943
66948
66955
14955
15054
15241
14462
66718
67037
67072
66722
67127
66885
66916
66960
55100
55111
60695
47684
52149
52188
14901
14902
14930
14849
15160
15069
42773
42798
14834
57618
60753
67002
12667
66540
66991
12727
66477
66530
66534
61783
61811
61829
61831
61840
61876
66490
66993
67056
66593
66846
66907
32258
35241
61828
66945
66959
66967
66905
66970
66979
66490
66495
66987
67018
14854
66488
66494
12696
66983
67008
14461
66918
66935
12657
66531
66532
66990
12822
66467
14463
66946
66949
66479
66535
66585
66953
67055
67057
66973
67052
58685
66635
66662
12894
67065
65492
66975
67155
67156
66712
66923
66946
12693
66473
66581
66541
66583
47115
47160
58662
58780
52555
67090
59193
59209
59211
59220
58688
58699
66693
66800
66818
58502
58510
58513
58705
66519
66806
66710
66727
66739
66712
66829
66831
58700
16396
66763
66774
12756
58513
58692
58705
12788
58698
66828
66851
14397
14403
14404
14441
66517
66656
66698
66867
16410
21158
14356
14456
14760
16404
58984
59003
14372
14376
14379
14394
14354
14363
14737
66573
66730
66747
66752
14764
66477
66534
66623
66641
66649
66669
58583
58611
58626
66511
66585
66602
66553
66554
14417
66667
66668
66841
66922
66993
12698
14508
14582
16074
14401
14422
14756
14398
14444
12757
58129
58229
66664
66675
66729
58587
58656
58680
66539
66569
66581
14403
14423
14794
66774
66778
66781
20294
14750
14762
15240
14710
20194
20217
14419
16409
12715
66545
61856
58716
58746
58191
58474
14764
66544
14382
66560
66562
66599
12830
40410
66426
66416
66456
66510
66550
58478
58498
58691
16408
66217
66283
15622
15627
14833
65214
12754
14353
14578
66003
66399
66423
58235
66320
66324
23460
25241
28904
66467
66346
66396
66397
12768
14757
66331
14548
66155
66163
66172
14411
66584
66672
66424
66451
14681
14693
14689
14706
14882
14745
14770
14776
15318
15361
15476
15488
12752
15926
66100
12755
14565
66389
66002
66417
66451
41255
61859
66013
66018
66281
66333
66344
66571
66789
14869
66079
66114
15447
65998
66029
65923
66040
66060
58168
58172
58173
66202
66242
66247
66298
14564
14597
21077
21135
21218
66214
66283
66320
12845
66448
66104
66167
66219
66222
14402
14641
58201
66166
66388
58760
66868
66200
66231
66233
66234
66273
13033
63403
63436
66232
58259
58430
21009
21351
14490
14498
14453
14524
16660
14503
21117
14598
16074
16078
21237
58187
58285
14759
67148
16453
21054
21083
63403
66240
66270
66147
66171
66191
58157
58202
58203
14593
15269
66432
58177
58184
58429
62106
63229
13026
16037
16143
14532
14553
14563
62034
63352
65964
66116
66128
66132
66135
13034
15909
63326
15378
15380
65878
63272
63363
63391
61797
61822
61850
66059
66060
66071
66072
61819
61833
61834
35842
35905
41087
41364
14596
66244
66370
58615
66629
12811
12928
62058
63276
66094
66096
66100
62062
62071
63308
61943
61949
61950
15446
15461
15949
14892
15259
15290
20393
15484
15588
62015
12799
61922
61956
61987
62256
62282
61894
61934
61749
61753
61881
61957
15545
15660
12921
62624
61765
61767
61781
61870
61786
61811
61815
15169
15231
15478
15398
15399
15414
12809
15178
61837
15120
61819
61820
15146
62041
15093
15596
15646
12814
61813
61817
35368
61876
62068
63272
63304
12825
15039
15573
14786
66503
62026
62037
65833
65856
14990
14991
15000
15243
15026
15127
15128
15158
15638
62277
66489
66525
15048
48381
30293
61822
61827
15124
30562
35241
42355
14850
14871
15160
16450
14923
60746
15142
15145
61877
66454
15047
15573
14987
39547
14618
66125
66404
66431
15220
15312
15319
15459
15016
15018
15033
15045
42791
42908
15183
15195
15200
15463
15472
15588
61977
62010
63351
65942
65948
12858
61989
62046
12842
12843
62199
62241
62242
62281
62239
62241
62251
15495
15525
15367
66096
66124
15422
15753
15758
61909
61911
62252
15163
15181
65920
62005
62007
62017
14711
14723
15449
15487
15130
15580
15597
14666
14682
15326
15537
15661
62064
62065
62075
62023
62024
62046
62048
62137
62170
62202
62206
62862
62084
62107
62154
63232
62198
62211
15522
61757
61763
12916
12923
15637
62275
62280
12943
63247
63253
15250
15290
15310
12971
62631
62645
49225
49228
49310
62331
62337
62360
49212
49213
49262
49224
49257
49298
49303
12993
49219
62314
62365
62372
62373
49184
62293
62374
12914
62558
12917
12921
62662
62336
62647
62673
49187
62397
62412
62362
62368
62604
36249
36394
36548
40049
14826
14856
14871
15160
62183
62644
62675
62604
62609
62620
12964
49198
62434
62438
62449
49460
62478
62509
62410
62416
62491
62509
62445
62925
62125
62163
62215
63247
63248
63251
63253
62183
62592
62629
62266
62280
62632
62483
62501
62508
62552
62541
62635
62658
62341
62653
62672
62213
62342
62373
15547
62638
62659
62642
61913
61928
62236
62355
62368
12946
62545
62550
15378
62072
12994
13972
62743
62783
64141
64169
64193
62768
62773
63045
14308
63202
63219
63246
13972
63187
63207
63806
63810
63823
63833
64168
64206
64221
12988
12992
62901
63269
63299
63303
63364
49391
62921
62857
62917
63022
62451
62488
62541
63203
63245
13580
13825
64147
62602
62830
62850
63022
63143
62866
62868
63191
63339
62867
62900
49438
62899
62909
12970
62930
62947
62956
62933
62956
62768
62773
63023
33134
62450
62481
62625
12974
49442
49455
62891
62892
62908
49442
49455
62930
62947
62436
62935
49420
62997
63034
49458
49462
49136
49152
49552
49572
62923
62942
49456
62944
62597
49314
49719
33580
63894
63926
63945
13592
63926
64147
13766
13771
13780
12984
13059
62693
62730
13122
13552
13617
13668
12999
14304
14307
63128
13957
14117
14121
63133
63841
64190
13765
62732
63161
63370
63417
63451
62773
63028
13041
63429
63438
13059
13096
64226
62880
62911
62912
49245
62298
63135
64203
16030
63314
63318
12998
14212
13854
63795
63802
14192
14262
14276
63338
13008
63190
13949
62801
62808
63176
62814
62823
63029
63043
63069
64210
63228
63239
63375
62571
62582
62591
63896
64030
13021
63231
63234
63259
63292
63354
63291
63294
63300
14636
15965
15977
14869
66079
66105
16143
63366
63379
63401
15986
63327
63122
63196
63411
62100
62111
63413
63418
63425
13034
63266
63297
61773
65827
65862
65838
65839
65853
63385
63423
63500
66220
15971
15975
13036
63414
63469
63008
63017
63025
62872
62877
62901
63402
63456
63295
63193
63375
63405
63439
63568
63577
13073
63124
63496
16053
16085
16119
63249
63377
63378
63386
63410
63428
63433
63415
63458
63607
63779
63783
63791
58001
63623
65304
65341
58199
58282
63581
63655
63652
63657
65348
63784
63822
63834
14207
21864
21875
14194
21859
14179
66239
66273
63471
63492
63502
13054
63613
63649
63580
63527
63528
63567
63577
21626
21667
21681
58035
58110
58311
63125
63811
64198
13824
14190
58070
58074
13207
21756
21763
65294
65363
58059
58104
58281
13220
21947
21959
13640
13654
13678
13682
63677
63708
64110
13638
13653
63765
64121
13646
13653
22005
63802
64118
21732
63700
63746
64135
64159
64191
16110
16154
16267
63586
63815
63819
13136
63117
63816
13323
13363
13681
14163
14165
14235
13774
13790
13793
14250
63781
63791
13138
14266
14333
13692
13697
13136
63784
63816
64115
64116
64123
13291
13402
64916
13701
21988
58050
58062
58115
14262
14304
21820
63759
13350
14282
21990
21991
14126
14128
14132
14134
14254
63773
63842
13758
13769
63199
63252
63255
21732
63735
63757
63761
14256
64199
63827
63830
63845
63460
63471
63505
21765
57974
63673
63770
63805
63821
49818
49819
49828
49934
13107
64173
13127
13610
13680
49718
49744
52006
13113
13116
49800
49804
64158
64165
64192
49834
49837
63955
49820
49888
49913
64153
64154
64498
64479
64484
64511
13511
13516
13517
13667
49799
49825
49733
49750
49824
49889
51992
52081
49787
49799
13483
13508
13537
13478
13484
13527
63992
64488
64542
49810
49843
49847
49892
13611
13612
13619
13559
13575
63903
63911
63921
64050
63895
63967
64219
13130
13700
13707
13194
64053
64055
64157
13200
13612
13621
13266
13275
13278
13141
13665
13666
13676
13712
13713
14285
13225
19689
63111
63113
63116
65309
65323
65332
63915
63919
63925
64013
63809
63818
13211
63744
13302
13318
13438
64008
64068
64415
13675
13678
13322
13327
14212
14250
63786
13149
14254
64227
14190
58074
58125
63519
63987
64496
64508
49721
49723
49735
49736
14284
64175
64222
64316
65192
13186
64675
64764
64660
64745
64764
64890
64321
64323
64324
64269
64641
64930
64305
65125
65193
64781
64888
64611
64618
64881
65110
65148
64856
64906
64313
64464
65229
64831
64847
65189
65009
65080
65179
65054
65107
65124
64315
64326
64354
64837
64870
13239
65012
65049
64604
64667
64731
64601
64617
64631
64694
14851
15571
16285
64775
64797
13417
13425
64777
64770
64772
64858
64238
64323
64338
13177
13187
64466
13452
64767
64768
13426
64865
64867
64329
64333
64462
64318
64325
64835
64864
65602
65607
13196
65134
65198
64372
64389
65220
65233
13186
64266
64634
64638
64360
65195
65198
64448
64492
64533
13196
64405
64745
64341
64348
64734
64749
64811
65090
65119
65202
64108
64116
64376
65199
65292
13273
63694
63741
63776
64102
64171
13210
22030
65199
65232
13710
64194
64214
63012
63017
64209
49853
49896
49912
13607
13704
63992
64507
64517
23486
23487
23398
23490
13214
17633
26479
13214
17573
17633
13210
13213
22033
21755
21695
21720
63594
63727
63776
22034
63742
65273
52994
67070
22013
13222
13216
13240
64992
65600
13227
64982
22033
22034
21702
64964
65604
21710
21720
21727
21944
22007
23943
23968
23982
24055
13229
22034
22037
13226
13259
22027
22031
14851
13261
65205
13237
64941
21733
21741
21749
22010
22038
13241
13244
21720
63735
63736
63761
64113
22017
22033
64842
64926
13258
13261
21716
21718
21735
64975
64988
64991
13286
65205
21690
65161
65558
64963
21774
65020
65053
21816
21935
22009
21717
21721
64958
65021
65031
64964
64971
65608
13255
13366
64936
64382
64399
64404
65226
65258
64945
13253
13255
13253
13258
64955
13254
21999
13276
13273
21999
13263
13278
13261
21767
13286
18034
26477
26479
13273
13275
13296
64905
64924
13268
13271
13282
13269
13271
13287
13306
13270
13288
13326
13274
13306
13306
13360
13274
13283
22025
13279
13316
13317
13276
64091
64128
64129
13317
22025
21998
64923
64924
64931
64931
64933
65197
13307
13365
64905
13356
13320
13327
13348
13320
13328
13319
13328
13316
13354
64439
64613
64928
64722
64824
64901
13321
64897
64400
65220
65233
65385
13328
13402
64870
64906
64909
64410
64418
64422
64443
13365
64923
64956
64891
64892
64904
64877
64914
13300
13301
13367
64887
64927
13303
13325
13303
13313
13312
64832
64922
64926
64831
64832
65028
13360
64919
64908
64915
64917
64900
64907
64915
13311
13322
13327
13318
13320
13339
13367
13448
13314
13339
13446
13318
13468
64031
64045
13356
13320
13326
13663
13356
13657
13369
13632
13438
13348
13454
13339
13463
64059
64062
64075
13332
13351
13440
13444
13465
13335
13341
13633
13340
13424
13636
13466
13632
13364
13664
13665
13633
13648
13656
13368
13633
13363
13656
13343
13344
13652
13345
13681
13345
13358
21978
13346
13348
13454
13354
13387
14238
14851
21956
21996
13364
13562
65238
65240
65255
65286
13633
13641
13664
13657
21977
22024
13365
13366
21956
22036
63767
63800
13718
21993
22001
14282
13368
13440
64956
13420
13664
49865
49906
52319
51523
51714
51965
64513
13418
64818
64821
13524
51948
51953
51999
51859
51861
51897
13382
13542
51966
13489
51865
51951
51953
13394
51837
51966
13390
64902
13491
64807
51939
51941
51964
52013
13492
51946
51955
52060
13390
64808
51733
51743
51794
13445
64805
64648
64805
64816
64879
16191
16285
13397
13398
51952
51862
51924
51943
51954
13395
13416
13412
13445
51837
13398
51922
52287
51732
51798
51850
51868
51961
13409
13476
51850
51956
52014
52086
51864
51956
51860
13491
64821
64882
51812
51819
51874
13425
51655
13663
51759
51783
51832
64503
64506
64514
64543
64767
64777
13639
64075
13414
13471
13485
13415
13427
13429
13434
13411
13477
51718
51728
64686
13471
13479
13415
13472
13464
13565
13542
13495
64884
64886
13420
13448
13495
64791
49845
64511
22032
13450
13453
13632
13493
13429
64836
64840
64896
13463
13495
52273
63981
64067
13463
13639
64072
64078
64865
64866
64909
13437
49832
64021
64415
64475
13453
13462
64902
13663
64872
64878
64899
64907
13465
13570
13459
13460
13548
13444
13548
13590
13466
64902
13450
13455
64875
64914
65028
13463
51529
51538
51561
51597
13468
64031
64070
64869
13455
13493
64073
64429
13458
13460
13480
13481
13547
13460
13535
13620
13480
13536
13620
13510
13537
13562
13590
13547
13590
64010
64048
13470
13529
13544
13475
13496
13472
13475
13512
13587
13475
13481
13533
13538
13483
13544
13491
64805
13533
13539
13510
13565
13524
13496
13486
13508
13524
51948
52027
52058
52084
52091
13494
51930
52045
52046
13532
51862
51910
51912
52233
64816
13532
51953
13636
51935
13537
13538
13527
13530
13556
52035
52067
52083
52237
13503
13623
51976
52016
51972
51987
52017
52018
51975
51983
52042
52089
13521
51975
51996
52016
13507
13558
13521
13531
13550
51971
52002
49812
51938
63851
13550
13624
52016
49875
51945
63973
13538
13514
13515
13529
13515
13529
13534
13623
51969
51980
52007
13544
13556
13517
13550
13624
13667
13625
13531
13614
13520
13522
13615
13522
13614
51996
52053
52056
52093
49730
49737
49772
49779
49842
63985
64027
13544
13549
13561
13564
13558
51974
52007
13564
51946
51954
13587
13541
13587
13545
13551
13566
13574
13587
13679
64022
13574
13617
13668
51866
51951
13561
13564
13615
13620
63912
63920
64050
13548
13619
13554
13605
13668
13575
13671
13566
13568
13576
13605
13574
13620
63905
64013
64029
13558
13624
13561
13575
13612
13619
13561
13625
13782
49856
64027
64481
13563
13570
13677
13567
13568
13577
13606
49844
64037
64126
13577
13672
21992
64132
64174
64176
13573
13687
13593
13594
13621
13626
13795
13582
13771
13585
63890
63946
64217
49361
63929
63932
13584
13585
64188
13602
13690
13591
63917
64220
63895
63916
64038
63891
13602
13609
13783
13679
63921
13593
13626
64038
64219
49367
49755
63937
13595
13792
13626
13597
13786
13598
13603
13599
13604
13601
13608
13628
13783
13628
13704
13603
13609
13690
13609
13628
13792
13671
13672
13626
13795
13680
13612
13613
13704
13615
51977
63919
63967
64030
13625
49362
49365
49725
13795
52151
52172
52177
52002
49814
63900
63939
49359
63864
63871
63874
13650
13651
13659
13701
63772
63801
64182
64003
64106
64489
13646
64119
64181
21961
21972
22024
21994
64109
64428
13642
13705
13648
13649
13643
13651
13760
13654
13659
13743
21891
21974
21951
21962
22012
64180
64187
13730
14283
21938
13655
13658
13676
13678
13686
13737
13762
21988
21994
13658
13681
13662
13720
21898
49355
63853
63907
63950
13676
13677
13673
13677
13782
13673
13687
14940
13795
13677
13675
13675
13687
13682
64045
13706
13684
13687
13777
13693
13695
13777
21993
13694
64200
64214
13690
13693
13785
13692
13693
13780
13695
13785
64140
64167
13702
13731
13702
13708
13763
13788
13731
13742
15670
20265
13715
13763
13775
13714
13775
13776
13706
13708
13706
13709
13713
13760
13709
13760
13765
64197
64224
14257
63818
63831
13714
13762
13723
21895
13742
13723
13761
14292
13742
13767
21987
21988
14284
14305
63839
13743
14336
21885
21897
21911
14253
21892
21905
21937
14275
22023
21977
21987
22001
21964
21975
63540
63566
63812
22021
13739
13761
14253
21906
21937
13763
13735
13753
13815
13736
13773
13736
13762
14285
13741
13764
13774
13740
13741
13773
13764
14292
13745
13747
13748
13766
13823
62703
62721
62736
13798
13751
13796
13823
13924
20265
51889
63844
13769
13793
14293
13764
14281
13754
13817
14281
13822
13826
13790
13822
14281
14299
13757
13759
13800
13822
13758
13794
13759
13820
14293
13773
21898
14299
64226
13774
13793
13789
13796
13796
13784
13786
13789
13784
62741
62745
62747
63021
14299
13788
14275
13777
52063
52068
52093
52099
49807
49809
49889
51979
13784
62980
63011
63062
63882
13785
13786
13793
13823
14293
13994
22308
13801
13799
13820
13820
14293
13800
13827
13818
13856
13803
13818
13849
13885
13805
13806
13821
13843
13847
13861
13818
13843
13933
13814
13841
13847
13853
13931
14295
13810
13843
13856
13826
14297
13836
13860
13861
13933
13813
13815
13816
13834
14297
13830
13862
13816
13817
13826
13827
49760
64079
64086
13884
13933
14295
62679
62730
64202
63012
63017
13856
13842
13834
13840
14297
13830
13841
14313
13936
13836
13842
13933
13835
62686
62745
62677
62707
62728
14296
62684
62780
63220
13837
13838
13863
63000
63066
63935
13841
13859
13897
13846
13848
13948
13888
13905
13884
13863
13860
13861
13859
13893
13852
13888
13862
13932
13855
13858
13931
13948
13889
62713
64206
13932
14295
29140
29149
29068
29602
29103
29232
13869
29152
13871
13879
29060
29196
13871
13873
13875
29534
29539
29548
13874
13875
13877
13886
13879
13896
13877
13880
29081
29096
29099
13880
30092
29065
14018
29067
29075
30090
29074
29097
30092
29042
29054
29085
13904
29144
29147
64195
64216
34870
34891
34933
14026
14437
17755
34870
34950
14319
33654
33659
33754
13899
29074
13959
14026
14157
13902
13943
13922
13923
14020
13902
13922
13943
13946
13948
14037
30030
13922
30078
13912
13917
13920
30065
30078
14022
30089
13914
13916
14036
13916
13919
13919
14016
13988
14121
14117
30030
30080
13925
30059
13923
13925
13946
13959
21032
47993
13944
13947
13973
13934
13950
14321
13964
14017
14321
13941
13971
13939
13950
13971
13932
13935
13963
13940
14019
13975
62801
62808
63188
13941
13944
13945
13957
13944
14317
13974
14035
29073
29076
13947
13950
13990
62839
63175
13955
13961
13983
13953
13956
13958
13960
13962
13969
13961
13981
13956
13960
13985
13963
14054
21948
51889
14120
13979
13963
14019
13965
13976
14321
13978
13988
14320
13971
13975
16013
16028
13982
14320
13976
14017
14333
63135
14117
14010
17755
52142
13977
14122
13982
14002
13980
14120
13981
13989
14323
14032
13989
14120
14113
13987
14054
14054
13988
13995
14002
14033
29613
29640
29644
29672
13997
14001
30049
14010
52149
13996
14015
14036
14037
30050
14033
14323
30014
30015
30046
30048
14000
14001
16146
14014
30046
14021
14323
14015
14033
14005
14050
16146
14027
14025
14059
14085
30034
30044
14043
14112
30351
14009
14025
14034
14052
14012
47684
14012
14013
14055
14048
14052
14048
14030
14053
30014
14117
29076
29077
14320
14032
16146
14109
14024
14149
14110
16212
14090
21948
14031
14112
14062
14110
14160
14052
14062
14118
14059
16146
14058
14050
14062
14149
17755
21948
14037
30016
30017
14057
18291
18294
18770
14043
29999
14046
18269
30001
30024
14049
14064
18306
30001
30024
14047
29948
30018
30019
18271
18285
18298
30025
30027
14051
29993
14064
14056
14061
14057
14066
14064
30351
14062
14087
14118
14118
18300
18304
18643
18660
18290
29836
29840
29915
18770
14069
14077
14159
18293
18660
14070
14178
18292
14074
14094
18623
14073
18335
18636
18334
18713
21330
18624
18631
18634
14088
14090
15628
14079
14178
14123
14178
14322
14111
18292
18770
14087
14092
16261
18335
18433
18711
18719
18720
19041
18282
18316
18321
14118
30014
29940
29952
29967
29979
14160
16180
16475
17161
21839
14091
14156
14322
14157
21839
14097
14114
14119
14104
14114
14148
14150
18637
18640
21865
14099
14186
14591
16164
18295
18299
14098
16261
14114
14100
18627
18633
14108
14161
14104
14103
14329
14104
14106
14113
14141
16212
14150
14324
29867
29884
14123
14156
30017
30021
30070
14141
14149
18294
18297
29868
29912
14326
16233
14141
14148
14160
14152
14166
18627
14143
14324
14174
14208
14221
14173
14245
14145
14154
14209
14131
14135
17842
22006
46379
14437
17161
21839
14177
14233
14133
14233
14145
14245
14167
14169
14138
14169
14172
14138
14177
14324
14168
14172
14187
16140
14143
21851
63426
63438
63444
14143
14145
14233
14235
14162
14147
14177
14233
14165
14152
14337
14235
63149
14222
14235
14239
14223
14328
14164
18324
18331
18664
14196
16189
18284
18303
18315
18632
14172
14192
14222
14337
18462
18795
14328
14339
14173
14226
14169
14170
14226
14231
14173
14191
14195
14220
14223
14244
14247
14177
14324
14181
14187
18608
14193
16145
63498
14231
14327
18607
14186
16140
16179
14183
14194
14195
14217
63317
63343
63393
16112
18606
14231
21325
14213
14242
21340
58066
14194
14252
14328
63397
66236
14198
14224
14226
14210
15064
21796
21829
21847
21867
14217
21868
14213
14242
21858
21858
21879
14203
21859
21861
21849
21854
21929
21837
21853
21860
14216
14252
58123
58127
63499
21735
21759
21763
21322
21879
14249
21914
14245
14246
16280
51889
14221
14223
14246
63795
63829
14217
14216
14230
21854
21921
21923
21925
21861
21836
21842
21874
16165
18584
14252
14227
14231
21862
21864
21879
21854
63582
63593
63595
63644
63440
63481
63496
21849
21853
21861
21840
21845
21873
21302
21307
21338
63119
63411
63429
18538
21106
21368
19541
14339
21907
21924
21970
21848
21917
21932
21337
21863
14261
21902
14249
14276
14328
14274
21909
21939
14332
21916
22026
63829
21906
21924
21938
21896
14284
63772
14336
21883
21897
64215
64226
14309
63102
63117
14290
14341
14261
14263
14265
21938
21943
21959
14331
14337
14272
21902
14283
21933
21964
14306
14312
14303
14318
63133
63371
63831
14269
14287
21904
14294
21883
14271
14290
14273
14291
14287
14302
14312
14278
14294
21882
21901
21904
62697
62708
63048
14279
14280
14294
14336
21997
21896
21887
63889
64216
64218
21901
14289
14290
14330
14334
14335
14301
21895
21898
14334
14335
14305
63839
64199
14334
14330
64139
64215
14341
63096
63226
14310
14313
63831
63837
14318
21976
21997
22024
29486
29629
29678
62739
63159
63408
32252
44459
53125
16180
16261
16413
19541
19794
47680
14329
14339
18604
14341
14332
63132
63160
16233
66321
66387
14477
14576
14729
14738
14739
14402
14576
14773
14352
14438
14452
14496
14581
14414
14454
14496
14414
14452
14414
14452
14454
14352
14438
14756
14389
14399
14496
14641
14729
14739
14357
14742
14391
14742
14358
14392
14790
14363
14365
14360
14361
14758
14375
14753
14362
14364
14757
14413
66728
14368
14790
14367
14413
14375
14393
14393
14412
14456
14375
14393
14369
14737
14375
14753
66564
66566
66571
14413
14439
66731
14381
16390
66280
66564
66606
14376
66675
66729
14439
14378
58613
66729
66728
66731
67158
14439
14768
16390
16409
66699
14760
66548
66556
14392
14393
14456
14385
16390
16409
14401
14596
66370
66373
58155
58236
66295
66312
66299
66352
66372
14398
14421
14391
14438
14740
14434
14435
14742
16390
66736
66687
66760
66768
66777
14397
14422
14766
14436
14452
14421
14422
14403
14404
14406
14419
14405
14419
14405
14422
14794
21172
58620
58644
58690
58645
58718
66706
66832
66951
66961
66964
66652
66671
14413
14439
14449
21191
66622
66625
66669
58685
66517
66244
66290
66291
66315
14451
14766
14769
14451
14766
21157
21172
67028
58660
58669
58678
58782
58844
58846
59948
59960
58552
58781
58808
58786
58789
58959
66688
66694
66710
66714
58711
58771
66779
58767
58805
58830
59958
59962
14438
14641
14742
14441
14769
21159
22006
21214
58524
66278
66640
21101
21440
14446
14797
21166
58524
66614
66648
14447
14453
14453
14797
21128
21162
21231
14797
21127
14487
66287
66349
66368
66369
14768
16290
16406
16407
48160
52188
48160
48477
51727
52681
66953
66920
66957
66997
67000
67082
66857
66897
66927
58599
59907
59955
59835
59866
59870
66989
67001
67091
21167
58601
58614
16402
20252
46096
46428
43908
44037
47837
58948
59012
59016
59022
53187
53553
55070
55338
66974
67071
67077
20105
14579
21096
21223
14630
14717
14738
14481
14482
14490
21223
58560
58564
58568
58596
14494
14515
14498
14484
14486
16102
14500
14522
14486
14490
14536
14517
14575
14510
14500
14515
14577
14500
14515
14517
14517
16058
66213
66262
66263
66326
16074
14508
14518
14574
16058
21135
21145
66118
66245
66254
66264
16253
21223
58231
66187
66243
14533
21079
21097
58228
66266
66300
21127
21129
15967
21057
21092
21094
63398
66271
66272
14536
21060
21064
21072
14539
66234
66275
14510
16453
17070
21061
14524
14541
16083
18821
66187
66248
66249
14526
16083
16089
16103
17070
21068
21071
14518
14586
14592
14736
16078
14582
14535
14584
16071
58162
66255
66258
14522
16052
14533
14583
14527
16052
16097
16099
14574
14526
14535
14584
14542
14545
14584
14533
14577
14580
66187
66249
66250
66276
14538
16068
16075
14534
14554
14534
16077
14545
16071
14544
16101
21066
14552
21064
21072
66227
14563
14801
16072
18810
21068
21071
16089
16093
16100
14554
14585
16079
14650
16075
14547
14561
14611
14549
14551
66162
14590
14625
14568
16070
16073
14625
16076
16099
14554
16076
14556
14558
14801
14589
14642
14643
14559
14560
14571
14642
14646
14589
14801
14589
14643
14638
16070
16073
16079
14572
16076
16073
66190
66392
14567
14571
16040
66145
66160
66183
66223
14646
14801
18811
18828
21070
16102
21072
14595
14630
14736
14581
14773
16393
21078
14585
14598
14734
14586
14736
14585
16097
16074
58195
58207
58223
16149
18824
14607
14611
16179
18637
18869
63260
66102
14625
16070
14597
14773
14793
66567
14601
14603
14719
20136
20138
20218
20251
14629
14734
14617
14620
14605
14629
14620
14717
14738
14624
14611
15978
14639
14624
14613
14684
14716
14720
14771
18772
18881
14715
14719
14720
14621
14651
14682
14719
14733
15367
66102
14620
14629
14653
15303
14623
14684
14716
14651
14682
14651
16915
14729
14790
14638
14731
14632
14643
14634
14637
14634
14646
16054
14642
14655
14636
14649
14637
14655
15977
14661
14717
15978
14653
14661
14685
66157
66175
62036
65940
66107
66121
14649
14654
15965
14652
16077
14685
14654
14660
14660
14656
14662
16823
14657
14658
15976
14662
14669
15966
66128
66157
66169
14661
16044
14664
14670
14688
15300
15282
65959
66080
66088
66089
14671
14668
15283
15284
15305
14670
14686
15303
14677
14678
15267
15284
15291
15293
15299
15970
15305
15325
62044
63272
63391
14680
66409
66410
66447
14681
14679
15301
15286
66074
66448
14690
15323
66364
66390
66396
15270
15326
15282
15299
15966
65962
66110
66112
66114
15322
14698
14709
14870
14711
14723
14862
14706
14877
14695
14870
15276
14706
14882
14697
14802
14828
14870
15276
14706
14877
14709
14711
14795
14714
14802
15279
14702
14751
14820
14770
14787
66466
14705
14723
14751
14720
14771
65978
66417
66451
14743
65993
66428
66452
14714
14859
20234
20258
14859
14719
14720
20601
20606
20633
20701
14870
14751
14820
16915
14749
14819
14802
14866
15279
21116
21126
21131
21134
14816
14859
14876
14877
14739
14727
14739
14737
14776
20964
20981
20988
21352
14731
66514
66518
66587
14772
66321
66375
14820
14773
66287
66299
66365
14741
14760
14752
14776
66446
14781
14792
14750
15240
14747
14758
14765
14753
15240
14779
14798
14754
14798
14816
14753
15240
14774
14781
58653
66692
66764
14758
14763
14763
67150
14768
66481
67113
67134
67152
14765
14765
66282
14771
14876
15270
14774
14862
14783
66352
66415
14834
64979
65573
14778
14779
14948
14781
14792
14780
14814
67164
14798
66334
66563
66589
66621
66362
66397
14820
14988
66466
66468
66497
14988
66463
14792
14808
14857
66344
66566
21173
14819
15279
22650
58490
58086
58195
58197
58223
14894
66386
66550
66557
14805
14806
14837
14823
14867
14868
14897
14865
14868
14897
14810
14823
14867
14894
67067
66733
67111
67125
67126
66506
66508
66552
14948
65771
66481
66722
67162
14948
67160
21221
21230
14833
15247
59875
14825
14828
15278
14853
14866
14825
14891
14852
14879
14888
14867
15277
14852
14894
16290
52607
14840
14871
15247
14837
14839
20814
14951
14839
16398
14964
48595
60740
36218
36338
66427
66457
35984
36087
37694
64979
14842
14938
14939
14843
40820
66035
14850
14935
61812
61859
14963
40452
40809
61853
65922
66003
66062
14849
14889
14878
14888
15277
14930
15252
14936
14957
14897
66489
66525
53972
55111
67027
14888
14951
14948
67040
67071
67089
14861
14882
15275
14874
14895
15289
14876
66008
66059
66071
66073
14875
14878
14891
14932
15278
61450
65940
66107
66395
66418
66446
14886
14895
15276
14890
14886
15289
14893
66347
66398
66411
66445
14890
14932
15249
14895
65977
65998
66005
14896
15327
65970
14888
15277
14891
14969
14972
65992
14893
14902
15248
15289
14931
15249
14904
14932
15314
65919
14901
14903
14945
15006
15242
65897
65900
14917
14944
14904
14944
14952
15244
15253
14931
14944
15242
14931
15242
15262
14917
15006
15242
14909
14910
14911
14955
14918
14950
14913
15008
14918
14992
14918
14928
14952
14999
14918
14952
15255
14946
15006
15027
65986
65995
66024
66029
14945
15006
15027
14997
15027
15164
48920
50612
51362
60746
64952
66483
67097
14926
14961
14929
15054
15241
14929
14936
14966
14929
14947
15244
15253
65724
67095
67151
66075
66409
66443
14939
14941
14947
16450
14994
66039
66047
15247
60791
60730
20294
14947
15007
14949
14959
14997
15027
15229
14946
15255
14998
15007
48957
15241
15247
14966
14961
14964
48595
15008
14973
15055
15571
14976
15057
48555
14961
51857
27386
28904
35056
51147
53112
40829
41327
15241
15244
14981
15063
15009
15010
15163
61982
65979
14979
14983
15059
15235
61982
66057
14974
14996
15010
14978
14989
15004
15055
43868
14985
14996
15012
14983
15154
15009
15054
65975
65996
66015
66025
14996
15012
35067
66019
14984
15004
15129
15060
15058
28417
39323
42237
66442
14990
15008
14999
15004
15151
14998
15028
15180
15243
65985
66048
66052
15009
15054
15059
15003
15229
15255
15157
15243
15002
15151
15149
15180
15188
15149
15180
15028
15230
15013
15015
15154
15059
15154
15028
15156
15180
15043
15125
15017
15018
15150
15159
15599
15043
15644
15644
15151
15599
15021
15026
15035
15122
15034
15116
15024
15030
15031
15119
15043
15577
15116
15032
15158
15128
15158
15035
15121
15122
15044
15128
15153
15036
15042
15128
15037
15039
15041
59175
59810
15042
15047
15041
15045
15049
15050
15044
15124
15127
15053
15050
15053
15050
15053
15050
46025
15070
42887
42899
46025
15068
16997
42505
42816
43868
48425
35022
35067
15063
15070
42887
60740
15068
15628
47680
44410
46096
46808
42807
43898
42505
42773
42899
42810
42467
42808
15111
57449
65822
15078
15079
15111
61945
15076
15077
15464
15077
15105
15226
15578
61762
61945
15112
15171
61790
61871
44458
59424
15088
59396
61779
15109
15113
15593
15084
15100
16870
15190
15197
15592
15106
15117
15590
15596
15087
15109
15152
15134
61780
61784
61869
15096
15098
15591
15093
15601
15092
15094
15117
15155
15101
15654
15596
15646
15123
15138
15165
15648
15103
15108
15117
15155
15464
15155
15176
15580
15575
15107
15113
15123
15135
15647
15105
15114
15594
15174
15112
15179
15171
15174
15190
15196
15226
15578
61769
59424
65816
15117
15174
15647
15122
15127
15126
15172
15121
15594
61778
61813
15172
15644
15142
15577
15147
15577
15153
15151
15196
15133
15134
15168
15143
15145
15143
15313
15144
15161
15144
15152
15167
15139
15168
15142
15145
15166
15313
32439
15143
15145
15161
15147
15188
15168
20393
61779
15172
61783
61870
61873
61875
15599
15182
15190
15644
15166
15313
15328
65882
65897
65926
65883
15239
15593
15597
15230
15182
15191
15225
15195
15232
15186
15463
15464
15179
15191
15200
15463
15179
15177
15189
15197
15590
15601
15194
15222
15238
61823
61874
65882
65921
65926
15238
15184
15221
15186
65977
65986
66029
66045
15187
15485
15193
15313
15201
15579
15194
15193
15202
15227
15473
15203
15221
15593
15238
15201
15482
15579
15201
16870
15237
15493
15203
15224
15211
15216
15217
15218
15489
15207
15213
15215
15345
15361
15218
15488
15210
15217
15429
15487
15218
15217
15487
15953
15220
15295
15318
15433
15488
15489
15487
15224
15452
15953
15220
15361
15459
15476
15433
15489
15473
15328
65829
65897
65925
15444
44458
15579
15589
15232
15239
15308
15237
15250
15254
15259
15290
15334
65984
66051
15308
15318
17131
15252
66425
66428
15327
61982
66031
15249
15260
15253
15262
66010
66030
66034
66036
16450
15308
17131
65923
65935
66040
15258
15273
15274
15263
15264
15334
15260
15274
15265
15265
15272
15302
15290
15273
15319
15307
15459
15274
15271
15282
15299
15325
15280
15287
66430
66433
66449
15286
15273
15280
15302
15322
15278
15363
15972
15306
15968
15325
15293
15945
15970
15301
15288
15296
15970
15972
15322
15960
15980
15295
15297
15321
15345
16814
15315
16814
15306
15315
15968
16814
15303
15323
15309
15926
66069
66100
15310
15320
15334
15478
15322
17131
62026
65849
65851
65857
65932
15317
15317
15321
15356
15346
15476
17131
15449
65901
65906
65909
65919
66055
65846
63273
65943
66134
15331
15335
15946
15332
15340
15333
15339
15951
16973
15970
15972
15448
15338
15388
15458
15348
15349
15951
15340
15348
15341
15947
15364
15451
15343
15964
16800
15344
15373
15385
15386
15949
15449
15363
15948
15968
15356
15377
15450
15388
15377
15436
15353
15355
15358
15458
15352
15448
15461
15949
15373
15405
15380
65939
65957
15357
15387
15952
15360
15388
15387
15455
15360
15974
15379
15451
65943
66080
66090
16973
15947
15958
15366
15406
15784
66448
15369
15384
15776
15371
15772
15371
15453
15908
15392
15789
15393
15404
16837
15964
66137
66141
66181
66182
15950
65924
66095
15448
15955
15951
15952
15944
63276
15408
15974
15944
65953
15384
15776
15942
15387
15776
15460
15506
15772
15941
15403
15949
15405
15408
15451
15453
15407
15460
15964
15783
15784
15772
15406
15940
15395
15414
15506
15402
15954
62050
63298
63309
15400
15402
15420
15401
15497
15954
15422
15497
15457
15477
15419
15477
15407
15506
15445
15492
15454
15920
15932
15436
15458
15762
15420
15776
15410
15438
15457
15411
15437
15440
15505
61921
65820
65861
65863
15440
15508
15548
15418
15416
15424
15439
15517
15548
15673
15437
15474
15498
15505
15908
15424
15491
15438
16800
15456
15494
62063
15500
15435
15441
16899
15496
15517
15426
15429
15461
15427
15432
15444
15430
15431
15465
15452
15955
15443
15481
15432
15444
15434
15478
15474
62028
62032
62033
15462
15445
15457
15477
15483
15673
61973
62015
15453
15770
15474
15479
15505
15462
16800
15492
65918
65973
65994
15450
15789
15979
15460
15964
62000
62027
62052
15955
15492
15648
15480
15589
15471
15493
15581
15471
15585
15469
15581
15480
15482
15589
15471
15581
15584
15641
15518
61979
15579
65900
65925
15954
15481
15483
15581
15508
61943
61944
61999
15495
15521
15523
15496
15524
15808
15498
61998
62000
62007
15503
15808
15501
15524
16795
15515
15756
15503
15676
15510
15521
15745
61953
61961
62061
15537
15659
15521
15523
15564
15659
15744
15548
15757
16809
15682
15744
61946
61970
15516
15526
15564
15639
15526
15537
15661
15524
15743
15808
15656
16809
61983
61986
15659
15744
15809
15529
15531
61758
61762
65821
15659
15528
15531
15556
15532
15549
15530
15533
15582
15536
15635
15661
15535
15556
15534
15536
15556
15560
15555
15674
15560
15539
15543
15555
15553
15541
15558
15542
15636
15545
15546
15544
15545
15636
15660
15638
15653
15674
15559
15572
15553
15554
61958
61963
61974
15600
15555
15558
15636
15652
15656
15561
15572
15574
15569
15650
15654
15575
15576
15654
15671
15566
15583
15587
15567
15643
15569
15586
15600
15583
15650
15654
21984
15576
61763
15591
15645
15672
15586
15598
15641
15635
15643
16899
15591
15597
15598
61879
61892
61939
62264
15601
15690
15604
15623
15626
15623
16907
15607
15630
16927
15614
15626
15611
15613
15617
15620
15610
15703
16854
15612
15613
16924
15612
16916
15704
16854
15633
15651
15690
15630
15632
15651
15690
15691
15692
15621
15622
15624
15624
16921
16902
16928
15634
16927
16927
46323
15631
15651
15633
15634
16900
15634
16900
15642
15674
62267
62270
15656
15658
61911
61914
62223
15651
15645
15686
15694
15663
15656
15671
15675
15663
15663
15671
15675
15761
15686
15667
15682
15683
15687
15693
15675
15761
15683
15708
15710
19689
20294
15689
15689
16795
15761
15679
15681
15710
15681
15743
16795
15708
15738
15737
15685
15706
15748
15710
15692
16804
15737
15694
15811
15703
15811
15712
15759
15910
61947
61963
61974
15697
15711
15699
15736
15700
15734
15701
15705
16805
15702
15704
16804
16808
16924
15713
15707
15749
15711
16795
15740
15746
15811
15717
15726
15717
15748
15726
16798
15733
15719
16787
15725
15739
15721
15805
16753
15754
15813
16753
15726
15833
16798
15739
15821
16798
15741
15751
15733
15821
15824
15917
16753
15730
15752
15827
15731
15732
15755
15748
15754
16805
16811
15736
15741
16794
15744
15747
15751
16804
16796
16829
15756
15809
16809
15759
15755
15756
15759
15753
15755
15756
15833
15810
15812
15825
15827
15809
15767
15825
61986
62002
62010
15910
15918
15764
15766
15774
15783
15766
15784
15790
15769
15775
15769
15787
15774
15775
15803
15832
62069
63235
15823
15908
15805
15822
15832
15779
15803
15781
15830
15781
15830
15914
15782
15799
15800
16819
15786
15786
15790
15790
15830
15907
15941
15792
15873
16679
15815
15842
16716
15817
15842
15815
15817
15818
15796
15818
16680
15797
15816
16797
15806
15814
15804
15806
15800
16236
15801
15844
15802
15841
15913
16819
15805
15832
15816
15822
15823
15823
15827
15873
17081
16755
16797
15824
16816
15917
16816
16816
15865
16797
15831
15865
15835
15873
16697
16712
16726
15843
15916
16716
15838
15841
15839
15906
15906
15840
15847
16679
15855
15916
15841
15904
15844
15906
15847
16679
16733
15846
15847
15856
16682
15851
15852
15857
15851
16229
15851
15864
15878
15876
15856
16682
15855
15875
15855
15888
15916
15904
15866
16229
15859
15863
15868
15870
16224
16650
15862
15863
16227
15915
16228
16677
16682
16712
15874
16649
16673
16677
15885
15887
16337
16232
15875
15888
15894
15896
16680
15887
16229
16715
15878
15895
15878
16659
15902
16224
16692
15901
15996
16243
15882
15889
16249
15883
15884
15915
16234
15889
15995
15890
16742
16224
16313
16692
16742
16721
16240
16243
15891
16692
16254
16649
16673
15905
16659
16698
16247
16255
16006
16659
16675
15901
16009
15901
15996
15900
15998
16221
16314
15903
15995
15911
16049
16698
16682
16716
15914
63286
63324
63267
63271
63305
16819
17081
16247
16733
16798
16837
15973
15979
15922
15943
15974
15979
62065
62075
63238
15939
16012
15932
15934
15939
65934
66070
16008
15938
15998
15930
15931
16004
15962
16837
62034
63352
65940
16007
15936
15998
16006
15973
16007
15941
15974
15979
15958
62053
15946
15959
15947
15956
15952
16973
65954
65964
65967
15957
15959
15958
15962
15963
15963
15976
65875
65936
65938
65950
15980
21087
66158
66165
15976
15981
15980
15987
16015
16050
15984
16000
16045
15988
15991
15990
63325
63392
16869
16002
16050
16869
15993
16002
16002
16045
16019
16036
15994
16036
16090
16009
15997
16134
16005
16014
16000
16008
16033
16011
16248
16012
16248
16248
16011
16698
63384
63387
16021
16134
16017
16018
16020
16021
16033
16027
16265
16020
16150
16033
16136
16032
16238
16265
16024
16081
16094
16055
51926
16086
16141
16242
16051
16056
16242
63377
63386
16213
16238
16239
63296
63319
16086
16141
16267
16238
16265
16056
16092
16242
16047
63360
63423
63459
16081
16086
16092
16040
16048
16147
16042
66159
66178
66180
16127
16091
21143
21218
16050
63345
63356
66184
16059
16119
16265
16266
16102
16057
16147
16092
16966
16136
16085
16966
16090
16061
16068
16065
21000
21004
21099
16065
16084
16066
16067
16068
16075
16127
20981
21029
21042
16077
16077
16101
18820
18848
16116
16093
16120
16121
16244
16089
16120
18817
18846
16119
21077
21116
16116
16122
16250
16128
16131
16445
16149
18815
16103
58184
58257
16102
16101
16105
16159
18804
16132
16144
16161
18881
18773
18791
18799
18833
18880
16115
16155
16161
16144
21046
21059
18610
21326
18822
18835
16121
18819
16154
16259
16126
16126
16129
16131
16445
18816
18846
21877
18815
18815
16157
66272
66274
18611
18618
18782
18878
16132
18776
18820
16132
18801
18761
18764
18889
18797
16133
16144
16241
16139
16142
16158
16150
16139
16148
16266
18802
18868
18887
16226
16148
16266
16154
16251
63365
16267
63397
66251
18813
21016
16244
16162
16169
16486
18767
18769
18777
18800
18808
16259
18774
18795
18866
21376
16251
16262
16161
16251
16259
18743
18798
16257
18750
18285
18294
18885
16167
16214
16206
16259
16199
18746
18750
18753
16199
16257
16662
16192
16182
16199
16204
18746
16257
16662
16187
16200
18323
18626
18662
18709
16185
16193
16200
16185
16193
18738
16193
18739
16184
16185
16258
16186
16187
16200
16203
16210
16207
18733
18736
18747
18299
18318
16202
16258
16661
16901
19541
16257
16204
16195
16202
16326
16196
16317
16197
16198
16342
16205
16201
16202
16258
16332
16231
16364
16661
16210
16219
16231
16263
16214
16219
16246
16226
16260
16215
16252
16225
16246
16217
16218
16664
16669
16218
16495
16310
16317
16228
16246
16264
16230
16298
16313
16337
16678
16685
16256
16227
16331
16228
16234
16254
16331
63373
63377
16245
16315
16241
16240
16241
16243
16670
16325
16331
16445
16299
16692
16651
16678
16263
16272
16487
16488
16496
16286
16289
16384
16358
16377
16494
16522
16491
16668
16278
16289
16378
16279
16281
16282
16289
16522
16283
16383
16384
16380
16383
52257
16329
16335
16380
16283
16381
16379
16496
16491
16630
20938
16318
16330
16288
16497
16723
16635
16681
52408
16302
16639
16294
16303
16655
16294
16307
16300
16654
16655
16297
16303
16655
16305
16663
16325
16331
16301
16307
16304
16664
16632
16681
16304
16314
16305
16309
16314
16307
16316
16380
16495
16343
16669
16317
16655
16316
16321
16343
16364
16495
16342
16497
16638
16328
16329
16335
16342
16364
16324
16357
16323
16327
16324
16336
16357
16326
16332
16357
16625
16638
16334
17758
17764
16336
16661
18737
18747
29882
29887
18311
18632
19084
17776
18248
18733
16663
16351
23300
23321
23322
16352
16350
18736
17754
17756
17818
23388
23491
23553
16352
16360
16365
16388
16376
16628
16365
16382
17747
17796
16361
16628
16359
16361
16388
16362
17814
16362
16388
16628
18715
18722
18735
17814
17708
17709
17720
16625
16376
17813
17762
17765
17776
16440
16372
17239
26396
17747
17783
18732
17711
17734
17822
16378
16381
16488
17823
17826
16625
17766
17771
17796
23214
23223
17735
17736
17743
17746
17784
58638
58641
58643
20617
21062
21066
21099
21116
21134
59905
59946
66745
66783
66787
53553
55100
55338
57544
57618
57717
22756
22776
21175
58704
66634
66646
20095
20159
58794
58806
58551
58629
21217
58993
58997
67117
67131
67139
52400
51838
66285
66317
66325
21188
21205
21235
16412
16417
16418
16461
16483
22333
16417
16490
16424
17617
17622
17711
17732
16427
16425
16426
16493
16432
16461
16490
19228
26181
26319
17625
17715
17812
18139
23432
16488
16631
16428
16636
16461
16490
16483
16432
16451
16456
23566
23573
23583
23905
23908
23910
17683
20148
16913
25274
25297
25307
25718
17678
24108
16442
16443
16446
16449
16449
16448
16449
16455
16451
16469
16476
21146
16455
16476
16502
16459
16483
16464
16465
16471
17204
16463
16467
16470
16480
16468
16470
16479
16502
16467
16499
16468
16473
16529
16474
16479
16485
16472
16485
16518
16544
19494
46323
16481
16666
16501
16627
16482
16484
16489
16636
16636
18743
18750
18753
16525
16633
16494
16522
16500
16509
16537
16577
16666
16513
16516
16520
16506
16511
16506
16579
16634
16572
16574
16714
17435
16510
16521
16524
16615
16514
16533
16544
16633
17119
16578
16586
16634
16537
16577
16586
16515
16586
16573
16516
16621
16618
16523
16577
16627
16529
16520
16531
16534
16573
16537
16523
16524
16578
16528
16528
16542
16531
16532
16534
16535
16533
16539
16563
16618
16536
16539
16538
16548
16573
16559
16618
16541
16555
17828
18704
16563
16548
16559
16558
16548
16555
16550
16552
16560
17120
16552
16585
16556
16559
16588
16588
16557
16560
16570
16583
17400
16588
17120
16583
17177
16566
17231
16567
17123
17129
17116
17118
17100
17103
17125
16570
17099
17103
16583
16572
16579
16590
19015
16621
17159
16578
17435
17118
17400
16582
16621
16621
16592
16612
16647
16719
16617
17109
17435
16603
16609
16611
16594
16600
16718
16597
16610
16728
16596
16706
16597
16610
16691
16756
16607
16610
16601
16607
16611
16614
16728
16602
16642
16643
16605
16641
16688
16727
16609
16616
16735
16607
16691
16727
16750
16750
16640
17117
16617
17109
16617
17117
16647
17102
16634
17119
16683
17102
16620
16630
16633
16667
16645
16648
16656
16626
16637
16646
16646
16681
16642
16644
16668
16723
16671
16723
16648
16656
16671
16672
16714
17435
16728
16683
16683
16735
16695
16648
16723
16671
16689
16717
16670
16695
16658
16672
16725
16658
16683
16658
16672
16690
20837
21013
18747
16669
20102
20138
20258
17119
16685
16715
16684
16695
16724
17073
16694
16725
16687
16710
16734
16706
16745
16696
16711
16694
16706
16711
16710
16713
16699
16755
16700
16726
16705
16702
16707
17088
16703
16704
16741
16738
16771
16710
16734
16739
16747
16709
16771
16741
16829
16727
16732
16718
16719
16729
17080
16720
17110
16733
16745
16801
17085
16754
16750
17080
17112
16731
16745
16758
16774
16771
16801
16801
17085
16740
16743
16754
16740
16752
16744
16747
17076
16744
16773
16774
16770
16749
16757
17112
17085
16758
17080
16751
17097
16760
16772
16771
16758
17080
16760
16762
16761
17088
16772
16803
16781
16831
16767
16765
16769
16766
16825
17075
16772
17111
16827
17097
16772
17111
17079
16780
16781
16831
16777
17086
16778
16780
16828
16791
16791
16799
16858
16791
16793
16799
16783
16787
16788
16785
16796
16829
16789
16821
16788
16792
17084
16796
16790
16790
17060
16806
16826
16849
17076
16796
16806
16815
16831
16817
16824
17002
16820
16864
16821
16813
16851
16847
16848
16851
16858
16827
17062
17075
17160
16848
16975
17060
16848
16975
16865
16914
16830
16858
17086
17086
17163
17076
16835
17000
16833
16835
16847
16834
16843
16977
16846
16889
16839
16977
16989
16841
16853
16852
16862
16998
17000
17077
16842
16853
16987
16844
16856
16845
16917
16847
16848
16847
16850
17084
16851
16858
16861
16853
16998
16860
16906
16859
16977
19936
19938
19948
20051
16892
17003
16904
16919
16863
16999
16877
16887
16919
16923
16925
16892
17003
59149
59151
59317
16978
16883
16890
16980
16992
16873
17004
16894
16912
16968
16971
16887
16971
16978
16887
16892
16989
16969
16971
17004
16887
16982
16882
16894
16882
16884
16885
16883
16884
16888
16886
16930
16891
16980
17000
16894
16912
16931
16893
16989
16903
19011
19012
19128
16980
62010
62032
19474
19794
46122
16903
16929
16906
16925
16908
16921
16929
16932
16909
16928
16916
16920
17002
16926
20679
20709
16929
16930
16932
16920
16925
17002
16921
58151
58170
58214
16975
16928
17001
17160
16975
16930
17003
17330
16946
16967
16983
16937
16939
17036
16940
16948
16944
16951
16967
16945
17019
17036
16942
17036
17018
17019
17038
16951
16964
17345
16981
16967
16981
17018
17019
17327
16957
17246
17317
16956
17246
16950
17319
17317
16972
16983
16953
16963
16958
17030
16955
16958
16961
17029
17329
16981
16959
16962
17317
17330
17320
16963
16976
16976
16979
26504
16970
17034
16970
16976
16993
16982
16993
16999
16996
16990
17244
17345
16986
16988
16987
17017
17028
17012
17031
17028
21054
21069
17034
21007
21013
17327
17345
42715
42798
42844
17061
17062
17008
17015
17016
17012
17015
17023
17008
17057
17061
17011
17059
17022
17052
17064
17327
17020
17059
17014
17015
17016
17037
17059
17020
17049
17022
17343
17035
17051
17247
17039
17025
17068
17248
17037
17029
17317
17348
17504
17242
17247
17244
17246
17064
19006
19119
17239
17038
17039
17046
17052
17041
17043
17047
17343
17048
17078
17091
17066
17091
17232
17066
17054
17078
17232
17047
17049
17232
17056
17343
17104
17067
17054
17068
17224
17068
17243
17248
17098
17058
17062
17069
17075
17242
17093
17162
17090
17248
17468
17072
21064
17113
17126
17162
17089
17097
17163
17111
17100
17110
17106
17110
17160
17092
17095
17106
17091
17098
17438
17343
17162
17105
17126
19719
20166
20498
17124
17128
17177
17101
17103
17117
17162
17118
17235
17742
19494
42915
17328
17121
17116
17127
17130
17133
17123
17123
17400
17122
17124
17237
17438
17132
17133
17135
17130
17231
17155
17235
17135
17136
17175
17167
17139
17140
17166
17167
17157
17155
17142
17146
17174
17152
17144
17146
17145
17410
17206
17410
17148
17234
17149
17156
17236
17158
17175
17157
17166
17233
17166
17172
17154
17158
17168
17237
17410
17234
17170
17176
17526
17842
17234
26029
26271
17176
17170
17171
17233
17173
17174
17205
17233
17205
17236
17192
17399
17187
17187
17200
17183
17371
17412
17412
17186
17191
17399
17191
17189
17210
17199
17207
17205
17399
17200
17200
17371
18724
18765
18798
17226
17263
17197
17210
17199
17216
17371
17209
17210
25588
25616
25620
25631
17206
17220
17211
17218
17263
17227
17227
17451
17220
17380
17220
17394
17217
17263
17230
17394
17227
17262
59194
59233
59793
17222
17228
17256
17332
17228
17238
17554
17380
17238
17373
17267
19123
19125
17429
17332
20827
20836
21238
17468
17252
17326
17331
17251
17255
17350
17253
17332
17257
17341
17564
17254
17268
17273
17564
17380
17429
17451
17276
17260
17266
17280
17326
17331
17342
17266
17275
17351
17265
17270
17373
17281
17291
17554
17277
17307
17271
17290
17302
17340
17277
17339
17277
17307
17351
17288
17305
17280
17284
17305
17282
17307
17283
17342
17284
17349
17285
17287
17305
17302
17304
17510
17304
19264
19278
17307
17293
17294
17297
17295
17338
17296
17299
17490
17309
17338
17299
17301
17312
17536
17312
17304
17312
17339
17314
17315
17310
17334
17515
17334
25245
25337
25770
17314
17322
17515
17337
17344
17347
17323
17336
17347
17566
17336
17348
17321
17336
17348
17324
17344
17347
17325
17344
17344
17325
17333
17438
17341
17472
17515
17510
24010
17566
17354
17467
17477
17354
17387
17418
17369
17393
17358
17363
17365
17359
17364
17378
17361
17368
17370
17362
17374
17365
17372
17374
17381
17367
17368
17567
17450
17452
17558
17387
17405
17382
17428
17447
17447
17376
17425
17443
17377
17426
17430
17448
17383
17406
17409
17431
17447
17477
17385
17393
17390
17407
17395
17389
17390
17391
17396
17405
17431
17434
17445
17434
17445
17407
17448
17418
17448
17432
17414
17416
17415
17417
17427
17442
17467
17422
17441
17421
17422
17433
17430
17470
17424
17443
17453
17455
17443
17470
17441
17441
17437
17439
17440
17478
17455
17452
17471
17473
17465
17478
17458
17486
17539
17460
17460
17474
17491
17462
17556
17463
17464
17488
17478
17471
17471
17473
17562
17565
17494
17487
17516
17480
17498
17501
17502
17505
17484
17485
17503
17499
17487
17492
17495
17489
17517
17507
17556
17505
17568
17517
17545
17501
17502
17500
17518
17538
17503
17566
17509
17517
17538
17530
17537
17509
17546
17514
17513
17521
17540
17513
17535
17546
17520
17546
17521
17544
17540
17541
17533
17540
17523
17552
17524
17534
17547
17525
17550
17535
17745
17842
46942
17528
17529
17542
17549
17535
17546
17547
17533
17535
17542
17543
17550
17555
17544
17545
17568
17542
17563
17553
17552
17563
17555
17557
17557
17559
17567
17563
17567
17654
23946
17572
26463
26473
26444
26457
26481
24064
24091
24092
17587
17654
17575
17577
17576
17578
17621
17643
17578
17659
26392
18020
17580
17591
17613
17583
17601
17607
17582
17586
17643
17583
17635
18039
17634
24073
26463
17587
17590
17635
17635
17806
17611
22092
30908
26434
26456
17629
17633
26480
18006
26442
17692
17595
26410
26413
17807
26396
17598
18036
26418
17805
19102
26390
26412
18037
26438
18033
26406
17833
17835
26395
36032
48961
17629
26482
26422
26443
26464
23439
23450
23457
23458
26406
26439
22092
30878
18211
26407
26481
24028
24051
24102
23387
23396
23400
23947
24052
17623
17806
18086
18108
26411
18003
18039
17624
17659
17630
17653
17617
17708
17709
17830
17619
17825
17627
17668
17699
17622
17649
17825
19301
17830
17654
17696
17625
17832
17626
17695
19301
17647
17825
17965
17635
17647
17652
19709
24050
24057
24080
23944
23952
24040
24090
17638
17642
17638
17664
17690
17642
20177
24045
24059
24067
24073
23374
23472
17661
17696
18039
17652
17806
19709
17646
17662
17695
19129
17653
19301
17653
18041
23373
23462
23474
17651
17651
17686
20143
17699
17662
17982
25545
25571
17660
23948
23945
26468
23933
23935
26393
17690
17691
17834
20177
21115
23915
23929
23931
23945
24031
17686
19161
23924
23928
23964
23980
17697
20177
24292
24293
24317
24326
24501
24515
24519
17673
24314
24376
24462
23825
23828
23833
24478
24782
24363
24555
24557
24588
25280
24396
24409
24451
24109
25445
25464
25446
25490
23788
24404
24419
24420
25412
25430
25600
23763
23922
17689
20148
17710
19093
17689
23906
23927
17834
23965
17697
17834
19161
26456
26471
26473
17705
17735
17704
17715
20143
23921
23938
24039
20177
17734
17822
17702
17706
17815
17708
17810
17705
17716
17730
17716
17719
17706
17707
17723
17815
17728
17731
17712
17815
17734
19097
17728
17731
17735
17718
17820
17737
17735
17744
17773
17729
17749
17738
17729
17738
17810
17725
17737
17749
17783
17824
23316
23344
18139
23332
17819
17773
17822
19129
17734
18708
19012
17749
17821
17823
17826
17743
17744
17775
17780
17774
17783
17784
18368
20335
24393
17831
17819
17821
20252
46001
17775
17831
17774
17814
17820
17823
17784
23237
23245
17752
17754
17778
17777
17777
18732
22006
17757
17760
17759
17796
17759
17768
17760
23311
29888
18737
17764
17765
18728
17787
17768
18729
18727
18248
18736
17776
17770
17771
17782
18344
18727
17772
17796
17810
17821
17775
17816
18732
17801
17831
17785
17789
17782
17790
17817
18700
17816
17786
18700
17789
17797
17799
18742
17790
17797
19116
18700
18734
17792
18699
18701
17793
18350
18705
19078
17795
17828
18707
18167
17798
26375
18699
18703
19077
26380
26402
17802
17803
17829
17804
18714
18714
26401
26389
26411
19107
20148
26386
26389
26411
17812
17832
17819
17820
17826
18344
18460
18248
23342
23368
21115
18265
23319
23327
19238
26372
26412
19129
21115
26396
26397
18003
18006
18022
17838
17840
18141
17864
18360
17840
18205
18209
17858
18141
18198
17859
17864
18027
17865
17870
17846
17869
18151
17859
18032
18052
18151
18215
17849
18055
17959
17852
18151
17856
17859
17893
19105
17919
17939
18215
17855
17863
18053
17856
18217
18257
17858
17871
18141
18205
18196
18197
29964
17862
17891
18198
17883
18185
18204
19105
17952
20623
17868
18197
30340
17886
17926
30363
30365
18027
18052
17921
42915
18210
18229
18197
18218
18233
30365
30283
30386
30388
17878
17898
30327
23134
23141
29818
23134
23136
23160
30326
30358
17899
17906
17884
17896
17899
17900
18233
17883
17894
17896
17884
17907
17888
23137
29809
29820
17888
17907
17962
17889
17931
17928
17932
18218
18229
18253
17894
29763
29797
29817
29818
18032
19368
45976
30405
30408
30413
30339
18241
18254
18451
30392
30400
17906
17910
17929
17908
30407
30424
22826
22833
17910
17929
22823
17938
30423
30477
17929
30400
30412
17923
18029
22824
22857
22828
22851
30422
18162
22845
23056
17928
17935
22808
23018
23061
23109
17938
18254
22821
22870
22889
17927
17936
22804
17920
17934
18060
18087
22455
22457
22464
22816
17940
17959
23169
23197
30345
30373
30395
17937
22818
18451
17935
22802
22818
22808
23121
23129
23148
17937
22808
22807
23021
17941
17948
22885
17939
17941
18451
17941
18081
23125
23179
23196
23203
17944
22807
22809
22816
22805
23156
17947
17961
18031
22782
22783
18043
18081
22770
17952
17951
17975
17988
17974
17954
17960
17979
17957
18031
22765
22767
22834
22753
22773
24981
22782
22793
23006
23049
23444
18251
17976
22793
18081
22874
30373
23144
23146
23159
17975
18050
23033
23441
23453
17989
17999
25879
25887
25352
25828
25129
22752
22758
25105
25089
25114
25567
25577
25579
25584
25791
25798
25799
25839
22754
25870
20623
24393
46428
18001
18002
17981
18004
25094
25874
25910
25142
25169
17983
18004
25507
25550
17984
17996
25880
17992
17990
17998
18000
25998
17997
25887
25878
17997
18013
25911
25980
19497
25972
26271
17997
25886
25797
25809
25810
26122
18076
25916
22901
22903
22933
22755
25877
18012
18018
18040
25890
18025
18013
18023
18020
26395
25870
25800
25815
25885
25999
25808
25955
18009
18071
18023
18075
26438
26444
26465
18017
18045
18073
25888
26267
25869
25990
25817
25989
25879
18045
25539
25552
25893
18039
18141
18360
18052
18360
18050
18045
18075
18028
18360
18030
18050
23000
18055
19251
26418
22773
22793
26413
26436
26447
26461
18076
25879
25925
23466
23475
18082
18257
18251
18049
18066
18049
18067
18071
18048
18082
18066
18089
18207
18061
18207
23392
23394
18089
18183
18064
18089
18183
18151
18100
18101
18105
18255
18142
18148
18391
18142
18186
18190
18100
18104
18182
18654
21973
42915
18062
18070
18067
18186
18258
18070
18207
18119
18135
18391
18183
18185
18258
18741
18079
18150
18235
18391
18075
18082
25925
18078
18146
18195
25995
18102
18107
18190
26390
26401
26402
20225
44421
25875
25895
25899
18091
18146
18390
25940
18096
25972
26271
18113
25927
26282
26384
26408
26410
26417
26282
26318
19135
26302
26331
25936
25937
25956
25938
25956
18153
18128
18182
18103
18138
18140
18109
18153
18109
18142
18133
18201
26307
26428
26446
18146
26396
18190
18111
18138
18390
18132
18134
18118
18202
18365
19251
26290
25940
25944
18118
18365
18118
19513
18410
18120
18150
18121
18145
18388
18122
18144
18126
18358
18124
18156
18165
18176
18126
18165
18387
18130
18131
18150
18188
18144
18392
18130
18356
18367
18152
18144
18367
18404
18138
18153
18192
25927
18142
18182
18137
18192
18201
18193
23328
23344
18146
18390
18154
18194
18237
18388
18150
18353
23392
23399
23408
18177
18741
18258
19101
18236
18354
18387
18155
18159
18156
18166
18157
18159
18161
20165
26361
26369
18160
18381
18237
18249
18163
18347
22828
30487
18164
18266
18381
18166
18358
18460
18734
18243
18244
18175
18213
18238
18375
18172
18206
18252
18179
18244
18252
18174
18180
18237
18174
18187
18212
18179
18206
18236
18352
18387
18391
18242
26359
26366
26368
18226
18243
18249
18187
18203
18212
18388
18187
18188
18741
18246
18235
18203
18362
18255
18376
18380
18380
18385
18386
25918
18218
18203
18208
18375
18210
18214
18238
18385
18365
25927
19101
18209
18217
18216
18362
18212
18216
18238
18362
18216
26443
18375
18214
18226
18642
19105
18227
18243
25869
25873
25874
18263
29970
18273
23261
23286
23302
23366
29958
29960
29970
18226
18244
18249
18381
23166
23281
23469
29861
29867
29868
29978
18264
23132
29821
18253
30393
30394
30414
30476
18364
19741
26398
26400
29942
29976
30348
30365
19239
26381
18252
18245
18272
19101
18704
26398
30366
18385
18392
18272
18261
29995
18261
18262
18274
18268
18289
29985
23221
18346
18347
18270
29991
18274
29988
29974
23308
29969
30000
18277
18290
18306
29872
18275
18288
18298
18305
18283
18289
18288
29997
18279
18317
18281
18351
18281
18317
18713
18282
21330
18351
18317
18287
18302
18291
18296
18303
18318
18299
18298
18345
18346
18291
18293
18297
18297
18299
18312
18312
18302
18302
18316
18630
18351
18332
19084
18318
18345
29983
18325
18331
18629
18763
18322
18327
18319
18342
18629
18328
18709
21331
18624
18661
19109
18318
18363
18465
45081
18660
19084
18662
18452
18320
18325
18636
18335
18786
18342
18636
21330
18709
18763
18327
18763
18343
18327
21376
18795
18641
18632
18633
18661
18333
18667
18863
18667
18626
18643
19109
18650
18786
18336
18434
18434
18337
18348
18372
18452
18713
18340
18434
18340
18349
18366
18348
18348
18349
18352
18372
18667
18786
18350
18364
18460
18358
18355
18356
18364
18366
18379
18359
18359
18449
18376
23190
23192
23265
23461
20225
44421
25935
18377
18376
18392
19494
46942
18374
18461
18371
18373
18374
18744
18377
18454
18436
18454
18379
19515
18449
18383
18395
18419
18393
18395
19173
25903
25920
26342
26348
26371
18410
19513
18395
18410
18401
18416
18450
19514
19026
19121
18399
19121
18423
18435
18401
18416
19173
18402
18419
18448
18445
25935
25927
25948
18406
18419
18408
18448
19512
18445
19506
19519
18414
19535
18499
18504
18602
19794
18417
18426
19516
18414
19526
19535
18414
18448
18443
18417
18456
19157
19055
18443
19009
19511
18505
19009
19524
18422
18456
18457
19022
18423
19507
18450
18457
19516
18441
18486
18505
18427
18487
18453
18484
19370
19542
21447
18462
18466
18664
18462
18467
18472
18432
18438
18863
18437
18650
18650
18786
18447
19164
18437
18447
18439
18461
18439
18459
19505
18491
18646
19524
18453
18488
18478
18505
19524
18458
18646
19511
19509
21985
45295
19505
19515
19022
19121
18730
19516
18484
18487
19516
19009
18459
18464
18650
18866
18464
18503
18646
20266
21611
18467
18645
18471
18653
18554
18914
20930
18551
18566
18647
18993
18471
18472
18655
18473
18659
18666
18648
18475
18496
18644
18553
18554
18649
21026
18489
18493
18489
18491
18862
18645
18670
18863
18555
18647
20930
18482
18485
18516
18484
19540
19527
19546
19586
18488
18486
18488
18502
18862
18490
18656
19526
18495
18502
18656
18862
18644
21406
18507
18514
18516
18501
19066
18497
18576
21406
18498
19066
18960
18998
19498
22333
18653
18659
18507
18511
19595
19498
21656
46988
18509
18515
19573
19595
18515
18536
18513
19577
18511
18998
19066
19370
44421
18517
19561
19590
19561
19586
19561
19595
19621
19586
18524
18532
18978
19494
46323
46988
18523
18527
18972
20904
18525
18960
18972
18533
18558
19598
20325
18544
18960
20309
21373
18998
20900
18562
21373
21386
18531
18556
18532
18562
21373
19569
21373
21388
18961
18978
20309
18545
18560
18561
18899
20904
18961
18961
19567
19568
19570
19589
20315
21380
18558
19564
19573
18558
18563
18961
18581
21360
18541
18574
18908
20924
21106
21364
18547
18581
18544
18548
18556
18914
18553
18546
18581
18547
18548
18556
20924
18564
18554
18644
21026
18899
18978
20900
18573
18651
18566
18912
20924
18576
18914
18555
18578
18651
18908
18561
21372
21457
20904
21379
21457
18978
19564
20924
20930
18908
21378
20930
18571
18580
18652
21358
18570
18573
18651
18574
21106
21359
18571
18579
21329
18578
18580
18592
18577
18614
21346
21336
21345
18960
21329
18580
21343
21379
18583
18590
18591
18585
18657
18585
18663
18589
18613
18590
18592
21343
18590
18657
21326
19498
20140
18591
18621
21329
21343
18874
18611
18613
18657
18603
21337
21340
21340
21341
18617
21315
21328
18598
21036
21357
18601
18619
18601
18605
21866
21036
21316
21337
21317
19474
20306
18612
21315
18607
21341
18615
18619
21328
18827
18608
18609
18622
18611
18657
18827
18658
18625
18993
21866
21080
58093
58311
18621
21326
18638
18658
21315
18637
18874
18638
18635
21331
18632
19370
19542
19552
18643
18662
18640
18661
18869
18638
18641
18641
21331
18639
18665
18806
18869
18806
18649
18648
18655
18912
21336
19427
45801
18993
18663
18665
21026
21363
18670
21376
18866
18670
18669
18706
18726
19089
18726
19098
19114
19039
19067
18674
18761
18916
18873
19044
19073
18761
18764
19045
18680
18684
18805
18756
19039
19073
18757
19039
18680
19040
19069
18686
19045
18682
18694
19040
18685
18698
18784
18805
18686
18782
18752
18877
18698
18759
18805
18690
18702
19103
18692
18693
18712
18692
18693
18757
19071
18720
19082
18698
18758
18696
18731
19075
18697
19076
18748
18850
19075
19074
18702
18705
18742
18755
19238
26357
19086
18748
18850
19082
18710
19078
26372
19012
18721
18731
18755
18850
19103
19290
26412
19041
19110
18717
18728
18745
18723
18760
18724
18765
19110
19071
19078
19086
19111
18725
19041
19106
18740
18735
19094
18745
19038
19067
18729
18749
18744
19104
18737
26399
18738
18760
18746
18760
18749
19094
18749
19106
19050
18752
18771
18754
18768
18765
19106
18762
18759
18759
18762
19071
18873
19039
18867
18877
18768
18773
18881
18773
19074
18771
18809
18818
18818
21108
18802
18803
18868
18785
18880
18783
18887
18779
18868
18789
18887
18808
18872
18790
18878
18808
18803
18807
18848
18788
18790
18886
18789
18826
18845
18793
18887
18799
18804
18794
18868
18826
18843
19054
18796
18823
18803
18824
18848
18799
18880
18801
18802
18804
18882
18880
18818
21108
18811
18814
63398
66199
66237
66259
18814
18825
18828
21016
18817
18828
18822
18825
18820
58220
66212
18823
18824
18825
18847
18831
18834
18831
18839
21059
18840
21048
18870
18846
18836
18843
18870
19054
18840
18846
21877
18841
20929
21048
18841
21084
21059
18849
21018
18843
18854
18845
18855
21107
18886
18854
18855
20929
21039
18852
18856
18884
21038
18860
18861
18855
20961
21107
18879
21044
18879
18857
21110
18859
18859
18920
21041
21019
18884
20961
18865
18876
21107
18883
18885
18871
18877
18888
21328
18876
18888
19043
18886
19043
18884
21108
19040
18906
21107
21363
19043
18915
18897
18903
19034
18893
19059
20920
19371
20306
21985
18994
18935
19029
19034
18898
18913
18927
18928
18984
18925
18910
18933
18937
18972
18903
18937
18938
19029
19034
18984
19001
20932
18904
18939
18911
19034
18922
18927
18921
18924
18912
18924
18927
18915
18929
18936
18916
18938
18992
18922
18951
20929
20960
21110
20962
21019
21039
20961
18926
18936
18933
18937
19001
19048
18930
18932
18991
18986
20932
18936
18936
18940
18991
18984
18988
20932
19048
18992
18941
18957
19959
18944
18955
18963
18945
18958
18951
18958
21025
18966
18949
18976
19000
18962
18968
20901
18962
19046
19048
20920
18953
18955
20916
20919
18966
20916
18957
19000
19959
18956
20919
18963
18968
18986
20954
18975
19000
19959
18975
21105
19005
20959
18965
18981
18987
19032
19958
19002
19958
20954
20918
20959
18973
18995
19032
18977
19922
18976
20939
21109
18981
18999
19927
20939
20959
19002
20905
19032
19958
18983
18999
19065
18982
18983
19003
18988
19028
18990
19907
18996
19914
20939
18987
18988
20954
18995
19032
19906
18999
20927
20932
19052
19033
19046
19065
19905
20045
21109
19059
19028
19002
19907
19909
21103
19065
19897
19905
19930
19959
19008
19019
19036
19019
19115
19507
19013
19158
19183
19097
19152
19234
19019
19115
19185
19183
19018
19042
19119
19018
19021
19068
19020
19056
19088
19042
19064
19031
19037
19056
19055
19115
19186
19042
19127
19026
19173
19514
19117
19156
19158
19046
19042
19087
19127
19035
19047
19088
19089
19098
19069
19114
19051
19070
19053
19089
19053
19083
19076
19157
19120
19156
19158
19123
19127
19156
21104
21104
19159
26305
26332
26339
19063
19112
26381
26385
19072
19070
19098
19087
19091
19108
19098
19111
19083
19741
26377
19083
19083
19099
19104
26374
23233
23313
29895
29897
19103
19095
19916
19096
19092
19708
19108
19107
19096
19108
19128
20165
26366
26367
26368
26376
19111
26373
19128
21331
26322
26323
26330
26399
26400
19122
19126
19163
19122
19126
19172
19134
26309
26311
19495
25943
26329
19144
19145
19232
19229
19501
19139
19453
26298
26356
26421
19137
19162
26351
19453
26297
26313
19144
19145
26300
26312
26327
19145
19168
19267
19143
19146
19148
19236
19155
19168
19664
19170
19147
19154
19150
19181
19168
19204
19150
19199
19530
19182
19204
19152
19154
19231
19236
26415
26423
19236
20143
19169
26321
19169
19507
19167
19178
19167
19919
19177
19179
19170
19174
19233
19176
19231
19234
19514
19181
19198
19536
19186
19787
19919
19179
19180
19885
19891
19182
19197
19195
19554
19554
19188
19869
19189
19190
19205
19912
19235
19192
19202
19531
19193
19223
19196
19206
19280
19885
19196
19199
19203
19536
19280
19206
19201
19206
19225
19223
19209
19445
19531
19530
19885
19891
19225
19227
19273
19209
19213
19793
19419
19211
19356
19419
19213
19279
19213
19793
19864
19296
19272
19277
19882
19228
19283
19431
26130
26161
26292
19218
19222
19246
19227
19220
19224
19473
19225
19227
19222
19249
19263
19227
19272
19445
19232
19237
19267
19255
19263
19242
19265
26316
26207
26233
26243
26314
19787
19473
19453
19286
19531
19530
26359
19241
19399
26074
19270
19902
26188
19407
26289
26040
26045
26056
26185
19431
19265
26316
19478
25958
25970
19250
19291
19264
19490
26428
19253
19255
19276
19254
19288
19257
19490
19398
19882
19261
19269
19369
19269
19271
19417
19259
19260
19390
19292
19302
19261
19262
19338
19262
19369
19417
19273
19291
19283
19369
19399
19902
19530
19883
19284
19357
19278
19490
26302
26335
19276
19814
19289
19882
19356
19419
19883
19281
19404
19286
19282
19285
19402
19356
19428
19883
19305
19788
19293
19302
19302
19356
19814
26394
19398
19293
19304
19413
19340
19299
19305
19789
19502
19707
26300
26337
19404
19873
19298
19355
19299
19412
19798
19340
25869
25874
19417
19335
25645
25783
26108
19346
20229
19428
19308
19314
19325
19374
19755
20153
19312
19314
19325
19341
19314
19327
19313
19319
19341
19359
19339
19391
19331
19379
19316
19332
19425
19430
19317
19318
19377
19319
19331
19332
19321
19322
19377
19426
19322
19363
19421
19434
19363
19379
19388
19461
19328
19342
19359
19424
20164
19373
19380
19439
19328
19330
19329
19341
19330
19346
19333
19377
20151
19337
23896
23916
26116
19342
19349
19380
19348
19390
19347
19772
20164
19381
19412
20229
19375
19348
26076
25662
25677
25716
24704
24777
24778
19390
19391
19759
19765
19364
19364
19352
19399
26104
19392
19764
26076
26104
19360
19392
26189
19737
26182
26198
26221
19358
19798
20164
26188
26204
19759
20153
19379
19369
19399
19362
19365
19376
19380
19421
19433
19392
19366
19367
19384
20338
26289
26173
26289
19566
20623
20140
26084
26090
26174
19388
19461
19783
19789
19380
19394
19439
20338
19426
19389
19414
19433
19407
26065
26051
26087
26173
26082
19403
19418
19422
19423
26068
26073
26074
26079
26061
26075
26078
26177
19446
19745
19736
26068
26088
26193
19408
19396
19400
19443
19397
19454
19401
19483
19490
19415
19444
19627
19444
19485
19404
19887
19418
19484
19785
26028
26048
19409
19447
19408
20338
19418
19438
25969
26016
26022
26032
26038
19793
19413
20229
19420
19446
19487
19443
19449
19446
19746
19445
19421
19423
19485
19745
19798
20229
19772
20151
19644
19566
19814
19448
19780
20275
19758
20178
26319
19441
19448
19631
19461
19631
19449
19467
19799
19440
19684
19487
19799
25974
19646
19758
19654
19443
19450
19488
19456
19746
19484
19551
19450
19451
19532
19467
19468
19472
19624
19884
26311
19455
19456
19662
19472
19458
19622
19623
19636
19472
19488
19460
20472
19545
19463
19488
19532
19466
19652
19466
19622
19623
19544
19580
19625
19471
19645
19780
19475
19544
19470
19491
19528
19538
19471
19521
19528
19493
45081
19532
19537
19652
19510
19662
19510
25975
25963
25997
25982
26022
19484
26043
19482
26299
19504
25962
25965
19662
19489
19510
19746
19624
19508
26299
19538
19884
19518
25932
19504
25949
26299
25958
25997
25940
26241
26318
19503
19519
19664
26226
26301
26338
19512
19894
25934
19524
19559
26126
26129
26196
19884
19894
19556
19529
19547
19553
19543
19553
19620
19556
19540
19543
19551
19631
19537
19618
19623
19619
19544
19550
19549
19617
19620
19621
20266
21226
19792
19630
20300
20305
19563
19622
19549
19558
19576
19634
19650
19655
21758
45295
19622
19556
19619
19558
19638
20472
19576
19578
19634
19577
20288
20325
19584
20900
20326
20330
21380
20335
19589
20309
20935
20309
19571
21391
19611
20316
19583
20315
20316
20325
19579
19591
20288
19583
19598
19637
19591
19591
19581
19618
20305
19582
19588
19913
19585
19596
19585
19913
19634
20316
19621
19592
19597
19667
19593
19604
20326
19591
19629
19638
19596
19600
19942
19604
19944
20307
20288
19671
19612
19629
19642
19811
19903
19610
19640
20196
19605
19613
19903
19612
19606
19668
19666
19667
20216
20303
20307
19610
19630
20027
19610
19626
19918
20300
20290
20292
19616
19671
19615
19661
19666
19651
20312
19635
19638
19639
19636
19636
19652
19792
19795
19640
19746
19799
20140
45801
19635
20472
19644
19751
19795
19918
20300
20027
20472
19671
19639
19638
19811
19863
19650
19663
20312
19659
19784
19685
19646
19792
20275
19648
19657
19683
19781
19684
19706
19682
19753
19813
19663
19918
19657
19706
19744
20178
19780
19799
19663
20275
19683
19734
20150
19813
19659
19678
19784
19660
19679
19670
19903
19863
19751
20180
20197
20216
20197
19670
19800
20216
20032
20181
20197
19856
19674
19677
20277
20056
19675
19676
20205
19687
20056
20056
20204
19678
19679
20205
19685
19856
19681
19728
20179
20204
19718
20154
19753
19781
19816
19717
19782
20181
20280
19696
19760
19690
19694
19700
19720
20265
52257
19691
19696
19725
19720
19732
19720
19726
20157
19694
19763
20203
19762
20157
19733
19725
19760
19698
19700
19742
19699
19701
19809
20062
19701
19730
19762
19703
19704
19739
19815
19705
19738
19740
20154
19824
19875
19758
26311
26351
26355
26385
19809
19825
19730
20071
19716
19726
19727
19797
19809
19810
19829
19831
20071
19716
20146
19719
19722
20205
19727
19732
19727
19725
19756
20056
19733
19760
19724
19763
19743
19875
19730
20187
19762
19824
20062
19735
19743
20498
19782
20611
19784
19812
19740
20210
20210
26285
19761
19771
19815
19740
19747
26376
19829
20071
19748
19750
19748
19765
20210
20154
19800
20180
20215
19765
19772
20178
52408
53019
19759
19765
19757
19893
20168
20498
19790
20611
19849
19850
20157
26078
26082
19767
19768
19786
19776
19778
19893
19790
19866
19893
19797
19849
19849
19866
19775
19791
19808
19796
19844
19777
19839
19844
19777
19779
19844
19826
19783
19786
20150
19788
19786
19887
19789
19887
19815
19796
19804
19817
46323
20305
19797
19817
19856
19802
19864
19873
19803
19860
19861
19808
19837
19819
19838
19852
19807
19821
19822
19828
19840
19818
19840
19853
19849
20062
19812
20154
20312
19853
19839
19852
19860
19861
19825
19827
19853
19823
20025
19855
20025
19835
19868
19850
19860
19837
20065
19831
20057
20167
20058
19833
19854
20025
19835
19886
19835
19868
20104
20052
19855
19858
19860
19852
19845
19874
19874
19910
19851
19872
19879
19881
19848
20026
20877
19848
19911
20877
19949
20062
19858
19861
19855
19857
19949
20277
20025
19910
19872
19874
19910
19903
19880
19871
19879
19881
20065
19912
19871
19912
19877
19880
19881
19911
19892
19896
19896
19928
19939
19896
19912
19902
20039
19890
19908
19890
19892
19904
19898
19900
19899
19917
19904
19901
19930
21103
19917
19922
19934
19930
20288
19915
20045
20046
21112
19934
19921
19923
19929
19923
19931
19934
19926
19943
19926
19932
19972
20013
19957
19929
19935
21112
20905
20939
19945
21113
20037
21113
19945
19946
20061
20907
19943
20877
20054
20061
20026
20906
20907
20046
20046
20198
19948
19956
19973
20061
19951
20923
19956
20244
19953
19979
20923
19954
19968
19988
19955
20003
20043
20235
20037
20716
19972
20906
20907
20905
20049
20903
19962
19966
20872
19964
19964
19975
20734
19969
19970
19966
20730
19994
20889
19989
20248
20318
19987
20003
19994
20734
20922
20034
20896
20051
20334
20716
20192
20003
20970
20192
20716
20005
20192
20334
20004
20318
19989
20318
19981
20005
20192
19982
20717
19983
19995
19991
20236
20241
20986
20001
20923
20043
20044
20236
19989
20734
20473
20923
20368
20002
20009
20733
19996
20009
19995
19996
20008
20002
20034
20714
20717
20006
20007
19998
20000
20077
20010
20245
20000
20008
20695
20011
20887
20318
20004
20248
20044
20009
20017
20047
20008
20711
20009
20879
20011
20030
20048
20072
20012
20245
20717
20093
21112
20042
20087
20321
20033
20078
20087
20018
20074
20234
20024
20747
20023
20030
20072
20028
20042
20074
20021
20077
20719
20022
20073
20023
20084
20234
20047
20237
20908
20196
20029
20217
20321
20066
20199
20079
20248
21556
20047
20245
20717
20042
20237
20908
20244
20039
20054
20079
20235
20244
20050
20078
20731
20970
20245
20908
20198
20241
20334
20747
21113
20053
20070
20063
20069
20289
20349
20731
20079
20060
20071
20188
20349
20688
20069
20095
20087
20321
20068
20188
20096
20070
20159
20073
20077
20217
20078
20087
20237
20194
20230
20689
20887
20747
20731
20081
20083
20085
20084
20610
20094
20102
20258
20084
20094
20086
20090
20102
20090
20092
20105
20090
20091
20102
20109
20092
20136
20283
20234
20230
20744
20097
20101
20161
20099
20134
20100
20133
20135
20100
20163
20273
20503
20273
20142
20663
20118
20107
20123
20616
20110
20122
20118
20221
20111
20121
20278
20175
20274
20115
20133
20145
20274
20116
20117
20116
20132
20135
20116
20135
20149
20137
20274
20278
20142
20145
20149
20145
20223
20616
20122
20586
20487
20497
20482
20494
20616
20125
20126
20222
20482
20126
20232
20129
20220
20129
20213
20612
20129
20223
20612
20220
20147
20176
20228
20134
20163
20169
20228
20169
20283
20163
20503
20221
20591
20689
20141
20169
20228
21656
20201
20219
20223
20186
20219
20175
20166
20201
20152
20183
20663
20164
20156
20158
20218
20166
20184
20174
20228
20609
20188
20174
21121
20663
26348
20174
20184
20185
20172
20189
20173
20186
20173
20186
20202
20201
20616
20663
20182
20280
20181
20270
20226
20202
20498
20206
20190
20206
20214
21121
20191
20226
20299
20612
20195
20370
20211
20324
20200
20272
20279
20307
20611
20215
20209
20267
20384
20490
20209
20282
20310
20270
20280
20302
20267
20277
20689
20612
20490
20274
20278
20482
20483
20227
20506
20628
20306
21985
20232
20483
20527
20249
20282
20310
20246
20342
20596
20473
20267
20302
20384
20259
20264
20352
20261
20596
20903
20246
20687
21396
20285
20313
21531
20473
20255
20343
20347
20615
20254
20474
20256
20257
20353
20464
20273
20503
24393
46942
20254
20282
20525
21514
20264
20313
20499
20263
20351
20370
20261
20263
20524
20605
21531
20342
20474
20287
20297
20301
20356
20499
20285
20342
21032
34902
20269
20276
20298
20291
20359
20687
20272
20279
20298
21396
20588
20293
20303
20308
20311
20319
20506
20503
20324
20348
20605
20485
20596
20304
20322
20304
20320
20297
21391
20320
20301
20304
20311
20359
20324
20322
20320
20348
20339
20615
20322
21656
20340
20490
20506
20340
20341
20687
20327
20340
20357
20365
21380
21391
20369
21531
20688
20360
20475
21409
20935
20328
21399
20339
20356
20365
21399
21485
21399
20345
20378
21485
20346
20369
20623
42915
20471
20475
21397
21377
20340
20359
20496
21396
20355
20710
20475
20376
21397
21513
21396
20353
20355
20713
20352
20710
20605
20710
20376
21515
20466
20608
21391
21485
21513
20524
20386
20424
20488
20403
20446
21512
20407
20409
20421
21399
20367
20468
20713
20380
20436
21393
20734
21556
20524
20689
20375
21554
21404
21422
20401
20871
20471
21404
21515
20386
20471
21404
21486
21397
20874
21404
20407
20422
20383
20402
20420
20383
21510
20437
21401
20485
20386
20424
21488
21487
20402
20489
21401
20389
20406
20430
20668
20429
20431
59654
59421
20394
57535
59596
59607
59403
59425
59429
20405
20420
20465
20453
20406
20430
65785
20417
20668
21512
20405
20668
20757
21500
20466
20467
20477
20423
20743
20448
20465
20419
59456
59467
21512
20445
21517
20423
20436
20409
20410
20411
20422
20411
20425
20440
20478
59460
59462
59531
20428
59374
59379
20428
59373
59386
20416
20426
21518
59372
20427
59379
20430
59405
57423
57439
57957
59468
59522
20636
20465
20478
20636
20463
20636
20437
21401
20443
20447
20433
20447
20446
20448
20566
59376
59404
59567
59395
59588
59631
65807
20434
20438
59371
20435
20447
21560
20743
21557
20451
20666
20441
20491
20447
21518
20442
21395
21560
20480
21560
59444
59534
21541
59388
20478
21518
20462
20480
20481
20451
20456
20457
59375
59329
59634
20757
21499
21519
65779
65792
65811
20456
59375
59723
20518
20459
20495
20512
20460
20469
20476
20461
20470
20462
21414
20463
20468
20713
21414
21392
20488
20489
21414
20481
20512
20476
20499
21514
20489
20608
59105
59309
59369
20494
21402
20628
20732
20741
20615
20533
20642
20741
20614
20618
20743
21560
20493
20634
20750
20500
20502
20545
20497
20584
20732
20596
20615
21403
20501
20634
20504
20599
20515
20557
20510
20554
20589
20527
21402
59349
59361
59439
20522
20523
20531
20546
20582
20614
20523
20664
20693
20514
20543
20565
20517
20547
20552
20545
20548
21400
20517
20532
20632
20750
20529
20522
20523
59256
59267
59279
20528
59276
59397
20538
20632
20569
20526
21513
20628
20732
20587
20664
20628
59231
59831
20565
20534
59276
59298
20569
20613
20622
20634
20545
20599
59280
59292
20558
20630
59270
20538
59268
20557
20664
21400
20539
20551
20568
59261
59287
59345
59358
59918
59365
59373
59377
20630
59248
59258
59277
20613
59272
20676
59274
59295
20548
20693
21521
20557
20750
20642
20550
20551
20622
20574
20590
20587
20613
20629
59259
20582
20669
59216
59229
59232
59252
59158
59188
59230
20587
20565
20568
20629
20576
20577
20607
20568
20577
20629
20571
59260
20629
20648
59154
59364
59272
59379
59388
20570
20571
20585
20676
20573
20573
20580
20575
20622
20669
20598
20585
20635
59273
59274
20580
20597
20682
59153
59289
20595
20618
59240
59248
59269
20642
20693
20741
20588
20593
20597
20599
20673
20595
20597
20600
20594
20595
20618
20597
20600
20601
20635
20601
20701
20603
20621
20638
20626
20678
20621
20607
20635
21393
20626
20678
20673
21403
20621
20633
20700
20626
20627
20632
20625
20626
20627
20638
20640
20719
59243
59268
20696
20669
59290
59353
59363
20678
20691
20697
20646
59148
59248
59251
59262
59269
59167
59191
59257
20646
59144
59117
59250
59851
20662
59182
20650
20651
20681
20686
20696
20697
20758
20674
20684
20691
20697
20654
59142
20655
20703
20756
20665
20692
20657
20703
20758
20665
20672
20720
20659
20763
20698
59106
59150
59902
20671
59158
59865
21395
20760
59353
59370
20670
59041
20698
20692
20698
20735
20760
21402
20715
20759
59293
20705
20706
20876
20681
59293
59439
59723
20696
59103
59139
59159
20720
20759
20706
20735
20762
20709
20758
20756
20704
20718
20762
20704
20718
20718
20887
20704
20707
20711
20764
21423
20708
20711
20749
20879
20760
20763
20760
20763
21393
20878
20718
20758
20723
20774
20909
20723
20748
20774
20724
20725
20740
20868
20779
20878
20728
20729
20875
20866
21498
20730
20873
20868
21514
20779
20878
20759
20739
59032
59042
59065
20739
20798
20766
20767
20742
20781
21498
20746
20748
20761
20765
20779
20876
58399
58400
58998
59453
59454
59456
59066
59036
59037
59138
20769
20798
59135
21541
20762
20766
20764
20774
21423
20798
20769
20783
20801
20775
20780
59027
59936
59029
59052
20801
59026
59006
59028
59096
20783
20777
20778
20784
20796
20783
20879
20798
21498
20865
20784
20864
20870
20787
20790
20861
20792
20795
20790
20866
20797
20861
20864
20792
20862
58290
58305
58320
21511
59008
59028
59096
20861
20844
20860
59028
20811
59020
21178
58550
58567
59483
58964
20843
20813
20819
20870
59019
20842
21214
58996
20813
21203
21210
58546
58600
21208
58579
58982
58996
20843
20864
20820
21222
20815
20821
21214
20817
21210
21214
57952
65763
20820
21208
20973
20985
21435
20851
20984
20825
20841
20848
20969
21010
20846
20860
20976
20828
21555
20829
20836
20840
21010
20838
20839
20842
21555
58183
58238
20834
20891
20973
20845
20847
20969
20984
21433
20978
20985
20837
20840
20841
20841
21012
20867
20851
20976
21435
20847
20867
21240
20848
21240
20850
20851
20869
20855
20859
21511
20853
20869
20875
20855
20872
20855
20859
20977
58381
58384
58405
58404
58425
58987
20973
20974
20985
20984
20867
20863
20866
20869
20875
20866
21498
20896
21511
21515
20889
20875
20889
21515
21423
20909
20882
20884
20893
20893
20895
20936
20883
20886
20967
20972
21429
20886
20894
20977
20972
20980
21429
20970
20892
20897
20974
20972
21427
20897
20915
20972
20966
20975
20986
59136
59155
20921
20903
21105
20912
20977
20980
58269
58300
20942
20975
20915
20934
20936
20933
20917
20918
20931
20921
21025
21104
20926
20928
20970
20926
20975
20931
20933
20947
20948
20957
20965
20958
21119
21619
20941
20965
20967
21247
21481
20975
20986
20945
20983
21375
20946
20956
20951
21426
20949
20958
20982
20950
21481
20953
20982
20952
20955
20981
20953
20964
21426
20956
21020
20962
20983
20958
21015
20989
21449
20989
21429
21247
20990
21435
20985
21433
21022
20991
21022
21021
21033
21247
21426
21041
21233
21237
58480
21023
21027
21090
21352
21021
21449
20993
20998
21006
21082
21056
21081
21092
20998
21081
21030
21440
21011
21037
21458
21646
57834
57854
58058
21233
58233
58237
21030
21125
21130
21130
21134
58152
58177
58179
58257
21023
21031
21465
58035
58044
58091
58117
57997
58247
58251
21023
21013
58189
58225
58249
21017
21020
21039
21018
21042
21084
21042
21481
21033
21243
21090
21243
21465
21029
21031
21043
21084
21034
21043
21034
21427
21035
21458
21308
21053
21100
21044
21110
58136
58145
66247
21043
21047
21458
21047
21067
21111
21051
21054
21069
21084
21111
21055
21067
21083
58205
58209
21055
21458
21067
21063
21057
21100
21065
21062
21089
21133
21111
21061
21066
21146
21146
21074
21083
21089
21094
21133
21070
21071
66118
66199
66237
66254
21100
21133
58480
58488
21142
58160
21122
21096
21093
21122
58089
58219
21082
21101
21114
21254
21946
21092
21093
21097
21093
21099
21146
21449
58152
58164
58214
21095
21096
21097
21147
21147
58037
58038
58044
58146
58222
24325
46563
21129
21132
21138
21136
21144
21183
21984
22143
44778
21125
21126
21130
21135
21124
21125
21220
21139
21242
21230
21139
21128
21139
21183
21141
21155
21184
58244
66284
66332
21186
21228
21184
21186
21184
21186
58179
58257
21183
21155
21228
21151
21184
58159
58216
66330
58264
21155
21192
21159
21186
21154
21232
21164
21171
21191
58216
58236
58455
21160
21192
21232
21187
21239
21176
21239
21181
21168
21170
21231
21191
21231
21179
58523
58570
58617
58995
58606
58620
58621
21611
21619
34902
21172
21173
21181
58601
58632
58636
21185
21207
58630
58684
58757
21200
58556
58558
58153
66617
66648
58602
58614
58695
58815
21207
58531
58535
58651
58773
21187
21190
21195
21190
21195
21239
21206
58439
58440
58485
21203
58566
58582
58594
58651
58567
58631
58640
58641
58654
21210
58566
66616
66625
66659
21242
58578
21212
21211
21215
58239
58262
58431
59520
58999
21220
21235
21227
21230
21227
21238
21385
21619
44778
59053
59897
59911
21484
21706
21830
21241
21242
21233
58233
58471
58606
58185
21241
21242
21351
58253
58471
58472
21352
21259
21270
21366
58024
58040
21267
21275
21462
21427
21275
21634
21446
21665
21260
21269
21273
21444
21622
21638
21256
21260
21622
21274
21385
21398
21706
21256
21260
21283
21284
21467
21261
21289
21292
21270
21367
21450
21451
21274
21262
21290
21444
21471
21265
25069
46902
21267
21446
25143
25985
21267
21275
21608
21612
21269
21610
21787
21274
21495
21439
21312
58106
58130
21285
21648
21762
21287
21787
21277
21319
21772
21279
21294
21633
21279
21641
21651
21772
21295
21314
21780
21286
21637
21771
21284
21288
21771
21287
21792
21792
21286
21295
21643
21792
21294
21319
21293
21334
21467
21348
21444
58075
58080
58083
21349
21320
21771
21823
21642
21327
21637
21771
21311
21637
21639
21425
21446
21470
21335
21348
21638
21312
58096
58143
22060
46563
21303
21320
21334
21317
21786
58235
66296
66329
21310
21311
21323
21784
21335
21338
21335
21795
21322
21323
21323
21327
21357
21789
21793
21327
58116
58319
58069
58099
58126
21318
21639
21643
21322
21863
21321
21357
21793
21805
21648
21321
21327
21784
63465
63507
63509
21338
21866
21878
21335
21353
58067
58082
58098
58115
21795
21344
21786
21467
21622
21795
21356
21398
21484
26555
44106
21347
21355
21346
21359
21378
21350
21353
21354
21367
21493
58247
58307
21362
21448
21358
21360
21371
21372
21374
21367
21376
21365
21369
21407
21367
21369
21372
21379
21370
21394
21407
21407
21407
21436
21383
21443
21412
21386
21394
34902
21387
21388
21443
21411
21420
21421
21453
21453
21946
21521
21403
21412
21419
21420
21452
21419
21422
21419
21452
21421
21436
21420
21415
21417
21418
21434
21437
21456
21460
21456
21474
21442
21489
21491
21486
21439
21665
21441
21430
21490
21621
21454
21469
21469
21470
21621
21451
21455
21489
21497
21453
21459
21450
21470
21450
21454
21461
21469
21472
58158
58165
58246
21462
21468
21493
21460
21491
21506
21473
21466
21486
21464
21464
21471
21492
21665
21473
21490
21484
26555
21474
21532
21546
21621
21490
21480
21483
21547
21524
21613
21503
21505
21506
21547
21589
21613
21503
21547
21503
21550
21620
21612
21552
21605
21577
21554
21526
21507
21532
58268
58308
21509
21529
21554
21533
21557
21509
21504
21623
21505
21546
21601
21508
21601
21620
21554
21545
21557
58242
58320
58335
21520
65786
21520
21522
21530
21541
21525
21528
21525
21535
21549
21533
21535
21558
21557
21558
21566
21530
21558
65789
21534
21545
21623
21534
21563
57918
57924
59399
59411
59473
57426
65796
21573
57564
57895
65742
65758
65773
21553
65775
58261
58262
58285
21553
21566
21604
21668
21671
21606
21563
21589
21567
30022
53235
59434
65793
57423
57439
57461
21613
21585
57890
57970
21574
57856
65746
65747
65774
65775
22029
44106
57444
65726
65754
65756
21570
21666
65668
21588
21672
57876
57453
65791
65813
21682
65669
65729
21666
65735
21659
21666
21672
21830
22029
21580
21676
57723
65694
65695
65726
21595
21603
57826
21590
21670
65755
21584
21591
21599
57873
58006
21590
21680
21676
21603
21616
21596
21677
59469
21616
21672
65680
65686
65716
57450
57457
65772
57709
57732
65682
65685
21609
21616
21682
21673
65775
65748
65749
65772
21609
21602
65640
65736
57853
65737
21680
21605
21668
21606
21676
21636
21654
21657
21671
21655
45081
21671
21615
21617
21657
21652
58007
58018
58254
57983
57997
58026
58251
21628
21679
21629
58014
58017
58055
21660
21674
21631
21636
21647
21675
21755
21640
21667
21674
21760
21640
21655
21655
21787
21652
21643
21795
21793
21681
21785
21779
21651
21762
21647
21778
57765
57867
65297
57817
57991
21869
21792
21659
21659
21661
21770
21655
21973
57838
57863
58005
21776
21696
21674
21688
21666
21776
57974
57979
58014
21675
21680
65738
57814
57828
57992
21696
57818
57988
58020
21756
21764
21766
65619
65631
65672
57798
65679
65698
21696
21754
65614
65526
65632
65730
21704
21697
21699
21737
65634
35013
44942
21695
21699
21711
21737
65642
65645
65647
65678
21727
65606
21753
21754
65646
21753
64983
65608
21702
64962
21713
21722
65186
65206
65251
65382
65608
65597
65637
65639
34902
21709
21717
21725
21714
21736
21753
21716
21719
21730
65633
65629
65631
65639
21724
65633
21728
21764
64976
64984
21774
21767
21774
21734
21735
21724
64963
21729
65301
65347
65351
21749
21735
21809
65352
65613
21742
21757
63643
63666
63713
65273
21742
22011
21757
21759
21754
21752
21757
21808
58013
58065
63581
63610
21742
21757
22017
21749
21811
21824
21797
21821
21831
21797
21828
65365
65415
63748
63756
64120
65263
21751
21775
21752
21763
21759
21768
21830
57795
65645
65678
21772
57975
57981
21775
21773
21782
21779
21810
21775
21777
21824
21794
21779
21782
21783
21805
21782
21794
21810
21806
21875
21823
21866
21823
21789
21790
21864
21802
21875
21832
21796
21843
21802
21801
21806
21844
22009
63597
63603
21800
21811
21825
21804
21807
21832
21804
21811
21872
21835
21810
21829
21844
21826
21819
21821
21825
21814
21821
22009
21815
21949
21834
21935
22010
22011
22015
21821
21949
21833
21949
21958
21876
64118
21829
21842
21876
21831
21828
21831
21846
63481
63496
21835
21843
21942
21969
21950
21952
21921
21940
21845
21856
21855
21874
21921
21847
21874
21915
21921
21922
21847
21872
21871
21931
63813
63845
21871
21913
21922
21850
21873
21931
21941
63427
63445
63106
63111
63151
21931
21873
21922
21857
21862
21864
21868
21868
21862
57987
58036
58199
21881
21900
21908
21936
21899
21903
21884
21899
21904
21910
21910
21911
21893
21983
21887
21894
21982
21894
21934
21966
21893
21896
21934
22004
21891
21982
21983
21893
21911
21989
21974
21910
21905
21939
21939
21965
21902
21909
21907
21937
21911
21907
21908
21912
21928
21926
21970
21915
21918
21930
21917
21932
21926
21917
21927
21930
21926
21936
21927
21930
21936
21965
63770
63840
63842
21941
21926
21970
21943
21963
21940
21942
21968
21965
21932
21941
21938
21950
22015
21969
21945
21952
21957
21947
39436
47056
21957
21952
22007
63774
63797
63800
21986
21987
22022
21975
21977
21981
21960
21986
21958
21978
21987
22002
21971
22007
22018
21968
21980
22002
21975
21981
63722
63723
63724
21970
21972
21976
22018
45801
46988
21980
22022
21988
22016
22022
22024
21989
22001
22004
35107
21991
21993
22021
22016
64177
64191
64119
64123
21997
22021
22016
22021
63701
63704
63712
65268
22023
22030
22039
63764
64122
64187
47654
22014
22015
22028
22028
22013
22014
22020
22028
65223
65271
65381
63790
63791
22037
22038
22035
22032
22037
22035
22039
63766
64112
65287
26530
26767
26896
42864
43325
22227
30542
30552
30597
30462
30554
30663
30718
30727
30728
30682
22047
22049
22078
22057
30906
30883
30898
30907
30908
22051
22086
30882
22086
22179
22078
22192
22053
22055
22054
22062
22079
22055
22162
22249
30683
30694
30778
30900
30901
30911
30465
30466
30467
22088
22162
22725
25143
22062
22075
22079
22192
22134
22085
22144
22161
22094
30843
30846
22251
30452
30463
22145
22191
30341
30342
30353
30389
22076
22179
30884
29738
29749
30855
30862
30871
30874
22076
22077
22126
22162
22250
30915
30922
22136
30682
30699
30790
22083
22082
22135
22089
22135
30892
22126
22126
22132
22179
22082
22133
22179
22093
22101
22093
22110
22125
22130
30885
29790
22127
22130
29774
30890
30268
30281
30434
22165
30435
30486
30887
30916
22132
30815
30839
22099
22253
29790
22098
22099
22101
22137
22100
22112
22102
22253
22134
22111
22138
22104
23091
29792
22105
23104
29784
22106
23102
22111
22138
23128
23130
29792
23098
23111
29780
29782
29789
22253
22113
23095
22113
23094
22115
23085
22116
22224
22146
22118
22120
23079
22121
22417
23070
22121
22385
22129
22144
22383
23080
30446
30450
30451
30458
22837
22857
23156
22131
22145
22193
22129
22137
22145
22170
29776
22137
30926
30694
30723
29781
22226
22848
22852
22142
22142
22219
22146
22382
22734
24325
22160
23086
30483
30484
30489
22149
22316
22351
22299
23083
22151
22158
22337
22219
22390
22163
22187
22154
22169
22185
22170
22187
22176
22181
22159
22163
22159
22170
22187
22163
22164
22383
22161
22263
22249
22388
30437
30453
30457
22339
22348
22183
22187
22169
22172
22191
22171
22182
22193
22191
22193
22173
22175
22182
22186
22175
22194
22183
22387
22290
30658
30690
30817
22191
30790
22185
22296
22185
30661
30678
30723
30775
22296
30665
22299
22387
23083
30661
30665
30668
30775
30666
30693
22239
22261
22293
22311
22358
22362
22202
22216
22198
22215
30470
22216
22311
22200
22202
22213
22201
22206
22361
22256
22225
22256
22204
22309
22231
22242
22246
22206
22207
22341
22312
22208
22213
22349
22209
22407
22211
22483
22280
22360
22212
22887
22363
22407
22217
22368
30493
22216
22221
22277
22218
30493
22248
22452
22382
23082
22365
22404
22852
22225
22248
30443
30461
30555
22229
22231
22280
22310
22407
22831
23086
30481
30582
22230
22247
22311
22232
22244
30652
22362
22367
30640
30647
30648
30664
30654
30671
30700
30656
30660
30670
30679
30684
30912
22240
22264
22285
30703
30705
30762
22262
22241
22257
22286
22247
30468
30557
30568
30466
23112
23128
29792
22310
22277
22452
30900
30452
30460
30596
30638
30653
30719
30737
30568
30640
30674
30444
30447
30458
22258
22264
22260
22269
22260
22360
22279
30692
22417
23070
22265
22295
22276
22279
22405
30659
30687
30691
30701
30705
30707
30668
30904
22283
22405
22284
30725
30728
22295
30705
30707
30756
30760
30675
30725
30729
30746
28435
28436
30761
30690
30703
30715
22305
22287
22293
22285
30700
22283
22405
22291
30732
30767
30768
30707
30694
30778
30899
22304
22313
30904
22313
22304
22379
30619
30636
22305
22299
22299
23084
22301
22302
22306
22307
22312
22303
22316
22304
22331
23084
22307
22312
22341
22379
48039
22358
22362
22526
22360
22361
22315
22324
22344
22364
22391
23084
22318
22325
22498
22320
22418
22492
22320
22339
22414
22322
22397
22393
22414
22324
22326
22494
22343
22346
22377
22492
22343
22374
22498
22329
22334
22343
22329
22338
22346
22540
22634
22334
22445
22484
22335
22374
22376
22445
22339
22386
22414
22348
22388
22389
22341
22419
22381
22341
22349
22419
22375
22376
22378
22491
22346
22346
22377
22496
22351
22492
22364
22390
22380
22375
22380
22491
22384
22391
22354
22491
22357
22485
22451
22486
22495
22356
22400
22867
22370
22396
22411
22830
30491
30493
22368
22373
22496
22366
22849
22400
22411
22450
30651
30652
30674
22404
22485
23087
22372
22867
22451
22482
22860
22499
22548
22450
22419
22540
22391
22445
22495
22483
22390
22537
22389
23070
22393
22471
23083
23083
23082
22470
22859
22395
22420
22395
22412
22441
22471
22485
22499
22434
22438
23212
22399
22401
23076
22844
22402
22470
23072
22406
23077
22412
22489
23077
22450
30474
22415
23064
22416
22423
22410
22416
22421
22435
22441
22862
22423
22453
22415
22667
22418
23042
22436
22440
23080
23069
22540
22434
22441
22425
22436
22487
22431
23212
22441
22425
22462
22543
22435
22428
22430
22481
22552
22429
22539
22431
22462
22544
22433
22552
23046
23044
22435
22438
22522
22552
24931
22544
22440
22546
22473
22475
22474
22482
22486
22445
22446
22528
22447
22448
22484
22449
22528
22463
22459
22474
23077
22455
22467
22497
22460
22459
22465
22469
22461
22466
22682
22473
22480
22973
22463
22538
22461
22687
22689
22690
22544
22669
22469
22472
22473
22548
22480
22668
22962
22474
22482
22500
23077
22489
22537
22480
22668
22673
22477
22538
22476
22478
22563
22670
22478
22660
22521
22500
23114
22543
22887
22493
22862
22528
22543
22503
22634
22859
22503
22675
22528
22687
22710
22962
23087
22670
22519
22670
23114
22513
22505
22514
22534
22508
22608
22512
22534
22680
22508
24932
22509
22514
22524
22531
22671
22511
22517
22525
22516
22616
22516
22603
22519
22518
22545
22521
22664
23047
22614
22680
22518
22530
22545
23047
22531
22563
22666
22677
22665
22583
22660
22665
22677
22563
23047
22674
22678
30465
22672
22675
23114
22660
22677
22664
22674
22606
22533
22610
22561
22579
22615
22546
22575
23044
22539
22681
24931
24932
22859
22673
22671
22552
22559
23046
22546
22683
22669
22680
22583
22565
22567
22568
22569
22863
22882
22553
22569
22676
22556
22617
24957
22553
22560
24898
22554
24905
22676
24855
22556
22572
22617
22557
22612
22558
22562
22564
24957
22564
22566
22888
23038
22597
22959
22571
22597
22662
22959
22662
23046
22681
22959
24931
23046
24957
23038
22612
24890
22576
22612
22944
22609
24890
22578
22582
22940
24890
22888
23038
22580
22597
22584
22609
22951
22590
24846
24847
22597
22971
22613
22947
22586
22587
22941
22679
24960
23044
22587
22943
22617
22676
22892
22609
24890
22589
23035
22679
22939
22941
22937
22941
22593
24960
22592
22613
22947
22595
22607
22598
25153
22595
24887
25153
22626
22868
22598
24908
24960
22599
24850
25153
22601
22868
22622
24926
22623
24854
24922
24853
24924
24926
22614
22964
24853
22671
22868
22964
22892
22611
22680
22614
22971
22971
22616
22681
22620
22619
22621
22684
22635
22678
22621
22649
24923
24854
24904
25050
22630
22633
22633
24858
24859
22629
22630
22633
24847
25153
22630
24922
24923
22717
24900
25079
22938
24907
22638
22638
22659
24907
22659
24889
24907
24873
22636
22686
23071
24891
22659
24923
22651
22685
24856
22642
22646
25165
22642
22652
22718
22719
24870
22644
22646
22651
22685
22702
22685
22688
22653
22654
22938
24857
22717
24870
24900
24922
24891
22695
24870
24889
24876
24888
25079
22658
22706
25154
22657
22696
22708
22688
22709
22968
22696
22973
22701
22738
22968
24957
22962
22973
23059
22665
22686
23071
24932
22705
22705
22940
22956
22882
22888
23026
24923
22709
24856
22722
22711
22690
22691
22707
22866
22707
25154
22694
22794
22864
22712
22724
22884
22703
22716
22719
22704
22699
22728
22787
22711
22700
22723
25048
24884
22721
23059
25165
22714
24893
22710
22722
22968
23071
22708
22796
22864
22711
22738
23059
22740
22871
22714
22715
22716
25175
24872
25097
22726
25084
22742
25078
25165
22731
22865
22738
22740
22786
26284
22865
25097
22742
22865
22869
22739
22790
25048
22731
22869
25063
22731
22924
24996
25085
22733
22743
22747
22741
22974
22995
27051
35107
22946
24942
25048
22737
22875
25087
22751
22762
22764
24856
22946
23039
22928
22946
25095
22746
24981
22774
22779
22780
22789
23004
22753
22789
22928
22775
22995
23550
22766
22780
22784
23053
22875
22904
25066
22924
22995
25120
22875
24996
22908
25107
22769
22759
25107
22759
25870
25871
23802
22758
25092
25094
22760
25867
25105
22762
22908
25089
22908
23001
23550
22908
25120
22768
22803
22777
22791
22777
22814
22792
22778
22779
22783
22771
22874
22792
22773
22778
22793
22910
22783
22784
23001
24981
27051
35107
22788
22782
22789
23004
23027
48154
52403
57726
23000
22790
22791
22799
22796
22791
22877
22885
22797
22798
22799
22815
22889
25150
23097
22801
22870
22877
22806
22810
23097
22804
22810
22804
22878
22885
22806
23110
22809
22815
22818
23021
22878
23021
22841
22876
22889
22813
22841
22879
22819
22820
22876
22890
23110
23093
22820
22836
23156
22832
22836
23110
22841
22833
22837
22857
23093
30412
30391
30412
22833
22835
22836
30409
30487
22833
22845
30487
22851
30417
30485
30464
30492
22835
22879
22878
22842
22845
22837
22839
22841
22886
22847
22879
22848
22853
23056
23056
22846
22849
22853
22847
22850
22861
22849
22853
30411
30474
30481
30470
30472
30492
22858
25658
30471
30484
30491
23460
28904
23087
22873
22886
22880
22891
22884
22872
22891
24884
22877
25150
22880
23097
22881
22891
23000
22895
23110
22890
22881
22883
22886
23097
25154
23045
22890
22951
22894
22896
25047
22931
25093
22904
25085
22907
22915
24954
22913
22925
24995
22925
24094
25496
22900
22902
23520
22901
22903
23510
22955
24978
25064
25086
25098
22906
22923
24970
22927
22957
22914
25100
22912
22920
24981
22921
22955
23513
22916
22927
24971
24966
25093
22915
22918
24964
25058
22917
23554
22919
22993
22920
23025
23205
23542
22927
24964
22926
23524
22926
23554
25099
24971
24978
25063
24965
24972
22999
24974
22930
22936
25047
22931
24943
22932
24945
24953
25093
24094
24970
22953
22958
24954
22936
22952
25047
22948
24902
22967
24941
24873
24876
24941
25060
22941
22945
22951
23003
22952
23003
23035
22947
24846
22950
24855
24935
22974
24847
22967
23035
22950
22953
22958
22965
24855
22958
22954
25100
23005
23037
25099
24899
24960
23025
24970
24976
23003
22963
24956
23041
24898
23031
24874
23037
24935
24874
25103
24901
24902
23041
24918
24956
23040
24874
23024
25063
22976
23024
22992
23031
22978
22985
23066
22984
23028
22984
23026
23065
22981
22989
22983
23009
22983
22992
22996
23454
22985
24918
23048
22987
22989
23009
23075
22989
23033
23075
23024
23054
23454
22994
22996
23205
22997
24974
22997
23002
23055
23024
23454
23002
23524
25107
23006
23523
25100
25103
23055
23445
23008
23075
23109
23444
23011
23209
23012
23017
23020
23013
23195
23019
23273
23015
23036
23198
23019
23022
23209
23273
23022
23117
23195
23032
23034
24966
23045
24918
23460
25194
24956
23273
23109
23117
23052
23074
23049
23054
23066
23089
23108
23041
24956
23043
23064
23068
23068
23445
23453
23061
23109
23067
23100
23064
23073
23066
23068
23074
23122
23193
23067
23073
23064
23072
23073
23096
23076
23444
23088
23211
23094
23211
30422
23090
23102
23103
23107
23115
23106
23107
23156
23095
23207
23112
29781
23208
23211
23104
23207
23207
23208
23206
23122
23198
23198
23197
23206
23195
23208
29790
30383
30397
30398
30404
23116
23130
23197
23118
23165
23273
23129
23169
23136
23148
29803
29794
29801
29806
23165
29806
23139
23199
23125
23169
23126
23127
23179
23213
29804
30543
23139
23150
23165
29761
30374
29800
29827
29828
29808
29822
23157
23136
23148
23171
23157
29798
29810
29820
29856
23148
23151
23286
29815
23153
23154
23151
23153
23254
23183
23256
24107
23154
23271
23146
23159
23172
23147
23252
23163
23173
29822
23169
23465
24107
29810
29816
29870
23158
24107
23158
23160
23158
23159
23183
23202
23271
23175
23252
23469
23164
23177
23166
23168
23252
23191
23281
29793
23177
30370
30388
23177
23200
23190
23281
23469
23199
23271
23175
23178
23199
23271
23175
23268
23469
23180
23178
23202
23274
23213
23180
23267
23189
23459
23182
23282
23287
23190
23192
23268
23202
23255
23186
23187
23201
23186
23189
23204
23191
23266
23270
23390
23518
23440
23200
23204
23440
23518
23204
23440
23518
23228
29895
23216
23307
23217
23315
23473
23229
23303
23307
23220
23319
23320
23307
23315
23223
23229
23228
29992
29995
30007
29879
29880
29885
23227
23228
29896
23315
23295
29987
30007
23232
23305
23311
23234
29887
29889
29896
23239
23240
29886
23236
23241
23247
23237
23245
23238
23259
23305
23364
23241
23259
23241
29871
23246
23311
23473
23244
23247
23275
23245
23249
23248
23247
29858
23293
23249
23250
23278
23260
23283
23292
29853
29863
29915
30322
29814
23256
23276
23257
23260
23275
23465
23261
23286
23293
23305
23275
29858
29873
23263
23318
23356
23264
23291
23306
23270
23379
23379
23483
23272
23274
23287
23272
23277
23290
23470
23281
23354
23276
23280
23293
23283
23354
23279
23283
23294
23297
23283
23290
23372
23285
23294
23297
23301
23331
23465
23306
23459
23289
23304
23294
23296
23297
23370
29860
29862
29990
29983
29993
29994
23301
23330
23470
23310
23318
23331
23300
23330
23316
23326
23355
23320
23305
23311
23309
23366
23354
23473
29986
23330
23312
23357
23362
23368
23320
23321
23342
23323
23340
23341
23324
23345
23345
23341
23341
23346
23325
23327
23331
23470
23341
23345
23330
23342
23333
23340
23346
23355
23337
23336
23335
23338
23424
23347
23377
23337
23430
23339
23425
23433
23415
23431
23371
23432
23432
23415
23349
23357
23358
23363
23403
23377
23405
23429
23361
23412
23361
23405
23361
23405
23413
23459
23368
23357
23358
23362
23359
23370
23360
23406
23363
23492
23407
23412
23366
29899
23371
23403
23393
23406
23471
23406
23390
23471
23374
23468
23391
23394
23396
23492
23378
23393
23406
23394
23492
23461
23475
23381
23428
23507
23382
23658
24958
23389
23384
23639
23650
23386
23397
23491
23387
23650
23404
24053
23553
23399
23404
23409
23559
24053
23468
23395
23496
23472
23496
23402
23476
24053
23658
23553
23401
23416
23408
23410
23493
23493
23416
23435
23414
23418
23435
23492
23418
23435
23437
23633
23645
23418
23419
23424
23429
23625
23422
23426
23625
23632
23702
23426
23433
23425
23429
23427
23427
23625
23552
23559
23433
23437
23647
23645
23649
23649
23618
23647
23709
23441
23456
23449
23456
23467
23445
23524
26455
23448
23458
23448
23488
23519
23452
23481
23479
23519
23452
23456
23455
23513
23519
23457
23524
26455
23485
26455
26455
57726
23462
23468
23464
23466
23479
23467
23483
23474
23477
23485
23496
23483
23478
23484
23478
23479
23486
23480
23489
23519
26458
23486
23490
23489
23488
23489
23521
23547
23650
23495
23499
23521
23648
23498
23505
23547
23506
23648
23560
23648
23501
23514
23537
23506
23545
23514
23562
23605
23504
23505
23509
23506
23545
23511
26458
23515
23508
23560
24958
23555
23562
23511
23522
23520
23536
23512
23513
23549
23648
23522
23545
24078
23538
23545
24078
23522
23547
24964
23531
23603
24973
23527
23529
23539
23601
23529
23654
24065
23544
23604
24065
24990
23533
24066
24990
23533
24078
24969
23535
23535
23537
23653
23538
24066
24078
24969
23538
23549
23540
23541
23606
23544
23603
23602
23603
24065
24993
24065
23556
23606
25008
26458
23680
24968
23557
25120
23552
23564
24093
23555
23558
24971
24974
24093
23602
24961
25496
23561
23574
23559
23563
23926
23562
23576
23605
24082
23569
23674
23566
23569
23566
23576
23583
23580
23572
23577
23652
23574
23586
24968
23580
25010
23593
23679
24982
23572
23577
23692
23573
24198
23595
23653
24082
23577
23578
24014
24093
23608
24987
23584
23587
24014
23675
23585
23677
24198
23589
23596
23608
23652
24027
23660
23679
23594
23668
23692
24987
23589
24200
23589
23596
23661
24199
23660
24038
24200
23592
23593
23598
23654
24993
23596
23655
23675
24198
23692
23598
23604
25011
23654
24195
23600
23601
25007
23606
24992
24139
24990
24093
24095
24213
25458
24014
24038
24200
23611
23615
23703
23919
23701
23728
23919
23614
23703
23615
23700
23616
23624
23628
23700
23635
23651
23702
23621
23623
23634
23646
23705
23670
23627
23636
23700
23709
23635
23627
23697
23699
23631
23934
23636
23646
23701
23919
23636
23637
23649
23637
23659
23705
23702
23640
23685
23696
23670
23644
23642
23686
23697
23643
23682
23904
23644
23672
23656
23651
24968
23671
23669
23674
23698
23926
23696
23934
23663
23976
23663
23762
24036
23667
23672
23992
23666
23676
23678
23997
23687
23677
23997
23671
23673
23685
23675
23673
23682
23992
25010
23937
23937
23684
23762
24982
24987
23682
23687
23893
23689
23715
23706
23698
23893
23715
23967
23689
23694
23967
23690
23707
23954
23706
23694
23890
23707
23893
23904
23934
23704
23735
23744
23729
23710
23712
23889
23713
23730
23890
23713
23729
23746
23890
23733
23736
23730
23738
23745
23746
23754
23840
23720
23723
23748
23748
23840
23845
23723
23731
23724
23752
23726
23727
23754
23839
23841
23736
23821
23889
23821
23748
23880
23745
23987
23987
23754
23841
23843
23740
23741
23750
23747
23750
23747
23752
23842
23744
23749
23753
23864
23821
23842
23812
23842
23751
23820
23811
23820
23755
23812
23813
23759
24244
23812
24211
24244
23759
23795
23799
24151
23976
24218
24222
23795
24206
24218
23997
23854
23765
23993
24147
23766
23957
24146
23767
23996
23787
23990
23769
23971
24149
23770
23953
23956
23779
23877
23955
23971
23983
23774
23788
23790
23796
23822
24150
23776
23826
23776
23783
23826
23778
24004
23778
23788
23791
23781
23782
23875
23791
23871
23877
23877
23878
23888
23785
23785
23786
24295
23993
23971
23973
23789
23790
23815
23858
23989
23876
24004
23793
23806
24250
23812
24150
24244
24210
23797
23808
23798
23800
24151
23801
24247
23800
23808
23827
23804
23806
23805
24247
24247
23810
24241
24237
23827
23862
24237
24243
23832
23862
23829
24237
24036
24211
23826
24156
23844
23859
23882
23826
23989
24156
23831
23849
23860
23847
23870
24150
23954
24151
24244
23824
23860
23862
24243
23830
23849
24239
24241
23849
23853
23831
23832
23832
23862
23850
23857
23870
23836
23840
23845
23838
23838
23850
23864
23847
23865
23853
23849
23851
23859
23870
23855
24148
24152
24288
23868
23874
23881
23865
23870
23865
23882
24155
23867
23868
23872
23873
23874
23873
23887
23877
23953
23881
23901
23884
23901
24054
23897
23899
23914
23977
23913
23916
23899
23956
23969
23892
23940
23898
23939
23977
23967
23914
23969
23902
23940
23970
23900
23966
23915
23940
23900
23903
23920
23905
23909
23911
23922
23908
23910
23917
23920
23940
23917
23920
23928
24032
23927
24053
23939
24032
23932
24032
24032
23936
23981
23988
23936
23943
23978
23992
23980
23981
23942
23944
24040
23982
23995
23978
23984
23947
23947
24052
24031
23964
23965
26468
24029
24040
25473
23988
24039
24030
26468
23983
24295
24149
23993
23968
23972
23991
24205
23995
24097
24039
24052
24076
23982
23995
23970
23979
23991
24054
23975
23979
23975
23990
24101
24149
23981
24205
24039
23984
23986
23990
23994
24149
24295
23996
24042
24044
24006
24146
23999
24000
24099
24193
24015
24016
24002
24042
24009
24011
24098
24105
24212
24013
24020
24034
24011
24099
24105
24042
24142
24146
24165
24105
24184
24212
24010
24017
24144
24011
24012
24105
24135
24033
24035
24098
24099
24145
24072
24029
24040
24044
24165
24212
25017
24098
24022
24024
24104
24047
24102
24024
24029
24096
24025
24033
24026
24029
24051
24102
24082
24055
24076
25473
24104
24037
24043
24096
24145
24100
24104
24169
24214
24045
24075
24104
24193
24072
24100
24097
24047
24049
24055
24060
24049
24067
24050
24058
24100
24102
24059
24075
24076
25473
24056
24060
24058
24062
24079
24070
24080
24062
24069
24081
24079
24064
24077
24103
25472
26463
24985
24095
24979
25011
24077
24083
24072
24074
24072
24074
24144
24103
24166
24100
24080
24166
24103
24083
24988
25472
24085
24089
24991
25483
25448
25460
24091
24092
25471
25474
24088
25444
25468
24988
25530
25444
25475
26463
26471
26470
25472
24972
24345
24097
24145
25490
25057
24138
25440
25446
24111
25059
24114
24136
24370
24138
25446
24114
24134
24136
25445
24359
24128
24356
24371
25462
24119
24133
24356
24118
24163
24282
24185
24274
24120
24121
24127
24128
24163
24157
24163
24123
24282
24328
24124
24126
24271
24216
24458
24159
24163
24282
24282
24301
24133
24289
24274
24130
24132
24141
24133
25017
24132
24153
24158
24140
24289
24203
24360
25490
25462
25453
25502
24961
24973
25064
24142
24264
24142
24165
24147
24248
25057
24156
24156
24154
24155
24232
24238
24158
24220
24289
24220
24254
24161
24220
24254
24168
24238
24250
24356
24360
25457
25462
25450
27051
29989
48172
24232
24235
24238
24170
24194
24171
24214
25015
24181
24173
24174
24339
24174
24176
24191
24189
24278
24176
24177
24323
24177
24191
24188
25022
24179
24188
24277
24188
24283
25014
24183
24190
24332
24202
24183
24226
25017
24301
25453
24190
24331
24354
24265
24375
25051
25022
24278
24330
24279
24348
24221
25011
24344
25458
25461
24204
24377
24979
24200
24202
24332
24456
24226
24233
25017
25457
25015
24207
24210
24222
24209
24224
24210
24236
24215
24234
24221
24217
24236
24365
24234
24228
24242
24375
24344
24461
24240
24242
24230
24252
24294
24227
24249
24251
24332
24231
24276
24265
24230
24246
24252
24245
24240
24240
24294
24243
24288
24249
24456
24261
24252
24273
24366
24263
24328
24257
24269
24275
24327
24260
24265
24285
24387
24258
24281
24259
24275
24366
24262
24267
24272
24270
24275
24267
24290
24266
24268
24387
24270
24328
24277
24283
24271
24458
24271
24285
24290
24285
24371
25453
24387
24285
24327
25026
24329
24354
24329
24354
24281
24286
25014
24299
24365
24293
24326
24300
24365
24458
24312
24326
24302
24320
24300
24297
24300
24304
24317
24298
24372
24305
24324
24363
25022
25026
24313
24367
24322
24365
24310
24463
25019
24307
24316
24474
24308
24315
24310
24313
24314
24311
24320
24321
24316
24324
24333
24367
24462
24315
24318
24443
24321
24460
24320
24319
24421
24416
24474
24323
24372
24333
24367
44778
48172
24458
24461
24336
25018
25014
25051
24346
24348
24346
24392
24438
24337
24353
24339
24379
24457
24350
24353
24379
25016
25020
24438
24341
24343
25054
25016
25461
24343
25028
24459
25004
25018
25458
24422
25013
25020
24438
25449
25458
25461
24374
24422
24432
25024
25037
24390
24475
24392
25013
24358
24358
24373
25025
25464
25485
24388
24368
24467
24484
24369
24475
25019
24387
24449
24484
24371
24449
24463
24383
24400
24405
24424
24456
25053
25435
25485
24417
24399
24522
25422
24398
25429
24386
24385
24386
24398
24388
24403
24475
24465
25434
24394
24467
24394
24395
24523
24391
24403
25053
24418
24419
24417
25013
25429
24397
24418
24397
24470
25432
24454
24465
24444
24450
25425
24422
25037
24410
24420
24501
28417
35022
35550
24418
24454
25029
24407
24527
25401
24471
24549
25418
25436
24470
24471
24515
24412
24413
24819
24447
24713
24414
24428
24425
24469
24430
24446
24469
24452
24438
24448
24426
24443
24452
24455
24459
25016
25020
24435
25029
24710
24770
24448
24628
24430
24469
24706
24429
24819
24770
24789
24435
24442
24432
24433
25032
24437
24434
24436
24440
25035
24437
24440
24442
24442
25037
24441
24447
24713
24706
24455
24468
24472
24468
24465
24705
24446
24525
24743
25484
25029
24743
25484
24465
25428
25436
24525
24474
24490
24743
25018
25028
24474
25018
24707
24708
24713
25235
25389
48131
24728
24490
24516
24752
24478
24727
24782
24480
24489
24544
24608
24478
24489
24728
24480
24489
24727
24500
24482
24483
24502
24499
24519
24487
24503
24608
24486
24630
25036
24487
24546
24488
24510
24503
24609
24492
24609
24634
24493
24633
24494
24543
24634
24495
24507
24518
24546
24518
24635
24744
24509
24723
24744
24518
24629
24744
24501
25426
24503
24628
24510
24514
24631
24509
24542
24724
24542
24630
25012
24507
24518
24620
24543
24607
24513
24519
25178
24629
25036
24546
24634
24512
24520
24527
24540
24614
24515
24614
24519
24545
24722
24526
25401
24544
25012
24521
24524
24528
24527
24538
25418
25436
25429
25432
24529
24567
25029
24539
25395
24549
24529
24537
24530
25192
24531
24591
24533
24865
24533
24540
24562
24567
24688
24535
24554
24865
24566
24591
24537
25192
25317
24538
25316
24787
24787
25357
24567
25279
24617
25178
25279
24708
25036
24610
24626
24630
24731
25178
24629
24626
24631
24731
24617
24639
25308
25336
24626
24639
24731
24552
24554
24555
24568
24553
24574
25286
24619
24652
24563
24625
24570
24612
24557
24569
24578
24588
24574
24559
24560
24700
24689
25415
24576
24613
24734
24575
24585
25308
24617
25308
24564
24568
24566
24566
24591
25283
25289
24572
25285
24584
24613
24615
25280
24611
25721
24611
25286
24652
25286
24619
24588
24612
24577
24700
24584
24663
24580
24584
24580
24624
24646
24673
24583
24641
24663
24692
25933
29100
65988
24594
24638
24646
24592
24602
24587
25280
24592
24593
24592
24787
25316
25357
24593
25282
25192
24594
24594
24664
24596
24606
24648
25282
24606
24649
24599
24606
24732
25281
24604
24616
24618
24733
24607
24733
25281
24603
24639
24664
24626
24640
24605
24648
24638
24643
24642
24623
24630
25426
24640
24732
25281
25285
24625
24619
24722
25279
25285
24645
24649
24623
24643
24658
24734
24623
24636
24624
24643
24673
24627
24673
24692
24667
24638
24865
24646
24663
25426
24634
24636
24739
24745
24732
24636
24739
24657
24683
24804
24664
24687
24644
24721
24648
24733
25281
24647
24698
24701
24735
25039
24681
24694
24687
24733
24684
24808
24653
24681
24808
24655
24691
24654
24657
24745
24659
24772
24689
25188
24720
25275
24667
24667
24681
25039
24736
25275
24719
24739
24773
24662
24771
24672
24699
24687
25203
24811
24824
25049
24669
24671
24697
24684
24736
24745
24773
25038
24720
24736
24679
24822
25030
24694
24677
24695
24795
24721
25156
25158
24677
24678
24701
24702
24801
24695
25158
24738
24811
24692
24735
24808
24683
24703
25278
25039
24825
24690
25193
25288
24695
25198
25282
24865
24691
24696
25155
24734
25190
24699
24700
25156
25190
24783
25191
25415
24831
25278
24801
24825
24721
24813
24721
24703
24774
24704
24801
25278
25436
24710
24725
24819
25012
24710
24770
24807
24725
24726
24819
24714
24717
25049
24752
24715
24726
24729
24730
24789
24740
24750
24751
24719
24773
24719
24723
24729
25336
24724
24737
24725
24737
24789
24737
24751
25049
24825
24771
24771
25038
24741
24753
24807
24751
24754
24811
24812
25041
24747
24748
24930
24749
24762
24768
24767
24809
24770
24789
24812
25012
24762
24809
25041
24756
24758
25076
24917
24930
24758
24790
25009
24911
24914
24760
24764
24823
24775
24816
24767
24816
24925
24809
24764
24766
24821
24765
24818
24822
24823
24775
24828
24790
24911
24911
24930
24772
25038
24824
24777
24779
24826
24781
24803
24781
24794
24781
24788
25147
24794
24795
25073
24894
25158
25288
24788
24831
25278
24791
24830
25073
24795
24912
25073
25401
24832
24816
24800
24863
25166
25198
24802
24834
25141
25206
24863
24798
24803
24800
24894
25146
24892
24803
24944
25196
24830
24830
24912
24835
25275
24806
24827
24810
25203
25190
24925
24814
25163
25201
25030
25049
25152
25156
24818
24823
24925
25041
24826
24823
25030
25041
24821
24832
24882
24929
24915
25163
25038
24913
24909
24920
24841
24844
24860
24920
25206
25055
25338
25147
25200
24838
24845
24906
25202
25147
25196
24839
24909
24915
24920
24927
25145
25196
24858
24859
24851
24866
24906
24858
24869
24873
24851
24915
24849
24946
24919
24921
24851
24866
25050
24904
24850
24903
24921
24919
25146
25197
25206
24924
24859
24900
24907
24861
25050
24866
24862
24869
24906
24927
24894
25149
24919
24909
24929
25148
24879
24880
25149
24883
25145
24875
24893
25081
24875
24879
25175
24879
24883
24880
25043
24888
25062
25079
24880
25101
24892
25062
24927
25196
24886
24942
25095
35056
35550
35575
38419
24944
25145
24921
24900
24944
25084
25043
24897
24928
25045
24914
25076
24941
25060
24905
24908
25161
24941
25046
24939
24946
24926
24935
25148
24910
25163
24940
24946
25009
25009
24928
25056
25076
25040
25056
25148
24977
25044
25163
25200
25040
24934
24936
24947
25077
24937
24975
25045
24977
25060
24943
24975
24946
25009
25063
24945
24952
25061
24949
24986
25042
24955
25000
24951
25001
25042
25000
24962
24975
24955
24995
25047
24959
25061
24963
24995
25000
24967
24986
24995
25493
24976
25058
24980
24983
25493
24985
24973
25064
24976
25046
25076
25099
24986
24989
24984
24993
24992
25008
24987
24994
25471
25021
25444
25042
25517
25120
25001
25003
25042
25002
25075
25005
25021
25027
25061
25075
25003
25005
25054
25517
25007
25052
25493
25496
25051
25128
25517
25027
25052
25449
25028
25054
25033
25408
25463
25408
25034
25077
25146
25045
25046
25128
25449
25201
25093
25485
25161
25081
25088
25175
25090
25109
25140
25142
25164
25074
25091
25142
39436
44424
47056
25086
25088
25088
25169
26449
25082
25146
25082
25339
25463
25463
25083
25102
25149
25197
25090
25104
25090
25089
25109
25096
25867
26449
25169
25910
25105
25871
25101
25169
25172
25109
25132
25113
25121
25170
25844
25114
25489
25854
25864
25117
25134
25489
25115
25842
25864
25116
25863
25130
25130
25872
25130
25864
25118
25406
25124
25131
25179
25209
25215
25991
25377
25167
25377
25844
25124
25126
25135
25171
25126
25171
25213
25393
25214
25735
25134
25179
25501
25132
25209
25172
25208
25213
25393
25209
25406
25137
25377
25139
25166
25139
25168
25205
25157
25174
25151
25844
25197
25762
25170
25171
25834
25154
25160
25170
25415
25156
25158
25162
25166
25174
25377
25171
25193
25198
25202
25339
25174
25176
25344
25872
25219
25391
25732
25851
25181
25234
25195
25208
25217
25897
25184
25185
25276
25187
25205
25183
25184
25199
25234
25184
25186
25187
25220
25487
25189
25205
25235
25199
25207
25749
25339
25288
25207
25234
25338
25203
25338
25212
25487
25344
25749
25830
25211
25230
25736
25352
25276
25217
25834
25219
25754
25851
25341
29069
29100
25312
25736
25851
25223
25230
25352
25223
25240
25739
25225
25233
25225
25352
25727
25240
25236
25245
25739
25276
25290
25399
25735
25778
46563
47056
25231
25710
25233
25337
25337
25770
25739
25241
66482
25238
25262
25719
25238
25239
25711
25272
25245
25269
25770
25242
25730
48131
25243
25715
25356
25723
25730
25247
25249
25264
25271
25359
25689
25250
25335
25689
25266
25294
25250
25257
25293
25407
25252
25259
25261
25254
25254
25260
25265
25272
25259
25261
25356
25398
25686
25699
25722
25259
25685
25268
25272
25346
25262
25272
25717
25294
25717
25301
25296
25302
25359
25368
25725
25294
25361
25290
25711
25273
25353
25335
25354
25291
25721
25291
25296
25302
25291
25313
25721
25298
25287
25302
25311
25295
25315
25315
25311
25296
25301
25307
25346
25722
25346
25345
25353
25317
25360
25300
25305
25358
25310
25402
25353
48154
52403
25310
25345
25396
25306
25322
25355
25358
25394
25309
25711
25314
25342
25728
25760
25718
25317
25360
25319
25321
25351
25326
25331
25321
25693
25340
25402
25362
25400
25324
25362
25369
25383
25403
25326
25328
25327
25343
25329
25387
25329
25332
25416
25330
25332
25334
25392
25343
25355
25362
25370
25351
25366
25713
25349
25713
25364
25710
25351
25368
25762
25985
35592
25769
25830
25383
25686
25711
25349
25365
25713
25357
25397
25400
25410
25409
25605
25614
25387
25365
25366
25595
25402
25722
25724
25394
25360
25366
25717
25686
25725
25407
25595
25709
25404
25385
25614
25763
25693
25400
25403
25384
25417
25405
25420
25451
25373
25374
25488
25379
25405
25498
25592
25376
25378
25486
25495
25420
25482
25427
25380
25430
25381
25382
25488
25383
25498
25592
25849
25404
25410
25417
25491
25603
25713
25409
25491
25605
37966
48146
25427
25519
25521
25393
25500
25732
25400
25418
25499
25686
25693
25403
25499
25719
25730
25753
25770
25424
25595
25763
25430
25842
25872
25608
25626
25748
25605
25412
25430
25438
25413
25454
25414
25431
25421
25422
25592
25500
25849
25419
25499
25486
25423
25600
25425
25424
25499
25455
25602
26450
25433
25435
25454
25455
25455
25456
25435
25456
25438
25439
25479
25451
25459
25464
25516
25492
25516
25448
26467
25447
25459
25460
25490
25479
25481
25450
26467
25479
25459
25460
25492
25502
25483
25518
25466
25503
25467
25476
25468
25475
25480
25478
25470
25504
26466
25504
26462
26469
25476
25477
25520
25481
25483
25480
25530
26466
25482
25497
25482
25520
25518
26450
25501
25842
25500
25604
25518
26466
26474
26476
25520
25503
26474
26450
25855
25515
25598
25510
25527
25506
25508
25526
25510
25527
25542
25509
25549
25528
25545
25542
25544
25548
25544
25512
25531
25696
25513
25514
25575
25564
25832
25531
26460
25522
26474
25532
25598
25602
25603
25532
26249
25543
26451
26452
25525
25528
26437
25526
26472
25527
26469
25529
26430
25545
25889
26462
25590
25594
25843
25554
26249
26448
25546
25804
26251
25546
26248
25539
25979
26446
25893
25898
26296
25539
25578
25893
26424
25541
25543
25562
25804
26431
25550
25549
26476
25550
25789
25868
25868
25893
25898
25601
26476
26451
25553
25556
25572
25979
25994
25561
25563
25566
25601
25832
26460
25559
25569
25789
25564
25565
25558
26258
25560
26259
25561
25563
25574
25570
26248
26250
25794
25565
26251
25896
25575
26452
25896
26452
25567
25572
25640
25574
25589
25792
25570
25574
26248
25573
26296
26431
25576
26432
25792
26272
25576
25582
25583
26432
26258
25585
25640
25581
25583
25582
25636
25696
26432
25584
25586
25587
25627
25588
25644
25650
25591
25596
25794
26262
25819
25843
25631
25650
25597
25626
25748
26453
25819
25833
25624
25792
25784
25847
25613
25625
26451
25849
25846
25748
25846
25610
25625
25707
25609
25619
25609
25619
25709
25615
25697
25625
26453
25616
25615
25700
25707
25617
25738
25700
25697
25743
25619
25621
25691
25699
25700
26151
25692
25701
25630
25628
25651
25701
26228
26459
25708
25708
25635
25644
25649
25642
25673
25743
25633
25650
25787
25636
25784
25634
25633
25644
26252
25654
26234
25787
26156
26231
26459
25696
25833
25647
26108
25639
26115
25655
26192
25794
26262
25647
26018
25653
26144
25653
26110
26156
25646
25647
25652
25656
26018
25648
26234
26262
26459
25692
25695
25657
25862
25673
26151
25655
26252
25657
25712
25716
26037
28955
29989
38640
25660
25704
25766
25773
26273
25662
25674
25663
25666
25733
26037
26103
26120
25694
25716
25726
26011
25771
26010
25668
25771
26098
26100
25671
25694
25671
26012
25776
25703
25712
25771
26010
25738
25675
25680
25688
25726
26142
25766
26011
26098
26107
26142
25680
25681
25687
25682
25685
25683
25723
25724
25684
25687
25714
25720
25724
25688
25702
25720
26103
25691
25714
25699
25780
25780
25725
26273
25733
26120
26144
26014
26142
25738
25743
25714
26098
26142
25705
25706
25767
25720
25766
25755
25708
25763
25760
25783
25780
25727
26102
26010
25739
26010
25734
25828
25769
25731
25737
25768
25745
25761
25830
25862
25740
25802
25752
25845
25754
25760
25744
26157
25828
26157
25798
25988
25757
25831
25750
25751
25761
25765
25801
25751
25803
25827
25768
25801
25831
25769
25752
25778
25827
25768
25759
25769
25845
25781
25802
25876
25757
25973
25758
25777
25764
25831
26178
25781
25876
27386
25786
26013
26013
26168
26103
25781
26168
25824
25776
25850
26096
25774
26097
26168
25775
26013
25786
25850
26097
25786
25835
26157
25857
26178
25803
25833
26453
25835
25848
25907
26234
25793
25839
25984
26251
25835
25992
25795
25798
25821
25796
25853
26294
25814
26286
25805
25853
25811
25922
26013
26102
25824
25898
25806
25814
26291
25839
26286
25992
26020
25838
25841
25987
25818
25983
25823
26003
25820
25892
25818
25892
25912
25840
25853
26294
25818
25892
25894
25817
25836
26004
25820
25847
26291
25822
25988
25907
26286
25831
25826
25836
25857
26178
25857
25991
26178
26451
25973
25837
25988
26004
25981
25996
25883
25922
25999
25986
26293
26249
25847
25992
26003
25908
25860
25873
25884
25855
25856
25858
25860
25863
25897
26260
25875
25883
25895
25865
26110
25864
25899
25989
25869
25990
25909
25910
25909
26294
25878
25900
35022
65988
25895
25990
25980
25922
26291
25920
25978
25887
25911
25978
25913
26296
25911
25923
25980
25999
26002
25902
25920
26251
26431
25990
25933
30219
25902
25905
25993
25903
26002
25905
25914
25955
25917
25916
25973
25984
26096
25923
25917
25983
25994
26429
26440
26334
25916
25919
26267
25921
26002
25954
26267
25954
25955
25987
25978
25955
25957
25940
25929
25936
25952
25930
25939
25971
25932
25945
26317
25934
25966
29955
25935
25939
25950
25938
25950
26241
25995
25943
25949
25959
25959
25971
26310
25971
26317
25948
26318
26282
25952
25956
26282
26329
26318
25972
26310
25964
25965
26310
26338
25978
26334
26271
25960
25964
26338
25965
25970
25962
25970
26242
25975
26023
26024
26031
25972
27366
29100
26023
26049
26053
25970
26031
26242
25975
26242
26053
26242
26030
26001
26021
26295
25986
26001
26033
26154
25987
26293
26286
26644
26334
26296
26034
26029
26050
26001
26005
26260
26122
26039
26114
26134
26035
26041
26105
26015
26016
26136
26139
26273
26039
26022
26154
26117
26131
26136
26139
26110
26096
26123
26064
26123
26127
26154
26025
26050
26306
26027
26306
26028
26053
26048
26166
26043
26049
26034
26034
26050
26053
26166
26034
26131
26134
26136
26062
26105
26170
26042
26117
26107
26138
26046
26095
26117
26170
26046
26166
26065
26047
26052
26055
26051
26059
26222
26059
26113
26051
26054
26059
26049
26095
26113
26170
26055
26060
26101
26222
26173
26222
26289
26082
26087
26173
26061
26087
26080
26063
26174
26101
26070
26186
26135
26137
26196
26071
26160
26186
26190
26121
26124
26129
26072
26073
26172
26176
26188
26175
26077
26080
26087
26175
26175
26177
26081
26086
26088
26193
26099
26196
26086
26089
26128
26176
26199
26091
26196
26199
26092
26109
26093
26094
26106
26109
26100
26166
26273
26109
26112
26170
26175
26134
26112
26114
26114
26141
26174
26144
26220
26137
26220
26117
26118
26141
26141
26171
26132
26148
26135
26148
26171
26132
26135
26293
26125
26143
26230
26160
26186
26174
26135
26133
26230
26138
26147
26171
26147
26155
26192
26148
26147
26155
26197
26146
26153
26155
26150
26229
26231
26150
26228
26459
26153
26156
26153
26194
26197
26158
26194
26167
26194
26233
26176
26199
26179
26230
26163
26165
26198
26164
26191
26183
26195
26292
26179
26182
26221
26185
26220
26190
26203
26193
26194
26181
26183
26202
26195
26292
26191
26223
26185
26187
26189
26190
26203
26190
26200
26229
26230
26227
26202
26316
26319
26223
26320
26206
26212
26237
26211
26221
26238
26218
26238
26211
26219
26247
26285
26314
26215
26216
26308
26214
26236
26309
26237
26255
26240
26227
26276
26219
26237
26276
26285
26225
26225
26235
26240
26255
26227
26236
26255
26232
26252
26252
26320
26276
26247
26256
26246
26269
26314
26244
26246
26272
26246
26254
26269
26253
26269
26460
26253
26259
26272
26259
26287
26268
26269
26258
26261
26275
26274
26261
26287
26264
26265
26281
26277
26283
26307
26287
26287
26299
26329
26275
26424
26307
26279
26288
26279
26281
26290
26425
26283
27386
28904
26419
26427
26429
26298
26301
26302
26351
26337
26315
26304
26331
26335
26362
26333
26423
26356
26423
26356
26421
26315
26320
26322
26351
26327
26324
26325
26355
26326
26328
26352
26336
26354
26330
26330
26336
26423
26336
26365
26350
26425
26339
26421
26341
26349
26417
26342
26345
26391
26346
26344
26367
26379
26354
26365
26371
26346
26384
26347
26363
26348
26364
26367
26350
26391
26415
26353
26355
26360
26379
26379
26358
26359
26369
26398
26378
26381
26385
26364
26380
26416
26425
26364
26388
26386
26420
26378
26369
26370
26398
26420
26373
26374
26376
26400
26377
26390
26379
26386
26383
26407
26387
26389
26387
26388
26408
26389
26420
26393
26395
26394
26397
26411
26405
26418
26407
26413
26410
26414
26417
26427
26409
26409
26413
26419
26420
26419
26446
26428
26446
26439
26445
26437
26440
26434
26437
26454
26435
26475
26436
26438
26475
26464
26461
26445
26442
26443
26465
26447
26461
26475
26474
26476
26472
26478
26478
26477
26482
26465
26472
26472
26478
26478
26480
26482
26482
35278
35287
35290
42879
26503
26517
26556
26537
26556
35526
26488
26529
35525
26490
26768
30954
26523
26785
35524
30932
30947
30950
26857
31358
42875
42918
42963
26495
26500
26966
35256
26903
35356
35519
26511
26792
35272
35445
35262
35442
26512
35445
26499
26765
35272
26559
26800
26767
26519
26503
27066
26503
26540
26556
26520
30934
26517
26538
27066
35469
34395
34404
34411
27497
34340
35175
26946
34332
34382
35334
35375
26514
35261
35379
35427
26519
35256
35257
35440
35454
35489
35372
35376
26559
26788
35263
35445
27066
26533
35474
34418
34443
43431
26559
26896
26531
35443
35489
26527
27066
35468
26536
35451
35471
26872
27059
26872
35526
35523
26895
35450
27084
27540
35507
27063
35471
35508
26618
27062
35474
26620
27062
27262
35465
35470
35473
26540
26542
26545
35262
27059
26606
26608
26547
26608
26547
26551
26606
26550
26606
26549
26554
26550
27262
26549
26553
26847
34419
34423
34457
26596
26552
26597
26582
26635
26596
26597
35526
35013
26581
26558
26562
43635
26565
26567
26723
26581
43613
43628
43824
44069
44074
44110
26757
43826
26718
26757
43644
43573
43575
43580
26753
43645
44080
44081
44090
26596
43602
43838
44163
35520
43635
43650
43823
43832
43844
43845
43873
43933
26574
26706
43676
26576
43665
43677
43685
26580
26713
43662
43666
43710
43833
26590
26713
43612
43613
43628
43662
43679
43687
43695
26580
26713
26592
26686
26785
26583
26597
26584
26586
26757
26686
26706
26718
26589
26598
43669
43672
43709
43765
26599
27072
26595
26635
26591
26593
26694
26689
26595
26689
26734
43466
43514
43598
26598
26723
26686
26635
26720
26604
26605
26720
26675
27064
27069
26603
26614
26668
26621
26660
26609
26691
26609
27024
26844
26612
27070
27074
26613
26619
27064
27069
27064
26620
26681
26616
26693
27074
26621
26660
27126
26681
26724
27073
26620
26681
27070
26663
26624
26667
27197
26679
27013
27015
27012
27350
26627
26629
26654
27018
26627
26647
26741
27112
26761
26629
26750
26915
26639
26750
26855
26633
26655
26917
27073
26634
26838
26840
26636
26915
26637
26839
26638
26725
26639
26651
26646
26643
26652
26716
26652
26708
26649
26708
26650
26658
26659
27413
46902
26652
26687
26708
26754
26648
26858
26855
26754
26858
26653
26725
26871
26656
26727
26843
27013
27015
26850
27014
27467
26858
26664
26666
26667
26663
26665
26666
26668
26669
26665
26673
27119
27126
26671
26672
27022
27125
26677
26671
27103
26682
26693
27098
26676
26682
27024
27072
26677
26692
27125
26724
27070
27071
27074
27012
27020
26683
27125
27127
27022
26688
27127
26699
26715
26689
26691
27127
26697
26698
26891
27106
27124
27126
27128
43685
43678
43699
43667
43669
43692
26704
26699
43715
27106
43702
43712
43727
26702
26715
43690
43714
43702
43746
43752
43674
43685
43711
43715
43822
43777
43778
43786
26712
26710
26711
26854
43665
43722
43766
43720
43722
43734
26722
26779
27072
26725
26783
26841
26762
26740
26871
26850
43910
43917
44257
43479
43485
43486
43601
43698
43714
26779
43455
43618
26774
43478
43504
26735
26747
26780
43467
43721
26738
26799
26738
26739
26751
26744
26760
26799
26799
26802
26742
26859
26858
27016
26749
26783
26776
26783
26748
26846
26762
43451
43465
43468
43474
43841
26760
26786
43449
26752
26826
26761
26798
26755
26846
44060
26756
26802
26826
43424
44132
31021
31358
31367
43511
26855
26776
43459
43436
43449
43515
26766
26777
26784
35357
35511
34453
43440
26800
30933
30938
30945
43448
43462
43484
43501
26899
43426
43440
43408
43419
43529
34418
34474
34562
35513
34405
34411
34415
43518
43523
44151
43429
43463
43513
43522
26778
26860
34413
26784
26901
43459
43718
26782
26786
26899
42989
43398
43404
26784
26899
35526
43437
35528
43528
43589
43639
35214
35290
26790
26852
26897
26791
34378
34408
26966
35434
35442
35444
34364
34366
34368
35216
34419
34431
34439
34450
43321
26818
26804
26846
26896
26804
26862
26847
34411
34415
26811
26956
26806
26825
26900
26807
26824
26845
26812
26849
26809
26812
26828
26810
26852
26814
26817
26849
26814
26862
26821
26824
26819
26830
26818
26901
26905
34406
34408
35274
26852
26956
26862
26943
26821
26898
34374
26828
34387
34389
35348
35370
35372
26909
26845
26892
26942
26893
26830
26845
26897
34388
26857
30944
31068
26869
34413
34417
34425
34453
26834
26835
26837
26870
26873
26927
26836
26848
26917
26843
26927
26839
26842
26859
26915
26871
26893
26917
35277
35510
34420
26869
26870
26954
26862
26943
43444
43514
43646
43721
26856
26926
31046
26893
26905
34417
34366
34368
34452
34455
26943
34408
35274
35344
26867
26906
26927
35460
35476
35496
26908
27058
43481
43732
43740
43807
26942
26902
26926
27059
26908
26968
26890
26968
27000
26876
27058
27137
26878
26879
26887
26969
26961
27506
26908
26968
26969
26882
26965
27002
27137
26894
27021
27144
27467
26953
27137
26886
26887
26969
27000
26888
26931
26907
26911
27000
26934
27451
35411
35424
26892
26902
26942
26907
26906
26932
35459
35467
35521
26904
26909
26919
26910
26925
26968
35212
35230
35281
34333
34374
34406
27467
26925
27506
26910
26919
26922
26925
35374
35430
35444
35489
26962
35476
35495
26918
26922
27478
34345
34387
26930
34317
26930
34308
34316
34359
35429
35437
26925
26929
26931
27082
26931
26970
27082
34370
34381
34384
27478
34327
27058
35352
35421
35488
34326
34382
35361
26937
27471
27503
26938
26973
27532
26940
27567
26941
26948
27567
26955
34289
34293
35384
35389
35416
34319
34352
34356
26955
27466
27504
27483
34289
26951
26958
26959
26975
26953
26957
26961
27466
26959
27501
26959
26960
26960
26974
27388
26971
27504
27457
26967
35478
35479
26971
27005
27137
26965
27001
27038
27004
27060
35506
27457
26975
27089
27502
27511
27494
27567
27505
26991
27115
27007
27499
27502
26978
27007
27206
26979
27212
26980
27198
27114
27181
26985
27114
26983
26986
27061
26984
26990
27114
27181
27097
27190
27213
27006
27190
27213
26988
26989
27143
27140
27141
27178
26990
26997
26992
27217
27005
27499
26993
26997
27011
27061
27001
27006
27162
27010
27111
26997
26998
27139
26999
27011
27116
27348
27003
27207
27005
27038
27004
27162
27148
27061
27017
27113
27148
27140
27178
27183
27256
27019
27110
27135
27018
27110
27023
27112
27130
27111
27162
27112
27025
27077
27083
27075
27077
27135
27148
27197
27197
27030
27045
27100
27028
27321
35505
27029
27046
27351
27034
27057
27090
27442
27032
27034
27340
27033
27035
27172
27036
27221
27035
27046
27043
27334
27458
27042
27052
27207
27361
27045
27325
27351
27043
27047
27057
27093
27044
27087
27374
27334
27138
27052
27379
27334
27349
27361
27175
27311
27321
27175
35481
35503
35505
28955
27325
27054
27096
27322
27361
27060
35478
27060
27325
27506
27068
27133
27068
35506
27084
27441
35496
27073
27081
27262
27128
27083
27113
27086
27088
27099
27090
27361
27088
27136
27166
27355
27448
35485
27096
27111
27095
35484
27181
27198
27256
27338
27094
27150
27098
27101
27115
35480
27092
27338
27369
27099
27325
27374
27338
27369
27540
35502
27166
27101
27309
35483
27119
27104
27108
27108
27105
27122
43739
43755
43774
27109
27119
27130
27149
27135
27190
27499
27117
27120
27174
27120
27174
27369
27121
27131
27122
27155
27131
27153
27369
27166
27174
27367
27197
27134
27155
27367
27149
27146
27322
27338
27143
27164
27200
27142
27165
27143
27161
27145
27148
27152
27161
27458
27152
27164
27152
27162
27153
27349
27374
27166
27319
27161
27168
27157
27158
27458
27159
27221
27161
27168
27324
27170
27179
27324
27168
27216
27169
27254
27260
27177
27200
27324
27187
27208
27260
27176
27180
27261
27331
27339
27221
27333
27261
27263
27333
27348
27216
27184
27217
27221
27263
27187
27331
27217
27183
27195
27201
27256
27196
27193
27208
27205
27261
27285
27187
27327
27331
27305
27189
27224
27192
27219
27208
27259
27195
27196
27259
27196
27200
27259
27195
27219
27310
27201
27212
27210
27310
27225
27203
27206
27502
27511
27214
27330
27258
27323
27333
27214
27213
27323
27223
27517
27528
27211
27225
27517
27212
27214
27517
27219
27320
27219
27310
27320
27226
27320
27228
27258
27865
27335
27865
27310
27227
27240
27320
27843
27229
27345
27328
27231
27316
27968
27279
27623
27233
27237
27771
27240
27529
27546
27236
27257
27316
27257
27862
27871
27872
27238
27521
27871
27522
27546
27279
27623
27864
27329
27307
27843
27270
27345
27244
27270
27276
27864
27246
27270
27856
27268
27248
27255
27253
27250
27258
27251
27255
27318
27834
27254
27834
27268
27857
27401
27834
27623
27323
27401
27282
27331
27275
27936
27266
27267
27295
27299
27825
27332
27887
27272
27292
27276
27272
27859
27280
27370
27299
27447
27825
27859
27931
27869
27304
27887
27280
27304
27370
27763
27931
27282
27339
27285
27290
27303
27339
27287
27318
27326
27286
27293
27444
27305
27315
27289
27314
27887
27294
27332
27304
27317
27378
27444
27370
27825
27444
27300
27392
27296
27298
27833
27387
27576
27336
27392
27299
27301
27397
27306
27337
27354
27387
27393
27404
27315
27763
27401
27380
27387
27968
27311
27347
27351
35481
35505
27313
27313
27321
27341
27376
27317
27444
27326
27327
27329
27546
27866
27379
27339
27345
27968
27508
27528
27833
27340
27515
27528
27360
27387
27833
27346
27346
27368
27379
27352
27376
27344
27475
27358
27384
27365
27353
27360
27365
27475
27465
27576
35484
35502
35504
27358
27373
27475
35493
27375
27400
27360
27392
27611
27722
27375
27383
27383
27468
27755
27372
27550
27755
28905
44558
27378
27886
27372
27398
27456
27373
27400
27398
27566
34314
27381
27393
27382
27390
27446
27424
27464
27433
27518
27566
35493
27397
38382
27504
27754
27390
27393
27610
27396
27414
27513
27395
27412
27453
27727
27516
27407
27409
27427
27817
27399
27424
27611
27722
27518
27406
27464
27726
27418
27525
27550
27465
27576
27842
27406
27409
27516
27415
27418
27418
27429
27416
27419
27416
27749
27759
27753
27759
27417
28800
29069
27419
27420
27429
27421
27729
27770
28905
27426
27729
27425
27427
34771
27453
27759
34058
34574
34897
34912
34920
34951
34960
27611
34651
27585
27728
34687
34694
27432
27577
34662
34786
27436
34631
35390
27435
34666
27434
27437
27452
27572
27439
27449
34642
35374
35431
35414
27540
35481
35483
35492
35480
35483
34637
35409
27450
34637
35398
27611
27817
35499
27469
27572
34636
35391
35433
27468
34635
27454
27516
27579
28941
27464
27550
27466
27462
34640
35312
35403
27512
34650
34916
35447
35492
34648
35411
35421
27610
27760
35453
35497
27566
35497
27498
34609
34647
35309
35401
27476
27565
34063
34660
34770
27722
27477
27498
27548
27764
34638
34646
34648
34915
34318
34323
34328
34383
34641
34646
34312
34304
34309
34310
34292
34298
34324
27487
27488
27510
27541
27764
27491
27548
27496
27503
27541
27491
27548
27562
27492
27537
27493
27621
27527
33992
27505
27754
34241
34357
27541
27764
27514
27504
27532
27532
27754
27514
27508
27528
27539
27509
27544
27511
34666
35409
27842
27620
27536
27771
27610
27755
27521
27523
27624
27522
27551
27618
27531
27558
27526
27622
27631
27526
27551
27609
27631
27755
27531
27542
27547
27771
27545
27573
27618
27534
27554
27559
27545
27618
27537
27555
27570
27539
27543
27573
27621
27545
27560
27621
27556
35482
27544
27556
27558
27771
27556
27568
34791
34804
34898
27726
27554
27601
27619
27758
27555
27570
27630
27609
27758
27557
27560
27573
27559
27578
27618
27560
27758
27568
27617
27570
27617
27570
27616
27617
34062
34068
34069
35501
27581
33996
34667
27574
27583
33988
34630
34632
27575
27616
33987
27580
27713
34573
34693
34703
27582
27601
27770
28473
33972
27721
34652
27630
27673
27617
27590
27602
27587
33911
33927
33965
33907
33912
33915
27690
34698
27591
27683
27673
27597
27679
27683
27769
33972
34004
33962
34018
34706
34817
27681
27682
33977
33978
33996
27608
27769
27601
27619
27682
27604
27607
27606
27659
27606
27660
27608
27633
27629
27632
27615
27900
27625
27661
27900
27657
27662
27643
27662
27713
27629
27632
27625
27627
27862
27627
28162
27643
27904
27945
27877
28162
27642
27878
28161
27756
27713
28160
27756
27641
27635
27637
28180
27636
27638
27652
27653
28777
27638
27909
28155
27639
27667
28189
27658
27662
28688
27756
27900
27647
27904
27661
27645
27901
27905
27646
27649
28189
27654
27880
27945
27649
27651
27651
27907
28164
27912
28168
27653
28307
27655
27925
27884
27656
27658
28777
27658
27659
28695
27660
28695
27670
27904
27664
27666
27675
27671
28201
27925
27668
27677
28200
28169
28777
27687
28200
28201
27671
28201
27678
27674
27679
27688
27713
27678
27693
27676
27677
28703
27678
28793
28195
27693
33897
34681
34693
34709
27688
33974
27715
27716
34689
28770
33888
33901
33918
28199
28703
28239
28805
28196
34700
29285
34001
27740
34674
34707
34714
27703
34746
27695
27715
28204
27718
27783
27699
27739
27718
34697
34712
27748
28204
27709
28196
27709
27783
28878
27732
27748
27926
27703
28814
34699
34722
28193
28239
27707
27719
27824
27746
27782
27784
27767
28710
34697
34717
34906
28791
27711
27746
28791
27712
27782
28818
28702
28822
28826
34732
27717
34690
27750
28204
27730
28198
28878
34690
27748
27881
27728
27729
27733
27747
34016
34044
34672
34678
34701
34579
34693
34703
34899
34581
34584
34623
34747
34668
34671
34701
34651
34659
27783
28204
27750
34673
34655
34830
27791
27824
34674
34686
34734
33994
34105
34585
34854
34568
34625
34895
28798
34725
34734
27767
27824
27826
27752
27819
27753
27757
27791
27767
28784
28810
27783
27926
28791
27926
27749
27765
27822
27823
27839
28160
27759
27765
27820
27766
27823
27767
27829
27842
27791
34622
34626
34952
27966
34753
34754
34766
34840
27774
27839
27890
27792
27830
27782
28702
27777
27810
27831
28682
27790
27808
28079
28708
28784
28790
28792
27903
27905
27945
27881
28710
28790
27841
28579
28801
28690
28789
27788
27902
28083
27808
27828
27840
27800
27845
27802
27826
27797
27822
27794
27795
27798
27806
27796
27796
27801
27955
27973
27807
27830
27799
27942
27995
28100
27801
27803
27827
27805
27831
27944
27804
27946
27845
27899
27806
27942
27845
27944
27810
27828
27830
27845
27893
28690
27970
27995
28090
27902
28084
28086
27815
27830
27890
27816
27817
27816
27818
27893
27883
27818
27821
27829
27839
27890
27881
27886
27946
27955
28789
28810
27837
27847
27946
27937
27946
27838
27883
27847
27889
27902
28689
28702
27968
27846
27847
27868
27849
27891
27935
27898
27851
27852
27853
27954
27861
27858
27885
27889
27956
27868
27869
27896
27934
27861
27959
27869
28163
27863
27873
27874
27873
27936
28163
28099
27873
27874
27875
27876
27879
27878
28161
28161
27914
27908
27884
27914
27884
27906
27908
27899
27932
27934
28099
27933
27956
27892
27897
27898
27906
27924
27899
27895
27930
27935
27897
28003
28099
27920
27938
27916
27932
28169
27911
27917
28155
28159
28168
27914
27916
28168
27912
27918
28169
28189
28699
27917
27923
27919
27920
27923
27924
27932
27921
28681
27922
27994
27924
27922
28150
27975
27927
27929
27941
28003
27940
28152
27941
27961
27994
28003
27943
27970
27973
27943
27950
28101
28941
30867
31315
27949
27954
27950
27998
28031
28152
27953
27960
28165
27962
27998
27984
28149
28457
27961
27959
27978
28000
28029
27979
28146
28165
28099
28151
28152
27973
27984
28457
27964
27976
28457
27965
28092
28149
27990
27997
28473
28723
42368
27972
28090
28102
27970
27976
28101
28098
28100
28742
27977
28089
28091
28153
28165
27996
28001
28153
28090
27997
28092
27984
28005
28029
27981
28010
28012
27983
28096
27983
28005
28013
27999
28107
28010
28140
28148
27990
27997
28044
28010
28096
28117
28044
28072
28089
28069
28132
28142
28038
28112
27992
28027
28154
27993
28462
28000
27996
28104
28151
28089
28031
28005
28146
28030
28148
28150
28036
28039
28042
28154
28008
28027
28036
28112
28007
28042
28461
28009
28474
28009
28022
28036
28041
28134
28038
28040
28154
28146
28148
28042
28462
28015
28016
28119
28032
28129
28461
28096
28125
28032
28461
28474
28020
28024
28035
28021
28041
28487
28022
28237
28025
28026
28036
28032
28474
28041
28088
28455
28039
28459
28114
28461
28112
28149
28038
28112
28462
28101
28457
28033
28034
28129
28035
28713
28050
28464
28052
28142
28459
28040
28142
28474
28114
28048
28068
28132
28057
28070
28147
28048
28052
28797
28057
28072
28132
28094
28156
28106
28279
28463
28106
28454
28487
28088
28106
28487
28068
28069
28055
28057
28064
28057
28069
28797
28499
28797
28063
28076
28059
28063
28067
28062
28124
28061
28062
28065
28067
28506
28065
28124
28066
28751
28070
28472
28073
28704
28074
28531
28074
28459
28097
28498
28469
28495
28095
28147
28108
28472
28704
28718
28506
28704
28111
28469
28078
28084
28085
28086
28105
28706
28087
28105
28105
28108
28084
28100
28086
28098
28087
28098
28748
28744
28507
28279
28092
28095
28742
28105
28498
28507
28465
28469
28107
28507
28104
28104
28742
28742
28748
28471
28114
28472
28110
28131
28116
28268
28124
28499
28279
28455
28123
28145
28486
28117
28118
28133
28125
28125
28470
28120
28468
28484
28144
28514
28122
28123
28274
28277
28485
28127
28512
28499
28157
28127
28131
28274
28129
28450
28468
28141
28145
28375
28470
28486
28134
28268
28209
28209
28681
28699
28138
28158
28187
28684
28138
28167
28184
28141
28150
28209
28144
28532
28187
28209
28699
28145
28512
28165
28681
28153
28462
28166
28469
28503
28484
28514
28164
28699
28175
28185
28265
28692
28688
28171
28172
28179
28218
28173
28181
28190
28176
28218
28218
28180
28190
28686
28182
28805
28178
28183
28208
28236
28184
28683
28181
28266
28208
28236
28184
28186
28265
28684
28188
28691
28268
28207
28238
28259
28192
28194
28235
28193
28197
28257
28219
28210
28257
28811
28239
28212
28219
34669
34689
34841
28205
33887
33902
28217
28203
28213
28221
28210
28811
28211
28270
28804
33887
28260
28306
28686
28251
28219
28804
28222
28233
28216
28228
28221
28260
29301
28216
28226
29299
28251
28305
28695
28829
28222
28829
28266
28223
29284
28230
28233
28225
29306
28226
28227
28308
28231
28305
29306
28229
28305
29301
28309
28234
29304
28232
28269
28308
28234
28768
28235
28768
28269
29312
29299
28238
28452
28487
28260
28241
28244
28248
28245
28246
28309
28243
28244
28255
28253
28716
28246
28273
28247
29306
28338
28250
28323
28250
29393
28250
28300
28323
28302
29299
28269
28310
28306
28338
28627
28255
28680
29325
28273
29320
28284
28311
28680
28264
28267
28691
28627
28691
28266
28267
28274
28692
28744
28700
28798
28716
28626
28481
28626
28684
29300
33909
34704
28481
28485
28308
28310
28629
28282
28481
28480
28721
30633
28465
28495
28278
28281
28523
28285
28485
28360
28368
28482
30633
28512
28721
28294
29393
28334
30612
28485
28311
29427
28296
28297
29396
28295
28337
28633
28289
28371
28402
28369
28373
28293
28363
28633
28311
29427
28293
28295
28329
28490
28296
28728
29325
28334
28374
29379
28299
28320
28300
28301
29402
28389
28302
29393
28312
28321
29338
28321
28389
28630
29306
28312
29437
30612
28629
28316
28317
28917
28316
28330
28316
28326
28917
28349
29396
28319
29363
29402
28320
28927
29327
28917
28322
29339
28389
29351
28630
28325
28327
29380
28326
28328
28347
28607
28328
28346
28361
28349
28360
28490
28336
28349
29326
28335
28927
30851
28335
28607
29327
28728
29396
28643
29325
28477
29353
28937
29379
28340
28374
29379
28340
28937
29364
28633
28342
28390
28892
28346
28348
28361
28344
28357
28390
28595
29364
28346
28364
28666
28479
28607
28390
29381
28477
29369
29434
28354
28380
30796
28353
28595
30629
28363
29362
28365
28381
28391
28624
30808
28357
28391
30848
28572
30809
28364
28675
29723
28364
28666
30829
29427
29326
28377
28595
29364
28370
28377
29380
28382
28624
30805
28367
28373
28387
28380
30796
28371
28372
28372
28388
28582
28388
29362
28496
30633
28490
28404
28582
28643
28480
28721
29362
30796
30805
28633
28379
28380
28478
28381
30782
28401
28382
30781
30797
28384
28478
28540
28385
28397
28386
28392
28400
28387
28403
28400
28404
28490
29402
30809
28572
30814
28393
28395
28396
28403
28399
28402
28476
28397
28439
28399
28405
28406
28425
28406
28494
30806
28403
28401
28478
28496
28441
28491
28540
28408
28410
28424
28411
28412
30771
28410
30739
30755
28415
28557
30625
28413
30764
28433
30752
28418
28422
28418
28419
30764
28418
28423
30764
29028
61808
28458
30625
28421
30625
30758
28434
28557
28557
28426
30611
30750
28428
28439
28429
28430
28439
30628
30763
28494
30758
28446
30761
28437
28488
30761
28432
28542
30752
28433
28460
28437
28488
28558
30792
28456
28492
28437
28444
28458
30764
28441
28510
30795
28453
28478
28540
28443
28476
28454
28456
28464
28510
28535
30628
28449
28456
30610
30761
28447
28449
28563
28449
28471
30610
28454
28510
28713
28494
28558
30758
28563
30628
28563
28459
28475
30628
28497
28529
28467
28727
28713
28467
28508
28727
28505
28521
28532
28514
28727
28498
46972
28492
28779
30630
28607
28675
29369
28715
28523
29427
28582
29362
30796
28514
28497
28727
30610
28535
30795
28535
30795
28716
29320
30760
28524
28527
28715
30610
28503
28675
29369
29468
28541
30611
30752
28531
28610
28613
28797
28513
28516
28611
28776
28748
28509
28525
28511
28522
28717
28779
28534
28517
28516
28517
28533
30609
30857
28530
28534
28519
28546
30765
28526
28534
28724
28613
30609
28717
28525
28724
28721
28712
28529
28530
28537
28733
28529
28542
28546
28533
30801
28590
28562
28590
28600
28544
28584
28539
28542
28546
28580
28603
30769
28542
28580
28544
28554
28603
28545
30765
28555
28584
28724
28553
28554
28559
28560
28554
28555
30650
28562
28584
30608
28556
28581
30607
28555
28577
30650
28556
30607
30780
30634
30780
30608
28589
30755
30756
28576
30780
28583
30650
30607
30613
30757
28578
28565
30588
30650
28570
28575
28672
28567
28570
28573
30860
28569
28604
30498
28601
28654
28596
28577
28593
28654
30608
30804
28596
30498
30859
30595
30606
30588
28603
28672
28593
28600
28711
28589
30618
30750
30587
30588
28604
28658
30606
28587
28588
28594
28634
28720
29336
28604
28655
30857
29240
29336
28734
30590
28601
28756
28759
30804
28654
28672
28599
28600
28608
28635
28901
28922
29240
28602
29240
28604
28634
30765
28606
28632
28656
28610
28623
28647
28664
28900
28924
28632
28876
28635
28725
28756
28733
30801
28615
28664
29334
28640
28646
28718
28924
28618
28883
28897
28870
28885
28620
28665
28915
28935
28923
28622
28647
28662
28636
28924
30629
28645
28719
28934
28691
28716
28646
28719
28919
28630
28638
28663
28795
30590
29336
28642
28656
28664
29334
28640
28645
28891
28641
28644
29366
28719
28752
28754
28647
28648
28736
28885
28890
28894
28738
28741
28766
28662
28928
28657
28667
28726
28662
28726
28906
28655
28668
28898
28734
28741
29334
28660
28668
28726
28658
28759
28734
28660
28992
29002
28932
30515
28661
28898
28932
28669
28885
28897
29366
28896
28899
28892
30844
29436
30502
28673
28906
28729
29002
29276
28918
28942
29436
28736
28759
28928
30595
30859
30860
29380
28729
30229
30503
28679
28926
30497
28679
30497
30580
30515
30825
29320
30612
28711
28714
28776
28777
28792
28786
28732
28740
28745
28697
28735
28745
28780
28697
28739
28737
28707
28739
28765
28705
28753
28763
28707
28743
28780
28782
28793
28782
28799
28714
28722
28765
28714
28744
28784
28765
28799
28779
30630
28746
28750
28756
28739
28772
32333
28750
28766
28928
29393
28926
28740
28767
28737
28745
28735
28764
30592
28743
28756
28776
28876
28747
30591
28780
28747
28750
28781
28924
28891
30592
28757
30591
30592
30801
30591
28787
30601
28773
28888
28890
28757
28874
28888
28758
28764
28760
28874
30601
28899
29010
28774
28794
28874
28775
28783
28901
28891
28900
29299
28783
33890
33913
28774
28802
28880
30022
42368
28880
28886
28807
28886
28782
28785
28788
29298
28876
28900
28801
30601
28799
28810
28788
28798
33898
30601
28934
34694
34767
34896
28801
42368
46902
28809
29297
33961
33993
28829
29300
28813
28809
28866
28880
28872
28814
28879
28827
28819
28867
28816
28866
28872
28817
28857
29137
28862
28893
28823
28839
28862
28827
28849
34710
34723
34877
28825
28826
28828
28827
34744
34732
28831
28835
28969
29267
28843
28875
28848
28882
29134
28846
28848
28837
28838
29108
29123
28841
28882
29123
29130
29104
29268
28969
29148
29205
28843
28873
34730
28843
29126
29112
29126
34764
28844
29126
29128
28846
28848
29267
28849
28875
28848
28855
28873
34744
28853
28869
28871
28985
28864
28868
28864
28869
28907
28856
28972
29134
29132
28862
28877
28860
28984
28968
29130
28973
29341
28977
29123
29129
28971
29124
29141
28866
28881
28887
29275
34746
28870
28887
28895
28921
28871
28894
28883
28877
28875
28886
29298
28881
28890
29267
28889
28895
28909
28972
29132
29243
28894
29275
30591
28896
29010
30910
29132
30507
30507
29010
28919
28915
28930
28931
28908
28921
30507
29069
35062
28916
30502
29012
29131
28910
28914
28920
29131
28996
29012
28912
28913
28915
28923
28929
28930
28918
30215
28931
29009
28918
28923
29327
30502
28934
28931
28935
29012
30609
30857
30267
30503
30820
28932
29363
30214
30215
28938
29001
29001
29002
28946
29724
30209
29366
30507
28993
29436
29326
29381
30214
30504
30242
30503
29360
30239
61832
28993
30215
28945
30514
28945
30202
30820
30226
30239
28947
28956
28951
30212
30231
30833
28950
28951
28956
29004
29390
28952
28964
28997
29390
29004
29390
29720
28976
29004
30504
29006
29005
29027
29405
28962
29406
28962
29013
29019
28961
29032
29208
28988
29013
29005
28997
29406
30308
29008
30212
30195
30198
29007
29035
29039
30183
28977
29141
29124
29230
28971
28973
28973
29439
29341
28975
28999
29014
29021
29091
29136
28979
29124
29130
29021
29034
29428
29011
29208
29720
28996
29424
30838
28991
29424
28986
29208
29428
29230
29243
28985
28991
28995
29424
28988
29034
28988
29013
29018
29020
29001
30504
29013
29032
28998
29428
29436
29360
29006
30214
30506
28996
29000
29009
29008
29091
29341
29016
29034
29012
30209
30212
30505
29030
29724
29031
29033
29031
29039
30838
29015
29135
29016
29087
29017
29020
29019
29044
29030
30141
29034
29091
29150
30118
29087
29135
29166
29025
29046
29443
29045
29079
30118
29232
29443
29029
35575
48146
29071
29469
29464
29406
29720
30308
30182
29050
29464
30141
29056
29463
29469
29232
29443
29444
30186
29078
29086
30116
29052
29054
29058
29048
29055
30107
29048
29054
30082
30096
29150
29070
29150
29444
30091
29058
29469
29050
29078
30093
29070
29463
29053
29507
30093
30115
29055
29067
29085
30090
29058
30093
29102
29507
30096
29060
29082
29602
30092
29061
29062
29063
29082
29080
29083
29065
29099
30092
29081
29102
29068
29097
30056
29078
30088
30184
29073
29074
29076
30056
29076
30056
29084
29079
29082
29083
29099
29183
30090
30107
30115
29507
30093
29095
29183
29444
29092
29095
29341
29094
29138
29235
29098
29103
29096
29602
29139
29235
35592
29138
29144
29602
29235
29106
29107
29148
29108
29146
29108
29145
29112
34844
34846
34848
29121
34846
29113
29117
34843
29113
29121
29114
29119
29118
29121
34827
34855
29117
29143
29119
29120
29126
29268
38643
39257
44530
49669
49677
34878
34908
34731
34745
29145
29135
29136
29142
29275
29166
29144
29210
29439
29439
29148
29205
29147
30141
29241
33812
33813
29196
29538
29190
29199
29163
29179
29196
29179
29447
29538
29159
29532
29234
29536
29168
29536
29167
29179
29190
29462
29532
29541
29165
29224
29532
29541
29235
29169
29255
29462
29172
29173
29176
29186
29185
29543
29181
29239
29543
29181
29193
29177
33776
29177
29217
29215
29193
29207
29543
29186
29239
29255
29217
30091
33967
34101
34124
33796
33799
29194
29215
29255
29192
29195
29204
33776
33882
29207
33938
29199
29198
29222
29201
29222
29260
29202
29203
29221
29241
33811
34859
29268
29269
33791
33795
33796
29238
29264
33784
33828
33842
29213
33792
33803
34765
29273
33821
29293
33789
33823
29217
29221
29222
29239
29262
29265
33809
29220
29296
29280
29433
29274
29224
29274
29227
29271
29280
29316
29227
29244
29260
29422
29433
29455
29258
29451
29309
29422
29309
29412
29455
29446
29474
29418
29425
29451
29446
29451
29266
29447
29264
29316
29257
29272
29319
29423
29313
29332
29253
29272
29305
29319
29470
29254
29279
29324
29296
29321
29352
29488
29296
29257
29261
29277
29280
29281
29321
29332
29264
29274
29262
29265
29270
33937
29270
33920
33788
33804
29277
33803
33807
33814
30503
29292
29314
29303
29488
29418
29307
29284
29290
29304
29291
29314
33896
33900
34698
29287
29289
29291
29314
29315
29295
33919
29308
29323
29310
29295
33817
33822
34071
34711
33920
29324
29302
29310
29422
29312
29342
29417
29460
29417
29317
29318
29361
29430
29332
29417
29322
29416
29423
29431
29456
29342
29426
29329
29331
29392
29330
29355
29356
29386
29449
29347
29354
29356
29335
29338
29430
29337
29709
29340
29344
29349
29339
29350
29340
29370
29346
29440
29449
29356
29709
29346
29386
30227
29431
29348
29383
29354
29357
29367
29354
29370
29430
29437
29363
29370
29365
30851
29382
29386
29429
30851
29359
29368
29434
29375
30519
30242
29430
29440
30841
29381
29368
29434
30841
30851
29429
30199
30841
29383
29429
30199
30842
29375
29385
29375
29705
30519
29384
29389
30519
30832
29377
29384
29696
29378
29693
29717
29438
29448
29387
29395
30830
29388
29717
29468
30832
29726
29435
29721
29729
30199
30519
29403
29694
30308
29394
29397
29450
29395
30830
29448
29725
29438
29721
29486
29399
29408
29432
29401
29754
29441
29450
29471
29414
29435
29729
29692
29696
30220
30186
30212
29464
29469
29408
29409
29413
29421
29754
29412
29421
29487
29414
29420
30227
29460
29432
29465
29754
29450
29471
30204
29431
29433
29425
29451
29454
29453
29456
29470
29442
29637
29426
29488
29455
29433
29441
29524
29726
30830
29709
29725
29472
29487
30118
29459
30108
29461
29529
29693
29697
29709
29486
29487
29544
29460
29637
29461
29544
30227
29476
29490
29520
30127
29461
29476
29544
29528
29470
29474
29536
29464
29471
29473
29482
29504
29677
30176
29594
29727
30187
29718
29727
29526
29485
29727
29528
29478
29483
29521
29530
29479
29498
29499
29713
30176
30052
29594
29607
30187
29484
29606
29622
30109
29594
29527
29713
29610
29620
29713
29542
29519
29618
29492
29493
29502
29509
29510
29518
29630
29495
30052
29601
29499
29498
29499
29521
29504
30176
29618
29502
29518
29603
29955
30369
44558
29517
29547
29519
29525
29630
29606
29506
29509
30115
29547
30054
29547
29546
29512
29516
29589
29601
30058
29516
29522
29534
29603
29609
30108
29526
29542
29523
29533
29546
29534
29535
29725
29729
29533
29546
30108
29527
30127
29538
29540
30127
29535
29548
29549
29545
29590
30054
30058
29541
29544
29551
29582
30053
29583
29639
29559
29579
29604
29555
29557
29599
29596
29556
29558
29611
30047
29559
29597
29619
29686
30047
29579
29639
29577
29597
29636
29568
29612
30110
29921
29921
30110
29567
29568
29573
29604
29921
30110
29576
30037
29571
29582
30053
29612
29922
29612
29902
30110
29686
30037
29575
30039
29577
29926
29612
29923
30013
29599
30013
30047
29581
29582
29583
29595
29584
29671
29624
29639
29595
29621
29589
29590
29598
29621
29588
29593
30054
29605
29593
29592
29596
29605
29601
29621
29677
29671
29600
29624
29686
30013
29605
29671
29611
29635
30069
29624
29620
29631
29610
29619
29628
29649
30054
30058
30068
29649
29614
29615
29823
29616
29625
29645
29617
29670
29627
29631
30068
29648
30109
29625
29627
30142
29823
29627
29631
29851
29648
29670
29851
29916
30204
29648
29633
30102
30178
29638
29650
29681
29684
30142
29645
30037
30039
29754
29644
29672
29674
29923
29643
29842
29849
29919
29936
29670
29919
29926
29937
29650
29654
29920
29670
29674
29739
29673
29684
30142
29653
29685
30853
29656
29733
29753
29655
29682
29739
29663
29707
29682
30853
29658
29707
29660
29844
29666
29667
29744
29663
29841
29845
29666
29676
29772
30102
30178
29842
29668
29669
29703
29733
29668
29767
29746
29747
29676
29737
30888
29683
29823
30102
30076
29684
29711
29749
30256
30109
29680
29681
29916
29680
29681
29695
29711
29707
29823
30102
30835
29691
29695
29711
30177
29689
29694
30850
29690
29714
29704
29710
29714
30220
29695
29719
29705
30220
29719
29721
29725
29702
30847
30888
29700
29701
29735
30238
30847
29706
29708
30249
29704
29710
30225
29750
30888
30207
30850
30225
30834
29742
30834
29750
30835
30177
29716
29752
30238
29730
29735
30842
29722
29723
30249
30227
29730
29735
29736
29825
30868
30223
30870
30865
29755
30297
30835
30249
30828
30217
29771
29772
30126
29752
29825
30223
30865
30897
30924
29753
29746
29748
29770
29748
29751
29767
29746
29747
29826
29769
29772
29755
30852
30924
29755
30256
29757
29787
30288
30301
29759
30246
29775
30288
30376
29760
29791
29761
30289
30377
29786
29763
30415
29786
30177
30835
30295
30896
29768
30295
29778
30890
29770
29773
29777
30415
29775
30376
29776
29779
29788
29788
30376
29790
30543
29784
29783
29791
29785
29805
29792
29794
29804
30543
29797
30289
29789
30427
29791
30377
29804
29806
29805
29800
29830
30322
29797
29856
29830
29856
29800
29817
29818
29827
29802
29803
29807
29806
29807
30374
30374
29810
30344
29811
29870
29875
29814
29817
29830
29856
29815
30344
29872
29840
29914
29915
29822
29844
30897
29833
30246
30289
30415
29875
29832
29840
29869
29917
29936
29915
30322
29835
29838
29869
29855
29876
29852
29910
29840
29869
29839
29847
29854
29869
30335
29844
29845
29920
29849
29850
29937
29847
29874
29876
29848
29854
30187
29853
29857
29910
29909
29934
29860
29870
29859
29871
29873
29907
29872
29863
29934
29872
29873
29868
29990
29865
29866
29879
29874
29876
29867
29881
29978
29912
29877
30322
29909
29883
29911
29880
29894
29901
29881
29883
29883
29892
29884
29905
30354
29887
29888
29905
30354
29891
29899
29901
29929
29901
29896
29913
30354
29896
29899
29900
29929
29903
29928
29904
29924
29928
29912
29990
29921
29978
29934
30354
29917
29925
30076
29928
29926
29929
29933
29932
30146
30122
30334
29953
30338
30343
30335
29947
29949
29950
29941
30002
30003
30006
30129
30146
29945
29949
30122
30003
30146
29953
30129
29950
30002
30129
30356
30012
30317
30129
30018
30027
29952
30362
30010
29956
29959
30347
30219
29960
29959
30340
30361
29965
29980
30361
29963
29982
29972
29980
29982
30360
29972
30312
29985
30340
29966
29971
29968
30011
29968
30009
29979
29998
29971
30011
29971
30346
29980
30340
30363
30005
30332
30336
29977
30004
30332
29981
30122
30333
30336
30033
30147
30334
30363
29997
29998
30005
30361
30011
30000
29995
29997
29992
30000
29999
29996
29999
30024
30007
30011
30349
30136
30350
30006
30008
30023
30136
30009
30009
30136
30347
30020
30087
30020
30044
30020
30048
30029
30350
30023
30087
30026
30050
30350
30137
30317
30317
30029
30048
30049
30050
30077
30032
30038
30081
30036
30337
30347
30137
30165
30040
30134
30165
30042
30043
30073
30131
30061
30066
30138
30087
30063
30064
30179
30049
30051
30051
30057
30075
30061
30067
30078
30080
30061
30064
30131
30063
30077
30080
30089
30067
30080
30074
30075
30069
30089
30179
30074
30086
30099
30100
30105
30139
30074
30321
30079
30079
30179
30082
30131
30099
30084
30088
30085
30098
30106
30097
30201
30098
30201
30321
30112
30138
30201
30133
30138
30100
30130
30113
30113
30103
30106
30123
30139
30174
30106
30114
30175
30114
30150
30183
30130
30182
30150
30185
30123
30145
30145
30148
30310
30134
30124
30140
30125
30128
30178
30853
30139
30139
30298
30302
30134
30149
30137
30321
30143
30174
30145
30509
30303
30315
30181
30316
30509
30200
30221
30224
30302
30160
30168
30218
30197
30520
30170
30305
30170
30258
30270
30197
30210
30224
30159
30534
42406
45193
30260
30315
30193
30206
30216
30172
30511
30163
30197
30305
30243
30285
30511
30550
30167
30171
30318
30534
30511
30196
30319
30520
30260
30509
30172
30243
30315
30285
30211
30298
30175
30302
30297
30356
30310
30333
30198
30191
30298
30198
30204
30260
30305
30193
30211
30833
30222
30310
30195
30200
30211
30380
30562
45193
30319
30213
32258
35265
30833
30235
30304
30200
30267
30521
30205
30251
30521
30250
30257
30250
30834
30850
30216
30231
30231
30221
30520
35242
35517
30506
30833
30238
30847
30235
30250
30233
47038
30298
30315
30316
30924
30847
30512
30234
30235
30236
30230
30267
30495
30514
30241
30496
30521
30240
35242
30257
30262
30257
30266
30275
30533
30820
30369
35265
30251
30269
30820
30245
30547
30279
30299
30523
30301
30255
30296
30522
30274
30279
30522
30512
30266
30518
30526
30869
30387
30522
30328
30387
30533
30270
30274
30296
30293
61828
61831
30316
30274
30285
30434
30436
30533
30510
30869
30265
30328
30510
30273
30602
30869
30496
30274
30307
30858
30869
30285
30280
30382
30290
30300
30439
30572
30523
30547
30328
30510
30549
30572
30290
30381
30382
30284
30286
30307
30281
30357
30539
30283
30286
30309
30284
30385
30549
30306
30384
30385
30439
30549
30428
30292
30318
30433
30330
42291
30832
30834
30850
30890
30387
30853
30548
30383
30545
30427
30355
30305
30324
30375
30539
30548
30324
30314
30331
30355
30329
30339
30314
30352
30320
30355
30352
30359
30359
30327
30372
30395
30327
30386
30371
30342
35417
61825
30334
30349
30338
30360
30362
30395
30346
30346
30353
30360
30348
30362
30351
30364
30389
30367
30368
30378
30392
30416
30372
35081
35341
30378
30386
30416
30372
30378
30373
30433
30427
30414
30416
30564
30420
30430
30421
30572
30390
30390
30388
30436
30406
30439
30394
30400
30402
30402
30406
30396
30426
30406
30476
30401
30545
30403
30413
30485
30403
30407
30419
30414
30404
30405
30476
30485
30409
30426
30417
30411
30422
30483
30425
30546
30417
30419
30431
30545
30424
30421
30548
30539
30449
30546
30477
30478
30449
30482
30476
30429
30545
30430
30431
30440
30478
30550
30440
30438
30456
30536
30444
30455
30490
30455
30478
30486
30445
30447
30454
30445
30535
30448
30460
30461
30450
30479
30452
30556
30458
30490
30535
30456
30459
30477
30535
30551
30536
30462
30875
30488
30596
30469
30488
30555
30560
30464
30494
30465
30468
30488
30663
30471
30473
30473
30494
30556
30480
30475
30491
30493
30480
30482
30556
30489
30546
30490
30491
30494
30526
30527
30527
30606
30529
30825
30860
30589
30860
30879
30530
30589
30603
30505
30530
30593
30534
30521
30524
30526
30849
30595
30524
30571
30624
30528
30569
30599
30524
30523
30570
30531
30537
30624
30858
30849
30541
30585
30573
30580
30879
30576
30604
30542
30585
30537
30538
30540
30929
30602
30540
30544
30542
30547
30602
30929
30875
30553
30563
30582
30645
30586
30663
30902
30561
30631
30565
30581
30563
30875
30584
30635
31030
34677
30586
31591
35241
30586
30645
30574
30657
30568
30662
30741
30571
30594
30585
30594
30598
30575
30631
30744
30791
30577
30579
30588
30579
30605
30587
30604
30849
30583
30657
30875
30649
30741
30662
30664
30644
30634
30620
30623
30849
30825
30599
30632
30644
30632
30623
30634
30859
30614
30771
30780
30783
30627
30757
30616
30618
30739
30627
30637
30749
30621
30639
30754
30800
30627
30622
30823
30657
30741
30622
30819
30921
30824
30763
30638
30655
30799
30804
30805
30635
30636
30879
30783
30776
30774
30791
30639
30745
30641
30757
30662
30642
30643
30653
30646
30660
30660
30799
30649
30654
30696
30679
30710
30671
30674
30671
30695
30701
30710
30745
30773
30664
30670
30824
30659
30904
30667
30679
30697
30902
30681
30720
30668
30687
30697
30681
30685
30915
30776
30913
30710
30673
30686
30777
30697
30722
30724
30676
30789
30718
30728
30688
30718
30787
30720
30722
30688
30698
30866
30683
30694
30720
30685
30689
30688
30693
30724
30788
30798
30691
30721
30904
30698
30722
30696
30712
30701
30762
30775
30707
30715
30711
30751
30706
30709
30716
30709
30747
30772
30715
30714
30751
30762
30742
30747
30716
30737
30729
30777
30789
30730
30773
30723
30736
30751
30777
30772
30731
30732
30747
30772
30794
30768
30730
30772
30731
30737
30734
30733
30743
30734
30740
30749
30738
30756
30768
30746
30745
30749
30773
30740
30743
30743
30753
30823
30824
30789
30753
30771
30757
30921
30792
30763
30770
30806
30806
30769
30812
30917
30792
30806
30794
30812
30776
30787
30915
30922
30794
30812
30903
30782
30784
30785
30921
30803
30917
30866
30914
30789
30815
30823
30794
30866
30803
30808
30818
30914
30826
30819
30803
30839
30807
30808
30810
30814
30843
30816
30822
30855
30816
30822
30840
30918
30876
30928
30826
30822
30920
30877
30913
30828
30868
30829
30831
30842
30844
30837
30876
30881
30928
30909
30843
30920
30910
30848
30930
30865
30897
30923
30923
30928
30862
30864
30889
30923
30864
30870
30925
30873
30880
30903
31030
30880
30872
30878
30889
30894
30886
30889
30877
30878
30887
30891
30883
30885
30906
30885
30927
30896
30907
30905
30892
30923
30893
30896
30898
30905
30907
30905
30927
30925
30919
30906
30919
30908
30919
30922
30916
30930
30927
30934
30938
30940
31362
31362
30937
30953
39051
39052
31357
31024
31033
30954
30940
30980
30953
30942
30953
31033
30955
30950
31008
31362
31018
31362
30948
31015
30952
30952
31011
30993
30958
30975
30994
31024
31373
30980
31018
30980
31018
30960
30971
30973
30971
30972
30971
30972
30974
30973
30974
39889
39886
39922
39941
31111
39781
39786
30992
39891
39898
30973
30977
39823
39911
39113
39122
39936
39937
30972
39934
39016
39080
39083
31011
39893
31000
39895
30976
30984
31010
30978
31010
30979
31084
39879
30987
39876
30983
31034
31003
31034
30984
31010
31015
30993
31004
31363
39067
39070
39871
39113
39114
39212
39539
39871
39875
39881
39942
39887
39905
39885
39902
31015
31361
31065
31080
38743
38750
39637
31090
31241
31001
31023
31069
31014
31029
39892
31002
31112
39848
31083
39866
31083
31008
31065
39865
39877
39896
31007
31013
31039
31148
31068
39269
39272
39299
39357
31084
31034
31065
31080
31039
31080
31020
31350
31353
31067
38890
39025
39033
31361
38904
38924
39011
31024
31352
31373
31025
31270
31353
31039
31240
31265
31083
31358
31373
38700
38702
38706
38714
39840
39854
39882
38690
38696
38699
31060
31061
31245
31147
38831
31049
31055
31061
31245
31352
32397
31070
31106
31266
31052
31123
31254
31050
31051
31054
31062
31265
31105
31058
31066
31162
31247
31044
31056
31230
38728
38729
39000
39007
31233
31267
31348
31054
31148
31299
31358
31136
31231
32028
39030
39051
31057
31091
31254
31064
31254
31053
31131
31140
31066
31254
31057
31230
31059
31091
31087
31136
31265
31087
31231
31096
31126
31237
31105
31070
31266
31064
31086
31088
31093
31144
31232
31087
39003
39028
31232
31272
31112
31237
31242
31103
39901
39903
39932
31100
39771
39807
39816
31076
39766
39784
39878
39780
31095
39769
39776
39832
39782
39840
39854
39711
39729
39789
39859
38993
39874
31126
31126
31141
38987
39023
39756
38714
38732
31094
31098
31144
31098
31108
31242
38673
38712
39632
31107
31141
31120
38709
39638
39757
39852
38981
38984
38986
31128
39739
39749
39753
31124
31235
39739
39749
39778
31265
31233
31239
31108
31109
31143
31110
31132
39741
39774
39783
39863
39769
39772
39773
39844
39863
39752
39748
39758
39789
39778
39637
39642
39666
39785
39788
39809
31158
38777
31572
38673
38744
31127
31143
38620
38688
31144
31136
31144
31129
31525
31536
31526
31556
31142
31146
31143
31556
31135
31554
31639
31135
31142
31169
31139
31138
31589
31639
31585
31188
31639
31142
31247
31563
31198
31554
31588
31698
38692
31234
31240
31526
31151
31167
31196
31156
31202
31183
38844
31186
31229
32539
31155
31156
31166
31173
31174
31165
31175
31171
31186
31228
31246
38831
31160
31168
31666
31589
31639
31165
31173
31666
31163
31174
31166
31167
31175
31202
31175
31284
31243
31244
31170
31251
31633
31173
31174
31171
31642
31172
31182
31186
31188
31247
31177
31283
31701
31178
31180
31179
31193
31200
31180
31724
31673
32551
31184
31197
31200
31252
38775
38850
31185
31189
31249
31187
31190
31201
31666
31197
32530
31674
31208
38826
38827
31197
31236
31244
31204
32539
31674
31701
34491
31244
31253
31203
38819
38825
38868
32539
32530
32550
31228
31246
31236
31675
31701
31223
31227
32534
31207
31719
32524
31209
31699
38854
45405
31211
31303
31211
32507
32419
32506
32550
31214
31220
32520
31216
32523
31216
31291
31303
32424
31218
31219
31223
31226
31227
31220
32520
31221
31224
31281
31300
31675
32530
32535
32550
32524
31281
31282
31278
31281
32554
31250
31251
31253
31238
31271
31266
31271
31239
31689
32534
31285
31239
31266
38730
38815
31285
31253
31250
31269
31700
31279
31666
38829
38830
31256
31351
31280
31282
32554
31276
31349
31351
31275
31281
32423
31260
31264
31273
31274
31348
31277
38880
38898
31298
31305
31312
31264
31298
31297
32422
31271
31299
31297
31349
31689
31273
31274
31353
32422
31278
31295
31305
31348
38877
38971
31349
31638
31700
32549
31638
38788
38808
38822
31289
31292
31293
31313
31318
31290
31291
31292
32502
31296
31369
31296
31316
31369
38766
38769
45400
45401
32414
31309
31298
31367
31368
32523
31312
32415
38817
38892
38902
32419
32424
31307
31369
32417
31349
31308
31313
31316
31330
32408
31314
31368
32523
31311
31346
31323
31364
31319
34677
35081
61832
45270
45301
45359
31368
32414
31330
31366
32416
31321
31327
31326
31342
38948
39018
39045
32416
32456
31328
31326
31338
31329
32381
31332
31344
31346
32513
31332
32403
32384
32398
31334
31340
32380
31335
32387
32399
31337
32384
31338
31345
32399
31339
31341
31344
31343
31374
38968
32381
32385
32384
32398
31347
31352
32383
32554
31356
32383
32397
32451
31356
31357
32397
39068
39076
39209
39013
39048
39093
32456
32384
32782
32414
32415
32423
32385
31374
38936
38962
32382
32451
38964
39012
31378
38510
38795
31389
31433
31517
31410
38241
38590
38462
38264
38267
38298
38566
38573
38583
31394
31398
31401
31413
31596
31781
31856
38243
38344
38353
31599
38239
38241
38547
31388
31404
31826
31409
31809
31822
31413
31441
31399
31408
31391
31431
31441
31404
31439
31396
31777
31409
31487
31395
31396
31401
31594
31398
31433
31487
31517
31517
31813
31433
31596
31772
31777
31413
31596
31822
31405
31413
31441
31472
31824
31418
31432
31407
31831
31412
31418
31776
31827
38249
38258
38260
31776
31783
31417
31419
31436
37016
43096
43171
31430
31831
43224
43225
43235
31435
31446
31436
31421
31435
31428
31437
43257
43164
37047
37066
43096
43203
31426
35115
43180
43210
37024
43176
43178
31458
38363
43135
43212
43351
31434
31446
43202
43219
43355
31434
31448
43133
31774
31803
31819
31446
31498
31781
31818
31471
31816
43142
31498
43226
43231
31439
31485
31824
31448
31449
31462
31498
41626
41635
41651
43161
43190
43352
43080
43129
43145
43130
43134
43138
31449
31463
37854
43143
31456
43112
43146
43148
31455
31456
31460
31499
37873
37893
31457
31462
36773
37059
37855
31463
31481
37858
31462
31460
31468
38366
31815
38209
38210
31469
31481
37016
43131
31471
37863
31470
37022
37033
37842
37876
37899
43121
43123
37838
37839
37840
37874
31469
31492
37839
37020
37074
37852
31486
31826
31490
37834
37838
37839
37724
37910
37817
37818
37915
31597
31821
31488
31828
31479
31489
37816
31496
31823
37881
37903
37913
38103
37840
38204
38206
38211
37880
37883
37819
37922
38069
31488
31821
31777
31775
31495
31597
31823
31492
31494
37089
37215
38122
38146
37826
31497
31811
31509
37915
37835
37842
38145
31828
31509
31539
31547
31505
31506
31540
31505
31601
31605
31505
31541
31605
31514
31519
31508
31514
31539
37803
37812
31612
37921
38216
38219
38221
31519
31535
31551
37823
37826
37827
37833
31514
31519
37804
31541
31537
37772
38049
31540
31600
31856
31600
37831
37912
37924
37811
37919
38012
31537
37807
38049
31550
38552
38558
31526
31546
37794
31555
38618
38622
38657
38676
31530
31531
31533
31552
31546
39747
39753
39809
31534
31543
31552
31602
37815
37949
37908
39551
39718
31541
31612
31553
39744
39752
31568
31551
31568
31551
31568
37796
31605
31811
38660
38741
38997
31561
31609
38556
38624
31600
39733
31608
31565
39740
31587
31645
31559
31561
31609
31560
31606
31580
31587
31581
31645
31565
31587
31603
31605
31811
31571
31645
39729
31578
31588
31576
31585
38520
38614
38615
38623
38471
38472
38488
38701
31576
31759
31581
31586
31607
31632
31590
31632
31640
31607
31626
31627
31583
31627
31632
31598
31611
31617
31585
31590
31586
31641
35368
61847
38595
38633
31594
31604
31632
31714
38353
38372
31856
37788
31828
31608
31610
31610
31626
31624
37802
31648
31782
31616
31647
31662
31669
32001
31662
31619
31653
31728
31622
31753
38449
38458
31653
31751
38451
31669
31717
32001
31643
31643
31643
31643
38447
38479
38262
38368
38469
38373
38383
38389
31713
31820
31641
31642
31641
31655
31759
38822
38682
38694
38707
38482
38493
38500
31677
31686
32555
31656
31658
31658
31718
31842
31669
31718
31662
31672
31685
38482
38605
38608
38454
38578
31713
31756
38352
38469
31677
32555
31657
31664
31659
31663
31842
31714
31679
31684
31684
31720
31664
31665
31664
31668
31754
38511
38833
31754
32024
31720
31677
38770
38774
38844
32538
34491
31699
32032
45764
45769
45774
31759
38759
38779
38844
38954
32024
32049
31681
31708
31683
31710
31683
31696
32049
31697
31715
31709
31842
31755
31708
32034
31690
38427
38528
31700
31693
38435
31711
32033
32035
31695
31715
32019
32011
38428
38523
31695
32019
32556
31696
31703
31721
31709
32049
31719
32535
32024
32049
31704
31721
32021
32044
31706
31711
31786
31731
34489
31735
31738
31996
31717
31723
31715
32027
31726
38461
38470
38602
38795
31778
32034
34489
31720
32534
31725
32019
32031
31762
32034
31754
32022
32035
31786
31760
31786
32006
31755
31762
31778
31731
31738
31731
31757
34489
31752
38414
38424
45856
31734
31737
31848
31735
31873
31741
31765
31737
31749
31867
31789
31982
31752
31765
31868
31994
31997
38431
38531
45923
31873
31991
31871
31873
34490
31744
31840
31857
31994
31997
31751
31804
32003
31785
31787
31800
31764
31766
31858
31982
31804
31751
31804
31851
31756
31788
38394
38400
32001
31761
31850
31871
31873
31996
32017
31812
32001
31764
31784
31812
31805
31851
31789
31804
31768
31802
31854
31769
31773
31803
31783
31819
31771
31858
31785
31783
31805
31831
31821
31823
31784
31857
31858
38394
38398
31820
31784
31797
31854
31857
31858
31850
31867
31867
38379
38578
31792
31795
31801
43233
31806
35181
32004
38361
41292
31795
31841
43215
31799
43247
43282
43287
43299
31798
31800
31799
31802
31801
35152
31853
31803
35152
31852
38388
38392
43100
43125
43131
43146
31826
38373
38389
38402
31827
31851
31820
36955
36956
36957
38218
38225
38250
43234
43243
43244
43258
31819
31826
43228
43247
43257
43282
35115
43164
38386
38392
31992
41265
41320
42822
38389
38469
31859
43239
43254
31838
31852
43283
34479
43261
43296
31840
31853
31857
31855
31840
31860
31843
31992
43212
31845
43193
43339
43368
43402
31852
31847
31855
31874
31982
34490
31877
31994
32003
43241
32008
43267
43410
31994
31983
32008
43267
31983
34487
43268
31864
31886
31872
31875
34510
31985
31995
35092
38327
41286
32003
31871
38412
45887
45897
45908
34484
34487
43268
43294
31978
31886
31983
31875
34510
31993
31879
31977
31995
45779
45827
45851
31880
31919
34522
31914
31918
31914
34500
35105
31883
31885
31888
31884
31981
31913
34494
31890
31935
31888
31923
34496
31981
32312
31891
31893
34529
31895
31923
31957
31895
31923
31924
31935
34217
34500
32301
32310
31895
31896
32301
31897
31900
34216
31930
31957
31922
31986
32101
31900
32309
31930
34999
35004
53168
34218
31909
32292
35039
32272
34997
34999
53048
53135
53068
53069
53077
35116
53080
53163
31909
31916
31910
35124
34524
35039
32015
35090
35096
53086
31939
32309
31935
34500
31919
32101
31949
32309
31948
32294
31922
31986
34205
31922
31950
35010
53116
52970
53048
31936
31951
34529
31926
31950
32118
31927
32587
31928
31937
31938
32315
45945
45967
45973
31958
34217
32302
32304
34218
52868
52869
31938
31939
31946
32307
35119
53063
31957
31937
31950
31938
34205
34205
31954
32103
53017
53036
53065
31959
32123
31961
33374
35220
45915
45935
56905
35010
53114
53154
31952
31952
32300
31949
31953
32282
32300
34496
34497
35220
32300
32314
31962
31979
32104
31990
32118
31986
31961
32103
31972
32100
32104
32103
32317
31972
32130
32576
32305
53059
53071
35102
53076
31980
32013
31968
32576
32311
32155
32311
32311
31977
32002
32110
32302
34529
53051
53057
53167
31977
31978
32149
38421
45878
45906
34522
32123
31991
38327
31993
35105
34217
35108
41244
48662
53092
32104
32130
32587
38422
45903
45911
32130
32587
34494
34490
32050
38497
38509
38305
45996
45997
41351
41358
41367
41368
32118
38339
41288
32009
32010
32116
32007
32154
32010
32121
34510
32018
32040
32042
32154
38433
45863
45853
45860
45862
45906
32311
32106
32576
35179
53076
32116
32121
32048
32116
32022
32029
32060
32029
32061
32582
32027
32044
32045
32056
38512
38527
38768
45765
45865
45875
45893
32033
32552
32031
32036
32037
32047
32045
45763
45770
32041
32045
32120
32549
32060
32070
32547
32053
32120
32053
32064
32120
38754
45788
45793
32061
32556
32556
32116
32129
32120
32057
32073
38513
38616
32060
32061
32070
32108
32546
32154
32060
32068
32092
32546
32070
32064
32067
32078
32093
32078
32094
32563
32063
32066
32095
32071
32099
32109
32092
32091
32098
32105
32073
32098
32077
32114
32553
32076
32087
32090
32152
32076
32087
32117
32073
32074
32107
32129
32088
32156
32078
32093
32557
32077
32095
32579
32117
32132
38754
45836
32150
32151
32085
32099
32105
56579
56581
56587
56860
32085
32099
32131
32167
32102
32156
32089
32098
32105
32125
32132
32559
32093
32574
32095
32152
32108
32114
45817
45820
49691
32117
32110
34500
32113
32107
32110
32129
32547
56772
56790
56791
57139
32144
45837
45839
32156
49586
56630
45837
45873
45905
32315
32134
33393
32131
32156
38531
45905
45912
34505
43260
43297
32131
32167
33393
32155
32561
32567
32134
32145
32137
32159
32141
32329
32158
32328
32139
32141
32146
32140
32147
32203
32317
32187
33395
35006
56543
56625
32182
33395
45825
45833
32170
32219
33395
32198
32203
32165
32561
32572
38423
38426
32180
32586
32161
32169
32553
32558
32572
32576
32159
32181
32159
32213
32161
32180
32181
32164
32178
32241
32571
32194
32588
32568
32610
32168
32568
32605
32169
32589
32607
32613
32198
32208
32174
32603
32611
56776
57177
32174
32591
32607
32175
32590
32611
32614
32177
32178
33418
32217
32213
32588
32677
33418
32184
34204
32202
32210
32206
32588
32189
32196
32217
32329
32189
32195
33419
32193
33421
56637
56646
56679
49596
56652
56655
56669
32201
32677
33421
32215
32217
32571
32216
33394
33421
32677
33418
32217
34527
56621
56640
56649
56651
32201
33394
33427
32210
32214
32328
32243
32328
32329
49581
32212
32612
32621
56635
56700
56784
32219
32227
32233
32677
32243
32329
32618
33418
33427
34204
33000
33429
32228
49691
32585
32618
32623
33422
49604
49606
49608
32224
32320
33362
32225
33361
32226
32284
33381
32229
33401
33408
32284
32327
32231
32238
34263
32232
32319
33390
32242
32299
33396
32249
32275
33353
44436
44483
49611
49615
49617
32297
53190
33370
32327
33401
33370
34527
32603
32607
32613
32320
33362
34976
53106
53117
53124
32246
32275
33353
32256
32277
32275
32299
33392
35071
53106
53116
53117
32257
32251
33351
34170
32274
32280
44566
52891
44464
44466
44475
44565
32274
32280
33367
32280
32308
33353
32270
32308
32313
33356
33359
34178
34849
42355
32260
32268
32269
32261
32296
33352
32267
33351
32266
32274
34075
32265
33345
33349
34168
32296
34181
35156
33350
34176
32267
33349
34168
32274
34181
34182
33352
34173
34176
32271
32277
34186
34215
35005
53167
35010
53144
53164
33358
32288
33379
34186
32278
32286
32279
34172
34215
33346
32283
32295
33376
32294
32322
32292
32323
33391
32289
34181
35156
33358
32321
34172
34207
32295
34189
34201
33379
35156
32298
34189
32294
32295
34189
34554
32323
33391
33351
34994
44567
34537
33358
33390
34216
34524
32310
32313
33379
34186
32310
34224
35089
53061
53066
53150
53151
53056
34170
34524
34496
34170
32318
34207
32557
32558
32574
32325
34523
34263
34172
34207
34530
33356
33367
34178
33374
33370
34523
32331
32342
32386
32792
32404
32784
34925
32337
32785
32788
32339
32359
32368
32337
32368
32503
32391
32392
32339
32428
32487
32357
32360
45179
45197
32342
32347
32348
32790
32351
32354
32362
32785
32363
32386
32389
32790
45148
57331
32351
32364
32370
32350
32790
32841
45304
45305
45318
32789
32795
32369
32363
32374
32365
32366
32841
32375
32360
32372
32377
32363
32366
32790
32368
32369
32392
32377
32484
32362
32396
32788
32375
32367
32374
32789
32371
32392
32394
32785
32374
32386
32792
32373
32378
32449
32702
32784
32794
32388
32402
32378
32399
32389
32794
32380
32784
32387
32451
32383
32451
32394
32794
32390
32395
32396
32409
32452
32400
32788
32407
32454
32788
32402
32406
32407
32401
32503
32430
32454
32794
32456
32782
32792
45259
45260
45316
45362
32409
32453
32427
32452
32417
32452
32411
32413
32412
32460
32430
32432
32431
32514
32423
32416
32502
32564
32425
32430
32454
32421
38957
32426
32501
32435
32507
32454
32564
32440
32484
32510
45422
32460
32455
32481
32525
32514
32437
32444
38867
38872
38892
32512
32525
32455
32488
32478
32791
32440
32484
32701
32804
61847
32441
32448
32700
32486
32699
32717
32445
32670
32447
32670
32791
32686
32688
32700
32480
32699
32469
32697
32780
32841
32686
32703
32519
32513
32458
32463
32488
32511
32519
45418
45419
45444
45466
32478
45433
45455
45612
32463
32479
32500
32472
32483
32465
32467
32522
32466
32468
32497
32521
32468
32533
32578
32488
45343
45350
45564
45567
45569
45577
32492
32500
32491
32492
32662
32665
32518
32578
32518
32663
32662
32503
32486
32699
32519
32580
45483
45540
45572
32488
32702
57194
57198
32490
32688
32700
32490
32500
32516
32665
32496
32511
32494
32511
32519
32498
32521
32518
32602
32500
32516
32521
32499
32505
32580
32512
32531
32502
32564
32505
32506
32528
32521
32531
32544
32512
38832
38851
38862
45435
45445
38842
38861
45403
32580
32782
32525
45484
45612
32602
45199
45329
32524
32532
32584
45491
57107
57141
32598
32602
32663
32541
32544
32583
45485
45488
32540
32541
32560
32566
38771
38779
32540
34491
32551
32584
38842
38846
45404
45481
38766
45401
45402
45481
46275
56280
56298
56344
32553
38451
32552
32582
32674
32559
32561
32574
32578
32596
38760
45792
32579
32596
32579
32674
32584
32610
32572
32572
32593
56812
56835
57075
32603
57126
57149
57213
45597
45684
45720
38757
45413
32599
32617
32621
32610
32605
32630
32591
32620
32615
32630
32593
32673
32675
32986
32605
32595
32615
32626
32630
32604
32673
45333
45343
45344
32606
32600
56813
56816
56817
57068
32609
32626
32673
32662
32660
32659
32675
32612
32621
32617
32627
32628
32623
32654
32724
33422
32622
32624
32654
33422
32627
32623
32641
33415
32626
32633
32724
32679
32632
32633
32666
33007
32678
32960
32635
32636
32667
32757
32678
32694
32960
32638
32890
33138
32639
32963
32961
32981
57217
57222
57230
57249
32654
32991
32894
32962
32646
32647
32888
32647
32649
32650
32956
32646
32714
32651
32861
32720
32666
32744
33520
32651
33520
32714
32714
32966
32757
32894
32956
33012
49019
49130
32658
32667
32683
33008
32668
32682
32660
32698
57222
57230
57243
57352
32664
32665
32671
32680
32694
33008
32695
32706
53145
56715
56727
33007
32707
33008
32696
32691
32706
32848
57335
57348
32725
32802
32692
32732
32791
32704
57330
32697
32727
32736
32703
32719
32698
32730
32717
32701
32779
32778
32780
57266
32894
32757
32894
32709
32716
32723
32736
32952
32713
32736
32745
32726
32888
32889
49026
57232
57355
32734
32799
32892
32888
32889
32891
32727
32721
32722
32721
32779
32726
32956
32962
32725
32731
32732
32787
32726
32952
32962
33415
32802
32729
32732
32787
32733
32859
32745
32873
32964
32764
32769
32739
32858
32739
32801
32842
32866
32871
32746
32876
32750
32756
33275
32743
32876
32891
32919
32746
32885
32961
33520
32964
32875
32748
32749
32753
32750
32767
32965
32759
32765
32903
32764
32787
32753
32847
32767
32759
32863
32874
32756
32763
32842
32758
32842
32863
32903
32761
32765
32903
32774
32776
32840
32964
32859
32965
32772
49004
57261
57263
57272
32768
32769
32770
32772
32770
32775
32776
32801
32862
32775
32781
32845
32776
32801
32786
32796
32865
32780
32796
32798
32783
32865
32800
32847
32841
32800
32798
45277
45278
45280
45286
32889
32952
32863
32805
61843
32806
32812
32816
32922
32809
32813
33267
32811
32812
32827
32877
32810
32817
33262
32834
32917
32917
32957
32829
32922
32825
32855
32852
32854
33277
34174
44479
57397
32819
32877
32917
33265
32820
33260
33265
32906
32929
33277
32828
32832
32881
32852
32921
33277
32834
32878
32827
32839
32829
32830
32929
33253
32835
32843
32918
32957
32836
32872
32852
32839
32877
32840
32850
32838
32850
32843
32864
32872
33268
32866
49005
57268
57366
32865
32849
32851
32883
57293
57301
57349
32856
33267
32864
33268
32853
32858
32884
32885
32917
32957
32856
32857
32878
32884
32869
32884
32871
32883
33275
33263
57000
32886
32888
32871
32887
33268
32903
33261
32875
32868
32878
32955
32869
32880
32870
32879
32919
32964
32880
32958
32922
32957
32955
33013
33268
32893
33261
33007
32895
32958
32976
32896
33166
32902
32951
32953
32898
32901
32938
32900
32948
32984
32900
32954
32984
32902
32909
32911
32945
32905
32907
33270
32906
33269
32921
32929
33253
32909
32920
32930
32912
32934
32913
32914
32978
33001
32912
32913
32914
33165
32984
33167
49272
49298
49299
49303
44482
49278
49297
32929
33277
33124
32983
33276
32968
49065
49077
49087
32926
32945
32948
49061
49133
49295
32935
32946
33009
32936
32944
33548
32985
33026
32931
32934
33015
32933
32969
32942
32943
32970
32940
33015
32972
32941
33040
33518
49249
49271
49299
32947
32948
32972
33114
33165
33167
32950
33111
33026
32944
32950
32970
32946
32951
32959
32949
33009
32972
32985
33011
33442
32967
32954
33166
32983
32975
32977
32963
32966
33275
33520
32977
49032
49059
33179
33016
33125
32982
33026
33157
48983
49301
32989
33518
33166
32981
33013
33138
33440
33014
57259
33117
33013
33048
49040
57282
57358
32989
32992
33002
32991
32993
33051
33010
32993
32996
33003
33010
33440
32996
32997
33027
32999
33002
32999
33004
33412
33003
33050
33164
33029
33417
33013
33040
33029
33051
33006
33028
33555
49021
49046
49076
33024
33446
33015
33048
49102
49145
56662
56724
33020
33041
33018
33039
33464
33163
33465
33023
33024
33163
33446
33548
49068
49098
49163
33023
33119
33445
33519
33039
33132
33451
49082
49091
49113
49482
33518
33446
33548
33123
33412
33452
33050
49254
33060
33441
33033
33038
33522
33551
33579
33035
33038
33083
33036
33059
33037
33055
33057
33159
33053
33047
33119
33548
33125
33445
33519
33057
33551
57388
57392
57404
33068
33464
33047
33551
33579
33112
33522
33557
33464
33125
33159
33435
33443
33082
33159
33054
33522
33058
33061
33059
33082
33127
33059
33081
33086
33462
33552
33076
33083
33068
33565
33591
33076
33112
33521
33063
33064
33075
33558
33562
33066
33075
33069
33563
33579
33110
33441
33549
49161
49194
49293
33072
33615
33578
33112
33521
33558
33562
33089
33564
33077
33085
33558
33578
33085
33102
33578
33083
33178
33128
33085
33091
33109
33178
49108
49120
49463
33102
33103
33615
33092
33127
33109
33126
49169
49182
49293
33095
33096
33097
33098
33099
33570
62452
62916
62487
33106
33122
33131
33116
33128
33156
33161
33570
33156
33557
33562
33116
33179
33116
33128
33442
33124
33162
49563
33130
33135
33122
33130
33131
33462
49162
49291
33149
33168
33553
33126
33451
33165
33553
33161
33128
49071
49099
49295
33179
33446
33519
49252
49271
49286
62453
48980
49064
57407
33436
49105
49119
49128
49150
33141
33149
33160
33148
33152
33143
33158
33172
33144
33152
33149
33168
33158
33174
33175
33148
33198
33223
49236
49253
33150
33154
33162
33152
33153
49142
49144
49241
33158
33174
33185
33438
49579
49277
49297
33552
33162
33451
33269
33177
33198
33266
33198
33211
33173
33175
33176
33176
33183
33181
33253
33270
33461
33184
33210
33199
33192
33190
33192
33198
49018
49024
49089
57231
33189
33222
33208
33209
33205
33271
33200
33207
33206
33209
33199
33246
33201
33207
33204
33213
33254
33204
33217
33246
33204
33245
33246
33210
33245
33240
33246
49208
49269
33243
33209
33208
33271
33213
33256
49159
49253
33243
33215
33216
33219
33217
33242
33243
33229
33248
33219
33264
33242
33224
33240
33237
49257
49302
33232
33279
49207
49215
49244
49206
49226
49296
49307
33228
33232
33236
33249
33237
33248
49285
49308
33234
33235
33248
33236
33249
33240
33258
33241
33279
33248
33249
33258
33247
33251
33279
33257
33265
33272
33258
56960
57012
39945
44480
49281
33266
33273
33260
33264
33267
57332
33272
33273
49204
49206
49211
49310
33280
44482
49265
49267
48971
49264
33283
33286
33289
33309
33472
33677
33426
33512
49394
49409
49659
33426
33472
33513
33290
33469
33426
33469
33472
33488
33670
33703
33290
33291
33293
33308
33294
33488
33669
33299
33312
33400
33299
33705
33297
33673
33312
33400
33300
33301
33300
33305
33302
33372
33705
33364
33410
33304
33308
33305
33388
33385
33486
33512
34963
44445
44486
33515
33488
33670
33311
33312
33672
33327
33669
33709
33488
33669
33736
33426
33505
33512
33709
33879
33323
33710
33879
33327
33669
33671
33319
34091
34103
33320
33330
33706
33710
34179
33322
33710
33879
33672
33719
33484
34184
33325
33673
33331
33347
33327
33700
33701
33668
33338
33387
34185
33339
33879
33710
33726
33344
33458
34185
33400
33468
34963
44433
44490
33336
33338
33369
33342
34864
44435
53222
33347
33484
33338
33349
33387
33340
33347
33484
33345
33369
33746
34866
40449
33375
34078
34086
34198
33350
33353
33356
34185
33350
34160
34153
34168
53197
53207
53209
33363
34198
33390
33360
33368
33389
33377
33381
33433
33392
34210
33364
33371
34180
33389
33379
34525
35156
33377
33383
34203
33377
33386
33433
34078
34198
33386
44449
44476
34077
34085
34186
34215
33484
34078
34184
49389
49399
33382
33383
33384
33494
33385
33388
33389
34075
33403
33406
34180
33398
33448
33718
33428
33444
33480
33703
33427
33428
33444
33704
33494
33718
33408
33425
33429
33432
33483
33718
49562
33541
34973
49595
49603
49713
33504
33705
56693
57167
57195
33443
33417
33423
49007
56662
56665
33493
33428
33450
33424
33434
33430
33431
33493
33493
33453
33517
33432
33870
34210
33435
33453
33440
49115
49117
49128
49150
49571
49576
49023
49027
57247
33557
33453
33483
33552
33683
33450
33459
33479
33524
33541
33466
33473
33476
33456
33477
33539
33467
33476
33485
33477
33544
33489
34198
33517
33583
33463
33551
33523
33536
33583
33575
33501
33535
33481
33531
33704
33477
33531
33534
33703
33670
33489
33504
52103
52106
33478
33481
33475
33508
33476
33482
33485
33482
33486
33618
49476
49494
49657
33673
33492
33497
33496
33498
33717
33546
33498
33500
33510
33505
33513
33502
33503
33532
33540
33511
33622
33575
33717
33574
33534
33510
33626
49445
49496
49508
33511
33576
33622
33537
33717
56557
56599
56611
33530
33538
33621
49652
33603
33674
33550
33535
33544
33536
33526
33527
33713
33528
33572
33539
33554
33556
33561
49478
49489
49551
33683
33537
33717
33540
33572
33681
33544
33618
33681
33661
33713
33542
33574
33572
33625
33554
33574
33590
33661
33674
33739
33590
33563
33578
33572
49052
33591
62466
62474
62484
33614
33614
33579
33567
33589
33616
33577
33614
33569
33613
33582
33656
49484
49541
49451
33613
33581
33616
49450
33587
33585
33587
33593
33601
33594
33587
33598
33601
33592
33590
33590
33595
33624
33596
33601
33624
33616
33603
33620
33604
33607
33609
33611
33636
33634
33655
33610
33612
33627
33632
33631
33617
33660
33621
33713
62932
33644
49436
49441
49424
49437
49461
49510
33630
33634
33640
33645
33655
33634
33635
33639
33642
33640
33756
33655
33640
33641
33645
33639
33643
33642
33741
33652
33721
33659
33645
33647
33648
33729
33733
33747
33649
33666
33690
33651
33663
33666
33721
33733
33666
33691
33699
33653
33939
33657
33743
49446
49466
33658
33939
33667
34832
33667
33664
33665
33694
33668
33716
33680
33700
33676
33716
33701
33709
34832
33680
33689
33731
33736
33689
33736
49520
49660
49661
33680
33739
33713
33691
33699
33704
49385
49387
49433
49436
33688
33765
33687
33702
33728
33695
33711
33697
33714
33692
33729
33695
33694
33700
33712
33696
33884
33698
33728
34883
33702
33712
33708
33719
34073
33715
34091
33708
33719
33712
33725
33748
33884
34073
33725
33728
33746
33731
33726
33723
33727
33876
33740
33723
33724
33760
33759
33873
34954
33727
33748
33730
33770
33734
33781
44571
48973
49006
33735
33740
33747
33747
33762
33751
34879
34832
33741
33756
33754
33755
33754
33769
33746
33751
33871
33885
33769
33782
33750
33751
33768
33753
33757
33753
33755
34879
34879
33768
34824
33787
33882
34914
33760
33800
33761
33763
33771
33778
33781
34884
33766
33778
33765
33877
34089
33800
33826
33877
33873
34914
33776
33781
33884
33873
34914
33773
33775
33799
33774
33938
34859
33787
33825
33788
33778
33836
33881
33886
49416
49445
33826
33874
33877
33782
34884
33826
33872
33886
33785
33872
33786
33794
33798
33797
33824
33881
34859
33796
33824
33790
33797
33792
33804
34765
33792
33802
33795
33872
33878
33802
33798
33804
33822
33834
33938
33877
33802
33803
33813
33811
33807
33820
33936
33823
34765
34900
33810
33809
33810
33934
33812
33814
33932
33813
33839
33839
33839
33818
33930
33954
33817
33835
33838
33823
33819
33837
33929
33835
33946
33821
33935
33954
34900
33842
33946
33836
33828
33855
33843
33880
33832
33838
33831
33859
33875
33833
33840
33940
33843
33853
33837
33841
33878
33886
33945
33840
33841
34114
33947
33843
33850
33940
33942
33848
33854
33848
33856
33848
34106
33951
33967
34111
34124
33852
34095
34111
33852
33853
33857
33855
33940
33942
34782
34782
33858
33950
34111
33860
34115
33860
33861
34097
33943
34880
33863
34133
34880
33868
34134
33867
33948
34133
34072
34133
34880
33867
34091
34875
34087
33943
34074
34088
33875
34097
34099
34884
34954
34824
33875
34089
34884
34954
34914
33948
34072
34876
34883
34073
33913
33889
33917
34012
33893
33899
33894
33915
33917
33893
33901
33916
33916
33906
33899
33902
33974
33917
33913
33904
34012
34711
33915
33917
33922
34773
33907
33908
34819
33910
33976
33918
33964
33976
33925
34071
34773
33918
33924
33925
33964
34773
34071
34691
33920
33963
33921
34761
33923
33933
34881
33924
33936
33928
34819
33927
33928
33930
33931
33964
33930
33941
33931
33935
33933
33934
33936
33937
34719
33936
33949
34095
34114
34115
33949
33952
33949
34900
34782
34115
34821
33959
33957
33962
33955
33957
33962
34900
34058
34663
33957
33958
33961
33965
34663
34817
34011
34574
34605
33965
33995
34897
34012
34711
34058
34105
34663
34094
34836
33981
34663
34817
33970
33979
34018
33978
34004
33972
33991
33973
33987
34004
33979
34688
34819
33981
33982
34706
33980
34706
34605
33983
34004
34005
34005
33988
33990
34050
34065
34652
33992
34016
34667
33992
34281
33988
34281
33992
34016
34063
33996
34281
34667
34688
34018
34817
34046
34853
33998
33999
34007
34017
34047
34050
34050
34585
34010
34017
34046
34688
34003
34011
34574
34010
34046
34105
34854
34007
34008
34017
34038
34056
34009
34028
34010
34020
34015
34106
34019
34094
34113
34113
34118
34131
34019
34045
34605
34041
34106
34102
34104
34022
34023
34270
34024
34601
34024
34025
34036
34125
34052
34149
34027
34039
35316
34042
34136
34029
34038
34149
34042
34104
34031
34039
34109
34040
34136
34047
34065
34580
34665
34034
34040
34138
34132
34140
34036
34053
34054
34052
34038
34043
34052
34116
34131
34129
34959
34102
34113
34125
34149
34056
34060
34061
34045
34065
34580
34297
34585
34066
34057
34061
34064
34062
34069
34580
34685
34053
34057
34291
34060
34279
34055
34270
34279
34269
34606
34066
34639
34853
34067
34293
34298
34066
34067
34633
34067
34633
34639
34665
34289
34293
34297
34627
34287
34293
34298
34099
34090
34134
34203
34077
34164
34175
34079
34086
34081
34164
34081
34085
34103
34179
34159
34121
34164
34837
34084
34128
34835
34098
34184
34169
34133
34093
34115
34099
34098
34163
34875
34947
34098
34120
34836
34112
34120
34124
34880
34100
34876
34110
34120
34113
34118
35316
34159
35316
34109
34119
34122
34110
34112
34119
34116
34127
34835
34118
34782
34126
34837
34835
34821
34267
34123
34127
34137
34135
34818
34821
34136
34128
34129
34145
34818
34138
34276
34606
35316
34139
34601
34947
34137
34143
34158
34959
34140
34284
34141
34156
34266
34143
34144
34155
34158
34147
34255
34202
34260
34264
34151
34162
34260
34188
34255
34154
34267
34160
34171
34169
34175
34158
34266
34301
34162
34260
34163
34875
34169
34191
34255
34166
34171
34267
34167
34183
34171
34173
34176
34530
34177
35650
34267
34182
34190
34180
34184
34938
34257
34938
34188
34190
34188
34190
34227
34525
34257
34259
34265
34259
34195
34206
34229
34196
34212
35163
34261
34392
34208
34219
34261
34963
44490
53231
34201
34979
35271
34211
34535
34259
34523
34209
35125
35271
34256
34258
34213
34220
34261
34258
34537
34537
34530
35124
34221
34979
34221
34227
34977
34254
34256
34532
34541
34239
34546
35125
35039
34228
34247
35061
34254
35040
34248
35168
35163
35168
34235
34340
35031
34341
34343
34357
34241
34357
34238
34250
34531
35045
34340
34369
35175
34236
34237
34552
34340
35355
34238
34549
34561
34240
34392
34988
34253
35045
34565
35031
34251
35026
35168
34244
34341
34357
34566
35026
34246
34299
34566
34247
34285
34248
34249
34252
34285
34548
35040
34984
34266
35070
34392
34984
34546
34546
34977
35037
35271
35125
34532
34536
34541
34265
35070
34268
35070
34283
34348
34606
34276
35322
34274
34350
34351
34305
34310
34347
34299
34375
34278
34348
35314
34284
35314
34285
34300
35322
34305
34335
34280
34283
34296
34283
34302
34348
34294
35322
34301
34288
35385
34312
35393
34292
34296
34290
34627
34292
34296
34634
34295
34296
34304
35385
34634
34300
34349
34375
35322
34304
34310
34304
34313
35385
34348
34308
34359
34308
34311
34313
34311
34320
34336
34313
34315
34355
34325
34355
34320
34352
34326
34327
34322
34327
34319
34320
34370
34323
34325
34359
34325
34359
34336
35393
34333
34333
34330
34358
34330
34331
34390
34383
35365
34346
34381
34339
35428
34338
34339
34409
34375
34380
34347
34338
34339
34356
34377
34384
34342
35296
34349
34351
35175
35383
34346
34373
35377
34346
34381
34360
34353
34380
34566
34353
34380
35441
35296
35441
34382
34383
34390
35296
35383
35393
34370
34370
34381
34373
34386
34365
34564
34369
34551
34564
35355
34364
34365
34400
34422
34448
35268
34448
34401
34440
34481
34410
34553
34440
34551
35219
35355
34373
34553
35268
35373
34385
35361
34396
34379
34408
34396
34388
35428
34387
34400
34416
34391
34394
35365
35377
34395
34405
34445
35175
35373
35383
34395
34414
34409
35344
34409
34414
35344
34401
34481
35264
34402
34467
34475
35264
34416
35268
34442
35160
34441
35195
34404
34411
34457
34444
34504
34422
34417
34415
34446
35275
34430
35275
34413
34453
34504
34445
35267
34430
34420
34421
34446
34428
34445
35216
43198
43330
43344
34431
43361
43369
43373
34432
35509
43416
34431
34432
43372
43378
44152
34436
35513
44164
35276
44164
34443
35276
42954
43394
43559
43356
43369
43407
43414
35275
42890
42893
43333
34441
34458
34461
34447
34474
34562
35036
34475
34556
34452
43418
35267
35274
34450
34475
43255
43339
34458
43293
42756
42865
43422
43195
43200
43395
43402
35513
43185
43193
43197
43368
34483
34461
34470
34472
34461
34470
43269
34556
34463
34464
34472
34511
34486
34557
34465
34470
34473
34469
34471
35195
34562
35273
43312
43320
43417
34481
34486
34556
34486
34558
43278
43317
43200
43253
43301
34492
43260
38231
41419
43201
34492
34492
35195
43279
43290
43322
43269
43273
43293
34509
35084
42845
42850
38423
45842
45894
45900
34499
34508
34509
35105
34497
34498
34515
34515
34516
35221
42864
42895
34558
43265
43286
35274
43266
34509
34515
34518
43274
43301
43395
34517
34559
34521
34520
34533
35025
34526
35058
34529
34533
34536
35058
34988
35040
34534
35003
34938
34979
35037
34539
34545
34559
34540
35003
34544
35037
34543
34550
35036
34544
34549
34548
34547
35025
34988
34555
34557
34549
34552
34555
35160
35219
34564
35373
35025
43296
35003
43303
43305
34565
35031
35045
50466
52844
56618
35061
34568
34570
34594
34749
34576
34654
34661
35399
34600
34895
34572
34629
34829
34576
34583
34749
34629
34662
34853
34578
34587
34625
34578
34586
34587
34629
34629
34593
34856
34618
34656
34587
34590
34784
34593
34747
34593
34657
34662
34839
34750
34590
34895
34903
34607
34624
34625
34852
34592
34619
34622
34596
34611
34829
34603
34624
34596
34611
35401
34597
34609
34619
35343
34599
34918
35404
34619
34603
34654
34959
35300
35304
35319
35399
34607
34611
34620
35314
34905
34952
34615
35300
35317
35326
35404
34952
35406
35400
35309
35326
35319
34618
34623
34645
34770
34661
34748
34660
35305
34621
34628
34645
34770
34825
34649
34785
34904
35399
34643
35401
34631
35388
34637
34638
34665
34639
34642
35398
34642
34646
34650
34660
34647
34648
34825
34653
34659
34916
34905
35312
34747
34785
34904
34653
34687
34685
34692
34768
34894
34657
34658
34657
34692
34856
34659
34692
34692
34924
34751
34769
34830
34896
34916
34673
34841
34671
34777
34694
34733
34841
34672
34702
34682
34689
34679
34676
34774
34734
34760
34783
35341
45193
34712
34787
34906
34705
34787
34906
34681
34684
34695
34769
34899
34683
34686
34901
34684
34702
34709
34776
34854
34787
34896
34701
34698
34767
34777
34700
34717
34722
34700
34716
34712
34777
34829
34707
34717
34713
34751
34766
34786
34786
34713
34714
34761
34715
34723
34717
34731
34745
34881
34721
34726
34727
34725
34724
34744
34760
34728
34736
34763
34732
34731
34877
34767
34777
34758
34762
34840
34759
34781
34779
34790
34828
34739
34827
34828
34741
34790
34828
34842
34851
34842
34844
34762
34778
34780
34763
34793
34746
34759
34764
34953
34785
34755
34775
34753
34755
34757
34834
34762
34778
34756
34784
34772
34775
34772
34833
34888
34779
34826
34831
34780
34792
34781
34790
34774
34783
34769
34895
34826
34839
34901
34783
34789
34792
34831
34804
34789
34822
34838
34889
34833
34793
34815
34888
34793
34798
34800
34796
34797
34855
34802
34798
34799
34889
34822
34800
34815
34888
34801
34805
34807
34803
34815
34805
34806
34834
34852
34812
34815
34808
34811
34809
34813
34814
34911
34811
34814
34858
34812
34813
34898
34814
34886
34874
49398
49401
49416
34835
34837
34947
34823
34850
34954
34915
34833
34838
34838
34856
34899
34842
34889
34888
34850
34848
34844
34846
34847
34848
34851
61818
61828
34851
34889
34858
34872
34874
34861
40449
34862
34866
34863
34867
34868
34962
44494
34871
34882
34869
34885
34869
34872
34871
34873
34892
34907
34885
34891
34974
34878
34887
34955
34930
44494
34887
34932
34927
34892
34909
34957
34908
61851
61854
34924
34948
34932
34928
34905
34910
34933
34950
34955
34910
34922
34929
34930
34926
34945
35072
34918
35302
35325
35305
34926
34929
34923
35302
35402
34929
34953
34933
34957
34953
42406
34942
34931
34931
34932
34942
34948
34951
34941
34960
35318
34936
34993
34937
34944
34939
53205
34940
34958
53201
34968
53183
34943
34951
34993
34949
34967
44493
35318
35304
35305
35325
35343
35425
53188
53206
53214
34974
35425
34968
34966
35076
35402
53222
53223
44489
53203
53223
53224
34966
34971
35318
53230
34983
35029
35402
44471
49589
49710
35029
35072
53115
53118
34979
44493
53199
53211
53214
34981
35066
53174
53182
53172
34985
35042
35123
34991
35078
35163
34997
35005
35069
34987
35019
35033
35016
35144
34992
35029
35078
34996
35002
35030
34995
35027
35033
35072
35018
44488
34996
35034
35078
35000
35001
35005
53173
35142
35021
35069
35016
35042
53157
53160
49610
56599
35111
35142
35021
35041
35127
53045
53179
35021
35149
53188
53207
53213
35127
35189
35021
35041
35126
35185
53049
53057
53178
53198
35024
35028
35050
35144
35164
35185
35491
35035
35144
35186
35033
35065
35061
35066
53181
35074
35034
35123
35044
35143
35328
35066
35164
35219
35127
35130
35135
35164
35126
35051
35139
35051
35059
35050
35057
35186
35063
35132
35053
35132
35054
35063
35129
35140
35144
35052
35141
35054
35328
35130
35139
35060
35328
48131
35059
35188
35186
35079
35143
35320
44558
35162
35417
61830
61854
35074
35323
35491
61851
35080
35143
35188
35126
44472
35323
35080
35188
35324
35324
35397
35397
35404
35323
35397
35080
35315
35301
44558
42796
42797
42823
43259
35198
42792
42786
42830
42817
43285
41207
42862
43304
35093
42827
53074
53091
53146
42827
43285
38305
41261
46002
35097
43272
43288
43327
42846
43248
43285
35178
35112
35158
35106
35117
35173
35106
35112
35211
41313
41637
41644
43285
35104
53063
35104
35119
35122
53094
38329
53088
35137
35147
35211
35113
35137
35170
35121
35149
35189
35189
35121
35122
43242
53051
53142
35122
53066
53080
53058
35137
35185
35149
35142
53058
35131
35239
35339
35162
35240
35345
35134
35134
35169
35187
35339
35139
35137
35148
53094
35328
35186
35148
35153
35154
35147
35243
35148
35153
35151
35235
35259
35280
35244
35292
35157
35187
35242
35517
61851
35169
35243
35166
35193
35177
35166
35210
35169
35283
43375
43404
43526
35178
53086
53087
35182
35191
35193
42856
42884
35208
53089
53093
53091
35655
41481
61821
43233
43243
43244
35194
35202
42886
42889
42920
42697
42703
42708
42710
35194
35218
42895
35199
42884
42896
43289
35199
35204
35218
35223
43303
43336
43397
42819
35208
42871
42751
42759
42760
43272
35227
35290
35204
35218
35205
35207
35223
35206
35206
35225
35222
35213
42863
35238
61830
61849
35222
35235
35233
35519
35233
35227
35519
35217
35230
35232
35281
35225
35259
35221
35280
42958
43433
35228
35280
35229
35230
35233
35281
35232
35246
35353
35240
35292
35234
35244
35249
35259
35283
35258
35330
35337
35284
35345
35386
61854
35386
35245
61847
47038
35245
35335
35330
35282
35354
35284
35337
35350
35335
35353
35255
35359
35363
35258
35260
35269
35253
35357
35360
35294
35354
35256
35352
35257
35261
35362
35352
35270
35286
35439
35360
35519
35341
42355
35279
42958
35285
35359
35359
35286
43331
43340
43416
35278
35293
43325
35359
35362
35292
35351
35294
35357
35293
42959
42957
42968
43530
43571
42952
42957
42965
42969
35293
35510
43555
35362
42946
43569
35306
35311
35299
35306
35342
35310
35315
35320
35303
35329
35319
35406
35307
35310
35311
35340
35311
35382
35400
35317
35400
35416
35325
35331
35343
35406
35378
35353
35381
35333
35342
35333
35386
35371
35376
35345
35351
35350
35381
35340
35342
35346
35366
35371
35375
35376
35382
35387
35381
35363
35356
35360
35370
35428
35375
35435
35441
35371
35432
35437
35434
35446
35456
35434
35427
35383
35382
35394
35412
35394
35403
35391
35392
35422
35390
35395
35392
35405
35396
35395
35416
35418
35405
35418
35409
35403
35411
35413
35408
35420
35494
35453
35497
35494
35497
35501
35413
35418
35429
35433
35453
35424
35433
35453
42291
61809
35420
35436
35447
35424
35488
35498
35433
35432
35456
35435
35435
35443
35432
35446
35494
35500
35454
35455
35459
35466
35444
35456
35448
35490
35449
35450
35492
35461
35452
35455
35463
35454
35465
35458
35475
35490
35498
35466
35489
35461
35462
35467
35477
35463
35472
35475
35508
35465
35466
35468
35469
35475
35469
35470
35474
35479
35506
35474
35479
35507
35492
35496
35480
35495
35483
35495
35486
35486
35487
35500
35494
35499
35490
47038
35499
35507
35501
35503
35508
43413
35512
35523
43531
43541
43637
44060
35530
43585
43637
43543
43550
43637
61809
61818
43640
44060
43622
43835
35523
35524
35523
35530
43534
35530
35530
43640
43384
43398
43404
43540
43544
43548
43562
43596
43550
43551
35540
35751
44432
44290
44305
44317
35539
35540
35745
36261
44359
35548
35593
35538
35546
35573
35543
35582
35573
35557
35738
44145
44220
44232
35551
36045
44409
35549
35554
48945
48962
48968
35546
35554
35551
35556
35555
39958
39962
35582
35675
65988
35562
35562
35569
35581
36070
39969
40358
44409
35573
35582
35743
44426
44017
42497
44401
35562
36045
44352
44212
44229
44230
44274
42533
42637
44358
44407
44204
44275
44282
36262
44265
36377
44398
44405
44369
44398
44032
44352
35747
44394
44414
44031
44046
36057
44396
44430
36045
44030
48131
35589
35593
44012
44028
44105
44107
44112
44024
44031
35705
43999
44023
36377
44402
44412
35737
35593
35595
35586
35609
35730
35586
35587
35589
35591
35595
35668
35675
35726
35908
35595
35591
35669
35705
38382
35610
44008
44000
44013
43845
43848
44070
35668
35730
35746
35711
35711
35602
35615
35657
35704
35614
35710
35604
35701
35689
35703
44010
44020
44021
43976
43985
43993
35608
35612
43963
43984
35611
35616
35669
43988
44012
35612
35614
35693
43974
43961
43965
43990
35692
35703
35709
35732
43957
43958
43968
43859
43967
43971
35623
35631
35635
35622
35653
35623
35629
35670
43996
35635
35691
35627
35664
35691
44003
44036
35653
43949
43956
43948
43960
44036
35635
43948
43934
44194
44197
44200
35690
44281
44285
44286
44291
36085
44310
44313
35652
35727
35642
35661
44314
35642
35679
61821
61846
61849
35676
35644
35646
35645
35656
44319
35648
35863
35970
39962
35665
35846
35727
48978
57399
44313
44317
44328
44427
36085
36452
44287
35659
35676
66019
35665
35690
35692
44184
44195
44273
35664
35666
35899
35970
44322
35846
40745
65997
35673
35808
35750
35674
35783
35677
35687
35908
35709
44015
44022
35673
35685
35806
35673
35683
35808
35684
36038
35737
35706
36038
35707
35811
35900
44305
44427
35681
35683
35702
35684
35700
35685
35700
35729
35794
35807
35685
35688
35687
35688
35689
35703
35729
35694
35716
35692
44035
35732
35744
35785
35697
35700
35802
35716
35744
35794
35698
35708
35729
35724
35736
35786
35714
35708
35714
35715
35904
35709
35710
35750
35806
35826
35716
35711
35744
35803
35804
35723
35746
35908
35802
35805
36516
35729
35718
35735
35786
35804
35721
35739
35812
35722
35753
36063
35723
35746
35726
35784
35735
35972
35730
35746
35803
44323
44324
35734
35751
35753
36063
35736
35786
43979
44022
35784
35739
35782
36516
35738
35972
53232
53233
53310
47359
47382
48025
48927
48948
35748
44418
44423
35830
44422
44432
36303
44419
44422
35781
35809
35780
35812
35823
36428
39943
48946
48952
48962
44426
36070
36207
35781
44423
35757
35758
35760
35761
35769
35759
35770
36041
35760
35987
35776
35965
35971
36041
35763
35769
35776
35765
35767
35776
35965
35992
35766
35768
35788
35774
35768
35952
35903
35814
35971
35777
35987
35772
35775
35810
35814
36037
35781
35791
36058
35787
35789
35779
35791
36030
35781
35791
35790
35972
36078
35826
36038
35803
35790
35813
35789
35903
35792
36386
35822
36041
35795
35813
35805
35822
35797
35941
35842
40872
66462
35798
35960
35967
35799
35909
35944
35822
35825
35801
35802
35904
36053
35811
35826
35812
36428
35822
35816
35817
35819
35901
35981
35818
35829
35886
35819
36472
35820
35878
35900
35944
35971
36037
35901
35981
36053
35918
44322
35834
35835
36433
35831
36472
36307
44419
35832
35885
35833
35893
35931
35910
35899
36096
36431
35863
35970
35883
35838
35848
35860
35870
35936
36446
35841
35847
35853
35849
35850
36113
35883
35897
35936
35857
35896
36208
35856
35857
35874
44315
35864
35866
36501
35867
36195
35865
35867
35865
35977
36501
35852
35861
35983
36036
35855
35866
36171
35893
36437
36467
35860
36167
35858
36208
36442
35875
36446
35859
35977
35969
35990
36442
35871
36171
35982
36168
36185
35964
36442
35878
36177
36185
36208
36181
36434
35869
36387
35870
36383
35871
36234
36194
35873
36483
36195
35880
35880
35877
35936
36456
35912
35883
36389
36451
35891
35910
36040
36456
35885
35898
36178
35885
35887
35931
35886
36463
35898
35922
35889
35891
36473
35933
35891
35910
36524
36487
35895
36435
35895
35923
35897
36434
36446
35920
35901
35959
36451
35906
35950
38742
41239
36386
35913
35915
36500
35918
35945
35931
35913
35918
36433
36472
35945
35915
35917
35945
35916
35929
35954
35955
35935
35930
35939
35929
36500
35923
35924
35955
36040
35943
35926
35935
35942
35927
35930
35937
35939
35946
35966
35943
35946
35947
35954
36040
35939
35960
35938
35948
35958
35948
35964
36008
35960
36386
35967
35967
35960
35955
35956
35966
35953
35957
35974
35952
35963
35952
35992
35953
36008
35959
35959
35958
35963
35966
35974
35962
35974
35985
36027
35977
36168
36185
36501
36036
36168
44320
36078
35976
35993
35976
35994
35992
35987
36166
35980
35991
35983
36009
35988
35983
36011
41087
65999
35993
36035
36036
36055
36007
36031
36027
36036
36010
36031
35999
36166
35998
36051
36013
36028
36051
36182
36001
36025
36006
36134
36010
36014
36006
36094
36002
36028
36108
36134
36015
36018
36034
36018
36021
36028
36065
36034
36375
36176
36051
36182
36027
36010
36011
36013
36182
36020
36031
36035
36065
36050
36166
36016
36017
36110
36019
36112
36023
36101
36176
36176
36034
36132
36180
36191
36034
36191
36024
36026
36050
36092
36104
36025
36059
36108
36050
36033
36134
36030
36050
36055
36033
36183
39943
48962
36048
44414
44430
44431
39985
48966
36044
36048
36069
36071
36207
36069
36071
44403
36071
44420
36052
36183
36104
36160
36232
36230
36261
44422
36166
36105
36129
36230
36169
44431
36183
36067
36077
36083
36105
36215
36062
36064
44382
36098
44383
44387
36098
36100
36191
36076
36100
36215
36108
36160
36160
36129
36230
36393
44415
42024
42026
42114
36076
36080
36088
36133
41958
41985
42026
36120
36232
36098
44389
42035
44371
36100
42496
44375
44377
44383
44388
39947
49284
57368
36129
44390
42021
42022
42029
42030
44309
44325
42103
42133
42167
36090
51863
36119
42027
36118
42012
37694
52570
36093
36115
42012
42023
36111
36123
41981
42018
36101
36118
36106
36115
36123
42018
36433
36467
36165
42038
42234
41942
41994
41995
36111
36114
41994
42100
42135
36180
36120
36119
36122
36109
36112
36222
36131
36112
36114
36115
36118
36223
39281
41054
42103
42139
42144
41929
41943
41966
36120
36123
36126
36140
36159
42019
42027
42010
42043
42051
42101
36126
36138
42032
36148
42021
42030
42036
42037
36288
36289
41892
41947
36132
36139
36154
36170
41991
42025
36375
41996
42032
36176
36136
36142
36152
36174
36231
36159
36170
36901
36148
36153
36158
36170
36223
41999
36142
36143
36146
36231
36242
36151
36156
36145
36156
36188
36146
36228
36236
36242
36149
36242
36153
36158
36238
36151
36156
36193
36152
36184
42092
36157
36375
36157
36174
36256
36233
36231
36222
42057
42059
42079
42247
42060
42091
42108
42472
42541
44401
42090
42498
36210
36310
44386
44390
44403
36901
36189
36210
36256
36175
36177
36192
36901
36190
36224
36379
36181
36463
36500
36218
36312
40491
36192
36224
36379
36187
36188
36198
36189
36205
36256
36374
36194
36206
36210
36310
36210
36209
36376
36383
36240
36306
36244
36319
36374
36306
36315
36306
36315
36318
36205
36243
36319
36209
36241
36311
44329
36209
36383
36526
36206
36376
36234
36351
36221
36226
36213
36226
36216
36220
36265
36228
36248
36374
36248
36384
36225
40829
36244
36248
36380
36245
36384
36225
41884
41900
36223
36310
36258
36265
41885
36236
36236
36268
36241
36257
36375
36383
41996
41999
42015
44201
44286
44296
41962
36240
36260
36358
36323
36385
36318
36388
36318
36388
36378
36250
36259
36269
41907
41918
41960
36268
36291
66505
36392
41887
41906
42532
41897
42532
44293
44301
36255
36269
36320
36279
36805
36315
41962
41974
36260
36384
36323
36380
36303
44428
44249
44411
36264
36287
36320
36354
36805
41989
42096
42105
36279
36282
36276
36358
36276
36279
41868
41877
41880
36273
36905
36704
36713
44303
36286
36290
36827
36309
41876
41880
41881
41583
41877
36290
36281
36819
41577
36286
36827
36286
36354
36827
36833
36820
36827
36833
41859
36317
41906
42485
41948
36805
36394
40324
41032
36295
36299
36846
36294
36301
36299
36296
36353
36298
36357
36304
36314
36315
36300
36321
36326
36831
36326
36395
36712
44337
44413
36835
36850
42499
42552
36385
44418
44426
41872
42477
42487
41875
41879
36379
36351
36506
40879
40965
36314
36399
36352
36574
36850
36320
36385
36378
36358
36325
36353
36835
36378
36392
41875
36583
36356
36574
36583
36329
36332
36330
36333
36343
36589
36343
36397
36565
36333
36344
36575
36334
36582
36689
36341
36577
36582
36339
36345
36349
36339
36577
36703
36698
40965
36340
36570
36397
36585
36370
36576
36588
36345
36399
36689
36690
36582
36703
36362
36507
36570
36349
36366
36485
41205
66499
36362
36360
36361
36485
36521
36356
36835
36846
36846
36820
36844
36712
44332
36831
36368
36521
36371
36366
36529
36399
36365
36366
36484
36367
36372
36371
36481
36485
36369
36387
36371
36483
36850
36390
36429
36481
39944
39962
40358
36388
44408
36384
36794
44223
44280
44292
36418
44326
44348
36526
36391
36478
36391
36484
36429
36496
44402
44417
40369
36573
36579
36407
36415
36419
36577
36408
36419
36413
36519
36585
36422
36448
36499
36425
36513
36405
36527
36420
36425
36696
36697
36418
36462
36409
36416
36566
36410
36696
36706
36412
36706
36510
36427
36525
36896
44343
44346
44348
36443
36706
36706
44331
44346
36453
36457
36422
36465
36716
36426
36424
36426
36465
36441
36499
36438
36585
36597
44254
44278
44280
36491
36463
36500
36435
36472
36437
36461
36469
36439
36445
36467
36491
36716
44324
44331
36457
36527
36469
36489
36457
36450
36453
36454
36480
36462
36450
36453
36532
36482
44318
44325
36455
36532
36470
36488
36504
36480
36469
36461
36469
36465
44321
36524
36499
36474
36470
36488
36495
36503
36479
36489
36489
36473
36475
36487
36482
36477
36479
36477
36520
36486
36496
36504
36486
36503
36504
36508
36492
36508
36494
36494
36523
36505
36503
36505
36518
36532
44247
44333
44345
36520
36522
59914
66504
36519
36529
36520
36517
36525
36561
36511
36553
36512
36538
36514
36555
36514
36515
36517
36518
36522
36522
36637
36526
36523
36528
36533
36535
36563
36567
36554
36564
36559
36643
36564
36605
36560
36605
36674
36551
36602
36549
36553
36540
36541
36545
36543
36550
36549
36695
37203
36543
36607
36648
36546
36638
36545
36598
36672
36688
36695
36551
36557
36607
36668
36673
36700
37166
37159
40303
36558
36638
36675
36688
36560
37203
36553
36598
36695
36558
36643
36557
36601
37280
36560
36649
36559
36564
36563
36647
37203
36578
36597
36690
36696
36717
36568
36584
36595
36572
36589
36595
36585
36691
36581
36603
36591
36691
36576
36579
36612
36582
36689
36584
37281
36583
44336
44344
36593
36596
36613
36608
36609
36698
41205
55236
36703
36728
36691
36728
36867
36615
36629
36608
36611
36692
36615
37281
36686
36600
37209
36622
36631
36606
36667
36674
36607
36636
36613
36692
36733
36698
40324
41205
37203
37293
36671
36733
36657
36629
36645
37209
36628
37280
36645
36691
36855
36667
37280
36620
36630
36652
36619
36645
36620
36863
36621
36950
36859
37239
36652
37229
36626
36652
36679
36646
36660
36631
37218
37212
37224
36645
37209
36641
37170
37201
36634
36635
36650
36670
36640
36641
37178
37201
36639
36644
36650
36657
36642
36661
36661
36650
36656
37329
37281
36656
36693
37280
36679
37169
37239
37135
37225
37329
36662
36665
37225
37178
37212
36670
36693
36659
37163
37175
36662
36666
37239
37200
37180
37277
36664
36666
37190
36738
37175
36669
37180
36675
36680
37201
37212
36674
36692
37293
36686
36700
37166
36677
37329
36737
37136
37211
36699
36682
36738
37080
37208
37218
37165
37170
36730
37137
36759
36729
36731
36701
36735
36686
36687
36694
36732
36734
37166
37212
36727
66457
36735
36739
37137
36734
36702
36724
36726
36707
44340
36714
36725
36798
44341
44339
36710
36715
44338
36714
36896
36711
36723
36720
36764
44348
44244
44248
44311
44342
36725
44340
44335
44346
36719
36755
36763
36753
36765
36721
36726
36722
36763
36723
36753
36762
36754
36764
36764
37075
37135
37211
36741
36799
36737
37075
37163
37175
37137
37168
37182
36754
36743
36756
36757
36743
36745
36757
37061
36744
36751
36897
36749
36758
36751
36755
36756
36748
36897
37061
36752
36949
37061
36751
36777
36897
37076
36767
36762
37076
36759
37167
36765
36909
37076
36949
37064
36798
36766
36780
36909
36770
36769
36771
36807
43053
36771
36779
36774
36783
43075
43174
43104
43108
43104
43109
36795
36796
43051
36781
43052
36909
37064
43074
43086
43088
37055
43103
36806
36782
43051
36898
43106
43109
43173
44272
42554
42589
42635
43033
43034
44283
36792
36789
36801
36875
36790
36851
36791
36893
36806
43021
43041
43048
36801
36893
44258
43044
43047
43063
36898
43044
44283
36899
41487
41496
41861
36896
44120
44125
44353
44260
43942
44169
42510
42513
42531
42536
36898
43050
43064
44283
36820
36893
37058
42976
42984
43092
36843
37060
36813
36849
36833
36844
44043
44045
36815
41486
41503
41861
36816
36899
36817
37060
36843
36884
36843
36876
36903
41579
36834
36849
36876
36823
36905
36849
36852
41858
41878
41841
41883
41911
41841
42417
41554
41562
41563
41566
36876
44219
44230
44274
36846
36889
36841
36852
36880
36837
36840
36841
36838
36872
36880
36840
36878
36845
36847
36848
36854
36862
39997
40007
40303
67039
36856
36862
36867
44245
36854
37224
36859
36864
36962
36864
36877
36947
36860
37222
36868
36950
36870
37216
36866
36868
36958
36870
36976
37220
36950
36952
36873
36872
36873
36878
36888
36900
36874
37220
44246
36943
36961
66457
66462
36882
36887
36883
36884
36902
36892
36906
36944
36910
66470
66498
36891
36902
36926
41579
41581
36911
36920
36934
36903
36926
43056
43070
44354
36905
36949
36903
36926
36926
36911
36928
36935
36911
36912
41465
41570
41675
41878
42620
37177
53003
53191
41491
36920
41467
41570
41488
41509
42645
36916
36918
41386
41387
41400
41450
41461
41471
43157
36919
36923
41520
36924
36946
36923
36924
36995
36945
37067
36925
36940
36942
37067
36946
36963
36939
36946
41462
41470
41474
41449
41518
41528
41558
37072
41467
41468
41441
41443
41532
41449
41501
42978
36939
36945
36937
36943
36947
36944
36948
37011
36963
37067
36945
37067
36994
36948
36948
37068
36964
37217
41468
41520
36976
36954
37358
36955
36966
36965
36960
36964
37219
38134
36964
38134
36976
37217
37234
36986
37068
36969
36991
36978
37887
36990
37358
36972
36973
36986
37160
36975
36975
37219
37244
36982
36991
37017
37112
38131
36982
36987
36996
37219
37244
36983
37885
38171
36984
37031
36991
36991
38138
37885
38140
36994
37092
37017
37358
38151
36992
37160
37895
37887
36998
38133
36995
37003
38148
37002
37053
37003
38140
37012
37013
38181
38174
38176
37009
41387
38133
37007
37010
37013
37009
38181
39137
39954
37053
41387
41473
37220
37015
38143
37014
37015
41395
41473
41404
43190
43365
37043
37074
37853
37033
43127
37028
37033
43122
43126
37853
37856
37042
43118
43147
43156
37027
37111
37859
37027
37029
37035
37042
37869
37030
37869
37032
37869
37851
37864
38147
38140
38151
37033
37035
37859
37040
37040
37041
37848
37066
43096
43100
43131
37039
43122
43118
43120
37042
37843
43118
43120
37091
38363
41420
43135
43110
43113
43117
43163
43083
43128
43130
43134
43082
43097
37051
37091
37857
37052
37091
37855
37051
37052
37104
37084
38146
37056
37090
37055
37056
37059
37062
37855
43075
43077
43158
43174
43073
43103
43104
41486
37065
37104
37134
37215
37221
37087
37215
37857
37136
37078
37081
37139
37083
37085
37080
37139
37138
37182
37093
37198
37094
37097
37161
37096
37147
37104
37139
37141
37087
37089
37095
37105
37372
37097
37105
37889
38140
38151
37142
37147
37861
37113
37147
37861
37372
37886
37894
37161
37098
37113
37099
37889
37101
37119
37150
37339
37102
37109
37860
37231
37372
37889
37107
37144
37354
37150
37109
37122
37123
37119
37146
37883
37892
37362
37896
37114
37117
37119
37117
37129
37143
37117
37119
37120
37266
37124
37275
37326
37123
37133
37125
37129
37140
37131
37340
37356
37128
37131
37127
37320
37330
37149
37156
37129
37143
37275
37185
37342
37148
37145
37185
37377
37132
37260
37289
37143
37342
37221
37918
37139
37142
37148
37241
37167
37198
37326
37146
37339
37898
37289
37231
37266
37157
37158
37241
37888
37260
37325
37356
37154
37158
37190
37162
37164
37155
37230
37182
37190
37275
37318
37164
37318
37164
37375
40049
66484
37165
37176
37211
37176
37183
37175
37174
37205
37171
37173
37181
37188
37264
37318
37183
37264
37178
37195
37183
37264
39954
40372
37181
37191
37207
37262
37184
37199
37286
37289
37205
37191
37191
37262
37194
37207
37284
37193
37213
37194
37295
37205
37284
37197
37199
37286
37206
37230
37200
37205
37208
37206
37210
37287
37286
37267
37295
37240
37227
37220
37229
37227
37277
37235
37235
37241
37339
37860
37237
37247
37364
37237
37242
37238
37238
37243
37244
37247
37254
37364
37248
37887
37251
37253
37382
37254
37252
37251
37382
38142
37261
37369
37263
37357
37259
37382
37382
37259
37376
37292
37301
37371
37385
37321
37460
37299
37357
37264
37265
37282
37371
37861
37271
37336
37272
37282
37270
37377
37503
37283
37319
37283
37294
37503
37279
37309
37274
37278
37417
37460
37890
37328
37278
37319
37377
37327
37304
37327
37352
37352
37285
37290
37286
37291
37294
37294
37291
37296
37319
37460
37385
37336
37336
37308
37309
37302
37303
37308
37300
37366
37366
37369
37387
37304
37352
37559
37316
37317
37317
37324
37327
37504
37323
37379
37479
37307
37315
37494
37379
37472
37486
37319
37327
37311
37324
37510
37739
37322
37331
37373
37386
37510
37902
37395
37412
37494
37388
37504
37328
37503
37325
37890
37325
37501
37417
37461
37342
37342
37417
37890
37333
37341
37343
37345
37355
37457
37335
37457
37482
37385
37346
37349
37345
37349
37860
37898
37416
37455
37457
37410
37438
37438
37439
37445
37367
39150
40188
37891
37373
37410
37891
37379
37472
37504
37461
37355
37879
37898
37882
37362
37361
37365
37402
37476
38142
38131
37365
37369
37376
37380
38142
67039
37373
37410
37510
37387
37388
37413
37410
37459
40372
66500
37388
37494
37498
37397
37386
37473
37479
37476
37709
37502
37519
37490
37739
37390
37425
37392
37403
37484
37392
37393
37396
37512
37394
37411
37491
37397
37403
37408
37498
37400
37411
37426
37402
37491
37408
37411
37498
37401
37512
38118
37450
37493
37904
37917
38135
37709
37709
37409
37412
37415
37897
37406
37423
37493
37928
37422
37424
37423
37450
37471
37493
37928
37470
37479
37474
37510
37491
37498
37418
37474
37443
37482
37420
37469
37424
37464
37615
37421
37556
38115
37422
37464
37474
37424
37508
37709
37450
38135
37496
37542
37615
37558
37710
38093
37431
37710
37431
37558
37617
37569
37435
37462
37478
37434
37435
37439
37926
37509
37673
37492
37682
38093
37449
37478
37481
37459
37459
37443
37444
39558
37457
37881
37443
37445
37482
37475
37481
37926
37926
37447
37916
39558
37448
37676
37762
37449
37454
37451
37471
37917
37453
37723
37454
37685
37671
37695
37456
37458
37900
37903
37475
37501
37463
37465
37674
37675
37695
37496
37556
37466
37509
37511
37620
37468
37547
37488
37511
37470
38115
37473
37682
37559
37499
37502
37928
39558
38131
37478
37481
37673
37695
37897
37485
38141
37762
37902
38141
37512
38121
37538
37547
37494
37897
37489
37499
37502
37521
37538
37616
37522
37902
37904
37917
37500
37550
38115
37497
37562
37570
37505
37522
37891
37506
37521
37538
37522
37528
37536
37615
37616
37693
38135
37514
37518
38120
37520
37699
37528
37616
37662
37517
37518
37532
37530
37633
37520
37533
37529
37640
37528
37550
37525
37665
37526
37540
38126
37526
37631
37683
37630
37530
37539
37541
37539
37530
37539
37662
38043
37548
37620
37674
37533
37534
37586
37566
39587
38102
39535
37550
37556
37562
37539
37699
37568
38008
38031
37640
37662
37550
37562
37543
37565
37557
37570
37546
37568
38031
37576
37586
38102
37549
37557
37708
38141
37630
37696
37560
37572
37554
37567
37588
37555
38000
37554
37555
37988
37759
37997
37571
38098
37569
37588
37710
38006
37614
37572
37729
38031
37636
37664
37987
37615
37617
37631
37652
37683
37622
37759
38123
38013
39535
37905
37571
37614
38013
38123
37574
37618
37575
37576
37585
37623
37618
39603
37585
37598
37584
37681
37990
37591
37664
37981
39605
52832
37584
37593
37981
37684
37714
39603
37591
39568
37609
37623
37649
37636
37759
38005
37905
38123
37590
39603
37605
37681
37714
37593
37595
39607
37983
39568
37681
39568
39593
37977
39593
37688
37599
37600
37603
39526
37604
37688
39559
37601
37602
39525
37603
39567
37603
39559
39561
37605
37688
37979
37607
39530
37611
37629
37609
37611
39526
37610
37623
37635
37649
37700
37632
37635
37649
39587
37635
37689
39532
38043
38098
37619
38117
37693
37632
38120
39587
37729
38005
37631
39532
37626
37627
37707
37628
37648
37689
37733
37700
37692
38013
38043
39535
37637
37647
37734
37700
37988
39605
37700
37639
37642
37644
37656
37683
37642
37644
37669
37643
37738
37697
37645
37656
37648
37659
39538
37707
37651
37657
37665
37686
37744
39532
39587
37656
37749
37655
37686
37660
37989
37661
37692
37975
37985
37986
37691
37678
37744
37923
37747
38030
38126
37668
37691
37993
37692
37697
37698
39546
39553
37686
37707
39536
37702
37702
37908
39544
37672
37685
37675
38030
37926
37675
37687
37678
37680
37703
37747
37680
37685
37711
37704
37705
37979
38098
38005
37705
37696
38030
37714
38005
39605
37697
39546
37696
38126
37980
41364
37746
39544
37703
37923
38029
37738
39548
37704
37720
37906
39534
37905
39531
37723
37728
37713
37716
37722
37906
37715
37726
37990
37719
37720
37726
37719
37721
37949
37731
37907
38029
37725
37814
38029
37772
37778
37814
37728
37730
37737
37909
37752
37801
37731
37773
37755
37767
37778
37737
37906
38099
37740
37767
39563
39582
39585
37734
37749
37736
39536
37756
37907
37752
39553
37752
38012
37757
37758
39810
37743
37750
37756
39794
37747
37748
37756
37907
39794
39534
37755
37767
37751
37765
37787
37756
39610
37754
37937
39722
37761
37797
37774
39610
37908
39718
39545
39550
39710
37776
37808
37937
37793
38025
39743
39558
37764
39725
39735
37797
39550
37937
37940
39722
37773
37769
37813
37967
37770
37772
37778
37774
37813
37777
37780
37781
37940
37814
37808
37787
37808
37937
37813
38088
37785
38088
37786
37790
37792
37782
37792
37783
37798
37784
37785
37788
37790
37790
37789
37810
37967
37797
37790
38056
37792
37974
39735
37795
37796
37974
39731
39733
39743
39733
39725
37801
37815
37829
37949
37811
37803
37806
37807
38051
37812
37829
37868
38293
37807
37929
39610
37811
37919
38035
38049
38051
37829
38051
38056
37929
37817
37915
37826
37827
37868
38293
37920
38035
38191
37821
37822
37831
37910
37922
38033
37911
38069
37832
37920
37877
37912
37876
37911
38145
38191
37830
37911
38069
37832
37872
37910
37833
38080
37834
37874
37837
37846
37873
37848
37862
38080
38212
37858
37862
38212
37873
37844
37848
37846
37846
37865
37873
38092
37848
37850
37862
37853
37856
43145
37863
43120
37886
37857
38147
43111
43112
43119
43127
43220
38146
37863
37883
37884
37893
43115
37869
37867
37899
37867
37914
38103
37870
37875
38035
38191
37914
38092
37880
37913
37914
37912
38168
38212
37899
37927
37924
37927
38172
37879
37880
37882
37925
37882
37913
37925
38130
38138
37895
37892
38212
37896
38172
37903
37927
38103
38172
38116
39554
37924
37925
37921
38122
37922
38033
38069
38293
37951
37952
37973
37932
37935
39624
37952
37969
37934
38641
39621
37963
39609
39658
37964
38652
39609
37962
37970
39609
39701
38025
39722
39725
37941
38555
38088
37943
37957
37943
37944
37961
38027
39608
37965
39628
38624
38666
37958
38107
38624
37966
37980
39602
37951
37953
39622
37951
37968
37954
37955
38652
37968
37996
38007
37955
37985
37969
37998
37999
37959
39619
38089
38562
38084
37961
38100
38683
38656
37973
38652
37964
39621
37991
38629
38654
38375
52570
38049
37975
37982
39619
39658
37991
37994
39684
37994
39615
39723
39744
39645
37977
39581
39591
39565
39606
39594
39618
39684
39580
39281
37986
39645
39607
37985
37993
38004
39622
37993
38004
38016
38016
39603
39624
37995
39607
39645
39647
39618
38001
38003
38016
38084
39723
38105
38009
38010
39811
38634
42237
38004
38028
39622
38009
38018
39811
38102
38017
38090
38028
38018
38097
39531
38017
38034
38041
39536
38028
38018
38101
38021
38022
38544
38021
38032
38059
38060
38023
38036
38052
38059
38073
38032
38055
38094
39735
38105
38109
38100
39534
38099
38104
38559
38042
38095
38096
38062
38073
38039
38052
38072
38039
38050
38057
38045
38564
38047
38544
38563
38042
38087
38111
38083
38478
41054
41130
38057
38047
38054
38109
38562
38060
38085
38107
38557
38544
38563
38544
38054
38085
38563
38089
38105
38278
38545
38282
38542
38564
38083
38104
38109
38559
38085
38545
38563
38072
38274
38072
38079
38274
38065
38068
38081
38087
38111
38073
38276
38560
38068
38108
38156
38070
38081
38074
38156
38075
38213
38560
38564
38082
38075
38119
38213
38077
38077
38163
38273
38280
38175
38079
38273
38280
38542
38112
38083
38276
38119
38156
38189
38101
38107
38189
38277
39531
38095
38096
39811
38104
38101
38106
38112
38641
39658
38559
38113
38556
38113
38114
38125
38180
38276
38113
38116
38118
38121
38124
38292
38125
38168
38149
38160
38175
38129
38139
38150
38130
38137
38171
38148
38273
38275
38139
38167
38157
38185
38144
38536
38177
38195
38156
38189
38159
43081
43083
43128
38184
38186
38197
38155
38165
38203
38158
38277
38160
38161
38538
38160
38164
38173
38162
38164
38165
38215
38175
38538
38183
38200
38182
38186
38203
38179
38171
38179
38185
38215
38292
38177
38200
38201
38178
38183
38219
38189
38277
38275
38203
38203
38219
38277
38198
38202
38188
38198
38190
38220
38279
38285
38199
38216
38536
38194
38196
38289
38221
38216
38219
38199
38216
38198
38221
38214
41405
38215
38275
38205
38245
38207
38228
38288
38209
38228
38236
38218
38214
38289
38228
38237
38218
38366
41412
38223
38283
38229
41422
43135
38227
38366
41455
43094
43098
41413
41424
41453
41495
38236
38342
38344
41410
41416
38343
38363
41307
41317
41425
38343
38356
38234
38236
38342
38235
38243
38244
38256
38290
38344
38353
38372
38239
38240
38247
38572
38372
38581
38259
38247
38264
38287
38244
38259
38590
38372
38581
38357
38371
38374
38535
38591
38249
38371
38252
43137
43142
43175
38357
38253
38260
38352
38254
38266
38269
38572
38258
38357
38371
38377
38268
38413
38468
38579
38590
38353
38547
38263
38467
38575
38266
38413
38267
38537
38265
38535
38267
38352
38468
38272
38568
38571
38287
38567
38271
38286
38298
38291
38535
38537
38613
38560
38294
38561
38286
38594
38635
38297
38546
38635
41393
41399
41424
38297
38635
38296
38561
38572
38546
38581
38345
38546
38635
38295
38540
38545
38296
38541
38298
38594
38613
41613
42824
42929
41316
41317
41318
41345
41165
41261
41274
46002
38322
41160
38316
41251
41354
38316
38322
41253
38325
38310
45997
38393
38410
45880
45878
45904
45991
38310
38416
38418
38311
38318
38393
45882
45904
38333
38358
38418
45889
45996
45997
38317
38327
41285
41259
41263
38332
38319
38324
38320
38401
38321
38324
38336
41228
41250
53146
38327
42839
53098
45951
45962
42839
48656
41290
41637
41644
41296
41615
42822
41277
41289
38401
38403
38335
38354
38390
38392
38391
38374
38390
38339
38362
38411
41278
41289
41291
41418
41420
38347
41417
38365
38377
38361
38376
41301
38351
38359
38365
38351
38362
38376
38376
38391
38357
38359
38390
38377
38395
38378
38392
41301
38391
41417
41399
41424
41442
41448
38368
38370
38457
38380
38379
38456
38413
38466
38579
38402
38374
39602
66482
38390
38380
38459
38453
38384
38394
38458
38419
38385
38399
38385
38399
38456
38459
38388
38399
38458
38459
38403
38405
38456
45890
38396
38397
38398
38403
38405
38398
38408
38417
38449
45857
45878
45906
45887
45896
45897
45899
38410
38448
38414
38417
38448
45877
45888
45919
38526
41382
45990
45879
45997
65988
38424
38426
45876
38531
45841
45853
45855
45873
45918
45921
45888
45900
38523
38589
38433
38437
38519
38589
45771
38433
45855
45916
45855
45856
45902
38436
38436
38437
38784
38451
38454
45897
45963
45965
45763
45871
38447
38479
38514
38476
38521
38445
38446
38460
38452
38484
38522
38578
38455
38477
45991
38451
38455
38476
38477
38616
38521
38601
38457
38497
38460
38466
38602
38462
38577
38603
38486
38588
38477
38521
38601
38571
38577
38579
38470
38567
38568
38567
38577
38651
38609
38489
38608
38786
38479
38481
38485
38485
38500
38605
39547
38500
38481
38510
38514
38483
38588
38503
38485
38602
38755
38795
38651
38520
38604
38489
38701
38638
38794
38491
38786
38796
38503
38608
38605
38608
38701
38494
38496
38503
38783
38496
38505
38498
38498
38504
38783
38503
38780
38783
38507
38511
38505
38848
38507
38783
38524
38525
38753
38767
38767
38513
38516
38528
38513
38518
38588
38755
38517
38525
38515
38516
38601
38517
38768
38833
38518
38519
38833
38527
38522
45868
38848
38589
38530
45486
45790
38534
38797
45766
38534
38797
45796
45798
45848
45497
41406
38565
39640
38543
38557
38541
38543
38708
38548
38591
38572
38550
38708
39640
38558
38551
38582
38631
38569
39713
38606
38631
39547
39602
39616
38666
39608
39629
38569
38626
38594
38566
38582
38575
38575
38571
38573
38585
38584
38576
38584
38626
38631
38584
38583
38587
38585
38582
38583
38631
38591
39640
38606
38603
38587
38639
38592
38603
45767
38595
38606
38599
38632
38636
38639
38597
38620
38632
38598
38617
38636
38607
38715
38610
38633
38610
38611
38625
38632
38755
38615
38651
38609
38612
38638
38687
39713
38620
38751
38687
38689
39646
38708
38715
38639
38680
38689
38619
38688
38653
38680
38625
38630
39713
38688
38792
38638
38715
39629
38649
38670
39630
38653
38668
38630
38666
39608
38654
39547
39602
38715
38649
38656
57726
38659
38644
38645
39638
39872
67048
38655
38669
38684
38669
38675
38789
38746
38747
39642
38746
38750
39650
38669
38678
39630
38683
38678
38717
38747
38655
38684
39641
38657
39628
38709
38664
38665
38671
38789
38683
39643
38661
38663
38662
38733
38734
38663
38664
38665
38739
38667
39650
39628
38678
38675
39650
38673
38716
38710
38733
38678
38679
38709
39872
53227
38681
38792
38688
38685
39632
38685
39646
38686
38694
39632
38792
38693
38695
38705
38692
39639
38697
38697
38790
38700
38704
38790
38700
38807
38703
38793
38704
38710
38712
38716
38807
38824
38730
38807
38794
39639
38744
38713
38716
38790
38721
38793
38793
38746
39650
38728
38732
38732
38791
38793
38727
38815
38733
38734
38791
38723
38814
38815
38727
38798
38726
39005
38726
39002
39005
38727
38731
39001
39002
38802
38748
39000
39636
38748
38805
38995
39023
38738
38741
39756
38745
38987
39142
38987
39673
38741
38750
38800
38805
38995
38997
38743
66462
39632
38999
39023
39637
39678
38801
39670
38987
39161
39673
38756
45775
45795
38771
45398
45489
45498
45485
45488
38770
38771
38764
45576
45793
45487
45489
45487
45488
45574
45777
45803
45539
38857
45387
45402
45406
45404
38848
38797
38954
45400
38772
38845
38772
38774
38775
38823
38834
38845
38829
38778
38782
38848
38785
38785
38845
45399
38796
45776
45800
38785
38788
38937
38801
39646
38799
38820
38814
39008
38801
39636
38805
38804
38815
67046
38808
38814
38808
38822
38809
38813
38811
38812
38836
38838
38812
38816
38900
38818
38814
39008
38841
38900
39008
38821
38837
38819
38955
38837
38839
38881
38839
38824
38834
38840
38862
38955
38852
38973
38851
45392
38851
38862
38835
38840
38862
38955
38849
38850
38836
38955
38838
38868
38937
38841
39008
45389
45409
45420
45455
45403
45411
38849
45401
38853
45402
38853
38855
38858
45406
38855
38856
38856
38858
45376
45377
45388
45481
38859
38860
38869
38869
38934
45416
38864
38876
38971
38869
45375
45396
45276
45285
45292
38970
39037
38910
38970
38875
45356
45376
45377
38880
38971
38892
38916
38874
38956
39044
38898
38911
38971
39037
38877
38936
39046
38956
38884
38889
38893
38889
38895
38916
39039
38916
38935
38893
38883
38886
39004
38891
38899
38886
38893
39137
40188
38895
38899
38938
39039
38899
38915
38938
38902
38891
39004
38915
39010
38902
38897
38909
38938
38899
38897
38911
39031
38932
39032
38935
38941
39004
39005
39028
38904
38926
38906
38921
38925
38963
38963
38909
38915
39017
39034
67002
67028
38914
38973
38917
38941
38918
39029
39061
38924
38932
39031
39059
38918
39029
38961
38965
38932
39059
38920
38922
39009
39061
39009
39038
38931
39011
38961
39041
38928
38959
38928
38953
38942
38951
38952
38958
38939
38961
39011
39038
38956
38964
39044
38973
39037
39039
38956
39032
38942
38960
38965
38951
39032
38946
38959
38945
38949
38945
38947
45254
38948
38951
38952
39047
38948
38950
45263
38953
39018
39012
45271
38953
39018
38972
38978
45374
39045
39011
39044
39047
39031
38978
39012
39046
38968
39044
41130
38976
45266
45369
39018
39047
45259
45261
45359
38973
39046
45286
45290
45298
45278
45292
45315
45372
45258
45260
45362
45280
45315
45270
38981
39671
38981
39022
39084
39086
38984
38985
38994
38994
38998
38999
39084
39109
38990
39076
38994
38999
38989
38990
39024
38994
39154
39024
39076
39024
39085
39127
39153
39149
39161
39162
39756
39024
39152
39756
39142
39154
39671
39072
39003
39006
39019
39003
39007
39028
39022
39033
39059
39025
39034
39015
39017
39034
39016
39025
39033
39016
39029
39022
39086
39058
39080
39083
39109
39076
39109
39209
39671
39027
39083
39058
39074
39075
39035
39071
39048
39050
39069
66470
67029
45272
45274
45372
39049
39051
39078
39150
39669
39050
39060
39051
39055
39053
39057
39055
39056
39074
39075
39057
39060
39057
39090
39209
39064
39071
39063
39077
39099
39077
39066
39068
39152
39067
39073
39102
39079
39079
39092
39074
39073
39099
39086
39096
39166
39090
39084
39082
39097
39158
39182
39089
39096
39089
39105
39119
39101
39094
39102
39152
39167
39166
39209
39095
39129
39098
39104
39108
39099
39100
39101
39105
39112
39103
39105
39104
39106
39107
39121
39111
39125
39129
39112
39120
39122
39937
39222
39682
39125
39682
39118
39122
39116
39203
39223
39208
39211
39212
39118
39130
39123
39126
39221
39123
39125
39221
39936
39125
39202
39196
39539
39182
39874
39134
39135
39803
39933
39135
39183
39132
39146
39170
39133
39155
39159
39134
39139
39148
39136
39155
39165
39803
66486
39139
39140
39175
39141
39160
39197
39663
39148
39197
39161
39144
39665
39691
39151
39157
39163
39182
39300
39183
39755
39206
39679
39164
39679
39691
39286
39964
39197
39664
39154
39183
39165
39202
39300
39164
39197
39199
39160
39171
39175
39163
39206
39691
39206
39933
39169
39198
39205
39407
39828
39171
39251
39201
39408
39190
39252
39925
39184
39198
39201
39251
39175
39176
39177
39177
39685
39706
39408
39185
39200
39408
39706
39188
39200
39683
39252
39755
39198
39252
39407
39196
39683
39188
39702
39188
39683
39927
39194
39205
39407
39925
39855
39190
39253
39191
39704
39192
39195
39193
39194
39925
39195
39215
39225
39235
39755
39300
39933
39201
39204
39208
39210
39819
39874
39222
39232
39222
39682
39221
39936
39225
39232
39260
39253
39214
39247
39216
39217
39216
39229
39235
39218
39229
39234
39227
39930
39236
39226
39233
39246
39704
39260
39228
39238
39249
39230
39324
39236
39930
39243
39237
39246
39247
39236
39930
39248
39267
39260
39325
39267
39241
39262
39924
39261
39262
39334
39256
39261
39422
39244
39415
39244
39250
39316
39264
39262
39330
39333
39260
39315
39333
39451
39324
39539
39704
39418
39828
39404
39415
39264
39313
67048
39312
39313
39325
39265
39322
39409
39264
39340
39317
39319
39409
39313
39319
39325
39324
39413
39429
39333
39930
39269
39303
39270
39271
39272
39273
39285
39412
39274
39287
39321
39935
39276
39279
39938
39277
39278
39304
39280
39285
39302
39280
39341
39371
39928
39616
41364
39283
39342
39910
39296
39297
39360
39342
39391
39928
39928
39293
39412
39935
39289
39301
39321
39291
39293
39294
39298
39293
39314
39412
39295
39301
39914
39384
39396
39301
39935
39314
39916
39304
39357
39327
39327
39306
39335
39343
39307
39310
39320
39924
39422
39322
39409
39318
39422
39322
39338
66019
39451
39332
39342
39331
39357
39329
39337
39347
39330
39369
39405
39338
39358
39391
39935
39415
39336
39355
39368
39344
39432
39358
39345
39924
39360
39345
39358
39359
39372
39355
39347
39352
39348
39424
39351
39369
39350
39354
39369
39351
39480
39362
39368
39354
39421
39923
39405
39939
39432
39938
39916
39376
39381
39389
39929
39363
39364
39386
39366
39401
39425
39480
39370
39401
39403
39497
39386
39492
39571
39399
39423
39480
39475
39938
39394
39424
39423
39427
39475
39377
39378
39830
39380
39381
39395
39379
39387
39477
39379
39403
39499
39459
39456
39414
39383
39390
39910
39940
39388
39400
39390
39825
39940
39394
39424
39460
39476
39831
39394
39822
39824
39412
39398
39466
39831
39926
39929
39397
39414
39910
39940
39830
39467
39416
39489
39420
39475
39433
39449
39486
39571
39406
39453
39421
39760
39478
39825
39454
39927
39453
39420
39923
39417
39489
39511
39419
39454
39708
39760
39425
39434
39475
39492
39495
39705
39454
39683
39451
39819
39826
39431
39433
39449
39686
39855
39927
39705
39511
39687
39705
44106
39491
39494
39688
39441
39447
39452
39583
39623
39441
39471
39573
39447
39493
39685
39699
39697
39763
39589
39597
39577
39589
39690
39447
39583
39623
39471
39687
39689
39452
39583
39728
39708
39760
39495
39476
39477
39467
39474
39801
39470
39498
39801
39460
39802
39524
39464
39549
39716
39464
39627
39734
39555
39590
39466
39468
39813
39467
39721
39469
39472
39836
39800
39493
39604
39721
39716
39797
39827
39831
39926
39481
39492
39571
39939
39517
39497
39688
39486
39488
39499
39500
39523
39489
39939
39497
39517
39499
39513
39501
39503
39495
39514
39507
39513
39515
39517
39507
39513
39556
39503
39506
39512
39524
39572
39505
39572
39557
39508
39537
39541
39598
39510
39556
39600
39579
39572
39522
39688
39801
39533
39600
39520
39576
39588
39527
39579
39703
39562
39557
39560
39703
39795
39541
39567
39588
39561
39567
39586
39703
39530
39538
39560
39530
39533
39560
39566
39540
39557
39552
39553
39554
39554
39794
39566
39551
39717
39794
39552
39716
39724
39572
39574
39574
39586
39581
39700
39565
39591
39592
39631
39596
39586
39576
39601
39582
39690
39830
39578
39703
39576
39582
39578
39584
39623
39593
39700
39593
39601
39623
39591
39690
39627
39726
39595
39617
39595
39647
39596
39614
39618
39617
39614
39617
39700
39607
39618
39648
39657
39659
39667
39615
39698
39845
39614
39647
39648
39655
41054
39701
39621
39643
39655
39656
39626
39648
39667
39694
39641
39690
39634
39635
39742
39675
39678
39649
39698
39806
39742
39649
39676
39677
39806
39657
39676
39654
39695
39754
39661
39676
39677
39660
39663
39656
39672
39845
39845
39661
39668
39680
39693
39694
39754
39664
39680
39680
39681
39693
39674
39681
39676
41130
39681
39691
39698
39742
39693
39742
39806
39803
39936
39695
39702
39763
39855
39728
39728
39696
39699
39707
39699
39709
39723
39709
39826
39743
39810
39712
39714
39790
39729
39737
39718
39719
39727
39799
39726
39795
39796
39720
39810
39737
39801
39790
39734
39736
39731
39732
39744
39752
39737
39739
39741
39741
39749
39788
39809
39752
39759
39759
39775
39765
39770
39788
39770
39779
39784
39762
39775
39775
39846
39762
39771
39765
39785
39770
39774
39784
39768
39769
39777
39771
39816
39834
39772
39783
39808
39839
39839
39847
39785
39779
39839
39848
39841
39841
39784
39834
39792
39798
39816
39808
39793
39852
39815
39850
39913
39797
39799
39800
39913
39815
39917
39813
39913
39852
39818
39837
39917
39835
39836
39815
39837
39818
39820
39829
39860
39826
39828
39821
39857
39921
39853
39883
39823
39824
39829
39912
39827
39912
39854
39856
39838
39853
39861
39862
39926
39860
39854
39856
39881
39842
39844
39863
39843
39844
39847
39878
39852
39875
39866
39869
39871
39875
39856
39857
39860
39857
39864
39861
39877
39866
39871
39864
39882
39870
39868
39881
39870
39877
39896
39931
39876
39884
39878
39879
39893
39889
39884
39906
39919
39931
39887
39900
39897
39890
39893
39895
39892
39902
39899
39932
39902
39934
39898
39899
39901
39932
39919
39941
39918
39919
39920
39909
39915
39915
39922
39941
39911
39918
39920
39915
39941
39921
40904
39947
48987
49284
39967
40354
40392
57410
40353
40364
40685
39950
39952
39953
40509
39955
40102
39952
39955
40091
40098
40508
40736
39956
39966
39967
39961
40368
40021
40353
40354
40509
39967
40356
40343
48965
48969
40356
39965
40006
40010
40024
40188
67090
39968
40011
39975
40096
40102
39971
39996
40006
40011
39987
39992
48899
39973
39979
39987
39992
40903
48893
39992
40011
57367
57374
39991
48810
48893
48915
39980
40004
48813
40029
48797
39980
39981
39987
48823
39982
39996
39990
48789
40009
48787
48805
48812
48822
48843
40495
40943
41052
48885
48918
48922
48924
48812
48911
48928
48795
48808
48823
40010
40021
40092
48721
48726
48742
48829
42806
48038
48040
48074
40013
48884
40024
66499
40016
40032
48803
48824
48832
48843
40009
48792
48806
48723
48724
48815
40757
48781
48783
40760
48729
48736
48744
48804
48823
48824
40019
40023
48789
40021
66484
40015
40019
40088
40089
40028
48788
40595
40510
48810
48856
48928
48865
48895
40023
40087
48787
40023
42387
40019
40020
40089
40018
40089
42233
40026
40667
40022
40032
40090
48791
40032
40027
40061
40131
40740
40045
40130
40046
48762
40030
41815
48760
41715
48786
40044
40046
40711
40595
48760
48785
48786
48790
42678
42682
48781
48736
48794
48798
48802
40039
40056
42375
40038
40060
40073
40057
40071
40040
40075
40060
40062
40055
42348
42354
40057
40058
40073
40063
40064
40071
42386
40060
40073
40630
40635
40059
40061
40048
40050
40122
40129
40123
40225
40051
40081
40086
40084
40099
40053
40058
40734
40057
40077
40148
40158
40734
42383
40062
42383
40063
40078
42371
40073
40078
40075
41715
40071
40066
40065
40072
42204
40077
40083
42204
42252
40069
40138
40142
40083
40139
40142
40074
42342
42388
42354
42386
40768
40084
40132
40148
40085
40265
40613
40626
48777
40265
42341
42384
40097
40122
40097
40106
40736
40086
40158
40734
42384
40462
48789
48795
40740
42233
40092
40595
40630
40093
40096
40096
40264
40097
40098
40099
40334
40337
40353
40101
40736
40132
40125
40337
40345
40454
40106
40256
40354
40106
40118
40133
40203
40105
40118
40121
40133
40108
40420
40110
40344
40111
40288
40320
40111
40112
40464
40112
40267
40113
40333
40345
40116
40126
40127
40150
40285
40320
40123
40140
40209
40203
40120
40209
40213
40207
40225
40126
40128
40123
40256
40129
40144
40225
42389
40203
40508
40134
40152
40212
40140
40152
40245
40147
40148
42387
48786
40264
40214
40226
40136
40167
42346
40146
40236
40237
40438
42172
40141
40143
40335
40227
40234
40335
40256
42201
42261
40143
42252
42334
40207
40167
40213
40219
40167
40217
40734
42371
40635
40201
40243
42249
40212
40263
40350
40648
40209
40280
40379
42222
40175
40176
40281
40172
40173
40201
40647
40208
40350
40280
40467
42384
40160
40177
40279
40161
40215
40489
40259
42222
40281
40283
40164
40165
40287
40471
40659
40171
40478
40654
42257
40281
40170
40350
40651
40171
40477
40263
40479
40266
40695
40243
40338
40187
40204
40684
40691
40648
42249
40262
40322
40246
40260
40489
40350
40649
40651
40191
40221
40678
40181
40183
40692
40190
40690
40192
40704
42266
40184
42225
41748
42409
40187
40205
41741
40198
40338
42220
40266
66486
40220
40221
40690
40677
40684
42365
40197
42220
40193
40224
40194
40195
42266
40196
40200
40196
42265
40199
40248
40210
42266
40206
40210
40216
40274
42179
40206
40210
40274
40221
40690
40345
40205
40683
40663
40279
40222
42346
40648
42249
40226
40218
40274
40279
42206
40214
40226
42346
40219
40253
40218
40259
40260
40338
40251
42180
40336
42173
40678
42214
40229
40238
42207
42178
42265
40229
40247
40230
40238
42268
42174
42184
40240
40241
40254
42168
40257
42182
40438
40261
42285
40237
42180
40257
42181
42258
40250
40661
42285
42265
40661
42267
42285
42171
42285
40246
40260
42204
40462
42341
42174
42177
42179
40255
40336
40383
40251
42180
42181
40309
42173
42200
42265
40259
40282
40261
42172
40273
40282
40383
40379
42180
40489
42222
40654
40635
40288
40321
40269
40270
40273
40457
40271
40284
40288
40286
40309
40272
40275
40276
40280
40309
40332
40280
40332
40287
40307
40467
42214
42255
42409
40322
40379
40648
40654
40289
40321
40455
40457
40289
40656
40457
40291
40291
40306
40455
40296
40378
40295
40299
40302
40310
40304
40311
40311
40391
40385
40301
40315
40387
40299
40305
40386
40300
40311
40384
40455
40421
66499
40381
40384
40331
40332
40476
40325
40505
40386
40459
40461
40318
40347
40319
40461
40328
40348
40323
40325
40328
40319
40347
40439
40325
40346
40340
40387
40461
59914
40327
40333
40653
40330
40420
40461
40330
40340
40342
40348
40385
40467
40420
40454
40454
40653
40685
42206
42258
40508
42347
40340
40439
48970
40341
40342
40653
40685
40392
40590
40464
40349
40505
40405
40371
40374
40352
40405
48964
40359
40363
40365
40365
61596
61731
48144
48954
40510
40412
40470
40492
40903
48933
40412
47526
47997
40405
40513
40590
40590
47487
47499
47502
47507
47543
47985
40445
40590
41205
66499
40409
47996
48952
53003
66484
47496
47532
47543
47550
47608
47645
47683
47791
40397
47493
47501
47537
40397
40381
40388
40422
40382
40414
40422
40505
42271
40476
40656
40464
40390
40502
40569
40390
40395
40414
40417
40395
40407
40417
40395
40435
40450
40430
47460
40422
40401
47504
40403
47542
47595
47540
47969
47990
40502
47509
47445
47735
47595
47987
47486
47518
47592
47986
40439
47518
47588
40415
40431
47519
47535
47536
47573
40904
47557
40452
40491
47493
47513
47572
48958
40416
40432
47479
47478
47480
47514
40468
40519
40569
47480
48921
48939
48947
40436
47511
40528
40451
40527
40528
40451
40528
40427
40521
40427
40600
47378
40504
40522
40437
40600
47438
47491
47578
40519
47479
47514
40437
47521
47465
47516
47517
48022
48919
48929
47519
47536
40468
40529
40473
40503
40513
47522
40468
40474
40529
40596
40456
40463
40498
40503
40521
40890
40474
40496
40497
40517
40527
40596
40453
40460
40497
53221
40451
40519
40517
40829
40527
40659
40463
40479
40656
40466
42384
40472
40478
40466
40472
40473
48960
48964
40475
40532
40521
40596
40482
40503
40479
40655
40659
40507
40507
40512
40487
40484
40486
40665
40485
40500
40525
40494
40660
40490
40525
40524
40567
40533
40666
40591
40879
40494
40523
40644
40500
40716
48947
48951
40503
40521
40527
40567
40536
40540
40598
40529
40600
47533
47539
47547
47549
40511
40509
40591
40530
40542
47404
47476
47484
47998
47399
47401
47451
47453
40519
40534
47372
47460
47431
47461
47464
40657
40660
40540
40603
40551
47425
47455
47460
40546
47375
40536
40541
40542
40535
40603
40660
47378
47397
40538
40543
40538
40598
40863
40543
40863
47375
40567
40567
40543
40657
40556
47366
40902
47364
47366
48041
47370
47376
47931
40549
47379
48046
47365
47382
48023
48046
47363
47377
40676
40863
47458
47992
40568
40592
40602
40566
40570
40561
40566
40589
40863
47373
40575
40592
40571
47345
40565
40869
40571
40894
40895
40565
40913
40563
40715
40563
40564
40568
40566
40602
40869
40586
40639
40891
40570
40676
47509
40598
40572
40574
40894
47347
40864
40902
40899
40884
40902
47311
47313
47319
47327
40602
40869
40889
40579
40587
40610
40601
40632
40581
40582
40583
40947
40586
40906
40588
40893
40870
40913
40643
40910
40915
48762
48763
48768
48788
40913
40588
40606
41736
40892
40933
40593
40597
40915
40933
40891
40676
40607
40627
40665
40604
40607
40636
40605
40632
40623
40637
40633
40920
40910
40609
40610
40788
40787
40796
40633
40916
40612
40615
40638
40634
40741
42679
48773
40615
40624
40637
40618
40617
40741
40638
40714
40622
40638
40620
40640
40687
40621
40629
40713
40622
40662
40624
40624
40627
40642
40772
40796
40925
42678
40668
40634
40770
40925
40662
40674
40642
40645
40662
40719
40916
40788
40931
41742
40910
40719
40713
40873
40713
40714
40721
40719
40796
40925
40668
40892
41736
40646
40682
40646
40669
40682
40716
42347
40652
40655
40664
40975
40663
40686
41741
47404
40666
42174
42177
40669
42270
42371
40716
40680
40688
40718
40725
40681
40683
40708
40688
40733
41763
40674
40698
42270
42218
40682
40917
40690
40691
42220
42347
40694
40727
40684
42227
42219
40917
40975
40733
42218
40708
40692
41744
41749
42225
40694
40706
41740
41741
40699
40780
41763
40705
40718
40730
42218
40707
40707
40720
40722
40709
40710
41728
40705
40725
40780
40709
40712
42356
42198
42255
40710
42356
40730
40723
42364
42219
40737
41822
40730
40768
41715
40720
40729
40892
40913
40721
40733
41763
40723
41812
40735
40780
40741
40769
41763
40767
40770
41742
42227
40745
66427
40744
41812
41822
41733
40732
40749
40766
41711
41712
40754
40746
40769
40739
41728
40743
40746
41711
40755
41739
42387
41742
40746
40767
40937
40747
41712
41711
41714
40748
41327
40937
42372
41255
61812
40750
41708
41709
41712
41734
40771
40795
42372
40832
41599
41609
40840
41607
41729
42218
42219
41714
41822
42373
42682
48776
48869
42378
48784
40759
40767
40771
40770
40799
48894
40762
40841
40857
40763
40794
40918
41737
40771
40793
41183
40800
41737
41708
41714
42373
40769
48759
41713
40937
40787
41713
41815
48783
48797
40787
41144
40783
48725
48830
40777
40779
40919
40782
41144
40779
40788
40781
40804
42356
40788
40934
40784
40785
48727
48860
40797
40919
40792
41737
40793
40794
40801
40934
40791
40792
40918
40791
40825
40855
40841
40797
40795
40857
40801
40916
40828
40808
40927
41173
48800
48831
41183
40833
40897
40977
40857
40858
41608
40911
40977
40806
40807
40952
40927
40950
40808
40958
40818
40820
40814
40927
41173
40851
40927
40825
40928
40929
40823
40843
40855
40929
40851
40932
40842
40929
40954
40926
40932
41199
40818
40828
40838
41046
40823
40932
41175
61812
40822
40824
40831
41153
41353
40954
40842
40861
40841
41608
40827
41151
41153
40830
41135
41046
66427
40954
41174
40859
40861
40845
40848
41181
40834
40837
41614
40839
40845
40849
40839
40856
41023
40856
40919
40973
41170
41178
41609
41614
40928
40932
40861
40862
40928
40856
40847
40848
40849
40850
42629
41599
40850
41139
41613
40926
42813
40853
40854
41139
41613
41163
42824
41140
42849
40930
41181
40862
41142
41379
41198
48737
48764
42706
41023
47345
48041
40874
47061
47014
47018
47053
47319
40894
47358
47388
47389
47405
40892
41736
40885
40895
41037
55236
40878
40906
40877
41010
40880
41021
47318
46955
47059
47118
40901
40986
40885
40912
46935
46958
48042
40986
41021
40886
40905
40940
46916
47066
40899
40964
40901
40912
48873
48897
48944
40895
40964
40899
48964
40900
40920
40947
40905
40909
40940
40970
40898
40900
40946
40967
41026
40967
40914
40924
41186
40911
40973
40914
40919
40964
40970
40933
42270
41737
40936
40952
41045
40951
41045
40958
40963
41186
40963
40931
41377
41608
41213
41144
40942
40978
40959
40978
41172
40952
40959
41186
40984
41026
40946
40959
41025
41036
41172
48836
40945
40980
40984
40948
40982
40967
40949
40960
40962
40991
41008
41045
40958
42813
40956
40972
40993
40957
40987
41024
40982
47128
48162
40991
41036
40973
59914
40968
40986
41026
40984
40972
41008
41018
41007
41021
41005
41060
48566
48569
41008
41191
41045
46940
46946
47009
48879
41025
41036
40987
41012
41024
41007
41012
41024
46949
46974
47148
48466
48556
48613
41133
48578
48864
40993
48088
48097
48562
41005
41009
41095
46994
41000
48463
46930
46932
46936
46959
40998
41016
41017
41044
41006
46877
46879
46976
46915
48463
46878
46966
48075
48458
48896
41005
41019
41017
41020
41131
41011
41012
46933
47318
41033
41041
46943
46956
48438
41019
41234
41132
41019
41191
41080
41027
41033
41038
42706
41195
48628
48632
48694
41041
41191
41031
41112
41035
41099
59914
66501
41034
41051
41039
41097
41101
41196
41054
41130
41039
41081
41101
41041
41100
41097
48620
48626
48711
41080
41081
46918
41213
41049
41189
41377
41049
41068
41377
41188
41194
41055
41188
42832
41055
41085
48571
48583
48741
48800
41192
41076
48668
48712
45941
46081
48605
48619
48640
48712
42833
48664
48671
48544
48560
48850
41064
41193
41072
41103
41086
41190
41065
41088
41089
41067
41086
41223
41074
41098
42832
41090
46103
46123
46090
46099
46110
45951
45966
45978
41078
41223
48589
48596
48905
41075
41107
41126
48632
48732
41078
41218
45946
41217
46073
48567
48612
48867
41131
41099
41107
41195
41196
41102
41105
41106
46094
41190
41239
41217
41190
46101
46102
46077
48602
53028
48622
48629
52907
48521
48528
48547
41102
41106
46111
46917
46919
48537
48567
48612
41234
41195
42832
41195
41126
46080
41108
46117
41112
46093
46090
41110
41127
41114
46805
46088
46109
41124
41129
46113
46123
46125
41124
46052
46325
46003
46052
46079
46095
46813
46232
46234
46254
46170
46200
46209
46301
46802
46814
46826
46890
46599
46829
41127
46821
46908
46243
46245
46247
46095
41132
46236
46599
46918
46927
48483
50110
56192
41138
41177
41137
42835
48710
48699
48713
41150
41171
41176
41178
41142
41379
41184
42705
48690
48709
41143
41353
42849
41146
41148
41357
41185
41594
41620
41166
41179
41258
41149
41163
41595
41154
42849
41155
41247
41167
41171
41612
48680
48755
41185
41162
41233
41168
41179
42826
41162
41161
41168
41161
41252
41262
41233
41180
41204
42849
41166
42826
45990
41182
42826
41206
41623
42788
48755
41379
42706
41247
41213
41175
41177
41199
41177
41235
41379
41373
41623
41212
41614
41206
41247
41187
48734
41258
41706
41197
41199
41200
41192
41234
41203
41214
41279
41197
41200
41203
41216
48756
48782
41201
41202
41215
41214
41215
41210
41208
41219
41210
41211
41212
41210
41211
41279
41216
41235
41218
41222
41243
45947
45952
48643
45901
45913
45960
48576
48691
48693
41226
41243
45971
41227
41375
45972
48672
41230
41240
41259
45990
41246
41375
53090
53093
53097
41233
41246
41376
48654
48655
48664
48666
45972
48672
45945
45949
45973
41300
65997
41253
45986
41243
41260
41245
53092
45970
48654
48656
48652
48658
48662
41260
42833
48648
48714
41257
41359
41252
41263
41256
41282
41363
48646
48669
53078
53095
66460
41263
41262
41363
41373
41373
41594
41354
41375
41264
41623
41286
41362
41266
41361
41268
41272
42804
41268
41270
41271
41270
41271
41367
41359
41620
41272
41370
41281
41282
41378
43281
45990
41286
41365
42853
41278
41287
41291
41278
41365
41325
41287
41320
41321
41371
41354
41362
41361
41284
41293
41615
41291
41286
41365
41615
41289
41294
41292
41298
41294
41299
41296
43298
41298
41296
41317
43298
41318
41299
41637
41301
65999
66460
41418
41304
41431
41445
41407
41431
41445
41420
41644
43298
41307
41644
43298
41419
41309
41314
41333
41310
41421
41428
41311
43223
41637
41419
41638
43201
41316
41319
41369
41323
41324
41324
41615
41361
41378
41323
41346
41369
41326
41641
42822
41365
41371
41343
61812
41329
43201
41334
41342
41633
43223
41332
41347
41343
41419
41638
41430
42746
41342
41444
41522
41653
41337
41534
41536
41433
41435
41522
41531
41533
41536
41435
41533
41653
41533
41630
42747
41632
43223
41633
42746
41348
41655
41425
41641
41350
41593
41444
41653
42747
41350
41351
41356
41366
42811
41356
41380
41592
43281
46091
46110
41358
41368
41595
41620
41594
42787
48686
42804
42853
43281
41369
42811
42811
42811
41378
41592
41595
42824
45981
45988
45989
42813
42853
41606
41656
42803
48851
48860
45987
45994
41384
41388
41460
41475
41400
41470
41475
41475
41402
41473
41390
41395
41401
41402
41391
41393
41392
41401
41453
41403
41457
41395
41396
41401
41404
41404
41406
41398
41399
41456
41455
41460
41415
41520
41413
41408
41409
41428
43095
41492
43140
43154
41472
41492
43154
41423
43095
41413
41416
41427
41458
43095
41460
41448
41472
41418
41422
41445
41638
41431
41446
41458
41427
41430
41457
41495
43154
41495
41434
41441
41458
43201
41492
41433
41438
41532
41632
41440
41456
41536
41437
41439
42978
41438
41535
41459
41534
41443
41452
41459
41443
41478
41446
41456
41458
41447
43223
43135
41535
41452
42978
43091
43098
41478
41457
41455
41460
41474
43232
43094
41532
41498
42978
43232
41466
42634
41465
41469
41491
41499
43102
43091
43107
43102
41470
41496
41519
41479
43091
41475
61821
61849
65975
42634
41480
43094
41494
43107
43098
43157
41483
61844
66016
41484
41485
41500
41511
61821
66021
41489
41591
41494
41588
41490
41519
41588
41858
41504
41509
41500
41591
41494
41500
41498
43140
41503
41509
41591
41501
42634
41502
41518
41588
41511
41587
41590
41507
41516
41557
41589
41508
41556
41512
41517
41590
41510
41587
42645
41873
41556
41587
41514
41516
41666
41515
41525
41542
41526
41517
41542
42596
41524
41523
41533
41630
41632
41531
41530
41589
41526
41539
41529
41647
41529
41642
41530
41648
41571
41567
41639
41535
41558
41572
41540
41551
41553
41547
41552
41561
41540
41648
41541
41666
41548
41571
41555
41557
41545
41546
41684
41650
41548
41678
41550
41559
41849
41551
41550
41552
41554
41836
41565
41568
41569
42636
41557
41839
41556
41838
41665
41666
41572
41836
41842
41561
41670
41849
41568
41831
41839
41850
41836
41838
41839
42636
41678
41831
41573
41572
41569
42540
41589
41574
41576
41584
41586
41850
41585
41586
41862
41578
41579
41860
41859
41581
41582
41870
41588
41858
42525
42525
42525
42540
42596
41861
41599
41704
41610
41618
41624
41627
42961
41618
41601
41627
41654
41621
41625
41603
41604
41624
41693
41654
41692
41707
41627
42629
41619
41609
41704
41734
42961
41695
42961
42795
42797
42629
41656
42929
41622
41629
41654
41626
41654
41629
41634
41635
41640
41635
41649
41631
42743
41634
41636
41633
41649
42743
41640
41647
41642
41723
42746
41652
41656
41650
41652
42726
41655
42743
42745
41655
41663
42745
41723
41723
42745
41659
41693
41659
41661
41707
41660
41676
42726
41697
41827
41700
41827
41676
41684
41678
41683
41684
41675
41838
41668
41677
41683
42624
41670
41672
41673
41671
41831
41673
41852
41678
41683
41674
41828
42404
42645
41677
41684
41682
42379
42416
41681
41697
41827
41686
41717
41804
41826
41890
41686
41689
41701
41688
41688
41690
41696
41697
41717
41731
41695
42686
42734
41705
42686
41696
42961
41707
41827
41696
41699
41709
42686
42734
41708
41718
41717
42379
41718
41730
41730
41731
48751
48752
48776
41705
41709
41734
48748
48839
41739
41760
41729
42377
41735
41824
41722
41732
41760
41721
41724
41732
41735
41728
41733
41726
41738
41726
41814
41761
41760
42372
41739
41824
41821
41745
42370
41825
41817
41744
41746
41750
41755
41754
41818
41824
41764
41817
41754
41781
41784
41784
42212
42365
41817
41756
41784
42212
41791
42235
41791
41814
41755
42217
41779
42211
42215
41769
41774
41820
41759
41783
41922
42310
41814
41817
41764
41791
42235
41814
41766
41771
42248
41773
41786
41788
41768
41769
44111
41771
41920
41770
41914
41773
41774
41773
41776
41777
41802
41922
41793
41811
41786
41788
41802
42665
41778
41920
41793
41811
41787
41781
41924
42210
41785
42310
41790
42221
42244
41926
42229
41793
41789
42243
42248
42294
42302
41792
41922
42308
41795
41830
41799
41801
41800
42438
42455
41797
41806
41851
41798
41803
42455
41800
41810
41800
41915
42438
41810
41844
42310
41806
41809
41805
41807
41806
42404
41829
41808
41818
41851
41816
42370
41810
41917
42360
41915
41823
41825
42244
42366
42377
41819
41851
41826
41823
41830
41893
42379
41829
41917
42404
42244
41845
41916
42454
41834
41844
42360
41835
41840
41843
41845
42615
41842
41845
41911
42615
42588
42588
41843
41853
41843
42454
41911
41846
41912
41872
41964
41854
41862
42454
42540
41917
42454
41925
41863
41883
41856
41868
41877
41862
41865
41870
41863
41869
41874
42525
41867
41868
41946
41871
41913
41967
41869
41871
42417
41875
41876
41887
41879
42645
41882
41882
41888
41897
41946
41885
41886
41889
41889
41889
42404
42624
42477
42485
41912
41914
42522
41896
41908
41947
41896
41907
41970
41948
42245
41910
41902
41903
41906
41901
41974
42111
42111
41973
42532
41905
41908
42530
41927
41948
41965
41909
42245
42448
42530
41946
41967
41921
42417
41919
41917
42360
42111
44111
41923
41925
42487
41927
41926
42250
41964
42246
42359
41932
41934
41938
41952
41930
41945
42074
41931
44379
41966
42016
41943
41944
41935
41955
42031
41949
41954
41936
41939
41940
42145
41949
41943
41945
41940
42053
42049
42230
41942
41994
42106
42290
41990
41953
41990
41950
42485
41952
41955
41954
41970
42448
42477
41975
41975
42231
41957
41960
41976
41958
41961
41985
41959
41962
41974
41961
41965
41969
42092
42530
44111
42487
44379
41992
42040
42530
44111
41974
42111
42074
41972
41989
42041
42044
41985
42016
42031
42016
44379
41978
41986
41998
42007
41982
41988
42005
41991
41997
42013
42015
41986
42105
42113
41982
41987
42011
42004
42113
41987
42014
42019
42007
42117
42289
41995
42093
41988
42020
42006
42106
41999
42096
42106
42031
42102
42167
42051
41998
42044
42011
42025
42061
42095
42001
42042
42094
42058
42107
42009
42104
42005
42061
42005
42008
42007
42117
42017
42061
42095
42017
42095
42013
42113
42062
42024
42117
42041
42094
42020
42020
42114
42482
42028
42090
42025
42046
44380
42047
42496
42114
42496
42029
42046
42300
44380
42234
42035
42036
44371
42035
42481
42484
42045
42039
42234
44371
42080
42498
42482
42494
42041
42096
42048
42090
42300
42088
42107
42484
44366
42117
42482
44380
42058
42322
42240
42243
42060
42084
42107
42095
42135
42069
42108
42358
42322
42358
42498
42059
42069
42247
42057
42073
42134
42060
42091
42081
42105
42069
42072
42110
42065
42068
42277
42297
42303
42083
42286
42299
42078
42333
42292
42301
42304
42075
42079
42119
42072
42286
42298
42081
42082
42079
42456
44379
42078
42081
42077
42097
42286
42108
42110
42082
42119
42134
42247
42453
42298
42122
42124
42125
42086
42087
42236
42279
42144
42521
42122
42097
42358
42105
42290
42101
42289
42290
42299
42099
42118
42293
42103
42167
42231
42293
42107
42231
42293
42148
42109
42135
42112
42286
42115
42116
42118
42144
42305
42144
42239
42127
42123
42132
42521
42139
42460
42521
42127
42137
42157
42191
42132
42142
42236
42139
42305
42132
42136
42161
42132
42161
42460
42147
42141
42142
42166
42191
42295
42147
42148
42156
42148
42299
42486
42154
42323
42486
42486
42146
42147
42156
42241
42152
42153
42149
42160
42153
42190
42232
42158
42176
42295
42232
42284
42344
42241
42242
42460
42188
42169
42280
42183
42241
42295
42163
42184
42195
42164
42188
42193
42187
42260
42326
42176
42183
42238
42195
42197
42170
42287
42175
42263
42296
42187
42267
42256
42257
42258
42260
42280
42280
42326
42194
42273
42207
42257
42253
42288
42188
42193
42267
42260
42263
42288
42190
42344
42192
42199
42232
42338
42224
42242
42460
42260
42199
42326
42198
42223
42273
42199
42267
42205
42208
42199
42203
42223
42273
42224
42232
42388
42223
42207
42209
42223
42224
42217
42229
42359
42226
42226
42255
42409
42251
42235
42308
42366
42365
42251
42338
42235
42240
42241
67041
42293
42521
42284
42250
42665
42302
42294
42256
42261
42271
42272
42274
42351
42334
42342
42268
42271
42272
42327
42276
42330
42332
42277
42304
42325
42661
42281
42283
42301
42309
42301
42327
42351
42287
42327
42300
61818
42303
42309
42302
42333
42453
42357
42351
42307
42444
42319
42431
42324
42665
42433
42473
42451
42478
42661
42314
42321
42348
42349
42401
42363
42398
42452
42398
42402
42727
42320
42353
42320
42433
42492
42422
42478
42458
42336
42339
42498
42330
42352
42330
42336
42343
42363
42451
42337
42343
42350
42351
42357
42453
42336
42352
42451
42343
42345
42343
42403
42348
42349
42383
42389
42350
42403
42393
42354
42403
42661
42422
42628
42435
42689
42369
42375
42727
42381
42415
42676
42399
42676
48784
42390
42435
42469
42376
42396
42383
42393
42676
42764
42685
42392
42415
42664
42799
48746
48747
48790
42391
42408
42392
42411
42435
42397
42689
42407
42421
42674
42415
42418
42680
42399
42689
42401
42435
42408
42469
42418
42663
42724
42452
42469
42413
42434
42410
42423
44349
61832
42411
42724
42413
42430
42668
42423
42427
42450
42624
42664
42667
42653
42674
42859
42425
42427
42646
42432
42684
42458
42646
42646
42684
42653
42749
42651
42650
44109
42430
42476
42519
44349
42631
42669
42639
42478
42646
42639
42459
42628
42441
42515
42550
42439
42475
42548
42440
42474
42493
42461
42488
42466
42549
42476
42639
42466
42515
44350
42458
42465
42492
42529
42549
42471
42449
42464
42465
42485
42456
42471
42514
42669
42688
42495
42467
43868
47582
42643
42462
42479
42470
42480
42468
42470
42480
42495
42473
42492
42527
42630
47470
42552
42473
42480
42475
42503
42475
42541
42547
42520
44368
42541
42552
42490
42499
42501
44366
44382
44383
42489
42501
42522
42493
42516
42490
44384
42491
42497
42528
44366
44382
44364
42503
44362
44401
44375
42503
42504
42547
42517
42508
42509
42515
42798
42512
44261
44353
44361
42619
44261
44351
44369
44350
42517
44365
42511
42551
42512
44114
44360
42519
42651
44349
42556
42520
42534
42524
42523
42523
42528
44368
42544
42549
42630
42533
44364
44401
42632
44360
42550
42730
44360
44362
44351
44362
42539
42622
44100
42551
42555
42671
43876
46800
48408
42545
42589
42620
42543
42652
43159
44104
42546
44367
42612
44104
42672
43409
44221
42559
42635
42556
42550
42556
42728
44113
42577
42589
44100
42577
42655
42728
43409
42571
42614
42940
43010
42561
42571
44100
42589
44221
42561
42939
42941
42940
44099
42730
44221
44367
42630
42632
44104
44367
42574
44075
42566
42572
44075
42567
42568
42575
44093
42931
42994
42942
42994
43010
42582
42583
42600
42577
42574
42940
44093
42931
42935
42948
44099
42931
43565
42579
42613
42652
43370
42579
42606
42625
42641
44139
42581
42583
42618
42625
42904
42586
42942
42606
42936
42585
42590
42894
42587
42933
42935
42994
42592
42600
42620
42927
42935
42599
42902
42933
42907
42933
43087
42594
42905
42618
42904
42602
42905
43087
42598
42602
42914
42616
42905
43087
43207
42618
42616
42725
42748
42744
42609
42633
42731
42912
44122
42626
42633
42638
42655
42656
42609
42617
42621
42626
42611
42642
42649
42638
43159
42633
43159
42994
44093
44122
42907
44358
44362
42642
42716
44103
42941
43049
44123
42656
42657
44139
42642
42656
42727
42929
42649
42730
44139
43102
42641
42652
44363
44364
43159
42653
42658
42749
42655
42647
42648
42654
42663
42859
42670
42673
42650
44103
42669
42669
42674
42724
42748
42670
44122
42693
42704
42732
42673
42692
42704
42666
42692
42729
42718
42668
42673
42912
42718
42724
42859
42912
43049
44098
44123
42730
42677
42690
48777
42683
42681
48775
42709
48751
42685
42685
48775
42701
48778
42727
42701
42713
42694
42697
42736
42693
42800
42800
42697
42699
42720
47094
47160
47432
42699
42722
42723
42735
42930
42703
42711
42814
48757
42736
42703
48745
42812
42799
48773
42736
48776
42720
42814
42714
48678
47432
47470
42736
42800
42776
42780
42823
42741
42749
44122
42721
42738
42732
42733
42723
42733
42777
42739
42914
44044
42738
42930
42825
42939
43049
44096
42740
42742
42901
42750
42770
42901
44109
42908
42761
43327
42753
42755
43327
42771
43348
42761
42909
43207
43288
42758
43288
42758
42759
42883
42903
43272
42916
42761
42898
42868
42763
42860
42868
42770
42772
42809
42816
42766
42771
42774
43199
43348
42784
43199
42779
42852
42784
42796
42852
42909
42809
42860
42901
42928
47582
42775
42779
42809
42821
42928
43259
42780
42784
42852
42825
42814
42857
43288
42858
43348
42785
42857
42858
42789
42786
42850
42819
42843
42805
42828
48659
48678
48757
42792
42828
42831
48661
46025
42818
48657
42797
42818
48660
48683
48734
48753
48839
42823
48678
48755
42818
42808
48745
42807
42844
44055
45943
48616
48667
48828
48838
42831
48652
48857
48865
48942
48389
47396
43868
47582
48737
48796
42845
42847
42884
43304
44055
42827
42856
42830
42830
42837
42862
42825
48665
42834
42837
48651
48658
48635
48701
42846
42862
48673
48675
43222
53097
42842
48642
48656
48733
48733
42842
48658
48674
48675
48681
48651
42858
47396
48389
42862
43302
42848
42850
42855
43289
42851
42855
42857
43259
42855
43289
43304
43199
43327
42864
42870
42892
42869
42896
42962
42874
42903
42880
42892
42962
42874
42880
42881
42909
42871
43323
43325
42895
42873
42900
42885
42967
42891
43017
43828
42878
42885
43333
42893
42958
43325
42888
43433
42883
42900
42895
42962
42903
43209
42889
43196
42916
43209
42918
43196
43380
42900
43017
43323
42967
42902
42947
43208
42898
42902
42917
43207
42916
43209
42914
42934
42907
42913
43326
43380
42911
42913
42947
43208
43326
42919
43358
43208
43358
42937
42923
42926
43326
43358
42922
42926
42923
43558
42925
42925
42931
42948
42951
42937
43380
42947
42948
42938
42943
43394
42942
42949
43565
43391
44140
44100
44075
42945
42949
44097
42946
42950
43558
43558
42953
43558
43565
43569
42966
43547
43562
42960
42968
43581
44047
47124
43537
42960
43433
43392
43017
43433
42966
43571
42969
43528
43333
43556
42971
43060
43168
43016
43383
42973
43367
43381
42981
43019
42975
43168
43186
42988
43009
43068
43073
42985
43060
43168
42980
44272
43350
42982
42993
43019
43037
42984
42988
43009
43172
43009
43090
42987
42988
43352
43160
43186
43167
42990
42991
43015
43386
43388
42995
43015
43375
42998
43019
43390
43060
43357
42996
43367
43381
42998
43011
43019
43020
43016
43356
43367
43001
44284
43002
43014
43003
43524
44237
43014
43387
43015
43061
43381
43007
43032
44228
43013
43039
43042
43018
43040
43020
43061
43068
43370
43059
43029
43031
44284
43386
43388
43357
43030
43067
44149
43042
43022
43033
43038
44263
43027
43034
43069
43033
43034
43046
43029
43059
44259
43035
43385
44272
43028
43043
44259
43035
43047
43069
43036
43040
43039
43042
43401
44135
44160
43041
43043
44259
43038
44263
43350
43046
43382
43067
44149
44239
43050
43044
43056
44258
43058
44260
43052
43053
43054
43057
43057
43063
43058
43062
43074
43074
43086
43063
43071
43385
43072
43390
43071
43173
43066
43076
43166
43106
43173
43382
43090
44239
44263
43386
43166
43189
43108
43106
43169
43078
43079
43097
43183
43082
43099
43158
43099
43337
43101
43213
43125
43129
43213
43090
43350
43109
43090
43189
43350
43157
43172
43171
43172
43203
43140
43203
43232
43124
43108
43132
43155
43111
43136
43122
43113
43143
43116
43118
43119
43120
43121
43130
43136
43122
43127
43220
43124
43129
43188
43136
43144
43337
43143
43175
43178
43144
43139
43295
43295
43156
43142
43164
43163
43337
43188
43152
43165
43150
43204
43214
43150
43181
43191
43152
43177
43242
43179
43227
43179
43226
43158
43337
43177
43170
43347
43182
43205
43349
43168
43186
43359
43351
43179
43204
43214
43352
43174
43183
43187
43349
43190
43295
43188
43204
43188
43224
43242
43182
43205
43218
43184
43187
43255
43347
43192
43347
43216
43217
43218
43255
43368
43194
43397
43250
43339
43198
43250
43226
43365
43379
43215
43225
43226
43227
43231
43215
43216
43221
43354
43221
43248
43302
53090
43231
43308
43242
43229
43256
43230
43257
43231
43235
43410
43308
43239
43258
43283
43240
43239
43254
43245
43254
43244
43283
43308
43267
43283
43247
43251
43253
43301
43252
43300
43265
43286
43287
43299
43264
43354
43410
43410
43261
43262
43263
43296
43265
43290
43268
43277
43286
43270
43271
43273
43307
43279
43291
43309
43275
43276
43322
43305
43336
43277
43301
43290
43280
43296
43280
43307
43290
43355
43286
43287
43305
43293
43314
43345
43297
43300
43338
43322
43338
43343
43360
43345
43311
43316
43360
43314
43345
43313
43316
43314
43318
43321
43316
43360
43415
43320
43318
43431
43321
43340
43334
43338
43360
43324
43335
43364
43329
43335
43332
43361
43341
43363
43366
43417
43509
43363
43364
43411
43344
43415
43417
43342
43431
43346
43353
43395
43397
43402
43345
43411
43352
43362
43367
43379
43383
43393
43411
43379
43383
43415
43415
43416
43418
43372
43506
43376
43399
43377
43378
43393
43379
43506
43507
43414
43526
43526
43390
43506
43510
43389
43508
43505
43521
43576
44076
43569
43396
44097
44152
43505
43421
44152
43505
43510
43520
44149
44284
43405
43412
43538
43507
43420
43525
43413
44152
43420
43421
44123
43506
43510
43529
43509
43431
44132
44059
43529
43425
43440
43424
43427
43445
44059
44132
43427
43437
43436
43429
43432
43439
43469
43461
43510
43520
43434
43446
43461
43513
43538
43436
43515
43522
43437
43439
43441
44151
43442
43446
43442
43443
43478
43723
43444
43519
43447
43525
43646
43649
43723
43450
43542
43511
43453
43454
43452
43453
43454
43460
43475
43476
43456
43501
43458
43460
43457
43460
43458
43472
43473
43460
43538
43629
43646
43469
43535
43465
43471
43472
43467
43467
43724
43470
43470
43483
43649
43723
43771
43629
43721
43629
43618
43766
43483
43641
43511
43511
43492
43514
43519
43519
43480
44138
43485
43488
43598
43482
43483
43487
43771
43740
43542
43649
43724
43499
43500
43489
43500
43807
43492
43809
43491
43730
44164
43499
44066
43598
43716
43494
43495
43737
44162
44158
43496
44161
43499
44066
43503
43504
43716
43603
43809
44084
44138
43601
43771
43629
43512
43597
43747
43747
43809
44084
43523
43747
43526
43521
44092
44213
43516
43517
44137
43535
43523
43545
43545
44134
44213
43716
43725
43725
44092
44130
43538
43540
43577
43638
43547
43533
43532
43534
43533
43551
43555
43556
43551
43585
43542
43639
43540
43577
43639
43546
43543
43630
43553
43631
43547
44092
44213
43554
43586
43554
43561
43552
43577
43636
43585
43614
43615
43636
43575
43596
43556
43570
43586
43614
43560
43563
43561
43562
43567
44185
43564
43566
44088
43608
44077
43567
43608
44136
43573
43574
44136
43580
44062
43589
43573
43580
43593
44185
43582
43590
43586
44083
44091
43636
43614
44058
43590
43616
44136
43587
48389
43617
44163
43584
43605
44062
43606
43804
43638
43606
44062
43590
43599
44163
43591
44049
44051
44118
43606
43617
43602
44050
44068
43600
43602
44070
44137
44154
43602
44049
43838
43933
43737
44157
43605
43625
43632
43829
44058
43619
43617
44071
44163
43616
44115
43610
43613
43653
43611
43642
43612
43620
43634
43625
43830
43638
43626
43630
43619
43717
43719
43627
43621
43642
43622
43835
43623
43909
43624
43633
43630
43650
43634
43829
43633
43804
44087
43871
43877
43825
43636
43633
43909
43909
43645
43826
43640
43766
43658
43659
43644
43647
43827
43879
43650
43648
43659
43707
43658
43846
43825
43652
43653
43883
43663
43846
43658
43731
43655
43656
43792
43708
43815
43657
43810
43814
43883
43981
43827
43661
43663
43846
43676
43689
43812
43664
43790
43708
43833
43784
43679
43711
43668
43684
43783
43785
43671
43692
43699
43750
43803
43675
43783
43675
43715
43767
43784
43822
43710
43711
43686
43691
43684
43681
43686
43714
43682
43795
43683
43733
43726
43750
43687
43690
43795
43692
43699
43700
43727
43710
43784
43833
43691
43693
43782
43709
43767
43764
43803
43815
43803
43815
43697
43744
43698
43769
43768
43726
43750
43702
43727
43742
43704
43705
43712
43713
43770
43705
43752
43740
43822
43846
43790
43812
43803
43782
43726
43720
43726
43767
43718
43744
43722
43744
43733
43771
43729
43738
44066
43730
44014
43926
44234
43830
43883
43789
43770
43736
43738
43749
44014
43924
43741
43749
43743
43746
43796
43772
43899
43745
43805
43769
43748
43752
43899
43789
43926
44234
43753
43805
43768
43755
43796
43789
43774
43912
43755
43774
44002
43900
43765
43772
43802
43811
43758
43773
43775
43777
43811
43925
43760
43786
43761
43773
43799
43762
43834
43787
43802
43765
43772
43787
43792
43797
43841
43782
43795
43794
43786
43927
43802
43811
43791
43797
43811
43788
43818
43779
43780
43931
43786
44004
43781
43886
43788
43797
43793
43925
43814
43925
43793
43810
43820
43818
43899
43899
43911
44004
44094
43834
43881
43801
43884
43916
43806
43808
43881
43871
43877
44014
44057
44094
44234
43819
43839
43816
43815
43831
43836
43839
43883
43821
43981
43824
43831
43837
44095
43821
43834
43821
43834
43875
44072
44087
44060
43879
43835
43871
44095
43836
43844
43879
43916
44005
43875
43981
44071
44072
43875
43916
46808
47837
43880
44054
44056
43848
43952
44054
43933
43863
43872
44056
43885
43888
43850
43869
43852
43866
43852
43872
43959
43854
43952
43854
43866
43954
43855
43856
43953
43959
43857
43867
43858
43864
43865
43911
44057
43860
43897
43861
43867
43904
43865
43890
43869
43864
44057
43959
43870
43998
44020
43897
44020
44038
43874
43906
43911
43880
43885
44054
43889
44004
43878
43887
44061
47124
48408
43885
43952
44094
46800
47075
47160
44056
44057
43892
43931
44051
43891
43910
43931
43896
43904
43906
43893
43903
43906
43893
43901
43901
43986
43907
43970
43986
43903
44172
43953
43994
45322
43980
43903
43923
43917
43982
43993
43995
44188
43957
44001
44172
44047
43980
44002
43913
43915
43927
43915
43919
43962
43962
43978
44257
43921
43977
43922
43930
43938
43975
43978
43928
44066
44014
44161
44165
43932
44171
43950
43955
43980
43941
44167
44072
43935
43936
43960
44101
43937
44197
44003
43940
43943
43942
43944
43942
44171
43944
43945
44007
44167
44101
44190
43947
43955
44191
43960
44101
43949
44035
44167
44190
44009
44191
43995
43995
44188
43977
44190
44015
44036
43967
43979
43966
44034
43973
43976
43964
43972
43984
43969
43973
43973
43984
43996
43982
43991
43970
43984
43976
43985
43991
43996
44001
43983
44001
44095
44172
44191
43994
44172
43988
43989
43997
44023
43992
44008
43999
43993
43997
43995
44000
44006
44188
44008
44188
44257
44054
44056
44011
44023
44101
44194
44015
44022
44013
44021
44016
44018
44018
44032
44019
44023
44033
44119
44026
44067
44026
44030
44052
44029
44107
44117
44125
44044
44113
44352
44032
44038
44119
44036
44381
44178
44041
44043
44052
44067
44105
44073
44121
44045
44067
44079
44082
44064
44048
44082
44119
44053
44178
44068
44070
44118
44070
44119
44062
44132
44087
44079
44085
44110
44102
44117
44080
44110
44143
44069
44085
44087
44090
44142
44218
44086
44089
44356
44081
44096
44356
44089
44115
44086
44086
44143
44086
44089
44154
44118
44356
44116
44140
44098
44124
44140
44124
44142
44109
44121
44417
44117
44126
44114
44125
44353
44126
44143
44218
44142
44133
44137
44355
44153
44174
44189
44153
44155
44355
44131
44134
44237
44133
44135
44134
44228
44185
44174
44177
44146
44214
44240
44147
44240
44186
44279
44148
44155
44156
44228
44153
44355
44175
44240
44228
44159
44175
44159
44176
44187
44189
44237
44284
44162
44166
44173
44176
44169
44171
44173
44236
44177
44179
44236
44216
44196
44216
44203
44189
44187
44196
44203
44209
44210
44181
44217
44279
44183
44192
44227
44183
44192
44206
44231
44274
44210
44240
44203
44193
44210
44209
44198
44289
44296
44201
44226
44204
44205
44206
44207
44231
44229
44208
44211
44275
44236
44273
44212
44229
44267
44264
44217
44220
44217
44220
44235
44227
44233
44292
44222
44232
44354
44224
44258
44233
44258
44256
44273
44239
44235
44242
44254
44255
44306
44244
44249
44247
44246
44278
44248
44251
44339
44250
44252
44253
44252
44345
44411
44255
44265
44266
44271
44256
44264
44306
44266
44303
44265
44270
44278
44270
44275
44269
44299
44411
44293
44311
44277
44277
44293
44282
44306
44282
44294
44286
44290
44304
44288
44289
44290
44305
44304
44291
44295
44306
44294
44304
44302
44299
44300
44330
44301
44301
44302
44307
44310
44311
44316
44308
44310
44329
44429
44310
44323
44345
44315
44328
44427
44318
44338
44320
44322
44322
44429
44429
44328
44327
44331
44329
44429
44330
44335
44346
44336
44342
44347
44344
44339
44345
44340
44342
44343
44347
44347
44360
44361
44358
44405
44407
44399
44409
44365
44370
44372
44397
44378
44407
44373
44376
44378
44386
44388
44396
44384
44377
44384
44385
44400
45110
45976
44397
44392
44389
44388
44389
44390
44395
44430
44393
44408
44395
44404
44395
44430
44413
44402
44412
44428
44405
44408
44431
44406
44413
44428
44408
44412
45110
45196
47837
44416
44425
44416
44431
44420
44425
44423
46902
44432
44445
53189
44472
53107
53190
53210
53185
53186
44468
52890
53162
44439
53224
53228
44491
44463
53110
53197
44442
44450
44446
44457
44444
44484
44485
44455
44451
53120
44447
44452
44454
44456
44449
44453
44481
44454
44486
44491
53122
44453
44457
44574
44454
44467
44478
44481
44474
44481
44478
44569
44474
44475
44548
52891
53100
44563
52895
53123
53108
53120
53189
44569
44580
49605
49678
49683
44476
44552
44562
44574
53125
44562
53121
44540
52796
52811
52902
53161
56699
56728
52890
53102
53104
53196
49283
49284
44478
44476
44478
56583
56591
56731
56748
49281
44572
48987
53185
53188
53201
44486
44489
44491
44489
53229
52874
52971
53153
53194
53226
53193
53208
49597
56620
56624
53205
52182
52201
52245
52233
52248
52260
52125
52128
44505
52130
52144
52160
52244
52779
52140
52145
52151
52154
52178
52240
52266
44521
52134
44520
52165
52204
51932
52166
52233
52246
44509
49753
49801
50032
52070
52131
52132
52141
49769
49778
49781
49803
44510
44512
44524
52136
44512
44515
44517
52131
52181
44515
44517
44519
44544
44518
44518
44524
44521
44537
44581
52168
52178
52264
44524
51930
51960
52046
52173
52187
52245
44525
52146
52117
52160
52177
44528
44529
44557
52103
49749
52123
52146
52164
52113
52775
49722
49785
49802
52127
52175
52199
53126
52804
52806
52861
44544
52127
52128
52695
52721
44547
52797
52737
52848
52952
50053
50375
52764
52776
53100
52113
52129
52164
44581
44570
52793
44583
44553
49605
49621
49622
44552
44553
44565
44573
49694
52798
44571
48987
52792
52813
52842
52847
52889
53124
53134
44578
52860
53105
52893
44566
52891
52892
52814
52859
44573
44569
53180
53198
53220
53225
52811
48971
44583
53121
44576
44579
48979
53450
61608
61650
53099
53139
44581
44583
44918
55709
55746
55848
44613
44622
44825
44652
56094
44608
44611
45029
44593
45029
44593
45048
44598
44851
44595
44851
45056
44611
44618
44662
44597
44605
44663
45036
44609
44618
44845
55734
55743
55758
44848
45036
44613
44875
44600
44686
44601
44673
44602
45039
44610
44626
46384
44661
44662
44704
44610
44623
44664
44704
45037
44625
44658
44719
44613
44837
45056
44611
44659
44824
55932
55959
56063
44851
44621
44663
45036
44629
56048
44663
44875
44622
45013
44619
44625
44845
44824
45029
45039
44848
45064
44850
44875
44661
45631
44648
44743
45521
44704
45039
44848
45041
45068
45067
45071
45078
56039
56061
44631
44633
44634
45085
45523
44633
45080
45507
44635
45634
44635
45104
45508
44637
45083
44639
44644
44639
44643
44648
45027
45123
44656
44642
44676
45520
44643
44646
45070
44673
44657
44698
45027
44648
44673
44686
45027
45502
55982
56349
56350
45123
45506
45523
55927
55929
44743
45085
45123
55886
55943
55940
56046
56094
45141
45238
45030
45532
44743
45238
44661
44662
44714
45520
44676
45028
44824
44822
44675
44714
55922
55927
56256
55879
55909
56056
55894
55904
55958
55985
44698
45087
45519
55982
56272
55900
55905
56054
56264
45049
55970
56052
44675
44693
46357
46384
45028
45502
45641
45631
45502
44678
44682
45503
44681
44680
45618
45622
46373
46405
44682
44684
45810
44684
44705
44712
45665
44710
44714
45520
45073
45521
45617
46387
44689
44703
45665
44690
45620
45810
45620
56267
56275
46387
46405
45629
44711
45510
55742
55886
55888
55976
56050
56099
46378
45502
44701
44702
44712
46369
46365
45629
44721
46385
45626
44707
44709
46033
55930
55958
55985
44718
46357
45626
44713
45630
46462
46467
45087
45630
45633
44718
46357
44719
44727
55900
55926
56054
56350
44720
44746
46369
46467
44723
44724
46447
46351
46439
44725
44745
46454
44726
44728
44735
46358
46412
46456
46487
44749
46355
44731
44735
46448
44733
44770
44842
44740
46458
46415
46451
44736
44745
44769
46358
44738
44799
44884
44739
44741
44800
44844
44741
44744
44800
44770
46458
45086
44781
46458
44749
44750
46354
46353
44752
44756
44793
44758
44804
55530
55593
55835
54641
55813
56379
44834
44757
44761
44772
44773
46511
44759
44797
46425
44760
44804
44764
44777
44766
46425
44766
45034
46416
44766
44803
46415
44765
44782
44785
44781
44797
44767
44772
54587
56381
56408
46458
44779
44799
44804
46417
55344
46452
44780
44793
44786
55865
56372
44793
46420
55347
44793
44804
44785
44787
46417
45033
46420
54453
44782
44843
44800
44787
44808
55843
55909
44844
44839
55861
56375
44807
55721
55890
56093
44801
44814
55482
55536
55551
55313
55366
44814
44795
44818
46441
44801
44878
55308
44803
55313
55430
55554
44817
44818
44835
44884
44843
46425
44817
44820
44821
44814
55311
44844
46441
46417
46421
55317
45043
46442
46444
55253
55276
55296
44815
44909
45031
44817
44878
45031
44815
44829
44854
44899
44821
44829
44856
46442
44846
55536
55832
56055
56264
44855
44911
55767
55887
56083
44993
55754
55755
55795
55571
55780
45043
46442
55716
44835
44846
45043
55776
56079
55890
56093
44873
44960
45107
44864
44911
44840
44849
44955
46412
45033
46358
44847
44955
46444
46441
45037
44873
44887
44852
44855
44865
45082
44872
44874
45107
44915
44883
46445
46442
44867
44868
44876
44859
44860
44894
44866
45051
44861
44862
44894
44868
44872
44872
44896
44865
44876
44883
44871
44911
44876
45082
44868
44970
44970
45020
44874
44964
44970
45020
44885
44897
45044
44887
44960
44876
55689
44880
55286
55627
55794
45031
55141
55159
55684
55360
55361
55544
45107
44897
45013
45082
55648
55667
55802
45056
55574
55579
55639
44899
44901
44968
55708
55714
55715
55612
55623
55636
44957
44966
55201
55610
44898
45107
46445
44901
44915
44960
45026
44904
44956
44909
44914
44968
44915
44968
45022
55206
44914
44956
44968
44925
44914
44907
44938
44966
44957
44959
55152
55186
55666
44912
55292
46445
55217
55307
55733
55734
56086
45022
44948
55624
55608
55685
55800
55845
44920
55173
44922
44939
44965
45014
44923
44930
44969
44924
44932
44931
45014
44949
44967
44972
44945
44972
45014
44938
44959
44965
44969
44932
44933
44939
44945
44965
44943
44945
44969
44962
55174
44950
44973
44976
45084
55206
55292
55402
55432
55443
55177
44976
55654
55794
45023
45134
46972
44950
44977
44947
44973
44950
44952
44983
45055
45134
44952
45134
55714
44951
45016
44967
44954
44983
45114
44954
44979
44980
44989
45023
44967
44997
45056
55749
55754
55795
56104
55065
55239
55165
55195
55687
55203
55208
55413
45112
45114
55202
44973
55687
45032
45051
45022
55205
44978
44979
44997
45055
45127
44997
44981
44987
44990
44990
44995
45133
45000
44988
44989
44986
44991
45053
44987
44990
45017
44991
44999
45044
55787
56080
44999
45015
45021
45001
45126
45005
45115
45008
45112
45052
45124
45004
45006
45099
45052
45019
45074
45130
45010
45012
45115
45008
45012
45047
45015
55763
56085
56105
56943
45011
45012
45024
45045
45082
45102
45032
45114
45124
56048
56082
56090
45115
45112
45058
45130
45050
45050
45048
45060
45068
45051
46356
46412
46415
46466
55259
55297
45532
55722
55837
55995
45048
45047
45050
45046
45064
45072
45065
45068
45072
45046
45058
55935
55961
55969
45103
45111
45115
55760
56071
56085
56090
45058
45065
45106
45072
45078
56046
45065
45141
45062
45066
45076
45140
45141
45549
45120
45069
45069
45141
56106
56975
45532
45089
45520
46384
56070
56087
45077
45099
56036
56053
45120
45501
45106
56048
45118
45501
45549
45634
46122
45085
45523
45086
45117
45519
45091
45105
45106
45140
45099
45142
45093
45094
45214
45144
45168
45143
45118
45121
45128
45142
45101
45122
45122
45237
45501
45507
45119
45121
45244
45136
45237
45112
45108
45124
45523
45130
45109
45125
45169
46428
45116
45169
55741
55951
45126
45143
45238
45634
45244
45157
45122
45140
45200
45139
45168
45129
45135
45133
45132
45156
45168
45160
45144
45146
45157
45211
45241
45245
45169
45214
45245
45155
45156
45147
45159
45153
45187
57321
57327
57334
56996
45154
45159
45167
45174
45246
45154
45164
45165
45214
45156
45246
45159
45200
45200
45241
45211
45162
45553
45173
45205
56096
57025
45167
45201
45166
45171
45169
45171
45173
45215
45201
56023
56976
57027
45241
45212
45307
45204
45220
45177
45179
45182
45307
45190
45180
45192
45186
45182
45330
45192
56998
45204
45212
45186
45192
45306
45204
45220
45339
45212
45317
45339
45527
56015
56946
45308
45195
45310
45197
45224
46885
45309
45203
45220
45351
45224
45312
45202
45203
45220
45209
45210
45215
45223
45207
45216
45243
45319
45209
45243
45213
45215
45317
57011
57147
57088
57154
45242
45528
45240
45311
45536
57147
57186
45251
45553
45250
45551
55974
55981
57094
45232
45326
45450
45240
45324
45536
45234
45251
45600
45522
45601
56962
57081
45529
45327
45250
45500
45239
45553
45247
45250
45505
45239
45535
45549
45331
45536
45351
45249
45508
45535
45535
45600
45526
45311
45253
45272
45269
45369
45269
45276
45296
45260
45276
45281
45347
45348
45301
45369
45314
45262
45368
45373
45396
45264
45268
45271
45265
45267
45267
45273
45268
45269
45369
45271
45301
45289
45288
45277
45288
45291
45316
45279
45282
45288
45280
45302
45292
45284
45292
45290
45296
45299
45286
45290
45290
45296
45294
45300
45347
45315
45372
45293
45330
45297
45300
45298
45305
45310
45304
45346
45367
45346
45303
45354
45367
45309
45354
45310
45600
45318
56950
56974
57026
57337
45348
45373
45351
45328
57014
57081
45323
45443
45538
46885
45671
45328
45528
45528
45332
45338
45341
45530
45450
45354
45385
45337
45341
45337
45349
45366
45451
45349
45450
45351
45346
45363
45451
45344
45345
45386
45345
45484
45424
45366
45355
45363
45373
45361
45384
45386
57007
57009
57191
45355
45361
45437
45363
45437
45357
45370
45375
45360
45370
45395
45374
45380
45391
45451
45370
45380
45381
45379
45407
45367
45374
45378
45379
45384
45437
45396
45396
45378
45395
45437
45382
45407
45383
45391
45425
45449
45449
45435
45388
45394
45389
45390
45390
45391
45422
45422
45393
45394
45394
45395
45405
45406
45405
45398
45411
45413
45412
45400
45412
45412
45417
45411
45449
45409
45410
45423
45416
45424
45426
45414
45498
45414
45415
45447
45482
45541
45417
45436
45421
45499
45778
45428
45429
45423
45612
45436
45447
45499
45424
45484
45426
45432
45433
45434
45432
45444
45455
45430
45460
45431
45432
45454
45434
45441
45440
45440
45440
45448
45443
45483
45464
45559
45446
45448
45537
45462
45465
45578
45541
45483
45616
45667
45456
45471
45684
45464
45677
45463
45575
45468
45490
45803
46404
45597
45667
45597
45667
45818
45461
45677
45469
45477
45583
45559
45575
45607
45607
45559
45469
45778
45478
45493
45778
45616
45813
45478
45471
45607
45677
45813
46404
45473
45494
45789
45474
45475
45782
45576
45836
45479
45777
45492
45495
45539
45478
45803
45574
45492
45539
45541
45580
45778
45485
45580
45495
45487
45497
45489
45616
57106
57115
45493
45574
45580
45777
45807
45580
45498
45541
45536
46405
56963
57043
45525
45623
45509
45510
45511
45658
45658
45623
45514
45552
45564
45515
45546
45518
45611
45545
45534
45546
45599
45545
45547
45552
45547
45598
45641
46378
56963
57096
45611
45630
45599
45623
45661
45561
45661
56019
56020
56076
45671
45551
45561
45563
56041
57027
45563
45540
45671
45576
45542
45572
45671
45565
45578
45709
45552
45547
45550
57050
57076
57117
45598
45599
45564
45623
45556
45557
45565
45806
45558
45570
45560
45571
45562
45571
45594
45563
45565
45594
45573
45567
45571
45584
45605
45690
45610
45570
45592
45690
45577
45602
45722
45690
45603
45579
45605
45692
45644
45581
45684
46380
45594
45709
45677
46404
45605
45608
45588
45596
45669
57046
57061
57065
45588
45589
45804
45589
45710
45590
45591
45593
45592
45602
45593
45608
45625
56238
56240
45687
45691
45720
45658
45661
57121
45811
45644
45606
45614
45627
45692
45613
45656
45613
45622
45640
45611
45640
45703
45614
46373
46386
45625
45627
45654
46382
45799
45619
45620
46406
45622
45664
46387
46406
45699
46386
45628
56013
56252
45633
46462
45640
45703
46462
45703
46357
57140
57164
57165
57166
45636
45638
45657
45638
45653
46381
45642
45666
56230
56246
56297
46378
46381
45651
45819
46392
45646
46269
46382
46376
46382
45648
45693
45700
45649
45650
45693
45717
45659
45718
45663
45693
45708
45718
46269
45655
46382
45692
45664
45666
46383
45674
55998
57064
56768
56789
56836
57091
45717
45810
46467
45702
45829
45669
45716
45721
45691
45710
45672
45673
45682
45716
45674
45675
45804
45710
45716
56243
56247
57135
57075
57091
57178
45680
45721
45723
45682
45716
45682
45689
45713
45696
49574
56772
57139
57163
45688
45713
45748
45696
45815
45824
45720
45811
46380
45689
45707
45816
45749
45698
45714
56800
56824
45723
45818
45832
45713
56229
56253
57062
45701
45826
45702
45826
45715
45759
45705
45812
45727
45754
45748
45816
45759
45826
45715
45757
56831
56841
56895
45907
56825
56826
56882
45754
45812
46377
46376
45815
45824
45828
45818
45806
45811
45824
45734
45744
45753
45732
45747
45728
45747
46029
45737
46029
45748
45753
45730
45744
45814
45732
46046
45732
45747
45750
46048
45734
45736
46032
45748
45753
45907
45815
45835
45756
46028
45739
45757
45743
45830
46024
45805
46028
46279
45752
45755
45830
56220
56222
56227
56830
45755
45755
46050
46120
46003
46023
46030
46279
45826
45805
46036
56187
56213
56216
45756
46120
45759
46027
45812
45830
45834
46024
46064
45816
46229
56311
56834
46256
46262
46395
45763
45771
45764
45795
45766
45790
45771
45869
45769
45891
45892
45993
45773
45771
45993
45773
45776
45798
45774
45796
45775
45787
45780
45794
45791
45800
45870
45782
45870
45836
45784
45798
45848
45785
45849
45786
45797
45910
45794
45872
45798
45910
45792
45795
45871
45791
45807
45870
45792
45871
45802
45836
45800
45910
45892
45808
45849
45807
45851
45852
46037
45809
45828
45835
45872
46380
45817
45821
46032
45918
45834
46064
45833
45822
45918
45925
46046
45834
46260
45832
45837
45828
45831
45872
45832
45851
45849
45920
45839
45843
45917
45920
45846
45841
45842
45894
45905
45843
45854
45874
45923
45846
45848
45861
45847
45867
45848
45873
45918
46028
46060
45854
45860
45917
45864
45857
45862
45862
45865
45902
45861
45865
45867
45865
45875
45892
45864
45868
45893
45868
45893
45909
45917
45869
45909
45912
45922
45925
45891
45885
45904
45991
45880
45889
45890
45886
45890
45895
45885
45886
45884
45895
45999
45886
45896
45998
45888
45998
45998
45895
45909
45902
45903
45982
45908
45911
45965
45901
45977
45919
45963
45919
46032
45919
45993
45963
45916
45923
45924
52864
56916
45932
45925
45924
45930
46071
45929
45933
46041
45930
45949
46069
45929
45949
46044
46055
45932
45950
46035
53015
53166
56924
56932
52970
53140
45938
46081
45955
46070
46078
45966
48605
45950
46069
45945
46082
45948
45975
48624
53028
48643
46065
46116
48643
45953
45950
45973
45964
45969
45954
45971
45961
46116
45969
46070
48643
45958
45959
48604
45961
45972
45962
45980
45962
45977
45968
45978
45975
45969
48605
45971
45972
45971
46069
53006
53079
46428
45984
45992
48615
53004
53006
45984
48604
45982
45999
46000
45983
45996
45989
45986
45987
48672
48604
45999
48707
53002
53095
46000
45996
46002
46096
48148
46013
46006
46141
46240
46249
46017
46008
46012
46020
46106
46238
56113
56121
56124
56164
46011
46021
46058
46100
46012
46121
46031
46058
46018
46108
46118
46020
46105
46016
46107
46017
46115
46114
46030
46238
46107
46023
46395
46265
48381
46053
46075
46120
46028
46053
46279
46050
46056
56011
56063
56868
56883
46045
46037
46045
46049
46106
46108
46041
46045
46066
46041
46043
46066
46055
46043
46065
46048
46059
46051
46066
46060
46067
46076
46118
46249
46055
46090
46102
46117
46238
46068
46088
46068
46082
46063
46088
46091
46068
46082
46076
46105
46087
46116
48624
53007
53008
46116
46813
52999
53000
46081
46080
46083
46083
46087
50181
56140
56465
46104
46108
56113
56121
56142
56176
46091
46097
46813
46093
46110
46111
46094
46095
46423
46098
46103
46112
46111
46112
46101
46117
46107
46103
46236
46141
46155
46130
46115
46820
46127
46295
46121
46141
46265
46130
46125
46126
46129
46599
46243
46130
46129
46816
46828
46148
46153
46295
46132
46154
46176
46192
46831
46157
46202
46809
46150
46156
46192
46242
46137
46138
46232
46139
46146
46150
46139
46227
46246
46248
46154
46177
46247
46152
46295
48609
52987
46179
46233
46809
46156
46244
46233
46246
46820
46250
46828
46293
46525
56441
46233
46192
46252
46831
46156
46820
46599
46819
46172
46248
46192
46242
46188
46629
46836
46855
46161
46193
46862
46629
46920
46175
46193
46721
46183
46194
46183
46174
46197
46843
46182
46183
46186
46168
46836
46173
46197
46170
46186
46199
46239
46601
46176
46830
46184
46831
46184
46849
46188
46835
46837
46184
46849
46811
46828
46202
46601
46809
46594
46601
46186
46199
46855
56191
56343
56502
46252
46873
46855
56479
56501
46195
46195
46601
46193
46190
46310
46600
46304
46612
46641
46716
46873
60190
60197
60204
60234
46209
46212
46219
46499
46207
46212
46301
46252
46873
46204
46207
46216
46214
46217
46324
56312
56327
56418
46212
46213
46219
46302
46605
46210
46237
46253
46211
46213
46268
46220
46606
46302
46220
46215
46316
46216
46604
46605
46218
46296
46322
46324
46237
46239
46307
56466
46289
46304
46309
56191
56476
46309
56315
56502
46234
46254
46266
46309
56189
46234
46832
56141
56196
56182
56209
46251
46258
46284
46235
46615
46807
46253
46254
46615
46615
46246
50181
56139
56166
46245
46244
46250
46250
46820
46261
46264
46268
46256
46395
46257
46303
46258
46266
46274
46303
46277
56234
56235
56237
56250
46267
46398
46395
46268
46297
46595
46299
46312
46398
46287
46273
46276
46280
46281
46286
46306
56287
56310
46287
46299
46398
46280
46286
46300
46287
46335
46339
46288
46329
46335
46286
46299
46846
46303
46287
46388
46492
46306
46488
46846
46600
46423
48148
46292
46318
46407
46298
56501
46305
46310
46307
56504
46492
46307
46597
46496
46335
56195
56500
46602
46313
46317
46401
46407
46330
46362
46315
46319
46329
46341
46345
46402
46317
46587
46321
46361
46319
46322
46488
46338
56305
56415
56419
46324
46401
46401
46807
46361
46362
46328
46368
46403
46329
46345
46341
46396
46402
56272
56332
56412
46334
46372
46403
46344
46368
46463
56309
56326
56399
56258
56281
56284
56398
46409
46476
46367
46396
46469
46393
46368
46408
46476
46353
46403
46347
46367
46469
46348
46464
46349
46455
46350
46351
46372
46463
46439
55810
55811
55907
46354
46463
46457
46358
46487
55918
55924
55925
56265
54605
54634
56409
46587
46396
46448
46449
56366
56369
56389
46366
46457
46371
46408
46393
46455
46439
46454
46400
46394
46455
46386
46375
46406
46381
46392
46510
48148
46387
46478
46478
46461
56331
56339
46478
56233
56814
57069
46394
46403
56236
56245
56250
46595
55920
56263
46409
46488
46846
46476
54619
54622
55860
54612
54641
54710
55823
56362
46424
46424
54606
54652
55506
56404
46514
54459
55333
55314
46426
46514
46808
46453
46452
54465
54634
56430
46430
46528
46431
46516
46531
46432
46434
46577
54573
54580
54588
54597
46576
46484
46542
54380
54461
54381
54863
54866
46534
54369
54381
55262
55294
55864
46448
46453
46484
46449
46451
46470
46511
55582
55817
55915
55918
55922
55925
56353
56412
46470
56794
56799
56813
56817
55283
55290
46484
46542
46471
46500
46472
46477
46483
46500
46474
46518
46578
46481
46542
46481
46490
56397
56484
56537
46688
56369
56370
46482
46483
46501
46542
46576
46489
46502
46587
46495
46502
46494
46495
46521
46518
46578
46496
46520
46502
46498
46578
46521
46522
46507
46509
46569
46544
46570
46582
46578
46508
46580
46651
46508
46577
46519
46546
47643
47654
47754
54454
54444
54449
54451
46651
46533
46570
46586
46646
46533
56437
56445
56446
46543
46569
46521
46583
46544
46557
46571
46524
46570
46582
46530
46547
56460
56503
54342
54362
54374
54383
54362
54522
55592
46531
54945
46536
46567
46586
54496
54497
56532
54377
54380
54598
46539
46573
54707
46538
46547
54367
54368
54369
54594
54384
46567
46586
46564
46664
54348
46579
46582
46570
46572
46577
46552
46549
46568
46655
46551
46560
46551
46556
46624
46553
54365
46554
54360
46564
46638
54498
54579
56524
46562
46613
46559
54323
54348
46579
46582
46644
46648
46607
46613
46607
48172
46568
54698
54863
54866
46572
46584
46613
54527
46644
46580
46646
46583
46579
46651
54393
54359
54371
54373
54614
54621
54644
56405
46577
46592
46646
56309
56382
56486
46593
46592
46655
46593
46598
46610
54487
54515
56451
46603
46643
54520
54579
56524
46638
46615
46606
46603
46627
46628
46603
46612
46710
46710
46610
46889
46709
46847
46926
46611
46619
46624
46643
46616
46709
46847
46626
60236
60237
54692
54847
46658
46715
46720
46640
46647
46711
46712
46720
46709
46715
46837
46658
56514
60219
60242
46660
46711
46712
46641
46889
46833
46835
46836
54496
54499
54952
54485
54592
46648
46654
46656
54347
46639
46657
46660
46669
46719
46709
46711
46715
46682
46690
46719
46655
46708
46647
46720
46847
54083
54954
56538
46654
46681
46708
46714
46704
56386
56397
56484
54499
54529
54952
54267
54269
54302
54925
54472
54577
54618
46681
46681
46713
46669
46669
46690
46704
53968
54015
54181
46689
54283
54323
54350
54360
54517
56447
56455
56473
54349
54373
54517
46682
46714
46719
46700
46702
54251
54262
54268
47199
54152
46675
46679
54254
54143
54152
46680
46685
46707
46790
46689
46707
46684
46702
47098
54139
54141
54146
54205
54213
54222
54235
46790
54286
46686
46781
54281
46708
54281
54347
54353
46696
46782
46789
46790
54261
54546
54560
56532
56386
56425
56487
46799
54254
46692
46705
46731
46701
46738
46702
46799
46777
46781
46794
54104
54550
54562
46742
46794
54512
54513
56530
46699
46794
47097
46742
47130
46703
46746
47106
46706
46734
46857
47189
46714
46719
54281
46721
46737
46862
46730
46733
46743
46886
46741
46875
46886
46732
46731
46724
46725
46741
46739
46861
46726
46863
46871
46728
60110
60117
60149
60203
46729
46795
46861
46854
46736
46859
47189
46737
46737
46745
46782
47130
46746
46765
46737
46744
46859
47106
46744
46748
46886
54239
54249
54266
54352
46863
46782
46748
46854
46862
46875
47130
54091
60247
60250
60259
46859
46752
47071
46771
46860
47071
46798
46854
47106
46769
46860
46755
46758
46797
46891
46755
46758
46761
46872
46887
46760
46872
46798
46860
46760
46784
46784
46893
46763
46770
46780
46858
47071
46770
47096
48187
46766
46860
46785
47074
47190
54159
46796
47105
46798
47103
47104
46858
46773
47079
54167
46787
54155
54166
54179
54186
47095
47100
53629
53641
53788
53833
53838
54154
46796
54159
46780
46858
47074
47103
46857
46785
54156
47097
47069
47071
47104
46788
47182
47074
54138
54260
54241
47072
60265
60281
47105
54138
54141
54143
46872
54154
47432
46802
46848
46929
46925
46890
46925
46816
46819
47927
46811
46814
46815
46830
46864
46816
46848
46864
46848
46830
46922
46996
46919
46925
46978
46822
46842
46922
46996
46827
46829
46841
46868
46903
60084
60100
60106
46825
46994
46839
48510
46901
46996
46864
56136
56165
56198
46843
46920
56459
56495
56497
46840
46863
46869
46910
46871
46874
46923
46844
46883
46899
46889
46922
56154
56195
46852
46853
46911
46920
46861
46868
46908
46944
47190
46866
46881
46905
46893
46909
60175
60189
60194
60339
46901
56132
56159
56169
56488
46883
46944
46891
46895
46906
46992
46881
46962
48932
46880
46899
46907
46882
46923
46884
46962
46910
48510
46976
46893
46992
46893
46909
46901
46897
47043
46957
46979
47066
46898
46907
48510
46976
46984
46921
46947
46984
46923
50110
56207
60087
60090
56494
60105
60127
60132
60153
60155
46906
46962
46992
46976
46911
46913
46914
46915
46916
46917
46928
48533
46977
48510
60170
60177
60206
48533
46978
46931
46957
46941
46959
46980
46933
46935
46954
47351
47062
46953
46954
46960
46957
47066
46957
46980
46995
46980
47046
46960
47046
46997
46960
46982
47046
46956
46975
47113
46951
46981
47148
46961
46982
48096
46951
46975
48051
46952
46971
46964
48051
46955
47351
46958
47065
46961
46982
47045
48879
48093
47065
47036
46965
47008
47021
46966
46987
47021
47040
46970
46987
47049
46970
46981
47023
46990
48467
46973
48467
46987
47021
46981
47060
47148
47066
48463
46995
48467
60172
60176
60338
47113
46989
47107
47147
46987
47020
47033
47005
47020
47007
47049
46993
47119
47024
47114
47117
48438
48879
47045
47108
47000
47161
47002
47012
47022
47116
47162
47004
47020
47116
47006
47013
47149
47004
47116
48141
47005
47015
47157
47025
47157
47024
47026
47114
47046
48096
47011
47012
47311
47022
47341
47013
47319
47014
48143
47162
47910
47044
47051
47054
47336
47018
47019
47053
47333
47313
47336
47339
47040
47145
47910
47025
47060
47144
47107
47028
47037
47118
48145
47034
48931
47030
47141
47346
47032
47039
47344
47044
47052
47141
47141
48079
47048
47049
47036
47118
47348
47054
48143
47060
47042
47047
47063
47344
48112
47107
47049
47157
47162
47055
47063
48112
47113
48931
48051
47050
47055
47059
47116
47162
47351
47357
47053
48143
47064
47336
47350
48931
47057
48035
47344
47349
47351
47348
47062
48035
47357
48042
48145
47141
48093
47079
54159
47103
47126
47123
60284
60287
60324
53711
53717
60264
47182
47225
47927
47226
47302
53666
53824
54097
53814
54040
47098
47187
47193
53632
47172
48163
53702
47135
47139
47416
61077
47089
47096
47102
47086
47125
47177
47122
47195
47137
47174
47197
47089
47099
47137
48187
47187
47195
47125
47122
47193
47207
53633
53632
53693
47293
48627
53630
53668
47104
47123
54154
54112
47102
53636
53645
47470
48393
47112
47129
54139
48051
54063
60182
60277
60322
53922
53928
54037
47143
47172
60347
47204
47369
48019
52143
47140
48110
47140
47128
47147
47135
47176
47197
47129
48389
47126
48187
47197
48183
47204
47132
47133
47158
48185
47171
47175
48183
47138
47176
47420
47138
47174
47186
53701
60292
48162
47416
47177
47195
47204
59983
60315
60342
60343
60288
61065
47149
48143
47153
47206
53679
60323
61069
48110
48096
47157
47151
47155
47156
47334
47341
47341
47155
47158
47161
48185
47159
47171
48141
47161
48141
47173
47231
47342
47420
47217
47334
47166
47167
47298
47168
47211
48182
47168
47170
47231
47211
47299
47829
48182
47200
61043
47211
47177
47176
47342
48183
47184
61090
60300
61031
61079
61341
54090
60281
60282
61061
53702
60341
54155
53690
61087
61096
47233
61086
53700
60261
60267
53682
53817
47829
48185
53464
53815
53344
53739
53777
53783
47195
53656
53673
53688
47306
47928
53546
48162
47202
47416
54149
47306
47928
47208
47221
53649
47231
47420
47208
47221
47298
53539
53640
53835
60277
60284
47225
53641
47218
47878
47214
47217
47213
47214
47222
47218
47871
47215
47299
47303
53662
53965
54157
47299
47829
47219
47303
47220
47871
47275
47232
47223
47447
47281
47275
53494
53631
53571
53710
53720
53723
53494
53497
60295
60308
61076
53410
53601
53818
47275
53556
61071
61084
48222
47236
47328
53510
47256
53479
53489
53499
53512
53491
53519
47240
47243
47245
47246
47258
47245
47814
47243
47957
47249
47262
47245
47288
47262
47288
47307
47885
47725
47297
53506
53515
47250
47258
47721
47278
47283
47260
53491
53519
53531
61372
61379
61388
47714
53472
53488
61501
47724
47951
53475
47328
47885
47291
47722
47746
47748
47266
47885
47447
47871
53474
53479
53417
53424
53504
47267
47286
47402
47810
47267
47276
47286
47957
47276
47292
47402
47721
47790
47269
47272
47279
47752
47282
47271
47273
47280
47278
47722
47278
47279
47277
47286
47857
47957
47790
47811
47746
47783
47296
47290
47401
47718
47721
47402
47412
47810
47290
47454
47810
47296
47329
47329
47343
47888
47449
47811
47709
47718
47411
47369
47343
47814
53417
53547
47878
53717
54040
54092
53696
61083
61125
47314
53569
53600
47878
47317
47341
48236
47862
61322
61401
47309
53540
53607
53626
53627
53545
47718
47721
47725
47317
47315
47926
47331
53422
53551
47317
48236
47327
47355
47327
47322
47356
47418
47340
47355
47426
47323
47352
47426
47332
47383
47325
47409
47906
47326
47335
47743
47337
47906
47414
47338
47926
47340
47355
47335
47426
47743
47339
47340
48185
47354
47926
47906
47350
47356
47356
47349
47367
48058
47349
48135
47359
47385
47418
47355
47743
47387
47415
48035
48035
47418
47361
47475
47362
47398
47421
47363
47374
47365
47379
47368
47379
47368
47382
48058
47561
47371
47374
47372
47381
47393
47397
47375
47376
47398
47377
47377
47404
47381
47398
47419
47393
47410
47415
47417
47387
47405
47415
47417
48149
47387
47388
48021
47409
47395
47392
47395
47737
47403
47462
47812
47395
47406
47424
47403
47425
47403
47423
47461
48408
47931
47400
47804
47449
47411
47424
47931
47459
47422
47429
47410
47992
47419
47459
47737
48021
47419
47413
47454
47474
47475
48025
48149
47490
47446
47490
47490
47992
47727
47961
47446
47477
47580
47448
47453
47471
47443
47446
47580
47804
47435
47436
47438
47583
47445
47604
47437
47961
47578
47727
47445
47440
47441
47589
47442
47494
47468
47473
47476
47576
47585
47735
47468
47477
47552
47477
47491
47578
47454
47474
47471
47474
48021
48140
47452
47575
47729
47804
47471
47457
47457
47463
47466
47458
47517
47462
47462
47463
47464
47552
47607
47467
47479
47521
47469
47515
47517
47469
47514
47585
47472
48425
47478
47515
47552
47998
47512
48149
47589
47492
47482
47484
47589
47483
47487
47488
47495
47548
47495
47520
47506
47519
47577
47510
47548
47501
47548
47489
47502
47494
47589
47580
47585
47735
47520
47506
47508
47576
47497
47513
47550
47984
47499
47500
47591
47510
47548
47587
47508
47591
47504
47592
47507
47508
47610
47736
47573
47587
47963
47588
47592
47577
48021
47537
47607
47521
47588
47986
47553
47739
47529
47546
47549
47526
47557
47995
47526
47529
47540
48956
47546
47995
47558
47997
47995
47533
47547
47572
47532
47544
47985
47541
47535
47965
47985
47739
47538
47587
47984
47739
47546
47739
47549
47542
47556
47544
47969
47545
47560
47985
47553
47994
47560
47595
47946
47555
47809
47946
47958
47796
47991
47945
47965
47809
47845
48000
48019
48184
47564
47734
47807
47961
47567
47571
47987
47578
47727
47832
47958
47988
47807
47988
47809
47960
47570
47581
47741
47630
47987
47994
47579
47581
47610
47728
47986
47633
47963
47584
47961
47604
47612
47799
47807
47796
47593
47599
47596
47605
47946
47630
47631
47734
47633
47963
47633
47608
47791
47609
47629
47605
47608
47803
47632
47609
47640
47683
47803
47998
47609
47677
47791
47795
47628
47730
47740
47795
47619
47677
47833
47640
47683
47619
47641
47618
47646
47732
47677
47791
47806
47956
47621
47626
47627
47622
47688
47623
47634
47802
47625
47626
47731
47733
47632
47640
47645
47740
47795
47679
47635
47636
47686
47771
47655
47658
47716
47639
47641
47644
47652
47656
47696
47759
47642
47856
47696
48019
47647
47696
47646
47678
47658
47652
47676
47751
47650
47715
61533
61551
61556
61571
61532
61535
61555
47673
47675
61557
61571
47653
47757
47774
47656
47757
47657
47732
47732
47802
47660
61508
61528
61541
47671
47673
61550
61558
47685
61531
61540
47699
47768
61527
61570
47701
53456
61507
61520
47672
47697
61540
61545
47704
61510
61432
61546
61538
61543
61547
47715
61535
61545
61549
47672
47681
61525
61561
47682
47685
47763
61553
61563
61579
47682
47774
47806
47802
47803
61547
47756
48111
52142
47774
47716
47692
47705
47717
47758
47846
47690
47706
47691
47793
47694
47783
47695
47697
47694
47733
47846
47706
47717
47768
47751
47758
47720
53487
53508
61503
47717
53477
61492
61513
61530
61495
61498
53475
53480
61506
47732
47833
61535
61550
61555
47710
47723
47763
53477
61570
47724
47951
47711
47726
47747
47951
53508
47863
53483
53503
47869
53476
53474
61505
47778
47726
47722
47936
61328
61367
61385
47726
53477
47758
47846
47725
47729
47742
47800
47806
47733
47741
47984
47945
47962
47807
47947
47798
47799
47832
47793
47748
47951
47793
47773
47780
47849
47755
47776
47902
47800
47755
47797
48148
52143
47769
47760
47771
47766
47779
47774
61539
47769
47894
61514
61428
61429
61576
61451
61542
47770
61383
61448
47769
47779
47894
47776
47840
61361
61440
61362
61440
61538
61486
61579
47824
47847
47788
47838
47824
47902
47780
47835
47838
61531
61540
47840
53468
47782
47835
47838
47788
47968
47840
47847
47894
47786
47794
47797
47789
47839
47788
47839
47855
47805
47839
47892
47814
47794
47799
47798
47801
48028
47856
47805
47988
47856
47956
47808
47832
47845
47892
47947
47811
47992
47820
47890
48024
47817
47818
47826
47909
47827
47889
48069
47907
47929
47820
47841
47968
47821
47953
47823
47890
47825
47891
47909
47826
47879
47840
47826
47864
47875
47875
47889
47836
47851
47876
47882
47889
47905
47912
48000
47835
47861
48193
47841
47860
47849
48193
47877
48193
48212
61363
61404
61673
47853
47873
53531
61379
47960
61444
48235
61456
47902
53294
61366
61410
47858
47914
61343
61364
61371
61389
47881
47914
47938
47968
47859
47860
47879
47866
47877
48212
53468
61329
61348
61382
53565
47976
47874
47876
47897
47881
48212
47870
47882
47925
47925
48204
61337
53471
53490
48204
48237
47874
47880
48208
48210
47881
47925
48237
47974
47879
48182
47953
47883
47897
48237
47900
48188
47952
48190
48230
47899
47901
48194
47899
47944
48236
47912
47893
47944
48196
47959
47909
47929
61445
47896
47900
48205
48188
48223
61335
48190
48254
47899
48152
48224
48192
47952
47907
47911
47915
47923
47911
47972
48196
47909
48069
48140
47930
47972
48224
47929
47937
48152
48164
47916
47935
48066
48139
47939
48049
47919
48049
48153
47922
48156
48049
47977
48066
48139
47937
47955
47972
48047
48008
48009
48011
48069
47935
47933
48014
48001
48004
48009
48045
48048
47941
47989
61330
61381
48132
47959
48139
48153
47943
47981
48001
48015
48018
47974
47973
48017
48224
47949
47980
47958
47950
47971
48953
47967
47983
47954
47966
47976
48198
48193
47972
48153
48000
47960
47965
47971
47965
47982
48940
48024
47994
47973
47979
47981
48144
47976
47981
48004
48020
48048
47982
48003
48018
47997
48953
48066
48956
47996
47999
48950
48956
48027
48949
48006
48070
48015
48020
48015
48006
48022
48918
48055
48065
48011
48151
48914
48059
48907
48013
48011
48013
48030
48072
48013
48014
48048
48026
48070
48890
48888
48935
48938
48954
48065
48144
48155
48151
48034
48075
48076
48036
48037
48062
48044
48060
48076
48053
48060
48890
48891
48935
48098
48151
48902
52149
52698
48043
48071
48058
48060
48134
48059
48139
48153
48133
48076
48134
48871
48060
48067
48071
48067
48458
48064
48077
48090
48070
48935
48073
48883
48934
48072
48134
48914
48064
48068
48087
48074
48271
48881
48934
48100
48870
48926
48078
48882
48871
48881
48888
48857
48907
48907
48077
48087
48087
48082
48944
48145
48931
48102
48538
48880
48434
48562
48896
48088
48458
48873
48102
48534
48089
48091
48434
48089
48434
48097
48534
48558
48896
48090
48107
48092
48095
48100
48107
48464
48469
48880
48272
48436
48873
48901
48914
48109
48436
48101
48130
48272
48537
48539
48127
48136
48878
48105
48169
48917
48326
48142
48917
48469
48457
48184
48135
48136
48173
48326
48435
48436
48128
48266
48277
48454
48118
48128
48123
48878
60036
60138
60198
48123
48125
48281
48123
48124
48270
48129
48125
48161
48275
48424
48129
48260
48255
48169
48271
48870
48156
48156
48157
48150
48165
48168
48199
48156
48166
52570
61808
48267
48934
48871
48907
48890
48954
48201
48259
61039
61041
61042
48233
61043
48165
48167
48198
48199
48170
48186
48173
48171
48179
48175
48181
48219
48272
48177
48180
48232
48186
48238
48180
48181
48195
48216
48181
48238
48179
48199
48197
48219
48218
48233
48210
48191
48197
48192
48230
48253
48202
48206
48224
60785
60736
60754
61021
48209
61331
48297
48218
48244
61027
61037
61066
48237
61338
61399
61342
61331
61334
61385
60769
60790
60819
61306
61326
61003
61050
61219
48219
60810
60813
60817
48229
60779
60784
60789
61335
61008
60789
48368
60319
48227
48242
48428
48239
48269
48229
48234
48280
48244
48263
48232
48252
48269
48263
52188
48243
60732
60760
61390
61444
48265
48328
48252
48303
60980
61022
61050
61211
48258
48303
48303
60751
60379
61059
48247
48324
61007
48279
60744
60998
61051
60734
60762
48338
60742
60755
61008
61023
48297
48281
48258
48261
48258
48276
48278
48327
48281
48328
48261
48262
48266
48327
48444
48280
53679
60278
60355
61069
48281
48419
48930
60314
60334
60342
48280
48878
48917
48277
48487
48276
48282
48286
48283
48293
48325
48285
48327
48423
48300
48303
48428
48306
48293
48420
48444
48301
48377
60312
60332
60341
48286
48287
48292
48426
48288
48300
48292
48376
48301
48311
48426
59984
60371
60372
48311
48351
48376
48311
48426
48351
48296
48299
48302
48322
48298
48384
48307
48324
60668
60663
48305
48375
48307
48353
48305
48307
48320
60760
60711
60761
60798
48364
48384
50957
60668
60651
60684
60694
60757
48321
60638
60661
60698
60664
60686
48316
48477
51727
48318
48351
48343
48352
59979
60005
48324
48343
48352
48391
48351
48352
48420
48429
48878
52590
52558
52572
52620
48356
52488
52502
52620
48341
48343
48354
48334
52461
60617
48336
60628
48354
50957
60663
60003
61059
60714
52472
52482
50904
50979
50989
51031
48369
60638
52475
52503
52546
52708
48355
60725
60745
50992
51022
51132
60450
60602
48360
51061
52463
48392
52565
52471
60630
60672
60693
60706
60719
48391
48355
48378
48371
48361
52466
52482
52483
52563
52566
52599
52630
52503
52505
52528
52609
48369
60672
52502
52505
52528
50802
59968
60389
52550
52554
52986
60653
52485
52574
48379
48382
50782
50790
60362
60406
60021
60371
48378
52473
51727
60734
60742
48382
52568
48388
48377
48386
52468
52564
52568
48382
48388
48386
60663
50216
50224
59993
60369
60372
50201
50213
60062
52585
52590
48425
48550
52557
52589
50190
59973
60004
48412
52562
48406
48411
48484
48412
48484
48410
48411
48491
52579
52594
52646
52683
52988
48486
52580
52582
52610
52616
52658
48485
48529
48412
48452
48415
48513
52659
52925
60054
60067
48484
52629
52658
52660
48430
52588
48496
52466
52483
52488
52630
48418
48431
48455
48491
48497
48444
50196
52574
60128
48423
48441
48487
48427
48429
48441
48432
48487
48441
48446
48477
48514
52335
48459
48454
48457
48457
48492
48565
48450
48453
48462
48453
48497
48453
48474
60056
60061
60135
48491
48474
48489
48460
48516
48872
48462
48472
48476
48474
48476
48472
48565
48494
48527
48497
48457
48492
48554
48473
48503
48464
48472
48565
48532
48466
48564
48530
48472
48532
48471
48554
48530
48532
48880
48558
48475
48531
48564
48483
48489
51838
52908
52926
48481
48482
48523
48547
48496
48505
48513
48483
48503
48483
48521
48524
52915
48498
52583
52668
50145
52925
60135
48508
48503
48515
48516
48523
48496
48496
52573
60048
60157
48527
52595
52954
52579
52587
52593
50430
50468
52575
60014
60368
52659
50140
50141
50151
50205
50464
50466
56840
56881
48526
48531
50100
60078
60093
50117
56172
60083
52915
59698
48529
52904
48524
52921
52941
52957
52935
52951
52959
48523
52671
52904
52905
48551
48556
48559
48578
48546
48597
48529
48614
52675
52679
52911
48541
48564
48622
52942
52672
48541
48872
48541
48536
48539
48567
48537
48593
48901
48586
48586
48551
48586
48549
48612
48545
48563
48545
48853
48560
48876
48622
48629
52905
48557
48559
48563
48583
48842
48867
48555
48774
48563
48774
52445
48588
48596
48611
48562
50734
48586
48591
48611
48562
48864
48561
48563
48591
48591
48716
48569
48574
48735
48594
48850
48584
48780
48836
48842
48848
48863
48573
48576
48628
48574
48840
48706
48577
48584
48693
48577
48579
48613
48584
48875
48583
48582
48589
48716
48706
48711
48829
48588
48589
48716
48735
48844
48850
48591
48626
48706
48715
48840
48628
48840
48612
48903
48706
48716
48597
48607
48705
48599
48619
48717
48600
48616
48620
52997
48603
48606
53001
48609
52990
52926
52940
48629
52995
48629
52926
53000
52993
52648
52903
48642
53013
48619
52922
52923
52940
48619
48712
48732
48623
48717
48633
48637
48905
52996
48647
53015
53085
53141
48905
48691
48715
48732
48634
48641
48696
48696
48648
53014
48636
48638
48639
48645
48673
48695
48697
48640
48645
48731
48650
48674
48641
48668
48731
48667
48701
48670
53014
48671
48674
48685
48648
48707
53169
48667
53079
48670
48656
48670
48714
48671
48701
48659
48686
48703
48714
48662
48660
48661
48687
48665
48666
48671
48686
48714
48687
48696
53082
48674
48684
48699
48679
48687
48708
48753
48680
48682
48683
48698
48703
48698
48753
48687
48689
48698
48686
48703
48748
48702
48753
48700
48796
48719
48700
48713
48833
48726
48697
48719
48710
48719
48697
48708
48702
48709
48734
48708
48710
48719
48905
52993
53012
48713
48715
48718
48731
48718
48732
48723
48814
48846
48727
48835
48742
48833
48826
48846
48851
48831
48841
48833
48841
48796
48800
48894
48730
48743
48738
48739
53013
53078
48875
48831
48894
48744
48761
48768
48740
48770
48764
48782
48796
48764
48894
48763
48746
48757
48750
48799
48749
48756
48751
48773
48754
48770
48782
48782
48799
48799
48783
48784
48784
48779
48766
48770
48767
48794
48887
50870
48772
48769
48779
48785
48769
48771
48772
48776
48869
48778
61845
48777
48778
48828
48829
48835
48793
48791
48793
48801
48794
48798
48805
48869
48841
48807
48826
48830
48831
48804
48827
48808
48806
48807
48808
48827
48810
48899
48911
48812
48868
48943
48892
48822
48899
48825
48832
48830
48860
48817
48847
48898
48849
48862
48895
48943
48861
48862
48821
48849
48862
48846
48855
48824
48911
48843
48892
48827
48832
48858
48852
59698
48858
48900
48849
48855
48863
48855
48885
48845
48853
48900
48847
48848
48849
48855
48920
48856
48906
48943
48904
48915
48882
48885
48916
48866
48868
48892
48866
48885
48874
48881
48883
48877
48882
48900
48884
48886
48883
48898
48897
48941
50612
66017
48908
48929
48938
48938
48899
48906
48942
48916
48941
48912
48942
48916
48908
48912
48912
48910
48913
48910
48915
48936
48929
48913
48930
48919
48926
48925
48957
51857
48924
48951
48939
48925
48933
48951
48925
48937
48939
48945
48946
48943
48937
48934
48936
48937
48947
48949
48949
48954
48952
50612
48960
48961
48965
48961
48966
48969
48970
48967
48967
48968
49265
57372
57377
57367
57374
48975
57372
48976
48977
48994
57396
48984
57400
48983
49064
61602
61681
48985
49062
49062
57391
49280
57393
57395
48985
49043
49280
49251
49043
49072
57382
48991
48999
49037
49070
49072
57387
48996
48999
48998
57382
57387
48996
49045
57379
49038
49044
57386
57294
57296
57297
49038
49050
49041
49063
49086
57381
49050
57387
49001
49041
49003
57356
57376
49041
57375
57270
57271
57277
57260
57266
57246
56689
57253
57254
49010
49015
49014
49582
49080
49582
56661
57246
57225
57246
49028
49575
49582
56664
57256
49017
49092
49535
49052
49061
49023
49096
49092
49535
56674
49036
49052
49080
49089
49034
57224
57248
57244
57302
57351
57244
57228
49102
56658
57174
57255
49034
49076
49081
49050
49088
49033
49036
49077
49074
49081
49035
49081
49081
49051
49088
57379
57372
57377
57290
57386
57243
57244
57351
57383
57375
57378
57351
49096
49049
49057
49074
49086
49049
57381
57388
49058
49074
49086
49059
49055
49255
49256
57391
57394
57404
49056
49066
49079
49058
49065
49058
49077
49066
49061
49061
49087
49295
57407
49070
49072
57399
49078
57389
49068
49085
49163
49069
49071
49078
49079
57375
49078
49088
49254
49256
57390
49096
49087
49256
57248
57257
49083
49544
49084
49095
49113
49202
49254
49256
49096
49097
49098
49100
49111
49097
49148
49094
49133
49101
49103
49131
49289
49202
49289
49103
49202
49112
49099
49100
49113
49130
49566
49122
49126
49490
49534
49550
49107
49109
49152
49108
49110
49137
49191
49110
49129
49146
49118
49112
49481
49129
49146
49199
49490
49534
49116
49482
49117
49485
49544
49480
49463
49578
49465
49534
49125
49126
49199
49122
49473
49490
49123
49124
49457
49127
49452
49127
49153
49127
49194
49572
49145
49289
49566
49163
49577
49202
49162
49552
49136
49162
49180
49165
49191
49144
49250
49580
49141
49156
49300
49155
49258
49157
49241
49312
49143
49158
49300
49144
49292
49154
49549
49569
49164
49247
49259
49149
49482
49569
49150
49578
49164
49180
49161
49191
49239
49580
49173
49180
49157
49174
49238
49188
49159
49200
49300
49173
49190
49312
49288
49290
49185
49481
49291
49173
49180
49167
49170
62393
49171
49177
49169
49170
62421
49181
62420
49171
49182
49186
49182
49186
49188
49536
49275
49175
49200
49177
49178
49238
49304
62407
62417
49197
49179
49197
49235
49189
49293
62406
62407
62590
62295
62296
62396
49287
49238
49221
49229
62307
49190
49452
49275
49536
49288
62387
62438
62459
62407
62415
62417
49452
49454
49456
49459
62936
62433
62937
62948
62392
62402
49463
62389
62404
62427
62920
49205
49210
49205
49218
49211
49225
49260
49296
49307
49209
49210
49212
49215
49216
49305
49215
49227
49216
49217
49305
49227
49220
49310
62314
49245
62313
62375
62309
62412
49223
49230
49236
49229
49233
62307
49230
49296
49226
62300
49233
49305
62298
62300
62309
49240
49233
49257
62287
62385
49235
49243
62383
62401
62413
62383
62401
49306
49240
49243
62382
62397
49249
49271
49306
49258
62299
62412
49306
49260
49285
49308
62378
62379
49249
49302
49303
49251
49252
49277
49294
49292
49258
49274
49274
49306
49577
57391
57404
49312
49286
49287
49291
49298
49262
49263
49270
49282
49281
57416
57447
59400
49270
49282
61644
61730
49282
49285
49294
57397
57398
57399
49301
49288
49277
49294
49301
52335
52992
57383
57392
49283
49580
49580
49293
49536
49302
49299
62399
62411
49307
49311
62378
62379
62315
62982
62990
63018
49376
62978
63071
49448
62933
62950
49420
63028
63069
49318
49319
49719
49322
49731
49365
49725
49322
49371
49742
49372
49379
49716
52048
49324
49396
49745
49325
49375
49675
49396
49632
49327
49405
49673
49350
49644
49331
49336
49632
49673
49375
49635
50066
49668
49672
49337
49668
49720
49334
49338
49511
49335
49400
50068
49395
49676
49353
49668
49339
49656
49389
49400
49407
49353
49676
49743
49341
49404
49389
49397
49407
49343
49351
49735
49345
49348
49345
49720
49739
49347
49347
49352
50078
49348
49824
49721
49406
49656
49728
49409
49664
49674
49363
49668
49720
49836
62980
63944
63966
64029
49360
49362
63878
62987
63073
64204
49360
49365
49756
63866
63873
63940
63892
64147
49364
49364
49752
49370
49725
63888
63894
49396
49726
50078
49372
49716
49731
49374
52048
49374
49406
49373
49724
49381
49404
49739
49719
49752
49378
49379
49418
63080
49380
49384
49380
49381
49388
49382
49383
49388
49387
49386
49428
49386
49437
49415
49433
49433
62895
62899
63040
62894
63035
63039
64210
49394
49540
49659
49414
49409
49674
50068
49672
49404
49742
49399
49408
49511
49743
49402
49403
49501
49416
49518
49414
49502
49724
49674
49653
49742
49653
49414
49511
49411
49654
49659
49413
49667
49413
49502
49540
49660
49428
49510
49422
49418
49428
49430
63083
49805
62993
63001
63074
63934
62927
62960
62964
49424
49432
49441
49426
49427
62950
62957
49443
49447
63087
62954
49440
62967
49431
62951
62954
62952
62958
49443
49447
62943
49496
49441
62910
62911
62912
49805
62971
63082
49496
63087
49461
49446
49495
49538
49471
62957
49453
49464
49541
49462
49464
49490
49534
62947
63033
49458
62948
63033
62935
63033
62384
62409
49550
49472
49471
49483
49468
49472
49486
49469
49657
49470
49509
49471
49506
49487
49475
49507
49476
49498
49519
49497
49478
49494
49479
49480
49488
49489
49486
49489
49566
49488
49537
62388
62423
62427
49495
49537
49543
49506
49567
49498
49499
49504
49523
49543
49655
49501
49658
49665
49502
49540
49654
49659
49664
49505
49655
49520
49661
49658
49665
49538
49567
49519
49657
49513
49591
49646
49514
49531
49554
49557
49593
49554
49598
49517
49530
49662
49661
49538
49665
49523
49522
49529
49647
49667
49658
49528
49542
49655
49526
49529
49646
49647
49527
49599
49600
49646
49573
49592
49679
49662
49573
49661
49593
49600
49533
49553
49562
49539
49548
49657
49549
49566
49562
49679
49547
49553
49560
49548
49564
49549
49578
49559
49591
49556
49559
49598
49557
49561
49601
49598
49598
49560
49571
49576
49571
49584
49565
49575
49568
49576
49575
49579
49578
56696
56721
57161
49655
56692
56776
49583
56650
56667
56663
49585
49601
49590
53129
56631
56639
49588
49593
49601
49589
49590
49715
49594
49594
49662
49715
56700
56784
49602
49710
56636
56653
56544
56626
49648
49608
49623
49715
49605
49683
49638
49612
49648
49609
49638
50481
49622
49613
49696
56545
56570
56648
50083
50481
49625
49681
49682
50481
52975
56549
56551
56609
49682
49698
49700
50462
56552
56603
49618
49619
49698
49620
49629
49620
49636
49684
49638
56622
49623
56620
49700
49701
50071
49680
49683
49680
49683
49704
49628
49671
49629
49686
49689
49687
49631
50062
49633
52133
49635
49677
49642
49666
49673
50065
49650
50083
49670
49711
49682
49692
49700
56614
49641
49643
49688
49703
49644
49652
49663
49670
49711
49644
49663
49664
49649
49688
49703
49709
49681
49680
49690
49704
49690
49654
49656
49743
49667
49666
49670
49749
49689
52133
50078
49789
50066
50083
50481
49709
49690
49749
49687
49698
50071
49687
50075
50060
49711
56543
56575
49696
56584
56598
56605
49702
50460
49701
56610
49705
49712
56546
56547
56560
56563
50459
56548
56928
56929
50083
56550
56570
56603
56610
53145
56591
56727
56640
56651
56554
56606
56553
56643
56647
63081
63846
63848
64213
49783
63876
49731
49728
49733
49753
49754
50032
52048
49748
49750
49748
49774
49780
49739
49730
49733
49750
49740
49740
49887
52057
49736
49736
49740
52057
50032
49803
49762
49802
52057
49779
49783
49801
63880
63939
49748
49774
49747
49774
50063
49751
50016
49788
49788
49780
49790
49756
49802
49761
52006
62983
63888
62979
63065
62985
62989
63005
63862
63900
49841
63855
63942
64428
49814
49793
49765
49792
49799
49765
49807
49834
49806
49767
49827
52158
49768
49776
52025
49829
50011
49795
52157
49771
49777
49829
52167
49778
49794
49788
49779
50037
52157
49789
52158
49831
52158
49784
49798
49798
49795
49831
50012
49835
63875
49798
50013
50012
50037
52157
49797
50063
49791
50016
49798
50013
49825
49887
50010
49795
49829
49831
49890
52158
49889
51979
51991
49806
50010
49835
52157
49882
63015
63072
51979
49812
63983
64025
64481
49812
49813
49833
49842
49857
51936
51990
63969
49840
51992
49837
49833
51938
63961
63985
63856
63943
63963
49818
49821
49822
49872
49820
49904
49826
49828
49827
49879
49935
49823
49827
49890
49828
49874
50078
49873
49913
49869
49933
49954
51534
64007
64017
49840
63954
63873
63884
63898
63900
49857
49913
49857
49876
51936
51938
51989
63863
63955
49843
63970
49881
63910
64047
51552
64508
51555
63976
64523
51936
51989
49849
49850
51554
51515
51550
49876
49908
49880
49881
49909
49853
49900
49854
51906
49896
51600
49878
49899
49912
49915
63952
63971
49902
64046
64153
64498
49860
49861
51638
51937
49901
49934
49871
49901
49865
49906
51809
49864
49884
49905
51550
52040
49866
49914
49867
51520
49868
49894
49956
49870
52272
49968
50000
51548
49933
49934
49954
51554
51599
49888
49890
51994
49910
49911
51516
51517
63986
64488
64508
49880
49883
49933
50072
51517
51518
49912
51519
49893
49903
51870
49896
49899
64817
64517
64732
64817
50037
52075
51490
51548
52040
51936
49900
51540
49895
49929
49968
50000
64516
49956
51520
52313
51550
52040
63979
49903
51906
49904
51490
49913
51944
49953
51599
49952
51551
51870
49952
51551
51516
51555
63979
51517
51519
49915
51518
51518
63970
51945
63968
51491
51520
63979
49918
49996
52455
49919
52249
52689
49919
50349
52249
49959
49921
50002
51535
52290
49948
52277
49923
49925
49998
49945
49970
52275
49950
49964
49975
51485
49970
49973
52234
49927
49961
51477
52251
50343
50443
49929
49931
52294
49930
49956
49931
51570
49944
49965
49938
50000
51556
50072
52025
49938
49944
63866
63887
63899
49949
51570
49940
49947
49955
49944
49965
49993
49969
49997
51556
52274
49943
49946
51475
49947
50353
49985
49994
49947
49967
51502
49951
50343
52290
49997
49978
52281
52234
51543
51515
51550
51937
49971
49993
52277
49958
49960
50682
50664
52253
51470
52253
50340
51470
49963
49972
51469
51474
51471
51486
50660
52249
49967
51495
52313
51495
51638
51937
49999
52272
52290
50353
50443
51486
52251
50449
52281
50340
51469
51474
50387
50660
50003
50040
50433
49978
50387
50423
50433
50039
49980
50364
50416
49982
49982
50040
50045
50038
50367
49984
51501
52087
49992
50035
51957
49986
49995
50042
52270
49988
49991
50026
50043
50003
50440
49990
50027
50029
49991
50026
52254
50027
52189
51535
49997
52274
52275
50001
50035
50664
52253
52198
50001
51570
51596
52270
52275
50004
50043
50005
50040
50044
50439
50007
50026
50028
50029
50030
52148
50009
50019
50051
50028
50044
50037
50036
52025
52039
50014
50024
50031
50016
50074
52176
50077
50021
50052
52192
50020
50025
50046
50073
50048
52112
52192
50022
50023
50022
52152
50050
50046
52112
52192
50077
50035
52254
52148
50064
50046
50064
50033
52087
52189
50050
50081
52176
50041
51501
50040
50423
50433
50440
50449
50072
52254
52191
50439
50453
50050
50073
52176
50049
50051
50052
52152
50054
50059
50452
50377
52191
50056
52690
50455
50473
50058
50079
50484
50455
52195
50376
50071
50390
50079
50376
50390
50484
50063
50069
50074
52189
50066
50076
50485
50070
50074
50081
52133
50459
51493
50076
50485
50082
52176
50459
50471
52690
52776
52152
50471
50484
50086
50089
50095
50103
50183
50088
50101
50139
50199
50092
50405
50091
50218
50405
50096
50138
50166
50093
50185
50198
50194
50197
50095
50103
50140
50151
50138
50151
50152
50119
50149
50154
51038
50099
50109
50149
50100
50118
50113
50102
60058
60077
50139
50154
50105
50144
50269
50106
50121
50107
50108
50120
50109
50171
50109
50119
50118
56200
56200
56897
56936
50113
50175
60091
60094
50125
50115
52931
56923
50184
56201
56481
56842
60052
50176
50144
50121
50153
50122
50136
50124
50135
50126
50130
56898
50126
50175
50176
50178
50127
50169
56922
50478
52930
56902
50130
52930
56930
50169
52958
50132
50135
52677
50133
50143
50134
50150
52626
50205
50269
50136
50170
52626
50140
50144
50269
50405
50149
51038
50142
52597
50163
50205
50428
50150
50430
50154
60058
60077
50148
50157
50164
50177
50148
50161
50397
50200
50428
50166
50297
52597
50156
50402
50426
50165
50412
50160
50159
50160
50327
50419
50164
50398
50162
50267
50270
50429
50200
50267
52622
50468
50483
50217
50426
50468
50469
50186
50478
52930
50170
52677
50172
50176
50178
52920
56879
56880
56881
50195
60050
60055
56938
50200
56919
56129
56130
60119
60065
60067
56134
56154
60114
60116
60122
60152
51038
56123
56843
50193
50405
50426
50469
50188
50191
50215
50193
50197
50204
50212
50214
50191
50216
60009
50246
60007
60026
60388
50212
50198
60060
50213
60173
50202
60004
50215
60061
50428
52575
60014
59974
60016
60368
59987
59999
60397
50208
50210
50207
50210
50795
50214
50296
50209
50211
52603
50231
50246
50211
50784
50760
50218
60057
60072
50217
50218
50233
60008
50246
50296
50220
50237
50256
50247
50773
50222
50788
50802
50229
50279
50315
50231
50258
50259
50760
50225
50231
50259
50315
50782
60362
60366
60405
50786
59968
60366
60405
60026
60318
60365
50750
52569
52573
60029
60035
60336
60132
60142
60154
60155
60014
50264
50775
50788
52569
50236
50240
50771
50774
50775
52569
50238
50753
50241
50815
50253
50281
50761
50751
50774
50262
50281
50753
50243
50300
50758
50815
50272
50752
50245
50260
50272
50396
52603
50300
50815
50249
50250
50326
50251
50752
52561
50251
50298
50312
50253
50254
50762
50255
50755
50255
50265
50710
50325
50794
50797
50295
50314
50396
50773
50797
50279
50314
50325
50757
50295
50396
50758
50264
50786
50788
59968
50772
50692
50757
50276
50280
52561
50270
50276
50393
52626
50397
50308
50393
50406
50312
50758
50277
50278
50752
52561
50307
50330
50781
50298
50308
50393
50326
50429
50300
50795
50795
52706
50750
50310
50429
52706
50283
50327
50371
50284
50285
50311
50415
50286
50357
50294
50427
50288
50292
50356
50306
50445
50371
50415
50292
50357
50294
50306
52551
52206
52551
50294
50306
50319
50305
50313
50770
50310
52706
50310
50330
50307
50320
50427
50302
50411
50303
50659
52206
50307
50311
50427
50358
50427
52687
50309
50328
50781
50313
50330
50396
50350
50331
50802
50371
50414
50320
50324
50358
50677
50319
50324
50358
50363
50370
50350
50673
50677
52416
50756
50761
50324
50337
50673
50393
50400
52633
50400
50352
50757
50763
52402
50352
50666
50766
50352
50676
50766
50661
50681
50766
50336
50345
50438
52449
50342
50369
50442
50676
50681
50346
50372
50373
50347
50372
52455
50351
50346
50372
50438
50688
52421
50365
50348
50683
52443
50369
50664
50442
50681
52449
50368
52455
50677
50770
51470
52253
51486
50355
50372
52455
50360
52206
50415
52551
50361
50364
50447
50395
50447
50445
50370
50442
50365
52227
50447
50374
50431
50660
50438
52340
50683
52443
52633
50445
50388
50389
50451
50485
52764
52776
50379
50382
50477
50380
50446
50448
50381
50482
50432
50456
50448
50458
50384
50385
52719
50420
50432
50386
50411
50392
50416
50431
50436
50451
50435
50436
50485
50436
52810
50435
50659
50659
50406
52622
50483
50479
52633
50419
50402
50403
50410
50425
50410
50417
50418
50432
50456
50419
50408
50482
50417
50418
50421
50424
50479
52719
50424
50483
50420
50457
50479
52719
50423
52227
50470
50444
52622
50422
50444
50422
50482
50432
50457
50426
52956
50453
50439
50453
52764
52810
52191
52198
50471
52251
52277
50457
52687
50482
52198
50458
50473
50453
52690
56552
56603
52960
56617
50474
50475
56613
50473
50476
56582
56625
50480
56918
50467
52862
56561
56910
53127
56569
56909
52712
52956
50475
52195
52807
56560
56563
56616
52809
52818
56611
56615
52746
52799
56900
56917
52746
52975
50488
50883
50494
50495
50547
50492
50550
50551
50492
50568
50583
50557
50604
50551
50577
51100
50548
50577
50512
50550
50512
50623
50626
50499
50500
50510
50524
50501
50736
50509
50523
50503
50611
51097
50609
50910
50505
50555
50609
50510
50542
50736
50508
50605
52498
50508
50604
51347
51278
51282
50607
50521
50622
50517
50520
50556
51296
50514
50515
50533
50540
50517
50537
50516
51068
50542
50736
50540
50607
50519
50572
50622
50521
50530
50868
50557
50577
51099
50524
50891
50527
50531
50542
50540
50555
50736
50862
50526
50528
50899
50895
50902
50529
50553
50901
50529
50532
50553
50861
50861
50891
51164
51068
51103
50899
50534
51068
50536
50539
50536
50569
51109
50538
51343
50539
51099
50539
50541
50608
50543
50570
50901
50544
50575
51093
50592
50577
51092
51099
50567
50575
51094
50883
50556
50883
51096
51100
50583
51100
50557
51094
51298
50557
50568
50604
50559
50607
50602
51442
50602
50608
51068
51103
51343
50562
51105
51356
50563
50574
50584
50565
51094
50566
50567
51351
51093
51285
50570
51072
50571
51172
51093
51104
50910
50922
50579
50580
50580
51102
50592
50631
51109
50615
50708
50729
50624
51421
51105
51413
50582
50600
51422
50655
51509
50626
50585
50642
51102
51368
51412
50591
50649
50882
50716
50631
51283
50610
50611
50884
50594
51092
51095
50620
51286
50601
50882
50596
50615
51186
50601
51367
50606
50615
50708
50599
50620
50633
50655
51509
50616
50618
50637
50610
50603
50605
50608
51282
51282
51442
50716
50622
50614
51097
50621
50910
51816
51428
52389
51367
51442
51101
51427
50618
50641
50655
50629
50650
50729
51422
52305
50888
50900
51002
51354
51356
51101
51102
51368
50649
50715
51356
50649
51508
50629
50630
51129
50637
50646
50640
51424
51103
50633
50706
51151
50704
50888
50636
50706
50933
50636
50648
50690
50647
50651
50703
50639
50640
50705
51129
50645
51366
50643
50644
50933
51107
51347
51412
50646
50941
50655
50704
51402
51424
51129
50689
50706
50651
50665
52494
50879
51289
51427
50694
50653
50658
50654
51484
51457
51513
50675
50707
51200
50705
51513
52351
51483
51510
50674
50678
50707
51200
50688
51219
52421
52340
50667
52385
50672
50679
50707
52367
50669
50713
50759
50670
50732
50714
50745
51161
50684
50691
52397
50676
50688
52515
50701
52351
52385
50691
50766
50684
51158
51161
50759
52514
52697
52449
50878
50759
52514
50710
50713
50759
50702
50941
50709
50878
50878
52397
50710
51159
50700
50709
50941
50696
50698
50712
50697
50711
50745
50714
51165
51428
52389
50700
50888
52389
51151
51165
51510
50705
51129
51421
51424
50706
51219
51286
52305
51151
50712
50767
50737
51171
50762
50828
50717
51508
51171
51428
50719
50741
50743
50720
50739
50997
50722
50832
50722
50723
50779
50805
50724
50744
50832
50743
51152
50728
50730
50765
51152
50728
50744
50777
50832
50747
50780
50738
50768
51136
50733
50745
50999
50767
50778
60740
50738
50747
51136
50952
50742
50805
50743
50880
50742
50817
51030
50991
50749
50764
50765
50767
50749
50769
50776
50792
50794
50797
50756
50754
50756
50761
50761
50792
50773
50769
50770
52416
50807
50768
50792
50828
50793
52487
50806
52470
50794
50796
50777
50778
50780
50780
50999
50799
50897
59967
59967
59969
60156
60179
50795
50800
50801
50813
60363
50829
60384
60390
50791
52469
60395
60156
60318
60401
60433
50798
50807
52470
52487
52487
50800
50804
50897
60400
60447
52485
50810
50830
50805
50808
50813
60363
60399
50816
50810
51054
60425
60447
60631
50830
50953
50830
50954
60423
52470
60429
60440
60502
50830
50820
50819
50822
50966
50820
50854
51030
50824
50822
50823
50858
50854
50833
50856
50825
50842
50826
50837
50953
50954
60508
50833
50842
50999
51050
60398
60432
60499
50997
50942
50881
60510
50836
50852
50959
60511
60529
50842
60449
50839
50850
50877
50840
50841
50851
50931
50858
50874
50942
50844
50849
50925
50850
50855
50856
50847
50925
50927
50852
50959
50968
60514
60539
50940
50875
51081
50858
51081
50944
50873
50942
50873
51081
50864
50873
50875
50909
50863
50913
50940
51000
50902
50865
50867
50924
50944
50868
50909
50889
50908
50869
50871
50889
50908
50872
50877
51362
60830
50944
50876
50890
50877
50884
50886
50960
51083
50934
50966
60540
50887
51121
50892
50896
50900
51002
51083
50951
50932
50934
51121
50901
52337
50919
50986
51001
50895
51001
50898
50899
51141
51113
50922
51164
50956
50906
50919
50945
50956
50994
50907
50979
50994
50951
50912
50956
50921
50924
50924
50950
50918
50948
50964
50917
50929
50943
50958
50949
60583
50929
50943
50993
50926
50929
50945
50926
50945
50930
60707
50949
60707
50943
50965
60581
50958
60583
60608
50960
50966
50941
60448
60592
60602
60963
60465
60471
60540
60577
60705
60887
60515
60532
60564
60911
60551
60552
60703
50948
52480
60594
60699
60701
50994
51111
51108
50954
60500
60706
60726
60667
60701
50968
60707
50967
51052
60633
60666
60737
60757
60589
60593
60604
60786
50975
52481
60613
50991
52480
60518
50978
51052
60603
60605
60611
50977
50978
50988
51056
50973
50980
50976
51041
60565
60678
60994
50977
50979
51052
51056
50978
52481
51036
51041
50992
51037
51059
50983
51020
51022
50984
50998
50985
50987
50987
50989
50998
51042
51056
50995
51059
51170
51030
51019
51170
51001
51020
51042
51010
51026
51152
52337
52350
52396
52464
51005
51025
51046
51009
51148
51027
52464
52527
51155
52495
52504
51013
51015
52373
51040
51011
51113
51141
51112
51118
51013
51014
51026
51112
51015
51131
51115
51039
51148
52490
51048
51155
52708
51039
52382
51040
51170
51028
51114
52490
51046
51202
52373
51029
52396
52545
52608
51032
51049
52382
51153
52527
51042
51035
51037
51154
52462
52493
51049
51057
51154
51045
51045
51065
52382
52465
51114
51132
51148
51055
51058
60678
60738
60994
51045
52465
51139
51060
52477
52493
52509
52490
60433
60992
60684
60693
60724
60596
51059
52493
51059
52465
51063
52484
60623
51062
60622
51063
52463
52486
52484
52493
60639
60418
52480
60606
60612
51092
51095
51096
51100
51071
51089
51104
51075
51117
51073
51423
51106
51172
51119
51181
51203
51080
51119
51176
51077
51088
51179
51183
51458
51130
51423
51128
51181
52530
51082
51106
51119
51106
51128
51181
51188
51091
51216
51512
51458
51512
52372
51089
51117
51195
51168
51184
52390
51098
51120
51180
51512
51120
51195
51095
51298
51442
51351
51421
51172
51358
51423
51278
51343
51115
51145
51146
51164
51131
51306
51142
52373
51118
51333
51514
51120
51176
51137
51306
51123
51125
51134
51653
51125
51134
52346
52390
51134
51157
51131
51135
51142
51133
51138
51201
51277
51514
51137
51148
51162
51143
51160
51162
52530
51171
51160
51140
52396
51202
52350
51145
51144
51157
51169
52381
51162
51202
51653
51182
51150
52350
52371
52464
52608
52509
52531
52518
51202
52375
52517
52514
52402
51189
52514
51166
51167
51185
52521
52389
52331
52386
51175
52334
51188
51175
52387
51184
51185
52386
51183
52386
52442
52393
51180
51178
51183
51187
51207
52447
51188
52372
51203
52372
60746
51184
52346
52498
51426
51458
52293
51203
51201
51514
52530
51191
52345
52358
52282
52298
52321
51211
51276
51205
51214
51238
51239
51264
51435
51275
51216
51269
51217
51237
52311
52448
51216
51239
51207
52311
52447
51510
51274
52370
52386
51208
51435
51274
52332
52447
52293
52448
51209
51243
51242
51415
51257
51267
52448
51214
51215
51463
51213
51237
52296
51215
51217
51276
51415
51281
51267
51238
51269
51435
52367
51226
51246
51256
51226
51436
51585
51224
51233
51585
51246
51800
52280
51232
52317
51463
51878
51228
51896
52317
51232
51881
51886
51884
51925
51232
51233
51925
51235
51436
51249
51885
51905
51958
51896
52269
52358
51269
51242
51250
51878
51242
51266
51415
51245
51244
51245
51435
51437
51251
51248
51253
51891
51256
51878
51844
51897
51437
51891
51436
52280
51387
51533
51255
51433
51533
51262
51387
52309
51799
51433
51281
52293
51310
51311
51806
51309
51325
51699
51806
51271
51272
51401
51440
51480
51831
51388
51440
51806
51265
51430
51270
51271
51406
51878
51292
51430
51432
51273
51430
51406
51290
51388
51279
51307
52325
52442
51419
51283
52498
51280
51288
51768
51290
51401
51426
51333
51344
51346
51355
51351
51509
51288
51300
51308
51307
51412
51304
51768
51294
51308
51307
51295
51297
51305
51298
51344
51355
51345
51346
51349
51355
51344
51414
51346
51416
51303
51414
51302
51305
51768
51388
51397
51345
51333
51357
51414
51316
51387
51831
51312
51692
51699
51387
51314
51317
51691
51326
51692
51695
51316
51687
51319
51409
51692
51761
51762
51335
51425
51701
51326
51425
51323
51668
51322
51664
51668
51335
51341
51350
51328
51665
51622
51327
51388
51699
51330
51331
51663
51342
51693
51340
51622
51700
51340
51334
51336
51410
51665
51664
51669
51345
51417
51700
51348
51352
51351
51432
51389
51646
51776
51386
51685
51390
51418
51411
51670
51410
51349
51349
51390
51409
51663
51353
51359
51405
51646
51358
51359
51364
51361
51420
51407
59698
51382
51405
51413
51462
51404
52498
51427
51373
51392
51459
51399
51464
51587
51648
51649
51373
51588
51621
51460
51464
51648
51391
51587
51619
51398
51411
51619
51394
51632
51776
51418
51617
51628
51677
51405
51383
51384
51400
51385
51441
51396
51443
51385
51399
51441
51393
51389
51417
51408
51685
51393
51394
51632
51591
51623
51587
51398
51618
51620
51405
51649
51400
51623
51406
51462
52348
51429
51431
52348
51431
52348
51646
51425
51416
51632
51463
51432
51462
52348
51427
51695
51512
51793
51438
51531
51480
52309
51453
51635
51831
51689
51444
51446
51479
51635
51467
51532
51449
51456
51496
51449
51450
51511
51465
51478
51494
51453
51455
51546
51459
51481
51478
51482
51531
51499
51531
51467
52291
51503
51591
51587
51649
51586
52291
51621
51466
51505
51468
51473
51479
51484
52291
51477
51477
51506
51475
51505
51507
51511
51506
51504
51548
51551
52040
51635
51481
51532
51635
51488
51546
52281
52689
51491
51492
51497
51500
51489
51494
51502
51504
51599
51872
51520
52313
51534
51504
51511
51502
52294
51498
51546
51499
51913
51545
51547
51546
51957
52039
51506
51507
52305
51519
51518
51524
64527
64529
64532
64700
51524
64540
51601
51714
64816
64821
64886
63988
63990
64523
51561
51562
51529
51597
51890
52028
51887
51824
51847
64815
51547
51591
51891
52272
51537
51539
51573
51541
51582
51539
51605
51560
51561
51542
51890
51544
51571
51605
51563
51870
51887
51563
52319
51545
51582
51913
51809
64536
64539
64544
64793
64505
64512
64518
64456
64458
64521
64524
51744
63973
52272
51566
64547
64555
51560
51562
51575
51563
51571
51605
51887
51573
51565
51647
64531
51575
64467
64473
51568
51593
51639
51569
51572
51578
51574
51580
51576
51580
51584
51592
51641
51829
51640
51645
51581
51583
51611
51590
51639
51712
64554
64637
64799
51584
51592
51604
51604
51593
51640
51589
51593
51639
51829
51832
51604
51603
51740
51611
64551
64760
51957
51601
64539
64545
64549
64793
51871
51965
64456
64524
64537
64699
51611
51613
51644
51712
64760
64545
64551
64826
51644
51652
51741
64637
64697
64706
51654
51724
51840
64578
51734
64689
64738
51636
51740
51633
51686
51780
51791
64261
64300
65188
51672
51686
51724
51791
51620
51624
51625
51649
51677
51687
51625
51629
51711
51627
51648
51789
51688
51643
51631
51681
51758
51673
51763
51741
51783
64536
64537
64544
64699
51644
64760
51829
51832
51641
51645
51643
51683
51759
51797
51789
51650
64702
51652
64546
64631
64697
51721
51791
51672
64777
64779
64879
51752
51754
51717
64573
64681
51674
64737
64763
51660
51722
64669
64673
64556
64564
64565
64602
51668
51687
51690
51700
51667
51675
51690
51669
51676
51680
51682
51693
51776
51673
51676
51763
51777
64632
64789
51680
51765
51679
51680
51682
51694
51696
51701
51704
51711
51697
51765
51693
51873
51763
51760
51767
51698
51781
51767
51698
51726
51777
51803
51767
51731
51746
51705
51767
51710
51719
51803
51708
51719
51803
51725
51729
51709
51781
51779
51745
64562
64751
64773
64783
52028
51716
51718
64704
64680
64686
51723
51754
51774
51729
64672
64692
64704
51724
64576
51774
64692
64714
51746
51747
52445
64684
64707
51745
51748
51731
51772
51794
51732
51743
51735
64712
64742
64650
64728
51790
51794
51771
51798
51739
51750
51817
51750
51818
51784
51741
64725
64814
64821
51746
63979
64510
64714
51748
64784
64827
64901
51790
64595
64606
64620
64688
51785
51795
64573
64678
51756
51760
51766
51804
51764
51779
51761
51762
51782
51835
51830
51873
51789
51764
51766
51805
51781
51775
51798
51804
51793
51802
51807
51778
51785
51808
51795
51789
51832
51782
51804
51787
51783
51797
51787
51795
51801
51801
51845
51796
52288
51799
51802
52288
64823
51801
51834
51799
51799
51835
51807
51830
52288
51844
51883
52289
51812
51813
51825
51858
51834
51828
51852
51852
51820
51822
51848
51869
66017
51818
51819
51839
51895
51821
51836
51874
51823
51898
51853
51876
51836
51848
64822
51845
51852
51852
51903
52289
51833
52289
51858
51883
51900
51845
51915
64808
64812
52335
51843
64678
64720
64733
64883
64740
64802
64901
64883
51859
51847
51849
51851
51867
64813
51849
51898
51851
51856
51867
51854
51861
51892
51859
51876
51884
52280
51898
52014
51874
51861
51864
51893
61808
51892
52014
51866
51893
51966
51868
64812
51874
51900
51890
51906
52028
51913
52319
64528
64531
64700
51883
51900
51880
51907
51880
51881
51888
51882
51923
51882
52283
51903
51888
51888
51925
52292
52309
51898
51985
52086
64815
64822
64825
51915
51909
64561
64572
64580
51902
51909
51922
52286
52289
51908
52041
52287
52292
51923
51929
52012
51922
51931
52286
51932
52235
52238
52259
52260
51921
52012
52236
51917
51929
52260
52284
51923
52300
51919
51930
51934
52235
52238
52323
51928
52011
52239
52044
52047
51952
51985
51997
52360
52698
52044
52236
52323
51940
51984
52021
52021
52279
51933
51935
52045
52266
52239
52240
51970
51984
51964
52041
51950
51988
51954
51959
51964
51988
51959
52287
52075
52081
63974
63983
51988
51950
51968
52013
52060
51955
51986
52030
52060
51955
51999
52287
51985
52286
52041
52026
51966
52086
51970
52003
52013
51970
52011
52026
64515
51968
51969
51971
51995
52002
51998
51972
51995
51973
52017
52078
52007
52030
51976
51977
52019
51978
52089
51986
52007
52008
52078
52241
51983
52082
52241
51993
52011
51995
52003
51992
51992
52081
52080
51996
52075
52292
52003
52022
52001
52009
52004
52050
52019
52018
52084
52156
52241
52020
52031
52043
63939
52019
52042
52042
52089
52015
52083
52020
52043
52027
52020
52022
52041
52026
52034
52240
52094
52166
52031
52034
52035
52038
52091
52033
52034
52155
52038
52090
52161
52038
52062
52067
52062
52064
52093
52052
52167
52241
52061
52092
52279
52235
52237
52286
52053
52054
52059
52093
52085
52156
52064
52069
52092
52062
52099
52095
52055
52088
52063
52162
52059
52098
52156
52064
52088
52067
52069
52083
52069
52065
52091
52066
52068
52071
52162
52163
52071
52159
52072
52073
52141
52163
52074
52077
52139
52080
52077
52130
52141
52084
52090
52138
52163
52081
52097
52088
52099
52202
52092
52165
52178
52098
52098
52156
52102
52146
52123
52129
52777
52103
52104
52107
52108
52110
52111
52107
52108
52120
52789
52121
52122
52787
52815
52119
52782
52781
52802
52148
52782
52127
52692
52781
52815
52207
52125
52244
52497
52705
52175
52200
52121
52858
52781
52147
52200
52691
52171
52127
52194
52244
52151
52207
52150
52775
52244
52775
52132
52153
52170
52144
52181
52135
52136
52144
52159
52144
52171
52138
52140
52170
52202
52153
52162
52163
52207
52153
52155
52202
52175
52228
52400
52777
52155
52172
52161
52169
52174
52203
52266
52172
52177
52177
52204
52777
52174
52180
52182
52264
52692
52184
52185
52190
52263
52777
52184
52193
52208
52211
52211
52242
52187
52230
52205
52779
52263
52199
52779
52690
52197
52225
52767
52696
52228
52802
52226
52211
52242
52242
52456
52243
52210
52243
52252
52243
52250
52268
52316
52360
52497
52307
52342
52216
52256
52223
52262
52316
52219
52222
52307
52224
52268
52314
52783
52223
52307
52318
52446
52261
52307
52440
52261
52314
52250
52261
52329
52691
52787
52228
52691
52230
52329
52231
52232
52453
52255
52312
52329
52281
52259
52259
52279
52323
52264
52248
52248
52267
52336
52314
52265
52316
52441
52459
52322
52361
52278
52303
52312
52265
52361
52783
52267
52336
52451
52271
52303
52274
52276
52278
63980
63984
64071
52283
52310
52297
52304
52300
52310
52374
52361
52439
52313
52320
52344
52349
52345
52303
52345
52362
52322
52374
52327
52308
52308
52322
52439
52330
52352
52318
52320
52328
52440
52446
52330
52349
52458
52326
52344
52349
52370
52360
52698
52343
52349
52332
52358
52334
52370
52344
52334
52359
52393
52353
52507
52341
52347
52383
52697
52377
52362
52390
52521
52354
52359
52375
52441
52454
52377
52458
52355
52368
52356
52392
52357
52383
52422
52366
52377
52664
52451
52446
52364
52366
52387
52369
52378
52369
52381
52384
52368
52494
52515
52401
52387
52458
52381
52388
52517
52439
52451
52517
52380
52388
52384
52395
52513
52394
52395
52420
52388
52395
52393
52513
52532
52401
52422
52508
52539
52527
52399
52406
52533
52423
52508
52698
52416
67041
52415
52444
52511
52512
52523
52529
52409
52511
52508
52533
52704
52414
52444
52433
52525
52718
52412
52700
52716
52686
52701
66461
67048
52425
52533
52552
52419
52526
52536
52769
52419
52444
52519
52697
52704
52511
52529
52532
52536
52525
52427
52433
52525
52430
52543
52523
52526
52430
52433
52784
52435
52456
52457
52437
52516
52520
52624
52684
52457
52460
52460
52784
53131
52613
52769
52450
52454
52452
52447
52687
52547
52543
52457
52459
52688
52538
60630
60660
52479
52553
52473
52489
52492
52467
52663
52499
60363
60367
60399
52538
60664
52489
52499
52577
52499
52564
52663
52476
52479
52553
52486
52553
52495
52545
52509
52708
52502
60645
60389
52489
52491
52572
52531
52553
52577
52545
52524
52506
52519
52524
52664
55061
52501
52505
52544
52609
52617
52657
52541
52609
52512
52548
52992
52512
52519
52674
52539
52620
52986
52536
52621
52541
52552
52546
52686
52716
52537
52618
52549
52550
52556
60682
52657
52550
52567
52563
52552
52726
52617
52657
52703
52560
53227
52986
52558
52599
53131
55061
52567
52588
52566
52568
52585
52621
52599
60063
59971
59973
60013
60070
52606
52581
52595
52592
52983
52619
52619
52592
52594
52596
52599
52589
52591
52589
52593
52598
52601
52604
52594
52598
52604
52667
52600
52943
52600
52602
52605
52611
52611
52615
52943
52616
52629
52666
52705
53165
52614
52709
52703
52613
52623
52627
52623
52714
52616
52680
52642
52703
52659
52915
52625
52643
52707
52769
52641
52658
52709
52943
52663
52660
52667
52943
52654
52740
52830
52641
52655
52656
52734
52710
52639
52654
52734
52662
52724
52830
52651
52748
52785
52640
52641
52661
52964
52680
52739
56551
56568
56609
56613
52785
52927
52949
52949
52964
52671
52942
52991
52649
52669
52670
52675
52955
52652
52654
52652
52653
52823
52933
52654
52661
52709
52749
52711
52749
52947
52682
52740
52741
52676
53165
60695
52983
52683
52669
52670
52672
52988
52912
52903
52675
52678
52927
52932
52712
52956
52679
52919
52913
52703
67034
67046
52748
52964
52947
52954
52699
52700
52784
52713
52696
52782
52694
52720
52725
52722
52768
52718
52702
52717
55061
58842
52769
52739
52749
52830
52958
52717
52739
52749
52731
52743
52743
52771
52726
52727
52723
52767
52727
52801
52745
52765
52730
52732
52742
52744
52733
52747
52729
52738
52730
52731
52735
52763
52773
52830
52821
52750
52753
52850
52828
52834
52853
52763
52773
52772
52929
52762
52763
52745
52768
52821
52821
52809
52752
52755
52949
52754
52755
52827
52933
52753
52773
52759
52778
52801
67027
67086
52759
52829
52801
52780
52850
52900
52828
52831
52848
52825
52929
52788
52788
52821
52817
52780
52791
52829
52786
52806
52850
52806
52823
52928
52788
52790
52829
52791
52812
52816
52793
52797
52803
52816
52901
52796
52803
52814
52826
52901
52807
56559
52871
56600
52814
52902
53103
52815
52805
52901
52805
56617
52871
56565
56609
52896
52826
52820
52857
52900
53105
56601
67032
52850
52861
52847
52857
53126
52948
52825
52848
52831
52854
52901
52848
52946
52851
52858
52852
66487
52834
52836
52961
52953
52841
52845
52837
52863
52841
52853
52839
52842
52845
52847
52887
56566
56604
56901
52843
52846
52873
52872
52875
53020
56899
52851
52853
52849
52900
52852
52854
52873
52873
52898
52869
53126
52869
53126
52869
53127
56604
52865
52961
56863
52878
52875
52878
52879
52898
52872
52898
52876
52879
52882
53044
52880
52884
52968
53128
53128
52885
53044
56571
56572
56592
56590
56615
52966
53045
52971
52899
53139
52889
53133
52893
52894
52895
53125
52896
52897
53103
52897
52902
53099
52904
52912
52942
52914
52923
53138
52926
52984
52984
52991
53138
52911
52913
52991
52913
52914
52919
52912
53138
52941
52945
52917
52937
52957
52918
52959
52935
52950
52934
56931
52922
52944
52941
53165
53553
60695
60071
52934
52935
52950
52958
56900
56922
52949
52955
52946
52950
52948
52982
52962
52963
52951
52953
52984
52972
52985
52964
52953
52963
52988
52988
56564
56604
52963
53024
53024
56200
56936
60091
52969
53032
52977
53033
52969
53033
52976
53035
53021
53023
53113
53132
52973
52982
52979
52977
53033
53036
56552
53023
53048
52989
52981
53031
53065
52980
52981
52987
53010
53001
60682
52995
52996
52997
56908
56919
56931
56933
53007
53010
53001
53005
53141
53005
53079
53085
53014
53009
53028
53009
53029
53081
53011
53011
53031
53034
53141
53095
53027
53083
53084
53096
53023
53035
53140
56919
56920
56933
56938
56562
56902
56930
53041
53067
53074
53084
53026
53038
53096
53150
53037
53083
53085
53065
53140
53166
53083
53166
53048
53035
53075
53084
53084
53141
53039
53060
53067
53062
53064
53043
53054
53144
53096
53052
53060
53150
53046
53119
53045
53149
53052
53064
53069
53051
53070
53315
57544
59170
53157
53053
53066
53080
53142
53158
53164
53149
53077
53058
53061
53064
53062
53068
53074
53068
53096
53142
53077
53142
53091
53073
53094
53076
53086
53075
53169
53087
53081
53158
53085
53146
53094
53097
53098
53090
53097
53098
53100
53123
53113
53105
53115
53162
53196
53110
53196
53109
53110
53162
53111
53118
53196
53187
53133
53119
53144
53124
53154
53143
53162
53137
53122
53122
56596
56572
56573
53132
53153
53187
55070
53134
53143
53177
53153
53153
53154
53170
56846
53156
53164
53176
53156
53168
53180
53151
53177
53177
53179
53180
53195
53160
53195
53163
53176
53164
53179
53195
53163
56642
56747
53176
58842
53172
53172
53174
53180
53173
53175
53178
53182
53198
53186
53182
53184
53184
53185
53186
53193
66470
53193
53207
53208
53197
53209
53200
53210
53202
53206
53205
53203
53212
53204
53217
53220
53224
53228
53214
53213
53225
53211
53212
53230
53217
53225
53216
53218
53228
53226
53229
53219
53222
53219
53221
53226
53231
53222
53231
53228
67092
53312
53239
53255
61687
61595
61598
61616
61641
57443
65796
53254
61580
53310
61743
53261
61472
53265
53284
53310
53242
53302
53256
53297
53469
53254
53455
53251
53256
53469
61737
61741
61742
53265
53275
53297
53263
61623
61637
61638
53256
53262
53275
53297
53311
53393
55100
57544
66459
53259
53867
53253
53264
53300
53283
53298
53307
53262
53275
53392
53311
53264
53311
53867
53387
61688
53301
53354
53773
53284
53347
61684
61687
53263
53349
61742
53283
53572
61152
61369
53315
57448
59170
53269
53270
53288
53304
53458
53271
53289
53273
61198
53273
53333
53363
53458
53279
53384
53300
53318
53329
53429
53283
53384
53447
53279
53304
53383
53280
53317
53304
53319
53333
61717
53318
53354
53394
53293
53295
61726
61188
61206
53288
53304
53778
53289
53355
53290
53559
61111
53359
53566
53741
61100
61236
61255
61695
61187
61189
61238
53532
61110
61120
61737
53299
53309
53394
53307
53446
53867
53318
53481
53392
53447
53384
53387
53328
53392
53439
61480
61522
61600
61607
53313
53392
53439
53327
53330
53327
53376
53325
54000
61134
61137
61152
53395
53454
53458
53321
53373
53451
53369
53323
53336
53324
53781
53338
53757
53393
54147
53328
53337
53358
53449
53334
53330
53354
53411
53773
53358
53394
53566
53741
61101
53375
53501
53360
53358
53574
53760
53340
53350
53861
53376
53340
53385
53350
53377
53345
53365
61155
53760
53369
53370
53378
53344
53369
53373
53361
53386
53737
53370
53361
53378
53369
53754
61724
61725
53531
61376
61377
61457
61737
53451
53383
53395
53397
53413
53355
53386
53778
53361
53421
53737
53357
61177
61291
53559
53737
53443
61113
53458
53389
61244
61248
53365
53372
53705
53738
61102
53367
53390
53818
53463
53755
53386
53413
53778
53372
53739
53377
53380
53793
53378
53380
53801
53396
53400
61145
61158
53760
53379
53759
53389
53399
53757
53877
53451
53391
53396
53405
53399
53757
53778
53395
53398
53449
53754
53388
53447
61704
53754
53400
53406
53806
53505
53828
53398
53758
53780
53409
53828
53523
53755
53818
53403
53406
53592
53425
53830
53406
53441
53818
53448
53861
53409
53411
53415
53429
61705
61717
61725
53573
53414
53523
53590
53755
53419
53442
53558
53415
53570
53435
53523
53417
53423
53547
53418
53424
53432
53440
53562
53514
61155
53423
53440
53557
53522
53441
53442
53561
53427
53437
53493
53482
53570
53435
53482
53525
53435
53436
53433
53493
53483
53486
53506
53506
53461
53530
53558
53590
53601
53454
53525
53486
53522
53570
53557
53563
53601
53601
53445
53574
53785
61197
61208
61210
53446
53572
53785
53802
61689
61733
53453
53484
53481
61501
61504
53459
61474
61485
61481
61620
61715
61468
61479
61581
61736
53486
53502
61459
61466
61467
53806
53866
53741
53784
61630
61728
61703
53470
53473
61454
61457
61464
61475
61706
53472
53476
61499
61464
61487
53480
53488
53485
53492
53487
61487
53519
53493
53518
53502
53518
53508
61506
61496
53530
53510
53512
53519
53495
53496
53556
53549
53599
53577
53511
53577
53503
61111
61123
61151
61139
61158
61199
53503
53530
53557
53558
57908
66459
66469
53565
53521
61089
61398
53511
53512
53516
53549
53529
61122
61157
53521
53565
53735
53520
53528
53520
53547
53735
53525
53527
53648
53549
53652
53669
61119
53528
53643
53650
53528
53543
53534
61100
61114
61107
61123
61129
53643
53650
53536
53560
53538
53545
53560
53537
53543
53538
53548
53567
53638
53644
53740
53567
53693
61409
61713
53552
53627
53636
53544
53550
53548
53551
53546
53798
53650
53648
53635
53911
53735
53551
53569
53632
53693
53571
53666
53675
53571
53637
53800
53599
61121
61144
53650
53562
53830
53563
53564
53575
53600
61157
53798
53911
53807
53830
53635
53590
53595
53867
53578
53592
53576
53820
53807
53811
53587
53791
53647
53807
53832
53581
53594
53608
53789
53582
53833
53586
53591
53598
53584
53593
53594
53651
53589
53811
53597
53811
53820
53594
53647
53598
53786
54168
53593
53597
53811
53647
53807
53647
54168
53832
54168
53596
53602
53835
53651
53665
53796
53611
53675
53787
53649
53666
53611
53675
54178
53608
53610
53639
53789
53605
53614
53795
54161
53965
54134
53640
53835
54178
53911
53838
53610
53614
53639
53943
53795
53797
53620
53661
53667
54093
53790
53823
54161
53823
53617
53618
53619
53621
53797
54157
54178
54185
53624
53660
53662
53623
53640
53622
54215
53640
54185
53822
53624
53638
53628
54133
53628
53660
54188
53800
53825
53645
53799
53630
53631
53642
54255
54155
53633
53636
53972
55111
66459
53641
53740
53835
54155
54167
53649
53645
53668
53825
53822
54137
53789
53743
53784
53654
53670
53673
54099
53729
54132
53691
53883
53808
53957
67096
53729
53815
53707
53816
54137
53965
54160
54160
54185
53664
53753
54099
53703
53718
53878
53797
54134
53820
53965
54161
53694
53743
61117
53676
54119
54136
53689
53738
53816
53710
53715
53727
53707
54136
53680
53723
54038
53718
53732
53680
53685
54062
60033
60039
60359
53681
53714
53685
53713
53730
53730
53834
54132
53689
53733
53816
53711
53717
53720
53727
53728
60304
60310
60324
53707
53733
53813
61101
53695
61128
53716
53736
54132
53705
53752
53770
53798
61116
61125
61088
61165
53697
53704
53860
60293
53728
53883
54136
60297
60298
60349
60256
60263
60271
54090
60294
60330
53724
53879
53706
53860
54055
53738
53742
53730
54480
60266
60267
60268
60295
60296
60308
53734
54199
54190
53727
53728
54119
53814
54040
53723
54049
53731
53734
53812
53834
53883
54099
53814
53834
54140
54140
53722
53880
53885
53725
53872
54199
53732
54109
53881
53907
53732
54109
53736
53880
54114
54119
53815
54117
53813
61121
53742
53825
53752
53745
53752
53746
53753
53748
54094
53749
53751
54094
53751
53804
53862
53750
53918
53769
53794
53794
53821
53866
53775
53781
53781
53791
53828
53763
53793
53861
53762
53846
53869
53764
53765
53868
53776
53809
53847
53805
53819
53847
53877
53769
53829
53959
53846
53854
53959
53772
53816
53792
53793
53868
53794
53876
53802
61107
61151
53805
53877
53779
53831
53792
53801
53788
53819
53782
53791
53819
53877
53792
53862
53806
53791
53875
53788
53833
53875
54093
54968
53804
53801
53803
53796
54134
54135
54170
53866
53804
53868
53847
53844
64861
53831
53846
53959
54158
54167
54255
53880
53815
54038
54040
54092
53875
53878
54094
54160
53827
53826
53848
53918
53873
53955
53840
53847
53832
53837
53839
53845
53943
53863
53852
53936
54173
53842
53912
53843
53908
53849
53859
53897
60947
64894
53863
53864
53884
53853
53863
53882
53869
53912
53852
53865
53930
53937
53912
53958
53856
53958
53856
53882
53909
53857
53947
53858
53864
53870
53909
53865
53908
54171
53913
53918
53947
53874
53988
53876
53871
53935
54003
53887
53966
53907
53956
53962
54097
54193
53916
53929
54171
54097
54097
54193
54109
54193
53958
54043
53955
54003
54106
54122
53888
53904
53905
53977
54003
53889
53906
53895
53891
53948
53898
54035
53899
54011
54036
53898
53900
54503
53895
54037
54123
53906
53898
53900
53904
54147
57414
53960
53948
54010
53906
54123
53902
53903
53974
54127
53973
54036
53920
54009
54122
53956
53962
53910
53935
54043
53942
53936
53915
54001
54177
53917
53940
53925
53926
53934
54177
54226
53969
53974
54115
53922
54037
53922
53939
53974
53964
54110
53925
53988
54039
54226
54110
53929
53964
54042
53954
53954
53935
53963
54002
53938
53967
53986
53967
53979
53998
54115
54552
53984
53996
54002
54173
53944
54172
54115
54552
54039
53944
53963
54176
54226
53988
54039
54176
54201
53952
54162
54968
53952
53996
54968
53975
54503
53950
53951
54130
54183
53978
53986
53952
54169
54206
53967
53986
53964
54042
54378
57908
66469
53961
54035
54106
54122
54122
53988
54042
53984
53970
53973
54227
53971
53976
54127
54036
54208
54214
54228
59212
54029
54502
54115
53981
53991
54940
53982
54940
53990
54203
53992
54212
53987
54229
54176
53992
54229
54912
54130
54220
53997
54202
54244
53991
54294
54237
53994
54216
54294
54915
54174
54212
54964
54177
54180
54552
54172
54015
54228
54174
54180
54014
54174
54214
54147
57573
54209
54201
54005
54244
54933
54006
54181
54012
54110
54910
54911
54011
54036
54113
54208
54123
54503
54181
54287
54298
54014
54911
54936
54029
54017
54259
54018
54125
54257
54019
54126
54108
54113
54021
54085
54554
54022
54026
54083
54068
54098
54032
54034
54098
54563
54025
54028
54033
54197
54027
54108
54032
54085
54118
54030
54108
54127
54228
54126
54032
54033
54034
54197
54102
54547
54060
54070
54140
54054
54072
54114
54117
54171
54052
54054
54117
54121
54046
54047
54551
54061
54105
54048
54059
54144
54087
54096
54100
54126
54590
54118
54124
54197
54096
54199
54060
54118
54111
61117
60315
60342
61044
60297
60306
60323
54103
54190
60263
60271
54082
54082
54942
54100
54101
60184
61069
54065
54068
54564
54066
54069
54081
54067
54080
54086
54131
54069
54083
54075
54072
54100
54101
54942
54106
54107
54549
54562
54501
60321
54084
54131
60248
60260
60262
60285
60225
60237
60243
54095
54107
54562
54086
54131
54144
54081
60232
54957
54107
54087
54098
54563
54102
54128
54088
60240
54131
54479
56462
60244
60256
60360
54092
60249
60251
60281
54215
54096
54100
54121
54103
54190
54124
54548
60270
60286
54114
54942
54502
54226
54550
54158
54167
54129
54502
54121
54550
54562
54550
54547
54126
54923
54526
54208
54257
54206
54157
54146
54158
54188
54165
54170
54188
54246
54260
54551
54146
54163
54165
54170
64894
54164
54166
54179
54151
54166
54187
54151
54166
54247
54258
54195
54258
54156
54159
54210
54215
54164
54187
54246
54198
54210
54201
54206
54210
54215
54189
54246
54209
54212
54205
54207
54233
54198
54233
54198
54233
54245
54246
54192
54916
54211
54213
54235
54195
54196
54262
54224
54256
54236
54256
54296
54230
54306
54916
54214
54207
54294
54225
54227
54955
54230
54296
54916
54955
54256
54231
54288
54305
54311
54311
54504
54924
54223
54504
54288
54292
54288
54311
54224
54916
54235
54287
54311
54504
54284
54901
54924
54553
54268
54297
54915
54940
54239
54553
54243
54252
54297
54553
54242
54243
54251
54252
54268
54252
54352
54260
54249
54511
54278
54284
54504
54286
54254
54270
54259
54287
54298
54261
54481
54264
54265
54266
54270
54304
54353
54278
54278
54304
54276
54495
54272
54307
54929
54275
54310
54277
54307
54511
54282
54283
54309
54277
54280
54309
54278
54511
54495
54280
54282
54330
54310
54312
54500
54312
54361
54907
54302
54323
54481
54289
54290
54293
54299
54301
54301
54320
54946
54293
54295
54899
54299
54297
54306
54322
54355
54303
54307
54511
54305
54322
54304
54907
54313
54946
54553
54333
54310
54315
54328
54495
54319
54391
54353
54489
54317
54524
54898
54316
54319
54318
54524
54318
54320
54321
54329
54322
54844
54361
54325
54331
54326
54343
54505
54524
54853
54885
54929
54330
54334
54500
54884
54334
54346
54337
54403
54884
54901
54929
54344
54884
54336
54345
54356
54351
54404
54475
54356
54357
54908
54340
54392
54395
54396
54816
54818
54341
54876
54343
54382
54523
55592
54346
54346
54356
54358
54475
54908
54404
54517
54350
54354
54391
54517
54382
54414
54359
54570
54889
54895
54374
54403
54385
54387
54364
54365
54925
54364
54384
54522
54707
54371
54383
54373
54367
54376
55592
54594
54372
54393
54455
54945
54384
54469
55592
54523
54403
54500
54570
54387
54523
54677
54736
54789
67096
54412
54858
54863
54677
54404
54876
54394
54527
54415
54864
54677
54866
54468
54537
54392
54853
54390
54419
54464
54397
54399
54570
54868
54882
54416
54403
54570
54408
54413
54906
54410
54906
54400
54402
54420
54400
54415
54402
54439
54803
55503
54415
54475
54862
55503
54425
54805
54887
55363
54411
54803
54817
54867
54867
55503
54862
54732
54464
54864
54867
54876
54867
54419
54469
54707
54732
54786
54817
54457
54866
55511
54864
55503
54423
54659
54817
54423
54424
54429
54430
54786
54442
54814
54887
54774
54776
54773
54777
54781
54429
54776
54430
54782
54777
54435
54437
54659
54773
54785
54436
54782
55335
54435
54438
54451
54456
54437
54447
54443
54892
54464
54774
54781
54806
54776
55335
54467
54670
54786
54451
54445
54450
54458
54448
54460
54449
54450
54461
54456
55334
54451
54456
54736
54452
54453
54459
54463
54454
54465
54469
55507
54732
54459
54460
55331
55339
54736
54465
54465
54698
54803
54804
54828
54892
54712
54864
54522
54472
54596
54478
54491
54578
54926
54494
56436
54474
54490
56440
54491
54600
54926
54525
54545
54708
54930
56527
54556
56533
60227
60240
60243
60262
54483
54493
56529
56527
54486
54566
54567
56529
56538
54492
54493
54569
56446
54491
54575
54591
54569
54591
54515
56527
54566
54957
54577
54578
54925
54506
54535
54558
54525
56533
54535
54545
60277
60283
60322
54853
54898
54516
54519
56532
54508
54509
54951
54512
54921
54510
54513
54532
54514
54531
54923
54531
54530
54595
54565
54568
54518
54531
54546
56530
54531
56534
54558
54592
54537
54546
54560
54707
54533
54538
54920
54682
54708
54534
56534
54922
54951
54675
54678
54952
54579
54542
54920
54908
54544
54857
54540
54678
54819
54920
54555
56448
54595
54953
54675
54678
54709
54682
54700
54579
54590
54548
54549
54561
56462
60241
54560
54954
54700
56431
56474
54575
56524
54682
54708
56474
54559
54592
56528
56517
54563
56529
56538
54574
56527
54568
56521
56451
54571
54574
54572
56446
56438
56440
54576
56420
54591
54930
54581
54588
56407
54580
54597
56533
54926
54919
56426
54583
54589
54843
54671
55326
54589
54624
54586
54605
54681
54617
54674
54672
54674
54600
54593
54599
56530
54930
56535
56436
54712
54858
54922
56417
56436
56531
54602
54669
54843
56417
56440
54631
54671
56371
54605
54634
54630
54649
54628
54673
56408
56420
54609
55851
54608
56381
56405
54626
54633
55589
54671
55326
55331
55339
55435
54615
54647
55833
55860
56541
54616
54627
54710
54630
54655
54710
54637
55833
54623
55505
56373
54634
54630
54621
55591
55820
56410
54635
54655
56392
54626
56376
54631
54671
54627
54629
56541
54629
54662
56371
56408
56405
54673
56430
54681
56395
56407
54644
55590
55591
54637
55586
55833
56424
56404
54640
54860
54640
54660
54733
54713
55520
55860
54726
55524
55599
54645
54646
54656
54711
56410
54648
55520
54647
55504
54656
54711
54727
54733
56381
56408
54651
54653
54680
54668
55326
55586
55595
54654
54734
54750
55595
55591
56424
54661
55519
54661
54713
54750
54777
54713
55524
54663
55598
55851
54664
55519
54687
54730
54666
54676
56539
54667
54679
54709
56393
56431
54843
56393
54945
54732
55511
54673
56409
56430
55505
56409
54700
56431
54730
54734
54706
56393
55326
55506
56420
54684
54685
54849
54688
54740
54851
54735
54741
54687
54735
54741
54747
54823
54849
54859
54691
54693
54852
54692
54848
54859
54819
54695
54848
54696
54705
54835
54737
54697
54865
54699
54795
54703
54747
54702
54703
54861
55367
54785
54828
54740
54852
54819
56539
54858
54715
54738
54752
54719
54728
54742
54749
54799
54718
54731
54766
55376
55403
54766
54721
54723
54771
54748
55376
55495
54724
55386
54748
55379
54726
54731
55521
54746
55489
55599
54742
54749
54766
55516
55517
55599
54799
54751
54928
54744
54823
56539
54745
54799
54752
54797
54744
54797
54861
55526
55599
54861
55518
55598
54754
54755
54757
54758
55397
54807
54757
54810
54765
54760
54761
54810
54784
54832
54764
54763
54764
54809
55399
54790
55500
54768
54770
54801
54772
55337
54770
54796
55365
54775
54783
54784
55386
54779
54809
54801
55384
54778
54801
54782
54785
54783
54832
54788
54808
54801
54796
54788
54815
55397
55323
67091
54796
54832
54794
54800
54873
55382
54800
54890
54834
54795
54834
54893
54865
54873
54808
54823
54849
54807
55383
54817
54828
55363
55337
55382
55337
54832
54813
54834
54814
54862
55382
54868
54870
54831
54872
54859
54821
54827
54836
54822
54835
54865
54893
54826
54829
54826
54837
54837
54890
54831
54833
54836
54870
54891
54928
54837
54959
54842
54841
54871
54854
54905
54903
54895
54898
54846
54878
54856
54949
54960
54850
54947
54947
54851
54949
54852
54882
54875
54877
54856
54927
54920
54863
55520
55586
56424
54906
54870
54874
54891
54950
54966
55367
54962
54878
54904
54879
54900
54887
54883
54885
54896
54889
54948
54894
54962
54913
54893
54962
55511
54913
54913
54899
54963
54963
54907
54917
54950
54934
54905
54966
54958
54963
54961
54918
54964
54935
54964
54932
54938
54956
54961
54935
54936
56438
56440
54953
56530
54946
54944
54965
54939
54941
54936
54937
54941
56540
54958
54956
54938
54943
54943
54944
56534
56517
56528
54967
56529
54966
54980
54988
54971
54991
55015
54979
55042
54973
54986
55014
55107
54980
55031
54975
54978
55052
54979
55102
54977
54987
54981
54989
55102
54985
54989
55052
55108
55117
55002
55040
55092
55002
55051
55153
55000
55026
55106
55105
55015
54988
55042
55014
55042
55103
54991
55052
55093
54995
55040
55075
55076
55546
55016
55105
55245
55123
55423
55015
55099
55016
55083
55162
55431
54998
55013
54999
55011
55153
55423
55051
55099
55672
55049
55472
55082
55099
55004
55005
55470
55552
55483
55653
55154
55656
55010
55686
55008
55046
55048
55017
55049
55017
55470
55532
55017
55532
55046
55050
55027
55033
55114
55078
55116
55122
55042
55415
55106
55066
55092
55048
55108
55020
55021
55034
55158
55022
55023
55028
55669
55024
55029
55158
55033
55114
55026
55028
55114
55039
55686
55091
55032
55669
55037
55148
55038
55091
55108
55668
55112
55230
55681
55036
55669
55038
55091
55797
55041
55091
55107
55045
55048
55653
55779
55047
55054
55469
55047
55686
55153
55472
55053
55095
55472
55672
55481
55653
55059
55063
55066
55057
55161
55410
55058
55129
55420
55059
55087
55088
55065
55067
55081
55063
55064
55131
55277
55097
55277
55065
55096
55131
55097
55245
55434
55084
55094
55406
55411
55122
55423
58842
55075
55076
55080
55094
55074
55251
55079
55225
55239
55242
55421
55434
55077
55084
55449
55401
55131
55410
55081
55407
55096
55449
55086
55092
55123
55425
55449
55409
55088
55093
55245
55153
55423
55128
55129
55160
55090
55113
55416
55124
55248
55123
55095
55160
55479
55130
55431
55431
55129
55144
55104
55110
55117
55130
55117
55130
55118
55415
55110
55115
55132
55415
55148
55158
55132
55475
55476
55162
55120
55126
55434
55475
55132
55160
55126
55133
55182
55238
55145
55155
55182
55144
55248
55132
55134
55138
55142
55137
55139
55712
55139
55257
55712
55138
55155
55182
55140
55241
55157
55240
55141
55142
55684
55233
55451
55143
55185
55157
55240
55412
55151
55190
55237
55257
55170
55192
55193
55233
55230
55150
55229
55666
55189
55192
55193
55152
55234
55156
55257
55532
55652
55235
55232
55428
55237
55244
55293
55425
55165
55196
55172
55201
55202
55173
55167
55168
55244
55170
55171
55214
55191
55170
55207
55179
55197
55207
55197
55207
55687
55175
55195
55178
55179
55187
55202
55687
55179
55180
55195
55196
55197
55194
55201
55207
55238
55238
55412
55416
55200
67040
55187
55233
55188
55712
55214
55189
55241
55451
55666
55275
55196
55197
55451
55208
55202
55203
55209
55228
55201
55208
55610
55323
67091
55204
55414
55217
55206
55291
55665
55213
55217
55291
55413
55610
55215
55216
55224
55227
55283
55549
55221
55224
55254
55233
55244
55249
55254
55227
55260
55220
55223
55408
55538
55226
55249
55222
55228
55223
55232
55254
55234
55274
55448
55864
55231
55259
55229
55428
55414
55258
55234
55250
55684
66462
55243
55243
55712
55293
55410
55416
55247
55294
55683
55538
55416
55448
55275
55278
55408
55253
55281
55446
55258
55261
55538
55259
55272
55307
55549
55262
55263
55272
55419
55267
55355
55265
55269
55357
55266
55301
55267
55300
55444
55452
55352
55369
55270
55330
55341
55364
55371
55352
55354
55437
55273
55297
55452
55293
55293
55295
55453
55420
55280
55446
55295
55355
55493
55281
55421
55422
55427
55283
55539
55549
55284
55285
55290
55287
55309
55287
55289
55308
55539
55290
55309
55358
55306
55539
55356
55296
55296
55419
55298
55356
55359
55452
55300
55301
55322
55452
55303
55330
55310
55358
55527
55315
55319
55313
55315
55308
55309
55556
55556
55542
55316
55554
55316
55316
55358
55542
55361
55316
55322
55430
55344
55356
55358
55359
55324
55491
55321
55361
55435
55324
55359
59212
55502
55327
55328
55502
55334
55507
55329
55332
55340
55341
55491
55491
55507
55334
55362
55339
55360
55374
55337
57700
55342
55362
55342
55371
55494
55375
55437
55488
55366
55457
57618
61461
55348
55360
55544
55369
55453
55488
55493
55351
55352
55372
55354
55368
55354
55370
55419
55444
55364
55444
55493
55527
55435
55374
55383
55488
55544
55389
55429
55437
55373
55375
55429
55490
55517
55417
55389
55436
55499
55380
55478
55381
55445
55388
55397
55398
55508
55478
55429
55436
55400
55477
55417
55433
55393
55394
55395
55418
55396
55402
55440
55426
55399
55479
55405
55473
55480
55439
55496
55454
55479
55434
55475
55420
55424
55475
55665
55440
55499
55422
55442
55454
55476
55546
55432
55480
55666
55441
55527
55454
55474
55473
55480
55478
55442
55450
55499
55492
55474
55479
55471
55456
55462
55468
56516
61471
55473
55477
55496
55460
55461
55485
55540
55485
55498
55463
55548
55465
55467
55465
55512
55469
55481
55497
55482
55497
55653
55497
55480
55498
55548
55548
55543
55600
55501
55513
55487
55513
55531
55525
55543
55494
55502
55508
55572
55572
55513
55528
55835
55589
55595
55585
55597
55513
55531
55525
55597
55583
55835
55530
55813
55524
55534
55519
55534
55531
55523
55533
55576
55530
55813
55528
55600
55531
55553
55584
56377
55651
55547
55593
56356
55537
55569
55691
55555
55596
55683
55572
55553
55585
55573
55601
55596
55601
55551
55556
55557
55579
55552
55656
55573
55581
55780
55790
55574
55579
55863
55656
55695
56394
55836
55855
55859
55563
55568
55565
55697
55858
55565
55790
55781
55782
55839
55570
55863
55643
56372
55658
55816
55646
55850
55853
55780
55790
55697
55850
55689
55640
55858
55644
55697
55852
55836
55859
56356
55578
55594
55814
55582
55817
55647
55658
55849
55855
55832
55658
55849
55601
55597
55588
55591
55820
55594
55814
56381
55594
55818
55601
55600
55603
55604
55606
55611
55605
55659
55675
55659
55800
55608
55616
55798
55617
55631
55700
55798
55613
55702
55789
55621
55791
55635
55720
55791
55664
55847
55623
55800
55619
55630
55700
55620
55636
55645
55633
55701
55701
55711
55664
55789
55798
55700
55789
55720
55626
55632
55682
55627
55628
55629
55630
55630
55631
55645
55632
55713
55649
55693
55641
55701
55711
55648
55793
55701
55657
55718
55856
55693
55856
55866
55649
55854
55642
55650
55693
55856
55649
55693
55644
55782
55836
55654
55844
55852
55858
55866
55652
55692
55695
55854
55695
55698
55778
55691
55667
55711
55677
55661
55673
55662
55670
55663
55797
55671
55675
55702
55704
55703
55681
55797
55677
55676
55679
55680
55713
55679
55690
55682
55797
55713
55864
55690
55779
55694
55862
55889
56394
55779
55778
56394
55698
55778
55794
55889
55747
55781
55839
55791
55711
55720
55847
55706
55707
55708
55710
55709
55788
55719
55719
55788
55844
55799
55802
55718
55792
55747
55748
55775
55722
55995
55723
55840
55744
55785
55728
55777
55838
55846
55726
55735
55736
55738
56086
55801
55748
55839
55730
55734
55743
55731
55887
55732
55733
56080
55735
55795
55735
55737
55745
55741
55745
55951
56086
55744
56057
55792
55846
55888
55955
56092
55743
55786
55801
56104
55845
55951
55856
55792
55773
55845
55751
55756
55752
55757
55753
55755
55754
55764
55803
55787
55803
55765
55888
56092
55787
56105
57031
55768
57031
55762
56073
55766
56105
55765
56077
55769
56074
55769
55787
57031
56082
56083
55772
56074
55772
55796
55803
55792
56092
55995
55852
55866
55948
56094
55786
55887
56083
55840
56079
55799
55848
55863
55844
55800
55844
55837
56074
56100
55822
55831
56347
55807
55809
55898
55808
55827
55899
55907
55903
56390
55812
55834
55871
56347
55815
55821
55912
55859
56379
55850
55853
55829
55994
56355
55820
55822
56391
55830
55830
55881
55823
55830
55831
55831
56100
55829
55994
56390
56411
55828
55898
56364
56375
56358
55907
56358
56377
55839
55957
55842
55949
55843
56093
55869
55957
56104
55995
56371
56404
55855
55865
56392
56394
55868
55870
55879
55872
55873
55870
55909
55949
55881
55874
55879
56269
55880
55903
55952
56081
55876
55882
56095
55884
55955
56081
55878
55891
56102
55882
55963
55885
55956
56268
55912
56347
55884
55885
55896
55956
56271
56091
55926
56008
56095
56080
56095
55893
55908
56091
55903
56390
55894
56102
55895
55896
55904
56271
56054
55898
55906
56268
55911
56390
55901
55982
55982
56349
56268
55905
55911
55926
56350
55952
56271
56338
56364
55994
55917
55918
56256
55916
55917
57035
55919
56345
55932
55923
55983
55920
55922
55929
56055
55932
55983
56063
55924
57035
55997
56807
55928
56011
55958
56055
55931
56063
55944
56058
56346
55944
55985
56102
55935
55988
56101
55936
55945
55961
57105
55959
55960
55993
56005
55963
57089
55944
55962
56058
55941
55943
55942
55950
55972
55943
55954
56008
57089
55987
56005
55971
56062
56101
56055
56270
56082
56083
56411
55971
56009
56091
56269
55971
56101
57105
55963
56056
56269
56093
56058
55961
55968
55987
55965
55966
55967
55984
55968
55990
55979
56012
55968
55969
55993
56052
55988
55972
56047
55974
55977
57137
55975
55976
55981
56103
55978
56049
57073
55979
56004
55984
56049
55981
56099
57043
56256
55989
56033
56050
56099
56009
57105
55992
57074
55992
55992
56006
56013
56346
55997
56277
57064
56007
56265
55999
56242
56243
57063
56001
56244
57056
56243
57135
56244
56252
56244
57056
57072
57074
56058
57035
56010
57064
57035
56256
56052
56103
57074
56015
56016
56019
56018
56021
56944
56021
56110
57040
56064
56110
56022
56067
57029
57029
56059
56947
56025
56106
56027
56043
56027
56037
56059
56041
56042
56029
56032
56030
56033
56956
56031
57022
56099
57043
56033
56034
56098
56036
57095
56050
57118
56037
56098
56053
56053
56060
56040
56043
56060
56059
56043
56051
56061
56045
56048
56082
56046
56094
56047
57095
56053
56060
57118
56081
56079
56086
56097
56062
57027
56946
56975
56068
56075
56076
56072
56073
56070
56088
56975
56072
56078
56072
56087
56943
56943
56088
56089
56975
56084
56943
56084
56088
57031
56090
56106
56948
56958
56098
56947
56358
56403
57089
57118
56976
57025
57030
56109
56949
57030
56944
57034
57040
56945
57029
56112
56117
56118
56119
56114
56123
60090
56120
56201
56116
56843
56894
56481
56840
56121
56123
56164
56210
56198
56210
56136
56198
56937
56167
60083
60086
56175
56162
60095
56148
56156
56130
56135
60108
56129
56149
60101
56151
56512
56151
56153
56151
56152
60335
60337
56140
56150
56150
56157
56158
56193
56140
56152
56155
56161
56148
56160
56218
56139
56141
56194
56154
56217
56169
56165
56217
56171
56175
60141
60145
60163
60269
56145
60136
60064
60333
60338
60045
60082
60125
60151
56160
56210
56149
56153
56218
56512
56157
56177
56193
56166
56173
56177
56512
56159
56466
56479
56162
60207
56164
60201
60214
60234
56168
60092
60098
56210
60087
60090
60095
60171
56174
56176
56897
60085
60088
60120
56217
56878
56884
56843
56207
56179
56481
56840
56209
56182
56183
56937
56182
56209
56219
56184
56219
56186
56896
56195
56197
56480
56188
56204
56188
56208
56205
56482
56190
56203
56315
56475
60081
60091
60094
56466
56195
56197
56197
56896
56199
56482
56896
56207
56937
56203
56315
56416
56352
56500
56205
56206
56341
56219
56311
56212
56480
56482
56844
56212
56213
56286
56490
56214
56223
56215
56216
56225
56300
56251
56341
60112
56221
56837
56831
56834
56292
57200
56224
56286
56225
56301
56239
56248
56232
56246
57346
57200
56238
56241
56241
56297
56292
56294
57062
56238
56240
56242
56233
56814
56241
56297
56253
56291
56239
56275
56267
56316
56807
56253
56822
57063
56300
56277
56822
57064
57175
56277
56316
56822
56292
56806
56809
56249
56301
56275
56275
56299
56359
57175
56294
56359
57200
56276
56278
56258
56288
56301
56260
56261
56260
56278
56357
56284
56290
56301
56263
56293
56348
56266
56270
56316
56273
56274
56348
56348
56278
56357
56276
56345
56807
56290
56280
56282
56320
56310
56289
56314
56283
56296
56302
56314
56298
56344
56286
56289
56352
56288
56324
56489
56289
56416
56300
56872
56324
56357
56872
56296
56343
56502
56320
56303
56300
56872
56314
56344
56324
56357
56306
56313
56418
56319
56322
56323
56414
56308
56313
56320
56310
56342
56330
56325
56319
56323
56318
56328
56416
56323
56414
56491
56418
56486
56402
56419
56328
56326
56327
56427
56327
56427
56402
56351
56329
56342
56370
56330
56401
56334
56489
56418
56334
56400
56348
56351
56334
56412
56489
56383
56336
56337
56368
56367
56338
56340
56354
56339
56340
56353
56359
56382
56486
56385
56401
56489
56490
56368
56403
56379
56362
56363
56410
56362
56389
56391
56365
56366
56387
56389
56425
56369
56380
56399
56487
56375
56376
56376
56378
56485
56388
56386
56388
56425
56383
56400
56400
56414
56477
56388
56410
56396
56485
56484
56398
56413
56427
56414
56428
56421
56426
56432
56426
56427
56487
56422
56448
56439
56423
56537
56455
56536
56429
56447
56508
56450
56536
56438
56450
56434
56469
56522
56471
56478
56437
56469
56526
56449
56445
56447
56455
56442
56460
56443
56504
56444
56468
56472
56471
56519
56450
56503
56474
56531
56457
56469
56526
56454
56499
56515
60212
56514
60239
60258
56456
56506
56523
56457
56483
56499
56478
56459
56504
56473
60189
60194
60215
60251
60238
56496
56510
60228
60258
56493
60233
56512
56467
56492
56504
56470
56522
56523
56472
56507
56522
56476
56477
56488
56483
56507
56488
56490
56520
56485
56500
56508
56493
56519
60102
60107
60205
60215
60230
60200
56513
60166
60193
56508
56506
56518
56520
56521
60170
60185
60275
60230
60235
60050
60055
60071
60114
60116
60192
60220
56520
57414
57717
60985
56521
60231
56536
60162
60169
56536
56538
56543
56553
56575
56555
56582
56619
56576
56606
56610
56614
56552
56603
56610
56563
56626
56611
56615
56590
56622
56607
56627
56778
56558
56576
56648
56559
56560
56648
56567
56901
56567
56909
56612
56617
56566
56901
56601
56612
56600
56902
56602
56616
56618
56925
56630
56585
56927
56631
56903
56927
56580
56583
56592
56778
56611
56578
56593
56718
56629
56641
56734
56580
56586
56587
56597
56798
56852
56590
56593
56585
56589
56588
56589
56861
56731
56927
56928
56595
56593
56597
56903
56629
56595
56605
56861
56598
56605
56928
56929
56625
56901
56602
56612
56613
56925
56643
56730
56927
56619
56617
56909
56910
56622
56624
56647
56643
56647
56759
56626
56642
56735
56639
56642
56747
56903
56641
56633
56683
56698
56722
56673
56726
56683
56699
56728
56638
56637
56646
56645
56736
56679
56759
56784
56747
56778
56672
56698
56699
56655
56726
56723
56649
56653
56723
56653
56671
56700
56721
56657
56724
56668
56694
56660
56662
56665
56684
57259
56662
56724
56664
56684
56665
57256
56679
56697
56730
56759
56675
56670
56674
57161
56670
56721
57259
56697
56730
56735
56696
56721
57255
56684
57259
56724
57251
56680
56683
56716
56722
56681
56765
56682
57250
56691
56705
56725
56705
57174
57255
56687
56720
56765
56715
56707
57250
56702
57250
56733
56777
56694
56701
56761
57174
56705
56725
56736
56726
56735
57206
56761
57174
56704
56733
56777
56707
56707
56710
56766
56709
56774
56783
56710
56764
56712
56713
56786
56732
56838
56714
56766
56805
56805
56717
56765
56719
56728
56719
56727
56720
56729
56727
56725
56736
56729
56734
56871
56745
56846
56773
56747
56738
56739
56847
56758
56779
56818
56779
56798
56866
56743
56786
56742
56785
56744
56755
56787
56838
56757
56762
56838
56866
57250
56846
56871
56750
56751
56752
56819
56758
56818
56753
56762
56833
56754
56824
56757
57168
56757
56836
56760
56786
56788
56763
57177
56819
56764
56782
56805
56820
56794
56821
56770
56774
56835
57146
56780
56793
57202
56773
56783
56775
56781
56783
56791
57162
57163
57177
56848
56792
56812
57151
56782
56835
56789
57168
56821
57145
56793
57066
56795
56810
57178
56799
56797
57067
56808
56811
57071
56871
57178
56801
57168
56802
56804
56823
56803
57346
56814
56828
56815
57168
56830
57346
57070
57135
56816
57068
57069
57045
56813
57146
57093
56821
56828
57093
57060
56835
57075
57060
56826
57346
56825
56833
56827
56837
56873
56895
57060
57093
56831
56834
56844
56837
56832
56882
56895
56882
56848
56840
56870
56868
60047
60059
56884
56873
56895
56852
56926
56850
56856
56906
56926
56865
56860
56862
56854
56863
56905
56907
56860
56861
56859
56865
56904
56905
56907
56858
56883
56885
56906
56912
56863
56907
56926
56865
56869
56867
56871
56870
56873
57062
56875
56876
56877
56915
56878
56920
56879
56891
56878
56880
56897
56935
56894
56894
56894
56912
56934
56887
56889
56892
56917
56889
56890
56935
56914
56934
56891
56892
56893
56915
56893
56921
56908
56899
56911
56930
56911
56906
56932
56913
56923
56916
56922
56913
56914
56933
56918
56921
56924
56936
56931
56935
56938
56940
56941
57033
56942
56976
57027
57025
56949
57030
56951
56952
56959
56954
57019
56954
57016
56978
56990
57026
57337
56972
57026
57044
57022
56963
57043
57082
57016
57018
57044
56961
57017
56965
57013
56963
57080
57008
57013
57020
56973
56973
57119
56968
57008
57004
57191
57109
56999
57020
57041
57343
56979
57024
57041
57343
56977
57016
57011
57012
56990
57044
57090
57018
57021
56981
56992
57340
56996
56984
57038
57336
57342
56999
57326
56986
56989
56988
57037
56988
56994
56993
56991
57339
56998
57033
56992
57334
57340
57325
56996
57037
57042
57038
57342
57042
57326
57039
57328
57001
57002
57006
57038
57328
57004
57308
57005
57191
57015
57328
57110
57192
57201
57015
57308
57109
57082
57086
57090
57096
57308
57023
57090
57096
57024
57024
57036
57028
57034
57328
57082
57086
57036
57039
57044
57340
57342
57087
57059
57065
57052
57092
57048
57059
57148
57049
57097
57050
57057
57084
57092
57052
57053
57122
57054
57054
57123
57055
57056
57061
57070
57058
57092
57059
57065
57066
57067
57070
57067
57148
57071
57135
57116
57123
57123
57137
57116
57202
57077
57078
57085
57117
57120
57079
57085
57098
57122
57084
57117
57205
57097
57114
57326
57119
57120
57121
57098
57101
57134
57137
57100
57131
57203
57128
57130
57169
57124
57203
57147
57153
57186
57104
57111
57115
57133
57141
57107
57108
57110
57204
57305
57333
57191
57133
57169
57113
57142
57205
57147
57197
57175
57154
57137
57142
57205
57126
57139
57213
57127
57145
57128
57132
57152
57136
57149
57159
57196
57203
57132
57145
57150
57153
57196
57144
57203
57152
57148
57151
57213
57186
57153
57196
57146
57150
57148
57151
57152
57169
57205
57156
57199
57158
57173
57207
57158
57167
57253
57172
57160
57198
57176
57214
57255
57164
57165
57195
57213
57176
57195
57206
57171
57172
57223
57253
57254
57173
57252
57179
57202
57181
57185
57187
57189
57193
57212
57236
57184
57344
57184
57210
57235
57190
57211
57187
57193
57199
57188
57194
57199
57235
57239
57210
57349
57208
57239
57345
57198
57208
57333
57238
57345
57253
57241
57303
57237
57239
57241
57303
57293
57344
57218
57252
57216
57234
57237
57217
57218
57236
57249
57220
57223
57258
57221
57229
57242
57222
57226
57229
57252
57225
57227
57231
57226
57227
57242
57352
57243
57247
57352
57249
57247
57233
57297
57355
57237
57241
57292
57344
57245
57246
57254
57258
57257
57262
57262
57272
57275
57324
57265
57316
57366
57366
57270
57329
57272
57273
57316
57273
57313
57362
57359
57359
57360
57363
57329
57324
57275
57278
57279
57277
57283
57278
57360
57385
57278
57357
57282
57358
57312
57362
57365
57282
57283
57365
57299
57324
57285
57298
57361
57286
57350
57287
57310
57348
57312
57322
57289
57355
57379
57290
57386
57295
57292
57307
57344
57297
57335
57307
57322
57323
57296
57299
57323
57313
57317
57365
57301
57350
57353
57355
57379
57304
57306
57353
57306
57309
57333
57335
57311
57353
57312
57313
57331
57341
57331
57347
57361
57329
57354
57361
57319
57321
57327
57330
57339
57330
57335
57362
57327
57336
57338
57339
57350
57350
57353
57366
57357
57358
57385
57376
57364
57369
57368
57370
57373
57372
57374
57378
57384
57386
57381
57383
57388
57382
57385
57389
57404
57391
57395
57398
57400
57395
57407
57403
57400
57402
57409
57401
57408
57408
57401
57405
57406
57407
57408
57406
57409
57410
57410
57422
57454
57422
57423
57454
57512
59416
57745
57422
57454
57525
57424
57454
57511
59416
57421
59404
65785
65811
65750
65774
65804
57950
57950
57429
59418
59429
57510
59407
59418
59429
57447
57505
57447
59588
57452
59457
65764
65795
59427
65701
65704
65712
65725
57432
57442
57434
57438
57463
57434
57440
57481
57666
57675
65696
65733
57437
57442
65762
57441
57497
57942
57439
57441
57463
57463
57442
57519
57485
65794
65695
65766
65763
65767
65788
57456
65779
65803
65814
65798
59152
64952
65728
65769
57725
65705
65709
59434
65808
65763
59400
59416
59418
57485
57946
57636
65748
65756
65751
65781
57460
57481
57483
57479
57646
57647
57464
57480
57648
59408
65708
57515
57521
57466
57524
57467
59606
57469
57515
57603
57516
59606
57471
57473
57599
57472
57474
57586
57487
57585
57474
57597
57673
57579
57476
57580
57477
57523
57551
57517
57667
59605
57483
57513
57487
57647
57662
57669
65708
57487
57583
59605
65803
65810
57489
57574
57672
57581
57597
57673
57692
57537
57770
59570
57493
57560
57895
57565
57672
57791
57582
57662
57496
57960
57495
57947
57501
57886
57570
57957
57499
57500
57747
57572
57588
57965
57671
57896
57540
59599
57503
57553
57555
57912
57938
57593
57938
59419
59400
65800
57888
57938
59587
59417
57560
57569
57572
57747
57549
59587
57535
57520
57527
59400
65804
57648
57517
57662
57742
57542
57518
57522
57528
57524
57587
65713
65766
57552
57951
57542
57950
57527
57542
57524
57603
59606
57582
57527
57542
57538
57547
59622
57538
57543
57550
57530
57536
59594
57531
57545
59676
59586
59628
57940
57539
57545
59572
59601
59575
59576
59583
57536
57546
59607
57574
57896
57539
57589
57541
57541
57886
57550
57592
59606
57589
59575
59595
59676
57947
59660
57947
59660
57592
59599
57592
59407
57556
57562
57888
57555
57912
57934
57556
57903
57557
57567
57563
59600
57561
57912
57939
57938
59419
57965
59602
59655
57567
57575
57770
59419
59428
59553
57944
59602
57571
57574
57960
57571
57674
57750
57745
59152
57747
57596
57663
57683
57581
57663
57770
59570
58028
59570
58028
57742
57591
57603
57584
57585
57595
57586
57600
57664
57589
59622
57596
57668
57679
57692
57667
57680
59587
57595
57615
57600
57678
57679
57599
57664
57679
57651
57707
57602
57650
57614
57788
57653
57661
57664
57707
57716
57729
57607
57788
57676
57735
57611
57654
57610
57622
57665
57616
57622
57665
57652
57708
57716
57626
65409
65509
57729
57617
57650
57627
57633
57635
57660
57707
61450
57622
57652
57621
57630
57709
57630
57682
65501
65513
65552
65529
65721
65455
65510
65511
57654
57665
57676
65465
65514
65516
65598
57732
65717
65571
65590
57640
57644
65691
57713
57728
57735
65474
65484
65489
57650
57653
57729
65754
65460
65461
65486
65666
65739
65747
65518
65686
65692
65554
65680
65716
57643
57660
57655
57682
65711
57677
65700
65715
57725
65693
65707
57662
57649
57658
57651
57659
57716
65405
65496
57658
57659
65522
65684
65535
65592
65639
59408
57660
57707
57708
57692
57669
57742
57678
57685
65709
65690
65718
59660
57960
57694
57748
57977
57713
65714
65717
57744
57708
65714
57744
57791
57696
57697
57781
57694
57696
57697
57743
57689
57690
57740
57719
57734
57691
57741
57722
57722
57740
57803
57803
57998
57744
57748
57774
57703
65399
65402
65407
65539
65557
59170
57718
57795
65609
65671
65398
65436
65543
65628
57762
57772
57714
65406
65389
65415
65408
65411
65441
57727
57840
65403
65359
65434
65483
65591
65623
65632
65550
57727
57789
65403
65407
65453
65509
57745
65615
57737
57740
57786
57721
57730
57733
57776
65759
57734
57758
57775
57842
65706
65757
65453
65682
57737
57786
65541
65581
65689
57789
57739
57739
65397
57777
57758
57763
65396
57758
57777
57771
57796
57781
65573
57757
57803
57791
57790
57870
57959
57865
57769
57809
57846
57753
57754
57778
57779
57764
57807
57755
57773
57810
57870
57801
57809
57894
57790
57865
57998
57763
57847
65618
65354
65393
65394
65618
57784
65300
65394
65618
57792
65398
65402
58002
65395
57767
57845
57783
65299
57773
57793
57843
57768
57783
57779
57804
57852
57810
57799
65628
57779
57866
57844
57843
65696
65707
57807
57782
65301
65664
57858
65613
65630
65299
65630
65609
65610
65636
57847
65300
57894
57840
57847
57856
65719
65729
65644
57810
57866
57810
57870
57998
65663
65674
65697
65387
65399
65448
57860
65615
65688
57852
57959
57804
57806
57884
57844
57805
57862
57808
57852
57846
57875
57812
57848
57813
59441
57864
57813
57868
57990
57816
59441
57814
57829
59441
65749
65760
65770
57845
57992
57818
57820
57819
57821
57861
57988
57821
57855
57990
57827
57823
57825
58053
57826
57861
58004
57884
57967
57968
57966
57868
57966
57855
57990
57993
57862
57868
57831
57833
57839
57859
58005
63631
65337
65364
57867
57835
57836
57863
57973
57837
57838
57854
57839
57993
57839
65627
65644
65671
57843
58002
57866
57851
57864
57961
58002
57999
59441
65675
65740
57992
57999
65645
65688
57855
65744
65328
65358
65356
65394
65346
65349
65364
65611
65614
57966
57884
57975
57892
57894
65349
57967
65609
65615
65617
57872
57879
57904
57911
57963
57969
57890
57875
57883
57953
57961
57964
57883
57933
57883
57911
57933
57890
57933
57969
57969
57968
58473
57887
57961
57962
57909
57911
57955
57963
57964
57953
57948
59565
57940
59572
57892
57949
59565
65369
65377
58473
57897
57910
57913
57943
57898
57910
57913
57919
59529
58028
57948
57935
57963
57901
59436
57915
57939
59527
57915
59458
57915
58331
59533
57934
58303
57935
59532
57920
59436
57913
57916
57936
57920
57941
64894
57910
57962
58331
57918
58317
59399
59442
57920
57945
57918
59521
59532
57935
57932
59433
57924
57929
59443
59526
57932
57956
59431
57927
57935
59532
57929
58274
59399
59431
59521
59526
57956
59526
59530
58279
57931
58274
59399
58302
59476
59516
59525
58473
57958
59533
57945
58303
59424
58331
59582
59525
65795
57948
57949
57958
65792
65794
59550
57962
65748
65758
65773
57962
57964
59444
59516
59436
57999
57967
57970
58030
58318
58011
58317
57973
57974
58014
57975
58017
63674
57981
63671
65655
65722
57979
58085
63620
63675
58032
58014
58031
58055
58019
63630
57984
58007
58254
58310
58009
58053
57994
58010
57994
58020
57989
57995
58092
58003
58284
58007
58313
58008
58020
58058
57993
58008
58027
58313
57997
58112
63625
63629
63653
63669
63624
63670
58004
58254
58053
65346
58011
58309
58055
58056
58293
58199
58282
59476
58033
63613
63627
63578
63580
58031
58059
58060
63616
63628
63669
65307
58058
58092
63619
63673
58084
63560
63574
58038
58049
58281
63620
58307
58045
58196
58198
58299
58310
58043
58057
58104
58293
58318
58032
58059
58085
63614
63620
63675
58035
58091
58093
58037
58312
58052
58041
58043
58283
58042
58210
58258
58112
58198
58196
58094
58198
58047
58046
58093
58089
58196
58048
58049
58117
58050
58082
58050
58051
58062
58105
58060
58281
58293
58085
58104
58310
58061
58062
58282
58063
63573
63574
58063
58064
58084
58100
63513
63580
58084
63560
58068
58100
58069
58126
58070
58071
58072
58121
63462
63517
63449
63471
63492
63517
58076
58126
58078
58106
58078
58174
58099
58120
58080
58081
58110
58113
58082
58098
58118
58098
58126
58114
58087
58088
58090
58203
58089
58197
58097
58111
58312
58199
58102
58204
58108
58113
58119
58114
58115
58108
58119
58219
58107
58144
58230
58108
58113
58243
58105
58281
58116
58120
58143
58111
58135
58204
58118
58243
58203
58118
58138
63465
63470
63509
63461
63497
63537
63559
63564
63572
63475
63508
58128
58174
58129
66238
58138
58174
58222
58229
58136
58140
66242
58145
58146
66194
58134
58135
58158
58140
58159
58157
58256
58141
58147
58146
58222
58319
58229
66302
66311
66322
66358
58141
58156
58256
66199
66200
66252
58230
58319
58147
58204
58147
58224
58224
66285
66305
66308
63499
66236
66238
66269
63457
63461
63497
63546
66314
58180
58169
58161
58164
66294
58218
66313
58159
66297
58158
58166
58246
58161
58455
58218
58234
66271
66272
58165
58234
58525
58166
58212
58227
66097
66391
66402
66198
66261
58170
58181
58171
58178
58176
58214
66208
66248
66204
66208
66198
66357
66388
58180
58491
58180
58181
58435
58234
58486
58489
58228
66263
66300
58491
58221
58193
58480
58187
58480
58488
58188
58189
58240
58192
58240
58259
58430
58238
58487
58221
58488
58429
58195
58202
58203
58258
58258
58231
66118
66243
66202
66205
58208
58227
58256
58208
58227
66245
66262
66263
66264
58208
58215
58260
58223
58226
58255
58264
58213
58216
58455
58525
58246
58222
58229
66246
58455
58311
66248
66261
66266
58230
58226
58248
58289
66212
66265
66256
66277
58429
58486
58487
66327
66328
58238
58294
58422
58488
58242
58248
58250
58253
58311
66289
58251
58286
58290
58304
58249
58250
58255
58264
58320
58284
58260
58432
58294
58265
58268
58306
58289
58266
58269
58316
58423
58324
58427
58270
58366
58272
58301
58287
58297
58274
58277
58367
58330
58302
59476
58277
58295
58316
58300
58330
65752
65781
65783
65812
58280
58315
59443
58329
58368
58313
58472
58287
58299
58290
58318
58325
58304
58294
58369
58427
58318
58325
58380
58329
58377
58301
58302
58301
58305
58366
65749
65790
58325
58316
58367
58320
58324
58322
58427
58432
58314
58329
58330
58323
59476
58322
58326
58340
58369
58423
58334
58423
58335
58366
58338
58423
58370
58378
59471
58332
58374
58379
58379
58337
58373
58421
58334
58336
58338
58370
58377
58373
58377
58345
59471
58339
58341
58343
58370
58341
58418
58342
58343
58424
59448
59450
58347
58376
58428
58371
59453
58347
58371
58351
58352
58350
58376
59517
58351
58378
59471
58354
58460
58371
58376
59018
58359
59455
59517
58428
59449
59450
58356
58371
59453
58375
58358
58359
59517
59509
58360
59952
58393
58409
58363
58874
58876
58414
58954
59957
58365
59477
58375
59051
58374
58418
58421
59453
59456
59471
58421
59503
58415
58379
58428
59450
58427
58432
58419
58422
59523
58383
58404
58878
58405
58459
58404
58987
58420
58500
59446
58387
58471
58401
58431
59520
58416
58390
58509
58841
58392
58448
58507
58904
58398
58399
58426
58398
58426
59952
58398
58412
58998
58400
58417
58828
58400
58817
58998
58417
58462
58904
59451
58410
58475
58878
59446
58477
58878
59446
58408
58410
58419
58407
58466
58500
58507
58841
58878
58411
58444
58459
58475
58413
58873
58876
58816
58998
59024
59509
59517
58433
58459
58422
59523
59520
58433
58457
58987
59523
58444
58460
58472
58442
58477
58439
58520
58491
58437
58468
58827
58453
58575
58512
58575
58476
58519
58470
58575
58457
58464
58520
59455
58507
58569
58593
58456
58481
58593
58449
58478
58744
58481
58593
58456
58989
58451
58468
58461
58467
58707
58476
58501
58827
58563
58574
58703
58457
58512
58659
58484
58482
58484
58707
58477
59449
59455
58468
58703
58536
58813
58509
58841
59447
58468
58827
58479
58569
58659
58469
58493
58499
58565
58707
58476
58827
58520
58509
58485
58598
58483
59002
58754
58563
58703
58820
58512
58574
58820
58989
58490
58491
58521
58522
58595
58496
58506
66634
58496
58516
58497
66522
66569
66597
58496
58511
58516
66596
66663
58598
58705
58598
58989
58659
59447
58595
58516
66627
66526
66563
66615
66621
66533
66539
66581
58511
66634
66644
66646
58632
58822
58593
58820
59002
58516
58565
66628
58642
58634
66657
66778
66473
66522
66568
66569
66596
66633
66858
58616
66717
66904
58522
66278
66613
66626
66336
58527
58585
58683
58528
58529
58627
58530
58567
58766
58894
58532
58668
58533
58651
58715
58534
58652
58548
58538
58765
58738
58904
58629
58764
58765
58766
58540
58546
58542
58580
58585
58588
58600
58558
58595
66623
58555
58631
58650
58990
58757
58772
58548
58630
58772
58549
58649
58652
58894
58552
58847
58629
58554
58556
58973
58555
58631
58969
58557
58573
58561
58650
58561
58577
58564
58564
58584
58591
59002
58598
58584
58571
58591
59002
58599
58601
58583
58626
58591
58617
58576
59000
58575
58582
58592
58683
58584
58581
58592
58596
58625
58626
58617
58995
58594
58592
58589
58684
58759
58619
58625
58759
58590
58633
58643
66766
58626
58611
58619
58695
58815
58757
58759
58604
58603
58607
58605
58614
58621
58605
58606
58628
58635
66579
66757
66759
58624
66538
66741
66749
66520
66633
66663
66666
58679
58620
58621
58635
66643
66695
66734
58696
66837
66848
66711
66952
66756
66758
58679
58635
66643
66741
66749
66686
66704
66769
58647
66673
58679
58761
58680
66741
58974
58654
66543
66673
66782
58704
66623
66669
58640
58641
66684
66766
66767
66775
58640
58644
58690
66767
66786
66852
58684
58649
66707
66821
66693
66792
66793
66817
66538
66685
66782
58649
58652
58769
58683
58715
66730
66744
66748
58684
66709
66716
67115
66543
58712
66808
66807
66838
66880
58661
58672
58769
58664
58709
58712
58669
58709
58672
58718
66706
58667
58693
58709
58777
58780
58669
58686
58803
58775
58693
58768
66696
66704
66944
58713
58719
58774
58688
58768
58774
58701
58677
58711
58719
58709
58712
58686
58710
58769
58815
58775
66619
66831
58990
66645
66841
58697
58760
66834
58758
66595
66629
66869
66762
58692
58716
58760
58720
58748
66795
66797
66800
58995
66851
66880
58717
66848
66842
58717
58758
58768
58742
58717
58760
66642
66521
66618
66660
66791
66811
66895
66958
58715
58714
66808
58721
66833
66881
66809
66871
66879
58771
66856
58723
58758
58774
66535
66546
66602
58731
58735
58725
58776
58977
58735
58762
58727
58728
58962
58843
58884
58729
58733
58734
58763
58733
58776
58804
58920
58834
58843
58977
58763
58783
58838
58830
58738
58835
58750
58829
58740
58745
58751
58743
58743
58751
58747
58753
58746
58956
58768
66693
66745
66787
66793
58884
58755
58848
58977
58755
58967
58778
58814
58766
58894
58974
58766
58830
58844
58846
58785
58781
58853
58773
58974
58775
58853
58773
58775
58853
58785
58844
58846
58829
58834
58781
58853
58961
58809
58785
58791
58804
58790
58807
58847
58791
59941
58788
58800
59941
58789
58905
58971
58806
58971
58968
58808
58959
58800
58801
59963
58795
58798
58802
58918
58979
58797
58798
58801
58839
58901
58918
58800
58811
58852
58854
58901
58966
58806
58905
58809
58961
58844
58961
58807
58809
58968
58812
58854
58962
58812
58851
58980
58849
58828
58835
58848
58817
58874
58818
58840
58819
58825
58972
58826
58883
58972
58841
59451
58831
58836
58866
58825
58836
58826
58840
58890
58833
58967
58850
58980
58884
58895
58962
58843
58884
58848
58965
58864
58890
58847
58845
58900
58975
58875
58920
58854
58886
58956
58863
58970
58851
58909
58852
58862
59963
58883
58895
58970
58857
58862
59963
58858
58867
58860
59964
58861
58865
58913
58877
58889
58886
58970
58980
58870
58871
59956
58909
59963
58914
59923
59964
59956
58877
58909
59024
59051
59514
59952
58875
58954
58893
59956
58880
59943
59922
59061
59923
59959
58891
59929
58897
59956
59959
59929
58897
58913
58914
58910
59939
59965
58970
59509
59957
59959
58949
58966
58903
58921
58949
58918
58976
58906
58916
58924
58921
58976
58908
58912
59939
58913
58923
58911
58912
59927
58945
59939
59959
58917
58919
59946
59965
58925
58950
59961
58977
58975
58952
58945
58925
59047
58947
58944
58946
58928
58943
59930
58933
58930
58938
58940
59057
59059
59060
59056
59059
59060
58943
58946
59047
58935
58952
58938
58937
58938
58951
58940
59054
58942
58940
59013
59057
58988
58951
58955
58963
58951
58953
59064
59921
59021
59045
59045
59048
59017
58975
58976
59023
59007
58953
59023
58958
59004
58968
58971
58973
59001
58991
59007
58978
58985
58986
58975
58973
59000
58981
58997
59054
58992
58983
58984
58994
58993
59001
59007
59054
58993
59448
59011
59054
59004
59004
59000
59001
59010
59006
59010
59009
59483
59014
59020
59019
59015
59057
59014
59015
59452
59020
59921
59020
59024
59051
59079
59927
59057
59064
59026
59027
59035
59052
59040
59056
59936
59035
59052
59074
59933
59033
59683
59933
59033
59683
59034
59035
59126
59128
59038
59128
59931
59042
59069
59066
59126
59519
59055
59044
59058
59899
59050
59080
59898
59049
59079
59050
59930
59079
59898
59932
59070
59930
59921
59069
59073
59506
59896
59898
59071
59072
59072
59089
59683
59068
59099
59931
59085
59479
59071
59073
59899
59073
59932
59097
59932
59095
59077
59088
59928
59077
59085
59479
59092
59115
59931
59501
59899
59082
59113
59123
59084
59101
59084
59091
59092
59116
59192
59086
59091
59098
59107
59100
59107
59116
59915
59094
59097
59115
59123
59192
59892
59107
59192
59099
59127
59931
59479
59928
59138
59933
59452
59665
59099
59106
59129
59122
59902
59116
59141
59861
59103
59121
59162
59104
59105
59120
59139
59150
59129
59171
59902
59109
59110
59853
59121
59162
59117
59141
59861
59112
59113
59174
59123
59891
59141
59851
59892
59893
59479
59853
59119
59285
59309
59133
59160
59122
59150
59122
59125
59128
59134
59127
59155
59482
59128
59482
59131
59136
59161
59137
59369
59309
59312
59369
59143
59146
59312
59136
59142
59155
59482
59519
59140
59285
59309
59161
59160
59145
59151
59148
59156
59166
59161
59157
59166
59285
59160
59164
59288
59171
59156
59283
60833
65573
59154
59159
59364
59184
59200
59184
59200
59289
59164
59163
59166
59312
59163
59187
59191
59230
59181
59239
59356
59182
59364
59172
59187
59853
59230
59241
59254
59173
59183
59194
59732
59853
59175
59810
59851
59250
59177
59852
59233
59250
59811
59852
59180
59225
59792
59189
59203
59182
59865
59257
59286
59793
59288
59186
59190
59239
59237
59266
59286
59190
59239
59233
59193
59224
59286
59221
59237
59852
59701
59793
59203
59781
59199
59206
59804
59205
59218
59237
59253
59225
59792
59288
59202
59226
59207
59300
59806
59226
59794
59205
59210
59775
59210
59253
59783
59785
59210
59783
59218
59235
59235
59731
59214
59310
59734
59215
59304
59216
59784
59231
59232
59264
59397
59308
59264
59299
59308
59221
59236
59222
59227
59223
59780
59775
59227
59238
59226
59806
59262
59780
59299
59308
59776
59231
59238
59299
59779
59265
59776
59806
59912
59264
59397
59249
59256
59775
59241
59865
59244
59251
59262
59269
59780
59263
59270
59260
59277
59246
59317
59247
59254
59259
59251
59258
59263
59262
59263
59271
59732
59265
59299
59266
59308
59317
59270
59271
59273
59271
59731
59259
59261
59268
59277
59356
59804
59276
59298
59731
59278
59278
59278
59279
59279
59281
59280
59281
59298
59291
59295
59295
59313
59317
59287
59349
59719
59289
59319
59352
59373
59292
59294
59719
59313
59349
59439
59297
59336
59346
59314
59343
59785
59302
59305
59303
59675
59315
59637
59720
59784
59789
59307
59315
59787
59314
59343
59784
59782
59912
59336
59343
59719
59315
59720
59320
59321
59344
59319
59321
59350
59345
59378
59323
59347
59332
59341
59323
59367
59412
59348
59337
59346
59720
59337
59342
59383
59327
59329
59634
59339
59569
59334
59339
59330
59331
59333
59413
59724
59345
59359
59412
59724
59342
59494
59337
59346
59359
59358
59918
59338
59342
59637
59366
59414
59598
59634
59347
59360
59359
59368
59383
59358
59362
59368
59412
59378
59354
59355
59360
59354
59361
59363
59354
59365
59371
59374
59361
59378
59361
59370
59723
59365
59365
59370
59569
59644
59421
59426
59724
59375
59372
59379
59374
59380
59390
59386
59386
59411
59426
59387
59410
59426
59406
60833
61332
64979
59394
59411
59423
59394
59393
59395
59538
59390
59401
59402
59405
59391
59401
59402
59411
59394
59409
65806
65809
61784
65824
59402
59405
65776
59473
61779
61872
59405
59724
59416
65704
65712
59426
59538
59421
59631
59422
59422
59415
59580
59567
59634
59599
59428
59425
59654
59422
59538
59427
59596
59654
65787
65794
65801
59556
59560
59561
59458
59844
59548
59559
59561
59533
59556
59561
59527
59536
59559
59531
59578
59639
59458
59445
59530
59530
59447
59449
59495
59468
59522
59530
59534
59462
59464
59531
59484
59515
59466
59478
59498
59518
59466
59510
59518
59681
59470
59495
65743
65773
59484
59515
59516
59534
59844
65778
59475
59480
59505
59477
59481
59507
59508
59681
59504
59511
59940
59528
59491
59496
59708
59498
59499
59490
59500
59951
59664
59845
59953
59496
59510
59500
59524
59856
59493
59499
59556
59675
59725
59531
59639
59682
59502
59682
59540
59682
59665
59518
59505
59528
59943
59940
59513
59940
59951
59845
59934
59664
59845
59683
59667
59708
59535
59922
59578
59559
59537
59553
59548
59655
59540
59639
59556
59543
59552
59564
59547
59555
59568
59544
59566
59656
59555
59657
59546
59547
59573
59557
59581
59554
59552
59657
59571
59600
59587
59600
59603
59561
59568
59656
59576
59603
59848
59953
59564
59563
59577
59581
59573
59630
59566
59710
59658
59654
59584
59598
59582
59583
59582
59608
59575
59581
59950
59638
59581
59597
59604
59950
59844
59580
59614
59659
59635
59585
59585
59603
59655
59601
59592
59676
59590
59614
59742
59591
59597
59611
59621
59680
59625
59595
59597
59679
59950
59625
59632
59659
59633
59638
59630
59632
59630
59661
59610
59613
59620
59612
59678
59621
59613
59636
59643
59649
59633
59616
59618
59651
59617
59647
59642
59648
59673
59619
59648
59727
59746
59740
59678
59628
59629
59643
59673
59626
59627
59744
59679
59650
59677
59641
59649
59740
59685
59685
59633
59659
59742
59640
59677
59675
59676
59742
59746
59646
59652
59727
59650
59646
59647
59671
59653
59666
59672
59727
59677
59727
59728
59712
59661
59673
59685
59661
59662
59662
59671
59674
59671
59696
59840
59935
59915
59668
59669
59707
59841
59871
59684
59696
59729
59680
59697
59949
59687
59694
59709
59829
59689
59842
59695
59704
59703
59814
59832
59703
59815
59828
59693
59700
59747
59715
59705
59826
59871
59710
59705
59709
59747
59867
59809
59849
59704
59815
59721
59862
59709
59854
59878
59878
59722
59888
59714
59736
59788
59745
59718
59722
59758
59791
59827
59749
59788
59789
59748
59827
59867
59819
59832
59827
59830
59746
59751
59741
59736
59852
59736
59788
59749
59789
59888
59739
59738
59750
59769
59745
59860
59888
59754
59805
59753
59760
59769
59758
59757
59771
59758
59763
59771
59760
59770
59770
59771
59795
59823
59825
59802
59824
59764
59791
59825
59766
59795
59823
59768
59800
59773
59786
59790
59786
59805
59785
59795
59800
59781
59803
59793
59849
59797
59799
59790
59787
59805
59830
59849
59797
59799
59812
59800
59808
59823
59822
59808
59808
59864
59863
59825
59816
59859
59916
59819
59837
59872
59818
59837
59854
59819
59832
59821
59822
59834
59872
59837
59843
59868
59833
59843
59860
59888
59835
59873
59838
59873
59838
59839
59866
59879
59857
59858
59842
59868
59859
59847
59913
59856
59855
59864
59878
59860
59870
59891
59962
59871
59879
59882
59873
59891
61332
67097
59947
59881
59886
59908
59909
59937
59890
59883
59884
59885
59908
59886
59925
59892
59893
59891
59910
59895
59911
59909
59966
59903
59911
59900
59898
59901
59901
59904
59905
59903
59904
59925
59907
59908
59917
59925
59909
59938
59928
59919
59925
59946
59948
59943
59945
59924
59944
59927
59951
59947
59958
59947
59964
59954
59945
59955
59948
59960
59961
60361
59970
60005
59972
59982
60128
59975
59996
60006
59975
60010
60128
59977
59978
59979
60345
59982
59990
59980
59993
59982
60320
60005
60006
59985
60319
59994
60021
60334
59987
59989
60034
59988
60020
60023
60397
60021
60371
59992
59992
60073
60129
60002
60015
60344
60345
59995
60003
60386
60320
60344
60128
60179
60007
60386
61059
60320
60387
60371
60372
60022
60073
60397
60316
60319
60073
60345
60009
60368
60156
60375
60387
60009
60014
60016
60017
60012
60063
60173
60133
60072
60075
60070
60042
60019
60025
60140
60030
60036
60037
60034
60040
60024
60137
60024
60168
60178
60030
60146
60387
60031
60041
60075
60129
60033
60039
60131
60041
60063
60032
60137
60336
60136
60168
60035
60336
60325
60346
60043
60039
60039
60178
60063
60173
60136
60168
60133
60133
60134
60157
60045
60130
60150
60046
60047
60059
60082
60089
60049
60066
60050
60076
60052
60053
60085
60054
60054
60074
60080
60056
60135
60057
60062
60096
60061
60062
60136
60325
60076
60096
60331
60157
60331
60071
60076
60069
60134
60157
60130
60150
60173
60369
60079
60133
60078
60079
60080
60093
60081
60084
60088
60089
60086
60089
60100
60120
60171
60095
60097
60171
60094
60150
60098
60099
60112
60100
60107
60102
60107
60103
60119
60104
60109
60105
60276
60106
60111
60151
60112
60109
60326
60115
60119
60122
60123
60118
60276
60114
60216
60326
60152
60326
60117
60165
60123
60329
60123
60153
60329
60276
60203
60125
60126
60130
60329
60127
60147
60153
60139
60137
60147
60134
60138
60203
60148
60139
60148
60198
60143
60198
60142
60143
60273
60144
60145
60155
60198
60146
60176
60148
60154
60165
60331
60329
60276
60273
60159
60172
60272
60170
60206
60161
60170
60275
60162
60188
60177
60254
60164
60206
60169
60273
60166
60167
60328
60191
60328
60178
60177
60191
60174
60183
60176
60269
60204
60361
60181
60188
60249
60275
60340
60184
60327
60272
60185
60279
60272
60188
60189
60249
60190
60328
60254
60193
60273
60193
60202
60234
60195
60196
60230
60197
60204
60211
60199
60201
60209
60201
60214
60208
60214
60216
60214
60216
60269
60216
60326
60209
60210
60233
60211
60213
60230
60213
60274
60233
60235
60239
60228
60236
60274
60219
60238
60245
60220
60224
60222
60222
60228
60258
60223
60227
60243
60227
60238
60226
60232
60237
60236
60274
60236
60237
60240
60274
60241
60251
60286
60244
60246
60245
60257
60360
60247
60257
60259
60248
60252
60250
60253
60253
60255
60285
60340
60339
60322
60340
60261
60260
60261
60262
60264
60265
60266
60267
61061
60280
60271
60360
60279
60327
60279
60335
60310
60324
60310
60285
60321
60323
60360
60297
60298
60289
60348
60290
60349
61065
60307
60313
60295
60305
60313
60293
60294
60308
60296
60299
61057
60348
60304
60305
60302
60313
61029
61038
60302
61038
61076
60356
61042
61046
61057
61057
60348
60359
60356
60358
61024
61026
61063
61061
60312
60314
60334
60349
60317
60370
61047
60406
60343
60386
60324
60340
60359
60333
60337
60355
60338
61064
60372
61039
61042
61041
61046
61052
60353
61083
60353
61083
61076
60356
60358
61062
61038
60358
61039
61065
61063
60364
60385
60389
60405
60409
60476
60367
60395
60397
61040
61058
61064
60374
60378
60391
60376
60379
60627
60376
61059
60625
60378
60394
60670
60379
60381
60649
60991
60382
60392
60419
60444
60445
60384
60444
60505
60659
60395
60446
60409
60625
60446
60476
60649
60627
60649
60394
61034
61058
61053
60992
60406
60446
60476
60410
60433
60400
60401
60402
60447
60403
60433
60425
60426
60431
60503
60408
60501
60443
60473
60445
60426
60431
60431
60473
60503
60413
60415
60437
60507
60415
60429
60421
60438
60417
60418
61051
60996
60420
60444
60626
60422
60424
60429
60507
60631
60430
60507
60631
60499
60993
60501
60505
60626
60502
60434
60440
60474
60991
60993
60441
60448
60502
60436
60996
60437
60954
60438
60930
60475
60443
60494
60652
60473
60993
60443
60448
60473
60610
60659
60625
60992
60450
60452
60453
60508
60467
60569
60602
60453
60540
60464
60455
60456
60544
60471
60511
60457
60469
60528
60472
60498
60650
60462
60650
60688
60492
60506
60530
60470
60492
60513
60470
60578
60467
60688
60465
60569
60472
60498
60467
60468
60569
60963
60650
60688
60538
60697
60995
60472
60510
60507
61060
60479
60934
60479
60481
60491
60480
60931
60482
60934
60482
60485
60496
60493
60543
60573
60898
60486
60555
60896
60898
60490
60902
60488
60950
60491
60935
60995
60555
60902
60543
60567
60697
60493
60567
60950
60495
60681
60497
60697
60935
60598
60934
60935
60534
60969
60543
60573
60569
60631
60503
60629
60505
60578
60598
60681
60513
60536
60538
60598
60511
60515
60528
60572
60517
60518
60516
60607
60517
60911
60529
60607
60520
60526
60521
60524
60522
60523
60527
60533
60545
60557
60901
60527
60535
60526
60531
60533
60549
60889
60544
60544
60545
60573
60911
60912
60704
60902
60943
60700
60570
60546
60553
60704
60552
60553
60557
60582
60584
60912
60950
60607
60570
60584
60912
60548
60877
60878
60875
60703
60877
60558
60709
60876
60876
60880
60882
60574
60880
60562
60574
60721
60875
60989
60558
60676
60709
60703
60704
60721
60895
60896
60899
60580
60584
60887
60580
60597
60579
60584
60565
60568
60708
60718
60566
60912
60709
60585
60972
60935
60994
60585
60608
60972
60650
60708
60576
60577
60591
60596
60699
60586
60702
60995
60580
60705
60699
60701
60585
60887
60707
60594
60591
60593
60596
60613
60699
60590
60601
60591
60601
60591
60596
60595
60702
60597
60705
60775
60739
60601
60606
60640
60601
60603
60786
60640
60657
60647
60775
60632
60637
60972
60701
60635
60647
60657
60963
60614
60698
60692
60620
60636
60637
60618
60636
60692
60634
60619
60630
60622
60624
60621
60648
60623
60624
60645
60623
60636
60627
60652
60634
60667
60636
60692
60643
60685
60641
60661
60656
60662
60696
60664
60672
60648
60655
60689
60643
60745
60658
60654
60655
60737
60648
60685
60689
60737
60662
60786
61060
60675
60745
60991
60667
60685
60666
60669
60687
60679
60683
60687
60698
60665
60690
60692
60679
60964
60686
60762
60770
60684
60689
60683
60724
60693
60724
60881
60674
60677
60723
60675
60694
60719
60678
60706
60711
60726
60881
60687
60696
60683
60724
60738
60830
60964
60690
60691
60770
60694
60698
60885
60895
60887
60881
60718
60717
60720
60897
60722
60722
60752
60897
60810
60860
61346
60715
60727
60798
60729
60761
60812
61346
61349
60722
60726
60880
60726
60721
60864
60812
60798
60742
60731
60748
60801
60814
60818
60731
60814
66017
60758
60801
60754
60734
60736
60759
60747
60736
60747
61056
60994
60748
60771
60772
60759
60744
60762
60770
60757
61405
60755
60758
60750
60754
60756
60785
60871
61349
67028
60771
61021
61074
60767
60771
60809
60812
60764
60765
60793
60778
60780
60777
60797
60767
60769
60801
60797
60987
60816
60792
61007
61056
60797
60990
60787
60796
61336
60805
60822
61346
60781
60785
60778
60987
60799
60782
60794
60816
60789
60793
60784
60794
60792
60799
61334
61074
61167
61323
60794
60977
61328
60815
60820
67097
60987
61074
60811
60815
60818
60872
61324
60816
60802
60811
60975
60804
60804
60806
60817
61194
60810
60811
60807
60808
60834
61295
60827
61194
60822
61346
60868
60860
60971
60822
60975
60977
60868
60822
60872
61082
61220
60872
61082
61336
60977
61167
61339
60828
61303
61326
60825
60827
60832
60828
60831
60832
60973
60829
60858
60829
61312
60854
60858
64952
61295
60836
60893
61178
60837
61297
60838
60913
61175
60905
61293
60840
60870
60890
60891
60853
60856
60891
61295
60843
60870
60905
60910
61223
60854
61242
61294
60847
60849
60863
60847
60888
61036
60906
60908
60917
61223
60851
60890
60851
60862
60852
60890
60904
60904
61309
61307
60857
60891
61295
60857
60909
61309
60973
60871
60888
60971
60871
61349
60971
60863
60936
60903
60865
60897
60866
60875
60867
60869
60874
60873
60888
60888
61223
60879
60875
60879
60882
60889
60879
60900
60886
60890
60891
60906
60885
60936
60900
60899
60900
60903
60895
60901
60894
60903
61170
61225
61307
60899
60937
60900
60901
60901
60989
60936
61217
60908
60910
60942
60959
60973
61293
61217
61170
61293
60951
61179
61296
61010
61179
61297
61179
61221
61297
60919
60966
60920
61224
60921
60939
60949
60938
60958
60923
60966
61000
60924
60999
60925
60974
61186
60966
60928
61174
60940
61217
60929
60976
60986
60931
60954
60962
60954
60956
60970
60989
60942
60967
60944
60967
60942
60967
60986
60959
60960
60969
60986
61175
61217
60956
60958
61181
60985
64861
61000
61001
60958
61010
61171
60955
60966
61000
60957
61224
60960
60961
60968
60961
60961
60968
61010
61019
61181
61181
61036
61213
61082
61072
61174
61011
61159
61169
61126
61132
61135
60981
61186
60999
61050
61003
61022
61075
61132
60988
61000
61471
61019
60999
61002
61021
61056
60998
61004
61005
61006
61055
61020
61073
61005
61009
61023
61051
61055
61035
61340
61013
61014
61017
61211
61213
61226
61226
61078
61137
61018
61219
61017
61169
61174
61226
61020
61048
61308
61304
61035
61055
61027
61041
61052
61026
61029
61030
61027
61062
61037
61066
61308
61062
61341
61066
61070
61071
61033
61047
61045
61054
61053
61081
61048
61049
61063
61047
61081
61127
61127
61080
61340
61049
61067
61081
61068
61080
61340
61070
61079
61213
61226
61124
61136
61091
61124
61165
61087
61090
61092
61090
61096
61097
61089
61128
61164
61126
61116
61135
61094
61097
61099
61094
61098
61113
61119
61106
61109
61165
61108
61108
61112
61120
61116
61119
61113
61102
61155
61104
61106
61163
61218
61106
61109
61129
61130
61163
61109
61120
61115
61118
61123
61144
61156
61113
61115
61115
61118
61122
61125
61144
61122
61185
61131
61164
61130
61163
61135
61214
61136
61134
61369
61166
61159
61139
61141
61142
61195
61141
61168
61387
61150
61697
61150
61163
61218
61148
61198
61147
61398
61161
61218
61151
61161
61156
61159
61210
61369
61196
61197
61210
61157
61697
61166
61378
61398
61378
61185
61214
61350
61208
61222
61201
61216
61174
61216
61178
61243
61176
61221
61297
61177
61180
61182
61221
61225
61180
61215
61183
61215
61193
61201
61216
61296
61213
61188
61199
61189
61206
61191
61290
61310
61204
61653
61238
61310
61722
61200
61291
61199
61387
61200
61222
61212
61344
61203
61291
61245
61247
61238
61310
61207
61238
61720
61656
61344
61653
61212
61311
61398
61296
61308
61326
61317
61288
61228
61287
61229
61240
61242
61285
61231
61249
61250
61239
61248
61246
61261
61234
61669
61235
61237
61281
61236
61696
61699
61290
61699
61241
61287
61241
61285
61406
61315
61286
61246
61247
61251
61700
61284
61287
61286
61251
61700
61302
61264
61274
61279
61274
61315
61264
61271
61276
61256
61284
61434
61257
61263
61266
61259
61260
61259
61701
61727
61267
61266
61484
61652
61262
61434
61267
61276
61283
61408
61276
61283
61271
61434
61701
61269
61270
61416
61745
61407
61289
61408
61654
61655
61407
61411
61654
61275
61283
61277
61278
61279
61305
61413
61670
61298
61300
61695
61288
61307
61301
61302
61408
61344
61416
61484
61654
61400
61312
61306
61312
61325
61400
61321
61401
61403
61325
61406
61318
61325
61366
61410
61324
61345
61347
61350
61327
61345
61386
61401
61322
61382
61404
61324
61347
61403
61339
61364
61365
61350
61338
65214
66483
61380
61399
61342
61342
61351
61379
61399
61342
61350
61365
61368
61347
61386
61365
61396
61372
61362
61374
61354
61439
61355
61435
61708
61394
61455
61359
61361
61373
61375
61358
61389
61391
61360
61360
61362
61362
61382
61391
61391
61387
61380
61381
61656
61371
61372
61373
61388
61383
61439
61377
61456
61454
61456
61388
61381
61437
61395
61396
61440
61447
61397
61673
61721
61397
61409
61455
61409
61418
61721
61738
61404
61721
64952
61416
61412
61657
61417
61713
61415
61526
61657
61713
61418
61526
61419
61569
61420
61433
61526
61576
61422
61428
61576
61424
61426
61424
61621
61640
61425
61566
61426
61572
61427
61594
61430
61431
61431
61453
61432
61586
61452
61696
61439
61569
61437
61442
61597
61438
61448
61439
61452
61446
61544
61585
61544
61546
61486
61445
61447
61447
61514
61544
61544
61546
61461
61540
61569
61597
61524
61575
61673
61708
61460
61463
61605
61463
61473
61479
61736
61739
61593
66465
61463
61605
61706
61739
61707
61466
61469
61741
61470
61580
61475
61580
61706
61519
61470
61472
61742
61740
61559
66471
61482
61481
61485
61740
61489
61649
61477
61519
61565
61564
61568
61488
61490
61707
61719
61715
61620
61649
61739
61483
61485
61740
61489
61545
61549
61488
61497
61610
61611
61497
61518
61492
61521
61493
61509
61494
61530
61498
61582
61497
61499
61507
61500
61518
61520
61500
61501
61582
61719
61736
61504
61506
61505
61507
61506
61510
61512
61520
61511
61548
61521
61521
61527
61570
61523
61585
61516
61519
61565
61523
61530
61574
61609
61620
61715
61582
61581
61618
61649
61525
61553
61579
61586
61565
61734
61528
61651
61657
61539
61533
61536
61534
61543
61558
61551
61538
61543
61539
61548
61585
61555
61563
61558
61562
61554
61575
61562
61560
61562
61571
61593
65083
61561
61568
61565
61571
61574
61592
61609
61734
61614
61573
61592
61643
61614
61746
61581
61613
61734
61578
61589
61643
61587
61746
61587
61746
61590
61616
61641
61616
61648
61615
67151
61596
61729
61618
61648
61672
61646
61606
61609
61646
61603
61608
61612
61629
61636
61671
61707
61719
61607
61615
61648
61647
61677
61649
61747
61747
61671
61614
61746
61731
61622
61623
61641
61710
61647
61672
61694
61710
61627
61643
61625
61659
61728
61626
61711
61748
61718
61638
61639
61658
61659
61679
61631
61676
61631
61647
61677
61632
61659
61728
61660
61663
61641
61642
61663
61680
61646
61676
61729
61645
61679
61729
61730
61671
61694
61733
61654
61727
61663
61674
61674
61661
61662
61667
61712
61718
61748
61666
61668
61702
61723
61701
61712
61718
61702
61716
61696
61701
61748
61711
61728
61679
61678
61692
61680
61693
61685
61714
61744
61684
61689
61724
61690
61692
61687
61688
61704
61725
61693
61705
61724
61744
61743
61747
61700
61703
61716
61720
61732
61735
61723
61747
61723
61732
61722
61726
61722
61738
61735
61730
61745
61980
61766
61920
61754
61757
65840
65832
65890
65896
65907
61754
61770
61756
61772
61803
65830
65846
65866
61770
61758
61772
65852
61760
61761
61762
65821
61945
65818
65818
65863
61764
61917
61878
61768
61881
61768
61881
61930
61890
61957
61933
61890
61771
61896
61880
61881
61917
65825
65850
65871
61785
65834
65872
61921
65818
65819
61777
61783
61870
61778
61820
61815
61872
61872
61867
61786
61794
61868
65820
65842
65863
65867
65839
65840
65843
61803
65830
65844
65868
61945
65815
61863
65869
66054
61793
61858
61805
61857
61866
61805
61863
65985
61801
61857
65987
61799
61855
61810
61814
65996
61800
61848
61801
61807
61841
61810
61848
61858
61874
65820
61805
61857
66048
61866
65982
66039
66041
66049
61810
61865
61854
66027
61816
61838
61826
61865
61816
61869
61873
61819
61834
61876
61824
61867
61855
61837
61850
61837
61840
61855
61830
66015
61831
61840
61838
61874
61843
61836
61867
61875
61839
61858
61842
61857
61848
61858
65999
66019
61850
66015
61856
66458
66426
61865
65978
66011
65991
62025
65889
65928
65933
66002
66098
66418
66429
63278
65891
65951
65956
61866
65872
65826
65834
65847
61869
65834
61873
66425
61980
61880
61930
61892
61896
61883
61884
61885
65855
61886
61978
61896
61940
61886
61892
61891
61955
61888
61971
62268
61889
61891
61955
62268
61917
61939
61954
61987
62248
61931
61919
61930
61969
62264
61898
61937
61902
61916
61915
61916
61924
61937
62254
61902
61908
61904
61909
62239
62251
62283
61905
61907
61916
61912
61929
61958
61907
61928
61929
61935
61958
61915
61974
61946
61915
61974
61924
61937
62238
61927
61923
62238
61957
61920
62248
61931
61987
62248
61930
65864
61963
61972
62240
62251
61975
61976
62268
61932
61976
62249
61932
61962
62238
62237
61969
61947
61969
61956
62237
61954
61956
61939
61959
62264
61976
62268
65839
65855
61950
61955
61973
62015
62035
61981
62015
62252
61976
61952
61971
61975
61978
65836
65854
61978
61981
61952
61966
61973
62247
61960
61962
62223
61958
61980
61972
61987
61970
62004
61962
62216
62249
61965
61993
62004
62061
61988
62016
62011
62013
61970
61992
61993
62013
62061
62223
62011
62247
61979
61999
65835
65885
61984
62078
65886
61985
61986
62001
62029
62051
61990
62012
61990
63217
62023
62169
62135
62159
62167
62016
62159
62014
62005
62017
61996
61998
62007
62076
62009
62024
61998
62006
62035
62028
62030
62027
62051
62052
62027
62050
63298
62016
62028
62033
62008
62019
62020
62066
62076
62012
62017
62033
62014
62023
62216
62017
62197
63298
62067
62066
62022
62047
62074
63279
62065
62066
62049
62076
65880
65893
65841
62030
65878
65887
63276
65946
65947
65952
62052
66110
66114
65837
65884
66109
66122
65838
65910
65976
65981
66066
62045
62057
62058
62054
62055
63309
62054
62058
63309
62055
62056
62071
62056
62057
63299
62045
62070
62068
62072
62048
62049
62048
62156
62074
62070
63273
62060
62073
62059
62060
62060
62068
62071
63303
62073
62077
63298
62077
62074
62073
62077
62075
62111
62072
66076
63259
65835
65848
65848
65902
65911
65936
65960
65965
62085
62116
62546
62578
62083
62546
63214
62121
62832
63215
63236
62152
62178
62101
62106
63230
62099
62196
63230
62104
62117
63218
63281
62214
62091
62093
63248
62092
62094
62115
63211
63222
62094
62105
63215
62155
62099
63237
62098
62138
62108
62549
63237
62160
63233
63241
62153
62101
63230
63223
62103
62114
62152
62833
62112
62151
63247
63257
63222
62178
63218
62112
62154
63257
62128
63235
62113
62152
63257
62116
62551
63222
62118
62120
63214
62578
62585
62121
62173
62174
62168
62628
62593
62123
62145
62168
62124
62127
62129
62144
62561
62126
62127
62208
62212
62163
62561
62145
62257
62142
62204
62131
62212
62675
62165
62579
62587
62133
62146
62610
62167
62159
62167
62610
63217
62137
62610
63217
62166
62139
62166
62141
62143
62141
62142
62146
62257
62144
62210
62161
62166
62157
62151
62157
62161
62210
62208
62581
62626
62162
62194
62581
62208
62561
62581
62162
62210
62168
62160
62196
62178
62549
63236
62160
63241
63279
62257
62167
62198
62197
62610
62204
62213
62177
62179
62208
62212
62181
62170
62177
62197
63217
63241
62172
62174
62550
62593
62175
62176
62175
62573
62180
62215
62628
62628
62546
62184
62258
62182
62205
62182
62205
62195
62587
62644
62675
62187
62192
62644
62187
62222
62219
62272
62189
62192
62190
62193
62275
62191
62259
62258
62193
62219
62575
62589
63238
62200
62202
62201
62203
62243
62211
62252
62203
62207
62581
62215
62207
62217
62218
62242
62217
62579
62549
63236
62247
62259
62255
62259
62269
62221
62645
62627
62225
62226
62274
62244
62227
62228
62250
62232
62270
62278
62230
62234
62273
62231
62245
62232
62271
62279
62250
62282
62234
62674
62236
62240
62261
62283
62243
62241
62265
62266
62252
62261
62627
62253
62265
62281
62249
62273
62260
62262
62262
62266
62280
62263
62278
62626
62275
62263
62265
62265
62274
62281
62278
62280
62594
62627
62594
62277
62282
62278
62629
62645
62594
62627
62285
62320
62358
62286
62351
62292
62352
62288
62395
62289
62290
62385
62291
62403
62291
62296
62413
62350
62487
62305
62295
62382
62396
62397
62374
62298
62299
62309
62310
62349
62307
62302
62305
62324
62303
62360
62304
62308
62349
62371
62306
62376
62308
62349
62349
62379
62312
62316
62317
62318
62317
62316
62319
62371
62371
62337
62377
62337
62321
62324
62322
62325
62347
62323
62330
62331
62325
62376
62326
62331
62360
62328
62329
62614
62330
62346
62330
62344
62347
62333
62377
62647
62335
62336
62381
62662
62343
62339
62343
62341
62653
62341
62646
62649
62370
62649
62673
62671
62647
62352
62359
62351
62671
62367
62352
62357
62354
62355
62362
62479
62356
62473
62356
62364
62366
62359
62504
62380
62395
62369
62368
62475
62604
62525
62368
62476
62614
62369
62384
62487
62373
62379
62475
62624
62380
62395
62378
62380
62383
62386
62398
62411
62388
62440
62419
62408
62391
62423
62424
62415
62393
62394
62590
62400
62402
62406
62405
62414
62400
62403
62406
62413
62402
62411
62405
62417
62411
62471
62410
62416
62920
62410
62920
62423
62459
62427
62425
62437
62423
62426
62421
62441
62422
62941
62435
62456
62425
62428
62472
62934
62428
62439
62472
62432
62469
62490
62442
62472
62939
62432
62442
63070
62445
62442
62939
62440
62455
62490
62437
62480
62454
62959
62934
62959
62457
62440
62490
62480
62444
62919
62922
62446
62458
62527
62469
62455
62469
62448
62460
62938
62452
62536
62455
62492
62451
62467
62463
62481
62919
62492
62625
62462
62489
62935
62941
62459
62469
62913
62488
62536
62468
62470
62625
62934
62939
62464
62541
62465
62623
62466
62467
62482
62468
62468
62612
62612
62590
62477
62485
62526
62564
62666
62477
62478
62493
62494
62493
62486
62525
62959
62536
62483
62623
62484
62526
62552
62486
62494
62506
62504
62558
62936
62939
62540
62564
62526
62497
62611
62517
62570
62600
62499
62523
62533
62522
62583
62501
62508
62510
62502
62506
62517
62516
62555
62566
62516
62524
62512
62516
62524
62572
62520
62540
62524
62553
62513
62601
62517
62518
62519
62836
62515
62570
62600
62516
62566
62553
62525
62665
62521
62623
62522
62528
62583
62529
62555
62605
62919
62535
62623
62530
62586
62531
62542
62532
62533
62534
62538
62534
62539
62541
62558
62568
62560
62564
62565
62567
62568
62844
62545
62550
62577
62556
62559
62548
62551
62854
62557
62841
62563
62833
62568
62576
62586
62562
62586
62864
63221
62565
62586
62566
62593
62830
62569
62830
63216
62584
62571
62580
62600
62592
62584
63216
62588
62611
62589
62820
62602
62595
62591
62596
62611
62597
62676
62615
62636
62599
62618
62663
62661
62676
62661
62664
63221
62604
62605
62609
62609
62664
62668
62608
62618
62660
62619
62621
62668
62665
62621
62661
62664
62676
62619
62620
62667
62668
62661
62676
62621
62630
62652
62666
62631
62634
62663
62666
62663
62633
62634
62635
62639
62635
62638
62639
62659
62656
62648
62656
62643
62659
62674
62669
62650
62673
62651
62669
62654
62670
62672
62655
62656
62658
62670
62667
62670
62665
62667
62672
62678
62694
62695
62719
62725
62683
63126
62681
62707
62748
62758
62684
62733
62728
62758
62725
62739
62686
62691
63130
64205
62775
62688
62689
63177
63060
63130
62690
62765
64208
63092
62709
62748
62758
62728
62767
62695
62732
62725
62730
62728
62697
62715
64207
62698
63013
62705
62715
62700
62736
63042
62701
63044
63056
62702
63035
62704
63009
62724
62740
62706
62708
62722
62724
62740
62724
63056
62733
62724
62765
63130
62740
63055
63177
62781
63060
63130
62714
62721
63060
62715
64218
63054
63055
62720
62721
62736
62718
63844
64223
62738
62777
62733
62738
63030
63054
62731
62723
63009
63008
63048
63090
62727
63889
64196
62767
63092
63131
63889
64208
64218
63037
63060
62767
63131
62737
62739
63159
62762
63093
63056
62738
62780
64223
63090
63037
62742
62803
62743
62747
62783
62744
62746
62749
62777
62780
63220
63220
62756
62776
63021
62751
62753
62785
62752
62754
62772
62756
62771
62754
62755
62760
62759
64201
62769
63179
62760
62761
62886
62792
62774
62889
62781
63046
64205
62764
63030
63054
62768
62769
63029
63042
63043
63045
62774
62773
63028
63029
62772
62778
62796
62887
62776
63049
62885
63021
62783
62798
63187
63093
63134
64201
62787
62802
62806
62786
62878
62787
62887
62878
62800
62807
62790
62791
62801
62793
62794
62795
62798
62885
62874
62878
62796
62810
62810
62801
63178
62885
62799
62808
63254
62803
63188
63187
63207
62802
62865
62885
62805
62874
62878
62806
63258
62861
62865
62809
62813
63181
63178
63206
62887
62812
62825
62837
62842
63202
62822
62827
62817
62827
62816
62822
62827
62821
62819
62826
62828
62852
62820
62829
62843
62828
62845
62854
62824
62838
62831
62843
62842
63206
63176
63178
63206
62831
62869
62843
62844
63221
62855
63214
62834
62835
63204
62840
62845
62854
62839
63175
63176
62842
62845
62853
63204
62864
62852
62852
62863
63201
62848
62849
62851
62875
63258
62850
62917
62883
62856
63258
63202
63219
62861
62869
62869
62883
62858
62898
62896
62917
62898
62900
62866
62868
63258
63216
62884
62868
62916
62938
62870
62883
62872
62896
62946
62893
62874
62876
62886
62875
62876
62946
62879
62888
63023
62889
62881
62901
62893
62897
62893
62897
63143
63143
63201
62889
62889
62891
62904
62918
62907
62896
62898
62918
63040
62918
63022
63023
62903
62909
62904
62918
62905
62906
62907
62960
62908
62923
63076
62910
62994
63074
63934
63040
62914
62922
62925
62940
62938
62960
62925
62937
62945
63070
62927
62960
63089
62929
62943
62929
62944
62931
62933
62950
62933
62948
63070
62942
63076
62949
62956
63087
62952
63084
62955
63031
62954
62957
62967
62969
62958
63076
62968
63086
63086
62966
62973
63088
62968
62975
63020
63031
62972
62970
62977
62971
63078
63084
63083
62975
63077
63079
62995
62999
62994
63034
63088
63057
62991
63016
63038
63057
63077
63078
63079
62979
63010
63018
62981
62982
63068
63882
63067
62984
62986
62985
63011
63062
62986
63006
63051
63002
63930
63010
63061
63935
63002
63058
63063
63000
63052
63061
62993
63016
63066
63930
63015
63038
62998
63016
63057
62997
63003
63026
63027
63004
62999
63026
63027
63936
63010
63935
63005
63004
63024
63069
64210
63047
63012
63047
63008
63048
63946
63931
63014
63025
63071
63063
63051
63048
63890
63019
63050
63078
63931
63061
63065
63035
63039
63085
63088
63039
63059
63050
63073
63036
63934
63042
63045
63039
63041
63059
63036
63074
63044
63088
63177
63077
63050
63883
63044
63049
63134
63883
64205
64209
63937
63882
63936
63058
63066
63930
63179
64218
63936
63073
64204
63879
63936
63065
63067
63940
63068
63881
63884
63072
63082
63081
63083
63082
63084
63086
64223
63114
63159
63441
63889
63095
63116
63128
63115
63226
63441
63844
63128
63197
63101
63196
63443
63102
63110
63843
63101
63108
63819
63124
63158
63108
63104
63119
63105
63149
63147
63160
63168
63132
63442
63118
63122
63196
63117
63158
63110
63138
63843
63195
63837
63112
63140
63116
63141
63115
63442
63170
63371
64190
63127
64189
63129
63150
63843
63120
63121
63148
63429
63122
63407
63443
63443
63126
63841
63408
64202
63170
63226
63129
63152
64197
63138
63150
63156
63807
63142
63197
63137
63141
63152
63409
63169
63172
63442
63140
63169
63151
63169
63163
63180
63145
63189
63147
63162
63166
63149
63149
63160
63168
63180
63154
63167
63192
63155
63172
63182
63388
63833
63841
63170
63195
63371
63837
64190
63367
63432
63174
63374
63396
63171
63207
63171
63173
63207
63171
63186
63388
63184
63370
63374
63174
63396
63189
63838
63388
63254
63181
64208
63197
63409
63254
63184
63194
63362
63321
63434
63188
63193
63255
63193
63338
63198
63332
63340
64189
63225
63200
63244
63256
63255
63212
63219
63246
63209
63212
63244
63209
63251
63210
63212
63253
63243
63250
63327
63340
63362
63218
63257
63250
63229
63231
63284
63290
63341
63240
63321
63441
63228
63229
63284
63236
63281
63300
63242
63288
63301
63243
63248
63251
63246
63432
63338
63308
66074
66087
66438
63262
63264
63348
63263
66085
66140
63264
63270
63307
63267
63270
63306
63271
63424
63268
63274
63269
63271
63304
63296
63297
63359
65939
66076
63306
63359
63363
66078
66084
65944
65946
65949
65952
65917
63287
63300
63369
63284
63290
63375
63286
63287
63295
63289
63293
63289
63332
63324
63336
63376
63292
63293
63294
63295
63305
63307
63364
63304
63321
63336
65960
65965
66110
63354
63359
63319
63363
63316
66078
66081
66084
66133
66086
66144
66165
63313
63319
63326
63314
63394
63317
63337
63348
63349
66141
66182
63318
63320
63318
63330
63424
63330
63348
63349
63341
63325
63390
63394
63327
63372
63335
63333
63335
63424
63452
63329
63381
63393
63331
63334
63390
63346
63392
63394
63337
63393
63392
63369
63394
63368
63434
63392
63343
63366
63393
63344
63346
63347
63379
63347
63349
63347
66082
66103
66177
65917
65960
66095
66109
63355
65959
66089
66111
63364
66079
66126
63357
66115
66145
66183
66184
63361
66228
63361
63412
63459
66229
63370
63452
63379
63389
63395
63380
63452
63396
63376
63373
63433
63381
63401
63382
63384
63385
63387
63401
63410
66077
66136
63459
63398
66259
63417
63423
63402
63458
63446
66232
66239
63405
63472
63473
63437
63491
63407
63479
63504
63440
63832
63841
63425
63435
63430
63414
63427
63420
63431
63416
63419
63453
63422
63469
63422
63477
63469
63491
63421
63427
63439
63493
63451
63428
63427
63428
63433
63456
66230
63469
63438
63444
66233
66239
63439
63468
63494
63443
64189
63832
63493
63504
63447
63458
63448
63455
63449
63460
63607
63472
63476
63493
63504
63458
63477
63455
63457
66240
63460
66189
66226
63505
63462
63547
63466
63474
63492
63465
63501
63567
63502
63487
63501
63509
63546
63547
63474
63488
63471
63505
63491
63607
63474
63492
63489
63509
63547
63482
63541
63480
63484
63813
63481
63541
63481
63541
63483
63506
63540
63541
63544
63495
63544
63545
63586
63827
63845
63487
63542
63566
63490
63561
63489
63506
63540
63490
63566
63494
63506
63793
63812
63586
66241
66239
66269
66270
66146
66192
66225
63502
63561
63526
63566
63812
63832
63546
63508
63525
63518
63519
63511
63565
63568
63512
63609
63527
63542
63577
63514
63608
63515
63557
63558
63563
63743
63519
63560
63562
63547
63525
63572
63521
63606
63612
63571
63605
63523
63551
63783
63554
63555
63553
63554
63592
63528
63567
63536
63609
63561
63564
63530
63533
63536
63543
63793
63814
63532
63533
63535
63538
63565
63601
63553
63535
63536
63609
63565
63793
63558
63539
63553
63550
63552
63609
63551
63804
63812
63813
63814
63551
63783
63794
63550
63600
63602
63601
63753
63814
63592
63753
63782
63804
63585
63804
63585
63779
63828
63563
63599
63600
63563
63610
63608
63562
63605
65306
63572
65306
63570
63569
63569
63743
63570
63600
63576
63608
63575
63606
63606
63580
63649
63655
63655
63664
63648
63782
63789
63585
63775
63825
63740
63775
63777
63698
63775
63825
63590
63596
63644
63590
63642
63725
63611
63615
63662
63725
63752
63825
63615
63789
63698
63752
63777
63663
63753
63597
63611
63604
63599
63602
63604
63646
63648
63601
63663
63646
63663
63608
63648
63659
63614
63672
63618
63725
63617
63660
63649
63655
63619
63673
63628
65307
63622
63653
63654
63652
63676
65341
63626
65390
63631
65337
63628
63630
63650
63676
63670
65305
63671
65305
65370
63633
63639
63661
63635
63665
63668
63635
63643
63656
63637
63638
63667
65314
63666
63668
65250
63639
63668
65309
65336
63641
63662
63725
63643
63713
63643
63656
63663
63657
63658
63730
63648
63657
63730
63672
63651
65329
65336
63661
63716
63716
63670
63660
65348
63659
63750
63661
63716
63730
63664
63669
63665
63727
65280
65348
63692
63715
65250
65341
65305
65370
65307
63674
63675
63716
63680
63685
63684
64094
64100
63680
64098
64100
63720
64107
63682
63685
63689
63683
63686
63699
63737
63733
64108
63686
63720
63734
63688
65256
63707
63721
63714
65239
63693
63755
63692
63706
63715
65250
65282
63703
63706
63695
63696
63697
63727
65280
63697
63704
63712
65317
63789
63799
63701
63737
65268
65260
63703
63707
63762
63728
65343
63732
63713
65282
63728
65282
63711
65343
63731
63734
65264
63710
63762
65342
63711
63747
63721
65383
63751
63722
63799
65279
63729
65276
63724
63758
65242
63719
64089
64098
64403
63720
65239
63799
65279
65239
63747
65262
64089
65243
63728
63729
63762
65259
63736
64110
63755
65256
63788
64124
64178
63746
63738
64112
63746
63759
63774
63740
63775
63828
63756
64120
63754
63796
65383
63754
63787
65383
63748
63778
65263
63757
63759
65264
65279
65288
64117
63755
65256
65343
65348
65280
63789
65263
65317
63780
65273
64090
64403
63760
63769
63774
65264
65281
63774
63800
64113
63765
63767
63766
64114
64121
63768
64122
63800
63801
64118
63771
63773
63803
63773
63820
63777
63796
64111
65313
63835
65313
63785
63827
63825
63830
63785
63792
63834
63824
63835
65268
65273
64107
64110
63835
65313
63830
63815
63827
63813
63845
63826
64120
63801
64182
63801
63820
64118
63803
63820
63817
63807
63808
63831
63809
63818
63823
63822
63811
63833
63836
63816
63819
63821
63822
63823
63826
64111
64117
65313
63834
64117
63840
64198
63840
63842
63847
63860
63958
63867
63907
63852
63896
63850
63851
63961
63943
63959
63963
63959
63969
63854
63859
63933
63860
64029
63861
63885
63955
63959
63857
63957
63907
63950
63865
63867
63897
63885
63958
64213
63866
63899
63863
63870
63941
63900
63866
63869
63868
63885
63922
63958
63869
63870
63941
63885
63871
63886
63876
63880
63944
63886
63898
63876
63878
63877
63881
63940
63888
63944
63886
63940
64209
63888
63944
64221
63929
63932
63946
63893
63923
63895
63916
63928
63899
63933
63938
63922
63942
63945
63902
63905
64023
63903
63906
63921
63904
63920
63924
63906
64024
63925
63909
63912
64498
63910
64047
63911
64050
63914
63918
63967
64058
64219
63920
64220
63938
64213
63929
63918
64144
64498
63924
64058
63926
63928
63925
64058
63928
63967
64030
63932
63945
64147
64030
63942
63953
63956
64024
64028
63950
63951
63964
63962
63965
63993
63957
64019
64499
63953
63961
63985
63971
63955
63969
63965
63966
64026
63971
64019
64025
64481
63982
64003
63965
63966
64499
64027
64481
64027
64019
64001
64018
64106
64523
63975
63978
63990
64523
63992
64517
63978
63982
64489
63983
63994
63990
63991
64106
64489
64025
63989
64067
63987
63989
63991
64036
63992
64488
64036
64071
64488
64003
64074
64534
64071
64489
63996
64015
64483
64501
63997
64485
64015
64480
64482
63999
64000
64032
64004
64074
64534
64002
64004
64022
64016
64034
64155
64031
64034
64006
64008
64494
64007
64480
64482
64008
64417
64060
64475
64076
64491
64012
64020
64033
64016
64034
64213
64017
64482
64624
64065
64064
64021
64033
64035
64067
64066
64070
64066
64031
64028
64029
64028
64534
64032
64624
64064
64065
64519
64483
64501
64045
64056
64188
64040
64049
64158
64052
64490
64497
64042
64072
64075
64043
64057
64061
64044
64076
64051
64126
64047
64500
64127
64056
64076
64088
64160
64490
64053
64157
64225
64192
64500
64497
64088
64125
64171
64171
64490
64126
64059
64076
64060
64062
64491
64072
64157
64394
64073
64409
64624
64624
64519
64069
64417
64411
64414
64102
64077
64394
64155
64172
64409
64102
64103
64522
64080
64211
64391
64084
64086
64428
64522
64083
64399
64084
64426
64427
64393
64087
64104
64087
64101
64128
64181
65239
64395
64397
64398
64092
64096
64397
64093
64097
64094
64100
64095
64096
64104
64128
64098
64397
64403
64104
64105
64107
64128
64427
64115
64402
64115
64116
64155
64109
64124
64116
64178
64113
64114
64178
64522
64125
64124
64130
64125
64402
64225
64225
64500
64398
64131
64183
64132
64174
64179
64159
64134
64212
64224
64136
64162
64194
64136
64193
64167
64138
64141
64152
64140
64150
64175
64212
64163
64164
64173
64184
64143
64144
64156
64146
64149
64154
64146
64188
64217
64168
64170
64149
64150
64151
64168
64151
64164
64185
64166
64173
64185
64165
64192
64156
64166
64185
64186
64161
64181
64177
64212
64167
64184
64195
64166
64194
64177
64188
64402
64414
64416
64187
64186
64177
64180
64183
64222
64181
64227
64227
64193
64222
64193
64200
64200
64214
64214
64199
64216
64207
64221
64409
64215
64221
64220
64226
64229
64246
64244
64273
64231
64290
65116
65040
65041
64233
64234
65125
64235
64305
64320
64353
64665
64243
64303
64588
64287
64310
64588
64259
65219
64287
64647
64245
64246
64254
64306
64355
65116
64255
64261
64273
65219
64292
64302
65219
64302
64320
64290
64355
64276
64255
64276
64289
64253
64623
64628
64664
64274
64628
64638
64252
64262
64445
64253
64338
64319
65561
64292
64320
64665
64257
64287
64647
64662
64258
64261
64300
64642
64647
65190
64665
65040
65072
64291
64587
64590
64629
64264
64265
64649
64643
64266
64271
64633
64644
64640
64642
65128
64269
64298
64930
64337
65128
64271
64640
64643
64356
64643
64292
64355
64586
64619
64644
64277
64288
64642
64288
64356
64640
64279
64281
64849
64280
64298
64646
64948
65027
64857
65027
65187
64283
64284
65099
64295
64296
65026
65100
64286
65026
65182
65035
65038
64322
64289
64357
64586
64863
64587
64590
64591
64592
64297
64857
65027
65037
64306
65191
64301
64829
64828
65035
64849
64301
64829
64863
64948
64337
65128
64306
64588
64662
64304
64310
64305
64326
64354
64308
64315
64326
64327
64363
64310
64326
64864
64322
64312
64313
64314
65194
64315
64316
64493
64315
64336
64495
64359
64493
64874
64327
64330
64338
64338
64445
64835
64325
64835
64325
64334
64854
64347
64864
64363
64464
64348
64889
64854
64332
64442
64928
64351
64352
64335
64345
64335
64339
64854
64889
64363
64464
64646
64345
64445
64341
64343
64608
64344
64348
64442
64452
64476
64351
64346
64627
64462
64881
64363
64350
64352
64361
64464
65229
65056
65125
64495
64586
64644
64642
65190
64359
64379
64493
64360
65241
64376
64362
64406
64364
64380
64367
64613
64367
64423
64367
64384
64423
64535
64384
64453
65293
64374
64376
65292
64371
64373
65293
64374
64375
64390
65221
65296
64374
64378
65231
64388
65241
65241
64388
64406
65229
64408
65296
64388
65229
64384
64406
64382
64389
64404
64383
64408
64385
65222
64387
64407
64387
64422
64423
64425
64451
64390
65296
64392
64409
64393
64416
64426
64430
64429
64396
64400
64398
64401
64449
64407
65242
64404
65233
64449
64424
65292
64425
64426
65222
64411
64420
64421
64413
64435
64437
64432
64454
64418
64429
64418
64430
64421
64421
64436
64454
64422
64436
64450
64451
65200
65221
65291
64443
64475
64443
64432
64454
64474
64433
64448
64434
64435
64440
64439
64437
64440
64441
64440
64444
64442
64928
64446
64627
64616
64613
64928
64454
64494
64453
64466
64609
65222
64456
64460
64477
64541
64612
64616
64461
64509
64520
64533
64461
64469
64541
64520
64466
64465
64469
64612
64470
64472
64614
64618
64471
64757
64472
64476
64609
64477
64471
64766
64472
64615
64766
64487
64492
64608
64614
64766
64610
64616
64492
64533
64487
64484
64485
64496
64486
64487
64492
64494
65194
65193
64511
64500
64519
64503
64504
64625
64526
64505
64512
64525
64506
64507
64542
64543
64518
64511
64517
64817
64521
64514
64515
64526
64516
64732
64817
64542
64541
64610
64525
64625
64538
64540
64528
64531
64538
64540
64536
64705
64702
64705
64826
64702
64625
64699
64610
64613
64552
64732
64698
64547
64548
64555
64601
64549
64697
64698
64551
64826
64553
64705
64826
64554
64760
64698
64793
64559
64560
64683
64697
64706
64560
64706
64799
64677
64695
64563
64564
64571
64676
64639
64799
64639
64695
64607
64676
64567
64569
64568
64669
64570
64572
64575
64577
64693
64577
64607
64693
64600
64669
64574
64677
64693
64584
64603
64578
64639
64669
64673
64695
64583
64696
64764
64855
64600
64715
64582
64715
64599
64691
64731
64585
64605
64605
64675
64623
65561
64590
64596
64636
64636
64730
64598
64636
64595
64596
64881
64611
64630
64701
64598
64668
64696
64764
64663
64621
64603
64666
64757
64676
64691
64687
64855
64606
64620
64621
64855
64630
64677
64626
64618
64622
64622
64688
64614
64622
64757
64688
64757
64628
64694
64703
65561
64629
64701
64667
64635
64716
64634
64649
64756
64648
64653
64753
64638
64698
64641
64643
64651
64652
64654
65188
64649
64653
64651
64654
64656
64659
64655
64671
64754
64660
64690
64656
64800
64658
64658
64670
64744
64659
64717
64738
64661
64754
64756
65219
64668
64703
64730
64675
64687
64728
64683
64694
64682
64738
64716
64673
64680
64746
64685
64689
64718
64715
64679
64679
64695
64685
64746
64741
64750
64723
64750
64686
64750
64729
64746
64728
64890
64705
64881
64714
64713
64724
64721
64818
64860
64722
64736
64811
64719
64727
64901
64721
64725
64733
64810
64713
64749
64754
64719
64743
64738
64750
64744
64784
64736
64802
64733
64802
64724
64734
64741
64749
64818
64727
64741
64744
64734
64824
64729
64748
64827
64823
64739
64800
64743
64786
64800
64827
64860
64749
64756
64748
64801
64888
64755
64803
64770
64789
64761
64763
64783
64789
64853
64761
64786
64771
64795
64885
64771
64773
64798
64783
64803
64771
64858
64876
64789
64768
64787
64776
64779
64785
64780
64785
64853
64772
64773
64783
64775
64790
64912
64787
64778
64785
64780
64884
64794
64781
64804
64820
64785
64787
64792
64788
64790
64885
64795
64918
64887
64885
64884
64886
64868
64804
64818
64820
64887
64927
64809
64885
64820
64827
64888
64884
64815
64882
64902
64888
64883
64824
64815
64882
64883
64860
64882
64833
64847
65037
64833
64845
65030
64850
64834
64845
64834
65038
64847
64837
64850
64865
64850
65189
64840
64850
65028
64893
64843
64950
64947
65024
65022
65030
65039
64848
64903
65079
65234
65029
64849
64880
64903
64859
64906
64909
64873
64873
64880
65029
64859
64862
65580
65990
64909
64911
65188
64870
64867
64911
64910
64917
64876
64895
64918
64887
64872
64877
64893
64915
64906
65195
65215
64877
64893
64911
64878
64921
64886
64930
64900
64898
64907
64896
64911
64917
64910
64898
64904
64899
64916
64925
64908
65187
64912
64918
64915
64924
64920
65024
64929
64929
64947
64925
65024
65028
64929
64947
64934
64936
64956
64934
64937
64936
64957
64937
64942
64943
64954
64944
64959
65031
64951
64965
64969
64943
64969
64957
65032
64980
64974
64946
64949
65021
65031
65033
65188
64950
65289
65022
65033
64959
64998
64981
65031
64957
64967
64957
64959
65025
64970
64971
64972
64992
64972
64978
65315
65287
64964
64992
64977
65586
65205
64998
65032
64997
65130
64980
64982
64974
64977
64983
65622
65587
65600
64974
64977
65207
65274
64993
65017
64978
65053
65587
65315
65207
65214
64998
65033
65130
65234
65586
64994
64994
65579
64989
64991
65016
65081
64988
64990
64991
65020
64993
65008
64990
65014
65203
65601
65585
65622
64996
64999
65006
65106
64999
65025
65001
65013
65021
65201
65017
65203
65578
65274
65006
65036
65160
65006
65106
65111
65122
65009
65010
65036
65163
65053
65207
65160
65034
65090
65122
65166
65034
65079
65079
65082
65584
65019
65023
65050
65106
65081
65038
65047
65161
65182
65026
65182
65558
65203
65234
65049
65077
65558
65201
65189
65047
65201
65037
65047
65161
65070
65116
65064
65052
65117
65044
65045
65071
65100
65070
65099
65191
65052
65077
65052
65080
65163
65100
65060
65062
65063
65117
65055
65057
65563
65096
65107
65072
65060
65451
65127
65129
65196
65107
65129
65159
65076
65563
65062
65064
65065
65071
65074
65068
65075
65451
65074
65068
65086
65101
65179
65068
65075
65097
65095
65563
65072
65074
65117
65096
65105
65451
65498
65076
65105
65160
65179
65499
65130
65106
65168
65439
66471
67095
65087
65103
65166
65103
65109
65170
65172
65087
65185
65109
65499
65089
65147
65493
65103
65469
65562
65111
65120
65169
65109
65146
65151
65506
65098
65114
65185
65113
65169
65124
65127
65167
65098
65104
65100
65105
65113
65169
65477
65105
65146
65185
65108
65110
65157
65185
65153
65167
65202
65169
65474
65123
65438
65172
65170
65172
65470
65191
65121
65151
65170
65147
65149
65151
65471
65160
65174
65416
65129
65126
65127
65131
65137
65132
65193
65196
65154
65213
65135
65176
65173
65178
65184
65137
65159
65181
65444
65180
65139
65502
65156
65165
65482
65479
65482
65386
65143
65144
65275
65377
65413
65145
65384
65476
65386
65433
65498
65559
65562
65150
65150
65477
65152
65471
65156
65174
65155
65157
65158
65177
65180
65159
65224
65213
65444
65212
65478
65495
65413
65443
65171
65499
65202
65560
65469
65479
65176
65216
65477
65502
65184
65209
65210
65495
65213
65475
65209
65224
65212
65447
65213
65476
65478
65189
65194
65215
65475
65199
65475
65231
65292
65582
65212
65478
65287
65269
65478
65601
65271
65340
65602
65444
65446
65211
65232
65258
65269
65495
65216
65218
65294
65338
65248
65272
65240
65285
65293
65375
65446
65479
65227
65290
65228
65238
65230
65283
65235
65316
65296
65340
65602
65237
65252
65342
65253
65267
65284
65285
65285
65243
65385
65295
65245
65311
65314
65246
65277
65278
65247
65272
65259
65266
65265
65381
65340
65373
65381
65375
65384
65266
65373
65257
65316
65255
65257
65286
65295
65385
65260
65262
65607
65276
65267
65340
65373
65288
65295
65270
65272
65270
65316
65607
65373
65375
65277
65601
65384
65278
65308
65314
65342
65286
65316
65288
65342
65291
65291
65368
65298
65299
65355
65664
65300
65356
65357
65437
65304
65337
65390
65312
65338
65314
65382
65602
65607
65312
65323
65320
65331
65586
65321
65368
65372
65325
65326
65331
65322
65338
65322
65330
65365
65325
65331
65333
65328
65330
65327
65330
65327
65334
65339
65335
65335
65437
65332
65374
65333
65336
65334
65352
65345
65368
65347
65345
65355
65664
65370
65352
65355
65351
65390
65437
65354
65356
65357
65362
65364
65613
65358
65361
65595
65360
65367
65380
65415
65366
65595
65366
65393
65436
65369
65372
65372
65543
65389
65392
65591
65450
65603
65376
65380
65483
65450
65390
65382
65378
65431
65379
65603
65379
65430
65413
65391
65476
65388
65591
65392
65543
65628
65595
65415
65450
65595
65395
65396
65397
65400
65401
65411
65408
65409
65403
65454
65458
65511
65406
65454
65553
65409
65410
65410
65449
65448
65414
65433
65419
65419
65421
65418
65428
65429
65432
65442
65420
65502
65428
65428
65438
65423
65518
65519
65452
65520
65425
65440
65452
65427
65505
65432
65435
65483
65429
65441
65445
65431
65442
65443
65432
65445
65435
65448
65445
67093
67155
65518
65505
65479
65510
65544
65544
65553
65455
65496
65553
65457
65459
65575
65458
65468
65550
65485
65566
65462
65480
65508
65464
65467
65464
65466
65481
65466
65468
65523
65481
65486
65566
65523
65550
65473
65472
65506
65473
65474
65484
65490
65485
65528
65523
65507
65488
65494
65522
65490
65518
65519
65580
65990
66975
67155
66697
66719
65497
65564
65522
65570
65501
65555
65557
65552
65598
65522
65551
65528
65553
65575
65575
65517
65685
65721
65515
65687
65529
65516
65530
65552
65527
65532
65554
65732
65531
65531
65544
65529
65533
65533
65684
65526
65527
65702
65532
65554
65530
65556
65536
65566
65556
65535
65541
65538
65546
65623
65539
65687
65540
65576
65581
65569
65590
65548
65569
65588
65632
65683
65546
65590
65571
65687
65548
65574
65555
65567
65570
65555
65570
65570
65568
65670
65673
65623
65574
65579
65577
65590
65643
65579
65594
67068
65584
65594
65584
65670
65600
65622
65624
65638
65594
65673
65637
65599
65670
65631
65635
65605
65608
65633
65637
65621
65635
65625
65643
65671
65649
65656
67094
67162
65649
65672
65672
65635
65635
65702
65625
65627
65627
65644
65662
65638
65636
65643
65664
65702
65646
65679
65688
65651
65665
65648
65737
65667
65648
65660
65672
65665
65736
65737
65666
65739
65654
65660
65666
65657
65663
65699
65661
65669
65657
65658
65799
67163
65675
65677
65659
65675
65720
65661
65740
65729
65676
65698
65698
65735
65669
65676
65678
65735
65699
65731
65699
65683
65681
65691
65689
65732
65721
65697
65730
65732
65731
65691
65717
65692
65699
65715
65731
65723
65759
65761
65759
65710
65701
65714
65703
65718
65725
65757
65723
65707
65725
65710
65709
65757
65712
65714
65723
65759
65718
65730
65722
65734
65722
65729
65733
65741
65771
67160
65761
65734
65761
65769
65756
65761
65734
65739
65755
65799
66542
65743
65746
65747
65755
65746
65769
65758
65772
65751
65790
65752
65753
65788
65790
65791
65760
65772
65766
65813
65765
65767
65808
65791
65768
65787
65783
65788
65799
65778
65811
65784
65792
65805
65779
65814
65785
65797
65805
65782
65789
65784
65801
65812
65786
65797
65808
65801
65794
65808
65813
65798
65810
65807
67164
65802
65804
65806
65811
65809
65809
65810
65818
65819
65819
65823
65865
65822
65842
65823
65824
65828
65831
65921
65828
65870
65846
65850
65866
65860
65830
65898
65845
65847
65871
65928
65838
65843
65888
65837
65853
65859
65851
65844
65856
65868
65849
65851
65899
65869
65874
65869
65886
65912
65852
65867
65882
65852
65854
65859
65855
65894
65883
65859
65906
65862
65865
65870
65864
65866
65864
65865
65868
65872
65871
66006
66031
66056
65920
65983
65930
65955
65895
65896
65898
65889
65892
65905
65928
65945
65906
65916
65900
65890
65901
65907
65913
65927
65979
65885
65888
65887
65945
65902
65916
65941
65892
65917
66093
65904
65930
65931
65933
65895
65909
65899
65908
65899
65925
65929
65915
65915
65904
65911
65952
65905
65914
65947
65910
65908
65909
65910
65912
65914
65944
65914
65915
65916
65961
65998
66034
65979
65921
65992
66424
66443
66033
66058
65963
65967
66068
65927
65931
65932
65932
65938
66075
66447
66038
66056
65942
65955
65969
65942
65943
65942
65948
65945
65949
65951
65948
65953
65954
65955
65957
65957
65965
65968
65957
65963
66094
66100
66116
65961
65962
66092
66065
65965
65974
66061
66066
66069
65968
65969
65970
66067
65976
66478
66525
66393
66416
66557
65991
66035
66063
66064
65980
66044
66067
66050
66007
66012
66021
66006
66044
66063
65984
66052
65992
66051
66054
66041
66057
66053
66022
66023
66047
66038
66041
66056
66471
65994
66018
66429
66446
65995
66012
66026
66460
66009
66016
66501
66502
66504
66098
66417
66454
66423
66441
66347
66395
66446
66009
66032
66042
66040
66008
66011
66073
66010
66030
66028
66036
66020
66024
66014
66460
66016
66021
66020
66021
66023
66026
66027
66046
66025
66026
66027
66030
66033
66058
66043
66055
66033
66038
66037
66037
66037
66042
66050
66063
66049
66056
66057
66055
66046
66050
66047
66048
66050
66053
66053
66054
66059
66064
66064
66070
66409
66410
66441
66072
66066
66068
66069
66068
66075
66439
66444
66450
66102
66444
66077
66127
66136
66111
66131
66083
66129
66105
66126
66130
66127
66131
66085
66139
66119
66206
66410
66435
66131
66135
66091
66091
66093
66092
66093
66112
66095
66109
66122
66148
66149
66346
66425
66113
66117
66163
66120
66123
66125
66404
66431
66116
66126
66132
66196
66113
66152
66195
66430
66449
66108
66113
66117
66112
66130
66186
66120
66123
66144
66151
66161
66121
66122
66124
66153
66125
66134
66136
66129
66133
66135
66155
66134
66142
66138
66180
66183
66139
66169
66140
66179
66141
66157
66175
66168
66170
66164
66146
66186
66165
66173
66215
66402
66351
66407
66190
66392
66430
66152
66190
66154
66154
66162
66164
66195
66176
66188
66196
66159
66204
66206
66211
66169
66185
66221
66166
66190
66163
66164
66205
66170
66196
66178
66222
66179
66171
66173
66173
66176
66175
66176
66177
66177
66185
66181
66181
66185
66184
66225
66197
66207
66232
66240
66196
66220
66223
66218
66219
66220
66210
66260
66404
66209
66202
66359
66246
66207
66208
66249
66207
66208
66211
66205
66206
66209
66250
66253
66268
66243
66298
66327
66303
66309
66319
66390
66396
66292
66301
66338
66353
66354
66224
66221
66224
66222
66223
66235
66227
66230
66233
66228
66229
66230
66236
66238
66274
66255
66275
66256
66241
66270
66296
66265
66316
66268
66252
66260
66258
66272
66274
66253
66254
66257
66271
66258
66276
66268
66267
66265
66267
66302
66358
66270
66277
66274
66277
66612
66624
66280
66334
66564
66605
66676
66284
66316
66535
66546
66309
66325
66288
66376
66514
66587
66367
66310
66317
66340
66314
66301
66316
66293
66310
66315
66340
66313
66335
66306
66328
66297
66298
66329
66362
66377
66303
66319
66303
66305
66312
66339
66306
66341
66308
66324
66328
66329
66324
66322
66368
66343
66354
66313
66337
66336
66318
66344
66349
66367
66370
66326
66327
66352
66384
66354
66343
66356
66361
66364
66327
66330
66330
66728
67148
67158
66333
66613
66342
66342
66336
66337
66338
66339
66341
66341
66571
66589
66357
66351
66413
66445
66351
66455
66590
66652
66671
66353
66416
66422
66456
66414
66360
66369
66360
66356
66389
66390
66357
66359
66359
66361
66363
66365
66364
66366
66366
66369
66368
66371
66371
66377
66373
66377
66382
66380
66383
66510
66550
66552
66412
66413
66554
66398
66412
66413
66561
66562
66607
66381
66382
66565
66403
66561
66384
66549
66551
66393
66412
66422
66549
66556
66558
66393
66412
66389
66400
66400
66405
66432
66401
66406
66559
66428
66452
66463
66509
66399
66415
66455
66453
66401
66402
66406
66548
66407
66436
66437
66433
66434
66435
66436
66453
66434
66414
66415
66458
66423
66420
66507
66512
66506
66466
66455
66439
66450
66429
66454
66449
66433
66437
66436
66445
66438
66440
66438
66443
66441
66453
66444
66448
66451
66456
66458
67090
66508
66719
67154
67159
67151
66475
66530
66531
67004
67005
66489
66523
66532
66586
66496
67035
67037
67038
66477
66719
66720
67159
66494
66533
66536
66533
66540
67159
67097
66491
66498
67029
67044
66491
66498
66527
67045
66860
66898
66919
66920
66978
66999
66500
66527
66968
67077
67029
67030
67044
66503
66503
66507
66505
66512
66509
66510
66574
66580
66513
66545
66551
66560
66599
66678
66911
66940
66518
66591
66592
66608
66630
66588
66576
66703
66896
66572
66639
66635
66639
66650
66637
66524
67043
67005
66584
66600
66917
66922
67007
67009
66872
66985
66536
66536
66842
66850
66859
66757
66575
66598
66575
66991
67007
67093
67094
66657
66545
66547
66553
66547
66555
66554
66562
66552
66553
66555
66570
66557
66559
66560
66565
66610
66676
66611
66567
66567
66611
66586
66654
66580
66587
66637
66663
66665
66723
66735
66586
66601
66593
66683
66858
66916
66918
66998
66696
66705
66714
66753
66761
66602
66604
66585
66703
66913
66928
66593
66907
66615
66655
66590
66604
66606
66608
66609
66612
66601
66601
66674
66601
66604
66598
66905
66954
67016
67020
66790
66834
66868
66597
66846
66598
66609
66620
66671
66622
66640
66649
66608
66620
66607
66609
66610
66611
66613
66626
66670
66618
66672
66638
66650
66788
66821
66832
66674
66676
66624
66636
66670
66640
66636
66642
66641
66649
66628
66786
66644
66840
66834
66848
66635
66639
66656
66845
66854
66928
66633
66666
66683
66866
66655
66653
66651
66672
66670
66659
66647
66645
66662
66661
66758
66665
66652
66653
66654
66654
66665
66672
66666
66766
66775
66684
66701
66762
66798
66660
66661
66662
66662
66734
66735
66839
66870
66698
66839
66674
66723
66736
66906
66988
67119
66806
66916
66726
66732
67147
67157
66794
66894
67120
67001
67063
67105
66811
66822
66899
66797
66768
66781
66689
66696
66748
66776
66689
66738
66700
66714
66696
66705
66943
66700
66769
66773
66700
66738
66744
66716
66724
66726
67157
67101
67117
66864
66725
66746
66707
66819
66792
66801
66826
66899
66771
66792
66709
66716
66762
66713
66827
66893
66901
66948
66901
66904
66931
66820
66791
66945
66984
67040
67089
66884
66888
67098
67156
67117
67131
66722
67113
67127
66992
66725
66734
66740
66736
66750
67125
66740
67125
67126
66731
66735
66733
67127
67149
66743
66743
66746
66755
66739
66740
66742
66743
66744
66765
66750
66754
66748
66751
66752
66752
66753
66760
66754
66755
66756
66759
66761
66759
66761
66768
66773
66776
66773
66776
66769
66773
66772
66771
66807
66810
66873
66793
66795
66797
66780
66783
66785
66777
66780
66784
66788
66809
66832
66781
66782
66784
66785
66796
66795
66840
66870
66799
66824
66803
66819
66823
66852
66853
66947
66895
66958
66964
66796
66799
66798
66803
66800
66812
66817
66844
66933
66884
66923
66934
66946
66812
66882
66890
66892
66923
66814
66926
66885
66913
66809
66871
66879
66876
66877
66887
66947
66818
66814
66817
66818
66823
66844
66970
66972
66980
67075
66861
66943
66944
66955
66823
66824
66831
66882
66948
66956
67110
66876
66876
66878
66883
66861
66933
66944
66904
66949
66842
66869
66926
66927
66847
66910
66939
66940
66837
66880
66874
66875
66854
66863
66864
66851
66873
66853
66863
66841
66849
66874
66875
66886
66926
66849
66859
66912
66858
66925
66941
66855
66853
66863
66869
66868
66870
66859
66865
66874
66908
66871
66881
66861
66938
66914
66921
66998
66921
66930
66996
66865
66867
66929
66867
66899
66885
66875
66887
66877
66882
66883
66879
66881
66887
66891
66904
66925
66887
66892
66889
66890
66923
66891
66934
66938
66947
66924
66964
66971
66959
66914
66926
66933
67010
66929
66906
67115
67121
66931
66945
66961
67013
66977
67022
67061
66924
66951
67118
66915
66910
66912
66916
66937
66941
66911
66913
66915
67011
66993
66994
66937
66930
66981
66995
66995
66994
66966
66934
66946
66929
66968
66994
66936
66942
66945
66952
66939
66957
66959
66967
66937
66967
66942
66949
66950
66941
66942
66950
66955
67020
67046
67055
66978
67003
66958
66988
67014
66961
66998
67021
67025
67026
67083
66977
67035
67079
67081
66978
66987
67019
66970
66971
66980
66996
67019
67061
67069
67116
67082
67109
66977
67035
67074
67051
67066
67042
67047
67057
67012
67026
67138
66994
67009
67116
67137
67138
67146
66993
67006
67001
67091
66990
67008
67064
67133
67140
66996
67110
67120
67078
67096
66991
67161
67162
66997
66999
66999
66998
67012
67038
67106
67017
67019
67006
67056
67006
67043
67008
67010
67011
67036
67075
67015
67021
67021
67023
67017
67025
67026
67061
67019
67069
67021
67023
67069
67024
67025
67036
67033
67084
67061
67079
67077
67079
67087
67058
67060
67044
67050
67058
67065
67067
67056
67059
67084
67072
67103
67108
67076
67084
67065
67059
67060
67067
67073
67088
67089
67103
67139
67142
67143
67078
67101
67078
67096
67087
67082
67074
67082
67081
67099
67080
67081
67083
67098
67095
67154
67103
67101
67106
67102
67123
67135
67122
67118
67144
67107
67105
67107
67140
67106
67114
67108
67109
67133
67124
67149
67115
67129
67149
67122
67140
67119
67122
67121
67145
67120
67146
67128
67124
67128
67136
67129
67130
67147
67129
67130
67132
67141
67135
67152
67136
67149
67136
67141
67142
67140
67143
67144
67144
67145
67146
67148
67153
67161
67160
67159
67163
67162
67158
67163
67164
)


// ************************************************************************* //
