[2026-05-01 19:28:37] CAD Self-Growth Watchdog started.
[2026-05-01 19:28:37] Heartbeat is stale or missing. Restarting daemon...
[2026-05-01 19:28:37] Starting MultiCAD Self-Growth Daemon...
[2026-05-04 09:20:41] Heartbeat is stale or missing. Restarting daemon...
[2026-05-04 09:20:41] Killing stale process 30564...
[2026-05-04 09:20:42] Starting MultiCAD Self-Growth Daemon...
[2026-05-04 09:21:42] Heartbeat is stale or missing. Restarting daemon...
[2026-05-04 09:21:42] Killing stale process 30564...
[2026-05-04 09:21:42] Starting MultiCAD Self-Growth Daemon...
[2026-05-04 09:22:42] Heartbeat is stale or missing. Restarting daemon...
[2026-05-04 09:22:42] Killing stale process 30564...
[2026-05-04 09:22:42] Starting MultiCAD Self-Growth Daemon...
[2026-05-04 09:23:42] Heartbeat is stale or missing. Restarting daemon...
[2026-05-04 09:23:42] Killing stale process 30564...
[2026-05-04 09:23:43] Starting MultiCAD Self-Growth Daemon...
[2026-05-04 09:24:43] Heartbeat is stale or missing. Restarting daemon...
[2026-05-04 09:24:43] Killing stale process 30564...
[2026-05-04 09:24:43] Starting MultiCAD Self-Growth Daemon...
[2026-05-04 09:25:43] Heartbeat is stale or missing. Restarting daemon...
[2026-05-04 09:25:43] Killing stale process 30564...
[2026-05-04 09:25:43] Starting MultiCAD Self-Growth Daemon...
[2026-05-04 09:26:43] Heartbeat is stale or missing. Restarting daemon...
[2026-05-04 09:26:43] Killing stale process 30564...
[2026-05-04 09:26:43] Starting MultiCAD Self-Growth Daemon...
[2026-05-04 09:27:43] Heartbeat is stale or missing. Restarting daemon...
[2026-05-04 09:27:43] Killing stale process 30564...
[2026-05-04 09:27:43] Starting MultiCAD Self-Growth Daemon...
[2026-05-04 09:28:43] Heartbeat is stale or missing. Restarting daemon...
[2026-05-04 09:28:43] Killing stale process 30564...
[2026-05-04 09:28:44] Starting MultiCAD Self-Growth Daemon...
[2026-05-04 09:29:44] Heartbeat is stale or missing. Restarting daemon...
[2026-05-04 09:29:44] Killing stale process 30564...
[2026-05-04 09:29:44] Starting MultiCAD Self-Growth Daemon...
[2026-05-04 09:30:44] Heartbeat is stale or missing. Restarting daemon...
[2026-05-04 09:30:44] Killing stale process 30564...
[2026-05-04 09:30:44] Starting MultiCAD Self-Growth Daemon...
[2026-05-04 09:31:44] Heartbeat is stale or missing. Restarting daemon...
[2026-05-04 09:31:44] Killing stale process 30564...
[2026-05-04 09:31:44] Starting MultiCAD Self-Growth Daemon...
[2026-05-04 09:32:44] Heartbeat is stale or missing. Restarting daemon...
[2026-05-04 09:32:44] Killing stale process 30564...
[2026-05-04 09:32:45] Starting MultiCAD Self-Growth Daemon...
[2026-05-04 09:33:45] Heartbeat is stale or missing. Restarting daemon...
[2026-05-04 09:33:45] Killing stale process 30564...
[2026-05-04 09:33:45] Starting MultiCAD Self-Growth Daemon...
[2026-05-04 09:34:45] Heartbeat is stale or missing. Restarting daemon...
[2026-05-04 09:34:45] Killing stale process 30564...
[2026-05-04 09:34:45] Starting MultiCAD Self-Growth Daemon...
[2026-05-04 09:35:45] Heartbeat is stale or missing. Restarting daemon...
[2026-05-04 09:35:45] Killing stale process 30564...
[2026-05-04 09:35:45] Starting MultiCAD Self-Growth Daemon...
[2026-05-04 09:36:45] Heartbeat is stale or missing. Restarting daemon...
[2026-05-04 09:36:45] Killing stale process 30564...
[2026-05-04 09:36:46] Starting MultiCAD Self-Growth Daemon...
[2026-05-04 09:37:46] Heartbeat is stale or missing. Restarting daemon...
[2026-05-04 09:37:46] Killing stale process 30564...
[2026-05-04 09:37:46] Starting MultiCAD Self-Growth Daemon...
[2026-05-04 09:38:46] Heartbeat is stale or missing. Restarting daemon...
[2026-05-04 09:38:46] Killing stale process 30564...
[2026-05-04 09:38:46] Starting MultiCAD Self-Growth Daemon...
[2026-05-04 09:39:46] Heartbeat is stale or missing. Restarting daemon...
[2026-05-04 09:39:46] Killing stale process 30564...
[2026-05-04 09:39:46] Starting MultiCAD Self-Growth Daemon...
[2026-05-04 09:40:46] Heartbeat is stale or missing. Restarting daemon...
[2026-05-04 09:40:46] Killing stale process 30564...
[2026-05-04 09:40:47] Starting MultiCAD Self-Growth Daemon...
[2026-05-04 09:41:47] Heartbeat is stale or missing. Restarting daemon...
[2026-05-04 09:41:47] Killing stale process 30564...
[2026-05-04 09:41:47] Starting MultiCAD Self-Growth Daemon...
[2026-05-04 09:42:47] Heartbeat is stale or missing. Restarting daemon...
[2026-05-04 09:42:47] Killing stale process 30564...
[2026-05-04 09:42:47] Starting MultiCAD Self-Growth Daemon...
[2026-05-04 09:43:47] Heartbeat is stale or missing. Restarting daemon...
[2026-05-04 09:43:47] Killing stale process 30564...
[2026-05-04 09:43:47] Starting MultiCAD Self-Growth Daemon...
[2026-05-04 09:44:47] Heartbeat is stale or missing. Restarting daemon...
[2026-05-04 09:44:47] Killing stale process 30564...
[2026-05-04 09:44:48] Starting MultiCAD Self-Growth Daemon...
[2026-05-04 09:45:48] Heartbeat is stale or missing. Restarting daemon...
[2026-05-04 09:45:48] Killing stale process 30564...
[2026-05-04 09:45:48] Starting MultiCAD Self-Growth Daemon...
[2026-05-04 09:46:48] Heartbeat is stale or missing. Restarting daemon...
[2026-05-04 09:46:48] Killing stale process 30564...
[2026-05-04 09:46:48] Starting MultiCAD Self-Growth Daemon...
[2026-05-04 09:47:48] Heartbeat is stale or missing. Restarting daemon...
[2026-05-04 09:47:48] Killing stale process 30564...
[2026-05-04 09:47:48] Starting MultiCAD Self-Growth Daemon...
[2026-05-04 09:48:48] Heartbeat is stale or missing. Restarting daemon...
[2026-05-04 09:48:48] Killing stale process 30564...
[2026-05-04 09:48:49] Starting MultiCAD Self-Growth Daemon...
[2026-05-04 09:49:49] Heartbeat is stale or missing. Restarting daemon...
[2026-05-04 09:49:49] Killing stale process 30564...
[2026-05-04 09:49:49] Starting MultiCAD Self-Growth Daemon...
[2026-05-04 09:50:49] Heartbeat is stale or missing. Restarting daemon...
[2026-05-04 09:50:49] Killing stale process 30564...
[2026-05-04 09:50:49] Starting MultiCAD Self-Growth Daemon...
[2026-05-04 09:51:49] Heartbeat is stale or missing. Restarting daemon...
[2026-05-04 09:51:49] Killing stale process 30564...
[2026-05-04 09:51:49] Starting MultiCAD Self-Growth Daemon...
[2026-05-04 09:52:49] Heartbeat is stale or missing. Restarting daemon...
[2026-05-04 09:52:49] Killing stale process 30564...
[2026-05-04 09:52:50] Starting MultiCAD Self-Growth Daemon...
[2026-05-04 09:53:50] Heartbeat is stale or missing. Restarting daemon...
[2026-05-04 09:53:50] Killing stale process 30564...
[2026-05-04 09:53:50] Starting MultiCAD Self-Growth Daemon...
[2026-05-04 09:54:50] Heartbeat is stale or missing. Restarting daemon...
[2026-05-04 09:54:50] Killing stale process 30564...
[2026-05-04 09:54:50] Starting MultiCAD Self-Growth Daemon...
[2026-05-04 09:55:50] Heartbeat is stale or missing. Restarting daemon...
[2026-05-04 09:55:50] Killing stale process 30564...
[2026-05-04 09:55:50] Starting MultiCAD Self-Growth Daemon...
[2026-05-04 09:56:50] Heartbeat is stale or missing. Restarting daemon...
[2026-05-04 09:56:50] Killing stale process 30564...
[2026-05-04 09:56:51] Starting MultiCAD Self-Growth Daemon...
[2026-05-04 09:57:51] Heartbeat is stale or missing. Restarting daemon...
[2026-05-04 09:57:51] Killing stale process 30564...
[2026-05-04 09:57:51] Starting MultiCAD Self-Growth Daemon...
[2026-05-04 09:58:51] Heartbeat is stale or missing. Restarting daemon...
[2026-05-04 09:58:51] Killing stale process 30564...
[2026-05-04 09:58:51] Starting MultiCAD Self-Growth Daemon...
[2026-05-04 09:59:51] Heartbeat is stale or missing. Restarting daemon...
[2026-05-04 09:59:51] Killing stale process 30564...
[2026-05-04 09:59:51] Starting MultiCAD Self-Growth Daemon...
[2026-05-04 10:00:51] Heartbeat is stale or missing. Restarting daemon...
[2026-05-04 10:00:51] Killing stale process 30564...
[2026-05-04 10:00:52] Starting MultiCAD Self-Growth Daemon...
[2026-05-04 10:01:52] Heartbeat is stale or missing. Restarting daemon...
[2026-05-04 10:01:52] Killing stale process 30564...
[2026-05-04 10:01:52] Starting MultiCAD Self-Growth Daemon...
[2026-05-04 10:02:52] Heartbeat is stale or missing. Restarting daemon...
[2026-05-04 10:02:52] Killing stale process 30564...
[2026-05-04 10:02:52] Starting MultiCAD Self-Growth Daemon...
[2026-05-04 10:03:52] Heartbeat is stale or missing. Restarting daemon...
[2026-05-04 10:03:52] Killing stale process 30564...
[2026-05-04 10:03:52] Starting MultiCAD Self-Growth Daemon...
[2026-05-04 10:04:52] Heartbeat is stale or missing. Restarting daemon...
[2026-05-04 10:04:52] Killing stale process 30564...
[2026-05-04 10:04:53] Starting MultiCAD Self-Growth Daemon...
[2026-05-04 10:05:53] Heartbeat is stale or missing. Restarting daemon...
[2026-05-04 10:05:53] Killing stale process 30564...
[2026-05-04 10:05:53] Starting MultiCAD Self-Growth Daemon...
[2026-05-04 10:06:53] Heartbeat is stale or missing. Restarting daemon...
[2026-05-04 10:06:53] Killing stale process 30564...
[2026-05-04 10:06:53] Starting MultiCAD Self-Growth Daemon...
[2026-05-04 10:07:53] Heartbeat is stale or missing. Restarting daemon...
[2026-05-04 10:07:53] Killing stale process 30564...
[2026-05-04 10:07:53] Starting MultiCAD Self-Growth Daemon...
[2026-05-04 10:08:53] Heartbeat is stale or missing. Restarting daemon...
[2026-05-04 10:08:53] Killing stale process 30564...
[2026-05-04 10:08:54] Starting MultiCAD Self-Growth Daemon...
[2026-05-04 10:09:54] Heartbeat is stale or missing. Restarting daemon...
[2026-05-04 10:09:54] Killing stale process 30564...
[2026-05-04 10:09:54] Starting MultiCAD Self-Growth Daemon...
[2026-05-04 10:10:54] Heartbeat is stale or missing. Restarting daemon...
[2026-05-04 10:10:54] Killing stale process 30564...
[2026-05-04 10:10:54] Starting MultiCAD Self-Growth Daemon...
[2026-05-04 10:11:54] Heartbeat is stale or missing. Restarting daemon...
[2026-05-04 10:11:54] Killing stale process 30564...
[2026-05-04 10:11:54] Starting MultiCAD Self-Growth Daemon...
[2026-05-04 10:12:54] Heartbeat is stale or missing. Restarting daemon...
[2026-05-04 10:12:54] Killing stale process 30564...
[2026-05-04 10:12:55] Starting MultiCAD Self-Growth Daemon...
[2026-05-04 10:13:55] Heartbeat is stale or missing. Restarting daemon...
[2026-05-04 10:13:55] Killing stale process 30564...
[2026-05-04 10:13:55] Starting MultiCAD Self-Growth Daemon...
[2026-05-04 10:14:55] Heartbeat is stale or missing. Restarting daemon...
[2026-05-04 10:14:55] Killing stale process 30564...
[2026-05-04 10:14:55] Starting MultiCAD Self-Growth Daemon...
[2026-05-04 10:15:55] Heartbeat is stale or missing. Restarting daemon...
[2026-05-04 10:15:55] Killing stale process 30564...
[2026-05-04 10:15:55] Starting MultiCAD Self-Growth Daemon...
[2026-05-04 10:16:55] Heartbeat is stale or missing. Restarting daemon...
[2026-05-04 10:16:55] Killing stale process 30564...
[2026-05-04 10:16:55] Starting MultiCAD Self-Growth Daemon...
[2026-05-04 10:17:55] Heartbeat is stale or missing. Restarting daemon...
[2026-05-04 10:17:55] Killing stale process 30564...
[2026-05-04 10:17:56] Starting MultiCAD Self-Growth Daemon...
[2026-05-04 10:18:56] Heartbeat is stale or missing. Restarting daemon...
[2026-05-04 10:18:56] Killing stale process 30564...
[2026-05-04 10:18:56] Starting MultiCAD Self-Growth Daemon...
[2026-05-04 10:19:56] Heartbeat is stale or missing. Restarting daemon...
[2026-05-04 10:19:56] Killing stale process 30564...
[2026-05-04 10:19:56] Starting MultiCAD Self-Growth Daemon...
[2026-05-04 10:20:56] Heartbeat is stale or missing. Restarting daemon...
[2026-05-04 10:20:56] Killing stale process 30564...
[2026-05-04 10:20:56] Starting MultiCAD Self-Growth Daemon...
[2026-05-04 10:21:56] Heartbeat is stale or missing. Restarting daemon...
[2026-05-04 10:21:56] Killing stale process 30564...
[2026-05-04 10:21:56] Starting MultiCAD Self-Growth Daemon...
[2026-05-04 10:22:56] Heartbeat is stale or missing. Restarting daemon...
[2026-05-04 10:22:56] Killing stale process 30564...
[2026-05-04 10:22:57] Starting MultiCAD Self-Growth Daemon...
[2026-05-04 10:23:57] Heartbeat is stale or missing. Restarting daemon...
[2026-05-04 10:23:57] Killing stale process 30564...
[2026-05-04 10:23:57] Starting MultiCAD Self-Growth Daemon...
[2026-05-04 10:24:57] Heartbeat is stale or missing. Restarting daemon...
[2026-05-04 10:24:57] Killing stale process 30564...
[2026-05-04 10:24:57] Starting MultiCAD Self-Growth Daemon...
[2026-05-04 10:25:57] Heartbeat is stale or missing. Restarting daemon...
[2026-05-04 10:25:57] Killing stale process 30564...
[2026-05-04 10:25:57] Starting MultiCAD Self-Growth Daemon...
[2026-05-04 10:26:57] Heartbeat is stale or missing. Restarting daemon...
[2026-05-04 10:26:57] Killing stale process 30564...
[2026-05-04 10:26:58] Starting MultiCAD Self-Growth Daemon...
[2026-05-04 10:27:58] Heartbeat is stale or missing. Restarting daemon...
[2026-05-04 10:27:58] Killing stale process 30564...
[2026-05-04 10:27:58] Starting MultiCAD Self-Growth Daemon...
[2026-05-04 10:28:58] Heartbeat is stale or missing. Restarting daemon...
[2026-05-04 10:28:58] Killing stale process 30564...
[2026-05-04 10:28:58] Starting MultiCAD Self-Growth Daemon...
[2026-05-04 10:29:58] Heartbeat is stale or missing. Restarting daemon...
[2026-05-04 10:29:58] Killing stale process 30564...
[2026-05-04 10:29:58] Starting MultiCAD Self-Growth Daemon...
[2026-05-04 10:30:58] Heartbeat is stale or missing. Restarting daemon...
[2026-05-04 10:30:58] Killing stale process 30564...
[2026-05-04 10:30:59] Starting MultiCAD Self-Growth Daemon...
[2026-05-04 10:31:59] Heartbeat is stale or missing. Restarting daemon...
[2026-05-04 10:31:59] Killing stale process 30564...
[2026-05-04 10:31:59] Starting MultiCAD Self-Growth Daemon...
[2026-05-04 10:32:59] Heartbeat is stale or missing. Restarting daemon...
[2026-05-04 10:32:59] Killing stale process 30564...
[2026-05-04 10:32:59] Starting MultiCAD Self-Growth Daemon...
[2026-05-04 10:33:59] Heartbeat is stale or missing. Restarting daemon...
[2026-05-04 10:33:59] Killing stale process 30564...
[2026-05-04 10:34:00] Starting MultiCAD Self-Growth Daemon...
[2026-05-04 10:35:00] Heartbeat is stale or missing. Restarting daemon...
[2026-05-04 10:35:00] Killing stale process 30564...
[2026-05-04 10:35:00] Starting MultiCAD Self-Growth Daemon...
[2026-05-04 10:36:00] Heartbeat is stale or missing. Restarting daemon...
[2026-05-04 10:36:00] Killing stale process 30564...
[2026-05-04 10:36:00] Starting MultiCAD Self-Growth Daemon...
[2026-05-04 10:37:00] Heartbeat is stale or missing. Restarting daemon...
[2026-05-04 10:37:00] Killing stale process 30564...
[2026-05-04 10:37:00] Starting MultiCAD Self-Growth Daemon...
[2026-05-04 10:38:00] Heartbeat is stale or missing. Restarting daemon...
[2026-05-04 10:38:00] Killing stale process 30564...
[2026-05-04 10:38:01] Starting MultiCAD Self-Growth Daemon...
[2026-05-04 10:39:01] Heartbeat is stale or missing. Restarting daemon...
[2026-05-04 10:39:01] Killing stale process 30564...
[2026-05-04 10:39:01] Starting MultiCAD Self-Growth Daemon...
[2026-05-04 10:40:01] Heartbeat is stale or missing. Restarting daemon...
[2026-05-04 10:40:01] Killing stale process 30564...
[2026-05-04 10:40:01] Starting MultiCAD Self-Growth Daemon...
[2026-05-04 10:41:01] Heartbeat is stale or missing. Restarting daemon...
[2026-05-04 10:41:01] Killing stale process 30564...
[2026-05-04 10:41:02] Starting MultiCAD Self-Growth Daemon...
[2026-05-04 10:42:02] Heartbeat is stale or missing. Restarting daemon...
[2026-05-04 10:42:02] Killing stale process 30564...
[2026-05-04 10:42:02] Starting MultiCAD Self-Growth Daemon...
[2026-05-04 10:43:02] Heartbeat is stale or missing. Restarting daemon...
[2026-05-04 10:43:02] Killing stale process 30564...
[2026-05-04 10:43:02] Starting MultiCAD Self-Growth Daemon...
[2026-05-04 10:44:02] Heartbeat is stale or missing. Restarting daemon...
[2026-05-04 10:44:02] Killing stale process 30564...
[2026-05-04 10:44:02] Starting MultiCAD Self-Growth Daemon...
[2026-05-04 10:45:02] Heartbeat is stale or missing. Restarting daemon...
[2026-05-04 10:45:02] Killing stale process 30564...
[2026-05-04 10:45:03] Starting MultiCAD Self-Growth Daemon...
[2026-05-04 10:46:03] Heartbeat is stale or missing. Restarting daemon...
[2026-05-04 10:46:03] Killing stale process 30564...
[2026-05-04 10:46:03] Starting MultiCAD Self-Growth Daemon...
[2026-05-04 10:47:03] Heartbeat is stale or missing. Restarting daemon...
[2026-05-04 10:47:03] Killing stale process 30564...
[2026-05-04 10:47:03] Starting MultiCAD Self-Growth Daemon...
[2026-05-04 10:48:03] Heartbeat is stale or missing. Restarting daemon...
[2026-05-04 10:48:03] Killing stale process 30564...
[2026-05-04 10:48:03] Starting MultiCAD Self-Growth Daemon...
[2026-05-04 10:49:03] Heartbeat is stale or missing. Restarting daemon...
[2026-05-04 10:49:03] Killing stale process 30564...
[2026-05-04 10:49:04] Starting MultiCAD Self-Growth Daemon...
[2026-05-04 10:50:04] Heartbeat is stale or missing. Restarting daemon...
[2026-05-04 10:50:04] Killing stale process 30564...
[2026-05-04 10:50:04] Starting MultiCAD Self-Growth Daemon...
[2026-05-04 10:51:04] Heartbeat is stale or missing. Restarting daemon...
[2026-05-04 10:51:04] Killing stale process 30564...
[2026-05-04 10:51:04] Starting MultiCAD Self-Growth Daemon...
[2026-05-04 10:52:04] Heartbeat is stale or missing. Restarting daemon...
[2026-05-04 10:52:04] Killing stale process 30564...
[2026-05-04 10:52:05] Starting MultiCAD Self-Growth Daemon...
[2026-05-04 10:53:05] Heartbeat is stale or missing. Restarting daemon...
[2026-05-04 10:53:05] Killing stale process 30564...
[2026-05-04 10:53:05] Starting MultiCAD Self-Growth Daemon...
[2026-05-04 10:54:05] Heartbeat is stale or missing. Restarting daemon...
[2026-05-04 10:54:05] Killing stale process 30564...
[2026-05-04 10:54:05] Starting MultiCAD Self-Growth Daemon...
[2026-05-04 10:55:05] Heartbeat is stale or missing. Restarting daemon...
[2026-05-04 10:55:05] Killing stale process 30564...
[2026-05-04 10:55:05] Starting MultiCAD Self-Growth Daemon...
[2026-05-04 10:56:05] Heartbeat is stale or missing. Restarting daemon...
[2026-05-04 10:56:05] Killing stale process 30564...
[2026-05-04 10:56:06] Starting MultiCAD Self-Growth Daemon...
[2026-05-04 10:57:06] Heartbeat is stale or missing. Restarting daemon...
[2026-05-04 10:57:06] Killing stale process 30564...
[2026-05-04 10:57:06] Starting MultiCAD Self-Growth Daemon...
[2026-05-04 10:58:06] Heartbeat is stale or missing. Restarting daemon...
[2026-05-04 10:58:06] Killing stale process 30564...
[2026-05-04 10:58:06] Starting MultiCAD Self-Growth Daemon...
[2026-05-04 10:59:06] Heartbeat is stale or missing. Restarting daemon...
[2026-05-04 10:59:06] Killing stale process 30564...
[2026-05-04 10:59:07] Starting MultiCAD Self-Growth Daemon...
[2026-05-04 11:00:07] Heartbeat is stale or missing. Restarting daemon...
[2026-05-04 11:00:07] Killing stale process 30564...
[2026-05-04 11:00:07] Starting MultiCAD Self-Growth Daemon...
[2026-05-04 11:01:07] Heartbeat is stale or missing. Restarting daemon...
[2026-05-04 11:01:07] Killing stale process 30564...
[2026-05-04 11:01:07] Starting MultiCAD Self-Growth Daemon...
[2026-05-04 11:02:07] Heartbeat is stale or missing. Restarting daemon...
[2026-05-04 11:02:07] Killing stale process 30564...
[2026-05-04 11:02:07] Starting MultiCAD Self-Growth Daemon...
[2026-05-04 11:03:08] Heartbeat is stale or missing. Restarting daemon...
[2026-05-04 11:03:08] Killing stale process 30564...
[2026-05-04 11:03:08] Starting MultiCAD Self-Growth Daemon...
[2026-05-04 11:04:08] Heartbeat is stale or missing. Restarting daemon...
[2026-05-04 11:04:08] Killing stale process 30564...
[2026-05-04 11:04:08] Starting MultiCAD Self-Growth Daemon...
[2026-05-04 11:05:08] Heartbeat is stale or missing. Restarting daemon...
[2026-05-04 11:05:08] Killing stale process 30564...
[2026-05-04 11:05:08] Starting MultiCAD Self-Growth Daemon...
[2026-05-04 11:06:08] Heartbeat is stale or missing. Restarting daemon...
[2026-05-04 11:06:08] Killing stale process 30564...
[2026-05-04 11:06:09] Starting MultiCAD Self-Growth Daemon...
[2026-05-04 11:07:09] Heartbeat is stale or missing. Restarting daemon...
[2026-05-04 11:07:09] Killing stale process 30564...
[2026-05-04 11:07:09] Starting MultiCAD Self-Growth Daemon...
[2026-05-04 11:08:09] Heartbeat is stale or missing. Restarting daemon...
[2026-05-04 11:08:09] Killing stale process 30564...
[2026-05-04 11:08:09] Starting MultiCAD Self-Growth Daemon...
[2026-05-04 11:09:09] Heartbeat is stale or missing. Restarting daemon...
[2026-05-04 11:09:09] Killing stale process 30564...
[2026-05-04 11:09:09] Starting MultiCAD Self-Growth Daemon...
[2026-05-04 11:10:09] Heartbeat is stale or missing. Restarting daemon...
[2026-05-04 11:10:09] Killing stale process 30564...
[2026-05-04 11:10:10] Starting MultiCAD Self-Growth Daemon...
[2026-05-04 11:11:10] Heartbeat is stale or missing. Restarting daemon...
[2026-05-04 11:11:10] Killing stale process 30564...
[2026-05-04 11:11:10] Starting MultiCAD Self-Growth Daemon...
[2026-05-04 11:12:10] Heartbeat is stale or missing. Restarting daemon...
[2026-05-04 11:12:10] Killing stale process 30564...
[2026-05-04 11:12:10] Starting MultiCAD Self-Growth Daemon...
[2026-05-04 11:13:10] Heartbeat is stale or missing. Restarting daemon...
[2026-05-04 11:13:10] Killing stale process 30564...
[2026-05-04 11:13:10] Starting MultiCAD Self-Growth Daemon...
[2026-05-04 11:14:10] Heartbeat is stale or missing. Restarting daemon...
[2026-05-04 11:14:10] Killing stale process 30564...
[2026-05-04 11:14:11] Starting MultiCAD Self-Growth Daemon...
[2026-05-04 11:15:11] Heartbeat is stale or missing. Restarting daemon...
[2026-05-04 11:15:11] Killing stale process 30564...
[2026-05-04 11:15:11] Starting MultiCAD Self-Growth Daemon...
[2026-05-04 11:16:11] Heartbeat is stale or missing. Restarting daemon...
[2026-05-04 11:16:11] Killing stale process 30564...
[2026-05-04 11:16:11] Starting MultiCAD Self-Growth Daemon...
[2026-05-04 11:17:11] Heartbeat is stale or missing. Restarting daemon...
[2026-05-04 11:17:11] Killing stale process 30564...
[2026-05-04 11:17:11] Starting MultiCAD Self-Growth Daemon...
[2026-05-04 11:18:11] Heartbeat is stale or missing. Restarting daemon...
[2026-05-04 11:18:11] Killing stale process 30564...
[2026-05-04 11:18:12] Starting MultiCAD Self-Growth Daemon...
[2026-05-04 11:19:12] Heartbeat is stale or missing. Restarting daemon...
[2026-05-04 11:19:12] Killing stale process 30564...
[2026-05-04 11:19:12] Starting MultiCAD Self-Growth Daemon...
[2026-05-04 11:20:12] Heartbeat is stale or missing. Restarting daemon...
[2026-05-04 11:20:12] Killing stale process 30564...
[2026-05-04 11:20:12] Starting MultiCAD Self-Growth Daemon...
[2026-05-04 11:21:12] Heartbeat is stale or missing. Restarting daemon...
[2026-05-04 11:21:12] Killing stale process 30564...
[2026-05-04 11:21:12] Starting MultiCAD Self-Growth Daemon...
[2026-05-04 11:22:12] Heartbeat is stale or missing. Restarting daemon...
[2026-05-04 11:22:12] Killing stale process 30564...
[2026-05-04 11:22:12] Starting MultiCAD Self-Growth Daemon...
[2026-05-04 11:23:12] Heartbeat is stale or missing. Restarting daemon...
[2026-05-04 11:23:12] Killing stale process 30564...
[2026-05-04 11:23:13] Starting MultiCAD Self-Growth Daemon...
[2026-05-04 11:24:13] Heartbeat is stale or missing. Restarting daemon...
[2026-05-04 11:24:13] Killing stale process 30564...
[2026-05-04 11:24:13] Starting MultiCAD Self-Growth Daemon...
[2026-05-04 11:25:13] Heartbeat is stale or missing. Restarting daemon...
[2026-05-04 11:25:13] Killing stale process 30564...
[2026-05-04 11:25:13] Starting MultiCAD Self-Growth Daemon...
[2026-05-04 11:26:13] Heartbeat is stale or missing. Restarting daemon...
[2026-05-04 11:26:13] Killing stale process 30564...
[2026-05-04 11:26:13] Starting MultiCAD Self-Growth Daemon...
[2026-05-04 11:27:13] Heartbeat is stale or missing. Restarting daemon...
[2026-05-04 11:27:13] Killing stale process 30564...
[2026-05-04 11:27:13] Starting MultiCAD Self-Growth Daemon...
[2026-05-04 11:28:13] Heartbeat is stale or missing. Restarting daemon...
[2026-05-04 11:28:13] Killing stale process 30564...
[2026-05-04 11:28:14] Starting MultiCAD Self-Growth Daemon...
[2026-05-04 11:29:14] Heartbeat is stale or missing. Restarting daemon...
[2026-05-04 11:29:14] Killing stale process 30564...
[2026-05-04 11:29:14] Starting MultiCAD Self-Growth Daemon...
[2026-05-04 11:30:14] Heartbeat is stale or missing. Restarting daemon...
[2026-05-04 11:30:14] Killing stale process 30564...
[2026-05-04 11:30:14] Starting MultiCAD Self-Growth Daemon...
[2026-05-04 11:31:14] Heartbeat is stale or missing. Restarting daemon...
[2026-05-04 11:31:14] Killing stale process 30564...
[2026-05-04 11:31:14] Starting MultiCAD Self-Growth Daemon...
[2026-05-04 11:32:14] Heartbeat is stale or missing. Restarting daemon...
[2026-05-04 11:32:14] Killing stale process 30564...
[2026-05-04 11:32:15] Starting MultiCAD Self-Growth Daemon...
[2026-05-04 11:33:15] Heartbeat is stale or missing. Restarting daemon...
[2026-05-04 11:33:15] Killing stale process 30564...
[2026-05-04 11:33:15] Starting MultiCAD Self-Growth Daemon...
[2026-05-04 11:34:15] Heartbeat is stale or missing. Restarting daemon...
[2026-05-04 11:34:15] Killing stale process 30564...
[2026-05-04 11:34:15] Starting MultiCAD Self-Growth Daemon...
[2026-05-04 11:35:15] Heartbeat is stale or missing. Restarting daemon...
[2026-05-04 11:35:15] Killing stale process 30564...
[2026-05-04 11:35:15] Starting MultiCAD Self-Growth Daemon...
[2026-05-04 11:36:15] Heartbeat is stale or missing. Restarting daemon...
[2026-05-04 11:36:15] Killing stale process 30564...
[2026-05-04 11:36:15] Starting MultiCAD Self-Growth Daemon...
[2026-05-04 11:37:15] Heartbeat is stale or missing. Restarting daemon...
[2026-05-04 11:37:15] Killing stale process 30564...
[2026-05-04 11:37:16] Starting MultiCAD Self-Growth Daemon...
[2026-05-04 11:38:16] Heartbeat is stale or missing. Restarting daemon...
[2026-05-04 11:38:16] Killing stale process 30564...
[2026-05-04 11:38:16] Starting MultiCAD Self-Growth Daemon...
[2026-05-04 11:39:16] Heartbeat is stale or missing. Restarting daemon...
[2026-05-04 11:39:16] Killing stale process 30564...
[2026-05-04 11:39:16] Starting MultiCAD Self-Growth Daemon...
[2026-05-04 11:40:16] Heartbeat is stale or missing. Restarting daemon...
[2026-05-04 11:40:16] Killing stale process 30564...
[2026-05-04 11:40:17] Starting MultiCAD Self-Growth Daemon...
[2026-05-04 11:41:17] Heartbeat is stale or missing. Restarting daemon...
[2026-05-04 11:41:17] Killing stale process 30564...
[2026-05-04 11:41:17] Starting MultiCAD Self-Growth Daemon...
[2026-05-04 11:42:17] Heartbeat is stale or missing. Restarting daemon...
[2026-05-04 11:42:17] Killing stale process 30564...
[2026-05-04 11:42:17] Starting MultiCAD Self-Growth Daemon...
[2026-05-04 11:43:17] Heartbeat is stale or missing. Restarting daemon...
[2026-05-04 11:43:17] Killing stale process 30564...
[2026-05-04 11:43:17] Starting MultiCAD Self-Growth Daemon...
[2026-05-04 11:44:17] Heartbeat is stale or missing. Restarting daemon...
[2026-05-04 11:44:17] Killing stale process 30564...
[2026-05-04 11:44:17] Starting MultiCAD Self-Growth Daemon...
[2026-05-04 11:45:17] Heartbeat is stale or missing. Restarting daemon...
[2026-05-04 11:45:17] Killing stale process 30564...
[2026-05-04 11:45:18] Starting MultiCAD Self-Growth Daemon...
[2026-05-04 11:46:18] Heartbeat is stale or missing. Restarting daemon...
[2026-05-04 11:46:18] Killing stale process 30564...
[2026-05-04 11:46:18] Starting MultiCAD Self-Growth Daemon...
[2026-05-04 11:47:18] Heartbeat is stale or missing. Restarting daemon...
[2026-05-04 11:47:18] Killing stale process 30564...
[2026-05-04 11:47:18] Starting MultiCAD Self-Growth Daemon...
[2026-05-04 11:48:18] Heartbeat is stale or missing. Restarting daemon...
[2026-05-04 11:48:18] Killing stale process 30564...
[2026-05-04 11:48:18] Starting MultiCAD Self-Growth Daemon...
[2026-05-04 11:49:18] Heartbeat is stale or missing. Restarting daemon...
[2026-05-04 11:49:18] Killing stale process 30564...
[2026-05-04 11:49:18] Starting MultiCAD Self-Growth Daemon...
[2026-05-04 11:50:18] Heartbeat is stale or missing. Restarting daemon...
[2026-05-04 11:50:18] Killing stale process 30564...
[2026-05-04 11:50:19] Starting MultiCAD Self-Growth Daemon...
[2026-05-04 11:51:19] Heartbeat is stale or missing. Restarting daemon...
[2026-05-04 11:51:19] Killing stale process 30564...
[2026-05-04 11:51:19] Starting MultiCAD Self-Growth Daemon...
[2026-05-04 11:52:19] Heartbeat is stale or missing. Restarting daemon...
[2026-05-04 11:52:19] Killing stale process 30564...
[2026-05-04 11:52:19] Starting MultiCAD Self-Growth Daemon...
[2026-05-04 11:53:19] Heartbeat is stale or missing. Restarting daemon...
[2026-05-04 11:53:19] Killing stale process 30564...
[2026-05-04 11:53:19] Starting MultiCAD Self-Growth Daemon...
[2026-05-04 11:54:19] Heartbeat is stale or missing. Restarting daemon...
[2026-05-04 11:54:19] Killing stale process 30564...
[2026-05-04 11:54:20] Starting MultiCAD Self-Growth Daemon...
[2026-05-04 11:55:20] Heartbeat is stale or missing. Restarting daemon...
[2026-05-04 11:55:20] Killing stale process 30564...
[2026-05-04 11:55:20] Starting MultiCAD Self-Growth Daemon...
[2026-05-04 11:56:20] Heartbeat is stale or missing. Restarting daemon...
[2026-05-04 11:56:20] Killing stale process 30564...
[2026-05-04 11:56:20] Starting MultiCAD Self-Growth Daemon...
[2026-05-04 11:57:20] Heartbeat is stale or missing. Restarting daemon...
[2026-05-04 11:57:20] Killing stale process 30564...
[2026-05-04 11:57:21] Starting MultiCAD Self-Growth Daemon...
[2026-05-04 11:58:21] Heartbeat is stale or missing. Restarting daemon...
[2026-05-04 11:58:21] Killing stale process 30564...
[2026-05-04 11:58:21] Starting MultiCAD Self-Growth Daemon...
[2026-05-04 11:59:21] Heartbeat is stale or missing. Restarting daemon...
[2026-05-04 11:59:21] Killing stale process 30564...
[2026-05-04 11:59:21] Starting MultiCAD Self-Growth Daemon...
[2026-05-04 12:00:21] Heartbeat is stale or missing. Restarting daemon...
[2026-05-04 12:00:21] Killing stale process 30564...
[2026-05-04 12:00:21] Starting MultiCAD Self-Growth Daemon...
[2026-05-04 12:01:21] Heartbeat is stale or missing. Restarting daemon...
[2026-05-04 12:01:21] Killing stale process 30564...
[2026-05-04 12:01:22] Starting MultiCAD Self-Growth Daemon...
[2026-05-04 12:02:22] Heartbeat is stale or missing. Restarting daemon...
[2026-05-04 12:02:22] Killing stale process 30564...
[2026-05-04 12:02:22] Starting MultiCAD Self-Growth Daemon...
[2026-05-04 12:03:22] Heartbeat is stale or missing. Restarting daemon...
[2026-05-04 12:03:22] Killing stale process 30564...
[2026-05-04 12:03:22] Starting MultiCAD Self-Growth Daemon...
[2026-05-04 12:04:22] Heartbeat is stale or missing. Restarting daemon...
[2026-05-04 12:04:22] Killing stale process 30564...
[2026-05-04 12:04:22] Starting MultiCAD Self-Growth Daemon...
[2026-05-04 12:05:23] Heartbeat is stale or missing. Restarting daemon...
[2026-05-04 12:05:23] Killing stale process 30564...
[2026-05-04 12:05:23] Starting MultiCAD Self-Growth Daemon...
[2026-05-04 12:06:23] Heartbeat is stale or missing. Restarting daemon...
[2026-05-04 12:06:23] Killing stale process 30564...
[2026-05-04 12:06:23] Starting MultiCAD Self-Growth Daemon...
[2026-05-04 12:07:23] Heartbeat is stale or missing. Restarting daemon...
[2026-05-04 12:07:23] Killing stale process 30564...
[2026-05-04 12:07:23] Starting MultiCAD Self-Growth Daemon...
[2026-05-04 12:08:23] Heartbeat is stale or missing. Restarting daemon...
[2026-05-04 12:08:23] Killing stale process 30564...
[2026-05-04 12:08:24] Starting MultiCAD Self-Growth Daemon...
[2026-05-04 12:09:24] Heartbeat is stale or missing. Restarting daemon...
[2026-05-04 12:09:24] Killing stale process 30564...
[2026-05-04 12:09:24] Starting MultiCAD Self-Growth Daemon...
[2026-05-04 12:10:24] Heartbeat is stale or missing. Restarting daemon...
[2026-05-04 12:10:24] Killing stale process 30564...
[2026-05-04 12:10:24] Starting MultiCAD Self-Growth Daemon...
[2026-05-04 12:11:24] Heartbeat is stale or missing. Restarting daemon...
[2026-05-04 12:11:24] Killing stale process 30564...
[2026-05-04 12:11:24] Starting MultiCAD Self-Growth Daemon...
[2026-05-04 12:12:24] Heartbeat is stale or missing. Restarting daemon...
[2026-05-04 12:12:24] Killing stale process 30564...
[2026-05-04 12:12:25] Starting MultiCAD Self-Growth Daemon...
[2026-05-04 12:13:25] Heartbeat is stale or missing. Restarting daemon...
[2026-05-04 12:13:25] Killing stale process 30564...
[2026-05-04 12:13:25] Starting MultiCAD Self-Growth Daemon...
[2026-05-04 12:14:25] Heartbeat is stale or missing. Restarting daemon...
[2026-05-04 12:14:25] Killing stale process 30564...
[2026-05-04 12:14:25] Starting MultiCAD Self-Growth Daemon...
[2026-05-04 12:15:25] Heartbeat is stale or missing. Restarting daemon...
[2026-05-04 12:15:25] Killing stale process 30564...
[2026-05-04 12:15:25] Starting MultiCAD Self-Growth Daemon...
[2026-05-04 12:16:25] Heartbeat is stale or missing. Restarting daemon...
[2026-05-04 12:16:25] Killing stale process 30564...
[2026-05-04 12:16:26] Starting MultiCAD Self-Growth Daemon...
[2026-05-04 12:17:26] Heartbeat is stale or missing. Restarting daemon...
[2026-05-04 12:17:26] Killing stale process 30564...
[2026-05-04 12:17:26] Starting MultiCAD Self-Growth Daemon...
[2026-05-04 12:18:26] Heartbeat is stale or missing. Restarting daemon...
[2026-05-04 12:18:26] Killing stale process 30564...
[2026-05-04 12:18:26] Starting MultiCAD Self-Growth Daemon...
[2026-05-04 12:19:26] Heartbeat is stale or missing. Restarting daemon...
[2026-05-04 12:19:26] Killing stale process 30564...
[2026-05-04 12:19:27] Starting MultiCAD Self-Growth Daemon...
[2026-05-04 12:20:27] Heartbeat is stale or missing. Restarting daemon...
[2026-05-04 12:20:27] Killing stale process 30564...
[2026-05-04 12:20:27] Starting MultiCAD Self-Growth Daemon...
[2026-05-04 12:21:27] Heartbeat is stale or missing. Restarting daemon...
[2026-05-04 12:21:27] Killing stale process 30564...
[2026-05-04 12:21:27] Starting MultiCAD Self-Growth Daemon...
[2026-05-04 12:22:27] Heartbeat is stale or missing. Restarting daemon...
[2026-05-04 12:22:27] Killing stale process 30564...
[2026-05-04 12:22:28] Starting MultiCAD Self-Growth Daemon...
[2026-05-04 12:23:28] Heartbeat is stale or missing. Restarting daemon...
[2026-05-04 12:23:28] Killing stale process 30564...
[2026-05-04 12:23:28] Starting MultiCAD Self-Growth Daemon...
[2026-05-04 12:24:28] Heartbeat is stale or missing. Restarting daemon...
[2026-05-04 12:24:28] Killing stale process 30564...
[2026-05-04 12:24:28] Starting MultiCAD Self-Growth Daemon...
[2026-05-04 12:25:28] Heartbeat is stale or missing. Restarting daemon...
[2026-05-04 12:25:28] Killing stale process 30564...
[2026-05-04 12:25:28] Starting MultiCAD Self-Growth Daemon...
[2026-05-04 12:26:28] Heartbeat is stale or missing. Restarting daemon...
[2026-05-04 12:26:28] Killing stale process 30564...
[2026-05-04 12:26:29] Starting MultiCAD Self-Growth Daemon...
[2026-05-04 12:27:29] Heartbeat is stale or missing. Restarting daemon...
[2026-05-04 12:27:29] Killing stale process 30564...
[2026-05-04 12:27:29] Starting MultiCAD Self-Growth Daemon...
[2026-05-04 12:28:29] Heartbeat is stale or missing. Restarting daemon...
[2026-05-04 12:28:29] Killing stale process 30564...
[2026-05-04 12:28:29] Starting MultiCAD Self-Growth Daemon...
[2026-05-04 12:29:29] Heartbeat is stale or missing. Restarting daemon...
[2026-05-04 12:29:29] Killing stale process 30564...
[2026-05-04 12:29:30] Starting MultiCAD Self-Growth Daemon...
[2026-05-04 12:30:30] Heartbeat is stale or missing. Restarting daemon...
[2026-05-04 12:30:30] Killing stale process 30564...
[2026-05-04 12:30:30] Starting MultiCAD Self-Growth Daemon...
[2026-05-04 12:31:30] Heartbeat is stale or missing. Restarting daemon...
[2026-05-04 12:31:30] Killing stale process 30564...
[2026-05-04 12:31:30] Starting MultiCAD Self-Growth Daemon...
[2026-05-04 12:32:30] Heartbeat is stale or missing. Restarting daemon...
[2026-05-04 12:32:30] Killing stale process 30564...
[2026-05-04 12:32:31] Starting MultiCAD Self-Growth Daemon...
[2026-05-04 12:33:31] Heartbeat is stale or missing. Restarting daemon...
[2026-05-04 12:33:31] Killing stale process 30564...
[2026-05-04 12:33:31] Starting MultiCAD Self-Growth Daemon...
[2026-05-04 12:34:31] Heartbeat is stale or missing. Restarting daemon...
[2026-05-04 12:34:31] Killing stale process 30564...
[2026-05-04 12:34:31] Starting MultiCAD Self-Growth Daemon...
[2026-05-04 12:35:31] Heartbeat is stale or missing. Restarting daemon...
[2026-05-04 12:35:31] Killing stale process 30564...
[2026-05-04 12:35:31] Starting MultiCAD Self-Growth Daemon...
[2026-05-04 12:36:31] Heartbeat is stale or missing. Restarting daemon...
[2026-05-04 12:36:31] Killing stale process 30564...
[2026-05-04 12:36:32] Starting MultiCAD Self-Growth Daemon...
[2026-05-04 12:37:32] Heartbeat is stale or missing. Restarting daemon...
[2026-05-04 12:37:32] Killing stale process 30564...
[2026-05-04 12:37:32] Starting MultiCAD Self-Growth Daemon...
[2026-05-04 12:38:32] Heartbeat is stale or missing. Restarting daemon...
[2026-05-04 12:38:32] Killing stale process 30564...
[2026-05-04 12:38:32] Starting MultiCAD Self-Growth Daemon...
[2026-05-04 12:39:32] Heartbeat is stale or missing. Restarting daemon...
[2026-05-04 12:39:32] Killing stale process 30564...
[2026-05-04 12:39:32] Starting MultiCAD Self-Growth Daemon...
[2026-05-04 12:40:32] Heartbeat is stale or missing. Restarting daemon...
[2026-05-04 12:40:32] Killing stale process 30564...
[2026-05-04 12:40:33] Starting MultiCAD Self-Growth Daemon...
[2026-05-04 12:41:33] Heartbeat is stale or missing. Restarting daemon...
[2026-05-04 12:41:33] Killing stale process 30564...
[2026-05-04 12:41:33] Starting MultiCAD Self-Growth Daemon...
[2026-05-04 12:42:33] Heartbeat is stale or missing. Restarting daemon...
[2026-05-04 12:42:33] Killing stale process 30564...
[2026-05-04 12:42:33] Starting MultiCAD Self-Growth Daemon...
[2026-05-04 12:43:33] Heartbeat is stale or missing. Restarting daemon...
[2026-05-04 12:43:33] Killing stale process 30564...
[2026-05-04 12:43:34] Starting MultiCAD Self-Growth Daemon...
[2026-05-04 12:44:34] Heartbeat is stale or missing. Restarting daemon...
[2026-05-04 12:44:34] Killing stale process 30564...
[2026-05-04 12:44:34] Starting MultiCAD Self-Growth Daemon...
[2026-05-04 12:45:34] Heartbeat is stale or missing. Restarting daemon...
[2026-05-04 12:45:34] Killing stale process 30564...
[2026-05-04 12:45:34] Starting MultiCAD Self-Growth Daemon...
[2026-05-04 12:46:34] Heartbeat is stale or missing. Restarting daemon...
[2026-05-04 12:46:34] Killing stale process 30564...
[2026-05-04 12:46:34] Starting MultiCAD Self-Growth Daemon...
[2026-05-04 12:47:34] Heartbeat is stale or missing. Restarting daemon...
[2026-05-04 12:47:34] Killing stale process 30564...
[2026-05-04 12:47:35] Starting MultiCAD Self-Growth Daemon...
[2026-05-04 12:48:35] Heartbeat is stale or missing. Restarting daemon...
[2026-05-04 12:48:35] Killing stale process 30564...
[2026-05-04 12:48:35] Starting MultiCAD Self-Growth Daemon...
[2026-05-04 12:49:35] Heartbeat is stale or missing. Restarting daemon...
[2026-05-04 12:49:35] Killing stale process 30564...
[2026-05-04 12:49:35] Starting MultiCAD Self-Growth Daemon...
[2026-05-04 12:50:35] Heartbeat is stale or missing. Restarting daemon...
[2026-05-04 12:50:35] Killing stale process 30564...
[2026-05-04 12:50:36] Starting MultiCAD Self-Growth Daemon...
[2026-05-04 12:51:36] Heartbeat is stale or missing. Restarting daemon...
[2026-05-04 12:51:36] Killing stale process 30564...
[2026-05-04 12:51:36] Starting MultiCAD Self-Growth Daemon...
[2026-05-04 12:52:36] Heartbeat is stale or missing. Restarting daemon...
[2026-05-04 12:52:36] Killing stale process 30564...
[2026-05-04 12:52:36] Starting MultiCAD Self-Growth Daemon...
[2026-05-04 12:53:36] Heartbeat is stale or missing. Restarting daemon...
[2026-05-04 12:53:36] Killing stale process 30564...
[2026-05-04 12:53:37] Starting MultiCAD Self-Growth Daemon...
[2026-05-04 12:54:37] Heartbeat is stale or missing. Restarting daemon...
[2026-05-04 12:54:37] Killing stale process 30564...
[2026-05-04 12:54:37] Starting MultiCAD Self-Growth Daemon...
[2026-05-04 12:55:37] Heartbeat is stale or missing. Restarting daemon...
[2026-05-04 12:55:37] Killing stale process 30564...
[2026-05-04 12:55:37] Starting MultiCAD Self-Growth Daemon...
[2026-05-04 12:56:37] Heartbeat is stale or missing. Restarting daemon...
[2026-05-04 12:56:37] Killing stale process 30564...
[2026-05-04 12:56:38] Starting MultiCAD Self-Growth Daemon...
[2026-05-04 12:57:38] Heartbeat is stale or missing. Restarting daemon...
[2026-05-04 12:57:38] Killing stale process 30564...
[2026-05-04 12:57:38] Starting MultiCAD Self-Growth Daemon...
[2026-05-04 12:58:38] Heartbeat is stale or missing. Restarting daemon...
[2026-05-04 12:58:38] Killing stale process 30564...
[2026-05-04 12:58:38] Starting MultiCAD Self-Growth Daemon...
[2026-05-04 12:59:38] Heartbeat is stale or missing. Restarting daemon...
[2026-05-04 12:59:38] Killing stale process 30564...
[2026-05-04 12:59:39] Starting MultiCAD Self-Growth Daemon...
[2026-05-04 13:00:39] Heartbeat is stale or missing. Restarting daemon...
[2026-05-04 13:00:39] Killing stale process 30564...
[2026-05-04 13:00:39] Starting MultiCAD Self-Growth Daemon...
[2026-05-04 13:01:39] Heartbeat is stale or missing. Restarting daemon...
[2026-05-04 13:01:39] Killing stale process 30564...
[2026-05-04 13:01:39] Starting MultiCAD Self-Growth Daemon...
[2026-05-04 13:02:39] Heartbeat is stale or missing. Restarting daemon...
[2026-05-04 13:02:39] Killing stale process 30564...
[2026-05-04 13:02:39] Starting MultiCAD Self-Growth Daemon...
[2026-05-04 13:03:39] Heartbeat is stale or missing. Restarting daemon...
[2026-05-04 13:03:39] Killing stale process 30564...
[2026-05-04 13:03:40] Starting MultiCAD Self-Growth Daemon...
[2026-05-04 13:04:40] Heartbeat is stale or missing. Restarting daemon...
[2026-05-04 13:04:40] Killing stale process 30564...
[2026-05-04 13:04:40] Starting MultiCAD Self-Growth Daemon...
[2026-05-04 13:05:40] Heartbeat is stale or missing. Restarting daemon...
[2026-05-04 13:05:40] Killing stale process 30564...
[2026-05-04 13:05:40] Starting MultiCAD Self-Growth Daemon...
[2026-05-04 13:06:40] Heartbeat is stale or missing. Restarting daemon...
[2026-05-04 13:06:40] Killing stale process 30564...
[2026-05-04 13:06:41] Starting MultiCAD Self-Growth Daemon...
[2026-05-04 13:07:41] Heartbeat is stale or missing. Restarting daemon...
[2026-05-04 13:07:41] Killing stale process 30564...
[2026-05-04 13:07:41] Starting MultiCAD Self-Growth Daemon...
[2026-05-04 13:08:41] Heartbeat is stale or missing. Restarting daemon...
[2026-05-04 13:08:41] Killing stale process 30564...
[2026-05-04 13:08:41] Starting MultiCAD Self-Growth Daemon...
[2026-05-04 13:09:41] Heartbeat is stale or missing. Restarting daemon...
[2026-05-04 13:09:41] Killing stale process 30564...
[2026-05-04 13:09:42] Starting MultiCAD Self-Growth Daemon...
[2026-05-04 13:10:42] Heartbeat is stale or missing. Restarting daemon...
[2026-05-04 13:10:42] Killing stale process 30564...
[2026-05-04 13:10:42] Starting MultiCAD Self-Growth Daemon...
[2026-05-04 13:11:42] Heartbeat is stale or missing. Restarting daemon...
[2026-05-04 13:11:42] Killing stale process 30564...
[2026-05-04 13:11:42] Starting MultiCAD Self-Growth Daemon...
[2026-05-04 13:12:42] Heartbeat is stale or missing. Restarting daemon...
[2026-05-04 13:12:42] Killing stale process 30564...
[2026-05-04 13:12:42] Starting MultiCAD Self-Growth Daemon...
[2026-05-04 13:13:42] Heartbeat is stale or missing. Restarting daemon...
[2026-05-04 13:13:42] Killing stale process 30564...
[2026-05-04 13:13:43] Starting MultiCAD Self-Growth Daemon...
[2026-05-04 13:14:43] Heartbeat is stale or missing. Restarting daemon...
[2026-05-04 13:14:43] Killing stale process 30564...
[2026-05-04 13:14:43] Starting MultiCAD Self-Growth Daemon...
[2026-05-04 13:15:43] Heartbeat is stale or missing. Restarting daemon...
[2026-05-04 13:15:43] Killing stale process 30564...
[2026-05-04 13:15:43] Starting MultiCAD Self-Growth Daemon...
[2026-05-04 13:16:43] Heartbeat is stale or missing. Restarting daemon...
[2026-05-04 13:16:43] Killing stale process 30564...
[2026-05-04 13:16:44] Starting MultiCAD Self-Growth Daemon...
[2026-05-04 13:17:44] Heartbeat is stale or missing. Restarting daemon...
[2026-05-04 13:17:44] Killing stale process 30564...
[2026-05-04 13:17:44] Starting MultiCAD Self-Growth Daemon...
[2026-05-04 13:18:44] Heartbeat is stale or missing. Restarting daemon...
[2026-05-04 13:18:44] Killing stale process 30564...
[2026-05-04 13:18:44] Starting MultiCAD Self-Growth Daemon...
[2026-05-04 13:19:45] Heartbeat is stale or missing. Restarting daemon...
[2026-05-04 13:19:45] Killing stale process 30564...
[2026-05-04 13:19:45] Starting MultiCAD Self-Growth Daemon...
[2026-05-04 13:20:45] Heartbeat is stale or missing. Restarting daemon...
[2026-05-04 13:20:45] Killing stale process 30564...
[2026-05-04 13:20:45] Starting MultiCAD Self-Growth Daemon...
[2026-05-04 13:21:45] Heartbeat is stale or missing. Restarting daemon...
[2026-05-04 13:21:45] Killing stale process 30564...
[2026-05-04 13:21:45] Starting MultiCAD Self-Growth Daemon...
[2026-05-04 13:22:45] Heartbeat is stale or missing. Restarting daemon...
[2026-05-04 13:22:45] Killing stale process 30564...
[2026-05-04 13:22:46] Starting MultiCAD Self-Growth Daemon...
[2026-05-04 13:23:46] Heartbeat is stale or missing. Restarting daemon...
[2026-05-04 13:23:46] Killing stale process 30564...
[2026-05-04 13:23:46] Starting MultiCAD Self-Growth Daemon...
[2026-05-04 13:24:46] Heartbeat is stale or missing. Restarting daemon...
[2026-05-04 13:24:46] Killing stale process 30564...
[2026-05-04 13:24:46] Starting MultiCAD Self-Growth Daemon...
[2026-05-04 13:25:46] Heartbeat is stale or missing. Restarting daemon...
[2026-05-04 13:25:46] Killing stale process 30564...
[2026-05-04 13:25:47] Starting MultiCAD Self-Growth Daemon...
[2026-05-04 13:26:47] Heartbeat is stale or missing. Restarting daemon...
[2026-05-04 13:26:47] Killing stale process 30564...
[2026-05-04 13:26:47] Starting MultiCAD Self-Growth Daemon...
[2026-05-04 13:27:47] Heartbeat is stale or missing. Restarting daemon...
[2026-05-04 13:27:47] Killing stale process 30564...
[2026-05-04 13:27:47] Starting MultiCAD Self-Growth Daemon...
[2026-05-04 13:28:47] Heartbeat is stale or missing. Restarting daemon...
[2026-05-04 13:28:47] Killing stale process 30564...
[2026-05-04 13:28:47] Starting MultiCAD Self-Growth Daemon...
[2026-05-04 13:29:47] Heartbeat is stale or missing. Restarting daemon...
[2026-05-04 13:29:47] Killing stale process 30564...
[2026-05-04 13:29:48] Starting MultiCAD Self-Growth Daemon...
[2026-05-04 13:30:48] Heartbeat is stale or missing. Restarting daemon...
[2026-05-04 13:30:48] Killing stale process 30564...
[2026-05-04 13:30:48] Starting MultiCAD Self-Growth Daemon...
[2026-05-04 13:31:48] Heartbeat is stale or missing. Restarting daemon...
[2026-05-04 13:31:48] Killing stale process 30564...
[2026-05-04 13:31:48] Starting MultiCAD Self-Growth Daemon...
[2026-05-04 13:32:48] Heartbeat is stale or missing. Restarting daemon...
[2026-05-04 13:32:48] Killing stale process 30564...
[2026-05-04 13:32:49] Starting MultiCAD Self-Growth Daemon...
[2026-05-04 13:33:49] Heartbeat is stale or missing. Restarting daemon...
[2026-05-04 13:33:49] Killing stale process 30564...
[2026-05-04 13:33:49] Starting MultiCAD Self-Growth Daemon...
[2026-05-04 13:34:49] Heartbeat is stale or missing. Restarting daemon...
[2026-05-04 13:34:49] Killing stale process 30564...
[2026-05-04 13:34:49] Starting MultiCAD Self-Growth Daemon...
[2026-05-04 13:35:49] Heartbeat is stale or missing. Restarting daemon...
[2026-05-04 13:35:49] Killing stale process 30564...
[2026-05-04 13:35:49] Starting MultiCAD Self-Growth Daemon...
[2026-05-04 13:36:49] Heartbeat is stale or missing. Restarting daemon...
[2026-05-04 13:36:49] Killing stale process 30564...
[2026-05-04 13:36:50] Starting MultiCAD Self-Growth Daemon...
[2026-05-04 13:37:50] Heartbeat is stale or missing. Restarting daemon...
[2026-05-04 13:37:50] Killing stale process 30564...
[2026-05-04 13:37:50] Starting MultiCAD Self-Growth Daemon...
[2026-05-04 13:38:50] Heartbeat is stale or missing. Restarting daemon...
[2026-05-04 13:38:50] Killing stale process 30564...
[2026-05-04 13:38:50] Starting MultiCAD Self-Growth Daemon...
[2026-05-04 13:39:50] Heartbeat is stale or missing. Restarting daemon...
[2026-05-04 13:39:50] Killing stale process 30564...
[2026-05-04 13:39:51] Starting MultiCAD Self-Growth Daemon...
[2026-05-04 13:40:51] Heartbeat is stale or missing. Restarting daemon...
[2026-05-04 13:40:51] Killing stale process 30564...
[2026-05-04 13:40:51] Starting MultiCAD Self-Growth Daemon...
[2026-05-04 13:41:51] Heartbeat is stale or missing. Restarting daemon...
[2026-05-04 13:41:51] Killing stale process 30564...
[2026-05-04 13:41:51] Starting MultiCAD Self-Growth Daemon...
[2026-05-04 13:42:51] Heartbeat is stale or missing. Restarting daemon...
[2026-05-04 13:42:51] Killing stale process 30564...
[2026-05-04 13:42:51] Starting MultiCAD Self-Growth Daemon...
[2026-05-04 13:43:51] Heartbeat is stale or missing. Restarting daemon...
[2026-05-04 13:43:51] Killing stale process 30564...
[2026-05-04 13:43:52] Starting MultiCAD Self-Growth Daemon...
[2026-05-04 13:44:52] Heartbeat is stale or missing. Restarting daemon...
[2026-05-04 13:44:52] Killing stale process 30564...
[2026-05-04 13:44:52] Starting MultiCAD Self-Growth Daemon...
[2026-05-04 13:45:52] Heartbeat is stale or missing. Restarting daemon...
[2026-05-04 13:45:52] Killing stale process 30564...
[2026-05-04 13:45:52] Starting MultiCAD Self-Growth Daemon...
[2026-05-04 13:46:52] Heartbeat is stale or missing. Restarting daemon...
[2026-05-04 13:46:52] Killing stale process 30564...
[2026-05-04 13:46:53] Starting MultiCAD Self-Growth Daemon...
[2026-05-04 13:47:53] Heartbeat is stale or missing. Restarting daemon...
[2026-05-04 13:47:53] Killing stale process 30564...
[2026-05-04 13:47:53] Starting MultiCAD Self-Growth Daemon...
[2026-05-04 13:48:53] Heartbeat is stale or missing. Restarting daemon...
[2026-05-04 13:48:53] Killing stale process 30564...
[2026-05-04 13:48:53] Starting MultiCAD Self-Growth Daemon...
[2026-05-04 13:49:53] Heartbeat is stale or missing. Restarting daemon...
[2026-05-04 13:49:53] Killing stale process 30564...
[2026-05-04 13:49:53] Starting MultiCAD Self-Growth Daemon...
[2026-05-04 13:50:53] Heartbeat is stale or missing. Restarting daemon...
[2026-05-04 13:50:53] Killing stale process 30564...
[2026-05-04 13:50:54] Starting MultiCAD Self-Growth Daemon...
[2026-05-04 13:51:54] Heartbeat is stale or missing. Restarting daemon...
[2026-05-04 13:51:54] Killing stale process 30564...
[2026-05-04 13:51:54] Starting MultiCAD Self-Growth Daemon...
[2026-05-04 13:52:54] Heartbeat is stale or missing. Restarting daemon...
[2026-05-04 13:52:54] Killing stale process 30564...
[2026-05-04 13:52:54] Starting MultiCAD Self-Growth Daemon...
[2026-05-04 13:53:54] Heartbeat is stale or missing. Restarting daemon...
[2026-05-04 13:53:54] Killing stale process 30564...
[2026-05-04 13:53:55] Starting MultiCAD Self-Growth Daemon...
[2026-05-04 13:54:55] Heartbeat is stale or missing. Restarting daemon...
[2026-05-04 13:54:55] Killing stale process 30564...
[2026-05-04 13:54:55] Starting MultiCAD Self-Growth Daemon...
[2026-05-04 13:55:55] Heartbeat is stale or missing. Restarting daemon...
[2026-05-04 13:55:55] Killing stale process 30564...
[2026-05-04 13:55:55] Starting MultiCAD Self-Growth Daemon...
[2026-05-04 13:56:55] Heartbeat is stale or missing. Restarting daemon...
[2026-05-04 13:56:55] Killing stale process 30564...
[2026-05-04 13:56:55] Starting MultiCAD Self-Growth Daemon...
[2026-05-04 13:57:55] Heartbeat is stale or missing. Restarting daemon...
[2026-05-04 13:57:55] Killing stale process 30564...
[2026-05-04 13:57:56] Starting MultiCAD Self-Growth Daemon...
[2026-05-04 13:58:56] Heartbeat is stale or missing. Restarting daemon...
[2026-05-04 13:58:56] Killing stale process 30564...
[2026-05-04 13:58:56] Starting MultiCAD Self-Growth Daemon...
[2026-05-04 13:59:56] Heartbeat is stale or missing. Restarting daemon...
[2026-05-04 13:59:56] Killing stale process 30564...
[2026-05-04 13:59:56] Starting MultiCAD Self-Growth Daemon...
[2026-05-04 14:00:56] Heartbeat is stale or missing. Restarting daemon...
[2026-05-04 14:00:56] Killing stale process 30564...
[2026-05-04 14:00:57] Starting MultiCAD Self-Growth Daemon...
[2026-05-04 14:01:57] Heartbeat is stale or missing. Restarting daemon...
[2026-05-04 14:01:57] Killing stale process 30564...
[2026-05-04 14:01:57] Starting MultiCAD Self-Growth Daemon...
[2026-05-04 14:02:57] Heartbeat is stale or missing. Restarting daemon...
[2026-05-04 14:02:57] Killing stale process 30564...
[2026-05-04 14:02:57] Starting MultiCAD Self-Growth Daemon...
[2026-05-04 14:03:57] Heartbeat is stale or missing. Restarting daemon...
[2026-05-04 14:03:57] Killing stale process 30564...
[2026-05-04 14:03:57] Starting MultiCAD Self-Growth Daemon...
[2026-05-04 14:04:57] Heartbeat is stale or missing. Restarting daemon...
[2026-05-04 14:04:57] Killing stale process 30564...
[2026-05-04 14:04:58] Starting MultiCAD Self-Growth Daemon...
[2026-05-04 14:05:58] Heartbeat is stale or missing. Restarting daemon...
[2026-05-04 14:05:58] Killing stale process 30564...
[2026-05-04 14:05:58] Starting MultiCAD Self-Growth Daemon...
[2026-05-04 14:06:58] Heartbeat is stale or missing. Restarting daemon...
[2026-05-04 14:06:58] Killing stale process 30564...
[2026-05-04 14:06:58] Starting MultiCAD Self-Growth Daemon...
[2026-05-04 14:07:58] Heartbeat is stale or missing. Restarting daemon...
[2026-05-04 14:07:58] Killing stale process 30564...
[2026-05-04 14:07:58] Starting MultiCAD Self-Growth Daemon...
[2026-05-04 14:08:58] Heartbeat is stale or missing. Restarting daemon...
[2026-05-04 14:08:58] Killing stale process 30564...
[2026-05-04 14:08:59] Starting MultiCAD Self-Growth Daemon...
[2026-05-04 14:09:59] Heartbeat is stale or missing. Restarting daemon...
[2026-05-04 14:09:59] Killing stale process 30564...
[2026-05-04 14:09:59] Starting MultiCAD Self-Growth Daemon...
[2026-05-04 14:10:59] Heartbeat is stale or missing. Restarting daemon...
[2026-05-04 14:10:59] Killing stale process 30564...
[2026-05-04 14:10:59] Starting MultiCAD Self-Growth Daemon...
[2026-05-04 14:11:59] Heartbeat is stale or missing. Restarting daemon...
[2026-05-04 14:11:59] Killing stale process 30564...
[2026-05-04 14:11:59] Starting MultiCAD Self-Growth Daemon...
[2026-05-04 14:12:59] Heartbeat is stale or missing. Restarting daemon...
[2026-05-04 14:12:59] Killing stale process 30564...
[2026-05-04 14:13:00] Starting MultiCAD Self-Growth Daemon...
[2026-05-04 14:14:00] Heartbeat is stale or missing. Restarting daemon...
[2026-05-04 14:14:00] Killing stale process 30564...
[2026-05-04 14:14:00] Starting MultiCAD Self-Growth Daemon...
[2026-05-04 14:15:00] Heartbeat is stale or missing. Restarting daemon...
[2026-05-04 14:15:00] Killing stale process 30564...
[2026-05-04 14:15:00] Starting MultiCAD Self-Growth Daemon...
[2026-05-04 14:16:00] Heartbeat is stale or missing. Restarting daemon...
[2026-05-04 14:16:00] Killing stale process 30564...
[2026-05-04 14:16:01] Starting MultiCAD Self-Growth Daemon...
[2026-05-04 14:17:01] Heartbeat is stale or missing. Restarting daemon...
[2026-05-04 14:17:01] Killing stale process 30564...
[2026-05-04 14:17:01] Starting MultiCAD Self-Growth Daemon...
[2026-05-04 14:18:01] Heartbeat is stale or missing. Restarting daemon...
[2026-05-04 14:18:01] Killing stale process 30564...
[2026-05-04 14:18:01] Starting MultiCAD Self-Growth Daemon...
[2026-05-04 14:19:01] Heartbeat is stale or missing. Restarting daemon...
[2026-05-04 14:19:01] Killing stale process 30564...
[2026-05-04 14:19:01] Starting MultiCAD Self-Growth Daemon...
[2026-05-04 14:20:01] Heartbeat is stale or missing. Restarting daemon...
[2026-05-04 14:20:01] Killing stale process 30564...
[2026-05-04 14:20:02] Starting MultiCAD Self-Growth Daemon...
[2026-05-04 14:21:02] Heartbeat is stale or missing. Restarting daemon...
[2026-05-04 14:21:02] Killing stale process 30564...
[2026-05-04 14:21:02] Starting MultiCAD Self-Growth Daemon...
[2026-05-04 14:22:02] Heartbeat is stale or missing. Restarting daemon...
[2026-05-04 14:22:02] Killing stale process 30564...
[2026-05-04 14:22:02] Starting MultiCAD Self-Growth Daemon...
[2026-05-04 14:23:02] Heartbeat is stale or missing. Restarting daemon...
[2026-05-04 14:23:02] Killing stale process 30564...
[2026-05-04 14:23:02] Starting MultiCAD Self-Growth Daemon...
[2026-05-04 14:24:02] Heartbeat is stale or missing. Restarting daemon...
[2026-05-04 14:24:02] Killing stale process 30564...
[2026-05-04 14:24:03] Starting MultiCAD Self-Growth Daemon...
[2026-05-04 14:25:03] Heartbeat is stale or missing. Restarting daemon...
[2026-05-04 14:25:03] Killing stale process 30564...
[2026-05-04 14:25:03] Starting MultiCAD Self-Growth Daemon...
[2026-05-04 14:26:03] Heartbeat is stale or missing. Restarting daemon...
[2026-05-04 14:26:03] Killing stale process 30564...
[2026-05-04 14:26:03] Starting MultiCAD Self-Growth Daemon...
[2026-05-04 14:27:03] Heartbeat is stale or missing. Restarting daemon...
[2026-05-04 14:27:03] Killing stale process 30564...
[2026-05-04 14:27:04] Starting MultiCAD Self-Growth Daemon...
[2026-05-04 14:28:04] Heartbeat is stale or missing. Restarting daemon...
[2026-05-04 14:28:04] Killing stale process 30564...
[2026-05-04 14:28:04] Starting MultiCAD Self-Growth Daemon...
[2026-05-04 14:29:04] Heartbeat is stale or missing. Restarting daemon...
[2026-05-04 14:29:04] Killing stale process 30564...
[2026-05-04 14:29:04] Starting MultiCAD Self-Growth Daemon...
[2026-05-04 14:30:04] Heartbeat is stale or missing. Restarting daemon...
[2026-05-04 14:30:04] Killing stale process 30564...
[2026-05-04 14:30:04] Starting MultiCAD Self-Growth Daemon...
[2026-05-04 14:31:04] Heartbeat is stale or missing. Restarting daemon...
[2026-05-04 14:31:04] Killing stale process 30564...
[2026-05-04 14:31:05] Starting MultiCAD Self-Growth Daemon...
[2026-05-04 14:32:05] Heartbeat is stale or missing. Restarting daemon...
[2026-05-04 14:32:05] Killing stale process 30564...
[2026-05-04 14:32:05] Starting MultiCAD Self-Growth Daemon...
[2026-05-04 14:33:05] Heartbeat is stale or missing. Restarting daemon...
[2026-05-04 14:33:05] Killing stale process 30564...
[2026-05-04 14:33:05] Starting MultiCAD Self-Growth Daemon...
[2026-05-04 14:34:05] Heartbeat is stale or missing. Restarting daemon...
[2026-05-04 14:34:05] Killing stale process 30564...
[2026-05-04 14:34:05] Starting MultiCAD Self-Growth Daemon...
[2026-05-04 14:35:05] Heartbeat is stale or missing. Restarting daemon...
[2026-05-04 14:35:05] Killing stale process 30564...
[2026-05-04 14:35:06] Starting MultiCAD Self-Growth Daemon...
[2026-05-04 14:36:06] Heartbeat is stale or missing. Restarting daemon...
[2026-05-04 14:36:06] Killing stale process 30564...
[2026-05-04 14:36:06] Starting MultiCAD Self-Growth Daemon...
[2026-05-04 14:37:06] Heartbeat is stale or missing. Restarting daemon...
[2026-05-04 14:37:06] Killing stale process 30564...
[2026-05-04 14:37:06] Starting MultiCAD Self-Growth Daemon...
[2026-05-04 14:38:06] Heartbeat is stale or missing. Restarting daemon...
[2026-05-04 14:38:06] Killing stale process 30564...
[2026-05-04 14:38:07] Starting MultiCAD Self-Growth Daemon...
[2026-05-04 14:39:07] Heartbeat is stale or missing. Restarting daemon...
[2026-05-04 14:39:07] Killing stale process 30564...
[2026-05-04 14:39:07] Starting MultiCAD Self-Growth Daemon...
[2026-05-04 14:40:07] Heartbeat is stale or missing. Restarting daemon...
[2026-05-04 14:40:07] Killing stale process 30564...
[2026-05-04 14:40:07] Starting MultiCAD Self-Growth Daemon...
[2026-05-04 14:41:07] Heartbeat is stale or missing. Restarting daemon...
[2026-05-04 14:41:07] Killing stale process 30564...
[2026-05-04 14:41:08] Starting MultiCAD Self-Growth Daemon...
[2026-05-04 14:42:08] Heartbeat is stale or missing. Restarting daemon...
[2026-05-04 14:42:08] Killing stale process 30564...
[2026-05-04 14:42:08] Starting MultiCAD Self-Growth Daemon...
[2026-05-04 14:43:08] Heartbeat is stale or missing. Restarting daemon...
[2026-05-04 14:43:08] Killing stale process 30564...
[2026-05-04 14:43:08] Starting MultiCAD Self-Growth Daemon...
[2026-05-04 14:44:08] Heartbeat is stale or missing. Restarting daemon...
[2026-05-04 14:44:08] Killing stale process 30564...
[2026-05-04 14:44:08] Starting MultiCAD Self-Growth Daemon...
[2026-05-04 14:45:08] Heartbeat is stale or missing. Restarting daemon...
[2026-05-04 14:45:08] Killing stale process 30564...
[2026-05-04 14:45:09] Starting MultiCAD Self-Growth Daemon...
[2026-05-04 14:46:09] Heartbeat is stale or missing. Restarting daemon...
[2026-05-04 14:46:09] Killing stale process 30564...
[2026-05-04 14:46:09] Starting MultiCAD Self-Growth Daemon...
[2026-05-04 14:47:09] Heartbeat is stale or missing. Restarting daemon...
[2026-05-04 14:47:09] Killing stale process 30564...
[2026-05-04 14:47:09] Starting MultiCAD Self-Growth Daemon...
[2026-05-04 14:48:09] Heartbeat is stale or missing. Restarting daemon...
[2026-05-04 14:48:09] Killing stale process 30564...
[2026-05-04 14:48:09] Starting MultiCAD Self-Growth Daemon...
[2026-05-04 14:49:09] Heartbeat is stale or missing. Restarting daemon...
[2026-05-04 14:49:09] Killing stale process 30564...
[2026-05-04 14:49:10] Starting MultiCAD Self-Growth Daemon...
[2026-05-04 14:50:10] Heartbeat is stale or missing. Restarting daemon...
[2026-05-04 14:50:10] Killing stale process 30564...
[2026-05-04 14:50:10] Starting MultiCAD Self-Growth Daemon...
[2026-05-04 14:51:10] Heartbeat is stale or missing. Restarting daemon...
[2026-05-04 14:51:10] Killing stale process 30564...
[2026-05-04 14:51:10] Starting MultiCAD Self-Growth Daemon...
[2026-05-04 14:52:10] Heartbeat is stale or missing. Restarting daemon...
[2026-05-04 14:52:10] Killing stale process 30564...
[2026-05-04 14:52:11] Starting MultiCAD Self-Growth Daemon...
[2026-05-04 14:53:11] Heartbeat is stale or missing. Restarting daemon...
[2026-05-04 14:53:11] Killing stale process 30564...
[2026-05-04 14:53:11] Starting MultiCAD Self-Growth Daemon...
[2026-05-04 14:54:11] Heartbeat is stale or missing. Restarting daemon...
[2026-05-04 14:54:11] Killing stale process 30564...
[2026-05-04 14:54:11] Starting MultiCAD Self-Growth Daemon...
[2026-05-04 14:55:11] Heartbeat is stale or missing. Restarting daemon...
[2026-05-04 14:55:11] Killing stale process 30564...
[2026-05-04 14:55:12] Starting MultiCAD Self-Growth Daemon...
[2026-05-04 14:56:12] Heartbeat is stale or missing. Restarting daemon...
[2026-05-04 14:56:12] Killing stale process 30564...
[2026-05-04 14:56:12] Starting MultiCAD Self-Growth Daemon...
[2026-05-04 14:57:12] Heartbeat is stale or missing. Restarting daemon...
[2026-05-04 14:57:12] Killing stale process 30564...
[2026-05-04 14:57:12] Starting MultiCAD Self-Growth Daemon...
[2026-05-04 14:58:12] Heartbeat is stale or missing. Restarting daemon...
[2026-05-04 14:58:12] Killing stale process 30564...
[2026-05-04 14:58:12] Starting MultiCAD Self-Growth Daemon...
[2026-05-04 14:59:12] Heartbeat is stale or missing. Restarting daemon...
[2026-05-04 14:59:12] Killing stale process 30564...
[2026-05-04 14:59:13] Starting MultiCAD Self-Growth Daemon...
[2026-05-04 15:00:13] Heartbeat is stale or missing. Restarting daemon...
[2026-05-04 15:00:13] Killing stale process 30564...
[2026-05-04 15:00:13] Starting MultiCAD Self-Growth Daemon...
[2026-05-04 15:01:13] Heartbeat is stale or missing. Restarting daemon...
[2026-05-04 15:01:13] Killing stale process 30564...
[2026-05-04 15:01:13] Starting MultiCAD Self-Growth Daemon...
[2026-05-04 15:02:13] Heartbeat is stale or missing. Restarting daemon...
[2026-05-04 15:02:13] Killing stale process 30564...
[2026-05-04 15:02:14] Starting MultiCAD Self-Growth Daemon...
[2026-05-04 15:03:14] Heartbeat is stale or missing. Restarting daemon...
[2026-05-04 15:03:14] Killing stale process 30564...
[2026-05-04 15:03:14] Starting MultiCAD Self-Growth Daemon...
[2026-05-04 15:04:14] Heartbeat is stale or missing. Restarting daemon...
[2026-05-04 15:04:14] Killing stale process 30564...
[2026-05-04 15:04:14] Starting MultiCAD Self-Growth Daemon...
[2026-05-04 15:05:14] Heartbeat is stale or missing. Restarting daemon...
[2026-05-04 15:05:14] Killing stale process 30564...
[2026-05-04 15:05:15] Starting MultiCAD Self-Growth Daemon...
[2026-05-04 15:06:15] Heartbeat is stale or missing. Restarting daemon...
[2026-05-04 15:06:15] Killing stale process 30564...
[2026-05-04 15:06:15] Starting MultiCAD Self-Growth Daemon...
[2026-05-04 15:07:15] Heartbeat is stale or missing. Restarting daemon...
[2026-05-04 15:07:15] Killing stale process 30564...
[2026-05-04 15:07:15] Starting MultiCAD Self-Growth Daemon...
[2026-05-04 15:08:15] Heartbeat is stale or missing. Restarting daemon...
[2026-05-04 15:08:15] Killing stale process 30564...
[2026-05-04 15:08:15] Starting MultiCAD Self-Growth Daemon...
[2026-05-04 15:09:15] Heartbeat is stale or missing. Restarting daemon...
[2026-05-04 15:09:15] Killing stale process 30564...
[2026-05-04 15:09:16] Starting MultiCAD Self-Growth Daemon...
[2026-05-04 15:10:16] Heartbeat is stale or missing. Restarting daemon...
[2026-05-04 15:10:16] Killing stale process 30564...
[2026-05-04 15:10:16] Starting MultiCAD Self-Growth Daemon...
[2026-05-04 15:11:16] Heartbeat is stale or missing. Restarting daemon...
[2026-05-04 15:11:16] Killing stale process 30564...
[2026-05-04 15:11:16] Starting MultiCAD Self-Growth Daemon...
[2026-05-04 15:12:16] Heartbeat is stale or missing. Restarting daemon...
[2026-05-04 15:12:16] Killing stale process 30564...
[2026-05-04 15:12:17] Starting MultiCAD Self-Growth Daemon...
[2026-05-04 15:13:17] Heartbeat is stale or missing. Restarting daemon...
[2026-05-04 15:13:17] Killing stale process 30564...
[2026-05-04 15:13:17] Starting MultiCAD Self-Growth Daemon...
[2026-05-04 15:14:17] Heartbeat is stale or missing. Restarting daemon...
[2026-05-04 15:14:17] Killing stale process 30564...
[2026-05-04 15:14:17] Starting MultiCAD Self-Growth Daemon...
[2026-05-04 15:15:17] Heartbeat is stale or missing. Restarting daemon...
[2026-05-04 15:15:17] Killing stale process 30564...
[2026-05-04 15:15:17] Starting MultiCAD Self-Growth Daemon...
[2026-05-04 15:16:18] Heartbeat is stale or missing. Restarting daemon...
[2026-05-04 15:16:18] Killing stale process 30564...
[2026-05-04 15:16:18] Starting MultiCAD Self-Growth Daemon...
[2026-05-04 15:17:18] Heartbeat is stale or missing. Restarting daemon...
[2026-05-04 15:17:18] Killing stale process 30564...
[2026-05-04 15:17:18] Starting MultiCAD Self-Growth Daemon...
[2026-05-04 15:18:18] Heartbeat is stale or missing. Restarting daemon...
[2026-05-04 15:18:18] Killing stale process 30564...
[2026-05-04 15:18:18] Starting MultiCAD Self-Growth Daemon...
[2026-05-04 15:19:18] Heartbeat is stale or missing. Restarting daemon...
[2026-05-04 15:19:18] Killing stale process 30564...
[2026-05-04 15:19:19] Starting MultiCAD Self-Growth Daemon...
[2026-05-04 15:20:19] Heartbeat is stale or missing. Restarting daemon...
[2026-05-04 15:20:19] Killing stale process 30564...
[2026-05-04 15:20:19] Starting MultiCAD Self-Growth Daemon...
[2026-05-04 15:21:19] Heartbeat is stale or missing. Restarting daemon...
[2026-05-04 15:21:19] Killing stale process 30564...
[2026-05-04 15:21:19] Starting MultiCAD Self-Growth Daemon...
[2026-05-04 15:22:19] Heartbeat is stale or missing. Restarting daemon...
[2026-05-04 15:22:19] Killing stale process 30564...
[2026-05-04 15:22:19] Starting MultiCAD Self-Growth Daemon...
[2026-05-04 15:23:19] Heartbeat is stale or missing. Restarting daemon...
[2026-05-04 15:23:19] Killing stale process 30564...
[2026-05-04 15:23:20] Starting MultiCAD Self-Growth Daemon...
[2026-05-04 15:24:20] Heartbeat is stale or missing. Restarting daemon...
[2026-05-04 15:24:20] Killing stale process 30564...
[2026-05-04 15:24:20] Starting MultiCAD Self-Growth Daemon...
[2026-05-04 15:25:20] Heartbeat is stale or missing. Restarting daemon...
[2026-05-04 15:25:20] Killing stale process 30564...
[2026-05-04 15:25:20] Starting MultiCAD Self-Growth Daemon...
[2026-05-04 15:26:20] Heartbeat is stale or missing. Restarting daemon...
[2026-05-04 15:26:20] Killing stale process 30564...
[2026-05-04 15:26:20] Starting MultiCAD Self-Growth Daemon...
[2026-05-04 15:27:20] Heartbeat is stale or missing. Restarting daemon...
[2026-05-04 15:27:20] Killing stale process 30564...
[2026-05-04 15:27:21] Starting MultiCAD Self-Growth Daemon...
[2026-05-04 15:28:21] Heartbeat is stale or missing. Restarting daemon...
[2026-05-04 15:28:21] Killing stale process 30564...
[2026-05-04 15:28:21] Starting MultiCAD Self-Growth Daemon...
[2026-05-04 15:29:21] Heartbeat is stale or missing. Restarting daemon...
[2026-05-04 15:29:21] Killing stale process 30564...
[2026-05-04 15:29:21] Starting MultiCAD Self-Growth Daemon...
[2026-05-04 15:30:21] Heartbeat is stale or missing. Restarting daemon...
[2026-05-04 15:30:21] Killing stale process 30564...
[2026-05-04 15:30:22] Starting MultiCAD Self-Growth Daemon...
[2026-05-04 15:31:22] Heartbeat is stale or missing. Restarting daemon...
[2026-05-04 15:31:22] Killing stale process 30564...
[2026-05-04 15:31:22] Starting MultiCAD Self-Growth Daemon...
[2026-05-04 15:32:22] Heartbeat is stale or missing. Restarting daemon...
[2026-05-04 15:32:22] Killing stale process 30564...
[2026-05-04 15:32:22] Starting MultiCAD Self-Growth Daemon...
[2026-05-04 15:33:22] Heartbeat is stale or missing. Restarting daemon...
[2026-05-04 15:33:22] Killing stale process 30564...
[2026-05-04 15:33:22] Starting MultiCAD Self-Growth Daemon...
[2026-05-04 15:34:22] Heartbeat is stale or missing. Restarting daemon...
[2026-05-04 15:34:22] Killing stale process 30564...
[2026-05-04 15:34:23] Starting MultiCAD Self-Growth Daemon...
[2026-05-04 15:35:23] Heartbeat is stale or missing. Restarting daemon...
[2026-05-04 15:35:23] Killing stale process 30564...
[2026-05-04 15:35:23] Starting MultiCAD Self-Growth Daemon...
[2026-05-04 15:36:23] Heartbeat is stale or missing. Restarting daemon...
[2026-05-04 15:36:23] Killing stale process 30564...
[2026-05-04 15:36:23] Starting MultiCAD Self-Growth Daemon...
[2026-05-04 15:37:23] Heartbeat is stale or missing. Restarting daemon...
[2026-05-04 15:37:23] Killing stale process 30564...
[2026-05-04 15:37:24] Starting MultiCAD Self-Growth Daemon...
[2026-05-04 15:38:24] Heartbeat is stale or missing. Restarting daemon...
[2026-05-04 15:38:24] Killing stale process 30564...
[2026-05-04 15:38:24] Starting MultiCAD Self-Growth Daemon...
[2026-05-04 15:39:24] Heartbeat is stale or missing. Restarting daemon...
[2026-05-04 15:39:24] Killing stale process 30564...
[2026-05-04 15:39:24] Starting MultiCAD Self-Growth Daemon...
[2026-05-04 15:40:24] Heartbeat is stale or missing. Restarting daemon...
[2026-05-04 15:40:24] Killing stale process 30564...
[2026-05-04 15:40:25] Starting MultiCAD Self-Growth Daemon...
[2026-05-04 15:41:25] Heartbeat is stale or missing. Restarting daemon...
[2026-05-04 15:41:25] Killing stale process 30564...
[2026-05-04 15:41:25] Starting MultiCAD Self-Growth Daemon...
[2026-05-04 15:42:25] Heartbeat is stale or missing. Restarting daemon...
[2026-05-04 15:42:25] Killing stale process 30564...
[2026-05-04 15:42:25] Starting MultiCAD Self-Growth Daemon...
[2026-05-04 15:43:25] Heartbeat is stale or missing. Restarting daemon...
[2026-05-04 15:43:25] Killing stale process 30564...
[2026-05-04 15:43:26] Starting MultiCAD Self-Growth Daemon...
[2026-05-04 15:44:26] Heartbeat is stale or missing. Restarting daemon...
[2026-05-04 15:44:26] Killing stale process 30564...
[2026-05-04 15:44:26] Starting MultiCAD Self-Growth Daemon...
[2026-05-04 15:45:26] Heartbeat is stale or missing. Restarting daemon...
[2026-05-04 15:45:26] Killing stale process 30564...
[2026-05-04 15:45:26] Starting MultiCAD Self-Growth Daemon...
[2026-05-04 15:46:26] Heartbeat is stale or missing. Restarting daemon...
[2026-05-04 15:46:26] Killing stale process 30564...
[2026-05-04 15:46:27] Starting MultiCAD Self-Growth Daemon...
[2026-05-04 15:47:27] Heartbeat is stale or missing. Restarting daemon...
[2026-05-04 15:47:27] Killing stale process 30564...
[2026-05-04 15:47:27] Starting MultiCAD Self-Growth Daemon...
[2026-05-04 15:48:27] Heartbeat is stale or missing. Restarting daemon...
[2026-05-04 15:48:27] Killing stale process 30564...
[2026-05-04 15:48:27] Starting MultiCAD Self-Growth Daemon...
[2026-05-04 15:49:27] Heartbeat is stale or missing. Restarting daemon...
[2026-05-04 15:49:27] Killing stale process 30564...
[2026-05-04 15:49:27] Starting MultiCAD Self-Growth Daemon...
[2026-05-04 15:50:27] Heartbeat is stale or missing. Restarting daemon...
[2026-05-04 15:50:27] Killing stale process 30564...
[2026-05-04 15:50:28] Starting MultiCAD Self-Growth Daemon...
[2026-05-04 15:51:28] Heartbeat is stale or missing. Restarting daemon...
[2026-05-04 15:51:28] Killing stale process 30564...
[2026-05-04 15:51:28] Starting MultiCAD Self-Growth Daemon...
[2026-05-04 15:52:28] Heartbeat is stale or missing. Restarting daemon...
[2026-05-04 15:52:28] Killing stale process 30564...
[2026-05-04 15:52:28] Starting MultiCAD Self-Growth Daemon...
[2026-05-04 15:53:28] Heartbeat is stale or missing. Restarting daemon...
[2026-05-04 15:53:28] Killing stale process 30564...
[2026-05-04 15:53:29] Starting MultiCAD Self-Growth Daemon...
[2026-05-04 15:54:29] Heartbeat is stale or missing. Restarting daemon...
[2026-05-04 15:54:29] Killing stale process 30564...
[2026-05-04 15:54:29] Starting MultiCAD Self-Growth Daemon...
[2026-05-04 15:55:29] Heartbeat is stale or missing. Restarting daemon...
[2026-05-04 15:55:29] Killing stale process 30564...
[2026-05-04 15:55:29] Starting MultiCAD Self-Growth Daemon...
[2026-05-04 15:56:29] Heartbeat is stale or missing. Restarting daemon...
[2026-05-04 15:56:29] Killing stale process 30564...
[2026-05-04 15:56:29] Starting MultiCAD Self-Growth Daemon...
[2026-05-04 15:57:29] Heartbeat is stale or missing. Restarting daemon...
[2026-05-04 15:57:29] Killing stale process 30564...
[2026-05-04 15:57:30] Starting MultiCAD Self-Growth Daemon...
[2026-05-04 15:58:30] Heartbeat is stale or missing. Restarting daemon...
[2026-05-04 15:58:30] Killing stale process 30564...
[2026-05-04 15:58:30] Starting MultiCAD Self-Growth Daemon...
[2026-05-04 15:59:30] Heartbeat is stale or missing. Restarting daemon...
[2026-05-04 15:59:30] Killing stale process 30564...
[2026-05-04 15:59:30] Starting MultiCAD Self-Growth Daemon...
[2026-05-04 16:00:30] Heartbeat is stale or missing. Restarting daemon...
[2026-05-04 16:00:30] Killing stale process 30564...
[2026-05-04 16:00:30] Starting MultiCAD Self-Growth Daemon...
[2026-05-04 16:01:30] Heartbeat is stale or missing. Restarting daemon...
[2026-05-04 16:01:30] Killing stale process 30564...
[2026-05-04 16:01:31] Starting MultiCAD Self-Growth Daemon...
[2026-05-04 16:02:31] Heartbeat is stale or missing. Restarting daemon...
[2026-05-04 16:02:31] Killing stale process 30564...
[2026-05-04 16:02:31] Starting MultiCAD Self-Growth Daemon...
[2026-05-04 16:03:31] Heartbeat is stale or missing. Restarting daemon...
[2026-05-04 16:03:31] Killing stale process 30564...
[2026-05-04 16:03:31] Starting MultiCAD Self-Growth Daemon...
[2026-05-04 16:04:31] Heartbeat is stale or missing. Restarting daemon...
[2026-05-04 16:04:31] Killing stale process 30564...
[2026-05-04 16:04:31] Starting MultiCAD Self-Growth Daemon...
[2026-05-04 16:05:32] Heartbeat is stale or missing. Restarting daemon...
[2026-05-04 16:05:32] Killing stale process 30564...
[2026-05-04 16:05:32] Starting MultiCAD Self-Growth Daemon...
[2026-05-04 16:06:32] Heartbeat is stale or missing. Restarting daemon...
[2026-05-04 16:06:32] Killing stale process 30564...
[2026-05-04 16:06:32] Starting MultiCAD Self-Growth Daemon...
[2026-05-04 16:07:32] Heartbeat is stale or missing. Restarting daemon...
[2026-05-04 16:07:32] Killing stale process 30564...
[2026-05-04 16:07:32] Starting MultiCAD Self-Growth Daemon...
[2026-05-04 16:08:32] Heartbeat is stale or missing. Restarting daemon...
[2026-05-04 16:08:32] Killing stale process 30564...
[2026-05-04 16:08:33] Starting MultiCAD Self-Growth Daemon...
[2026-05-04 16:09:33] Heartbeat is stale or missing. Restarting daemon...
[2026-05-04 16:09:33] Killing stale process 30564...
[2026-05-04 16:09:33] Starting MultiCAD Self-Growth Daemon...
[2026-05-04 16:10:33] Heartbeat is stale or missing. Restarting daemon...
[2026-05-04 16:10:33] Killing stale process 30564...
[2026-05-04 16:10:33] Starting MultiCAD Self-Growth Daemon...
[2026-05-04 16:11:33] Heartbeat is stale or missing. Restarting daemon...
[2026-05-04 16:11:33] Killing stale process 30564...
[2026-05-04 16:11:34] Starting MultiCAD Self-Growth Daemon...
[2026-05-04 16:12:34] Heartbeat is stale or missing. Restarting daemon...
[2026-05-04 16:12:34] Killing stale process 30564...
[2026-05-04 16:12:34] Starting MultiCAD Self-Growth Daemon...
[2026-05-04 16:13:34] Heartbeat is stale or missing. Restarting daemon...
[2026-05-04 16:13:34] Killing stale process 30564...
[2026-05-04 16:13:34] Starting MultiCAD Self-Growth Daemon...
[2026-05-04 16:14:34] Heartbeat is stale or missing. Restarting daemon...
[2026-05-04 16:14:34] Killing stale process 30564...
[2026-05-04 16:14:34] Starting MultiCAD Self-Growth Daemon...
[2026-05-04 16:15:34] Heartbeat is stale or missing. Restarting daemon...
[2026-05-04 16:15:34] Killing stale process 30564...
[2026-05-04 16:15:35] Starting MultiCAD Self-Growth Daemon...
[2026-05-04 16:16:35] Heartbeat is stale or missing. Restarting daemon...
[2026-05-04 16:16:35] Killing stale process 30564...
[2026-05-04 16:16:35] Starting MultiCAD Self-Growth Daemon...
[2026-05-04 16:17:35] Heartbeat is stale or missing. Restarting daemon...
[2026-05-04 16:17:35] Killing stale process 30564...
[2026-05-04 16:17:35] Starting MultiCAD Self-Growth Daemon...
[2026-05-04 16:18:35] Heartbeat is stale or missing. Restarting daemon...
[2026-05-04 16:18:35] Killing stale process 30564...
[2026-05-04 16:18:36] Starting MultiCAD Self-Growth Daemon...
[2026-05-04 16:19:36] Heartbeat is stale or missing. Restarting daemon...
[2026-05-04 16:19:36] Killing stale process 30564...
[2026-05-04 16:19:36] Starting MultiCAD Self-Growth Daemon...
[2026-05-04 16:20:36] Heartbeat is stale or missing. Restarting daemon...
[2026-05-04 16:20:36] Killing stale process 30564...
[2026-05-04 16:20:36] Starting MultiCAD Self-Growth Daemon...
[2026-05-04 16:21:36] Heartbeat is stale or missing. Restarting daemon...
[2026-05-04 16:21:36] Killing stale process 30564...
[2026-05-04 16:21:36] Starting MultiCAD Self-Growth Daemon...
[2026-05-04 16:22:36] Heartbeat is stale or missing. Restarting daemon...
[2026-05-04 16:22:36] Killing stale process 30564...
[2026-05-04 16:22:37] Starting MultiCAD Self-Growth Daemon...
[2026-05-04 16:23:37] Heartbeat is stale or missing. Restarting daemon...
[2026-05-04 16:23:37] Killing stale process 30564...
[2026-05-04 16:23:37] Starting MultiCAD Self-Growth Daemon...
[2026-05-04 16:24:37] Heartbeat is stale or missing. Restarting daemon...
[2026-05-04 16:24:37] Killing stale process 30564...
[2026-05-04 16:24:37] Starting MultiCAD Self-Growth Daemon...
[2026-05-04 16:25:37] Heartbeat is stale or missing. Restarting daemon...
[2026-05-04 16:25:37] Killing stale process 30564...
[2026-05-04 16:25:38] Starting MultiCAD Self-Growth Daemon...
[2026-05-04 16:26:38] Heartbeat is stale or missing. Restarting daemon...
[2026-05-04 16:26:38] Killing stale process 30564...
[2026-05-04 16:26:38] Starting MultiCAD Self-Growth Daemon...
[2026-05-04 16:27:38] Heartbeat is stale or missing. Restarting daemon...
[2026-05-04 16:27:38] Killing stale process 30564...
[2026-05-04 16:27:38] Starting MultiCAD Self-Growth Daemon...
[2026-05-04 16:28:38] Heartbeat is stale or missing. Restarting daemon...
[2026-05-04 16:28:38] Killing stale process 30564...
[2026-05-04 16:28:38] Starting MultiCAD Self-Growth Daemon...
[2026-05-04 16:29:39] Heartbeat is stale or missing. Restarting daemon...
[2026-05-04 16:29:39] Killing stale process 30564...
[2026-05-04 16:29:39] Starting MultiCAD Self-Growth Daemon...
[2026-05-04 16:30:39] Heartbeat is stale or missing. Restarting daemon...
[2026-05-04 16:30:39] Killing stale process 30564...
[2026-05-04 16:30:39] Starting MultiCAD Self-Growth Daemon...
[2026-05-04 16:31:39] Heartbeat is stale or missing. Restarting daemon...
[2026-05-04 16:31:39] Killing stale process 30564...
[2026-05-04 16:31:39] Starting MultiCAD Self-Growth Daemon...
[2026-05-04 16:32:39] Heartbeat is stale or missing. Restarting daemon...
[2026-05-04 16:32:39] Killing stale process 30564...
[2026-05-04 16:32:40] Starting MultiCAD Self-Growth Daemon...
[2026-05-04 16:33:40] Heartbeat is stale or missing. Restarting daemon...
[2026-05-04 16:33:40] Killing stale process 30564...
[2026-05-04 16:33:40] Starting MultiCAD Self-Growth Daemon...
[2026-05-04 16:34:40] Heartbeat is stale or missing. Restarting daemon...
[2026-05-04 16:34:40] Killing stale process 30564...
[2026-05-04 16:34:40] Starting MultiCAD Self-Growth Daemon...
[2026-05-04 16:35:40] Heartbeat is stale or missing. Restarting daemon...
[2026-05-04 16:35:40] Killing stale process 30564...
[2026-05-04 16:35:41] Starting MultiCAD Self-Growth Daemon...
[2026-05-04 16:36:41] Heartbeat is stale or missing. Restarting daemon...
[2026-05-04 16:36:41] Killing stale process 30564...
[2026-05-04 16:36:41] Starting MultiCAD Self-Growth Daemon...
[2026-05-04 16:37:41] Heartbeat is stale or missing. Restarting daemon...
[2026-05-04 16:37:41] Killing stale process 30564...
[2026-05-04 16:37:41] Starting MultiCAD Self-Growth Daemon...
[2026-05-04 16:38:41] Heartbeat is stale or missing. Restarting daemon...
[2026-05-04 16:38:41] Killing stale process 30564...
[2026-05-04 16:38:42] Starting MultiCAD Self-Growth Daemon...
[2026-05-04 16:39:42] Heartbeat is stale or missing. Restarting daemon...
[2026-05-04 16:39:42] Killing stale process 30564...
[2026-05-04 16:39:42] Starting MultiCAD Self-Growth Daemon...
[2026-05-04 16:40:42] Heartbeat is stale or missing. Restarting daemon...
[2026-05-04 16:40:42] Killing stale process 30564...
[2026-05-04 16:40:42] Starting MultiCAD Self-Growth Daemon...
[2026-05-04 16:41:42] Heartbeat is stale or missing. Restarting daemon...
[2026-05-04 16:41:42] Killing stale process 30564...
[2026-05-04 16:41:43] Starting MultiCAD Self-Growth Daemon...
[2026-05-04 16:42:43] Heartbeat is stale or missing. Restarting daemon...
[2026-05-04 16:42:43] Killing stale process 30564...
[2026-05-04 16:42:43] Starting MultiCAD Self-Growth Daemon...
[2026-05-04 16:43:43] Heartbeat is stale or missing. Restarting daemon...
[2026-05-04 16:43:43] Killing stale process 30564...
[2026-05-04 16:43:43] Starting MultiCAD Self-Growth Daemon...
[2026-05-04 16:44:43] Heartbeat is stale or missing. Restarting daemon...
[2026-05-04 16:44:43] Killing stale process 30564...
[2026-05-04 16:44:43] Starting MultiCAD Self-Growth Daemon...
[2026-05-04 16:45:43] Heartbeat is stale or missing. Restarting daemon...
[2026-05-04 16:45:43] Killing stale process 30564...
[2026-05-04 16:45:44] Starting MultiCAD Self-Growth Daemon...
[2026-05-04 16:46:44] Heartbeat is stale or missing. Restarting daemon...
[2026-05-04 16:46:44] Killing stale process 30564...
[2026-05-04 16:46:44] Starting MultiCAD Self-Growth Daemon...
[2026-05-04 16:47:44] Heartbeat is stale or missing. Restarting daemon...
[2026-05-04 16:47:44] Killing stale process 30564...
[2026-05-04 16:47:44] Starting MultiCAD Self-Growth Daemon...
[2026-05-04 16:48:44] Heartbeat is stale or missing. Restarting daemon...
[2026-05-04 16:48:44] Killing stale process 30564...
[2026-05-04 16:48:45] Starting MultiCAD Self-Growth Daemon...
[2026-05-04 16:49:45] Heartbeat is stale or missing. Restarting daemon...
[2026-05-04 16:49:45] Killing stale process 30564...
[2026-05-04 16:49:45] Starting MultiCAD Self-Growth Daemon...
[2026-05-04 16:50:45] Heartbeat is stale or missing. Restarting daemon...
[2026-05-04 16:50:45] Killing stale process 30564...
[2026-05-04 16:50:45] Starting MultiCAD Self-Growth Daemon...
[2026-05-04 16:51:45] Heartbeat is stale or missing. Restarting daemon...
[2026-05-04 16:51:45] Killing stale process 30564...
[2026-05-04 16:51:45] Starting MultiCAD Self-Growth Daemon...
[2026-05-04 16:52:45] Heartbeat is stale or missing. Restarting daemon...
[2026-05-04 16:52:45] Killing stale process 30564...
[2026-05-04 16:52:46] Starting MultiCAD Self-Growth Daemon...
[2026-05-04 16:53:46] Heartbeat is stale or missing. Restarting daemon...
[2026-05-04 16:53:46] Killing stale process 30564...
[2026-05-04 16:53:46] Starting MultiCAD Self-Growth Daemon...
[2026-05-04 16:54:46] Heartbeat is stale or missing. Restarting daemon...
[2026-05-04 16:54:46] Killing stale process 30564...
[2026-05-04 16:54:46] Starting MultiCAD Self-Growth Daemon...
[2026-05-04 16:55:46] Heartbeat is stale or missing. Restarting daemon...
[2026-05-04 16:55:46] Killing stale process 30564...
[2026-05-04 16:55:46] Starting MultiCAD Self-Growth Daemon...
[2026-05-04 16:56:46] Heartbeat is stale or missing. Restarting daemon...
[2026-05-04 16:56:46] Killing stale process 30564...
[2026-05-04 16:56:47] Starting MultiCAD Self-Growth Daemon...
[2026-05-04 16:57:47] Heartbeat is stale or missing. Restarting daemon...
[2026-05-04 16:57:47] Killing stale process 30564...
[2026-05-04 16:57:47] Starting MultiCAD Self-Growth Daemon...
[2026-05-04 16:58:47] Heartbeat is stale or missing. Restarting daemon...
[2026-05-04 16:58:47] Killing stale process 30564...
[2026-05-04 16:58:47] Starting MultiCAD Self-Growth Daemon...
[2026-05-04 16:59:47] Heartbeat is stale or missing. Restarting daemon...
[2026-05-04 16:59:47] Killing stale process 30564...
[2026-05-04 16:59:48] Starting MultiCAD Self-Growth Daemon...
[2026-05-04 17:00:48] Heartbeat is stale or missing. Restarting daemon...
[2026-05-04 17:00:48] Killing stale process 30564...
[2026-05-04 17:00:48] Starting MultiCAD Self-Growth Daemon...
[2026-05-04 17:01:48] Heartbeat is stale or missing. Restarting daemon...
[2026-05-04 17:01:48] Killing stale process 30564...
[2026-05-04 17:01:48] Starting MultiCAD Self-Growth Daemon...
[2026-05-04 17:02:48] Heartbeat is stale or missing. Restarting daemon...
[2026-05-04 17:02:48] Killing stale process 30564...
[2026-05-04 17:02:48] Starting MultiCAD Self-Growth Daemon...
[2026-05-04 17:03:48] Heartbeat is stale or missing. Restarting daemon...
[2026-05-04 17:03:48] Killing stale process 30564...
[2026-05-04 17:03:49] Starting MultiCAD Self-Growth Daemon...
[2026-05-04 17:04:49] Heartbeat is stale or missing. Restarting daemon...
[2026-05-04 17:04:49] Killing stale process 30564...
[2026-05-04 17:04:49] Starting MultiCAD Self-Growth Daemon...
[2026-05-04 17:05:49] Heartbeat is stale or missing. Restarting daemon...
[2026-05-04 17:05:49] Killing stale process 30564...
[2026-05-04 17:05:49] Starting MultiCAD Self-Growth Daemon...
[2026-05-04 17:06:49] Heartbeat is stale or missing. Restarting daemon...
[2026-05-04 17:06:49] Killing stale process 30564...
[2026-05-04 17:06:50] Starting MultiCAD Self-Growth Daemon...
[2026-05-04 17:07:50] Heartbeat is stale or missing. Restarting daemon...
[2026-05-04 17:07:50] Killing stale process 30564...
[2026-05-04 17:07:50] Starting MultiCAD Self-Growth Daemon...
[2026-05-04 17:08:50] Heartbeat is stale or missing. Restarting daemon...
[2026-05-04 17:08:50] Killing stale process 30564...
[2026-05-04 17:08:50] Starting MultiCAD Self-Growth Daemon...
[2026-05-04 17:09:50] Heartbeat is stale or missing. Restarting daemon...
[2026-05-04 17:09:50] Killing stale process 30564...
[2026-05-04 17:09:51] Starting MultiCAD Self-Growth Daemon...
[2026-05-04 17:10:51] Heartbeat is stale or missing. Restarting daemon...
[2026-05-04 17:10:51] Killing stale process 30564...
[2026-05-04 17:10:51] Starting MultiCAD Self-Growth Daemon...
[2026-05-04 17:11:51] Heartbeat is stale or missing. Restarting daemon...
[2026-05-04 17:11:51] Killing stale process 30564...
[2026-05-04 17:11:51] Starting MultiCAD Self-Growth Daemon...
[2026-05-04 17:12:51] Heartbeat is stale or missing. Restarting daemon...
[2026-05-04 17:12:51] Killing stale process 30564...
[2026-05-04 17:12:52] Starting MultiCAD Self-Growth Daemon...
[2026-05-04 17:13:52] Heartbeat is stale or missing. Restarting daemon...
[2026-05-04 17:13:52] Killing stale process 30564...
[2026-05-04 17:13:52] Starting MultiCAD Self-Growth Daemon...
[2026-05-04 17:14:52] Heartbeat is stale or missing. Restarting daemon...
[2026-05-04 17:14:52] Killing stale process 30564...
[2026-05-04 17:14:52] Starting MultiCAD Self-Growth Daemon...
[2026-05-04 17:15:52] Heartbeat is stale or missing. Restarting daemon...
[2026-05-04 17:15:52] Killing stale process 30564...
[2026-05-04 17:15:52] Starting MultiCAD Self-Growth Daemon...
[2026-05-04 17:16:52] Heartbeat is stale or missing. Restarting daemon...
[2026-05-04 17:16:52] Killing stale process 30564...
[2026-05-04 17:16:53] Starting MultiCAD Self-Growth Daemon...
[2026-05-04 17:17:53] Heartbeat is stale or missing. Restarting daemon...
[2026-05-04 17:17:53] Killing stale process 30564...
[2026-05-04 17:17:53] Starting MultiCAD Self-Growth Daemon...
[2026-05-04 17:18:53] Heartbeat is stale or missing. Restarting daemon...
[2026-05-04 17:18:53] Killing stale process 30564...
[2026-05-04 17:18:53] Starting MultiCAD Self-Growth Daemon...
[2026-05-04 17:19:54] Heartbeat is stale or missing. Restarting daemon...
[2026-05-04 17:19:54] Killing stale process 30564...
[2026-05-04 17:19:54] Starting MultiCAD Self-Growth Daemon...
[2026-05-04 17:20:54] Heartbeat is stale or missing. Restarting daemon...
[2026-05-04 17:20:54] Killing stale process 30564...
[2026-05-04 17:20:54] Starting MultiCAD Self-Growth Daemon...
[2026-05-04 17:21:54] Heartbeat is stale or missing. Restarting daemon...
[2026-05-04 17:21:54] Killing stale process 30564...
[2026-05-04 17:21:55] Starting MultiCAD Self-Growth Daemon...
[2026-05-04 17:22:55] Heartbeat is stale or missing. Restarting daemon...
[2026-05-04 17:22:55] Killing stale process 30564...
[2026-05-04 17:22:55] Starting MultiCAD Self-Growth Daemon...
[2026-05-04 17:23:55] Heartbeat is stale or missing. Restarting daemon...
[2026-05-04 17:23:55] Killing stale process 30564...
[2026-05-04 17:23:55] Starting MultiCAD Self-Growth Daemon...
[2026-05-04 17:24:55] Heartbeat is stale or missing. Restarting daemon...
[2026-05-04 17:24:55] Killing stale process 30564...
[2026-05-04 17:24:55] Starting MultiCAD Self-Growth Daemon...
[2026-05-04 17:25:55] Heartbeat is stale or missing. Restarting daemon...
[2026-05-04 17:25:55] Killing stale process 30564...
[2026-05-04 17:25:56] Starting MultiCAD Self-Growth Daemon...
[2026-05-04 17:26:56] Heartbeat is stale or missing. Restarting daemon...
[2026-05-04 17:26:56] Killing stale process 30564...
[2026-05-04 17:26:56] Starting MultiCAD Self-Growth Daemon...
[2026-05-04 17:27:56] Heartbeat is stale or missing. Restarting daemon...
[2026-05-04 17:27:56] Killing stale process 30564...
[2026-05-04 17:27:56] Starting MultiCAD Self-Growth Daemon...
[2026-05-04 17:28:56] Heartbeat is stale or missing. Restarting daemon...
[2026-05-04 17:28:56] Killing stale process 30564...
[2026-05-04 17:28:57] Starting MultiCAD Self-Growth Daemon...
[2026-05-04 17:29:57] Heartbeat is stale or missing. Restarting daemon...
[2026-05-04 17:29:57] Killing stale process 30564...
[2026-05-04 17:29:57] Starting MultiCAD Self-Growth Daemon...
[2026-05-04 17:30:57] Heartbeat is stale or missing. Restarting daemon...
[2026-05-04 17:30:57] Killing stale process 30564...
[2026-05-04 17:30:57] Starting MultiCAD Self-Growth Daemon...
[2026-05-04 17:31:57] Heartbeat is stale or missing. Restarting daemon...
[2026-05-04 17:31:57] Killing stale process 30564...
[2026-05-04 17:31:57] Starting MultiCAD Self-Growth Daemon...
[2026-05-04 17:32:57] Heartbeat is stale or missing. Restarting daemon...
[2026-05-04 17:32:57] Killing stale process 30564...
[2026-05-04 17:32:58] Starting MultiCAD Self-Growth Daemon...
[2026-05-04 17:33:58] Heartbeat is stale or missing. Restarting daemon...
[2026-05-04 17:33:58] Killing stale process 30564...
[2026-05-04 17:33:58] Starting MultiCAD Self-Growth Daemon...
[2026-05-04 17:34:58] Heartbeat is stale or missing. Restarting daemon...
[2026-05-04 17:34:58] Killing stale process 30564...
[2026-05-04 17:34:58] Starting MultiCAD Self-Growth Daemon...
[2026-05-04 17:35:58] Heartbeat is stale or missing. Restarting daemon...
[2026-05-04 17:35:58] Killing stale process 30564...
[2026-05-04 17:35:59] Starting MultiCAD Self-Growth Daemon...
[2026-05-04 17:36:59] Heartbeat is stale or missing. Restarting daemon...
[2026-05-04 17:36:59] Killing stale process 30564...
[2026-05-04 17:36:59] Starting MultiCAD Self-Growth Daemon...
[2026-05-04 17:37:59] Heartbeat is stale or missing. Restarting daemon...
[2026-05-04 17:37:59] Killing stale process 30564...
[2026-05-04 17:37:59] Starting MultiCAD Self-Growth Daemon...
[2026-05-04 17:38:59] Heartbeat is stale or missing. Restarting daemon...
[2026-05-04 17:38:59] Killing stale process 30564...
[2026-05-04 17:39:00] Starting MultiCAD Self-Growth Daemon...
[2026-05-04 17:40:00] Heartbeat is stale or missing. Restarting daemon...
[2026-05-04 17:40:00] Killing stale process 30564...
[2026-05-04 17:40:00] Starting MultiCAD Self-Growth Daemon...
[2026-05-04 17:41:00] Heartbeat is stale or missing. Restarting daemon...
[2026-05-04 17:41:00] Killing stale process 30564...
[2026-05-04 17:41:01] Starting MultiCAD Self-Growth Daemon...
[2026-05-04 17:42:01] Heartbeat is stale or missing. Restarting daemon...
[2026-05-04 17:42:01] Killing stale process 30564...
[2026-05-04 17:42:01] Starting MultiCAD Self-Growth Daemon...
[2026-05-04 17:43:01] Heartbeat is stale or missing. Restarting daemon...
[2026-05-04 17:43:01] Killing stale process 30564...
[2026-05-04 17:43:01] Starting MultiCAD Self-Growth Daemon...
[2026-05-04 17:44:01] Heartbeat is stale or missing. Restarting daemon...
[2026-05-04 17:44:01] Killing stale process 30564...
[2026-05-04 17:44:01] Starting MultiCAD Self-Growth Daemon...
[2026-05-04 17:45:01] Heartbeat is stale or missing. Restarting daemon...
[2026-05-04 17:45:01] Killing stale process 30564...
[2026-05-04 17:45:02] Starting MultiCAD Self-Growth Daemon...
[2026-05-04 17:46:02] Heartbeat is stale or missing. Restarting daemon...
[2026-05-04 17:46:02] Killing stale process 30564...
[2026-05-04 17:46:02] Starting MultiCAD Self-Growth Daemon...
[2026-05-04 17:47:02] Heartbeat is stale or missing. Restarting daemon...
[2026-05-04 17:47:02] Killing stale process 30564...
[2026-05-04 17:47:02] Starting MultiCAD Self-Growth Daemon...
[2026-05-04 17:48:02] Heartbeat is stale or missing. Restarting daemon...
[2026-05-04 17:48:02] Killing stale process 30564...
[2026-05-04 17:48:03] Starting MultiCAD Self-Growth Daemon...
[2026-05-04 17:49:03] Heartbeat is stale or missing. Restarting daemon...
[2026-05-04 17:49:03] Killing stale process 30564...
[2026-05-04 17:49:03] Starting MultiCAD Self-Growth Daemon...
[2026-05-04 17:50:03] Heartbeat is stale or missing. Restarting daemon...
[2026-05-04 17:50:03] Killing stale process 30564...
[2026-05-04 17:50:03] Starting MultiCAD Self-Growth Daemon...
[2026-05-04 17:51:03] Heartbeat is stale or missing. Restarting daemon...
[2026-05-04 17:51:03] Killing stale process 30564...
[2026-05-04 17:51:04] Starting MultiCAD Self-Growth Daemon...
[2026-05-04 17:52:04] Heartbeat is stale or missing. Restarting daemon...
[2026-05-04 17:52:04] Killing stale process 30564...
[2026-05-04 17:52:04] Starting MultiCAD Self-Growth Daemon...
[2026-05-04 17:53:04] Heartbeat is stale or missing. Restarting daemon...
[2026-05-04 17:53:04] Killing stale process 30564...
[2026-05-04 17:53:04] Starting MultiCAD Self-Growth Daemon...
[2026-05-04 17:54:04] Heartbeat is stale or missing. Restarting daemon...
[2026-05-04 17:54:04] Killing stale process 30564...
[2026-05-04 17:54:05] Starting MultiCAD Self-Growth Daemon...
[2026-05-04 17:55:05] Heartbeat is stale or missing. Restarting daemon...
[2026-05-04 17:55:05] Killing stale process 30564...
[2026-05-04 17:55:06] Starting MultiCAD Self-Growth Daemon...
[2026-05-04 17:56:06] Heartbeat is stale or missing. Restarting daemon...
[2026-05-04 17:56:06] Killing stale process 30564...
[2026-05-04 17:56:06] Starting MultiCAD Self-Growth Daemon...
[2026-05-04 17:57:06] Heartbeat is stale or missing. Restarting daemon...
[2026-05-04 17:57:06] Killing stale process 30564...
[2026-05-04 17:57:06] Starting MultiCAD Self-Growth Daemon...
[2026-05-04 17:58:06] Heartbeat is stale or missing. Restarting daemon...
[2026-05-04 17:58:06] Killing stale process 30564...
[2026-05-04 17:58:07] Starting MultiCAD Self-Growth Daemon...
[2026-05-04 17:59:07] Heartbeat is stale or missing. Restarting daemon...
[2026-05-04 17:59:07] Killing stale process 30564...
[2026-05-04 17:59:07] Starting MultiCAD Self-Growth Daemon...
[2026-05-04 18:00:07] Heartbeat is stale or missing. Restarting daemon...
[2026-05-04 18:00:07] Killing stale process 30564...
[2026-05-04 18:00:07] Starting MultiCAD Self-Growth Daemon...
[2026-05-04 18:01:07] Heartbeat is stale or missing. Restarting daemon...
[2026-05-04 18:01:07] Killing stale process 30564...
[2026-05-04 18:01:08] Starting MultiCAD Self-Growth Daemon...
[2026-05-04 18:02:08] Heartbeat is stale or missing. Restarting daemon...
[2026-05-04 18:02:08] Killing stale process 30564...
[2026-05-04 18:02:08] Starting MultiCAD Self-Growth Daemon...
[2026-05-04 18:03:08] Heartbeat is stale or missing. Restarting daemon...
[2026-05-04 18:03:08] Killing stale process 30564...
[2026-05-04 18:03:08] Starting MultiCAD Self-Growth Daemon...
[2026-05-04 18:04:08] Heartbeat is stale or missing. Restarting daemon...
[2026-05-04 18:04:08] Killing stale process 30564...
[2026-05-04 18:04:09] Starting MultiCAD Self-Growth Daemon...
[2026-05-04 18:05:09] Heartbeat is stale or missing. Restarting daemon...
[2026-05-04 18:05:09] Killing stale process 30564...
[2026-05-04 18:05:09] Starting MultiCAD Self-Growth Daemon...
[2026-05-04 18:06:09] Heartbeat is stale or missing. Restarting daemon...
[2026-05-04 18:06:09] Killing stale process 30564...
[2026-05-04 18:06:09] Starting MultiCAD Self-Growth Daemon...
[2026-05-04 18:07:09] Heartbeat is stale or missing. Restarting daemon...
[2026-05-04 18:07:09] Killing stale process 30564...
[2026-05-04 18:07:10] Starting MultiCAD Self-Growth Daemon...
[2026-05-04 18:08:10] Heartbeat is stale or missing. Restarting daemon...
[2026-05-04 18:08:10] Killing stale process 30564...
[2026-05-04 18:08:10] Starting MultiCAD Self-Growth Daemon...
[2026-05-04 18:09:10] Heartbeat is stale or missing. Restarting daemon...
[2026-05-04 18:09:10] Killing stale process 30564...
[2026-05-04 18:09:10] Starting MultiCAD Self-Growth Daemon...
[2026-05-04 18:10:10] Heartbeat is stale or missing. Restarting daemon...
[2026-05-04 18:10:10] Killing stale process 30564...
[2026-05-04 18:10:10] Starting MultiCAD Self-Growth Daemon...
[2026-05-04 18:11:11] Heartbeat is stale or missing. Restarting daemon...
[2026-05-04 18:11:11] Killing stale process 30564...
[2026-05-04 18:11:11] Starting MultiCAD Self-Growth Daemon...
[2026-05-04 18:12:11] Heartbeat is stale or missing. Restarting daemon...
[2026-05-04 18:12:11] Killing stale process 30564...
[2026-05-04 18:12:11] Starting MultiCAD Self-Growth Daemon...
[2026-05-04 18:13:11] Heartbeat is stale or missing. Restarting daemon...
[2026-05-04 18:13:11] Killing stale process 30564...
[2026-05-04 18:13:11] Starting MultiCAD Self-Growth Daemon...
[2026-05-04 18:14:11] Heartbeat is stale or missing. Restarting daemon...
[2026-05-04 18:14:11] Killing stale process 30564...
[2026-05-04 18:14:12] Starting MultiCAD Self-Growth Daemon...
[2026-05-04 18:15:12] Heartbeat is stale or missing. Restarting daemon...
[2026-05-04 18:15:12] Killing stale process 30564...
[2026-05-04 18:15:12] Starting MultiCAD Self-Growth Daemon...
[2026-05-04 18:16:12] Heartbeat is stale or missing. Restarting daemon...
[2026-05-04 18:16:12] Killing stale process 30564...
[2026-05-04 18:16:12] Starting MultiCAD Self-Growth Daemon...
[2026-05-04 18:17:12] Heartbeat is stale or missing. Restarting daemon...
[2026-05-04 18:17:12] Killing stale process 30564...
[2026-05-04 18:17:12] Starting MultiCAD Self-Growth Daemon...
[2026-05-04 18:18:13] Heartbeat is stale or missing. Restarting daemon...
[2026-05-04 18:18:13] Killing stale process 30564...
[2026-05-04 18:18:13] Starting MultiCAD Self-Growth Daemon...
[2026-05-04 18:19:13] Heartbeat is stale or missing. Restarting daemon...
[2026-05-04 18:19:13] Killing stale process 30564...
[2026-05-04 18:19:13] Starting MultiCAD Self-Growth Daemon...
[2026-05-04 18:20:13] Heartbeat is stale or missing. Restarting daemon...
[2026-05-04 18:20:13] Killing stale process 30564...
[2026-05-04 18:20:13] Starting MultiCAD Self-Growth Daemon...
[2026-05-04 18:21:13] Heartbeat is stale or missing. Restarting daemon...
[2026-05-04 18:21:13] Killing stale process 30564...
[2026-05-04 18:21:14] Starting MultiCAD Self-Growth Daemon...
[2026-05-04 18:22:14] Heartbeat is stale or missing. Restarting daemon...
[2026-05-04 18:22:14] Killing stale process 30564...
[2026-05-04 18:22:14] Starting MultiCAD Self-Growth Daemon...
[2026-05-04 18:23:14] Heartbeat is stale or missing. Restarting daemon...
[2026-05-04 18:23:14] Killing stale process 30564...
[2026-05-04 18:23:14] Starting MultiCAD Self-Growth Daemon...
[2026-05-04 18:24:14] Heartbeat is stale or missing. Restarting daemon...
[2026-05-04 18:24:14] Killing stale process 30564...
[2026-05-04 18:24:14] Starting MultiCAD Self-Growth Daemon...
[2026-05-04 18:25:14] Heartbeat is stale or missing. Restarting daemon...
[2026-05-04 18:25:14] Killing stale process 30564...
[2026-05-04 18:25:15] Starting MultiCAD Self-Growth Daemon...
[2026-05-04 18:26:15] Heartbeat is stale or missing. Restarting daemon...
[2026-05-04 18:26:15] Killing stale process 30564...
[2026-05-04 18:26:15] Starting MultiCAD Self-Growth Daemon...
[2026-05-04 18:27:15] Heartbeat is stale or missing. Restarting daemon...
[2026-05-04 18:27:15] Killing stale process 30564...
[2026-05-04 18:27:15] Starting MultiCAD Self-Growth Daemon...
[2026-05-04 18:28:15] Heartbeat is stale or missing. Restarting daemon...
[2026-05-04 18:28:15] Killing stale process 30564...
[2026-05-04 18:28:16] Starting MultiCAD Self-Growth Daemon...
[2026-05-04 18:29:16] Heartbeat is stale or missing. Restarting daemon...
[2026-05-04 18:29:16] Killing stale process 30564...
[2026-05-04 18:29:16] Starting MultiCAD Self-Growth Daemon...
[2026-05-04 18:30:16] Heartbeat is stale or missing. Restarting daemon...
[2026-05-04 18:30:16] Killing stale process 30564...
[2026-05-04 18:30:16] Starting MultiCAD Self-Growth Daemon...
[2026-05-04 18:31:16] Heartbeat is stale or missing. Restarting daemon...
[2026-05-04 18:31:16] Killing stale process 30564...
[2026-05-04 18:31:16] Starting MultiCAD Self-Growth Daemon...
[2026-05-04 18:32:16] Heartbeat is stale or missing. Restarting daemon...
[2026-05-04 18:32:16] Killing stale process 30564...
[2026-05-04 18:32:17] Starting MultiCAD Self-Growth Daemon...
[2026-05-04 18:33:17] Heartbeat is stale or missing. Restarting daemon...
[2026-05-04 18:33:17] Killing stale process 30564...
[2026-05-04 18:33:17] Starting MultiCAD Self-Growth Daemon...
[2026-05-04 18:34:17] Heartbeat is stale or missing. Restarting daemon...
[2026-05-04 18:34:17] Killing stale process 30564...
[2026-05-04 18:34:17] Starting MultiCAD Self-Growth Daemon...
[2026-05-04 18:35:17] Heartbeat is stale or missing. Restarting daemon...
[2026-05-04 18:35:17] Killing stale process 30564...
[2026-05-04 18:35:18] Starting MultiCAD Self-Growth Daemon...
[2026-05-04 18:36:18] Heartbeat is stale or missing. Restarting daemon...
[2026-05-04 18:36:18] Killing stale process 30564...
[2026-05-04 18:36:18] Starting MultiCAD Self-Growth Daemon...
[2026-05-04 18:37:18] Heartbeat is stale or missing. Restarting daemon...
[2026-05-04 18:37:18] Killing stale process 30564...
[2026-05-04 18:37:18] Starting MultiCAD Self-Growth Daemon...
[2026-05-04 18:38:18] Heartbeat is stale or missing. Restarting daemon...
[2026-05-04 18:38:18] Killing stale process 30564...
[2026-05-04 18:38:18] Starting MultiCAD Self-Growth Daemon...
[2026-05-04 18:39:18] Heartbeat is stale or missing. Restarting daemon...
[2026-05-04 18:39:18] Killing stale process 30564...
[2026-05-04 18:39:19] Starting MultiCAD Self-Growth Daemon...
[2026-05-04 18:40:19] Heartbeat is stale or missing. Restarting daemon...
[2026-05-04 18:40:19] Killing stale process 30564...
[2026-05-04 18:40:19] Starting MultiCAD Self-Growth Daemon...
[2026-05-04 18:41:19] Heartbeat is stale or missing. Restarting daemon...
[2026-05-04 18:41:19] Killing stale process 30564...
[2026-05-04 18:41:19] Starting MultiCAD Self-Growth Daemon...
[2026-05-04 18:42:19] Heartbeat is stale or missing. Restarting daemon...
[2026-05-04 18:42:19] Killing stale process 30564...
[2026-05-04 18:42:19] Starting MultiCAD Self-Growth Daemon...
[2026-05-04 18:43:19] Heartbeat is stale or missing. Restarting daemon...
[2026-05-04 18:43:19] Killing stale process 30564...
[2026-05-04 18:43:20] Starting MultiCAD Self-Growth Daemon...
[2026-05-04 18:44:20] Heartbeat is stale or missing. Restarting daemon...
[2026-05-04 18:44:20] Killing stale process 30564...
[2026-05-04 18:44:20] Starting MultiCAD Self-Growth Daemon...
[2026-05-04 18:45:20] Heartbeat is stale or missing. Restarting daemon...
[2026-05-04 18:45:20] Killing stale process 30564...
[2026-05-04 18:45:20] Starting MultiCAD Self-Growth Daemon...
[2026-05-04 18:46:20] Heartbeat is stale or missing. Restarting daemon...
[2026-05-04 18:46:20] Killing stale process 30564...
[2026-05-04 18:46:20] Starting MultiCAD Self-Growth Daemon...
[2026-05-04 18:47:20] Heartbeat is stale or missing. Restarting daemon...
[2026-05-04 18:47:20] Killing stale process 30564...
[2026-05-04 18:47:21] Starting MultiCAD Self-Growth Daemon...
[2026-05-04 18:48:21] Heartbeat is stale or missing. Restarting daemon...
[2026-05-04 18:48:21] Killing stale process 30564...
[2026-05-04 18:48:21] Starting MultiCAD Self-Growth Daemon...
[2026-05-04 18:49:21] Heartbeat is stale or missing. Restarting daemon...
[2026-05-04 18:49:21] Killing stale process 30564...
[2026-05-04 18:49:21] Starting MultiCAD Self-Growth Daemon...
[2026-05-04 18:50:21] Heartbeat is stale or missing. Restarting daemon...
[2026-05-04 18:50:21] Killing stale process 30564...
[2026-05-04 18:50:21] Starting MultiCAD Self-Growth Daemon...
[2026-05-04 18:51:21] Heartbeat is stale or missing. Restarting daemon...
[2026-05-04 18:51:21] Killing stale process 30564...
[2026-05-04 18:51:22] Starting MultiCAD Self-Growth Daemon...
[2026-05-04 18:52:22] Heartbeat is stale or missing. Restarting daemon...
[2026-05-04 18:52:22] Killing stale process 30564...
[2026-05-04 18:52:22] Starting MultiCAD Self-Growth Daemon...
[2026-05-04 18:53:22] Heartbeat is stale or missing. Restarting daemon...
[2026-05-04 18:53:22] Killing stale process 30564...
[2026-05-04 18:53:22] Starting MultiCAD Self-Growth Daemon...
[2026-05-04 18:54:22] Heartbeat is stale or missing. Restarting daemon...
[2026-05-04 18:54:22] Killing stale process 30564...
[2026-05-04 18:54:23] Starting MultiCAD Self-Growth Daemon...
[2026-05-04 18:55:23] Heartbeat is stale or missing. Restarting daemon...
[2026-05-04 18:55:23] Killing stale process 30564...
[2026-05-04 18:55:23] Starting MultiCAD Self-Growth Daemon...
[2026-05-04 18:56:23] Heartbeat is stale or missing. Restarting daemon...
[2026-05-04 18:56:23] Killing stale process 30564...
[2026-05-04 18:56:23] Starting MultiCAD Self-Growth Daemon...
[2026-05-04 18:57:23] Heartbeat is stale or missing. Restarting daemon...
[2026-05-04 18:57:23] Killing stale process 30564...
[2026-05-04 18:57:24] Starting MultiCAD Self-Growth Daemon...
[2026-05-04 18:58:24] Heartbeat is stale or missing. Restarting daemon...
[2026-05-04 18:58:24] Killing stale process 30564...
[2026-05-04 18:58:24] Starting MultiCAD Self-Growth Daemon...
[2026-05-04 18:59:24] Heartbeat is stale or missing. Restarting daemon...
[2026-05-04 18:59:24] Killing stale process 30564...
[2026-05-04 18:59:24] Starting MultiCAD Self-Growth Daemon...
[2026-05-04 19:00:24] Heartbeat is stale or missing. Restarting daemon...
[2026-05-04 19:00:24] Killing stale process 30564...
[2026-05-04 19:00:24] Starting MultiCAD Self-Growth Daemon...
[2026-05-04 19:01:24] Heartbeat is stale or missing. Restarting daemon...
[2026-05-04 19:01:24] Killing stale process 30564...
[2026-05-04 19:01:25] Starting MultiCAD Self-Growth Daemon...
[2026-05-04 19:02:25] Heartbeat is stale or missing. Restarting daemon...
[2026-05-04 19:02:25] Killing stale process 30564...
[2026-05-04 19:02:25] Starting MultiCAD Self-Growth Daemon...
[2026-05-04 19:03:25] Heartbeat is stale or missing. Restarting daemon...
[2026-05-04 19:03:25] Killing stale process 30564...
[2026-05-04 19:03:25] Starting MultiCAD Self-Growth Daemon...
[2026-05-04 19:04:25] Heartbeat is stale or missing. Restarting daemon...
[2026-05-04 19:04:25] Killing stale process 30564...
[2026-05-04 19:04:25] Starting MultiCAD Self-Growth Daemon...
[2026-05-04 19:05:25] Heartbeat is stale or missing. Restarting daemon...
[2026-05-04 19:05:25] Killing stale process 30564...
[2026-05-04 19:05:26] Starting MultiCAD Self-Growth Daemon...
[2026-05-04 19:06:26] Heartbeat is stale or missing. Restarting daemon...
[2026-05-04 19:06:26] Killing stale process 30564...
[2026-05-04 19:06:26] Starting MultiCAD Self-Growth Daemon...
[2026-05-04 19:07:26] Heartbeat is stale or missing. Restarting daemon...
[2026-05-04 19:07:26] Killing stale process 30564...
[2026-05-04 19:07:26] Starting MultiCAD Self-Growth Daemon...
[2026-05-04 19:08:26] Heartbeat is stale or missing. Restarting daemon...
[2026-05-04 19:08:26] Killing stale process 30564...
[2026-05-04 19:08:26] Starting MultiCAD Self-Growth Daemon...
[2026-05-04 19:09:26] Heartbeat is stale or missing. Restarting daemon...
[2026-05-04 19:09:26] Killing stale process 30564...
[2026-05-04 19:09:27] Starting MultiCAD Self-Growth Daemon...
[2026-05-04 19:10:27] Heartbeat is stale or missing. Restarting daemon...
[2026-05-04 19:10:27] Killing stale process 30564...
[2026-05-04 19:10:27] Starting MultiCAD Self-Growth Daemon...
[2026-05-04 19:11:27] Heartbeat is stale or missing. Restarting daemon...
[2026-05-04 19:11:27] Killing stale process 30564...
[2026-05-04 19:11:27] Starting MultiCAD Self-Growth Daemon...
[2026-05-04 19:12:27] Heartbeat is stale or missing. Restarting daemon...
[2026-05-04 19:12:27] Killing stale process 30564...
[2026-05-04 19:12:27] Starting MultiCAD Self-Growth Daemon...
[2026-05-04 19:13:27] Heartbeat is stale or missing. Restarting daemon...
[2026-05-04 19:13:27] Killing stale process 30564...
[2026-05-04 19:13:28] Starting MultiCAD Self-Growth Daemon...
[2026-05-04 19:14:28] Heartbeat is stale or missing. Restarting daemon...
[2026-05-04 19:14:28] Killing stale process 30564...
[2026-05-04 19:14:28] Starting MultiCAD Self-Growth Daemon...
[2026-05-04 19:15:28] Heartbeat is stale or missing. Restarting daemon...
[2026-05-04 19:15:28] Killing stale process 30564...
[2026-05-04 19:15:28] Starting MultiCAD Self-Growth Daemon...
[2026-05-04 19:16:28] Heartbeat is stale or missing. Restarting daemon...
[2026-05-04 19:16:28] Killing stale process 30564...
[2026-05-04 19:16:29] Starting MultiCAD Self-Growth Daemon...
[2026-05-04 19:17:29] Heartbeat is stale or missing. Restarting daemon...
[2026-05-04 19:17:29] Killing stale process 30564...
[2026-05-04 19:17:29] Starting MultiCAD Self-Growth Daemon...
[2026-05-04 19:18:29] Heartbeat is stale or missing. Restarting daemon...
[2026-05-04 19:18:29] Killing stale process 30564...
[2026-05-04 19:18:29] Starting MultiCAD Self-Growth Daemon...
[2026-05-04 19:19:29] Heartbeat is stale or missing. Restarting daemon...
[2026-05-04 19:19:29] Killing stale process 30564...
[2026-05-04 19:19:29] Starting MultiCAD Self-Growth Daemon...
[2026-05-04 19:20:29] Heartbeat is stale or missing. Restarting daemon...
[2026-05-04 19:20:29] Killing stale process 30564...
[2026-05-04 19:20:30] Starting MultiCAD Self-Growth Daemon...
[2026-05-04 19:21:30] Heartbeat is stale or missing. Restarting daemon...
[2026-05-04 19:21:30] Killing stale process 30564...
[2026-05-04 19:21:30] Starting MultiCAD Self-Growth Daemon...
[2026-05-04 19:22:30] Heartbeat is stale or missing. Restarting daemon...
[2026-05-04 19:22:30] Killing stale process 30564...
[2026-05-04 19:22:30] Starting MultiCAD Self-Growth Daemon...
[2026-05-04 19:23:30] Heartbeat is stale or missing. Restarting daemon...
[2026-05-04 19:23:30] Killing stale process 30564...
[2026-05-04 19:23:31] Starting MultiCAD Self-Growth Daemon...
[2026-05-04 19:24:31] Heartbeat is stale or missing. Restarting daemon...
[2026-05-04 19:24:31] Killing stale process 30564...
[2026-05-04 19:24:31] Starting MultiCAD Self-Growth Daemon...
[2026-05-04 19:25:31] Heartbeat is stale or missing. Restarting daemon...
[2026-05-04 19:25:31] Killing stale process 30564...
[2026-05-04 19:25:31] Starting MultiCAD Self-Growth Daemon...
[2026-05-04 19:26:31] Heartbeat is stale or missing. Restarting daemon...
[2026-05-04 19:26:31] Killing stale process 30564...
[2026-05-04 19:26:31] Starting MultiCAD Self-Growth Daemon...
[2026-05-04 19:27:31] Heartbeat is stale or missing. Restarting daemon...
[2026-05-04 19:27:31] Killing stale process 30564...
[2026-05-04 19:27:32] Starting MultiCAD Self-Growth Daemon...
[2026-05-04 19:28:32] Heartbeat is stale or missing. Restarting daemon...
[2026-05-04 19:28:32] Killing stale process 30564...
[2026-05-04 19:28:32] Starting MultiCAD Self-Growth Daemon...
[2026-05-04 19:29:32] Heartbeat is stale or missing. Restarting daemon...
[2026-05-04 19:29:32] Killing stale process 30564...
[2026-05-04 19:29:32] Starting MultiCAD Self-Growth Daemon...
[2026-05-04 19:30:32] Heartbeat is stale or missing. Restarting daemon...
[2026-05-04 19:30:32] Killing stale process 30564...
[2026-05-04 19:30:32] Starting MultiCAD Self-Growth Daemon...
[2026-05-04 19:31:32] Heartbeat is stale or missing. Restarting daemon...
[2026-05-04 19:31:32] Killing stale process 30564...
[2026-05-04 19:31:33] Starting MultiCAD Self-Growth Daemon...
[2026-05-04 19:32:33] Heartbeat is stale or missing. Restarting daemon...
[2026-05-04 19:32:33] Killing stale process 30564...
[2026-05-04 19:32:33] Starting MultiCAD Self-Growth Daemon...
[2026-05-04 19:33:33] Heartbeat is stale or missing. Restarting daemon...
[2026-05-04 19:33:33] Killing stale process 30564...
[2026-05-04 19:33:33] Starting MultiCAD Self-Growth Daemon...
[2026-05-04 19:34:33] Heartbeat is stale or missing. Restarting daemon...
[2026-05-04 19:34:33] Killing stale process 30564...
[2026-05-04 19:34:33] Starting MultiCAD Self-Growth Daemon...
[2026-05-04 19:35:33] Heartbeat is stale or missing. Restarting daemon...
[2026-05-04 19:35:33] Killing stale process 30564...
[2026-05-04 19:35:34] Starting MultiCAD Self-Growth Daemon...
[2026-05-04 19:36:34] Heartbeat is stale or missing. Restarting daemon...
[2026-05-04 19:36:34] Killing stale process 30564...
[2026-05-04 19:36:34] Starting MultiCAD Self-Growth Daemon...
[2026-05-04 19:37:34] Heartbeat is stale or missing. Restarting daemon...
[2026-05-04 19:37:34] Killing stale process 30564...
[2026-05-04 19:37:34] Starting MultiCAD Self-Growth Daemon...
[2026-05-04 19:38:34] Heartbeat is stale or missing. Restarting daemon...
[2026-05-04 19:38:34] Killing stale process 30564...
[2026-05-04 19:38:35] Starting MultiCAD Self-Growth Daemon...
[2026-05-04 19:39:35] Heartbeat is stale or missing. Restarting daemon...
[2026-05-04 19:39:35] Killing stale process 30564...
[2026-05-04 19:39:35] Starting MultiCAD Self-Growth Daemon...
[2026-05-04 19:40:35] Heartbeat is stale or missing. Restarting daemon...
[2026-05-04 19:40:35] Killing stale process 30564...
[2026-05-04 19:40:35] Starting MultiCAD Self-Growth Daemon...
[2026-05-04 19:41:35] Heartbeat is stale or missing. Restarting daemon...
[2026-05-04 19:41:35] Killing stale process 30564...
[2026-05-04 19:41:35] Starting MultiCAD Self-Growth Daemon...
[2026-05-04 19:42:35] Heartbeat is stale or missing. Restarting daemon...
[2026-05-04 19:42:35] Killing stale process 30564...
[2026-05-04 19:42:36] Starting MultiCAD Self-Growth Daemon...
[2026-05-04 19:43:36] Heartbeat is stale or missing. Restarting daemon...
[2026-05-04 19:43:36] Killing stale process 30564...
[2026-05-04 19:43:36] Starting MultiCAD Self-Growth Daemon...
[2026-05-04 19:44:36] Heartbeat is stale or missing. Restarting daemon...
[2026-05-04 19:44:36] Killing stale process 30564...
[2026-05-04 19:44:36] Starting MultiCAD Self-Growth Daemon...
[2026-05-04 19:45:36] Heartbeat is stale or missing. Restarting daemon...
[2026-05-04 19:45:36] Killing stale process 30564...
[2026-05-04 19:45:36] Starting MultiCAD Self-Growth Daemon...
[2026-05-04 19:46:36] Heartbeat is stale or missing. Restarting daemon...
[2026-05-04 19:46:36] Killing stale process 30564...
[2026-05-04 19:46:37] Starting MultiCAD Self-Growth Daemon...
[2026-05-04 19:47:37] Heartbeat is stale or missing. Restarting daemon...
[2026-05-04 19:47:37] Killing stale process 30564...
[2026-05-04 19:47:37] Starting MultiCAD Self-Growth Daemon...
[2026-05-04 19:48:37] Heartbeat is stale or missing. Restarting daemon...
[2026-05-04 19:48:37] Killing stale process 30564...
[2026-05-04 19:48:37] Starting MultiCAD Self-Growth Daemon...
[2026-05-04 19:49:37] Heartbeat is stale or missing. Restarting daemon...
[2026-05-04 19:49:37] Killing stale process 30564...
[2026-05-04 19:49:37] Starting MultiCAD Self-Growth Daemon...
[2026-05-04 19:50:37] Heartbeat is stale or missing. Restarting daemon...
[2026-05-04 19:50:37] Killing stale process 30564...
[2026-05-04 19:50:38] Starting MultiCAD Self-Growth Daemon...
[2026-05-04 19:51:38] Heartbeat is stale or missing. Restarting daemon...
[2026-05-04 19:51:38] Killing stale process 30564...
[2026-05-04 19:51:38] Starting MultiCAD Self-Growth Daemon...
[2026-05-04 19:52:38] Heartbeat is stale or missing. Restarting daemon...
[2026-05-04 19:52:38] Killing stale process 30564...
[2026-05-04 19:52:38] Starting MultiCAD Self-Growth Daemon...
[2026-05-04 19:53:38] Heartbeat is stale or missing. Restarting daemon...
[2026-05-04 19:53:38] Killing stale process 30564...
[2026-05-04 19:53:39] Starting MultiCAD Self-Growth Daemon...
[2026-05-04 19:54:39] Heartbeat is stale or missing. Restarting daemon...
[2026-05-04 19:54:39] Killing stale process 30564...
[2026-05-04 19:54:39] Starting MultiCAD Self-Growth Daemon...
[2026-05-04 19:55:39] Heartbeat is stale or missing. Restarting daemon...
[2026-05-04 19:55:39] Killing stale process 30564...
[2026-05-04 19:55:39] Starting MultiCAD Self-Growth Daemon...
[2026-05-04 19:56:39] Heartbeat is stale or missing. Restarting daemon...
[2026-05-04 19:56:39] Killing stale process 30564...
[2026-05-04 19:56:39] Starting MultiCAD Self-Growth Daemon...
[2026-05-04 19:57:39] Heartbeat is stale or missing. Restarting daemon...
[2026-05-04 19:57:39] Killing stale process 30564...
[2026-05-04 19:57:40] Starting MultiCAD Self-Growth Daemon...
[2026-05-04 19:58:40] Heartbeat is stale or missing. Restarting daemon...
[2026-05-04 19:58:40] Killing stale process 30564...
[2026-05-04 19:58:40] Starting MultiCAD Self-Growth Daemon...
[2026-05-04 19:59:40] Heartbeat is stale or missing. Restarting daemon...
[2026-05-04 19:59:40] Killing stale process 30564...
[2026-05-04 19:59:40] Starting MultiCAD Self-Growth Daemon...
[2026-05-04 20:00:40] Heartbeat is stale or missing. Restarting daemon...
[2026-05-04 20:00:40] Killing stale process 30564...
[2026-05-04 20:00:41] Starting MultiCAD Self-Growth Daemon...
[2026-05-04 20:01:41] Heartbeat is stale or missing. Restarting daemon...
[2026-05-04 20:01:41] Killing stale process 30564...
[2026-05-04 20:01:41] Starting MultiCAD Self-Growth Daemon...
[2026-05-04 20:02:41] Heartbeat is stale or missing. Restarting daemon...
[2026-05-04 20:02:41] Killing stale process 30564...
[2026-05-04 20:02:41] Starting MultiCAD Self-Growth Daemon...
[2026-05-04 20:03:41] Heartbeat is stale or missing. Restarting daemon...
[2026-05-04 20:03:41] Killing stale process 30564...
[2026-05-04 20:03:41] Starting MultiCAD Self-Growth Daemon...
[2026-05-04 20:04:41] Heartbeat is stale or missing. Restarting daemon...
[2026-05-04 20:04:41] Killing stale process 30564...
[2026-05-04 20:04:42] Starting MultiCAD Self-Growth Daemon...
[2026-05-04 20:05:42] Heartbeat is stale or missing. Restarting daemon...
[2026-05-04 20:05:42] Killing stale process 30564...
[2026-05-04 20:05:42] Starting MultiCAD Self-Growth Daemon...
[2026-05-04 20:06:42] Heartbeat is stale or missing. Restarting daemon...
[2026-05-04 20:06:42] Killing stale process 30564...
[2026-05-04 20:06:42] Starting MultiCAD Self-Growth Daemon...
[2026-05-04 20:07:42] Heartbeat is stale or missing. Restarting daemon...
[2026-05-04 20:07:42] Killing stale process 30564...
[2026-05-04 20:07:43] Starting MultiCAD Self-Growth Daemon...
[2026-05-04 20:08:43] Heartbeat is stale or missing. Restarting daemon...
[2026-05-04 20:08:43] Killing stale process 30564...
[2026-05-04 20:08:43] Starting MultiCAD Self-Growth Daemon...
[2026-05-04 20:09:43] Heartbeat is stale or missing. Restarting daemon...
[2026-05-04 20:09:43] Killing stale process 30564...
[2026-05-04 20:09:43] Starting MultiCAD Self-Growth Daemon...
[2026-05-04 20:10:43] Heartbeat is stale or missing. Restarting daemon...
[2026-05-04 20:10:43] Killing stale process 30564...
[2026-05-04 20:10:43] Starting MultiCAD Self-Growth Daemon...
[2026-05-04 20:11:44] Heartbeat is stale or missing. Restarting daemon...
[2026-05-04 20:11:44] Killing stale process 30564...
[2026-05-04 20:11:44] Starting MultiCAD Self-Growth Daemon...
[2026-05-04 20:12:44] Heartbeat is stale or missing. Restarting daemon...
[2026-05-04 20:12:44] Killing stale process 30564...
[2026-05-04 20:12:44] Starting MultiCAD Self-Growth Daemon...
[2026-05-04 20:13:44] Heartbeat is stale or missing. Restarting daemon...
[2026-05-04 20:13:44] Killing stale process 30564...
[2026-05-04 20:13:45] Starting MultiCAD Self-Growth Daemon...
[2026-05-04 20:14:45] Heartbeat is stale or missing. Restarting daemon...
[2026-05-04 20:14:45] Killing stale process 30564...
[2026-05-04 20:14:45] Starting MultiCAD Self-Growth Daemon...
[2026-05-04 20:15:45] Heartbeat is stale or missing. Restarting daemon...
[2026-05-04 20:15:45] Killing stale process 30564...
[2026-05-04 20:15:45] Starting MultiCAD Self-Growth Daemon...
[2026-05-04 20:16:45] Heartbeat is stale or missing. Restarting daemon...
[2026-05-04 20:16:45] Killing stale process 30564...
[2026-05-04 20:16:46] Starting MultiCAD Self-Growth Daemon...
[2026-05-04 20:17:46] Heartbeat is stale or missing. Restarting daemon...
[2026-05-04 20:17:46] Killing stale process 30564...
[2026-05-04 20:17:46] Starting MultiCAD Self-Growth Daemon...
[2026-05-04 20:18:46] Heartbeat is stale or missing. Restarting daemon...
[2026-05-04 20:18:46] Killing stale process 30564...
[2026-05-04 20:18:46] Starting MultiCAD Self-Growth Daemon...
[2026-05-04 20:19:46] Heartbeat is stale or missing. Restarting daemon...
[2026-05-04 20:19:46] Killing stale process 30564...
[2026-05-04 20:19:46] Starting MultiCAD Self-Growth Daemon...
[2026-05-04 20:20:46] Heartbeat is stale or missing. Restarting daemon...
[2026-05-04 20:20:46] Killing stale process 30564...
[2026-05-04 20:20:47] Starting MultiCAD Self-Growth Daemon...
[2026-05-04 20:21:47] Heartbeat is stale or missing. Restarting daemon...
[2026-05-04 20:21:47] Killing stale process 30564...
[2026-05-04 20:21:47] Starting MultiCAD Self-Growth Daemon...
[2026-05-04 20:22:47] Heartbeat is stale or missing. Restarting daemon...
[2026-05-04 20:22:47] Killing stale process 30564...
[2026-05-04 20:22:47] Starting MultiCAD Self-Growth Daemon...
[2026-05-04 20:23:47] Heartbeat is stale or missing. Restarting daemon...
[2026-05-04 20:23:47] Killing stale process 30564...
[2026-05-04 20:23:48] Starting MultiCAD Self-Growth Daemon...
[2026-05-04 20:24:48] Heartbeat is stale or missing. Restarting daemon...
[2026-05-04 20:24:48] Killing stale process 30564...
[2026-05-04 20:24:48] Starting MultiCAD Self-Growth Daemon...
[2026-05-04 20:25:48] Heartbeat is stale or missing. Restarting daemon...
[2026-05-04 20:25:48] Killing stale process 30564...
[2026-05-04 20:25:48] Starting MultiCAD Self-Growth Daemon...
[2026-05-04 20:26:48] Heartbeat is stale or missing. Restarting daemon...
[2026-05-04 20:26:48] Killing stale process 30564...
[2026-05-04 20:26:48] Starting MultiCAD Self-Growth Daemon...
[2026-05-04 20:27:48] Heartbeat is stale or missing. Restarting daemon...
[2026-05-04 20:27:48] Killing stale process 30564...
[2026-05-04 20:27:49] Starting MultiCAD Self-Growth Daemon...
[2026-05-04 20:28:49] Heartbeat is stale or missing. Restarting daemon...
[2026-05-04 20:28:49] Killing stale process 30564...
[2026-05-04 20:28:49] Starting MultiCAD Self-Growth Daemon...
[2026-05-04 20:29:49] Heartbeat is stale or missing. Restarting daemon...
[2026-05-04 20:29:49] Killing stale process 30564...
[2026-05-04 20:29:49] Starting MultiCAD Self-Growth Daemon...
[2026-05-04 20:30:49] Heartbeat is stale or missing. Restarting daemon...
[2026-05-04 20:30:49] Killing stale process 30564...
[2026-05-04 20:30:50] Starting MultiCAD Self-Growth Daemon...
[2026-05-04 20:31:50] Heartbeat is stale or missing. Restarting daemon...
[2026-05-04 20:31:50] Killing stale process 30564...
[2026-05-04 20:31:50] Starting MultiCAD Self-Growth Daemon...
[2026-05-04 20:32:50] Heartbeat is stale or missing. Restarting daemon...
[2026-05-04 20:32:50] Killing stale process 30564...
[2026-05-04 20:32:50] Starting MultiCAD Self-Growth Daemon...
[2026-05-04 20:33:50] Heartbeat is stale or missing. Restarting daemon...
[2026-05-04 20:33:50] Killing stale process 30564...
[2026-05-04 20:33:50] Starting MultiCAD Self-Growth Daemon...
[2026-05-04 20:34:50] Heartbeat is stale or missing. Restarting daemon...
[2026-05-04 20:34:50] Killing stale process 30564...
[2026-05-04 20:34:51] Starting MultiCAD Self-Growth Daemon...
[2026-05-04 20:35:51] Heartbeat is stale or missing. Restarting daemon...
[2026-05-04 20:35:51] Killing stale process 30564...
[2026-05-04 20:35:51] Starting MultiCAD Self-Growth Daemon...
[2026-05-04 20:36:51] Heartbeat is stale or missing. Restarting daemon...
[2026-05-04 20:36:51] Killing stale process 30564...
[2026-05-04 20:36:51] Starting MultiCAD Self-Growth Daemon...
[2026-05-04 20:37:51] Heartbeat is stale or missing. Restarting daemon...
[2026-05-04 20:37:51] Killing stale process 30564...
[2026-05-04 20:37:51] Starting MultiCAD Self-Growth Daemon...
[2026-05-04 20:38:51] Heartbeat is stale or missing. Restarting daemon...
[2026-05-04 20:38:51] Killing stale process 30564...
[2026-05-04 20:38:52] Starting MultiCAD Self-Growth Daemon...
[2026-05-04 20:39:52] Heartbeat is stale or missing. Restarting daemon...
[2026-05-04 20:39:52] Killing stale process 30564...
[2026-05-04 20:39:52] Starting MultiCAD Self-Growth Daemon...
[2026-05-04 20:40:52] Heartbeat is stale or missing. Restarting daemon...
[2026-05-04 20:40:52] Killing stale process 30564...
[2026-05-04 20:40:52] Starting MultiCAD Self-Growth Daemon...
[2026-05-04 20:41:52] Heartbeat is stale or missing. Restarting daemon...
[2026-05-04 20:41:52] Killing stale process 30564...
[2026-05-04 20:41:52] Starting MultiCAD Self-Growth Daemon...
[2026-05-04 20:42:52] Heartbeat is stale or missing. Restarting daemon...
[2026-05-04 20:42:52] Killing stale process 30564...
[2026-05-04 20:42:53] Starting MultiCAD Self-Growth Daemon...
[2026-05-04 20:43:53] Heartbeat is stale or missing. Restarting daemon...
[2026-05-04 20:43:53] Killing stale process 30564...
[2026-05-04 20:43:53] Starting MultiCAD Self-Growth Daemon...
[2026-05-04 20:44:53] Heartbeat is stale or missing. Restarting daemon...
[2026-05-04 20:44:53] Killing stale process 30564...
[2026-05-04 20:44:53] Starting MultiCAD Self-Growth Daemon...
[2026-05-04 20:45:53] Heartbeat is stale or missing. Restarting daemon...
[2026-05-04 20:45:53] Killing stale process 30564...
[2026-05-04 20:45:54] Starting MultiCAD Self-Growth Daemon...
[2026-05-04 20:46:54] Heartbeat is stale or missing. Restarting daemon...
[2026-05-04 20:46:54] Killing stale process 30564...
[2026-05-04 20:46:54] Starting MultiCAD Self-Growth Daemon...
[2026-05-04 20:47:54] Heartbeat is stale or missing. Restarting daemon...
[2026-05-04 20:47:54] Killing stale process 30564...
[2026-05-04 20:47:54] Starting MultiCAD Self-Growth Daemon...
[2026-05-04 20:48:54] Heartbeat is stale or missing. Restarting daemon...
[2026-05-04 20:48:54] Killing stale process 30564...
[2026-05-04 20:48:54] Starting MultiCAD Self-Growth Daemon...
[2026-05-04 20:49:54] Heartbeat is stale or missing. Restarting daemon...
[2026-05-04 20:49:54] Killing stale process 30564...
[2026-05-04 20:49:55] Starting MultiCAD Self-Growth Daemon...
[2026-05-04 20:50:55] Heartbeat is stale or missing. Restarting daemon...
[2026-05-04 20:50:55] Killing stale process 30564...
[2026-05-04 20:50:55] Starting MultiCAD Self-Growth Daemon...
[2026-05-04 20:51:55] Heartbeat is stale or missing. Restarting daemon...
[2026-05-04 20:51:55] Killing stale process 30564...
[2026-05-04 20:51:55] Starting MultiCAD Self-Growth Daemon...
[2026-05-04 20:52:55] Heartbeat is stale or missing. Restarting daemon...
[2026-05-04 20:52:55] Killing stale process 30564...
[2026-05-04 20:52:56] Starting MultiCAD Self-Growth Daemon...
[2026-05-04 20:53:56] Heartbeat is stale or missing. Restarting daemon...
[2026-05-04 20:53:56] Killing stale process 30564...
[2026-05-04 20:53:56] Starting MultiCAD Self-Growth Daemon...
[2026-05-04 20:54:56] Heartbeat is stale or missing. Restarting daemon...
[2026-05-04 20:54:56] Killing stale process 30564...
[2026-05-04 20:54:56] Starting MultiCAD Self-Growth Daemon...
[2026-05-04 20:55:56] Heartbeat is stale or missing. Restarting daemon...
[2026-05-04 20:55:56] Killing stale process 30564...
[2026-05-04 20:55:56] Starting MultiCAD Self-Growth Daemon...
[2026-05-04 20:56:56] Heartbeat is stale or missing. Restarting daemon...
[2026-05-04 20:56:56] Killing stale process 30564...
[2026-05-04 20:56:57] Starting MultiCAD Self-Growth Daemon...
[2026-05-04 20:57:57] Heartbeat is stale or missing. Restarting daemon...
[2026-05-04 20:57:57] Killing stale process 30564...
[2026-05-04 20:57:57] Starting MultiCAD Self-Growth Daemon...
[2026-05-04 20:58:57] Heartbeat is stale or missing. Restarting daemon...
[2026-05-04 20:58:57] Killing stale process 30564...
[2026-05-04 20:58:57] Starting MultiCAD Self-Growth Daemon...
[2026-05-04 20:59:57] Heartbeat is stale or missing. Restarting daemon...
[2026-05-04 20:59:57] Killing stale process 30564...
[2026-05-04 20:59:58] Starting MultiCAD Self-Growth Daemon...
[2026-05-04 21:00:58] Heartbeat is stale or missing. Restarting daemon...
[2026-05-04 21:00:58] Killing stale process 30564...
[2026-05-04 21:00:58] Starting MultiCAD Self-Growth Daemon...
[2026-05-04 21:01:58] Heartbeat is stale or missing. Restarting daemon...
[2026-05-04 21:01:58] Killing stale process 30564...
[2026-05-04 21:01:58] Starting MultiCAD Self-Growth Daemon...
[2026-05-04 21:02:58] Heartbeat is stale or missing. Restarting daemon...
[2026-05-04 21:02:58] Killing stale process 30564...
[2026-05-04 21:02:58] Starting MultiCAD Self-Growth Daemon...
[2026-05-04 21:03:58] Heartbeat is stale or missing. Restarting daemon...
[2026-05-04 21:03:58] Killing stale process 30564...
[2026-05-04 21:03:59] Starting MultiCAD Self-Growth Daemon...
[2026-05-04 21:04:59] Heartbeat is stale or missing. Restarting daemon...
[2026-05-04 21:04:59] Killing stale process 30564...
[2026-05-04 21:04:59] Starting MultiCAD Self-Growth Daemon...
[2026-05-04 21:05:59] Heartbeat is stale or missing. Restarting daemon...
[2026-05-04 21:05:59] Killing stale process 30564...
[2026-05-04 21:05:59] Starting MultiCAD Self-Growth Daemon...
[2026-05-04 21:06:59] Heartbeat is stale or missing. Restarting daemon...
[2026-05-04 21:06:59] Killing stale process 30564...
[2026-05-04 21:06:59] Starting MultiCAD Self-Growth Daemon...
[2026-05-04 21:07:59] Heartbeat is stale or missing. Restarting daemon...
[2026-05-04 21:07:59] Killing stale process 30564...
[2026-05-04 21:08:00] Starting MultiCAD Self-Growth Daemon...
[2026-05-04 21:09:00] Heartbeat is stale or missing. Restarting daemon...
[2026-05-04 21:09:00] Killing stale process 30564...
[2026-05-04 21:09:00] Starting MultiCAD Self-Growth Daemon...
[2026-05-04 21:10:00] Heartbeat is stale or missing. Restarting daemon...
[2026-05-04 21:10:00] Killing stale process 30564...
[2026-05-04 21:10:00] Starting MultiCAD Self-Growth Daemon...
[2026-05-04 21:11:00] Heartbeat is stale or missing. Restarting daemon...
[2026-05-04 21:11:00] Killing stale process 30564...
[2026-05-04 21:11:01] Starting MultiCAD Self-Growth Daemon...
[2026-05-04 21:12:01] Heartbeat is stale or missing. Restarting daemon...
[2026-05-04 21:12:01] Killing stale process 30564...
[2026-05-04 21:12:01] Starting MultiCAD Self-Growth Daemon...
[2026-05-04 21:13:01] Heartbeat is stale or missing. Restarting daemon...
[2026-05-04 21:13:01] Killing stale process 30564...
[2026-05-04 21:13:01] Starting MultiCAD Self-Growth Daemon...
[2026-05-04 21:14:01] Heartbeat is stale or missing. Restarting daemon...
[2026-05-04 21:14:01] Killing stale process 30564...
[2026-05-04 21:14:01] Starting MultiCAD Self-Growth Daemon...
[2026-05-04 21:15:01] Heartbeat is stale or missing. Restarting daemon...
[2026-05-04 21:15:01] Killing stale process 30564...
[2026-05-04 21:15:02] Starting MultiCAD Self-Growth Daemon...
[2026-05-04 21:16:02] Heartbeat is stale or missing. Restarting daemon...
[2026-05-04 21:16:02] Killing stale process 30564...
[2026-05-04 21:16:02] Starting MultiCAD Self-Growth Daemon...
[2026-05-04 21:17:02] Heartbeat is stale or missing. Restarting daemon...
[2026-05-04 21:17:02] Killing stale process 30564...
[2026-05-04 21:17:02] Starting MultiCAD Self-Growth Daemon...
[2026-05-04 21:18:02] Heartbeat is stale or missing. Restarting daemon...
[2026-05-04 21:18:02] Killing stale process 30564...
[2026-05-04 21:18:03] Starting MultiCAD Self-Growth Daemon...
[2026-05-04 21:19:03] Heartbeat is stale or missing. Restarting daemon...
[2026-05-04 21:19:03] Killing stale process 30564...
[2026-05-04 21:19:03] Starting MultiCAD Self-Growth Daemon...
[2026-05-04 21:20:03] Heartbeat is stale or missing. Restarting daemon...
[2026-05-04 21:20:03] Killing stale process 30564...
[2026-05-04 21:20:03] Starting MultiCAD Self-Growth Daemon...
[2026-05-04 21:21:03] Heartbeat is stale or missing. Restarting daemon...
[2026-05-04 21:21:03] Killing stale process 30564...
[2026-05-04 21:21:04] Starting MultiCAD Self-Growth Daemon...
[2026-05-04 21:22:04] Heartbeat is stale or missing. Restarting daemon...
[2026-05-04 21:22:04] Killing stale process 30564...
[2026-05-04 21:22:04] Starting MultiCAD Self-Growth Daemon...
[2026-05-04 21:23:04] Heartbeat is stale or missing. Restarting daemon...
[2026-05-04 21:23:04] Killing stale process 30564...
[2026-05-04 21:23:04] Starting MultiCAD Self-Growth Daemon...
[2026-05-04 21:24:04] Heartbeat is stale or missing. Restarting daemon...
[2026-05-04 21:24:04] Killing stale process 30564...
[2026-05-04 21:24:05] Starting MultiCAD Self-Growth Daemon...
[2026-05-04 21:25:05] Heartbeat is stale or missing. Restarting daemon...
[2026-05-04 21:25:05] Killing stale process 30564...
[2026-05-04 21:25:05] Starting MultiCAD Self-Growth Daemon...
[2026-05-04 21:26:05] Heartbeat is stale or missing. Restarting daemon...
[2026-05-04 21:26:05] Killing stale process 30564...
[2026-05-04 21:26:06] Starting MultiCAD Self-Growth Daemon...
[2026-05-04 21:27:06] Heartbeat is stale or missing. Restarting daemon...
[2026-05-04 21:27:06] Killing stale process 30564...
[2026-05-04 21:27:06] Starting MultiCAD Self-Growth Daemon...
[2026-05-04 21:28:06] Heartbeat is stale or missing. Restarting daemon...
[2026-05-04 21:28:06] Killing stale process 30564...
[2026-05-04 21:28:06] Starting MultiCAD Self-Growth Daemon...
[2026-05-04 21:29:06] Heartbeat is stale or missing. Restarting daemon...
[2026-05-04 21:29:06] Killing stale process 30564...
[2026-05-04 21:29:07] Starting MultiCAD Self-Growth Daemon...
[2026-05-04 21:30:07] Heartbeat is stale or missing. Restarting daemon...
[2026-05-04 21:30:07] Killing stale process 30564...
[2026-05-04 21:30:07] Starting MultiCAD Self-Growth Daemon...
[2026-05-04 21:31:07] Heartbeat is stale or missing. Restarting daemon...
[2026-05-04 21:31:07] Killing stale process 30564...
[2026-05-04 21:31:07] Starting MultiCAD Self-Growth Daemon...
[2026-05-04 21:32:08] Heartbeat is stale or missing. Restarting daemon...
[2026-05-04 21:32:08] Killing stale process 30564...
[2026-05-04 21:32:08] Starting MultiCAD Self-Growth Daemon...
[2026-05-04 21:33:08] Heartbeat is stale or missing. Restarting daemon...
[2026-05-04 21:33:08] Killing stale process 30564...
[2026-05-04 21:33:09] Starting MultiCAD Self-Growth Daemon...
[2026-05-04 21:34:09] Heartbeat is stale or missing. Restarting daemon...
[2026-05-04 21:34:09] Killing stale process 30564...
[2026-05-04 21:34:09] Starting MultiCAD Self-Growth Daemon...
[2026-05-04 21:35:09] Heartbeat is stale or missing. Restarting daemon...
[2026-05-04 21:35:09] Killing stale process 30564...
[2026-05-04 21:35:09] Starting MultiCAD Self-Growth Daemon...
[2026-05-04 21:36:09] Heartbeat is stale or missing. Restarting daemon...
[2026-05-04 21:36:09] Killing stale process 30564...
[2026-05-04 21:36:10] Starting MultiCAD Self-Growth Daemon...
[2026-05-04 21:37:10] Heartbeat is stale or missing. Restarting daemon...
[2026-05-04 21:37:10] Killing stale process 30564...
[2026-05-04 21:37:10] Starting MultiCAD Self-Growth Daemon...
[2026-05-04 21:38:10] Heartbeat is stale or missing. Restarting daemon...
[2026-05-04 21:38:10] Killing stale process 30564...
[2026-05-04 21:38:10] Starting MultiCAD Self-Growth Daemon...
[2026-05-04 21:39:10] Heartbeat is stale or missing. Restarting daemon...
[2026-05-04 21:39:10] Killing stale process 30564...
[2026-05-04 21:39:11] Starting MultiCAD Self-Growth Daemon...
[2026-05-04 21:40:11] Heartbeat is stale or missing. Restarting daemon...
[2026-05-04 21:40:11] Killing stale process 30564...
[2026-05-04 21:40:11] Starting MultiCAD Self-Growth Daemon...
[2026-05-04 21:41:11] Heartbeat is stale or missing. Restarting daemon...
[2026-05-04 21:41:11] Killing stale process 30564...
[2026-05-04 21:41:11] Starting MultiCAD Self-Growth Daemon...
[2026-05-04 21:42:11] Heartbeat is stale or missing. Restarting daemon...
[2026-05-04 21:42:11] Killing stale process 30564...
[2026-05-04 21:42:12] Starting MultiCAD Self-Growth Daemon...
[2026-05-04 21:43:12] Heartbeat is stale or missing. Restarting daemon...
[2026-05-04 21:43:12] Killing stale process 30564...
[2026-05-04 21:43:12] Starting MultiCAD Self-Growth Daemon...
[2026-05-04 21:44:12] Heartbeat is stale or missing. Restarting daemon...
[2026-05-04 21:44:12] Killing stale process 30564...
[2026-05-04 21:44:12] Starting MultiCAD Self-Growth Daemon...
[2026-05-04 21:45:12] Heartbeat is stale or missing. Restarting daemon...
[2026-05-04 21:45:12] Killing stale process 30564...
[2026-05-04 21:45:12] Starting MultiCAD Self-Growth Daemon...
[2026-05-04 21:46:12] Heartbeat is stale or missing. Restarting daemon...
[2026-05-04 21:46:12] Killing stale process 30564...
[2026-05-04 21:46:13] Starting MultiCAD Self-Growth Daemon...
[2026-05-04 21:47:13] Heartbeat is stale or missing. Restarting daemon...
[2026-05-04 21:47:13] Killing stale process 30564...
[2026-05-04 21:47:13] Starting MultiCAD Self-Growth Daemon...
[2026-05-04 21:48:13] Heartbeat is stale or missing. Restarting daemon...
[2026-05-04 21:48:13] Killing stale process 30564...
[2026-05-04 21:48:13] Starting MultiCAD Self-Growth Daemon...
[2026-05-04 21:49:13] Heartbeat is stale or missing. Restarting daemon...
[2026-05-04 21:49:13] Killing stale process 30564...
[2026-05-04 21:49:14] Starting MultiCAD Self-Growth Daemon...
[2026-05-04 21:50:14] Heartbeat is stale or missing. Restarting daemon...
[2026-05-04 21:50:14] Killing stale process 30564...
[2026-05-04 21:50:14] Starting MultiCAD Self-Growth Daemon...
[2026-05-04 21:51:14] Heartbeat is stale or missing. Restarting daemon...
[2026-05-04 21:51:14] Killing stale process 30564...
[2026-05-04 21:51:15] Starting MultiCAD Self-Growth Daemon...
[2026-05-04 21:52:15] Heartbeat is stale or missing. Restarting daemon...
[2026-05-04 21:52:15] Killing stale process 30564...
[2026-05-04 21:52:15] Starting MultiCAD Self-Growth Daemon...
[2026-05-04 21:53:15] Heartbeat is stale or missing. Restarting daemon...
[2026-05-04 21:53:15] Killing stale process 30564...
[2026-05-04 21:53:15] Starting MultiCAD Self-Growth Daemon...
[2026-05-04 21:54:15] Heartbeat is stale or missing. Restarting daemon...
[2026-05-04 21:54:15] Killing stale process 30564...
[2026-05-04 21:54:15] Starting MultiCAD Self-Growth Daemon...
[2026-05-04 21:55:15] Heartbeat is stale or missing. Restarting daemon...
[2026-05-04 21:55:15] Killing stale process 30564...
[2026-05-04 21:55:16] Starting MultiCAD Self-Growth Daemon...
[2026-05-04 21:56:16] Heartbeat is stale or missing. Restarting daemon...
[2026-05-04 21:56:16] Killing stale process 30564...
[2026-05-04 21:56:16] Starting MultiCAD Self-Growth Daemon...
[2026-05-04 21:57:16] Heartbeat is stale or missing. Restarting daemon...
[2026-05-04 21:57:16] Killing stale process 30564...
[2026-05-04 21:57:16] Starting MultiCAD Self-Growth Daemon...
[2026-05-04 21:58:16] Heartbeat is stale or missing. Restarting daemon...
[2026-05-04 21:58:16] Killing stale process 30564...
[2026-05-04 21:58:17] Starting MultiCAD Self-Growth Daemon...
[2026-05-04 21:59:17] Heartbeat is stale or missing. Restarting daemon...
[2026-05-04 21:59:17] Killing stale process 30564...
[2026-05-04 21:59:17] Starting MultiCAD Self-Growth Daemon...
[2026-05-04 22:00:17] Heartbeat is stale or missing. Restarting daemon...
[2026-05-04 22:00:17] Killing stale process 30564...
[2026-05-04 22:00:17] Starting MultiCAD Self-Growth Daemon...
[2026-05-04 22:01:17] Heartbeat is stale or missing. Restarting daemon...
[2026-05-04 22:01:17] Killing stale process 30564...
[2026-05-04 22:01:18] Starting MultiCAD Self-Growth Daemon...
[2026-05-04 22:02:18] Heartbeat is stale or missing. Restarting daemon...
[2026-05-04 22:02:18] Killing stale process 30564...
[2026-05-04 22:02:18] Starting MultiCAD Self-Growth Daemon...
[2026-05-04 22:03:18] Heartbeat is stale or missing. Restarting daemon...
[2026-05-04 22:03:18] Killing stale process 30564...
[2026-05-04 22:03:18] Starting MultiCAD Self-Growth Daemon...
[2026-05-04 22:04:18] Heartbeat is stale or missing. Restarting daemon...
[2026-05-04 22:04:18] Killing stale process 30564...
[2026-05-04 22:04:19] Starting MultiCAD Self-Growth Daemon...
[2026-05-04 22:05:19] Heartbeat is stale or missing. Restarting daemon...
[2026-05-04 22:05:19] Killing stale process 30564...
[2026-05-04 22:05:19] Starting MultiCAD Self-Growth Daemon...
[2026-05-04 22:06:19] Heartbeat is stale or missing. Restarting daemon...
[2026-05-04 22:06:19] Killing stale process 30564...
[2026-05-04 22:06:19] Starting MultiCAD Self-Growth Daemon...
[2026-05-04 22:07:19] Heartbeat is stale or missing. Restarting daemon...
[2026-05-04 22:07:19] Killing stale process 30564...
[2026-05-04 22:07:19] Starting MultiCAD Self-Growth Daemon...
[2026-05-04 22:08:19] Heartbeat is stale or missing. Restarting daemon...
[2026-05-04 22:08:19] Killing stale process 30564...
[2026-05-04 22:08:20] Starting MultiCAD Self-Growth Daemon...
[2026-05-04 22:09:20] Heartbeat is stale or missing. Restarting daemon...
[2026-05-04 22:09:20] Killing stale process 30564...
[2026-05-04 22:09:20] Starting MultiCAD Self-Growth Daemon...
[2026-05-04 22:10:20] Heartbeat is stale or missing. Restarting daemon...
[2026-05-04 22:10:20] Killing stale process 30564...
[2026-05-04 22:10:20] Starting MultiCAD Self-Growth Daemon...
[2026-05-04 22:11:20] Heartbeat is stale or missing. Restarting daemon...
[2026-05-04 22:11:20] Killing stale process 30564...
[2026-05-04 22:11:21] Starting MultiCAD Self-Growth Daemon...
[2026-05-04 22:12:21] Heartbeat is stale or missing. Restarting daemon...
[2026-05-04 22:12:21] Killing stale process 30564...
[2026-05-04 22:12:21] Starting MultiCAD Self-Growth Daemon...
[2026-05-04 22:13:21] Heartbeat is stale or missing. Restarting daemon...
[2026-05-04 22:13:21] Killing stale process 30564...
[2026-05-04 22:13:21] Starting MultiCAD Self-Growth Daemon...
[2026-05-04 22:14:21] Heartbeat is stale or missing. Restarting daemon...
[2026-05-04 22:14:21] Killing stale process 30564...
[2026-05-04 22:14:21] Starting MultiCAD Self-Growth Daemon...
[2026-05-04 22:15:21] Heartbeat is stale or missing. Restarting daemon...
[2026-05-04 22:15:21] Killing stale process 30564...
[2026-05-04 22:15:22] Starting MultiCAD Self-Growth Daemon...
[2026-05-04 22:16:22] Heartbeat is stale or missing. Restarting daemon...
[2026-05-04 22:16:22] Killing stale process 30564...
[2026-05-04 22:16:22] Starting MultiCAD Self-Growth Daemon...
[2026-05-04 22:17:22] Heartbeat is stale or missing. Restarting daemon...
[2026-05-04 22:17:22] Killing stale process 30564...
[2026-05-04 22:17:22] Starting MultiCAD Self-Growth Daemon...
[2026-05-04 22:18:22] Heartbeat is stale or missing. Restarting daemon...
[2026-05-04 22:18:22] Killing stale process 30564...
[2026-05-04 22:18:22] Starting MultiCAD Self-Growth Daemon...
[2026-05-04 22:19:22] Heartbeat is stale or missing. Restarting daemon...
[2026-05-04 22:19:22] Killing stale process 30564...
[2026-05-04 22:19:23] Starting MultiCAD Self-Growth Daemon...
[2026-05-04 22:20:23] Heartbeat is stale or missing. Restarting daemon...
[2026-05-04 22:20:23] Killing stale process 30564...
[2026-05-04 22:20:23] Starting MultiCAD Self-Growth Daemon...
[2026-05-04 22:21:23] Heartbeat is stale or missing. Restarting daemon...
[2026-05-04 22:21:23] Killing stale process 30564...
[2026-05-04 22:21:23] Starting MultiCAD Self-Growth Daemon...
[2026-05-04 22:22:23] Heartbeat is stale or missing. Restarting daemon...
[2026-05-04 22:22:23] Killing stale process 30564...
[2026-05-04 22:22:23] Starting MultiCAD Self-Growth Daemon...
[2026-05-04 22:23:23] Heartbeat is stale or missing. Restarting daemon...
[2026-05-04 22:23:23] Killing stale process 30564...
[2026-05-04 22:23:24] Starting MultiCAD Self-Growth Daemon...
[2026-05-04 22:24:24] Heartbeat is stale or missing. Restarting daemon...
[2026-05-04 22:24:24] Killing stale process 30564...
[2026-05-04 22:24:24] Starting MultiCAD Self-Growth Daemon...
[2026-05-04 22:25:24] Heartbeat is stale or missing. Restarting daemon...
[2026-05-04 22:25:24] Killing stale process 30564...
[2026-05-04 22:25:24] Starting MultiCAD Self-Growth Daemon...
[2026-05-04 22:26:24] Heartbeat is stale or missing. Restarting daemon...
[2026-05-04 22:26:24] Killing stale process 30564...
[2026-05-04 22:26:24] Starting MultiCAD Self-Growth Daemon...
[2026-05-04 22:27:24] Heartbeat is stale or missing. Restarting daemon...
[2026-05-04 22:27:24] Killing stale process 30564...
[2026-05-04 22:27:25] Starting MultiCAD Self-Growth Daemon...
[2026-05-04 22:28:25] Heartbeat is stale or missing. Restarting daemon...
[2026-05-04 22:28:25] Killing stale process 30564...
[2026-05-04 22:28:25] Starting MultiCAD Self-Growth Daemon...
[2026-05-04 22:29:25] Heartbeat is stale or missing. Restarting daemon...
[2026-05-04 22:29:25] Killing stale process 30564...
[2026-05-04 22:29:25] Starting MultiCAD Self-Growth Daemon...
[2026-05-04 22:30:25] Heartbeat is stale or missing. Restarting daemon...
[2026-05-04 22:30:25] Killing stale process 30564...
[2026-05-04 22:30:25] Starting MultiCAD Self-Growth Daemon...
[2026-05-04 22:31:25] Heartbeat is stale or missing. Restarting daemon...
[2026-05-04 22:31:25] Killing stale process 30564...
[2026-05-04 22:31:26] Starting MultiCAD Self-Growth Daemon...
[2026-05-04 22:32:26] Heartbeat is stale or missing. Restarting daemon...
[2026-05-04 22:32:26] Killing stale process 30564...
[2026-05-04 22:32:26] Starting MultiCAD Self-Growth Daemon...
[2026-05-04 22:33:26] Heartbeat is stale or missing. Restarting daemon...
[2026-05-04 22:33:26] Killing stale process 30564...
[2026-05-04 22:33:26] Starting MultiCAD Self-Growth Daemon...
[2026-05-04 22:34:26] Heartbeat is stale or missing. Restarting daemon...
[2026-05-04 22:34:26] Killing stale process 30564...
[2026-05-04 22:34:26] Starting MultiCAD Self-Growth Daemon...
[2026-05-04 22:35:26] Heartbeat is stale or missing. Restarting daemon...
[2026-05-04 22:35:26] Killing stale process 30564...
[2026-05-04 22:35:27] Starting MultiCAD Self-Growth Daemon...
[2026-05-04 22:36:27] Heartbeat is stale or missing. Restarting daemon...
[2026-05-04 22:36:27] Killing stale process 30564...
[2026-05-04 22:36:27] Starting MultiCAD Self-Growth Daemon...
[2026-05-04 22:37:27] Heartbeat is stale or missing. Restarting daemon...
[2026-05-04 22:37:27] Killing stale process 30564...
[2026-05-04 22:37:27] Starting MultiCAD Self-Growth Daemon...
[2026-05-04 22:38:27] Heartbeat is stale or missing. Restarting daemon...
[2026-05-04 22:38:27] Killing stale process 30564...
[2026-05-04 22:38:27] Starting MultiCAD Self-Growth Daemon...
[2026-05-04 22:39:27] Heartbeat is stale or missing. Restarting daemon...
[2026-05-04 22:39:27] Killing stale process 30564...
[2026-05-04 22:39:28] Starting MultiCAD Self-Growth Daemon...
[2026-05-04 22:40:28] Heartbeat is stale or missing. Restarting daemon...
[2026-05-04 22:40:28] Killing stale process 30564...
[2026-05-04 22:40:28] Starting MultiCAD Self-Growth Daemon...
[2026-05-04 22:41:28] Heartbeat is stale or missing. Restarting daemon...
[2026-05-04 22:41:28] Killing stale process 30564...
[2026-05-04 22:41:28] Starting MultiCAD Self-Growth Daemon...
[2026-05-04 22:42:28] Heartbeat is stale or missing. Restarting daemon...
[2026-05-04 22:42:28] Killing stale process 30564...
[2026-05-04 22:42:28] Starting MultiCAD Self-Growth Daemon...
[2026-05-04 22:43:28] Heartbeat is stale or missing. Restarting daemon...
[2026-05-04 22:43:28] Killing stale process 30564...
[2026-05-04 22:43:29] Starting MultiCAD Self-Growth Daemon...
[2026-05-04 22:44:29] Heartbeat is stale or missing. Restarting daemon...
[2026-05-04 22:44:29] Killing stale process 30564...
[2026-05-04 22:44:29] Starting MultiCAD Self-Growth Daemon...
[2026-05-04 22:45:29] Heartbeat is stale or missing. Restarting daemon...
[2026-05-04 22:45:29] Killing stale process 30564...
[2026-05-04 22:45:29] Starting MultiCAD Self-Growth Daemon...
[2026-05-04 22:46:29] Heartbeat is stale or missing. Restarting daemon...
[2026-05-04 22:46:29] Killing stale process 30564...
[2026-05-04 22:46:30] Starting MultiCAD Self-Growth Daemon...
[2026-05-04 22:47:30] Heartbeat is stale or missing. Restarting daemon...
[2026-05-04 22:47:30] Killing stale process 30564...
[2026-05-04 22:47:30] Starting MultiCAD Self-Growth Daemon...
[2026-05-04 22:48:30] Heartbeat is stale or missing. Restarting daemon...
[2026-05-04 22:48:30] Killing stale process 30564...
[2026-05-04 22:48:30] Starting MultiCAD Self-Growth Daemon...
[2026-05-04 22:49:30] Heartbeat is stale or missing. Restarting daemon...
[2026-05-04 22:49:30] Killing stale process 30564...
[2026-05-04 22:49:30] Starting MultiCAD Self-Growth Daemon...
[2026-05-04 22:50:30] Heartbeat is stale or missing. Restarting daemon...
[2026-05-04 22:50:30] Killing stale process 30564...
[2026-05-04 22:50:31] Starting MultiCAD Self-Growth Daemon...
[2026-05-04 22:51:31] Heartbeat is stale or missing. Restarting daemon...
[2026-05-04 22:51:31] Killing stale process 30564...
[2026-05-04 22:51:31] Starting MultiCAD Self-Growth Daemon...
[2026-05-04 22:52:31] Heartbeat is stale or missing. Restarting daemon...
[2026-05-04 22:52:31] Killing stale process 30564...
[2026-05-04 22:52:31] Starting MultiCAD Self-Growth Daemon...
[2026-05-04 22:53:31] Heartbeat is stale or missing. Restarting daemon...
[2026-05-04 22:53:31] Killing stale process 30564...
[2026-05-04 22:53:31] Starting MultiCAD Self-Growth Daemon...
[2026-05-04 22:54:31] Heartbeat is stale or missing. Restarting daemon...
[2026-05-04 22:54:31] Killing stale process 30564...
[2026-05-04 22:54:32] Starting MultiCAD Self-Growth Daemon...
[2026-05-04 22:55:32] Heartbeat is stale or missing. Restarting daemon...
[2026-05-04 22:55:32] Killing stale process 30564...
[2026-05-04 22:55:32] Starting MultiCAD Self-Growth Daemon...
[2026-05-04 22:56:32] Heartbeat is stale or missing. Restarting daemon...
[2026-05-04 22:56:32] Killing stale process 30564...
[2026-05-04 22:56:32] Starting MultiCAD Self-Growth Daemon...
[2026-05-04 22:57:32] Heartbeat is stale or missing. Restarting daemon...
[2026-05-04 22:57:32] Killing stale process 30564...
[2026-05-04 22:57:33] Starting MultiCAD Self-Growth Daemon...
[2026-05-04 22:58:33] Heartbeat is stale or missing. Restarting daemon...
[2026-05-04 22:58:33] Killing stale process 30564...
[2026-05-04 22:58:33] Starting MultiCAD Self-Growth Daemon...
[2026-05-04 22:59:33] Heartbeat is stale or missing. Restarting daemon...
[2026-05-04 22:59:33] Killing stale process 30564...
[2026-05-04 22:59:33] Starting MultiCAD Self-Growth Daemon...
[2026-05-04 23:00:33] Heartbeat is stale or missing. Restarting daemon...
[2026-05-04 23:00:33] Killing stale process 30564...
[2026-05-04 23:00:33] Starting MultiCAD Self-Growth Daemon...
[2026-05-04 23:01:33] Heartbeat is stale or missing. Restarting daemon...
[2026-05-04 23:01:33] Killing stale process 30564...
[2026-05-04 23:01:34] Starting MultiCAD Self-Growth Daemon...
[2026-05-04 23:02:34] Heartbeat is stale or missing. Restarting daemon...
[2026-05-04 23:02:34] Killing stale process 30564...
[2026-05-04 23:02:34] Starting MultiCAD Self-Growth Daemon...
[2026-05-04 23:03:34] Heartbeat is stale or missing. Restarting daemon...
[2026-05-04 23:03:34] Killing stale process 30564...
[2026-05-04 23:03:34] Starting MultiCAD Self-Growth Daemon...
[2026-05-04 23:04:34] Heartbeat is stale or missing. Restarting daemon...
[2026-05-04 23:04:34] Killing stale process 30564...
[2026-05-04 23:04:34] Starting MultiCAD Self-Growth Daemon...
[2026-05-04 23:05:34] Heartbeat is stale or missing. Restarting daemon...
[2026-05-04 23:05:34] Killing stale process 30564...
[2026-05-04 23:05:35] Starting MultiCAD Self-Growth Daemon...
[2026-05-04 23:06:35] Heartbeat is stale or missing. Restarting daemon...
[2026-05-04 23:06:35] Killing stale process 30564...
[2026-05-04 23:06:35] Starting MultiCAD Self-Growth Daemon...
[2026-05-04 23:07:35] Heartbeat is stale or missing. Restarting daemon...
[2026-05-04 23:07:35] Killing stale process 30564...
[2026-05-04 23:07:35] Starting MultiCAD Self-Growth Daemon...
[2026-05-04 23:08:35] Heartbeat is stale or missing. Restarting daemon...
[2026-05-04 23:08:35] Killing stale process 30564...
[2026-05-04 23:08:35] Starting MultiCAD Self-Growth Daemon...
[2026-05-04 23:09:35] Heartbeat is stale or missing. Restarting daemon...
[2026-05-04 23:09:35] Killing stale process 30564...
[2026-05-04 23:09:36] Starting MultiCAD Self-Growth Daemon...
[2026-05-04 23:10:36] Heartbeat is stale or missing. Restarting daemon...
[2026-05-04 23:10:36] Killing stale process 30564...
[2026-05-04 23:10:36] Starting MultiCAD Self-Growth Daemon...
[2026-05-04 23:11:36] Heartbeat is stale or missing. Restarting daemon...
[2026-05-04 23:11:36] Killing stale process 30564...
[2026-05-04 23:11:36] Starting MultiCAD Self-Growth Daemon...
[2026-05-04 23:12:36] Heartbeat is stale or missing. Restarting daemon...
[2026-05-04 23:12:36] Killing stale process 30564...
[2026-05-04 23:12:36] Starting MultiCAD Self-Growth Daemon...
[2026-05-04 23:13:36] Heartbeat is stale or missing. Restarting daemon...
[2026-05-04 23:13:36] Killing stale process 30564...
[2026-05-04 23:13:37] Starting MultiCAD Self-Growth Daemon...
[2026-05-04 23:14:37] Heartbeat is stale or missing. Restarting daemon...
[2026-05-04 23:14:37] Killing stale process 30564...
[2026-05-04 23:14:37] Starting MultiCAD Self-Growth Daemon...
[2026-05-04 23:15:37] Heartbeat is stale or missing. Restarting daemon...
[2026-05-04 23:15:37] Killing stale process 30564...
[2026-05-04 23:15:37] Starting MultiCAD Self-Growth Daemon...
[2026-05-04 23:16:37] Heartbeat is stale or missing. Restarting daemon...
[2026-05-04 23:16:37] Killing stale process 30564...
[2026-05-04 23:16:37] Starting MultiCAD Self-Growth Daemon...
[2026-05-04 23:17:37] Heartbeat is stale or missing. Restarting daemon...
[2026-05-04 23:17:37] Killing stale process 30564...
[2026-05-04 23:17:38] Starting MultiCAD Self-Growth Daemon...
[2026-05-04 23:18:38] Heartbeat is stale or missing. Restarting daemon...
[2026-05-04 23:18:38] Killing stale process 30564...
[2026-05-04 23:18:38] Starting MultiCAD Self-Growth Daemon...
[2026-05-04 23:19:38] Heartbeat is stale or missing. Restarting daemon...
[2026-05-04 23:19:38] Killing stale process 30564...
[2026-05-04 23:19:38] Starting MultiCAD Self-Growth Daemon...
[2026-05-04 23:20:38] Heartbeat is stale or missing. Restarting daemon...
[2026-05-04 23:20:38] Killing stale process 30564...
[2026-05-04 23:20:38] Starting MultiCAD Self-Growth Daemon...
[2026-05-04 23:21:38] Heartbeat is stale or missing. Restarting daemon...
[2026-05-04 23:21:38] Killing stale process 30564...
[2026-05-04 23:21:39] Starting MultiCAD Self-Growth Daemon...
[2026-05-04 23:22:39] Heartbeat is stale or missing. Restarting daemon...
[2026-05-04 23:22:39] Killing stale process 30564...
[2026-05-04 23:22:39] Starting MultiCAD Self-Growth Daemon...
[2026-05-04 23:23:39] Heartbeat is stale or missing. Restarting daemon...
[2026-05-04 23:23:39] Killing stale process 30564...
[2026-05-04 23:23:39] Starting MultiCAD Self-Growth Daemon...
[2026-05-04 23:24:39] Heartbeat is stale or missing. Restarting daemon...
[2026-05-04 23:24:39] Killing stale process 30564...
[2026-05-04 23:24:40] Starting MultiCAD Self-Growth Daemon...
[2026-05-04 23:25:40] Heartbeat is stale or missing. Restarting daemon...
[2026-05-04 23:25:40] Killing stale process 30564...
[2026-05-04 23:25:40] Starting MultiCAD Self-Growth Daemon...
[2026-05-04 23:26:40] Heartbeat is stale or missing. Restarting daemon...
[2026-05-04 23:26:40] Killing stale process 30564...
[2026-05-04 23:26:40] Starting MultiCAD Self-Growth Daemon...
[2026-05-04 23:27:40] Heartbeat is stale or missing. Restarting daemon...
[2026-05-04 23:27:40] Killing stale process 30564...
[2026-05-04 23:27:40] Starting MultiCAD Self-Growth Daemon...
[2026-05-04 23:28:40] Heartbeat is stale or missing. Restarting daemon...
[2026-05-04 23:28:40] Killing stale process 30564...
[2026-05-04 23:28:41] Starting MultiCAD Self-Growth Daemon...
[2026-05-04 23:29:41] Heartbeat is stale or missing. Restarting daemon...
[2026-05-04 23:29:41] Killing stale process 30564...
[2026-05-04 23:29:41] Starting MultiCAD Self-Growth Daemon...
[2026-05-04 23:30:41] Heartbeat is stale or missing. Restarting daemon...
[2026-05-04 23:30:41] Killing stale process 30564...
[2026-05-04 23:30:41] Starting MultiCAD Self-Growth Daemon...
[2026-05-04 23:31:41] Heartbeat is stale or missing. Restarting daemon...
[2026-05-04 23:31:41] Killing stale process 30564...
[2026-05-04 23:31:41] Starting MultiCAD Self-Growth Daemon...
[2026-05-04 23:32:41] Heartbeat is stale or missing. Restarting daemon...
[2026-05-04 23:32:41] Killing stale process 30564...
[2026-05-04 23:32:42] Starting MultiCAD Self-Growth Daemon...
[2026-05-04 23:33:42] Heartbeat is stale or missing. Restarting daemon...
[2026-05-04 23:33:42] Killing stale process 30564...
[2026-05-04 23:33:42] Starting MultiCAD Self-Growth Daemon...
[2026-05-04 23:34:42] Heartbeat is stale or missing. Restarting daemon...
[2026-05-04 23:34:42] Killing stale process 30564...
[2026-05-04 23:34:42] Starting MultiCAD Self-Growth Daemon...
[2026-05-04 23:35:42] Heartbeat is stale or missing. Restarting daemon...
[2026-05-04 23:35:42] Killing stale process 30564...
[2026-05-04 23:35:42] Starting MultiCAD Self-Growth Daemon...
[2026-05-04 23:36:42] Heartbeat is stale or missing. Restarting daemon...
[2026-05-04 23:36:42] Killing stale process 30564...
[2026-05-04 23:36:43] Starting MultiCAD Self-Growth Daemon...
[2026-05-04 23:37:43] Heartbeat is stale or missing. Restarting daemon...
[2026-05-04 23:37:43] Killing stale process 30564...
[2026-05-04 23:37:43] Starting MultiCAD Self-Growth Daemon...
[2026-05-04 23:38:43] Heartbeat is stale or missing. Restarting daemon...
[2026-05-04 23:38:43] Killing stale process 30564...
[2026-05-04 23:38:43] Starting MultiCAD Self-Growth Daemon...
[2026-05-04 23:39:43] Heartbeat is stale or missing. Restarting daemon...
[2026-05-04 23:39:43] Killing stale process 30564...
[2026-05-04 23:39:43] Starting MultiCAD Self-Growth Daemon...
[2026-05-04 23:40:43] Heartbeat is stale or missing. Restarting daemon...
[2026-05-04 23:40:43] Killing stale process 30564...
[2026-05-04 23:40:44] Starting MultiCAD Self-Growth Daemon...
[2026-05-04 23:41:44] Heartbeat is stale or missing. Restarting daemon...
[2026-05-04 23:41:44] Killing stale process 30564...
[2026-05-04 23:41:44] Starting MultiCAD Self-Growth Daemon...
[2026-05-04 23:42:44] Heartbeat is stale or missing. Restarting daemon...
[2026-05-04 23:42:44] Killing stale process 30564...
[2026-05-04 23:42:44] Starting MultiCAD Self-Growth Daemon...
[2026-05-04 23:43:44] Heartbeat is stale or missing. Restarting daemon...
[2026-05-04 23:43:44] Killing stale process 30564...
[2026-05-04 23:43:44] Starting MultiCAD Self-Growth Daemon...
[2026-05-04 23:44:44] Heartbeat is stale or missing. Restarting daemon...
[2026-05-04 23:44:44] Killing stale process 30564...
[2026-05-04 23:44:44] Starting MultiCAD Self-Growth Daemon...
[2026-05-04 23:45:44] Heartbeat is stale or missing. Restarting daemon...
[2026-05-04 23:45:44] Killing stale process 30564...
[2026-05-04 23:45:45] Starting MultiCAD Self-Growth Daemon...
[2026-05-04 23:46:45] Heartbeat is stale or missing. Restarting daemon...
[2026-05-04 23:46:45] Killing stale process 30564...
[2026-05-04 23:46:45] Starting MultiCAD Self-Growth Daemon...
[2026-05-04 23:47:45] Heartbeat is stale or missing. Restarting daemon...
[2026-05-04 23:47:45] Killing stale process 30564...
[2026-05-04 23:47:45] Starting MultiCAD Self-Growth Daemon...
[2026-05-04 23:48:45] Heartbeat is stale or missing. Restarting daemon...
[2026-05-04 23:48:45] Killing stale process 30564...
[2026-05-04 23:48:45] Starting MultiCAD Self-Growth Daemon...
[2026-05-04 23:49:45] Heartbeat is stale or missing. Restarting daemon...
[2026-05-04 23:49:45] Killing stale process 30564...
[2026-05-04 23:49:46] Starting MultiCAD Self-Growth Daemon...
[2026-05-04 23:50:46] Heartbeat is stale or missing. Restarting daemon...
[2026-05-04 23:50:46] Killing stale process 30564...
[2026-05-04 23:50:46] Starting MultiCAD Self-Growth Daemon...
[2026-05-04 23:51:46] Heartbeat is stale or missing. Restarting daemon...
[2026-05-04 23:51:46] Killing stale process 30564...
[2026-05-04 23:51:46] Starting MultiCAD Self-Growth Daemon...
[2026-05-04 23:52:46] Heartbeat is stale or missing. Restarting daemon...
[2026-05-04 23:52:46] Killing stale process 30564...
[2026-05-04 23:52:46] Starting MultiCAD Self-Growth Daemon...
[2026-05-04 23:53:46] Heartbeat is stale or missing. Restarting daemon...
[2026-05-04 23:53:46] Killing stale process 30564...
[2026-05-04 23:53:47] Starting MultiCAD Self-Growth Daemon...
[2026-05-04 23:54:47] Heartbeat is stale or missing. Restarting daemon...
[2026-05-04 23:54:47] Killing stale process 30564...
[2026-05-04 23:54:47] Starting MultiCAD Self-Growth Daemon...
[2026-05-04 23:55:47] Heartbeat is stale or missing. Restarting daemon...
[2026-05-04 23:55:47] Killing stale process 30564...
[2026-05-04 23:55:47] Starting MultiCAD Self-Growth Daemon...
[2026-05-04 23:56:47] Heartbeat is stale or missing. Restarting daemon...
[2026-05-04 23:56:47] Killing stale process 30564...
[2026-05-04 23:56:47] Starting MultiCAD Self-Growth Daemon...
[2026-05-04 23:57:47] Heartbeat is stale or missing. Restarting daemon...
[2026-05-04 23:57:47] Killing stale process 30564...
[2026-05-04 23:57:48] Starting MultiCAD Self-Growth Daemon...
[2026-05-04 23:58:48] Heartbeat is stale or missing. Restarting daemon...
[2026-05-04 23:58:48] Killing stale process 30564...
[2026-05-04 23:58:48] Starting MultiCAD Self-Growth Daemon...
[2026-05-04 23:59:48] Heartbeat is stale or missing. Restarting daemon...
[2026-05-04 23:59:48] Killing stale process 30564...
[2026-05-04 23:59:48] Starting MultiCAD Self-Growth Daemon...
[2026-05-05 00:00:48] Heartbeat is stale or missing. Restarting daemon...
[2026-05-05 00:00:48] Killing stale process 30564...
[2026-05-05 00:00:49] Starting MultiCAD Self-Growth Daemon...
[2026-05-05 00:01:49] Heartbeat is stale or missing. Restarting daemon...
[2026-05-05 00:01:49] Killing stale process 30564...
[2026-05-05 00:01:49] Starting MultiCAD Self-Growth Daemon...
[2026-05-05 00:02:49] Heartbeat is stale or missing. Restarting daemon...
[2026-05-05 00:02:49] Killing stale process 30564...
[2026-05-05 00:02:49] Starting MultiCAD Self-Growth Daemon...
[2026-05-05 00:03:49] Heartbeat is stale or missing. Restarting daemon...
[2026-05-05 00:03:49] Killing stale process 30564...
[2026-05-05 00:03:50] Starting MultiCAD Self-Growth Daemon...
[2026-05-05 00:04:50] Heartbeat is stale or missing. Restarting daemon...
[2026-05-05 00:04:50] Killing stale process 30564...
[2026-05-05 00:04:50] Starting MultiCAD Self-Growth Daemon...
[2026-05-05 00:05:50] Heartbeat is stale or missing. Restarting daemon...
[2026-05-05 00:05:50] Killing stale process 30564...
[2026-05-05 00:05:50] Starting MultiCAD Self-Growth Daemon...
[2026-05-05 00:06:50] Heartbeat is stale or missing. Restarting daemon...
[2026-05-05 00:06:50] Killing stale process 30564...
[2026-05-05 00:06:50] Starting MultiCAD Self-Growth Daemon...
[2026-05-05 00:07:50] Heartbeat is stale or missing. Restarting daemon...
[2026-05-05 00:07:50] Killing stale process 30564...
[2026-05-05 00:07:50] Starting MultiCAD Self-Growth Daemon...
[2026-05-05 00:08:50] Heartbeat is stale or missing. Restarting daemon...
[2026-05-05 00:08:50] Killing stale process 30564...
[2026-05-05 00:08:51] Starting MultiCAD Self-Growth Daemon...
[2026-05-05 00:09:51] Heartbeat is stale or missing. Restarting daemon...
[2026-05-05 00:09:51] Killing stale process 30564...
[2026-05-05 00:09:51] Starting MultiCAD Self-Growth Daemon...
[2026-05-05 00:10:51] Heartbeat is stale or missing. Restarting daemon...
[2026-05-05 00:10:51] Killing stale process 30564...
[2026-05-05 00:10:51] Starting MultiCAD Self-Growth Daemon...
[2026-05-05 00:11:51] Heartbeat is stale or missing. Restarting daemon...
[2026-05-05 00:11:51] Killing stale process 30564...
[2026-05-05 00:11:51] Starting MultiCAD Self-Growth Daemon...
[2026-05-05 00:12:51] Heartbeat is stale or missing. Restarting daemon...
[2026-05-05 00:12:51] Killing stale process 30564...
[2026-05-05 00:12:52] Starting MultiCAD Self-Growth Daemon...
[2026-05-05 00:13:52] Heartbeat is stale or missing. Restarting daemon...
[2026-05-05 00:13:52] Killing stale process 30564...
[2026-05-05 00:13:52] Starting MultiCAD Self-Growth Daemon...
[2026-05-05 00:14:52] Heartbeat is stale or missing. Restarting daemon...
[2026-05-05 00:14:52] Killing stale process 30564...
[2026-05-05 00:14:52] Starting MultiCAD Self-Growth Daemon...
[2026-05-05 00:15:52] Heartbeat is stale or missing. Restarting daemon...
[2026-05-05 00:15:52] Killing stale process 30564...
[2026-05-05 00:15:52] Starting MultiCAD Self-Growth Daemon...
[2026-05-05 00:16:52] Heartbeat is stale or missing. Restarting daemon...
[2026-05-05 00:16:52] Killing stale process 30564...
[2026-05-05 00:16:53] Starting MultiCAD Self-Growth Daemon...
[2026-05-05 00:17:53] Heartbeat is stale or missing. Restarting daemon...
[2026-05-05 00:17:53] Killing stale process 30564...
[2026-05-05 00:17:53] Starting MultiCAD Self-Growth Daemon...
[2026-05-05 00:18:53] Heartbeat is stale or missing. Restarting daemon...
[2026-05-05 00:18:53] Killing stale process 30564...
[2026-05-05 00:18:53] Starting MultiCAD Self-Growth Daemon...
[2026-05-05 00:19:53] Heartbeat is stale or missing. Restarting daemon...
[2026-05-05 00:19:53] Killing stale process 30564...
[2026-05-05 00:19:53] Starting MultiCAD Self-Growth Daemon...
[2026-05-05 00:20:53] Heartbeat is stale or missing. Restarting daemon...
[2026-05-05 00:20:53] Killing stale process 30564...
[2026-05-05 00:20:54] Starting MultiCAD Self-Growth Daemon...
[2026-05-05 00:21:54] Heartbeat is stale or missing. Restarting daemon...
[2026-05-05 00:21:54] Killing stale process 30564...
[2026-05-05 00:21:54] Starting MultiCAD Self-Growth Daemon...
[2026-05-05 00:22:54] Heartbeat is stale or missing. Restarting daemon...
[2026-05-05 00:22:54] Killing stale process 30564...
[2026-05-05 00:22:54] Starting MultiCAD Self-Growth Daemon...
[2026-05-05 00:23:54] Heartbeat is stale or missing. Restarting daemon...
[2026-05-05 00:23:54] Killing stale process 30564...
[2026-05-05 00:23:54] Starting MultiCAD Self-Growth Daemon...
[2026-05-05 00:24:54] Heartbeat is stale or missing. Restarting daemon...
[2026-05-05 00:24:54] Killing stale process 30564...
[2026-05-05 00:24:55] Starting MultiCAD Self-Growth Daemon...
[2026-05-05 00:25:55] Heartbeat is stale or missing. Restarting daemon...
[2026-05-05 00:25:55] Killing stale process 30564...
[2026-05-05 00:25:55] Starting MultiCAD Self-Growth Daemon...
[2026-05-05 00:26:55] Heartbeat is stale or missing. Restarting daemon...
[2026-05-05 00:26:55] Killing stale process 30564...
[2026-05-05 00:26:55] Starting MultiCAD Self-Growth Daemon...
[2026-05-05 00:27:55] Heartbeat is stale or missing. Restarting daemon...
[2026-05-05 00:27:55] Killing stale process 30564...
[2026-05-05 00:27:55] Starting MultiCAD Self-Growth Daemon...
[2026-05-05 00:28:55] Heartbeat is stale or missing. Restarting daemon...
[2026-05-05 00:28:55] Killing stale process 30564...
[2026-05-05 00:28:56] Starting MultiCAD Self-Growth Daemon...
[2026-05-05 00:29:56] Heartbeat is stale or missing. Restarting daemon...
[2026-05-05 00:29:56] Killing stale process 30564...
[2026-05-05 00:29:56] Starting MultiCAD Self-Growth Daemon...
[2026-05-05 00:30:56] Heartbeat is stale or missing. Restarting daemon...
[2026-05-05 00:30:56] Killing stale process 30564...
[2026-05-05 00:30:56] Starting MultiCAD Self-Growth Daemon...
[2026-05-05 00:31:56] Heartbeat is stale or missing. Restarting daemon...
[2026-05-05 00:31:56] Killing stale process 30564...
[2026-05-05 00:31:56] Starting MultiCAD Self-Growth Daemon...
[2026-05-05 00:32:56] Heartbeat is stale or missing. Restarting daemon...
[2026-05-05 00:32:56] Killing stale process 30564...
[2026-05-05 00:32:57] Starting MultiCAD Self-Growth Daemon...
[2026-05-05 00:33:57] Heartbeat is stale or missing. Restarting daemon...
[2026-05-05 00:33:57] Killing stale process 30564...
[2026-05-05 00:33:57] Starting MultiCAD Self-Growth Daemon...
[2026-05-05 00:34:57] Heartbeat is stale or missing. Restarting daemon...
[2026-05-05 00:34:57] Killing stale process 30564...
[2026-05-05 00:34:57] Starting MultiCAD Self-Growth Daemon...
[2026-05-05 00:35:57] Heartbeat is stale or missing. Restarting daemon...
[2026-05-05 00:35:57] Killing stale process 30564...
[2026-05-05 00:35:57] Starting MultiCAD Self-Growth Daemon...
[2026-05-05 00:36:57] Heartbeat is stale or missing. Restarting daemon...
[2026-05-05 00:36:57] Killing stale process 30564...
[2026-05-05 00:36:57] Starting MultiCAD Self-Growth Daemon...
[2026-05-05 00:37:57] Heartbeat is stale or missing. Restarting daemon...
[2026-05-05 00:37:57] Killing stale process 30564...
[2026-05-05 00:37:58] Starting MultiCAD Self-Growth Daemon...
[2026-05-05 00:38:58] Heartbeat is stale or missing. Restarting daemon...
[2026-05-05 00:38:58] Killing stale process 30564...
[2026-05-05 00:38:58] Starting MultiCAD Self-Growth Daemon...
[2026-05-05 00:39:58] Heartbeat is stale or missing. Restarting daemon...
[2026-05-05 00:39:58] Killing stale process 30564...
[2026-05-05 00:39:58] Starting MultiCAD Self-Growth Daemon...
[2026-05-05 00:40:58] Heartbeat is stale or missing. Restarting daemon...
[2026-05-05 00:40:58] Killing stale process 30564...
[2026-05-05 00:40:58] Starting MultiCAD Self-Growth Daemon...
[2026-05-05 00:41:58] Heartbeat is stale or missing. Restarting daemon...
[2026-05-05 00:41:58] Killing stale process 30564...
[2026-05-05 00:41:59] Starting MultiCAD Self-Growth Daemon...
[2026-05-05 00:42:59] Heartbeat is stale or missing. Restarting daemon...
[2026-05-05 00:42:59] Killing stale process 30564...
[2026-05-05 00:42:59] Starting MultiCAD Self-Growth Daemon...
[2026-05-05 00:43:59] Heartbeat is stale or missing. Restarting daemon...
[2026-05-05 00:43:59] Killing stale process 30564...
[2026-05-05 00:43:59] Starting MultiCAD Self-Growth Daemon...
[2026-05-05 00:44:59] Heartbeat is stale or missing. Restarting daemon...
[2026-05-05 00:44:59] Killing stale process 30564...
[2026-05-05 00:44:59] Starting MultiCAD Self-Growth Daemon...
[2026-05-05 00:45:59] Heartbeat is stale or missing. Restarting daemon...
[2026-05-05 00:45:59] Killing stale process 30564...
[2026-05-05 00:46:00] Starting MultiCAD Self-Growth Daemon...
[2026-05-05 00:47:00] Heartbeat is stale or missing. Restarting daemon...
[2026-05-05 00:47:00] Killing stale process 30564...
[2026-05-05 00:47:00] Starting MultiCAD Self-Growth Daemon...
[2026-05-05 00:48:00] Heartbeat is stale or missing. Restarting daemon...
[2026-05-05 00:48:00] Killing stale process 30564...
[2026-05-05 00:48:00] Starting MultiCAD Self-Growth Daemon...
[2026-05-05 00:49:00] Heartbeat is stale or missing. Restarting daemon...
[2026-05-05 00:49:00] Killing stale process 30564...
[2026-05-05 00:49:00] Starting MultiCAD Self-Growth Daemon...
[2026-05-05 00:50:01] Heartbeat is stale or missing. Restarting daemon...
[2026-05-05 00:50:01] Killing stale process 30564...
[2026-05-05 00:50:01] Starting MultiCAD Self-Growth Daemon...
[2026-05-05 00:51:01] Heartbeat is stale or missing. Restarting daemon...
[2026-05-05 00:51:01] Killing stale process 30564...
[2026-05-05 00:51:01] Starting MultiCAD Self-Growth Daemon...
[2026-05-05 00:52:01] Heartbeat is stale or missing. Restarting daemon...
[2026-05-05 00:52:01] Killing stale process 30564...
[2026-05-05 00:52:01] Starting MultiCAD Self-Growth Daemon...
[2026-05-05 00:53:01] Heartbeat is stale or missing. Restarting daemon...
[2026-05-05 00:53:01] Killing stale process 30564...
[2026-05-05 00:53:01] Starting MultiCAD Self-Growth Daemon...
[2026-05-05 00:54:01] Heartbeat is stale or missing. Restarting daemon...
[2026-05-05 00:54:01] Killing stale process 30564...
[2026-05-05 00:54:02] Starting MultiCAD Self-Growth Daemon...
[2026-05-05 00:55:02] Heartbeat is stale or missing. Restarting daemon...
[2026-05-05 00:55:02] Killing stale process 30564...
[2026-05-05 00:55:02] Starting MultiCAD Self-Growth Daemon...
[2026-05-05 00:56:02] Heartbeat is stale or missing. Restarting daemon...
[2026-05-05 00:56:02] Killing stale process 30564...
[2026-05-05 00:56:02] Starting MultiCAD Self-Growth Daemon...
[2026-05-05 00:57:02] Heartbeat is stale or missing. Restarting daemon...
[2026-05-05 00:57:02] Killing stale process 30564...
[2026-05-05 00:57:02] Starting MultiCAD Self-Growth Daemon...
[2026-05-05 00:58:02] Heartbeat is stale or missing. Restarting daemon...
[2026-05-05 00:58:02] Killing stale process 30564...
[2026-05-05 00:58:03] Starting MultiCAD Self-Growth Daemon...
[2026-05-05 00:59:03] Heartbeat is stale or missing. Restarting daemon...
[2026-05-05 00:59:03] Killing stale process 30564...
[2026-05-05 00:59:03] Starting MultiCAD Self-Growth Daemon...
[2026-05-05 01:00:03] Heartbeat is stale or missing. Restarting daemon...
[2026-05-05 01:00:03] Killing stale process 30564...
[2026-05-05 01:00:03] Starting MultiCAD Self-Growth Daemon...
[2026-05-05 01:01:03] Heartbeat is stale or missing. Restarting daemon...
[2026-05-05 01:01:03] Killing stale process 30564...
[2026-05-05 01:01:03] Starting MultiCAD Self-Growth Daemon...
[2026-05-05 01:02:03] Heartbeat is stale or missing. Restarting daemon...
[2026-05-05 01:02:03] Killing stale process 30564...
[2026-05-05 01:02:04] Starting MultiCAD Self-Growth Daemon...
[2026-05-05 01:03:04] Heartbeat is stale or missing. Restarting daemon...
[2026-05-05 01:03:04] Killing stale process 30564...
[2026-05-05 01:03:04] Starting MultiCAD Self-Growth Daemon...
[2026-05-05 01:04:04] Heartbeat is stale or missing. Restarting daemon...
[2026-05-05 01:04:04] Killing stale process 30564...
[2026-05-05 01:04:04] Starting MultiCAD Self-Growth Daemon...
[2026-05-05 01:05:04] Heartbeat is stale or missing. Restarting daemon...
[2026-05-05 01:05:04] Killing stale process 30564...
[2026-05-05 01:05:05] Starting MultiCAD Self-Growth Daemon...
[2026-05-05 01:06:05] Heartbeat is stale or missing. Restarting daemon...
[2026-05-05 01:06:05] Killing stale process 30564...
[2026-05-05 01:06:05] Starting MultiCAD Self-Growth Daemon...
[2026-05-05 01:07:05] Heartbeat is stale or missing. Restarting daemon...
[2026-05-05 01:07:05] Killing stale process 30564...
[2026-05-05 01:07:05] Starting MultiCAD Self-Growth Daemon...
[2026-05-05 01:08:05] Heartbeat is stale or missing. Restarting daemon...
[2026-05-05 01:08:05] Killing stale process 30564...
[2026-05-05 01:08:05] Starting MultiCAD Self-Growth Daemon...
[2026-05-05 01:09:05] Heartbeat is stale or missing. Restarting daemon...
[2026-05-05 01:09:05] Killing stale process 30564...
[2026-05-05 01:09:05] Starting MultiCAD Self-Growth Daemon...
[2026-05-05 01:10:06] Heartbeat is stale or missing. Restarting daemon...
[2026-05-05 01:10:06] Killing stale process 30564...
[2026-05-05 01:10:06] Starting MultiCAD Self-Growth Daemon...
[2026-05-05 01:11:06] Heartbeat is stale or missing. Restarting daemon...
[2026-05-05 01:11:06] Killing stale process 30564...
[2026-05-05 01:11:06] Starting MultiCAD Self-Growth Daemon...
[2026-05-05 01:12:06] Heartbeat is stale or missing. Restarting daemon...
[2026-05-05 01:12:06] Killing stale process 30564...
[2026-05-05 01:12:06] Starting MultiCAD Self-Growth Daemon...
[2026-05-05 01:13:06] Heartbeat is stale or missing. Restarting daemon...
[2026-05-05 01:13:06] Killing stale process 30564...
[2026-05-05 01:13:07] Starting MultiCAD Self-Growth Daemon...
[2026-05-05 01:14:07] Heartbeat is stale or missing. Restarting daemon...
[2026-05-05 01:14:07] Killing stale process 30564...
[2026-05-05 01:14:07] Starting MultiCAD Self-Growth Daemon...
[2026-05-05 01:15:07] Heartbeat is stale or missing. Restarting daemon...
[2026-05-05 01:15:07] Killing stale process 30564...
[2026-05-05 01:15:07] Starting MultiCAD Self-Growth Daemon...
[2026-05-05 01:16:07] Heartbeat is stale or missing. Restarting daemon...
[2026-05-05 01:16:07] Killing stale process 30564...
[2026-05-05 01:16:07] Starting MultiCAD Self-Growth Daemon...
[2026-05-05 01:17:07] Heartbeat is stale or missing. Restarting daemon...
[2026-05-05 01:17:07] Killing stale process 30564...
[2026-05-05 01:17:08] Starting MultiCAD Self-Growth Daemon...
[2026-05-05 01:18:08] Heartbeat is stale or missing. Restarting daemon...
[2026-05-05 01:18:08] Killing stale process 30564...
[2026-05-05 01:18:08] Starting MultiCAD Self-Growth Daemon...
[2026-05-05 01:19:08] Heartbeat is stale or missing. Restarting daemon...
[2026-05-05 01:19:08] Killing stale process 30564...
[2026-05-05 01:19:08] Starting MultiCAD Self-Growth Daemon...
[2026-05-05 01:20:08] Heartbeat is stale or missing. Restarting daemon...
[2026-05-05 01:20:08] Killing stale process 30564...
[2026-05-05 01:20:08] Starting MultiCAD Self-Growth Daemon...
[2026-05-05 01:21:08] Heartbeat is stale or missing. Restarting daemon...
[2026-05-05 01:21:08] Killing stale process 30564...
[2026-05-05 01:21:08] Starting MultiCAD Self-Growth Daemon...
[2026-05-05 01:22:08] Heartbeat is stale or missing. Restarting daemon...
[2026-05-05 01:22:08] Killing stale process 30564...
[2026-05-05 01:22:09] Starting MultiCAD Self-Growth Daemon...
[2026-05-05 01:23:09] Heartbeat is stale or missing. Restarting daemon...
[2026-05-05 01:23:09] Killing stale process 30564...
[2026-05-05 01:23:09] Starting MultiCAD Self-Growth Daemon...
[2026-05-05 01:24:09] Heartbeat is stale or missing. Restarting daemon...
[2026-05-05 01:24:09] Killing stale process 30564...
[2026-05-05 01:24:09] Starting MultiCAD Self-Growth Daemon...
[2026-05-05 01:25:09] Heartbeat is stale or missing. Restarting daemon...
[2026-05-05 01:25:09] Killing stale process 30564...
[2026-05-05 01:25:09] Starting MultiCAD Self-Growth Daemon...
[2026-05-05 01:26:09] Heartbeat is stale or missing. Restarting daemon...
[2026-05-05 01:26:09] Killing stale process 30564...
[2026-05-05 01:26:09] Starting MultiCAD Self-Growth Daemon...
[2026-05-05 01:27:09] Heartbeat is stale or missing. Restarting daemon...
[2026-05-05 01:27:09] Killing stale process 30564...
[2026-05-05 01:27:10] Starting MultiCAD Self-Growth Daemon...
[2026-05-05 01:28:10] Heartbeat is stale or missing. Restarting daemon...
[2026-05-05 01:28:10] Killing stale process 30564...
[2026-05-05 01:28:10] Starting MultiCAD Self-Growth Daemon...
[2026-05-05 01:29:10] Heartbeat is stale or missing. Restarting daemon...
[2026-05-05 01:29:10] Killing stale process 30564...
[2026-05-05 01:29:10] Starting MultiCAD Self-Growth Daemon...
[2026-05-05 01:30:10] Heartbeat is stale or missing. Restarting daemon...
[2026-05-05 01:30:10] Killing stale process 30564...
[2026-05-05 01:30:10] Starting MultiCAD Self-Growth Daemon...
[2026-05-05 01:31:10] Heartbeat is stale or missing. Restarting daemon...
[2026-05-05 01:31:10] Killing stale process 30564...
[2026-05-05 01:31:10] Starting MultiCAD Self-Growth Daemon...
[2026-05-05 01:32:11] Heartbeat is stale or missing. Restarting daemon...
[2026-05-05 01:32:11] Killing stale process 30564...
[2026-05-05 01:32:11] Starting MultiCAD Self-Growth Daemon...
[2026-05-05 01:33:11] Heartbeat is stale or missing. Restarting daemon...
[2026-05-05 01:33:11] Killing stale process 30564...
[2026-05-05 01:33:11] Starting MultiCAD Self-Growth Daemon...
[2026-05-05 01:34:11] Heartbeat is stale or missing. Restarting daemon...
[2026-05-05 01:34:11] Killing stale process 30564...
[2026-05-05 01:34:11] Starting MultiCAD Self-Growth Daemon...
[2026-05-05 01:35:11] Heartbeat is stale or missing. Restarting daemon...
[2026-05-05 01:35:11] Killing stale process 30564...
[2026-05-05 01:35:11] Starting MultiCAD Self-Growth Daemon...
[2026-05-05 01:36:11] Heartbeat is stale or missing. Restarting daemon...
[2026-05-05 01:36:11] Killing stale process 30564...
[2026-05-05 01:36:11] Starting MultiCAD Self-Growth Daemon...
[2026-05-05 01:37:12] Heartbeat is stale or missing. Restarting daemon...
[2026-05-05 01:37:12] Killing stale process 30564...
[2026-05-05 01:37:12] Starting MultiCAD Self-Growth Daemon...
[2026-05-05 01:38:12] Heartbeat is stale or missing. Restarting daemon...
[2026-05-05 01:38:12] Killing stale process 30564...
[2026-05-05 01:38:12] Starting MultiCAD Self-Growth Daemon...
[2026-05-05 01:39:12] Heartbeat is stale or missing. Restarting daemon...
[2026-05-05 01:39:12] Killing stale process 30564...
[2026-05-05 01:39:12] Starting MultiCAD Self-Growth Daemon...
[2026-05-05 01:40:12] Heartbeat is stale or missing. Restarting daemon...
[2026-05-05 01:40:12] Killing stale process 30564...
[2026-05-05 01:40:12] Starting MultiCAD Self-Growth Daemon...
[2026-05-05 01:41:12] Heartbeat is stale or missing. Restarting daemon...
[2026-05-05 01:41:12] Killing stale process 30564...
[2026-05-05 01:41:13] Starting MultiCAD Self-Growth Daemon...
[2026-05-05 01:42:13] Heartbeat is stale or missing. Restarting daemon...
[2026-05-05 01:42:13] Killing stale process 30564...
[2026-05-05 01:42:13] Starting MultiCAD Self-Growth Daemon...
[2026-05-05 01:43:13] Heartbeat is stale or missing. Restarting daemon...
[2026-05-05 01:43:13] Killing stale process 30564...
[2026-05-05 01:43:13] Starting MultiCAD Self-Growth Daemon...
[2026-05-05 01:44:13] Heartbeat is stale or missing. Restarting daemon...
[2026-05-05 01:44:13] Killing stale process 30564...
[2026-05-05 01:44:13] Starting MultiCAD Self-Growth Daemon...
[2026-05-05 01:45:13] Heartbeat is stale or missing. Restarting daemon...
[2026-05-05 01:45:13] Killing stale process 30564...
[2026-05-05 01:45:13] Starting MultiCAD Self-Growth Daemon...
[2026-05-05 01:46:13] Heartbeat is stale or missing. Restarting daemon...
[2026-05-05 01:46:13] Killing stale process 30564...
[2026-05-05 01:46:14] Starting MultiCAD Self-Growth Daemon...
[2026-05-05 01:47:14] Heartbeat is stale or missing. Restarting daemon...
[2026-05-05 01:47:14] Killing stale process 30564...
[2026-05-05 01:47:14] Starting MultiCAD Self-Growth Daemon...
[2026-05-05 01:48:14] Heartbeat is stale or missing. Restarting daemon...
[2026-05-05 01:48:14] Killing stale process 30564...
[2026-05-05 01:48:14] Starting MultiCAD Self-Growth Daemon...
[2026-05-05 01:49:14] Heartbeat is stale or missing. Restarting daemon...
[2026-05-05 01:49:14] Killing stale process 30564...
[2026-05-05 01:49:14] Starting MultiCAD Self-Growth Daemon...
[2026-05-05 01:50:14] Heartbeat is stale or missing. Restarting daemon...
[2026-05-05 01:50:14] Killing stale process 30564...
[2026-05-05 01:50:15] Starting MultiCAD Self-Growth Daemon...
[2026-05-05 01:51:15] Heartbeat is stale or missing. Restarting daemon...
[2026-05-05 01:51:15] Killing stale process 30564...
[2026-05-05 01:51:15] Starting MultiCAD Self-Growth Daemon...
[2026-05-05 01:52:15] Heartbeat is stale or missing. Restarting daemon...
[2026-05-05 01:52:15] Killing stale process 30564...
[2026-05-05 01:52:15] Starting MultiCAD Self-Growth Daemon...
[2026-05-05 01:53:15] Heartbeat is stale or missing. Restarting daemon...
[2026-05-05 01:53:15] Killing stale process 30564...
[2026-05-05 01:53:15] Starting MultiCAD Self-Growth Daemon...
[2026-05-05 01:54:15] Heartbeat is stale or missing. Restarting daemon...
[2026-05-05 01:54:15] Killing stale process 30564...
[2026-05-05 01:54:15] Starting MultiCAD Self-Growth Daemon...
[2026-05-05 01:55:15] Heartbeat is stale or missing. Restarting daemon...
[2026-05-05 01:55:15] Killing stale process 30564...
[2026-05-05 01:55:16] Starting MultiCAD Self-Growth Daemon...
[2026-05-05 01:56:16] Heartbeat is stale or missing. Restarting daemon...
[2026-05-05 01:56:16] Killing stale process 30564...
[2026-05-05 01:56:16] Starting MultiCAD Self-Growth Daemon...
[2026-05-05 01:57:16] Heartbeat is stale or missing. Restarting daemon...
[2026-05-05 01:57:16] Killing stale process 30564...
[2026-05-05 01:57:16] Starting MultiCAD Self-Growth Daemon...
[2026-05-05 01:58:16] Heartbeat is stale or missing. Restarting daemon...
[2026-05-05 01:58:16] Killing stale process 30564...
[2026-05-05 01:58:16] Starting MultiCAD Self-Growth Daemon...
[2026-05-05 01:59:16] Heartbeat is stale or missing. Restarting daemon...
[2026-05-05 01:59:16] Killing stale process 30564...
[2026-05-05 01:59:17] Starting MultiCAD Self-Growth Daemon...
[2026-05-05 02:00:17] Heartbeat is stale or missing. Restarting daemon...
[2026-05-05 02:00:17] Killing stale process 30564...
[2026-05-05 02:00:17] Starting MultiCAD Self-Growth Daemon...
[2026-05-05 02:01:17] Heartbeat is stale or missing. Restarting daemon...
[2026-05-05 02:01:17] Killing stale process 30564...
[2026-05-05 02:01:17] Starting MultiCAD Self-Growth Daemon...
[2026-05-05 02:02:17] Heartbeat is stale or missing. Restarting daemon...
[2026-05-05 02:02:17] Killing stale process 30564...
[2026-05-05 02:02:17] Starting MultiCAD Self-Growth Daemon...
[2026-05-05 02:03:17] Heartbeat is stale or missing. Restarting daemon...
[2026-05-05 02:03:17] Killing stale process 30564...
[2026-05-05 02:03:18] Starting MultiCAD Self-Growth Daemon...
[2026-05-05 02:04:18] Heartbeat is stale or missing. Restarting daemon...
[2026-05-05 02:04:18] Killing stale process 30564...
[2026-05-05 02:04:18] Starting MultiCAD Self-Growth Daemon...
[2026-05-05 02:05:18] Heartbeat is stale or missing. Restarting daemon...
[2026-05-05 02:05:18] Killing stale process 30564...
[2026-05-05 02:05:18] Starting MultiCAD Self-Growth Daemon...
[2026-05-05 02:06:18] Heartbeat is stale or missing. Restarting daemon...
[2026-05-05 02:06:18] Killing stale process 30564...
[2026-05-05 02:06:18] Starting MultiCAD Self-Growth Daemon...
[2026-05-05 02:07:18] Heartbeat is stale or missing. Restarting daemon...
[2026-05-05 02:07:18] Killing stale process 30564...
[2026-05-05 02:07:18] Starting MultiCAD Self-Growth Daemon...
[2026-05-05 02:08:18] Heartbeat is stale or missing. Restarting daemon...
[2026-05-05 02:08:18] Killing stale process 30564...
[2026-05-05 02:08:19] Starting MultiCAD Self-Growth Daemon...
[2026-05-05 02:09:19] Heartbeat is stale or missing. Restarting daemon...
[2026-05-05 02:09:19] Killing stale process 30564...
[2026-05-05 02:09:19] Starting MultiCAD Self-Growth Daemon...
[2026-05-05 02:10:19] Heartbeat is stale or missing. Restarting daemon...
[2026-05-05 02:10:19] Killing stale process 30564...
[2026-05-05 02:10:19] Starting MultiCAD Self-Growth Daemon...
[2026-05-05 02:11:19] Heartbeat is stale or missing. Restarting daemon...
[2026-05-05 02:11:19] Killing stale process 30564...
[2026-05-05 02:11:19] Starting MultiCAD Self-Growth Daemon...
[2026-05-05 02:12:19] Heartbeat is stale or missing. Restarting daemon...
[2026-05-05 02:12:19] Killing stale process 30564...
[2026-05-05 02:12:19] Starting MultiCAD Self-Growth Daemon...
[2026-05-05 02:13:20] Heartbeat is stale or missing. Restarting daemon...
[2026-05-05 02:13:20] Killing stale process 30564...
[2026-05-05 02:13:20] Starting MultiCAD Self-Growth Daemon...
[2026-05-05 02:14:20] Heartbeat is stale or missing. Restarting daemon...
[2026-05-05 02:14:20] Killing stale process 30564...
[2026-05-05 02:14:20] Starting MultiCAD Self-Growth Daemon...
[2026-05-05 02:15:20] Heartbeat is stale or missing. Restarting daemon...
[2026-05-05 02:15:20] Killing stale process 30564...
[2026-05-05 02:15:20] Starting MultiCAD Self-Growth Daemon...
[2026-05-05 02:16:20] Heartbeat is stale or missing. Restarting daemon...
[2026-05-05 02:16:20] Killing stale process 30564...
[2026-05-05 02:16:20] Starting MultiCAD Self-Growth Daemon...
[2026-05-05 02:17:20] Heartbeat is stale or missing. Restarting daemon...
[2026-05-05 02:17:20] Killing stale process 30564...
[2026-05-05 02:17:21] Starting MultiCAD Self-Growth Daemon...
[2026-05-05 02:18:21] Heartbeat is stale or missing. Restarting daemon...
[2026-05-05 02:18:21] Killing stale process 30564...
[2026-05-05 02:18:21] Starting MultiCAD Self-Growth Daemon...
[2026-05-05 02:19:21] Heartbeat is stale or missing. Restarting daemon...
[2026-05-05 02:19:21] Killing stale process 30564...
[2026-05-05 02:19:21] Starting MultiCAD Self-Growth Daemon...
[2026-05-05 02:20:21] Heartbeat is stale or missing. Restarting daemon...
[2026-05-05 02:20:21] Killing stale process 30564...
[2026-05-05 02:20:21] Starting MultiCAD Self-Growth Daemon...
[2026-05-05 02:21:21] Heartbeat is stale or missing. Restarting daemon...
[2026-05-05 02:21:21] Killing stale process 30564...
[2026-05-05 02:21:21] Starting MultiCAD Self-Growth Daemon...
[2026-05-05 02:22:21] Heartbeat is stale or missing. Restarting daemon...
[2026-05-05 02:22:21] Killing stale process 30564...
[2026-05-05 02:22:22] Starting MultiCAD Self-Growth Daemon...
[2026-05-05 02:23:22] Heartbeat is stale or missing. Restarting daemon...
[2026-05-05 02:23:22] Killing stale process 30564...
[2026-05-05 02:23:22] Starting MultiCAD Self-Growth Daemon...
[2026-05-05 02:24:22] Heartbeat is stale or missing. Restarting daemon...
[2026-05-05 02:24:22] Killing stale process 30564...
[2026-05-05 02:24:22] Starting MultiCAD Self-Growth Daemon...
[2026-05-05 02:25:22] Heartbeat is stale or missing. Restarting daemon...
[2026-05-05 02:25:22] Killing stale process 30564...
[2026-05-05 02:25:22] Starting MultiCAD Self-Growth Daemon...
[2026-05-05 02:26:22] Heartbeat is stale or missing. Restarting daemon...
[2026-05-05 02:26:22] Killing stale process 30564...
[2026-05-05 02:26:23] Starting MultiCAD Self-Growth Daemon...
[2026-05-05 02:27:23] Heartbeat is stale or missing. Restarting daemon...
[2026-05-05 02:27:23] Killing stale process 30564...
[2026-05-05 02:27:23] Starting MultiCAD Self-Growth Daemon...
[2026-05-05 02:28:23] Heartbeat is stale or missing. Restarting daemon...
[2026-05-05 02:28:23] Killing stale process 30564...
[2026-05-05 02:28:23] Starting MultiCAD Self-Growth Daemon...
[2026-05-05 02:29:23] Heartbeat is stale or missing. Restarting daemon...
[2026-05-05 02:29:23] Killing stale process 30564...
[2026-05-05 02:29:23] Starting MultiCAD Self-Growth Daemon...
[2026-05-05 02:30:23] Heartbeat is stale or missing. Restarting daemon...
[2026-05-05 02:30:23] Killing stale process 30564...
[2026-05-05 02:30:23] Starting MultiCAD Self-Growth Daemon...
[2026-05-05 02:31:23] Heartbeat is stale or missing. Restarting daemon...
[2026-05-05 02:31:23] Killing stale process 30564...
[2026-05-05 02:31:24] Starting MultiCAD Self-Growth Daemon...
[2026-05-05 02:32:24] Heartbeat is stale or missing. Restarting daemon...
[2026-05-05 02:32:24] Killing stale process 30564...
[2026-05-05 02:32:24] Starting MultiCAD Self-Growth Daemon...
[2026-05-05 02:33:24] Heartbeat is stale or missing. Restarting daemon...
[2026-05-05 02:33:24] Killing stale process 30564...
[2026-05-05 02:33:24] Starting MultiCAD Self-Growth Daemon...
[2026-05-05 02:34:24] Heartbeat is stale or missing. Restarting daemon...
[2026-05-05 02:34:24] Killing stale process 30564...
[2026-05-05 02:34:24] Starting MultiCAD Self-Growth Daemon...
[2026-05-05 02:35:24] Heartbeat is stale or missing. Restarting daemon...
[2026-05-05 02:35:24] Killing stale process 30564...
[2026-05-05 02:35:25] Starting MultiCAD Self-Growth Daemon...
[2026-05-05 02:36:25] Heartbeat is stale or missing. Restarting daemon...
[2026-05-05 02:36:25] Killing stale process 30564...
[2026-05-05 02:36:25] Starting MultiCAD Self-Growth Daemon...
[2026-05-05 02:37:25] Heartbeat is stale or missing. Restarting daemon...
[2026-05-05 02:37:25] Killing stale process 30564...
[2026-05-05 02:37:25] Starting MultiCAD Self-Growth Daemon...
[2026-05-05 02:38:25] Heartbeat is stale or missing. Restarting daemon...
[2026-05-05 02:38:25] Killing stale process 30564...
[2026-05-05 02:38:25] Starting MultiCAD Self-Growth Daemon...
[2026-05-05 02:39:25] Heartbeat is stale or missing. Restarting daemon...
[2026-05-05 02:39:25] Killing stale process 30564...
[2026-05-05 02:39:25] Starting MultiCAD Self-Growth Daemon...
[2026-05-05 02:40:25] Heartbeat is stale or missing. Restarting daemon...
[2026-05-05 02:40:25] Killing stale process 30564...
[2026-05-05 02:40:26] Starting MultiCAD Self-Growth Daemon...
[2026-05-05 02:41:26] Heartbeat is stale or missing. Restarting daemon...
[2026-05-05 02:41:26] Killing stale process 30564...
[2026-05-05 02:41:26] Starting MultiCAD Self-Growth Daemon...
[2026-05-05 02:42:26] Heartbeat is stale or missing. Restarting daemon...
[2026-05-05 02:42:26] Killing stale process 30564...
[2026-05-05 02:42:26] Starting MultiCAD Self-Growth Daemon...
[2026-05-05 02:43:26] Heartbeat is stale or missing. Restarting daemon...
[2026-05-05 02:43:26] Killing stale process 30564...
[2026-05-05 02:43:26] Starting MultiCAD Self-Growth Daemon...
[2026-05-05 02:44:26] Heartbeat is stale or missing. Restarting daemon...
[2026-05-05 02:44:26] Killing stale process 30564...
[2026-05-05 02:44:27] Starting MultiCAD Self-Growth Daemon...
[2026-05-05 02:45:27] Heartbeat is stale or missing. Restarting daemon...
[2026-05-05 02:45:27] Killing stale process 30564...
[2026-05-05 02:45:27] Starting MultiCAD Self-Growth Daemon...
[2026-05-05 02:46:27] Heartbeat is stale or missing. Restarting daemon...
[2026-05-05 02:46:27] Killing stale process 30564...
[2026-05-05 02:46:27] Starting MultiCAD Self-Growth Daemon...
[2026-05-05 02:47:27] Heartbeat is stale or missing. Restarting daemon...
[2026-05-05 02:47:27] Killing stale process 30564...
[2026-05-05 02:47:27] Starting MultiCAD Self-Growth Daemon...
[2026-05-05 02:48:27] Heartbeat is stale or missing. Restarting daemon...
[2026-05-05 02:48:27] Killing stale process 30564...
[2026-05-05 02:48:27] Starting MultiCAD Self-Growth Daemon...
[2026-05-05 02:49:27] Heartbeat is stale or missing. Restarting daemon...
[2026-05-05 02:49:27] Killing stale process 30564...
[2026-05-05 02:49:28] Starting MultiCAD Self-Growth Daemon...
[2026-05-05 02:50:28] Heartbeat is stale or missing. Restarting daemon...
[2026-05-05 02:50:28] Killing stale process 30564...
[2026-05-05 02:50:28] Starting MultiCAD Self-Growth Daemon...
[2026-05-05 02:51:28] Heartbeat is stale or missing. Restarting daemon...
[2026-05-05 02:51:28] Killing stale process 30564...
[2026-05-05 02:51:28] Starting MultiCAD Self-Growth Daemon...
[2026-05-05 02:52:28] Heartbeat is stale or missing. Restarting daemon...
[2026-05-05 02:52:28] Killing stale process 30564...
[2026-05-05 02:52:28] Starting MultiCAD Self-Growth Daemon...
[2026-05-05 02:53:28] Heartbeat is stale or missing. Restarting daemon...
[2026-05-05 02:53:28] Killing stale process 30564...
[2026-05-05 02:53:29] Starting MultiCAD Self-Growth Daemon...
[2026-05-05 02:54:29] Heartbeat is stale or missing. Restarting daemon...
[2026-05-05 02:54:29] Killing stale process 30564...
[2026-05-05 02:54:29] Starting MultiCAD Self-Growth Daemon...
[2026-05-05 02:55:29] Heartbeat is stale or missing. Restarting daemon...
[2026-05-05 02:55:29] Killing stale process 30564...
[2026-05-05 02:55:29] Starting MultiCAD Self-Growth Daemon...
[2026-05-05 02:56:29] Heartbeat is stale or missing. Restarting daemon...
[2026-05-05 02:56:29] Killing stale process 30564...
[2026-05-05 02:56:29] Starting MultiCAD Self-Growth Daemon...
[2026-05-05 02:57:29] Heartbeat is stale or missing. Restarting daemon...
[2026-05-05 02:57:29] Killing stale process 30564...
[2026-05-05 02:57:29] Starting MultiCAD Self-Growth Daemon...
[2026-05-05 02:58:29] Heartbeat is stale or missing. Restarting daemon...
[2026-05-05 02:58:29] Killing stale process 30564...
[2026-05-05 02:58:30] Starting MultiCAD Self-Growth Daemon...
[2026-05-05 02:59:30] Heartbeat is stale or missing. Restarting daemon...
[2026-05-05 02:59:30] Killing stale process 30564...
[2026-05-05 02:59:30] Starting MultiCAD Self-Growth Daemon...
[2026-05-05 03:00:30] Heartbeat is stale or missing. Restarting daemon...
[2026-05-05 03:00:30] Killing stale process 30564...
[2026-05-05 03:00:30] Starting MultiCAD Self-Growth Daemon...
[2026-05-05 03:01:30] Heartbeat is stale or missing. Restarting daemon...
[2026-05-05 03:01:30] Killing stale process 30564...
[2026-05-05 03:01:30] Starting MultiCAD Self-Growth Daemon...
[2026-05-05 03:02:30] Heartbeat is stale or missing. Restarting daemon...
[2026-05-05 03:02:30] Killing stale process 30564...
[2026-05-05 03:02:31] Starting MultiCAD Self-Growth Daemon...
[2026-05-05 03:03:31] Heartbeat is stale or missing. Restarting daemon...
[2026-05-05 03:03:31] Killing stale process 30564...
[2026-05-05 03:03:31] Starting MultiCAD Self-Growth Daemon...
[2026-05-05 03:04:31] Heartbeat is stale or missing. Restarting daemon...
[2026-05-05 03:04:31] Killing stale process 30564...
[2026-05-05 03:04:31] Starting MultiCAD Self-Growth Daemon...
[2026-05-05 03:05:31] Heartbeat is stale or missing. Restarting daemon...
[2026-05-05 03:05:31] Killing stale process 30564...
[2026-05-05 03:05:31] Starting MultiCAD Self-Growth Daemon...
[2026-05-05 03:06:31] Heartbeat is stale or missing. Restarting daemon...
[2026-05-05 03:06:31] Killing stale process 30564...
[2026-05-05 03:06:32] Starting MultiCAD Self-Growth Daemon...
[2026-05-05 03:07:32] Heartbeat is stale or missing. Restarting daemon...
[2026-05-05 03:07:32] Killing stale process 30564...
[2026-05-05 03:07:32] Starting MultiCAD Self-Growth Daemon...
[2026-05-05 03:08:32] Heartbeat is stale or missing. Restarting daemon...
[2026-05-05 03:08:32] Killing stale process 30564...
[2026-05-05 03:08:32] Starting MultiCAD Self-Growth Daemon...
[2026-05-05 03:09:32] Heartbeat is stale or missing. Restarting daemon...
[2026-05-05 03:09:32] Killing stale process 30564...
[2026-05-05 03:09:32] Starting MultiCAD Self-Growth Daemon...
[2026-05-05 03:10:32] Heartbeat is stale or missing. Restarting daemon...
[2026-05-05 03:10:32] Killing stale process 30564...
[2026-05-05 03:10:32] Starting MultiCAD Self-Growth Daemon...
[2026-05-05 03:11:32] Heartbeat is stale or missing. Restarting daemon...
[2026-05-05 03:11:32] Killing stale process 30564...
[2026-05-05 03:11:33] Starting MultiCAD Self-Growth Daemon...
[2026-05-05 03:12:33] Heartbeat is stale or missing. Restarting daemon...
[2026-05-05 03:12:33] Killing stale process 30564...
[2026-05-05 03:12:33] Starting MultiCAD Self-Growth Daemon...
[2026-05-05 03:13:33] Heartbeat is stale or missing. Restarting daemon...
[2026-05-05 03:13:33] Killing stale process 30564...
[2026-05-05 03:13:33] Starting MultiCAD Self-Growth Daemon...
[2026-05-05 03:14:33] Heartbeat is stale or missing. Restarting daemon...
[2026-05-05 03:14:33] Killing stale process 30564...
[2026-05-05 03:14:33] Starting MultiCAD Self-Growth Daemon...
[2026-05-05 03:15:33] Heartbeat is stale or missing. Restarting daemon...
[2026-05-05 03:15:33] Killing stale process 30564...
[2026-05-05 03:15:34] Starting MultiCAD Self-Growth Daemon...
[2026-05-05 03:16:34] Heartbeat is stale or missing. Restarting daemon...
[2026-05-05 03:16:34] Killing stale process 30564...
[2026-05-05 03:16:34] Starting MultiCAD Self-Growth Daemon...
[2026-05-05 03:17:34] Heartbeat is stale or missing. Restarting daemon...
[2026-05-05 03:17:34] Killing stale process 30564...
[2026-05-05 03:17:34] Starting MultiCAD Self-Growth Daemon...
[2026-05-05 03:18:34] Heartbeat is stale or missing. Restarting daemon...
[2026-05-05 03:18:34] Killing stale process 30564...
[2026-05-05 03:18:34] Starting MultiCAD Self-Growth Daemon...
[2026-05-05 03:19:34] Heartbeat is stale or missing. Restarting daemon...
[2026-05-05 03:19:34] Killing stale process 30564...
[2026-05-05 03:19:34] Starting MultiCAD Self-Growth Daemon...
[2026-05-05 03:20:34] Heartbeat is stale or missing. Restarting daemon...
[2026-05-05 03:20:34] Killing stale process 30564...
[2026-05-05 03:20:35] Starting MultiCAD Self-Growth Daemon...
[2026-05-05 03:21:35] Heartbeat is stale or missing. Restarting daemon...
[2026-05-05 03:21:35] Killing stale process 30564...
[2026-05-05 03:21:35] Starting MultiCAD Self-Growth Daemon...
[2026-05-05 03:22:35] Heartbeat is stale or missing. Restarting daemon...
[2026-05-05 03:22:35] Killing stale process 30564...
[2026-05-05 03:22:35] Starting MultiCAD Self-Growth Daemon...
[2026-05-05 03:23:35] Heartbeat is stale or missing. Restarting daemon...
[2026-05-05 03:23:35] Killing stale process 30564...
[2026-05-05 03:23:35] Starting MultiCAD Self-Growth Daemon...
[2026-05-05 03:24:35] Heartbeat is stale or missing. Restarting daemon...
[2026-05-05 03:24:35] Killing stale process 30564...
[2026-05-05 03:24:36] Starting MultiCAD Self-Growth Daemon...
[2026-05-05 03:25:36] Heartbeat is stale or missing. Restarting daemon...
[2026-05-05 03:25:36] Killing stale process 30564...
[2026-05-05 03:25:36] Starting MultiCAD Self-Growth Daemon...
[2026-05-05 03:26:36] Heartbeat is stale or missing. Restarting daemon...
[2026-05-05 03:26:36] Killing stale process 30564...
[2026-05-05 03:26:36] Starting MultiCAD Self-Growth Daemon...
[2026-05-05 03:27:36] Heartbeat is stale or missing. Restarting daemon...
[2026-05-05 03:27:36] Killing stale process 30564...
[2026-05-05 03:27:36] Starting MultiCAD Self-Growth Daemon...
[2026-05-05 03:28:36] Heartbeat is stale or missing. Restarting daemon...
[2026-05-05 03:28:36] Killing stale process 30564...
[2026-05-05 03:28:36] Starting MultiCAD Self-Growth Daemon...
[2026-05-05 03:29:36] Heartbeat is stale or missing. Restarting daemon...
[2026-05-05 03:29:36] Killing stale process 30564...
[2026-05-05 03:29:37] Starting MultiCAD Self-Growth Daemon...
[2026-05-05 03:30:37] Heartbeat is stale or missing. Restarting daemon...
[2026-05-05 03:30:37] Killing stale process 30564...
[2026-05-05 03:30:37] Starting MultiCAD Self-Growth Daemon...
[2026-05-05 03:31:37] Heartbeat is stale or missing. Restarting daemon...
[2026-05-05 03:31:37] Killing stale process 30564...
[2026-05-05 03:31:37] Starting MultiCAD Self-Growth Daemon...
[2026-05-05 03:32:37] Heartbeat is stale or missing. Restarting daemon...
[2026-05-05 03:32:37] Killing stale process 30564...
[2026-05-05 03:32:37] Starting MultiCAD Self-Growth Daemon...
[2026-05-05 03:33:37] Heartbeat is stale or missing. Restarting daemon...
[2026-05-05 03:33:37] Killing stale process 30564...
[2026-05-05 03:33:38] Starting MultiCAD Self-Growth Daemon...
[2026-05-05 03:34:38] Heartbeat is stale or missing. Restarting daemon...
[2026-05-05 03:34:38] Killing stale process 30564...
[2026-05-05 03:34:38] Starting MultiCAD Self-Growth Daemon...
[2026-05-05 03:35:38] Heartbeat is stale or missing. Restarting daemon...
[2026-05-05 03:35:38] Killing stale process 30564...
[2026-05-05 03:35:38] Starting MultiCAD Self-Growth Daemon...
[2026-05-05 03:36:38] Heartbeat is stale or missing. Restarting daemon...
[2026-05-05 03:36:38] Killing stale process 30564...
[2026-05-05 03:36:38] Starting MultiCAD Self-Growth Daemon...
[2026-05-05 03:37:38] Heartbeat is stale or missing. Restarting daemon...
[2026-05-05 03:37:38] Killing stale process 30564...
[2026-05-05 03:37:38] Starting MultiCAD Self-Growth Daemon...
[2026-05-05 03:38:38] Heartbeat is stale or missing. Restarting daemon...
[2026-05-05 03:38:38] Killing stale process 30564...
[2026-05-05 03:38:39] Starting MultiCAD Self-Growth Daemon...
[2026-05-05 03:39:39] Heartbeat is stale or missing. Restarting daemon...
[2026-05-05 03:39:39] Killing stale process 30564...
[2026-05-05 03:39:39] Starting MultiCAD Self-Growth Daemon...
[2026-05-05 03:40:39] Heartbeat is stale or missing. Restarting daemon...
[2026-05-05 03:40:39] Killing stale process 30564...
[2026-05-05 03:40:39] Starting MultiCAD Self-Growth Daemon...
[2026-05-05 03:41:39] Heartbeat is stale or missing. Restarting daemon...
[2026-05-05 03:41:39] Killing stale process 30564...
[2026-05-05 03:41:39] Starting MultiCAD Self-Growth Daemon...
[2026-05-05 03:42:39] Heartbeat is stale or missing. Restarting daemon...
[2026-05-05 03:42:39] Killing stale process 30564...
[2026-05-05 03:42:39] Starting MultiCAD Self-Growth Daemon...
[2026-05-05 03:43:39] Heartbeat is stale or missing. Restarting daemon...
[2026-05-05 03:43:39] Killing stale process 30564...
[2026-05-05 03:43:40] Starting MultiCAD Self-Growth Daemon...
[2026-05-05 03:44:40] Heartbeat is stale or missing. Restarting daemon...
[2026-05-05 03:44:40] Killing stale process 30564...
[2026-05-05 03:44:40] Starting MultiCAD Self-Growth Daemon...
[2026-05-05 03:45:40] Heartbeat is stale or missing. Restarting daemon...
[2026-05-05 03:45:40] Killing stale process 30564...
[2026-05-05 03:45:40] Starting MultiCAD Self-Growth Daemon...
[2026-05-05 03:46:40] Heartbeat is stale or missing. Restarting daemon...
[2026-05-05 03:46:40] Killing stale process 30564...
[2026-05-05 03:46:40] Starting MultiCAD Self-Growth Daemon...
[2026-05-05 03:47:40] Heartbeat is stale or missing. Restarting daemon...
[2026-05-05 03:47:40] Killing stale process 30564...
[2026-05-05 03:47:41] Starting MultiCAD Self-Growth Daemon...
[2026-05-05 03:48:41] Heartbeat is stale or missing. Restarting daemon...
[2026-05-05 03:48:41] Killing stale process 30564...
[2026-05-05 03:48:41] Starting MultiCAD Self-Growth Daemon...
[2026-05-05 03:49:41] Heartbeat is stale or missing. Restarting daemon...
[2026-05-05 03:49:41] Killing stale process 30564...
[2026-05-05 03:49:41] Starting MultiCAD Self-Growth Daemon...
[2026-05-05 03:50:41] Heartbeat is stale or missing. Restarting daemon...
[2026-05-05 03:50:41] Killing stale process 30564...
[2026-05-05 03:50:41] Starting MultiCAD Self-Growth Daemon...
[2026-05-05 03:51:41] Heartbeat is stale or missing. Restarting daemon...
[2026-05-05 03:51:41] Killing stale process 30564...
[2026-05-05 03:51:41] Starting MultiCAD Self-Growth Daemon...
[2026-05-05 03:52:41] Heartbeat is stale or missing. Restarting daemon...
[2026-05-05 03:52:41] Killing stale process 30564...
[2026-05-05 03:52:42] Starting MultiCAD Self-Growth Daemon...
[2026-05-05 03:53:42] Heartbeat is stale or missing. Restarting daemon...
[2026-05-05 03:53:42] Killing stale process 30564...
[2026-05-05 03:53:42] Starting MultiCAD Self-Growth Daemon...
[2026-05-05 03:54:42] Heartbeat is stale or missing. Restarting daemon...
[2026-05-05 03:54:42] Killing stale process 30564...
[2026-05-05 03:54:42] Starting MultiCAD Self-Growth Daemon...
[2026-05-05 03:55:42] Heartbeat is stale or missing. Restarting daemon...
[2026-05-05 03:55:42] Killing stale process 30564...
[2026-05-05 03:55:42] Starting MultiCAD Self-Growth Daemon...
[2026-05-05 03:56:42] Heartbeat is stale or missing. Restarting daemon...
[2026-05-05 03:56:42] Killing stale process 30564...
[2026-05-05 03:56:43] Starting MultiCAD Self-Growth Daemon...
[2026-05-05 03:57:43] Heartbeat is stale or missing. Restarting daemon...
[2026-05-05 03:57:43] Killing stale process 30564...
[2026-05-05 03:57:43] Starting MultiCAD Self-Growth Daemon...
[2026-05-05 03:58:43] Heartbeat is stale or missing. Restarting daemon...
[2026-05-05 03:58:43] Killing stale process 30564...
[2026-05-05 03:58:43] Starting MultiCAD Self-Growth Daemon...
[2026-05-05 03:59:43] Heartbeat is stale or missing. Restarting daemon...
[2026-05-05 03:59:43] Killing stale process 30564...
[2026-05-05 03:59:43] Starting MultiCAD Self-Growth Daemon...
[2026-05-05 04:00:43] Heartbeat is stale or missing. Restarting daemon...
[2026-05-05 04:00:43] Killing stale process 30564...
[2026-05-05 04:00:43] Starting MultiCAD Self-Growth Daemon...
[2026-05-05 04:01:43] Heartbeat is stale or missing. Restarting daemon...
[2026-05-05 04:01:43] Killing stale process 30564...
[2026-05-05 04:01:44] Starting MultiCAD Self-Growth Daemon...
[2026-05-05 04:02:44] Heartbeat is stale or missing. Restarting daemon...
[2026-05-05 04:02:44] Killing stale process 30564...
[2026-05-05 04:02:44] Starting MultiCAD Self-Growth Daemon...
[2026-05-05 04:03:44] Heartbeat is stale or missing. Restarting daemon...
[2026-05-05 04:03:44] Killing stale process 30564...
[2026-05-05 04:03:44] Starting MultiCAD Self-Growth Daemon...
[2026-05-05 04:04:44] Heartbeat is stale or missing. Restarting daemon...
[2026-05-05 04:04:44] Killing stale process 30564...
[2026-05-05 04:04:44] Starting MultiCAD Self-Growth Daemon...
[2026-05-05 04:05:44] Heartbeat is stale or missing. Restarting daemon...
[2026-05-05 04:05:44] Killing stale process 30564...
[2026-05-05 04:05:45] Starting MultiCAD Self-Growth Daemon...
[2026-05-05 04:06:45] Heartbeat is stale or missing. Restarting daemon...
[2026-05-05 04:06:45] Killing stale process 30564...
[2026-05-05 04:06:45] Starting MultiCAD Self-Growth Daemon...
[2026-05-05 04:07:45] Heartbeat is stale or missing. Restarting daemon...
[2026-05-05 04:07:45] Killing stale process 30564...
[2026-05-05 04:07:45] Starting MultiCAD Self-Growth Daemon...
[2026-05-05 04:08:45] Heartbeat is stale or missing. Restarting daemon...
[2026-05-05 04:08:45] Killing stale process 30564...
[2026-05-05 04:08:45] Starting MultiCAD Self-Growth Daemon...
[2026-05-05 04:09:45] Heartbeat is stale or missing. Restarting daemon...
[2026-05-05 04:09:45] Killing stale process 30564...
[2026-05-05 04:09:46] Starting MultiCAD Self-Growth Daemon...
[2026-05-05 04:10:46] Heartbeat is stale or missing. Restarting daemon...
[2026-05-05 04:10:46] Killing stale process 30564...
[2026-05-05 04:10:46] Starting MultiCAD Self-Growth Daemon...
[2026-05-05 04:11:46] Heartbeat is stale or missing. Restarting daemon...
[2026-05-05 04:11:46] Killing stale process 30564...
[2026-05-05 04:11:46] Starting MultiCAD Self-Growth Daemon...
[2026-05-05 04:12:46] Heartbeat is stale or missing. Restarting daemon...
[2026-05-05 04:12:46] Killing stale process 30564...
[2026-05-05 04:12:46] Starting MultiCAD Self-Growth Daemon...
[2026-05-05 04:13:46] Heartbeat is stale or missing. Restarting daemon...
[2026-05-05 04:13:46] Killing stale process 30564...
[2026-05-05 04:13:46] Starting MultiCAD Self-Growth Daemon...
[2026-05-05 04:14:46] Heartbeat is stale or missing. Restarting daemon...
[2026-05-05 04:14:46] Killing stale process 30564...
[2026-05-05 04:14:47] Starting MultiCAD Self-Growth Daemon...
[2026-05-05 04:15:47] Heartbeat is stale or missing. Restarting daemon...
[2026-05-05 04:15:47] Killing stale process 30564...
[2026-05-05 04:15:47] Starting MultiCAD Self-Growth Daemon...
[2026-05-05 04:16:47] Heartbeat is stale or missing. Restarting daemon...
[2026-05-05 04:16:47] Killing stale process 30564...
[2026-05-05 04:16:47] Starting MultiCAD Self-Growth Daemon...
[2026-05-05 04:17:47] Heartbeat is stale or missing. Restarting daemon...
[2026-05-05 04:17:47] Killing stale process 30564...
[2026-05-05 04:17:47] Starting MultiCAD Self-Growth Daemon...
[2026-05-05 04:18:47] Heartbeat is stale or missing. Restarting daemon...
[2026-05-05 04:18:47] Killing stale process 30564...
[2026-05-05 04:18:48] Starting MultiCAD Self-Growth Daemon...
[2026-05-05 04:19:48] Heartbeat is stale or missing. Restarting daemon...
[2026-05-05 04:19:48] Killing stale process 30564...
[2026-05-05 04:19:48] Starting MultiCAD Self-Growth Daemon...
[2026-05-05 04:20:48] Heartbeat is stale or missing. Restarting daemon...
[2026-05-05 04:20:48] Killing stale process 30564...
[2026-05-05 04:20:48] Starting MultiCAD Self-Growth Daemon...
[2026-05-05 04:21:48] Heartbeat is stale or missing. Restarting daemon...
[2026-05-05 04:21:48] Killing stale process 30564...
[2026-05-05 04:21:48] Starting MultiCAD Self-Growth Daemon...
[2026-05-05 04:22:48] Heartbeat is stale or missing. Restarting daemon...
[2026-05-05 04:22:48] Killing stale process 30564...
[2026-05-05 04:22:49] Starting MultiCAD Self-Growth Daemon...
[2026-05-05 04:23:49] Heartbeat is stale or missing. Restarting daemon...
[2026-05-05 04:23:49] Killing stale process 30564...
[2026-05-05 04:23:49] Starting MultiCAD Self-Growth Daemon...
[2026-05-05 04:24:49] Heartbeat is stale or missing. Restarting daemon...
[2026-05-05 04:24:49] Killing stale process 30564...
[2026-05-05 04:24:49] Starting MultiCAD Self-Growth Daemon...
[2026-05-05 04:25:49] Heartbeat is stale or missing. Restarting daemon...
[2026-05-05 04:25:49] Killing stale process 30564...
[2026-05-05 04:25:49] Starting MultiCAD Self-Growth Daemon...
[2026-05-05 04:26:49] Heartbeat is stale or missing. Restarting daemon...
[2026-05-05 04:26:49] Killing stale process 30564...
[2026-05-05 04:26:49] Starting MultiCAD Self-Growth Daemon...
[2026-05-05 04:27:49] Heartbeat is stale or missing. Restarting daemon...
[2026-05-05 04:27:49] Killing stale process 30564...
[2026-05-05 04:27:50] Starting MultiCAD Self-Growth Daemon...
[2026-05-05 04:28:50] Heartbeat is stale or missing. Restarting daemon...
[2026-05-05 04:28:50] Killing stale process 30564...
[2026-05-05 04:28:50] Starting MultiCAD Self-Growth Daemon...
[2026-05-05 04:29:50] Heartbeat is stale or missing. Restarting daemon...
[2026-05-05 04:29:50] Killing stale process 30564...
[2026-05-05 04:29:50] Starting MultiCAD Self-Growth Daemon...
[2026-05-05 04:30:50] Heartbeat is stale or missing. Restarting daemon...
[2026-05-05 04:30:50] Killing stale process 30564...
[2026-05-05 04:30:50] Starting MultiCAD Self-Growth Daemon...
[2026-05-05 04:31:50] Heartbeat is stale or missing. Restarting daemon...
[2026-05-05 04:31:50] Killing stale process 30564...
[2026-05-05 04:31:51] Starting MultiCAD Self-Growth Daemon...
[2026-05-05 04:32:51] Heartbeat is stale or missing. Restarting daemon...
[2026-05-05 04:32:51] Killing stale process 30564...
[2026-05-05 04:32:51] Starting MultiCAD Self-Growth Daemon...
[2026-05-05 04:33:51] Heartbeat is stale or missing. Restarting daemon...
[2026-05-05 04:33:51] Killing stale process 30564...
[2026-05-05 04:33:51] Starting MultiCAD Self-Growth Daemon...
[2026-05-05 04:34:51] Heartbeat is stale or missing. Restarting daemon...
[2026-05-05 04:34:51] Killing stale process 30564...
[2026-05-05 04:34:51] Starting MultiCAD Self-Growth Daemon...
[2026-05-05 04:35:51] Heartbeat is stale or missing. Restarting daemon...
[2026-05-05 04:35:51] Killing stale process 30564...
[2026-05-05 04:35:51] Starting MultiCAD Self-Growth Daemon...
[2026-05-05 04:36:51] Heartbeat is stale or missing. Restarting daemon...
[2026-05-05 04:36:51] Killing stale process 30564...
[2026-05-05 04:36:52] Starting MultiCAD Self-Growth Daemon...
[2026-05-05 04:37:52] Heartbeat is stale or missing. Restarting daemon...
[2026-05-05 04:37:52] Killing stale process 30564...
[2026-05-05 04:37:52] Starting MultiCAD Self-Growth Daemon...
[2026-05-05 04:38:52] Heartbeat is stale or missing. Restarting daemon...
[2026-05-05 04:38:52] Killing stale process 30564...
[2026-05-05 04:38:52] Starting MultiCAD Self-Growth Daemon...
[2026-05-05 04:39:52] Heartbeat is stale or missing. Restarting daemon...
[2026-05-05 04:39:52] Killing stale process 30564...
[2026-05-05 04:39:52] Starting MultiCAD Self-Growth Daemon...
[2026-05-05 04:40:52] Heartbeat is stale or missing. Restarting daemon...
[2026-05-05 04:40:52] Killing stale process 30564...
[2026-05-05 04:40:53] Starting MultiCAD Self-Growth Daemon...
[2026-05-05 04:41:53] Heartbeat is stale or missing. Restarting daemon...
[2026-05-05 04:41:53] Killing stale process 30564...
[2026-05-05 04:41:53] Starting MultiCAD Self-Growth Daemon...
[2026-05-05 04:42:53] Heartbeat is stale or missing. Restarting daemon...
[2026-05-05 04:42:53] Killing stale process 30564...
[2026-05-05 04:42:53] Starting MultiCAD Self-Growth Daemon...
[2026-05-05 04:43:53] Heartbeat is stale or missing. Restarting daemon...
[2026-05-05 04:43:53] Killing stale process 30564...
[2026-05-05 04:43:53] Starting MultiCAD Self-Growth Daemon...
[2026-05-05 04:44:53] Heartbeat is stale or missing. Restarting daemon...
[2026-05-05 04:44:53] Killing stale process 30564...
[2026-05-05 04:44:54] Starting MultiCAD Self-Growth Daemon...
[2026-05-05 04:45:54] Heartbeat is stale or missing. Restarting daemon...
[2026-05-05 04:45:54] Killing stale process 30564...
[2026-05-05 04:45:54] Starting MultiCAD Self-Growth Daemon...
[2026-05-05 04:46:54] Heartbeat is stale or missing. Restarting daemon...
[2026-05-05 04:46:54] Killing stale process 30564...
[2026-05-05 04:46:54] Starting MultiCAD Self-Growth Daemon...
[2026-05-05 04:47:54] Heartbeat is stale or missing. Restarting daemon...
[2026-05-05 04:47:54] Killing stale process 30564...
[2026-05-05 04:47:54] Starting MultiCAD Self-Growth Daemon...
[2026-05-05 04:48:54] Heartbeat is stale or missing. Restarting daemon...
[2026-05-05 04:48:54] Killing stale process 30564...
[2026-05-05 04:48:54] Starting MultiCAD Self-Growth Daemon...
[2026-05-05 04:49:54] Heartbeat is stale or missing. Restarting daemon...
[2026-05-05 04:49:54] Killing stale process 30564...
[2026-05-05 04:49:55] Starting MultiCAD Self-Growth Daemon...
[2026-05-05 04:50:55] Heartbeat is stale or missing. Restarting daemon...
[2026-05-05 04:50:55] Killing stale process 30564...
[2026-05-05 04:50:55] Starting MultiCAD Self-Growth Daemon...
[2026-05-05 04:51:55] Heartbeat is stale or missing. Restarting daemon...
[2026-05-05 04:51:55] Killing stale process 30564...
[2026-05-05 04:51:55] Starting MultiCAD Self-Growth Daemon...
[2026-05-05 04:52:55] Heartbeat is stale or missing. Restarting daemon...
[2026-05-05 04:52:55] Killing stale process 30564...
[2026-05-05 04:52:55] Starting MultiCAD Self-Growth Daemon...
[2026-05-05 04:53:55] Heartbeat is stale or missing. Restarting daemon...
[2026-05-05 04:53:55] Killing stale process 30564...
[2026-05-05 04:53:55] Starting MultiCAD Self-Growth Daemon...
[2026-05-05 04:54:55] Heartbeat is stale or missing. Restarting daemon...
[2026-05-05 04:54:55] Killing stale process 30564...
[2026-05-05 04:54:56] Starting MultiCAD Self-Growth Daemon...
[2026-05-05 04:55:56] Heartbeat is stale or missing. Restarting daemon...
[2026-05-05 04:55:56] Killing stale process 30564...
[2026-05-05 04:55:56] Starting MultiCAD Self-Growth Daemon...
[2026-05-05 04:56:56] Heartbeat is stale or missing. Restarting daemon...
[2026-05-05 04:56:56] Killing stale process 30564...
[2026-05-05 04:56:56] Starting MultiCAD Self-Growth Daemon...
[2026-05-05 04:57:56] Heartbeat is stale or missing. Restarting daemon...
[2026-05-05 04:57:56] Killing stale process 30564...
[2026-05-05 04:57:56] Starting MultiCAD Self-Growth Daemon...
[2026-05-05 04:58:56] Heartbeat is stale or missing. Restarting daemon...
[2026-05-05 04:58:56] Killing stale process 30564...
[2026-05-05 04:58:57] Starting MultiCAD Self-Growth Daemon...
[2026-05-05 04:59:57] Heartbeat is stale or missing. Restarting daemon...
[2026-05-05 04:59:57] Killing stale process 30564...
[2026-05-05 04:59:57] Starting MultiCAD Self-Growth Daemon...
[2026-05-05 05:00:57] Heartbeat is stale or missing. Restarting daemon...
[2026-05-05 05:00:57] Killing stale process 30564...
[2026-05-05 05:00:57] Starting MultiCAD Self-Growth Daemon...
[2026-05-05 05:01:57] Heartbeat is stale or missing. Restarting daemon...
[2026-05-05 05:01:57] Killing stale process 30564...
[2026-05-05 05:01:57] Starting MultiCAD Self-Growth Daemon...
[2026-05-05 05:02:57] Heartbeat is stale or missing. Restarting daemon...
[2026-05-05 05:02:57] Killing stale process 30564...
[2026-05-05 05:02:57] Starting MultiCAD Self-Growth Daemon...
[2026-05-05 05:03:57] Heartbeat is stale or missing. Restarting daemon...
[2026-05-05 05:03:57] Killing stale process 30564...
[2026-05-05 05:03:58] Starting MultiCAD Self-Growth Daemon...
[2026-05-05 05:04:58] Heartbeat is stale or missing. Restarting daemon...
[2026-05-05 05:04:58] Killing stale process 30564...
[2026-05-05 05:04:58] Starting MultiCAD Self-Growth Daemon...
[2026-05-05 05:05:58] Heartbeat is stale or missing. Restarting daemon...
[2026-05-05 05:05:58] Killing stale process 30564...
[2026-05-05 05:05:58] Starting MultiCAD Self-Growth Daemon...
[2026-05-05 05:06:58] Heartbeat is stale or missing. Restarting daemon...
[2026-05-05 05:06:58] Killing stale process 30564...
[2026-05-05 05:06:58] Starting MultiCAD Self-Growth Daemon...
[2026-05-05 05:07:58] Heartbeat is stale or missing. Restarting daemon...
[2026-05-05 05:07:58] Killing stale process 30564...
[2026-05-05 05:07:58] Starting MultiCAD Self-Growth Daemon...
[2026-05-05 05:08:58] Heartbeat is stale or missing. Restarting daemon...
[2026-05-05 05:08:58] Killing stale process 30564...
[2026-05-05 05:08:59] Starting MultiCAD Self-Growth Daemon...
[2026-05-05 05:09:59] Heartbeat is stale or missing. Restarting daemon...
[2026-05-05 05:09:59] Killing stale process 30564...
[2026-05-05 05:09:59] Starting MultiCAD Self-Growth Daemon...
[2026-05-05 05:10:59] Heartbeat is stale or missing. Restarting daemon...
[2026-05-05 05:10:59] Killing stale process 30564...
[2026-05-05 05:10:59] Starting MultiCAD Self-Growth Daemon...
[2026-05-05 05:11:59] Heartbeat is stale or missing. Restarting daemon...
[2026-05-05 05:11:59] Killing stale process 30564...
[2026-05-05 05:11:59] Starting MultiCAD Self-Growth Daemon...
[2026-05-05 05:12:59] Heartbeat is stale or missing. Restarting daemon...
[2026-05-05 05:12:59] Killing stale process 30564...
[2026-05-05 05:13:00] Starting MultiCAD Self-Growth Daemon...
[2026-05-05 05:14:00] Heartbeat is stale or missing. Restarting daemon...
[2026-05-05 05:14:00] Killing stale process 30564...
[2026-05-05 05:14:00] Starting MultiCAD Self-Growth Daemon...
[2026-05-05 05:15:00] Heartbeat is stale or missing. Restarting daemon...
[2026-05-05 05:15:00] Killing stale process 30564...
[2026-05-05 05:15:00] Starting MultiCAD Self-Growth Daemon...
[2026-05-05 05:16:00] Heartbeat is stale or missing. Restarting daemon...
[2026-05-05 05:16:00] Killing stale process 30564...
[2026-05-05 05:16:00] Starting MultiCAD Self-Growth Daemon...
[2026-05-05 05:17:00] Heartbeat is stale or missing. Restarting daemon...
[2026-05-05 05:17:00] Killing stale process 30564...
[2026-05-05 05:17:01] Starting MultiCAD Self-Growth Daemon...
[2026-05-05 05:18:01] Heartbeat is stale or missing. Restarting daemon...
[2026-05-05 05:18:01] Killing stale process 30564...
[2026-05-05 05:18:01] Starting MultiCAD Self-Growth Daemon...
[2026-05-05 05:19:01] Heartbeat is stale or missing. Restarting daemon...
[2026-05-05 05:19:01] Killing stale process 30564...
[2026-05-05 05:19:01] Starting MultiCAD Self-Growth Daemon...
[2026-05-05 05:20:01] Heartbeat is stale or missing. Restarting daemon...
[2026-05-05 05:20:01] Killing stale process 30564...
[2026-05-05 05:20:01] Starting MultiCAD Self-Growth Daemon...
[2026-05-05 05:21:01] Heartbeat is stale or missing. Restarting daemon...
[2026-05-05 05:21:01] Killing stale process 30564...
[2026-05-05 05:21:01] Starting MultiCAD Self-Growth Daemon...
[2026-05-05 05:22:01] Heartbeat is stale or missing. Restarting daemon...
[2026-05-05 05:22:01] Killing stale process 30564...
[2026-05-05 05:22:02] Starting MultiCAD Self-Growth Daemon...
[2026-05-05 05:23:02] Heartbeat is stale or missing. Restarting daemon...
[2026-05-05 05:23:02] Killing stale process 30564...
[2026-05-05 05:23:02] Starting MultiCAD Self-Growth Daemon...
[2026-05-05 05:24:02] Heartbeat is stale or missing. Restarting daemon...
[2026-05-05 05:24:02] Killing stale process 30564...
[2026-05-05 05:24:02] Starting MultiCAD Self-Growth Daemon...
[2026-05-05 05:25:02] Heartbeat is stale or missing. Restarting daemon...
[2026-05-05 05:25:02] Killing stale process 30564...
[2026-05-05 05:25:02] Starting MultiCAD Self-Growth Daemon...
[2026-05-05 05:26:02] Heartbeat is stale or missing. Restarting daemon...
[2026-05-05 05:26:02] Killing stale process 30564...
[2026-05-05 05:26:02] Starting MultiCAD Self-Growth Daemon...
[2026-05-05 05:27:02] Heartbeat is stale or missing. Restarting daemon...
[2026-05-05 05:27:02] Killing stale process 30564...
[2026-05-05 05:27:03] Starting MultiCAD Self-Growth Daemon...
[2026-05-05 05:28:03] Heartbeat is stale or missing. Restarting daemon...
[2026-05-05 05:28:03] Killing stale process 30564...
[2026-05-05 05:28:03] Starting MultiCAD Self-Growth Daemon...
[2026-05-05 05:29:03] Heartbeat is stale or missing. Restarting daemon...
[2026-05-05 05:29:03] Killing stale process 30564...
[2026-05-05 05:29:03] Starting MultiCAD Self-Growth Daemon...
[2026-05-05 05:30:03] Heartbeat is stale or missing. Restarting daemon...
[2026-05-05 05:30:03] Killing stale process 30564...
[2026-05-05 05:30:03] Starting MultiCAD Self-Growth Daemon...
[2026-05-05 05:31:03] Heartbeat is stale or missing. Restarting daemon...
[2026-05-05 05:31:03] Killing stale process 30564...
[2026-05-05 05:31:04] Starting MultiCAD Self-Growth Daemon...
[2026-05-05 05:32:04] Heartbeat is stale or missing. Restarting daemon...
[2026-05-05 05:32:04] Killing stale process 30564...
[2026-05-05 05:32:04] Starting MultiCAD Self-Growth Daemon...
[2026-05-05 05:33:04] Heartbeat is stale or missing. Restarting daemon...
[2026-05-05 05:33:04] Killing stale process 30564...
[2026-05-05 05:33:04] Starting MultiCAD Self-Growth Daemon...
[2026-05-05 05:34:04] Heartbeat is stale or missing. Restarting daemon...
[2026-05-05 05:34:04] Killing stale process 30564...
[2026-05-05 05:34:04] Starting MultiCAD Self-Growth Daemon...
[2026-05-05 05:35:04] Heartbeat is stale or missing. Restarting daemon...
[2026-05-05 05:35:04] Killing stale process 30564...
[2026-05-05 05:35:04] Starting MultiCAD Self-Growth Daemon...
[2026-05-05 05:36:04] Heartbeat is stale or missing. Restarting daemon...
[2026-05-05 05:36:04] Killing stale process 30564...
[2026-05-05 05:36:05] Starting MultiCAD Self-Growth Daemon...
[2026-05-05 05:37:05] Heartbeat is stale or missing. Restarting daemon...
[2026-05-05 05:37:05] Killing stale process 30564...
[2026-05-05 05:37:05] Starting MultiCAD Self-Growth Daemon...
[2026-05-05 05:38:05] Heartbeat is stale or missing. Restarting daemon...
[2026-05-05 05:38:05] Killing stale process 30564...
[2026-05-05 05:38:05] Starting MultiCAD Self-Growth Daemon...
[2026-05-05 05:39:05] Heartbeat is stale or missing. Restarting daemon...
[2026-05-05 05:39:05] Killing stale process 30564...
[2026-05-05 05:39:05] Starting MultiCAD Self-Growth Daemon...
[2026-05-05 05:40:05] Heartbeat is stale or missing. Restarting daemon...
[2026-05-05 05:40:05] Killing stale process 30564...
[2026-05-05 05:40:06] Starting MultiCAD Self-Growth Daemon...
[2026-05-05 05:41:06] Heartbeat is stale or missing. Restarting daemon...
[2026-05-05 05:41:06] Killing stale process 30564...
[2026-05-05 05:41:06] Starting MultiCAD Self-Growth Daemon...
[2026-05-05 05:42:06] Heartbeat is stale or missing. Restarting daemon...
[2026-05-05 05:42:06] Killing stale process 30564...
[2026-05-05 05:42:06] Starting MultiCAD Self-Growth Daemon...
[2026-05-05 05:43:06] Heartbeat is stale or missing. Restarting daemon...
[2026-05-05 05:43:06] Killing stale process 30564...
[2026-05-05 05:43:06] Starting MultiCAD Self-Growth Daemon...
[2026-05-05 05:44:06] Heartbeat is stale or missing. Restarting daemon...
[2026-05-05 05:44:06] Killing stale process 30564...
[2026-05-05 05:44:06] Starting MultiCAD Self-Growth Daemon...
[2026-05-05 05:45:06] Heartbeat is stale or missing. Restarting daemon...
[2026-05-05 05:45:06] Killing stale process 30564...
[2026-05-05 05:45:07] Starting MultiCAD Self-Growth Daemon...
[2026-05-05 05:46:07] Heartbeat is stale or missing. Restarting daemon...
[2026-05-05 05:46:07] Killing stale process 30564...
[2026-05-05 05:46:07] Starting MultiCAD Self-Growth Daemon...
[2026-05-05 05:47:07] Heartbeat is stale or missing. Restarting daemon...
[2026-05-05 05:47:07] Killing stale process 30564...
[2026-05-05 05:47:07] Starting MultiCAD Self-Growth Daemon...
[2026-05-05 05:48:07] Heartbeat is stale or missing. Restarting daemon...
[2026-05-05 05:48:07] Killing stale process 30564...
[2026-05-05 05:48:07] Starting MultiCAD Self-Growth Daemon...
[2026-05-05 05:49:07] Heartbeat is stale or missing. Restarting daemon...
[2026-05-05 05:49:07] Killing stale process 30564...
[2026-05-05 05:49:08] Starting MultiCAD Self-Growth Daemon...
[2026-05-05 05:50:08] Heartbeat is stale or missing. Restarting daemon...
[2026-05-05 05:50:08] Killing stale process 30564...
[2026-05-05 05:50:08] Starting MultiCAD Self-Growth Daemon...
[2026-05-05 05:51:08] Heartbeat is stale or missing. Restarting daemon...
[2026-05-05 05:51:08] Killing stale process 30564...
[2026-05-05 05:51:08] Starting MultiCAD Self-Growth Daemon...
[2026-05-05 05:52:08] Heartbeat is stale or missing. Restarting daemon...
[2026-05-05 05:52:08] Killing stale process 30564...
[2026-05-05 05:52:08] Starting MultiCAD Self-Growth Daemon...
[2026-05-05 05:53:08] Heartbeat is stale or missing. Restarting daemon...
[2026-05-05 05:53:08] Killing stale process 30564...
[2026-05-05 05:53:08] Starting MultiCAD Self-Growth Daemon...
[2026-05-05 05:54:08] Heartbeat is stale or missing. Restarting daemon...
[2026-05-05 05:54:08] Killing stale process 30564...
[2026-05-05 05:54:09] Starting MultiCAD Self-Growth Daemon...
[2026-05-05 05:55:09] Heartbeat is stale or missing. Restarting daemon...
[2026-05-05 05:55:09] Killing stale process 30564...
[2026-05-05 05:55:09] Starting MultiCAD Self-Growth Daemon...
[2026-05-05 05:56:09] Heartbeat is stale or missing. Restarting daemon...
[2026-05-05 05:56:09] Killing stale process 30564...
[2026-05-05 05:56:09] Starting MultiCAD Self-Growth Daemon...
[2026-05-05 05:57:09] Heartbeat is stale or missing. Restarting daemon...
[2026-05-05 05:57:09] Killing stale process 30564...
[2026-05-05 05:57:09] Starting MultiCAD Self-Growth Daemon...
[2026-05-05 05:58:09] Heartbeat is stale or missing. Restarting daemon...
[2026-05-05 05:58:09] Killing stale process 30564...
[2026-05-05 05:58:10] Starting MultiCAD Self-Growth Daemon...
[2026-05-05 05:59:10] Heartbeat is stale or missing. Restarting daemon...
[2026-05-05 05:59:10] Killing stale process 30564...
[2026-05-05 05:59:10] Starting MultiCAD Self-Growth Daemon...
[2026-05-05 06:00:10] Heartbeat is stale or missing. Restarting daemon...
[2026-05-05 06:00:10] Killing stale process 30564...
[2026-05-05 06:00:10] Starting MultiCAD Self-Growth Daemon...
[2026-05-05 06:01:10] Heartbeat is stale or missing. Restarting daemon...
[2026-05-05 06:01:10] Killing stale process 30564...
[2026-05-05 06:01:10] Starting MultiCAD Self-Growth Daemon...
[2026-05-05 06:02:10] Heartbeat is stale or missing. Restarting daemon...
[2026-05-05 06:02:10] Killing stale process 30564...
[2026-05-05 06:02:10] Starting MultiCAD Self-Growth Daemon...
[2026-05-05 06:03:10] Heartbeat is stale or missing. Restarting daemon...
[2026-05-05 06:03:10] Killing stale process 30564...
[2026-05-05 06:03:11] Starting MultiCAD Self-Growth Daemon...
[2026-05-05 06:04:11] Heartbeat is stale or missing. Restarting daemon...
[2026-05-05 06:04:11] Killing stale process 30564...
[2026-05-05 06:04:11] Starting MultiCAD Self-Growth Daemon...
[2026-05-05 06:05:11] Heartbeat is stale or missing. Restarting daemon...
[2026-05-05 06:05:11] Killing stale process 30564...
[2026-05-05 06:05:11] Starting MultiCAD Self-Growth Daemon...
[2026-05-05 06:06:11] Heartbeat is stale or missing. Restarting daemon...
[2026-05-05 06:06:11] Killing stale process 30564...
[2026-05-05 06:06:11] Starting MultiCAD Self-Growth Daemon...
[2026-05-05 06:07:11] Heartbeat is stale or missing. Restarting daemon...
[2026-05-05 06:07:11] Killing stale process 30564...
[2026-05-05 06:07:12] Starting MultiCAD Self-Growth Daemon...
[2026-05-05 06:08:12] Heartbeat is stale or missing. Restarting daemon...
[2026-05-05 06:08:12] Killing stale process 30564...
[2026-05-05 06:08:12] Starting MultiCAD Self-Growth Daemon...
[2026-05-05 06:09:12] Heartbeat is stale or missing. Restarting daemon...
[2026-05-05 06:09:12] Killing stale process 30564...
[2026-05-05 06:09:12] Starting MultiCAD Self-Growth Daemon...
[2026-05-05 06:10:12] Heartbeat is stale or missing. Restarting daemon...
[2026-05-05 06:10:12] Killing stale process 30564...
[2026-05-05 06:10:12] Starting MultiCAD Self-Growth Daemon...
[2026-05-05 06:11:12] Heartbeat is stale or missing. Restarting daemon...
[2026-05-05 06:11:12] Killing stale process 30564...
[2026-05-05 06:11:12] Starting MultiCAD Self-Growth Daemon...
[2026-05-05 06:12:12] Heartbeat is stale or missing. Restarting daemon...
[2026-05-05 06:12:12] Killing stale process 30564...
[2026-05-05 06:12:13] Starting MultiCAD Self-Growth Daemon...
[2026-05-05 06:13:13] Heartbeat is stale or missing. Restarting daemon...
[2026-05-05 06:13:13] Killing stale process 30564...
[2026-05-05 06:13:13] Starting MultiCAD Self-Growth Daemon...
[2026-05-05 06:14:13] Heartbeat is stale or missing. Restarting daemon...
[2026-05-05 06:14:13] Killing stale process 30564...
[2026-05-05 06:14:13] Starting MultiCAD Self-Growth Daemon...
[2026-05-05 06:15:13] Heartbeat is stale or missing. Restarting daemon...
[2026-05-05 06:15:13] Killing stale process 30564...
[2026-05-05 06:15:13] Starting MultiCAD Self-Growth Daemon...
[2026-05-05 06:16:13] Heartbeat is stale or missing. Restarting daemon...
[2026-05-05 06:16:13] Killing stale process 30564...
[2026-05-05 06:16:14] Starting MultiCAD Self-Growth Daemon...
[2026-05-05 06:17:14] Heartbeat is stale or missing. Restarting daemon...
[2026-05-05 06:17:14] Killing stale process 30564...
[2026-05-05 06:17:14] Starting MultiCAD Self-Growth Daemon...
[2026-05-05 06:18:14] Heartbeat is stale or missing. Restarting daemon...
[2026-05-05 06:18:14] Killing stale process 30564...
[2026-05-05 06:18:14] Starting MultiCAD Self-Growth Daemon...
[2026-05-05 06:19:14] Heartbeat is stale or missing. Restarting daemon...
[2026-05-05 06:19:14] Killing stale process 30564...
[2026-05-05 06:19:14] Starting MultiCAD Self-Growth Daemon...
[2026-05-05 06:20:14] Heartbeat is stale or missing. Restarting daemon...
[2026-05-05 06:20:14] Killing stale process 30564...
[2026-05-05 06:20:15] Starting MultiCAD Self-Growth Daemon...
[2026-05-05 06:21:15] Heartbeat is stale or missing. Restarting daemon...
[2026-05-05 06:21:15] Killing stale process 30564...
[2026-05-05 06:21:15] Starting MultiCAD Self-Growth Daemon...
[2026-05-05 06:22:15] Heartbeat is stale or missing. Restarting daemon...
[2026-05-05 06:22:15] Killing stale process 30564...
[2026-05-05 06:22:15] Starting MultiCAD Self-Growth Daemon...
[2026-05-05 06:23:15] Heartbeat is stale or missing. Restarting daemon...
[2026-05-05 06:23:15] Killing stale process 30564...
[2026-05-05 06:23:15] Starting MultiCAD Self-Growth Daemon...
[2026-05-05 06:24:15] Heartbeat is stale or missing. Restarting daemon...
[2026-05-05 06:24:15] Killing stale process 30564...
[2026-05-05 06:24:15] Starting MultiCAD Self-Growth Daemon...
[2026-05-05 06:25:15] Heartbeat is stale or missing. Restarting daemon...
[2026-05-05 06:25:15] Killing stale process 30564...
[2026-05-05 06:25:16] Starting MultiCAD Self-Growth Daemon...
[2026-05-05 06:26:16] Heartbeat is stale or missing. Restarting daemon...
[2026-05-05 06:26:16] Killing stale process 30564...
[2026-05-05 06:26:16] Starting MultiCAD Self-Growth Daemon...
[2026-05-05 06:27:16] Heartbeat is stale or missing. Restarting daemon...
[2026-05-05 06:27:16] Killing stale process 30564...
[2026-05-05 06:27:16] Starting MultiCAD Self-Growth Daemon...
[2026-05-05 06:28:16] Heartbeat is stale or missing. Restarting daemon...
[2026-05-05 06:28:16] Killing stale process 30564...
[2026-05-05 06:28:16] Starting MultiCAD Self-Growth Daemon...
[2026-05-05 06:29:16] Heartbeat is stale or missing. Restarting daemon...
[2026-05-05 06:29:16] Killing stale process 30564...
[2026-05-05 06:29:16] Starting MultiCAD Self-Growth Daemon...
[2026-05-05 06:30:16] Heartbeat is stale or missing. Restarting daemon...
[2026-05-05 06:30:16] Killing stale process 30564...
[2026-05-05 06:30:17] Starting MultiCAD Self-Growth Daemon...
[2026-05-05 06:31:17] Heartbeat is stale or missing. Restarting daemon...
[2026-05-05 06:31:17] Killing stale process 30564...
[2026-05-05 06:31:17] Starting MultiCAD Self-Growth Daemon...
[2026-05-05 06:32:17] Heartbeat is stale or missing. Restarting daemon...
[2026-05-05 06:32:17] Killing stale process 30564...
[2026-05-05 06:32:17] Starting MultiCAD Self-Growth Daemon...
[2026-05-05 06:33:17] Heartbeat is stale or missing. Restarting daemon...
[2026-05-05 06:33:17] Killing stale process 30564...
[2026-05-05 06:33:17] Starting MultiCAD Self-Growth Daemon...
[2026-05-05 06:34:17] Heartbeat is stale or missing. Restarting daemon...
[2026-05-05 06:34:17] Killing stale process 30564...
[2026-05-05 06:34:17] Starting MultiCAD Self-Growth Daemon...
[2026-05-05 06:35:17] Heartbeat is stale or missing. Restarting daemon...
[2026-05-05 06:35:18] Killing stale process 30564...
[2026-05-05 06:35:18] Starting MultiCAD Self-Growth Daemon...
[2026-05-05 06:36:18] Heartbeat is stale or missing. Restarting daemon...
[2026-05-05 06:36:18] Killing stale process 30564...
[2026-05-05 06:36:18] Starting MultiCAD Self-Growth Daemon...
[2026-05-05 06:37:18] Heartbeat is stale or missing. Restarting daemon...
[2026-05-05 06:37:18] Killing stale process 30564...
[2026-05-05 06:37:18] Starting MultiCAD Self-Growth Daemon...
[2026-05-05 06:38:18] Heartbeat is stale or missing. Restarting daemon...
[2026-05-05 06:38:18] Killing stale process 30564...
[2026-05-05 06:38:18] Starting MultiCAD Self-Growth Daemon...
[2026-05-05 06:39:18] Heartbeat is stale or missing. Restarting daemon...
[2026-05-05 06:39:18] Killing stale process 30564...
[2026-05-05 06:39:19] Starting MultiCAD Self-Growth Daemon...
[2026-05-05 06:40:19] Heartbeat is stale or missing. Restarting daemon...
[2026-05-05 06:40:19] Killing stale process 30564...
[2026-05-05 06:40:19] Starting MultiCAD Self-Growth Daemon...
[2026-05-05 06:41:19] Heartbeat is stale or missing. Restarting daemon...
[2026-05-05 06:41:19] Killing stale process 30564...
[2026-05-05 06:41:19] Starting MultiCAD Self-Growth Daemon...
[2026-05-05 06:42:19] Heartbeat is stale or missing. Restarting daemon...
[2026-05-05 06:42:19] Killing stale process 30564...
[2026-05-05 06:42:19] Starting MultiCAD Self-Growth Daemon...
[2026-05-05 06:43:19] Heartbeat is stale or missing. Restarting daemon...
[2026-05-05 06:43:19] Killing stale process 30564...
[2026-05-05 06:43:19] Starting MultiCAD Self-Growth Daemon...
[2026-05-05 06:44:19] Heartbeat is stale or missing. Restarting daemon...
[2026-05-05 06:44:19] Killing stale process 30564...
[2026-05-05 06:44:20] Starting MultiCAD Self-Growth Daemon...
[2026-05-05 06:45:20] Heartbeat is stale or missing. Restarting daemon...
[2026-05-05 06:45:20] Killing stale process 30564...
[2026-05-05 06:45:20] Starting MultiCAD Self-Growth Daemon...
[2026-05-05 06:46:20] Heartbeat is stale or missing. Restarting daemon...
[2026-05-05 06:46:20] Killing stale process 30564...
[2026-05-05 06:46:20] Starting MultiCAD Self-Growth Daemon...
[2026-05-05 06:47:20] Heartbeat is stale or missing. Restarting daemon...
[2026-05-05 06:47:20] Killing stale process 30564...
[2026-05-05 06:47:20] Starting MultiCAD Self-Growth Daemon...
[2026-05-05 06:48:20] Heartbeat is stale or missing. Restarting daemon...
[2026-05-05 06:48:20] Killing stale process 30564...
[2026-05-05 06:48:21] Starting MultiCAD Self-Growth Daemon...
[2026-05-05 06:49:21] Heartbeat is stale or missing. Restarting daemon...
[2026-05-05 06:49:21] Killing stale process 30564...
[2026-05-05 06:49:21] Starting MultiCAD Self-Growth Daemon...
[2026-05-05 06:50:21] Heartbeat is stale or missing. Restarting daemon...
[2026-05-05 06:50:21] Killing stale process 30564...
[2026-05-05 06:50:21] Starting MultiCAD Self-Growth Daemon...
[2026-05-05 06:51:21] Heartbeat is stale or missing. Restarting daemon...
[2026-05-05 06:51:21] Killing stale process 30564...
[2026-05-05 06:51:21] Starting MultiCAD Self-Growth Daemon...
[2026-05-05 06:52:21] Heartbeat is stale or missing. Restarting daemon...
[2026-05-05 06:52:21] Killing stale process 30564...
[2026-05-05 06:52:22] Starting MultiCAD Self-Growth Daemon...
[2026-05-05 06:53:22] Heartbeat is stale or missing. Restarting daemon...
[2026-05-05 06:53:22] Killing stale process 30564...
[2026-05-05 06:53:22] Starting MultiCAD Self-Growth Daemon...
[2026-05-05 06:54:22] Heartbeat is stale or missing. Restarting daemon...
[2026-05-05 06:54:22] Killing stale process 30564...
[2026-05-05 06:54:22] Starting MultiCAD Self-Growth Daemon...
[2026-05-05 06:55:22] Heartbeat is stale or missing. Restarting daemon...
[2026-05-05 06:55:22] Killing stale process 30564...
[2026-05-05 06:55:22] Starting MultiCAD Self-Growth Daemon...
[2026-05-05 06:56:22] Heartbeat is stale or missing. Restarting daemon...
[2026-05-05 06:56:22] Killing stale process 30564...
[2026-05-05 06:56:22] Starting MultiCAD Self-Growth Daemon...
[2026-05-05 06:57:22] Heartbeat is stale or missing. Restarting daemon...
[2026-05-05 06:57:22] Killing stale process 30564...
[2026-05-05 06:57:23] Starting MultiCAD Self-Growth Daemon...
[2026-05-05 06:58:23] Heartbeat is stale or missing. Restarting daemon...
[2026-05-05 06:58:23] Killing stale process 30564...
[2026-05-05 06:58:23] Starting MultiCAD Self-Growth Daemon...
[2026-05-05 06:59:23] Heartbeat is stale or missing. Restarting daemon...
[2026-05-05 06:59:23] Killing stale process 30564...
[2026-05-05 06:59:23] Starting MultiCAD Self-Growth Daemon...
[2026-05-05 07:00:23] Heartbeat is stale or missing. Restarting daemon...
[2026-05-05 07:00:23] Killing stale process 30564...
[2026-05-05 07:00:23] Starting MultiCAD Self-Growth Daemon...
[2026-05-05 07:01:23] Heartbeat is stale or missing. Restarting daemon...
[2026-05-05 07:01:23] Killing stale process 30564...
[2026-05-05 07:01:24] Starting MultiCAD Self-Growth Daemon...
[2026-05-05 07:02:24] Heartbeat is stale or missing. Restarting daemon...
[2026-05-05 07:02:24] Killing stale process 30564...
[2026-05-05 07:02:24] Starting MultiCAD Self-Growth Daemon...
[2026-05-05 07:03:24] Heartbeat is stale or missing. Restarting daemon...
[2026-05-05 07:03:24] Killing stale process 30564...
[2026-05-05 07:03:24] Starting MultiCAD Self-Growth Daemon...
[2026-05-05 07:04:24] Heartbeat is stale or missing. Restarting daemon...
[2026-05-05 07:04:24] Killing stale process 30564...
[2026-05-05 07:04:24] Starting MultiCAD Self-Growth Daemon...
[2026-05-05 07:05:24] Heartbeat is stale or missing. Restarting daemon...
[2026-05-05 07:05:24] Killing stale process 30564...
[2026-05-05 07:05:24] Starting MultiCAD Self-Growth Daemon...
[2026-05-05 07:06:24] Heartbeat is stale or missing. Restarting daemon...
[2026-05-05 07:06:24] Killing stale process 30564...
[2026-05-05 07:06:25] Starting MultiCAD Self-Growth Daemon...
[2026-05-05 07:07:25] Heartbeat is stale or missing. Restarting daemon...
[2026-05-05 07:07:25] Killing stale process 30564...
[2026-05-05 07:07:25] Starting MultiCAD Self-Growth Daemon...
[2026-05-05 07:08:25] Heartbeat is stale or missing. Restarting daemon...
[2026-05-05 07:08:25] Killing stale process 30564...
[2026-05-05 07:08:25] Starting MultiCAD Self-Growth Daemon...
[2026-05-05 07:09:25] Heartbeat is stale or missing. Restarting daemon...
[2026-05-05 07:09:25] Killing stale process 30564...
[2026-05-05 07:09:25] Starting MultiCAD Self-Growth Daemon...
[2026-05-05 07:10:25] Heartbeat is stale or missing. Restarting daemon...
[2026-05-05 07:10:25] Killing stale process 30564...
[2026-05-05 07:10:26] Starting MultiCAD Self-Growth Daemon...
[2026-05-05 07:11:26] Heartbeat is stale or missing. Restarting daemon...
[2026-05-05 07:11:26] Killing stale process 30564...
[2026-05-05 07:11:26] Starting MultiCAD Self-Growth Daemon...
[2026-05-05 07:12:26] Heartbeat is stale or missing. Restarting daemon...
[2026-05-05 07:12:26] Killing stale process 30564...
[2026-05-05 07:12:26] Starting MultiCAD Self-Growth Daemon...
[2026-05-05 07:13:26] Heartbeat is stale or missing. Restarting daemon...
[2026-05-05 07:13:26] Killing stale process 30564...
[2026-05-05 07:13:26] Starting MultiCAD Self-Growth Daemon...
[2026-05-05 07:14:26] Heartbeat is stale or missing. Restarting daemon...
[2026-05-05 07:14:26] Killing stale process 30564...
[2026-05-05 07:14:26] Starting MultiCAD Self-Growth Daemon...
[2026-05-05 07:15:26] Heartbeat is stale or missing. Restarting daemon...
[2026-05-05 07:15:26] Killing stale process 30564...
[2026-05-05 07:15:27] Starting MultiCAD Self-Growth Daemon...
[2026-05-05 07:16:27] Heartbeat is stale or missing. Restarting daemon...
[2026-05-05 07:16:27] Killing stale process 30564...
[2026-05-05 07:16:27] Starting MultiCAD Self-Growth Daemon...
[2026-05-05 07:17:27] Heartbeat is stale or missing. Restarting daemon...
[2026-05-05 07:17:27] Killing stale process 30564...
[2026-05-05 07:17:27] Starting MultiCAD Self-Growth Daemon...
[2026-05-05 07:18:27] Heartbeat is stale or missing. Restarting daemon...
[2026-05-05 07:18:27] Killing stale process 30564...
[2026-05-05 07:18:27] Starting MultiCAD Self-Growth Daemon...
[2026-05-05 07:19:27] Heartbeat is stale or missing. Restarting daemon...
[2026-05-05 07:19:27] Killing stale process 30564...
[2026-05-05 07:19:27] Starting MultiCAD Self-Growth Daemon...
[2026-05-05 07:20:27] Heartbeat is stale or missing. Restarting daemon...
[2026-05-05 07:20:27] Killing stale process 30564...
[2026-05-05 07:20:28] Starting MultiCAD Self-Growth Daemon...
[2026-05-05 07:21:28] Heartbeat is stale or missing. Restarting daemon...
[2026-05-05 07:21:28] Killing stale process 30564...
[2026-05-05 07:21:28] Starting MultiCAD Self-Growth Daemon...
[2026-05-05 07:22:28] Heartbeat is stale or missing. Restarting daemon...
[2026-05-05 07:22:28] Killing stale process 30564...
[2026-05-05 07:22:28] Starting MultiCAD Self-Growth Daemon...
[2026-05-05 07:23:28] Heartbeat is stale or missing. Restarting daemon...
[2026-05-05 07:23:28] Killing stale process 30564...
[2026-05-05 07:23:29] Starting MultiCAD Self-Growth Daemon...
[2026-05-05 07:24:29] Heartbeat is stale or missing. Restarting daemon...
[2026-05-05 07:24:29] Killing stale process 30564...
[2026-05-05 07:24:29] Starting MultiCAD Self-Growth Daemon...
[2026-05-05 07:25:29] Heartbeat is stale or missing. Restarting daemon...
[2026-05-05 07:25:29] Killing stale process 30564...
[2026-05-05 07:25:29] Starting MultiCAD Self-Growth Daemon...
[2026-05-05 07:26:29] Heartbeat is stale or missing. Restarting daemon...
[2026-05-05 07:26:29] Killing stale process 30564...
[2026-05-05 07:26:29] Starting MultiCAD Self-Growth Daemon...
[2026-05-05 07:27:29] Heartbeat is stale or missing. Restarting daemon...
[2026-05-05 07:27:29] Killing stale process 30564...
[2026-05-05 07:27:29] Starting MultiCAD Self-Growth Daemon...
[2026-05-05 07:28:29] Heartbeat is stale or missing. Restarting daemon...
[2026-05-05 07:28:29] Killing stale process 30564...
[2026-05-05 07:28:30] Starting MultiCAD Self-Growth Daemon...
[2026-05-05 07:29:30] Heartbeat is stale or missing. Restarting daemon...
[2026-05-05 07:29:30] Killing stale process 30564...
[2026-05-05 07:29:30] Starting MultiCAD Self-Growth Daemon...
[2026-05-05 07:30:30] Heartbeat is stale or missing. Restarting daemon...
[2026-05-05 07:30:30] Killing stale process 30564...
[2026-05-05 07:30:30] Starting MultiCAD Self-Growth Daemon...
[2026-05-05 07:31:30] Heartbeat is stale or missing. Restarting daemon...
[2026-05-05 07:31:30] Killing stale process 30564...
[2026-05-05 07:31:30] Starting MultiCAD Self-Growth Daemon...
[2026-05-05 07:32:30] Heartbeat is stale or missing. Restarting daemon...
[2026-05-05 07:32:30] Killing stale process 30564...
[2026-05-05 07:32:30] Starting MultiCAD Self-Growth Daemon...
[2026-05-05 07:33:30] Heartbeat is stale or missing. Restarting daemon...
[2026-05-05 07:33:30] Killing stale process 30564...
[2026-05-05 07:33:31] Starting MultiCAD Self-Growth Daemon...
[2026-05-05 07:34:31] Heartbeat is stale or missing. Restarting daemon...
[2026-05-05 07:34:31] Killing stale process 30564...
[2026-05-05 07:34:31] Starting MultiCAD Self-Growth Daemon...
[2026-05-05 07:35:31] Heartbeat is stale or missing. Restarting daemon...
[2026-05-05 07:35:31] Killing stale process 30564...
[2026-05-05 07:35:31] Starting MultiCAD Self-Growth Daemon...
[2026-05-05 07:36:31] Heartbeat is stale or missing. Restarting daemon...
[2026-05-05 07:36:31] Killing stale process 30564...
[2026-05-05 07:36:32] Starting MultiCAD Self-Growth Daemon...
[2026-05-05 07:37:32] Heartbeat is stale or missing. Restarting daemon...
[2026-05-05 07:37:32] Killing stale process 30564...
[2026-05-05 07:37:32] Starting MultiCAD Self-Growth Daemon...
[2026-05-05 07:38:32] Heartbeat is stale or missing. Restarting daemon...
[2026-05-05 07:38:32] Killing stale process 30564...
[2026-05-05 07:38:32] Starting MultiCAD Self-Growth Daemon...
[2026-05-05 07:39:32] Heartbeat is stale or missing. Restarting daemon...
[2026-05-05 07:39:32] Killing stale process 30564...
[2026-05-05 07:39:33] Starting MultiCAD Self-Growth Daemon...
[2026-05-05 07:40:33] Heartbeat is stale or missing. Restarting daemon...
[2026-05-05 07:40:33] Killing stale process 30564...
[2026-05-05 07:40:33] Starting MultiCAD Self-Growth Daemon...
[2026-05-05 07:41:33] Heartbeat is stale or missing. Restarting daemon...
[2026-05-05 07:41:33] Killing stale process 30564...
[2026-05-05 07:41:33] Starting MultiCAD Self-Growth Daemon...
[2026-05-05 07:42:33] Heartbeat is stale or missing. Restarting daemon...
[2026-05-05 07:42:33] Killing stale process 30564...
[2026-05-05 07:42:34] Starting MultiCAD Self-Growth Daemon...
[2026-05-05 07:43:34] Heartbeat is stale or missing. Restarting daemon...
[2026-05-05 07:43:34] Killing stale process 30564...
[2026-05-05 07:43:34] Starting MultiCAD Self-Growth Daemon...
[2026-05-05 07:44:34] Heartbeat is stale or missing. Restarting daemon...
[2026-05-05 07:44:34] Killing stale process 30564...
[2026-05-05 07:44:34] Starting MultiCAD Self-Growth Daemon...
[2026-05-05 07:45:35] Heartbeat is stale or missing. Restarting daemon...
[2026-05-05 07:45:35] Killing stale process 30564...
[2026-05-05 07:45:35] Starting MultiCAD Self-Growth Daemon...
[2026-05-05 07:46:35] Heartbeat is stale or missing. Restarting daemon...
[2026-05-05 07:46:35] Killing stale process 30564...
[2026-05-05 07:46:35] Starting MultiCAD Self-Growth Daemon...
[2026-05-05 07:47:35] Heartbeat is stale or missing. Restarting daemon...
[2026-05-05 07:47:35] Killing stale process 30564...
[2026-05-05 07:47:36] Starting MultiCAD Self-Growth Daemon...
[2026-05-05 07:48:36] Heartbeat is stale or missing. Restarting daemon...
[2026-05-05 07:48:36] Killing stale process 30564...
[2026-05-05 07:48:36] Starting MultiCAD Self-Growth Daemon...
[2026-05-05 07:49:36] Heartbeat is stale or missing. Restarting daemon...
[2026-05-05 07:49:36] Killing stale process 30564...
[2026-05-05 07:49:36] Starting MultiCAD Self-Growth Daemon...
[2026-05-05 07:50:36] Heartbeat is stale or missing. Restarting daemon...
[2026-05-05 07:50:36] Killing stale process 30564...
[2026-05-05 07:50:37] Starting MultiCAD Self-Growth Daemon...
[2026-05-05 07:51:37] Heartbeat is stale or missing. Restarting daemon...
[2026-05-05 07:51:37] Killing stale process 30564...
[2026-05-05 07:51:37] Starting MultiCAD Self-Growth Daemon...
[2026-05-05 07:52:37] Heartbeat is stale or missing. Restarting daemon...
[2026-05-05 07:52:37] Killing stale process 30564...
[2026-05-05 07:52:37] Starting MultiCAD Self-Growth Daemon...
[2026-05-05 07:53:37] Heartbeat is stale or missing. Restarting daemon...
[2026-05-05 07:53:37] Killing stale process 30564...
[2026-05-05 07:53:38] Starting MultiCAD Self-Growth Daemon...
[2026-05-05 07:54:38] Heartbeat is stale or missing. Restarting daemon...
[2026-05-05 07:54:38] Killing stale process 30564...
[2026-05-05 07:54:38] Starting MultiCAD Self-Growth Daemon...
[2026-05-05 07:55:38] Heartbeat is stale or missing. Restarting daemon...
[2026-05-05 07:55:38] Killing stale process 30564...
[2026-05-05 07:55:39] Starting MultiCAD Self-Growth Daemon...
[2026-05-05 07:56:39] Heartbeat is stale or missing. Restarting daemon...
[2026-05-05 07:56:39] Killing stale process 30564...
[2026-05-05 07:56:39] Starting MultiCAD Self-Growth Daemon...
[2026-05-05 07:57:39] Heartbeat is stale or missing. Restarting daemon...
[2026-05-05 07:57:39] Killing stale process 30564...
[2026-05-05 07:57:39] Starting MultiCAD Self-Growth Daemon...
[2026-05-05 07:58:39] Heartbeat is stale or missing. Restarting daemon...
[2026-05-05 07:58:39] Killing stale process 30564...
[2026-05-05 07:58:40] Starting MultiCAD Self-Growth Daemon...
[2026-05-05 07:59:40] Heartbeat is stale or missing. Restarting daemon...
[2026-05-05 07:59:40] Killing stale process 30564...
[2026-05-05 07:59:40] Starting MultiCAD Self-Growth Daemon...
[2026-05-05 08:00:40] Heartbeat is stale or missing. Restarting daemon...
[2026-05-05 08:00:40] Killing stale process 30564...
[2026-05-05 08:00:40] Starting MultiCAD Self-Growth Daemon...
[2026-05-05 08:01:40] Heartbeat is stale or missing. Restarting daemon...
[2026-05-05 08:01:40] Killing stale process 30564...
[2026-05-05 08:01:41] Starting MultiCAD Self-Growth Daemon...
[2026-05-05 08:02:41] Heartbeat is stale or missing. Restarting daemon...
[2026-05-05 08:02:41] Killing stale process 30564...
[2026-05-05 08:02:41] Starting MultiCAD Self-Growth Daemon...
[2026-05-05 08:03:41] Heartbeat is stale or missing. Restarting daemon...
[2026-05-05 08:03:41] Killing stale process 30564...
[2026-05-05 08:03:41] Starting MultiCAD Self-Growth Daemon...
[2026-05-05 08:04:41] Heartbeat is stale or missing. Restarting daemon...
[2026-05-05 08:04:41] Killing stale process 30564...
[2026-05-05 08:04:42] Starting MultiCAD Self-Growth Daemon...
[2026-05-05 08:05:42] Heartbeat is stale or missing. Restarting daemon...
[2026-05-05 08:05:42] Killing stale process 30564...
[2026-05-05 08:05:42] Starting MultiCAD Self-Growth Daemon...
[2026-05-05 08:06:42] Heartbeat is stale or missing. Restarting daemon...
[2026-05-05 08:06:42] Killing stale process 30564...
[2026-05-05 08:06:43] Starting MultiCAD Self-Growth Daemon...
[2026-05-05 08:07:43] Heartbeat is stale or missing. Restarting daemon...
[2026-05-05 08:07:43] Killing stale process 30564...
[2026-05-05 08:07:43] Starting MultiCAD Self-Growth Daemon...
[2026-05-05 08:08:43] Heartbeat is stale or missing. Restarting daemon...
[2026-05-05 08:08:43] Killing stale process 30564...
[2026-05-05 08:08:43] Starting MultiCAD Self-Growth Daemon...
[2026-05-05 08:09:43] Heartbeat is stale or missing. Restarting daemon...
[2026-05-05 08:09:43] Killing stale process 30564...
[2026-05-05 08:09:44] Starting MultiCAD Self-Growth Daemon...
[2026-05-05 08:10:44] Heartbeat is stale or missing. Restarting daemon...
[2026-05-05 08:10:44] Killing stale process 30564...
[2026-05-05 08:10:44] Starting MultiCAD Self-Growth Daemon...
[2026-05-05 08:11:44] Heartbeat is stale or missing. Restarting daemon...
[2026-05-05 08:11:44] Killing stale process 30564...
[2026-05-05 08:11:44] Starting MultiCAD Self-Growth Daemon...
[2026-05-05 08:12:44] Heartbeat is stale or missing. Restarting daemon...
[2026-05-05 08:12:44] Killing stale process 30564...
[2026-05-05 08:12:45] Starting MultiCAD Self-Growth Daemon...
[2026-05-05 08:13:45] Heartbeat is stale or missing. Restarting daemon...
[2026-05-05 08:13:45] Killing stale process 30564...
[2026-05-05 08:13:45] Starting MultiCAD Self-Growth Daemon...
[2026-05-05 08:14:45] Heartbeat is stale or missing. Restarting daemon...
[2026-05-05 08:14:45] Killing stale process 30564...
[2026-05-05 08:14:45] Starting MultiCAD Self-Growth Daemon...
[2026-05-05 08:15:45] Heartbeat is stale or missing. Restarting daemon...
[2026-05-05 08:15:45] Killing stale process 30564...
[2026-05-05 08:15:46] Starting MultiCAD Self-Growth Daemon...
[2026-05-05 08:16:46] Heartbeat is stale or missing. Restarting daemon...
[2026-05-05 08:16:46] Killing stale process 30564...
[2026-05-05 08:16:46] Starting MultiCAD Self-Growth Daemon...
[2026-05-05 08:17:46] Heartbeat is stale or missing. Restarting daemon...
[2026-05-05 08:17:46] Killing stale process 30564...
[2026-05-05 08:17:47] Starting MultiCAD Self-Growth Daemon...
[2026-05-05 08:18:47] Heartbeat is stale or missing. Restarting daemon...
[2026-05-05 08:18:47] Killing stale process 30564...
[2026-05-05 08:18:47] Starting MultiCAD Self-Growth Daemon...
[2026-05-05 08:19:47] Heartbeat is stale or missing. Restarting daemon...
[2026-05-05 08:19:47] Killing stale process 30564...
[2026-05-05 08:19:47] Starting MultiCAD Self-Growth Daemon...
[2026-05-05 08:20:47] Heartbeat is stale or missing. Restarting daemon...
[2026-05-05 08:20:47] Killing stale process 30564...
[2026-05-05 08:20:48] Starting MultiCAD Self-Growth Daemon...
[2026-05-05 08:21:48] Heartbeat is stale or missing. Restarting daemon...
[2026-05-05 08:21:48] Killing stale process 30564...
[2026-05-05 08:21:48] Starting MultiCAD Self-Growth Daemon...
[2026-05-05 08:22:48] Heartbeat is stale or missing. Restarting daemon...
[2026-05-05 08:22:48] Killing stale process 30564...
[2026-05-05 08:22:48] Starting MultiCAD Self-Growth Daemon...
[2026-05-05 08:23:48] Heartbeat is stale or missing. Restarting daemon...
[2026-05-05 08:23:48] Killing stale process 30564...
[2026-05-05 08:23:49] Starting MultiCAD Self-Growth Daemon...
[2026-05-05 08:24:49] Heartbeat is stale or missing. Restarting daemon...
[2026-05-05 08:24:49] Killing stale process 30564...
[2026-05-05 08:24:49] Starting MultiCAD Self-Growth Daemon...
[2026-05-05 08:25:49] Heartbeat is stale or missing. Restarting daemon...
[2026-05-05 08:25:49] Killing stale process 30564...
[2026-05-05 08:25:49] Starting MultiCAD Self-Growth Daemon...
[2026-05-05 08:26:49] Heartbeat is stale or missing. Restarting daemon...
[2026-05-05 08:26:49] Killing stale process 30564...
[2026-05-05 08:26:50] Starting MultiCAD Self-Growth Daemon...
[2026-05-05 08:27:50] Heartbeat is stale or missing. Restarting daemon...
[2026-05-05 08:27:50] Killing stale process 30564...
[2026-05-05 08:27:50] Starting MultiCAD Self-Growth Daemon...
[2026-05-05 08:28:50] Heartbeat is stale or missing. Restarting daemon...
[2026-05-05 08:28:50] Killing stale process 30564...
[2026-05-05 08:28:50] Starting MultiCAD Self-Growth Daemon...
[2026-05-05 08:29:50] Heartbeat is stale or missing. Restarting daemon...
[2026-05-05 08:29:50] Killing stale process 30564...
[2026-05-05 08:29:51] Starting MultiCAD Self-Growth Daemon...
[2026-05-05 08:30:51] Heartbeat is stale or missing. Restarting daemon...
[2026-05-05 08:30:51] Killing stale process 30564...
[2026-05-05 08:30:51] Starting MultiCAD Self-Growth Daemon...
[2026-05-05 08:31:51] Heartbeat is stale or missing. Restarting daemon...
[2026-05-05 08:31:51] Killing stale process 30564...
[2026-05-05 08:31:51] Starting MultiCAD Self-Growth Daemon...
[2026-05-05 08:32:51] Heartbeat is stale or missing. Restarting daemon...
[2026-05-05 08:32:51] Killing stale process 30564...
[2026-05-05 08:32:52] Starting MultiCAD Self-Growth Daemon...
[2026-05-05 08:33:52] Heartbeat is stale or missing. Restarting daemon...
[2026-05-05 08:33:52] Killing stale process 30564...
[2026-05-05 08:33:52] Starting MultiCAD Self-Growth Daemon...
[2026-05-05 08:34:52] Heartbeat is stale or missing. Restarting daemon...
[2026-05-05 08:34:52] Killing stale process 30564...
[2026-05-05 08:34:52] Starting MultiCAD Self-Growth Daemon...
[2026-05-05 08:35:52] Heartbeat is stale or missing. Restarting daemon...
[2026-05-05 08:35:52] Killing stale process 30564...
[2026-05-05 08:35:53] Starting MultiCAD Self-Growth Daemon...
[2026-05-05 08:36:53] Heartbeat is stale or missing. Restarting daemon...
[2026-05-05 08:36:53] Killing stale process 30564...
[2026-05-05 08:36:53] Starting MultiCAD Self-Growth Daemon...
[2026-05-05 08:37:53] Heartbeat is stale or missing. Restarting daemon...
[2026-05-05 08:37:53] Killing stale process 30564...
[2026-05-05 08:37:54] Starting MultiCAD Self-Growth Daemon...
[2026-05-05 08:38:54] Heartbeat is stale or missing. Restarting daemon...
[2026-05-05 08:38:54] Killing stale process 30564...
[2026-05-05 08:38:54] Starting MultiCAD Self-Growth Daemon...
[2026-05-05 08:39:54] Heartbeat is stale or missing. Restarting daemon...
[2026-05-05 08:39:54] Killing stale process 30564...
[2026-05-05 08:39:54] Starting MultiCAD Self-Growth Daemon...
[2026-05-05 08:40:54] Heartbeat is stale or missing. Restarting daemon...
[2026-05-05 08:40:54] Killing stale process 30564...
[2026-05-05 08:40:55] Starting MultiCAD Self-Growth Daemon...
[2026-05-05 08:41:55] Heartbeat is stale or missing. Restarting daemon...
[2026-05-05 08:41:55] Killing stale process 30564...
[2026-05-05 08:41:55] Starting MultiCAD Self-Growth Daemon...
[2026-05-05 08:42:55] Heartbeat is stale or missing. Restarting daemon...
[2026-05-05 08:42:55] Killing stale process 30564...
[2026-05-05 08:42:55] Starting MultiCAD Self-Growth Daemon...
[2026-05-05 08:43:55] Heartbeat is stale or missing. Restarting daemon...
[2026-05-05 08:43:55] Killing stale process 30564...
[2026-05-05 08:43:56] Starting MultiCAD Self-Growth Daemon...
[2026-05-05 08:44:56] Heartbeat is stale or missing. Restarting daemon...
[2026-05-05 08:44:56] Killing stale process 30564...
[2026-05-05 08:44:56] Starting MultiCAD Self-Growth Daemon...
[2026-05-05 08:45:56] Heartbeat is stale or missing. Restarting daemon...
[2026-05-05 08:45:56] Killing stale process 30564...
[2026-05-05 08:45:56] Starting MultiCAD Self-Growth Daemon...
[2026-05-05 08:46:56] Heartbeat is stale or missing. Restarting daemon...
[2026-05-05 08:46:56] Killing stale process 30564...
[2026-05-05 08:46:57] Starting MultiCAD Self-Growth Daemon...
[2026-05-05 08:47:57] Heartbeat is stale or missing. Restarting daemon...
[2026-05-05 08:47:57] Killing stale process 30564...
[2026-05-05 08:47:57] Starting MultiCAD Self-Growth Daemon...
[2026-05-05 08:48:57] Heartbeat is stale or missing. Restarting daemon...
[2026-05-05 08:48:57] Killing stale process 30564...
[2026-05-05 08:48:57] Starting MultiCAD Self-Growth Daemon...
[2026-05-05 08:49:57] Heartbeat is stale or missing. Restarting daemon...
[2026-05-05 08:49:57] Killing stale process 30564...
[2026-05-05 08:49:58] Starting MultiCAD Self-Growth Daemon...
[2026-05-05 08:50:58] Heartbeat is stale or missing. Restarting daemon...
[2026-05-05 08:50:58] Killing stale process 30564...
[2026-05-05 08:50:58] Starting MultiCAD Self-Growth Daemon...
[2026-05-05 08:51:58] Heartbeat is stale or missing. Restarting daemon...
[2026-05-05 08:51:58] Killing stale process 30564...
[2026-05-05 08:51:58] Starting MultiCAD Self-Growth Daemon...
[2026-05-05 08:52:58] Heartbeat is stale or missing. Restarting daemon...
[2026-05-05 08:52:58] Killing stale process 30564...
[2026-05-05 08:52:59] Starting MultiCAD Self-Growth Daemon...
[2026-05-05 08:53:59] Heartbeat is stale or missing. Restarting daemon...
[2026-05-05 08:53:59] Killing stale process 30564...
[2026-05-05 08:53:59] Starting MultiCAD Self-Growth Daemon...
[2026-05-05 08:54:59] Heartbeat is stale or missing. Restarting daemon...
[2026-05-05 08:54:59] Killing stale process 30564...
[2026-05-05 08:54:59] Starting MultiCAD Self-Growth Daemon...
[2026-05-05 08:55:59] Heartbeat is stale or missing. Restarting daemon...
[2026-05-05 08:55:59] Killing stale process 30564...
[2026-05-05 08:56:00] Starting MultiCAD Self-Growth Daemon...
[2026-05-05 08:57:00] Heartbeat is stale or missing. Restarting daemon...
[2026-05-05 08:57:00] Killing stale process 30564...
[2026-05-05 08:57:00] Starting MultiCAD Self-Growth Daemon...
[2026-05-05 08:58:00] Heartbeat is stale or missing. Restarting daemon...
[2026-05-05 08:58:00] Killing stale process 30564...
[2026-05-05 08:58:00] Starting MultiCAD Self-Growth Daemon...
[2026-05-05 08:59:00] Heartbeat is stale or missing. Restarting daemon...
[2026-05-05 08:59:00] Killing stale process 30564...
[2026-05-05 08:59:01] Starting MultiCAD Self-Growth Daemon...
[2026-05-05 09:00:01] Heartbeat is stale or missing. Restarting daemon...
[2026-05-05 09:00:01] Killing stale process 30564...
[2026-05-05 09:00:01] Starting MultiCAD Self-Growth Daemon...
[2026-05-05 09:01:01] Heartbeat is stale or missing. Restarting daemon...
[2026-05-05 09:01:01] Killing stale process 30564...
[2026-05-05 09:01:01] Starting MultiCAD Self-Growth Daemon...
[2026-05-05 09:02:01] Heartbeat is stale or missing. Restarting daemon...
[2026-05-05 09:02:01] Killing stale process 30564...
[2026-05-05 09:02:02] Starting MultiCAD Self-Growth Daemon...
[2026-05-05 09:03:02] Heartbeat is stale or missing. Restarting daemon...
[2026-05-05 09:03:02] Killing stale process 30564...
[2026-05-05 09:03:02] Starting MultiCAD Self-Growth Daemon...
[2026-05-05 09:04:02] Heartbeat is stale or missing. Restarting daemon...
[2026-05-05 09:04:02] Killing stale process 30564...
[2026-05-05 09:04:03] Starting MultiCAD Self-Growth Daemon...
[2026-05-05 09:05:03] Heartbeat is stale or missing. Restarting daemon...
[2026-05-05 09:05:03] Killing stale process 30564...
[2026-05-05 09:05:03] Starting MultiCAD Self-Growth Daemon...
[2026-05-05 09:06:03] Heartbeat is stale or missing. Restarting daemon...
[2026-05-05 09:06:03] Killing stale process 30564...
[2026-05-05 09:06:03] Starting MultiCAD Self-Growth Daemon...
[2026-05-05 09:07:03] Heartbeat is stale or missing. Restarting daemon...
[2026-05-05 09:07:03] Killing stale process 30564...
[2026-05-05 09:07:04] Starting MultiCAD Self-Growth Daemon...
[2026-05-05 09:08:04] Heartbeat is stale or missing. Restarting daemon...
[2026-05-05 09:08:04] Killing stale process 30564...
[2026-05-05 09:08:04] Starting MultiCAD Self-Growth Daemon...
[2026-05-05 09:09:04] Heartbeat is stale or missing. Restarting daemon...
[2026-05-05 09:09:04] Killing stale process 30564...
[2026-05-05 09:09:04] Starting MultiCAD Self-Growth Daemon...
[2026-05-05 09:10:04] Heartbeat is stale or missing. Restarting daemon...
[2026-05-05 09:10:04] Killing stale process 30564...
[2026-05-05 09:10:05] Starting MultiCAD Self-Growth Daemon...
[2026-05-05 09:11:05] Heartbeat is stale or missing. Restarting daemon...
[2026-05-05 09:11:05] Killing stale process 30564...
[2026-05-05 09:11:05] Starting MultiCAD Self-Growth Daemon...
[2026-05-05 09:12:05] Heartbeat is stale or missing. Restarting daemon...
[2026-05-05 09:12:05] Killing stale process 30564...
[2026-05-05 09:12:05] Starting MultiCAD Self-Growth Daemon...
[2026-05-05 09:13:05] Heartbeat is stale or missing. Restarting daemon...
[2026-05-05 09:13:05] Killing stale process 30564...
[2026-05-05 09:13:06] Starting MultiCAD Self-Growth Daemon...
[2026-05-05 09:14:06] Heartbeat is stale or missing. Restarting daemon...
[2026-05-05 09:14:06] Killing stale process 30564...
[2026-05-05 09:14:06] Starting MultiCAD Self-Growth Daemon...
[2026-05-05 09:15:06] Heartbeat is stale or missing. Restarting daemon...
[2026-05-05 09:15:06] Killing stale process 30564...
[2026-05-05 09:15:06] Starting MultiCAD Self-Growth Daemon...
[2026-05-05 09:16:06] Heartbeat is stale or missing. Restarting daemon...
[2026-05-05 09:16:06] Killing stale process 30564...
[2026-05-05 09:16:07] Starting MultiCAD Self-Growth Daemon...
[2026-05-05 09:17:07] Heartbeat is stale or missing. Restarting daemon...
[2026-05-05 09:17:07] Killing stale process 30564...
[2026-05-05 09:17:07] Starting MultiCAD Self-Growth Daemon...
[2026-05-05 09:18:07] Heartbeat is stale or missing. Restarting daemon...
[2026-05-05 09:18:07] Killing stale process 30564...
[2026-05-05 09:18:07] Starting MultiCAD Self-Growth Daemon...
[2026-05-05 09:19:07] Heartbeat is stale or missing. Restarting daemon...
[2026-05-05 09:19:07] Killing stale process 30564...
[2026-05-05 09:19:08] Starting MultiCAD Self-Growth Daemon...
[2026-05-05 09:20:08] Heartbeat is stale or missing. Restarting daemon...
[2026-05-05 09:20:08] Killing stale process 30564...
[2026-05-05 09:20:08] Starting MultiCAD Self-Growth Daemon...
[2026-05-05 09:21:08] Heartbeat is stale or missing. Restarting daemon...
[2026-05-05 09:21:08] Killing stale process 30564...
[2026-05-05 09:21:08] Starting MultiCAD Self-Growth Daemon...
[2026-05-05 09:22:08] Heartbeat is stale or missing. Restarting daemon...
[2026-05-05 09:22:08] Killing stale process 30564...
[2026-05-05 09:22:09] Starting MultiCAD Self-Growth Daemon...
[2026-05-05 09:23:09] Heartbeat is stale or missing. Restarting daemon...
[2026-05-05 09:23:09] Killing stale process 30564...
[2026-05-05 09:23:09] Starting MultiCAD Self-Growth Daemon...
[2026-05-05 09:24:09] Heartbeat is stale or missing. Restarting daemon...
[2026-05-05 09:24:09] Killing stale process 30564...
[2026-05-05 09:24:09] Starting MultiCAD Self-Growth Daemon...
[2026-05-05 09:25:09] Heartbeat is stale or missing. Restarting daemon...
[2026-05-05 09:25:09] Killing stale process 30564...
[2026-05-05 09:25:10] Starting MultiCAD Self-Growth Daemon...
[2026-05-05 09:26:10] Heartbeat is stale or missing. Restarting daemon...
[2026-05-05 09:26:10] Killing stale process 30564...
[2026-05-05 09:26:10] Starting MultiCAD Self-Growth Daemon...
[2026-05-05 09:27:10] Heartbeat is stale or missing. Restarting daemon...
[2026-05-05 09:27:10] Killing stale process 30564...
[2026-05-05 09:27:10] Starting MultiCAD Self-Growth Daemon...
[2026-05-05 09:28:10] Heartbeat is stale or missing. Restarting daemon...
[2026-05-05 09:28:10] Killing stale process 30564...
[2026-05-05 09:28:11] Starting MultiCAD Self-Growth Daemon...
[2026-05-05 09:29:11] Heartbeat is stale or missing. Restarting daemon...
[2026-05-05 09:29:11] Killing stale process 30564...
[2026-05-05 09:29:11] Starting MultiCAD Self-Growth Daemon...
[2026-05-05 09:30:11] Heartbeat is stale or missing. Restarting daemon...
[2026-05-05 09:30:11] Killing stale process 30564...
[2026-05-05 09:30:11] Starting MultiCAD Self-Growth Daemon...
[2026-05-05 09:31:11] Heartbeat is stale or missing. Restarting daemon...
[2026-05-05 09:31:11] Killing stale process 30564...
[2026-05-05 09:31:12] Starting MultiCAD Self-Growth Daemon...
[2026-05-05 09:32:12] Heartbeat is stale or missing. Restarting daemon...
[2026-05-05 09:32:12] Killing stale process 30564...
[2026-05-05 09:32:12] Starting MultiCAD Self-Growth Daemon...
[2026-05-05 09:33:12] Heartbeat is stale or missing. Restarting daemon...
[2026-05-05 09:33:12] Killing stale process 30564...
[2026-05-05 09:33:12] Starting MultiCAD Self-Growth Daemon...
[2026-05-05 09:34:12] Heartbeat is stale or missing. Restarting daemon...
[2026-05-05 09:34:12] Killing stale process 30564...
[2026-05-05 09:34:13] Starting MultiCAD Self-Growth Daemon...
[2026-05-05 09:35:13] Heartbeat is stale or missing. Restarting daemon...
[2026-05-05 09:35:13] Killing stale process 30564...
[2026-05-05 09:35:13] Starting MultiCAD Self-Growth Daemon...
[2026-05-05 09:36:13] Heartbeat is stale or missing. Restarting daemon...
[2026-05-05 09:36:13] Killing stale process 30564...
[2026-05-05 09:36:13] Starting MultiCAD Self-Growth Daemon...
[2026-05-05 09:37:13] Heartbeat is stale or missing. Restarting daemon...
[2026-05-05 09:37:13] Killing stale process 30564...
[2026-05-05 09:37:13] Starting MultiCAD Self-Growth Daemon...
[2026-05-05 09:38:13] Heartbeat is stale or missing. Restarting daemon...
[2026-05-05 09:38:13] Killing stale process 30564...
[2026-05-05 09:38:14] Starting MultiCAD Self-Growth Daemon...
[2026-05-05 09:39:14] Heartbeat is stale or missing. Restarting daemon...
[2026-05-05 09:39:14] Killing stale process 30564...
[2026-05-05 09:39:14] Starting MultiCAD Self-Growth Daemon...
[2026-05-05 09:40:14] Heartbeat is stale or missing. Restarting daemon...
[2026-05-05 09:40:14] Killing stale process 30564...
[2026-05-05 09:40:14] Starting MultiCAD Self-Growth Daemon...
[2026-05-05 09:41:14] Heartbeat is stale or missing. Restarting daemon...
[2026-05-05 09:41:14] Killing stale process 30564...
[2026-05-05 09:41:15] Starting MultiCAD Self-Growth Daemon...
[2026-05-05 09:42:15] Heartbeat is stale or missing. Restarting daemon...
[2026-05-05 09:42:15] Killing stale process 30564...
[2026-05-05 09:42:15] Starting MultiCAD Self-Growth Daemon...
[2026-05-05 09:43:15] Heartbeat is stale or missing. Restarting daemon...
[2026-05-05 09:43:15] Killing stale process 30564...
[2026-05-05 09:43:15] Starting MultiCAD Self-Growth Daemon...
[2026-05-05 09:44:15] Heartbeat is stale or missing. Restarting daemon...
[2026-05-05 09:44:15] Killing stale process 30564...
[2026-05-05 09:44:16] Starting MultiCAD Self-Growth Daemon...
[2026-05-05 09:45:16] Heartbeat is stale or missing. Restarting daemon...
[2026-05-05 09:45:16] Killing stale process 30564...
[2026-05-05 09:45:16] Starting MultiCAD Self-Growth Daemon...
[2026-05-05 09:46:16] Heartbeat is stale or missing. Restarting daemon...
[2026-05-05 09:46:16] Killing stale process 30564...
[2026-05-05 09:46:17] Starting MultiCAD Self-Growth Daemon...
[2026-05-05 09:47:17] Heartbeat is stale or missing. Restarting daemon...
[2026-05-05 09:47:17] Killing stale process 30564...
[2026-05-05 09:47:17] Starting MultiCAD Self-Growth Daemon...
[2026-05-05 09:48:17] Heartbeat is stale or missing. Restarting daemon...
[2026-05-05 09:48:17] Killing stale process 30564...
[2026-05-05 09:48:17] Starting MultiCAD Self-Growth Daemon...
[2026-05-05 09:49:17] Heartbeat is stale or missing. Restarting daemon...
[2026-05-05 09:49:17] Killing stale process 30564...
[2026-05-05 09:49:18] Starting MultiCAD Self-Growth Daemon...
[2026-05-05 09:50:18] Heartbeat is stale or missing. Restarting daemon...
[2026-05-05 09:50:18] Killing stale process 30564...
[2026-05-05 09:50:18] Starting MultiCAD Self-Growth Daemon...
[2026-05-05 09:51:18] Heartbeat is stale or missing. Restarting daemon...
[2026-05-05 09:51:18] Killing stale process 30564...
[2026-05-05 09:51:18] Starting MultiCAD Self-Growth Daemon...
[2026-05-05 09:52:18] Heartbeat is stale or missing. Restarting daemon...
[2026-05-05 09:52:18] Killing stale process 30564...
[2026-05-05 09:52:19] Starting MultiCAD Self-Growth Daemon...
[2026-05-05 09:53:19] Heartbeat is stale or missing. Restarting daemon...
[2026-05-05 09:53:19] Killing stale process 30564...
[2026-05-05 09:53:19] Starting MultiCAD Self-Growth Daemon...
[2026-05-05 09:54:19] Heartbeat is stale or missing. Restarting daemon...
[2026-05-05 09:54:19] Killing stale process 30564...
[2026-05-05 09:54:19] Starting MultiCAD Self-Growth Daemon...
[2026-05-05 09:55:19] Heartbeat is stale or missing. Restarting daemon...
[2026-05-05 09:55:19] Killing stale process 30564...
[2026-05-05 09:55:20] Starting MultiCAD Self-Growth Daemon...
[2026-05-05 09:56:20] Heartbeat is stale or missing. Restarting daemon...
[2026-05-05 09:56:20] Killing stale process 30564...
[2026-05-05 09:56:20] Starting MultiCAD Self-Growth Daemon...
[2026-05-05 09:57:20] Heartbeat is stale or missing. Restarting daemon...
[2026-05-05 09:57:20] Killing stale process 30564...
[2026-05-05 09:57:20] Starting MultiCAD Self-Growth Daemon...
[2026-05-05 09:58:20] Heartbeat is stale or missing. Restarting daemon...
[2026-05-05 09:58:20] Killing stale process 30564...
[2026-05-05 09:58:21] Starting MultiCAD Self-Growth Daemon...
[2026-05-05 09:59:21] Heartbeat is stale or missing. Restarting daemon...
[2026-05-05 09:59:21] Killing stale process 30564...
[2026-05-05 09:59:21] Starting MultiCAD Self-Growth Daemon...
[2026-05-05 10:00:21] Heartbeat is stale or missing. Restarting daemon...
[2026-05-05 10:00:21] Killing stale process 30564...
[2026-05-05 10:00:21] Starting MultiCAD Self-Growth Daemon...
[2026-05-05 10:01:21] Heartbeat is stale or missing. Restarting daemon...
[2026-05-05 10:01:21] Killing stale process 30564...
[2026-05-05 10:01:22] Starting MultiCAD Self-Growth Daemon...
[2026-05-05 10:02:22] Heartbeat is stale or missing. Restarting daemon...
[2026-05-05 10:02:22] Killing stale process 30564...
[2026-05-05 10:02:22] Starting MultiCAD Self-Growth Daemon...
[2026-05-05 10:03:22] Heartbeat is stale or missing. Restarting daemon...
[2026-05-05 10:03:22] Killing stale process 30564...
[2026-05-05 10:03:22] Starting MultiCAD Self-Growth Daemon...
[2026-05-05 10:04:22] Heartbeat is stale or missing. Restarting daemon...
[2026-05-05 10:04:22] Killing stale process 30564...
[2026-05-05 10:04:23] Starting MultiCAD Self-Growth Daemon...
[2026-05-05 10:05:23] Heartbeat is stale or missing. Restarting daemon...
[2026-05-05 10:05:23] Killing stale process 30564...
[2026-05-05 10:05:23] Starting MultiCAD Self-Growth Daemon...
[2026-05-05 10:06:23] Heartbeat is stale or missing. Restarting daemon...
[2026-05-05 10:06:23] Killing stale process 30564...
[2026-05-05 10:06:24] Starting MultiCAD Self-Growth Daemon...
[2026-05-05 10:07:24] Heartbeat is stale or missing. Restarting daemon...
[2026-05-05 10:07:24] Killing stale process 30564...
[2026-05-05 10:07:24] Starting MultiCAD Self-Growth Daemon...
[2026-05-05 10:08:24] Heartbeat is stale or missing. Restarting daemon...
[2026-05-05 10:08:24] Killing stale process 30564...
[2026-05-05 10:08:24] Starting MultiCAD Self-Growth Daemon...
[2026-05-05 10:09:24] Heartbeat is stale or missing. Restarting daemon...
[2026-05-05 10:09:24] Killing stale process 30564...
[2026-05-05 10:09:25] Starting MultiCAD Self-Growth Daemon...
[2026-05-05 10:10:25] Heartbeat is stale or missing. Restarting daemon...
[2026-05-05 10:10:25] Killing stale process 30564...
[2026-05-05 10:10:25] Starting MultiCAD Self-Growth Daemon...
[2026-05-05 10:11:25] Heartbeat is stale or missing. Restarting daemon...
[2026-05-05 10:11:25] Killing stale process 30564...
[2026-05-05 10:11:25] Starting MultiCAD Self-Growth Daemon...
[2026-05-05 10:12:25] Heartbeat is stale or missing. Restarting daemon...
[2026-05-05 10:12:25] Killing stale process 30564...
[2026-05-05 10:12:26] Starting MultiCAD Self-Growth Daemon...
[2026-05-05 10:13:26] Heartbeat is stale or missing. Restarting daemon...
[2026-05-05 10:13:26] Killing stale process 30564...
[2026-05-05 10:13:26] Starting MultiCAD Self-Growth Daemon...
[2026-05-05 10:14:26] Heartbeat is stale or missing. Restarting daemon...
[2026-05-05 10:14:26] Killing stale process 30564...
[2026-05-05 10:14:26] Starting MultiCAD Self-Growth Daemon...
[2026-05-05 10:15:26] Heartbeat is stale or missing. Restarting daemon...
[2026-05-05 10:15:26] Killing stale process 30564...
[2026-05-05 10:15:27] Starting MultiCAD Self-Growth Daemon...
[2026-05-05 10:16:27] Heartbeat is stale or missing. Restarting daemon...
[2026-05-05 10:16:27] Killing stale process 30564...
[2026-05-05 10:16:27] Starting MultiCAD Self-Growth Daemon...
[2026-05-05 10:17:27] Heartbeat is stale or missing. Restarting daemon...
[2026-05-05 10:17:27] Killing stale process 30564...
[2026-05-05 10:17:27] Starting MultiCAD Self-Growth Daemon...
[2026-05-05 10:18:27] Heartbeat is stale or missing. Restarting daemon...
[2026-05-05 10:18:27] Killing stale process 30564...
[2026-05-05 10:18:27] Starting MultiCAD Self-Growth Daemon...
[2026-05-05 10:19:28] Heartbeat is stale or missing. Restarting daemon...
[2026-05-05 10:19:28] Killing stale process 30564...
[2026-05-05 10:19:28] Starting MultiCAD Self-Growth Daemon...
[2026-05-05 10:20:28] Heartbeat is stale or missing. Restarting daemon...
[2026-05-05 10:20:28] Killing stale process 30564...
[2026-05-05 10:20:28] Starting MultiCAD Self-Growth Daemon...
[2026-05-05 10:21:28] Heartbeat is stale or missing. Restarting daemon...
[2026-05-05 10:21:28] Killing stale process 30564...
[2026-05-05 10:21:29] Starting MultiCAD Self-Growth Daemon...
[2026-05-05 10:22:29] Heartbeat is stale or missing. Restarting daemon...
[2026-05-05 10:22:29] Killing stale process 30564...
[2026-05-05 10:22:29] Starting MultiCAD Self-Growth Daemon...
[2026-05-05 10:23:29] Heartbeat is stale or missing. Restarting daemon...
[2026-05-05 10:23:29] Killing stale process 30564...
[2026-05-05 10:23:29] Starting MultiCAD Self-Growth Daemon...
[2026-05-05 10:24:29] Heartbeat is stale or missing. Restarting daemon...
[2026-05-05 10:24:29] Killing stale process 30564...
[2026-05-05 10:24:30] Starting MultiCAD Self-Growth Daemon...
[2026-05-05 10:25:30] Heartbeat is stale or missing. Restarting daemon...
[2026-05-05 10:25:30] Killing stale process 30564...
[2026-05-05 10:25:30] Starting MultiCAD Self-Growth Daemon...
[2026-05-05 10:26:30] Heartbeat is stale or missing. Restarting daemon...
[2026-05-05 10:26:30] Killing stale process 30564...
[2026-05-05 10:26:30] Starting MultiCAD Self-Growth Daemon...
[2026-05-05 10:27:30] Heartbeat is stale or missing. Restarting daemon...
[2026-05-05 10:27:30] Killing stale process 30564...
[2026-05-05 10:27:31] Starting MultiCAD Self-Growth Daemon...
[2026-05-05 10:28:31] Heartbeat is stale or missing. Restarting daemon...
[2026-05-05 10:28:31] Killing stale process 30564...
[2026-05-05 10:28:31] Starting MultiCAD Self-Growth Daemon...
[2026-05-05 10:29:31] Heartbeat is stale or missing. Restarting daemon...
[2026-05-05 10:29:31] Killing stale process 30564...
[2026-05-05 10:29:31] Starting MultiCAD Self-Growth Daemon...
[2026-05-05 10:30:31] Heartbeat is stale or missing. Restarting daemon...
[2026-05-05 10:30:31] Killing stale process 30564...
[2026-05-05 10:30:32] Starting MultiCAD Self-Growth Daemon...
[2026-05-05 10:31:32] Heartbeat is stale or missing. Restarting daemon...
[2026-05-05 10:31:32] Killing stale process 30564...
[2026-05-05 10:31:32] Starting MultiCAD Self-Growth Daemon...
[2026-05-05 10:32:32] Heartbeat is stale or missing. Restarting daemon...
[2026-05-05 10:32:32] Killing stale process 30564...
[2026-05-05 10:32:32] Starting MultiCAD Self-Growth Daemon...
[2026-05-05 10:33:32] Heartbeat is stale or missing. Restarting daemon...
[2026-05-05 10:33:32] Killing stale process 30564...
[2026-05-05 10:33:33] Starting MultiCAD Self-Growth Daemon...
[2026-05-05 10:34:33] Heartbeat is stale or missing. Restarting daemon...
[2026-05-05 10:34:33] Killing stale process 30564...
[2026-05-05 10:34:33] Starting MultiCAD Self-Growth Daemon...
[2026-05-05 10:35:33] Heartbeat is stale or missing. Restarting daemon...
[2026-05-05 10:35:33] Killing stale process 30564...
[2026-05-05 10:35:33] Starting MultiCAD Self-Growth Daemon...
[2026-05-05 10:36:33] Heartbeat is stale or missing. Restarting daemon...
[2026-05-05 10:36:33] Killing stale process 30564...
[2026-05-05 10:36:34] Starting MultiCAD Self-Growth Daemon...
[2026-05-05 10:37:34] Heartbeat is stale or missing. Restarting daemon...
[2026-05-05 10:37:34] Killing stale process 30564...
[2026-05-05 10:37:34] Starting MultiCAD Self-Growth Daemon...
[2026-05-05 10:38:34] Heartbeat is stale or missing. Restarting daemon...
[2026-05-05 10:38:34] Killing stale process 30564...
[2026-05-05 10:38:34] Starting MultiCAD Self-Growth Daemon...
[2026-05-05 10:39:34] Heartbeat is stale or missing. Restarting daemon...
[2026-05-05 10:39:34] Killing stale process 30564...
[2026-05-05 10:39:35] Starting MultiCAD Self-Growth Daemon...
[2026-05-05 10:40:35] Heartbeat is stale or missing. Restarting daemon...
[2026-05-05 10:40:35] Killing stale process 30564...
[2026-05-05 10:40:35] Starting MultiCAD Self-Growth Daemon...
[2026-05-05 10:41:35] Heartbeat is stale or missing. Restarting daemon...
[2026-05-05 10:41:35] Killing stale process 30564...
[2026-05-05 10:41:36] Starting MultiCAD Self-Growth Daemon...
[2026-05-05 10:42:36] Heartbeat is stale or missing. Restarting daemon...
[2026-05-05 10:42:36] Killing stale process 30564...
[2026-05-05 10:42:36] Starting MultiCAD Self-Growth Daemon...
[2026-05-05 10:43:36] Heartbeat is stale or missing. Restarting daemon...
[2026-05-05 10:43:36] Killing stale process 30564...
[2026-05-05 10:43:36] Starting MultiCAD Self-Growth Daemon...
[2026-05-05 10:44:36] Heartbeat is stale or missing. Restarting daemon...
[2026-05-05 10:44:36] Killing stale process 30564...
[2026-05-05 10:44:37] Starting MultiCAD Self-Growth Daemon...
[2026-05-05 10:45:37] Heartbeat is stale or missing. Restarting daemon...
[2026-05-05 10:45:37] Killing stale process 30564...
[2026-05-05 10:45:37] Starting MultiCAD Self-Growth Daemon...
[2026-05-05 10:46:37] Heartbeat is stale or missing. Restarting daemon...
[2026-05-05 10:46:37] Killing stale process 30564...
[2026-05-05 10:46:37] Starting MultiCAD Self-Growth Daemon...
[2026-05-05 10:47:37] Heartbeat is stale or missing. Restarting daemon...
[2026-05-05 10:47:37] Killing stale process 30564...
[2026-05-05 10:47:38] Starting MultiCAD Self-Growth Daemon...
[2026-05-05 10:48:38] Heartbeat is stale or missing. Restarting daemon...
[2026-05-05 10:48:38] Killing stale process 30564...
[2026-05-05 10:48:38] Starting MultiCAD Self-Growth Daemon...
