/*--------------------------------*- C++ -*----------------------------------*\
| =========                 |                                                 |
| \\      /  F ield         | OpenFOAM: The Open Source CFD Toolbox           |
|  \\    /   O peration     | Version:  2512                                  |
|   \\  /    A nd           | Website:  www.openfoam.com                      |
|    \\/     M anipulation  |                                                 |
\*---------------------------------------------------------------------------*/
FoamFile
{
    version     2.0;
    format      ascii;
    arch        "LSB;label=32;scalar=64";
    note        "nPoints:21566  nCells:63993  nFaces:149552  nInternalFaces:106420";
    class       labelList;
    location    "constant/polyMesh";
    object      neighbour;
}
// * * * * * * * * * * * * * * * * * * * * * * * * * * * * * * * * * * * * * //


106420
(
16072
16090
16177
16668
1005
2893
3442
40106
49095
49114
40114
49089
49100
2056
12266
35190
12222
12229
12332
34670
12330
35126
35249
35289
51920
51935
52267
34931
34944
34951
35321
4546
12338
12389
34665
34731
35165
30701
35365
35370
35465
12655
12658
12762
34681
34682
34724
34725
8242
34654
35069
35121
33
12384
12408
35044
35116
35273
56
12340
12346
4612
11836
12170
2333
3959
15960
62270
3278
3408
3542
12753
6428
35003
46930
46932
2991
12276
34702
49
26693
26701
35424
28
3038
12309
12398
12366
27422
35326
35335
35315
35316
35320
35408
143
27569
27640
33
12407
6014
8403
47056
47167
30609
30693
30699
12377
30571
35368
35389
4402
12302
12319
12339
3038
12397
318
4973
30606
30263
30268
30271
30620
12379
30565
30589
3095
34918
35271
35275
26697
35368
35389
35402
27299
27307
30681
42
12346
12389
3362
30903
40002
2969
3022
1265
22157
22165
30609
30627
30751
22153
30567
30614
30857
26578
27307
35448
30315
30338
30382
30650
27298
27310
27345
29166
26699
35405
22101
35371
35453
35462
85
26703
27504
35394
26614
26872
29077
27337
27358
27417
27420
27400
27412
30578
35358
8376
35082
35098
35111
12341
12347
12353
27281
27292
27351
30713
30727
30749
594
30770
30772
30700
30709
30718
35463
30686
30711
35461
29116
29124
29410
29419
26710
26711
26714
27451
66
26585
26587
29052
35208
51961
52234
26591
29090
29251
29266
29646
26552
26650
27464
28917
29045
29332
27223
27228
27233
27271
28888
28911
28915
29000
26670
26914
27201
26675
27201
28984
28933
29195
29198
29199
3967
30843
30875
29075
29151
30737
6487
26690
26691
26562
26650
26672
27265
34921
35116
35271
27202
27207
27508
28943
29055
29065
29089
29091
3582
26739
26743
16045
16097
16148
2909
58268
58287
62080
26706
26710
27430
27447
27535
27150
27181
29192
27510
27517
27518
27400
30574
30691
26682
34952
34963
34985
171
27572
27579
590
27220
28470
8442
8487
17515
17625
33842
33848
33851
35025
3725
26838
27549
26747
26759
26837
26639
26655
26723
26853
10801
17612
17632
27155
27212
29196
185
27141
27501
34271
34272
34297
3019
12309
12312
12398
26797
34996
35001
35008
15481
15574
15604
6469
8262
46870
132
27705
27731
27803
409
4168
27655
27874
7201
33544
33552
27639
27642
27657
5939
34833
34877
34904
223
4154
26822
26862
26728
26836
26843
27245
27284
27469
17789
30570
35362
35385
35303
35304
35408
27588
27599
27611
27192
27196
27197
27230
8390
33893
33898
403
29072
29080
29272
26861
26865
26884
26888
27194
28013
28954
28432
28440
28448
28450
228
26986
28389
26968
26992
27810
129
26893
26894
28463
28461
28496
28977
26817
26821
26929
27100
222
28473
28956
28977
26886
26892
26938
26941
27008
26992
28368
28371
28457
27723
27804
7361
27857
28076
36566
36408
36557
36588
27120
27123
27132
33580
288
28353
28403
28365
28367
28376
27817
27830
27860
27923
27806
27816
27831
28082
27030
36596
36605
36698
27156
27177
27180
27206
27210
27219
27543
27593
27654
153
27166
27203
238
27799
27890
27918
27946
27955
28008
28468
27176
27183
27968
585
26896
26955
27901
598
26583
30240
27616
27628
27649
301
28474
28953
27603
27625
27713
27205
27256
28937
28921
28928
29039
370
26593
26594
26600
369
27581
27587
27592
27450
27472
27632
4174
8414
8439
4209
27324
27405
27407
161
27898
27934
27899
27913
27982
454
29126
29140
29146
4193
30170
30295
29270
29330
29622
27343
27528
29166
170
630
30217
30219
3361
22101
26555
402
29218
29273
30231
30515
30531
3973
30225
6476
27573
27586
46089
46196
46263
27630
27637
27662
45884
52391
52606
3973
27319
30221
30241
402
29218
30173
45978
52573
52615
2333
62199
62491
30225
30230
30252
6471
6475
8403
27456
27465
27550
28010
28039
28198
28485
8246
27560
27591
598
30720
30726
30844
27161
27162
3114
8482
13138
29088
29152
35431
46861
46863
46869
27119
27768
33601
216
27883
27894
27898
26914
27201
28473
27151
27190
29224
380
26871
29025
28889
28930
28951
29230
27715
27721
27895
3124
6984
8257
202
3069
7234
33600
6469
46864
46882
27774
27783
27847
26668
26875
28958
28978
33448
33450
33460
27081
31025
33573
42020
46873
46884
26919
26931
27910
27665
36064
36071
36076
27691
27693
27701
27726
4043
33574
33599
33651
15496
62875
62923
62937
41950
42046
42077
37518
37521
37522
37531
27785
27811
28105
27786
27789
27802
27807
4062
27780
27825
27850
27852
36160
28049
28433
28616
494
27934
27603
27605
27644
36770
36802
36831
37265
27584
27611
27696
242
27711
27742
3375
27725
27744
28466
28474
26811
27864
6454
27702
27729
26846
26860
26916
26919
28867
28871
29155
27838
27843
27858
27917
26992
26998
28368
249
299
7447
27931
27950
27956
27966
26883
26886
26895
26918
27972
28944
29038
417
28533
28565
29010
312
28815
29243
29253
7352
7520
36574
279
28432
28448
28488
32897
32901
32915
32918
27804
27815
252
28227
28234
310
28513
28542
349
28400
28409
27717
27727
27728
28071
28073
28081
28086
37151
37171
37175
37226
28405
28406
28431
28460
28111
28116
28118
28134
3375
27732
27736
7299
37362
37408
28060
28199
28607
321
28639
28643
28647
28237
28242
28308
28222
28239
28645
28667
28673
28674
28415
28491
28507
28635
28669
28898
28300
28559
28562
28649
36639
36660
36938
284
28384
28405
343
28010
28020
28242
28244
28554
28177
28182
28183
28200
28639
28647
28675
28342
28370
28374
28376
37373
37461
37706
28371
28383
28447
28457
7507
36875
36877
7428
7476
28332
28334
28133
28143
28203
7371
36088
36104
36117
28285
28291
28293
28327
323
28233
28282
28285
28291
36910
7461
28305
28317
28346
28347
28357
7527
37192
37201
37218
27025
28356
28361
3552
28272
28314
37299
37308
37326
28406
28465
26979
26985
28344
330
28614
28625
330
28206
28619
304
28410
28411
28428
28383
28401
28447
37206
37410
37536
37609
35078
52104
52105
28003
28108
28134
28377
28378
28446
26958
28385
28390
28476
26937
26938
27010
27108
27827
27839
28095
328
28542
28605
332
27819
27832
28082
28224
28237
28407
28672
28201
28607
28655
28358
28377
28400
37390
37392
37399
37403
28416
28427
28487
28621
28968
37695
37767
37776
28477
28484
28492
27050
27099
27106
27114
3083
28355
28633
28382
28437
28427
28449
28482
316
28453
28466
28511
36204
36214
36240
28452
28519
28605
315
382
27179
27952
28422
28549
377
28042
28055
28897
29233
28037
28600
28941
28442
28445
28519
27942
28955
28477
28489
27943
28465
28476
30682
30859
8254
26638
26742
26863
3911
28947
28957
29229
28634
29021
3572
28588
28666
28723
7451
28288
28652
28525
28981
29007
29008
28245
28568
28750
28661
28667
28694
28719
28724
28865
28418
28510
28393
28394
28410
28207
28968
36987
37101
37102
4042
27831
27175
27911
27941
28326
28332
28402
336
29463
29468
531
28992
29069
29229
27913
27914
27934
27998
28002
28052
28202
28586
28637
28666
28898
428
3080
28771
28775
62717
62906
62935
27976
28006
28012
3679
28528
28535
28673
28814
28816
28852
29239
28421
28542
28605
348
28204
28205
28311
28307
28655
28355
28633
28594
28838
28858
28895
28997
29044
29111
29399
28719
28881
28905
28693
28697
28698
28882
28890
28946
1955
62736
62866
28803
28813
28861
29373
28413
28445
28508
28557
29365
29405
29426
425
28712
28718
28782
374
28699
28782
425
28715
28799
397
29016
29028
29237
28713
28746
28774
28800
29290
29297
29441
29452
27950
27956
28459
28462
28046
28573
28834
28820
28879
28901
28914
8218
46899
46924
27574
27591
26676
27144
386
28735
28996
29019
29045
29227
29286
29203
29204
29390
28778
28783
29231
29308
30110
48535
48538
48590
28834
28941
26948
27113
27740
29058
29092
29225
26597
29048
29053
27819
28098
28107
27186
27252
52080
52099
52243
26878
28960
29059
28850
28869
28871
28875
29012
29035
28481
28490
28976
28787
29371
28806
28807
28832
29349
29378
29384
29401
29104
29109
29386
451
29412
30104
397
28842
29110
29055
29061
30730
28743
28745
29003
3744
26698
26736
29017
28887
28894
28899
28972
420
29382
29383
29387
29364
29372
29379
29423
29424
29430
29221
30176
29158
29190
29296
29446
29499
29134
29619
29656
438
26705
35393
35420
29618
29707
30163
28731
28733
28737
28752
27868
27992
29394
29412
29426
26925
26932
27808
30601
30651
30865
29367
29372
29375
4153
28985
28989
28670
28836
28872
567
29285
30144
28537
28707
29394
29416
29424
30150
29405
29426
30150
29384
29395
3911
28951
29229
29230
28985
28987
28998
432
470
30101
442
29478
28849
28873
28770
29354
29376
29401
451
29115
29394
29416
28787
28789
29354
27165
27256
29196
3570
29307
29331
29331
29336
29338
676
29624
598
30709
30718
30720
441
29612
29675
29711
564
29446
29480
29431
29443
29444
29601
481
29548
29560
27440
35394
36787
37019
37179
37232
470
490
29605
29610
29619
450
531
478
29489
29567
29584
825
3647
29549
29408
29409
29428
29438
539
29498
29508
498
29523
29527
532
29532
29568
29468
29475
29477
29550
29467
29477
29593
29615
6429
46896
46922
461
29497
29509
29518
29084
29322
470
490
29444
29557
29560
30112
23628
29513
29893
523
29516
29932
29955
23245
23262
24420
534
29905
29941
467
483
469
2093
23271
29956
29978
30033
30041
29714
29720
29906
549
29554
29558
29926
29937
29940
29960
484
29573
491
533
29552
29946
29903
29930
30125
489
29610
29651
29654
30167
530
29868
29965
23272
29854
29909
495
497
29605
29611
500
29621
29699
479
507
29817
29915
511
29781
29785
29493
29520
29809
29820
30169
30170
30192
30291
29523
29531
29564
485
3710
29546
30114
497
29497
29611
29506
29581
29591
536
30123
566
609
30163
29559
29563
29598
592
30181
30299
29427
30101
29496
29599
29558
30134
3608
26573
26600
29421
29606
30098
27882
27902
676
30011
30664
30743
30845
29599
29493
29559
29584
571
5460
8433
62740
29612
29711
30148
29712
29714
29721
29809
29823
29824
30087
29667
29678
29692
30379
575
3948
30171
30216
594
30063
30770
509
644
12373
23153
29820
994
29700
29738
652
30710
30875
29725
29726
29728
29768
29744
29779
30794
23327
29793
30777
29797
29801
29995
29799
29821
30088
3271
29823
29916
29745
29812
29953
30757
30775
30783
30789
29960
29962
29970
759
23310
23366
23450
741
22814
22815
30093
30303
30305
23204
23417
23429
4210
29912
548
806
23167
29631
29636
29637
23629
29854
29861
528
23263
23266
23629
806
23218
23247
23131
29883
29891
29477
29521
29536
29538
29540
30134
29578
29910
29923
584
29519
29526
29532
3082
30118
4194
29538
29539
23282
29879
29954
29511
29517
23054
23145
30091
29788
29796
29804
30778
570
830
23311
23378
783
23503
24398
601
23118
23122
3269
3321
29975
29950
29964
29989
801
819
23185
23170
23172
23183
29542
29544
29546
596
30059
30093
578
641
30089
30149
610
29756
29775
572
29934
29939
30005
23143
23144
23174
23304
22246
22758
30346
30822
588
30051
30133
30147
559
581
30146
30301
562
23229
23303
23306
579
30145
29554
30122
30136
588
3517
30117
23288
23315
29506
29507
29569
29581
29303
29469
30180
30107
30115
30123
29608
29715
30292
3333
30111
30161
29554
30124
30136
29843
29876
29907
29924
23299
23300
15367
62763
29928
29944
29154
29238
29391
29411
30121
30165
30171
29170
30186
580
789
30198
30288
23156
29936
30083
30043
30298
30152
30162
30301
30160
30162
30054
30089
29661
29671
29673
584
29524
29533
29540
29534
26916
26931
29348
29352
29451
29179
29310
30138
30141
29268
29323
29389
27191
27951
27957
29474
29481
29593
29600
29169
29170
29174
3820
4073
26857
26864
30740
30744
30194
30201
30203
30212
30070
30296
30271
30601
30603
30870
30740
30742
30771
30361
30395
30575
23062
23385
12373
30796
30842
2076
22750
22752
675
762
23066
30304
30331
30384
30767
22796
30339
30788
23575
23605
23654
23867
777
22750
22769
22810
29691
29701
29739
29755
30765
22828
23066
23351
30307
30330
30785
30790
11992
29775
30044
30752
12372
12400
30633
22359
30755
30799
2956
12362
12398
14645
30472
30479
30494
3187
3504
22147
12012
12317
30567
22702
22713
30429
623
30800
30823
3646
22789
22824
22736
23452
30811
14690
14702
14713
15050
3961
4196
22658
11966
14680
14688
22664
628
14617
14633
14634
725
14653
14661
30263
30387
30532
30244
30703
641
30065
30652
812
22801
23066
3665
27425
35342
35343
29153
29156
29643
3029
12262
12271
22115
22122
22144
29666
29671
29672
29764
29505
29515
29536
30125
3006
23358
29753
29770
30001
30013
30016
30025
30066
3031
12286
12329
12370
29512
29574
29582
29585
30840
30843
22274
22315
22326
23343
29759
29772
29794
29839
29840
29847
30020
23332
23348
29800
30833
30840
30843
1256
12399
22122
765
22754
22756
12373
30669
12010
30538
30549
30648
30677
30705
30746
30749
3733
26557
27371
35387
22186
22228
22516
3504
12022
12082
30667
30671
30748
30716
30721
30846
4994
5008
62881
11944
11945
11948
11964
11948
12026
12036
3187
22213
22438
665
11980
22513
22521
22229
22539
30786
30819
30839
670
22434
23453
23342
23380
23407
23060
23157
30009
23382
23495
3041
27393
35125
35253
22817
22827
22978
23067
684
23442
23451
23549
835
23357
23365
23061
23074
23351
29586
29605
23440
23458
23475
687
853
23476
22967
23032
23618
23461
23468
23496
22386
22402
22411
22932
22415
22419
24452
24430
24450
24507
3965
23435
871
18971
24467
22361
22443
22845
22384
23464
24412
14766
22566
22601
22650
18903
24462
24469
24478
22459
22507
22524
1426
22404
22416
22899
2777
2939
22496
24522
11621
11980
24529
710
22587
22591
22893
10449
19082
24597
22506
22609
24526
22426
22453
22467
2871
22498
22507
2760
2762
10522
18943
24462
24688
848
22424
22479
18933
18951
24461
24468
739
22719
22737
22746
710
22572
22591
22869
3785
22887
22892
2668
19320
22600
843
1012
24524
1480
2766
19254
1550
19330
19387
19405
22570
778
23467
24172
11621
24521
24529
1481
1503
16858
16876
1540
2777
18832
2775
14767
14768
14823
2105
19393
19505
11989
14757
22639
18945
18946
18950
19303
748
3003
22727
14796
14803
17011
19345
14766
22538
22563
22601
1483
14795
14796
22613
22692
22715
30447
12001
22320
30856
30866
4198
14642
14652
12004
12017
22154
2045
14675
14678
14729
729
22121
22762
22695
30434
30447
18928
18964
22868
736
22715
22780
2937
22634
22656
742
22620
22647
22702
22707
22780
22559
22656
22734
22728
22766
30413
30459
30480
30347
30435
30437
30852
798
22747
753
3003
22729
22749
22890
2937
22564
22632
14791
22682
22689
838
22823
22828
22972
29993
30012
30028
14526
14558
14581
2948
22653
22677
22691
22731
22760
22774
22541
22863
22925
4449
11890
11895
22346
23342
23353
23354
3784
23065
30321
14762
22657
756
22681
22687
22688
29312
30108
30111
22692
22755
22868
22889
22931
22169
22187
22514
23335
23418
22275
22278
22294
23344
23386
23414
812
23071
14584
30433
30443
30446
23099
23110
23114
23456
2076
22761
22769
22745
22819
22901
22925
22923
22927
22935
22969
4040
11984
11990
3895
11610
11620
24521
23082
23103
23123
22172
22210
22216
22874
22889
22902
22916
843
11958
22870
22742
22806
22813
22826
2668
19305
24534
22247
22339
22804
22787
23373
23476
24415
24424
18991
24126
24127
897
23188
23194
24166
24185
24419
23189
23196
23234
844
3873
23422
793
23128
23317
30343
30355
30369
30236
30280
30313
30613
4055
22741
23064
23068
22833
22979
23438
30298
30301
12003
30689
30711
24163
24181
24187
24189
22862
23072
23178
23127
23390
23619
3678
23381
23400
22590
22595
22610
14761
22627
22637
33925
33929
33946
22820
22836
23277
23285
23292
23305
23660
23696
23715
23719
23155
23180
23589
3418
23003
23021
23532
23534
23645
23647
827
23213
23217
23221
831
23310
23356
23183
23397
23224
23264
23394
23223
23405
23433
24416
23409
23534
23633
23250
23252
23652
23635
23641
23668
23050
23055
23228
23231
23239
23254
3363
23620
24420
23237
23241
23243
880
23605
23676
23627
23668
23197
23227
23257
23144
23155
23174
3363
23269
23279
23545
30012
30061
30127
30143
30155
30164
30178
29956
29976
29987
30033
23250
23595
23622
30100
30144
22349
22443
23360
3494
23601
2085
23370
23403
23152
23155
23165
23356
23450
23313
23334
29802
22300
22444
23491
23377
23426
23547
23590
19278
19308
19317
23379
23380
23331
29792
30776
30780
29620
29707
29710
22822
23111
29631
29637
30184
30550
30639
30662
30871
22952
22962
23438
23449
23427
23468
23547
19299
22871
23538
23597
22354
23325
23346
22409
22423
22974
24446
2931
11938
11950
11987
22480
22488
23447
23466
23509
18984
22926
24452
29948
30015
30050
4102
22372
22398
23464
23467
23485
22855
22888
22902
22913
23443
23446
23458
24106
24107
24207
24209
23336
23380
23407
23206
23289
23307
23602
23311
23316
29797
909
23597
23672
19289
24348
24502
23470
23492
24172
3273
3642
24438
881
23661
23670
23682
22921
22933
22934
24152
993
23471
24401
23687
23754
23777
23016
23581
23584
22378
23440
23454
23232
23409
23562
22400
24457
879
23559
23576
23732
18987
24327
24372
24516
23357
23363
23365
23416
23417
23426
951
23465
23618
23202
23251
23264
23559
23576
23696
23715
23563
23667
3270
23662
23684
23684
23693
23656
23662
23674
23691
952
23607
23610
23617
24069
24265
26220
23937
23940
24256
23564
23752
23758
3270
23644
23655
23662
920
23876
23958
26057
23782
23844
23863
23870
26004
26021
23665
23698
23740
23745
23706
23729
23753
23869
24307
24360
24503
3734
23882
23890
24039
3060
23963
24019
13069
13075
28287
32018
23191
23193
23587
23030
23042
23571
23752
953
24333
24367
24390
23695
23753
23866
23869
23967
24020
24026
18987
24372
24395
24401
23615
23635
23653
23655
23570
23716
23747
23766
23764
23783
23811
25998
26030
26062
26074
25910
25973
950
24008
24194
26109
23415
23550
24202
23987
24004
24007
24025
3737
23971
24040
23782
23849
23868
23870
23786
23921
24010
1036
26160
26182
919
23926
23962
23964
936
23974
24060
24065
23940
26081
26082
1181
25951
26092
23949
23952
26017
23886
23983
23790
23836
23841
23833
23855
23878
23712
23746
23806
23825
23933
23962
26017
24093
26243
26261
26263
1445
26249
26290
23884
23959
23960
24038
23976
24018
24026
26037
26227
26249
26290
937
24058
26038
26039
1229
24104
26230
26248
26078
26082
26092
24104
26044
26061
18966
24134
24151
4061
23914
24423
24058
26072
26052
26067
24289
24307
24317
24363
1055
18034
24102
25992
26012
26099
966
24054
24205
26220
23817
24279
24280
955
19039
19091
19022
24308
24700
948
18995
19021
3319
18966
24182
1473
24109
24118
24198
1444
1450
19048
18996
19090
19138
24044
24371
22991
23090
24158
4076
23580
24372
24373
18634
18646
18662
19025
19043
19056
17716
18004
18025
26231
26232
26289
18011
18025
26254
960
26102
26142
26213
26218
976
24249
24253
24267
4218
18982
24505
18982
18983
24707
1055
24095
26241
1182
23924
23928
24256
18045
24072
3320
18983
19041
984
23928
24056
23789
23838
24055
24701
972
1031
24495
24497
1440
1445
17677
26288
24520
24725
24347
24362
24365
23425
23498
23501
23468
23540
23590
26105
26188
19000
24144
24154
24321
24326
24431
23030
23717
23752
24178
3442
24481
24547
993
1016
18987
23929
24255
24369
23822
24375
24388
23917
23923
26084
24506
24519
24690
19017
24086
24233
1019
24693
24724
24761
19295
22851
22909
24430
24436
24437
1016
23479
24437
19724
24528
24593
18933
22891
22929
24468
23469
24435
29685
29689
29694
24004
24025
24073
24213
24375
24376
24392
24484
24492
24555
24567
23425
23499
23501
24485
24497
24697
4061
23891
23906
10526
11635
24533
3895
22528
24529
22611
22618
22625
4097
19293
22581
18962
24543
1419
18525
19236
24453
24460
24469
24478
23423
23427
23498
24202
10459
10519
10527
18707
24605
24631
24640
1405
10419
10431
3455
19299
22603
1030
18736
18745
20130
2739
2748
10472
18739
18762
24615
24435
24439
18508
18523
18530
22490
24478
24548
24710
24731
18709
24648
24652
24743
2749
10416
10423
24604
3778
9885
20349
2564
18771
18785
3890
18883
18895
18690
18764
18788
19763
10387
10404
10417
3181
10421
18696
24630
18695
24614
24616
9797
10354
17077
2398
20309
18900
24500
24624
24652
24732
24892
24897
24912
22334
22809
23319
9654
10354
17058
26151
26163
26165
3178
24258
24266
24897
24914
24933
1051
24916
24924
24960
3990
24694
24754
9557
18671
24809
24893
1127
3372
25421
1115
25953
26198
24294
24368
24750
18623
18626
18672
25257
24981
25422
25572
1169
25831
25917
26110
26198
26200
26206
1063
25213
25244
17654
18619
25269
24920
24934
17660
18611
25268
25282
1252
1433
19128
19089
24031
24297
26235
24081
24084
1366
18642
18645
18681
19085
24651
24666
1091
25424
25428
10345
10346
10353
18752
17662
25234
25274
17660
18615
25266
25314
25245
25250
25254
25263
1097
20292
25180
1078
25181
25409
24876
24932
25151
19090
19137
19138
1329
18673
25236
1270
1365
18595
25105
25106
25125
25147
1106
9985
9994
10035
9903
9990
10011
10115
25103
25111
25143
9888
9906
9936
10000
25323
25409
25474
1120
25463
25479
18703
24887
24906
9791
25170
25241
3372
10116
25035
9843
25158
25206
25043
25375
25379
25446
25451
25459
25476
25408
25425
25427
25474
24951
24959
25135
25194
17084
25098
25366
9201
25367
25450
9871
25062
25418
25444
25456
25475
25482
25367
25450
25573
1116
25468
25581
25626
2632
2673
10005
10051
1101
25423
25437
9876
9883
9952
2510
9881
9937
10006
10031
24951
25135
10013
10015
10024
1104
2683
9875
9889
17082
25226
9718
9818
9820
24908
24930
24934
25181
9848
17083
25086
1114
25435
9828
25120
25195
25150
25166
25175
25178
2547
9898
3831
17082
25242
25244
2673
10168
18564
18574
18577
18656
1211
25393
25429
17676
17678
17680
17676
17680
18579
24094
26240
26270
26287
2796
9481
9494
9934
25217
25231
25326
25390
25430
25437
25643
25937
26199
25491
25579
19037
24751
24786
1136
1142
25533
25557
1356
17753
18587
25014
25424
24957
24958
24978
26111
26125
26148
26193
25382
25414
25442
2658
9840
9859
24836
24847
25416
25447
25253
25314
25327
25427
25428
25474
25557
25559
26191
25580
25661
25667
17665
25631
26345
5007
25621
25622
25751
25616
25715
25748
1316
25698
25716
25811
17653
25539
25647
1342
2403
25201
25530
26174
1164
1186
25680
25906
1189
25392
25493
25549
24215
24235
24318
26108
25527
25577
25580
3357
25335
25488
1387
4190
25557
3875
26284
26303
26331
25555
25703
26207
9796
25036
25047
25064
25528
25604
25664
26179
25511
25525
25661
1399
17651
17678
18603
1231
17650
17655
2396
9779
17118
25657
25705
25908
17909
18003
26402
26403
25801
25804
25805
25837
1203
1261
9797
17069
18747
25779
26419
26428
25795
25871
25894
25895
24011
26046
26085
3227
25943
25958
26330
25915
25945
25980
25992
25652
25688
25734
26512
1163
26010
17663
25306
25361
1199
26027
25648
25898
25842
25849
25885
25931
1171
25981
26003
26036
25927
26012
26099
25888
25948
26011
26357
25625
25629
25644
1219
25971
26058
25968
25973
26059
1260
18043
25736
26464
25926
25936
25961
1190
26283
26358
26453
26009
26013
26046
1179
3692
25853
26022
26098
26101
25936
25961
26080
3061
25892
25922
1260
26476
26499
26101
26118
26120
23932
23935
25880
26314
26324
26459
25952
26293
26326
3213
3648
26293
25887
25923
25556
25654
25734
23025
23026
23424
23650
25394
25498
26280
26325
1219
25940
25967
25756
25757
25758
3737
23949
23955
25999
26001
26005
26019
3520
23786
23831
26313
26316
26447
26449
3319
19038
24124
26113
26213
26306
25979
25993
26086
26145
26151
26196
23420
23447
23496
25273
25277
25592
1373
17070
17772
17778
17779
17928
3182
9885
18713
25423
25435
25479
1456
3969
18872
20046
20063
20068
20550
25561
25590
25668
25729
3690
9870
25030
25379
25401
25469
25492
15909
15976
18791
62652
25509
25662
25663
25669
1401
24954
24975
25538
26169
26177
26060
26079
26211
26302
23934
26188
26189
1656
26267
26290
1317
25891
19010
19015
19090
2428
17772
18627
19105
19111
19157
19240
18029
18033
26271
1377
17671
26260
26297
18015
18021
18058
1278
26424
26430
18012
18038
18048
18059
1430
19007
19011
19023
1377
26045
19024
19045
19054
17683
17691
25310
1364
26237
26270
26287
19050
19091
26245
1282
17933
26359
26495
26507
26510
26542
25832
25834
25843
25850
17645
26158
26210
24259
26082
26092
10118
10342
10361
17762
18312
18380
25695
25810
25830
26443
18004
18024
18057
26369
17833
17838
17959
25048
25049
25051
1258
25880
25881
17787
17797
17821
17901
1255
17900
17908
17915
17950
17962
17985
18375
17674
17716
26299
26169
26177
26181
25370
25388
25445
1429
19138
1295
17942
17988
26342
26459
26526
1283
17912
1442
22105
30826
17788
17923
18284
18310
25795
25871
26462
25829
25882
26203
26465
1373
9890
25858
25934
26187
10105
10363
10366
18729
25139
25144
25203
1928
22134
1441
17974
17983
17992
1346
17706
17748
20785
20807
20923
1346
17706
17730
18584
18590
17973
17977
17982
18094
17742
17760
17987
18193
18194
18409
19075
17977
18072
18078
1296
18297
18319
1338
18362
18554
20225
1470
18157
18159
17926
26444
17784
18284
18310
26482
1325
18019
18281
17868
17955
18016
18019
17813
26363
1297
17913
25921
25923
26187
17918
26363
26383
17926
26398
26407
1288
1313
1642
20347
1639
20353
20371
18250
20351
20358
18205
18206
18215
18224
17820
17854
17894
18152
18207
19465
2399
17756
17780
18374
17701
17796
26511
17929
17997
18000
17896
18312
17871
17893
17900
17785
17907
18018
18107
18120
18124
17998
18005
18017
18064
18174
19467
19510
1311
18142
20502
18168
20157
20527
2677
3510
19104
19129
19389
19435
20516
1459
3153
20224
20255
19107
19112
19113
19194
20391
20405
20460
17884
18264
18285
18748
24860
24861
26194
1458
1468
17880
18295
18309
18339
18236
18250
18346
20366
20369
20372
18066
18423
19098
25701
26336
25885
26058
1376
18598
18612
1334
20366
20374
20376
9393
20232
20469
18342
18343
20352
25467
25475
25490
17848
17865
18285
20138
26387
26391
26475
17962
17981
18063
18085
18089
18368
1645
20174
20236
20258
18298
18320
18337
18722
25233
25257
18394
18407
20183
20526
20536
20540
20641
18136
18140
18143
18163
18223
18227
18238
18236
18237
20376
3567
18233
18270
20304
1664
18330
18390
18425
2643
18344
18352
20297
9787
18410
1633
20232
20250
18448
20256
20494
18565
18596
18638
18656
1403
18715
18716
18363
18406
18408
18536
18539
18566
18460
18550
19445
17740
19067
20055
20151
20194
18429
20241
20508
1631
20457
20461
20478
19461
19475
19476
19747
19783
19795
20121
18474
18479
18489
18492
18829
19768
19788
18463
18511
20080
20141
18508
18527
18575
1365
18595
2688
18599
18651
18655
18662
18674
18676
1510
20452
20647
18856
19758
20191
1448
1653
19140
19212
18437
18440
18546
20173
18609
18626
18640
17670
26304
18636
19181
18871
20732
17729
17740
18403
19067
26158
26161
26182
26195
18532
18542
19184
17723
17731
18587
18639
18643
18670
1576
18688
18691
18706
18759
20130
1410
15363
62859
18729
25146
25149
25203
1452
17728
18581
26215
1606
19760
20129
2688
18638
18720
1415
18639
18643
3414
17029
18789
18657
18678
19221
18679
19221
20732
24816
24859
26139
24814
24820
24828
24830
18519
19787
20152
25540
25543
18808
18815
18843
18733
18737
18761
2869
24537
24543
25536
26170
26175
26209
18717
18733
18766
18768
25228
25313
25382
10336
10363
10364
10371
19133
19139
19274
19442
19154
19155
19164
18685
18731
18779
18699
25177
25256
25405
18602
26535
12399
17687
18037
30853
24962
24964
24982
18907
19093
19201
19424
18712
25252
25020
25040
25056
25230
2660
10529
17022
9701
18710
18714
18715
17009
18840
18876
25429
25458
25478
17041
18786
18802
1502
5008
62880
2389
16974
17001
17007
16951
16962
17305
17306
1538
17163
18835
17009
17029
18797
17093
18632
19042
1501
1840
20114
20122
9914
18873
18874
1544
18815
18826
18836
18852
19123
19226
1546
17163
19802
1478
15363
62933
10462
10528
11623
11624
2402
3078
16954
17034
17042
17062
18746
19899
19724
24576
24593
23462
24458
3895
11610
22501
24526
17672
18047
18586
21130
18910
19102
19424
19034
19065
11623
11624
18838
24523
24738
24766
24788
19080
19136
19137
18915
18925
18957
19297
19235
19282
19306
24309
24518
24691
23519
23698
23745
23754
22362
22372
22442
19010
19030
19080
19137
26244
26260
17978
19051
22122
30880
19074
24100
24112
24122
19003
19021
26269
3214
25940
25954
25960
19004
24230
24297
19169
19510
9077
18259
18261
18994
19020
24443
24448
24506
24513
18612
21130
1455
18669
19221
1456
18683
18685
18718
2407
19185
18681
19233
19252
19309
3591
20493
20551
1633
20228
18185
18251
18370
18306
18308
18392
20286
18529
18531
18532
19742
17725
17729
17732
9844
25229
25270
25280
18783
18874
19125
1654
19473
19547
1923
20473
20532
20643
20483
20503
20551
2766
19255
19311
18158
18161
18211
2181
20135
20161
19473
19547
20522
24295
25286
19008
19019
19074
24112
18936
22884
22922
3490
14712
14722
14727
14764
14798
22534
22560
4032
62900
18941
18956
19261
19133
19257
19442
16846
19784
14773
14793
14907
14785
17011
11607
11636
11640
10533
11627
18832
1894
19222
19223
19229
19648
19712
19733
14843
14855
14910
14867
14906
14925
13219
13221
13262
15273
21971
21978
16809
16829
16926
58466
58484
58800
1551
19900
19928
1573
1716
19905
19656
19671
19717
19440
20112
20133
20161
1548
2359
19920
3940
19364
19422
19842
1527
19687
19701
20088
20129
1507
62910
2382
19802
2087
19898
19919
19931
2745
18685
18686
18767
19231
19253
19259
1525
15640
18806
18807
18817
18841
2095
20007
20041
20440
20528
20535
20577
20581
20936
19215
19216
19453
19379
19382
19732
20128
2952
19206
19463
19503
20540
20565
20888
18524
18533
18682
19773
19774
19788
20189
20210
20443
21241
1582
19189
19468
20488
22561
22716
22866
19750
19815
20090
1591
13365
20602
13193
13424
13558
1893
13418
13619
1824
62907
62918
1894
19222
19395
19401
19681
19689
19700
2246
3417
15056
2108
14981
15067
1965
13409
13412
14834
19696
19704
20426
20635
20698
19619
19965
21846
4507
14917
14975
14998
18488
18495
19120
20118
13156
15184
22031
22037
2947
18846
24603
19773
19788
1853
16841
16871
10525
11625
11643
16522
16535
16549
16846
16850
18822
2318
16900
17315
17037
18844
14938
15261
19852
19773
19778
1573
1716
19969
1551
14901
1902
19875
19914
14808
19400
19910
19969
16832
19819
19822
16829
16856
16994
3663
16994
19806
14899
14902
19720
19841
21956
21958
21969
21920
21998
22011
15323
15325
15385
15485
21942
21962
21968
19854
19904
21963
16782
19746
19813
19923
4589
14960
14970
1564
21969
21983
22001
13291
21978
13294
13327
19632
19964
1881
13162
21750
21880
19881
19889
21961
13993
14026
58553
3962
13291
15260
13312
13557
13558
13566
19944
19974
19983
20071
16856
19796
19806
19807
19811
3963
22089
49128
53115
14834
19688
19896
10439
18777
18446
18466
20241
14827
14831
14832
14836
20096
20185
20891
19427
19455
19470
24694
24700
24776
18127
19472
19527
19548
19709
19988
13400
19956
19961
20038
13334
19529
19545
19955
19993
20037
20902
20588
20591
20929
21935
21936
22086
16403
16407
16409
16416
20011
20917
20920
21821
13372
21262
21275
20092
20093
20100
20146
1728
21822
21838
1719
21824
21826
21841
21744
21745
21880
20144
20180
20511
16380
16383
16397
20891
20911
21241
20070
20159
20192
13329
20104
21845
14943
14944
19688
19715
1605
20249
20508
17044
17060
17078
17150
17043
17062
18746
18756
3373
20158
20175
18482
18859
18549
18557
18571
18635
18431
19449
19913
20247
2393
19737
19740
18621
25237
25407
26171
2351
13371
13507
15217
21018
21034
1748
20241
20508
20238
20284
20296
18363
18406
18440
19980
20036
20048
20169
20203
20576
20428
20445
20447
20883
20853
20926
20934
1650
1658
1669
1891
20928
20944
18900
19052
24511
24518
1663
9933
21821
20880
20885
20898
1626
18350
20254
1629
20264
18143
18160
18170
9961
20158
20248
18347
20401
1737
20421
20479
3179
20513
20238
20260
20464
3153
20252
20861
20867
20881
20218
20779
20862
18452
18585
20176
20259
20305
20377
1649
20785
20863
18346
20749
20388
20412
20413
20460
2183
15967
16032
20369
20376
1644
20415
20420
20434
1651
1737
20240
20495
18154
18156
18161
20290
20779
20783
8741
9908
20856
21812
20218
20861
20864
20534
21248
20418
20427
20428
20453
20635
20669
18119
19155
19513
20180
3437
20400
20406
20477
26294
26296
26300
20390
20407
20417
20423
1665
20538
20640
1696
20449
20645
20897
18441
18442
20245
20514
20322
20323
20744
20768
20559
20626
20634
20677
20926
20934
18364
20286
1696
20534
19631
20610
20903
1718
13321
13373
13405
20350
20776
20833
21124
20428
20447
20671
20289
20295
20317
20362
2277
15808
15907
1685
21195
21205
21238
21256
21259
21283
1683
20764
21156
1734
20683
20763
20874
20772
20775
20808
20817
3978
21514
21569
3200
21514
21544
22020
20735
20745
20759
21127
1791
20685
21205
1688
20725
21508
9193
18226
18232
20380
1694
20681
20710
1732
3634
21155
21203
20687
20805
20733
20833
21124
1689
21116
21118
21119
21157
21097
21122
21125
21131
21152
20268
20377
20466
1840
20113
20122
20148
20714
20717
20734
20820
1732
20804
1763
21108
21134
21498
1758
4999
9173
21042
3512
9908
20835
8741
20845
20856
20922
3179
18180
20491
18185
18249
18321
21054
21057
21169
20849
20876
20879
21028
1749
1791
21205
13368
20580
20602
20616
20849
20853
20927
21028
20283
20289
20315
19334
19342
19352
19371
19882
19973
20074
8552
20229
20239
20990
21397
21625
21778
20558
20608
20636
19558
20208
20667
1772
21054
21059
21142
15106
63685
63697
2420
19937
13341
13409
13580
13352
13728
20008
21819
21377
21408
21426
21436
1825
1842
3481
1820
21591
21619
21187
21196
21232
21432
5042
5122
21655
21187
21198
21233
13447
21369
21590
43695
47345
47702
47851
19992
20019
13388
20693
21235
21234
21240
21242
21326
21394
21852
21167
1862
2459
21562
20673
20706
19932
19945
20036
20072
1751
1792
21560
20415
20672
20826
21148
21161
20702
20707
20822
21165
1761
21011
21065
21087
18239
18240
20304
21096
21102
21112
21516
21229
21234
21242
21564
21596
21602
20778
20783
20878
18107
18173
18207
20354
20379
20749
20761
9961
20143
21178
21389
13467
21325
21333
21071
21554
21222
21230
21429
25055
25070
25377
1783
21413
21493
21116
21122
21146
21120
21123
21144
21237
21218
21260
21402
20559
20634
20897
21059
21089
21107
21089
21090
21091
21072
21606
1828
21421
21435
21101
21115
21520
21145
21153
21164
21222
21230
21283
12972
15520
17094
9080
20853
20927
20943
20947
20951
21295
3380
21089
21107
19577
19593
19706
13389
13452
21305
2369
21169
1820
21591
21616
4772
60717
60724
4797
4801
60734
4795
61021
61025
61160
1931
3975
13470
13497
5159
21356
21364
53830
5083
21334
21347
21693
21449
21538
21604
13460
13468
13511
1936
13512
13527
13573
21411
21462
1929
13454
13495
21321
13449
21320
21322
1850
5083
5098
21500
21501
21515
22020
1801
21465
21522
5141
53748
53750
3771
21458
21604
21177
21258
21531
21551
21553
5109
21361
53891
53899
1813
3599
9711
21541
53879
54000
61053
61091
3130
54398
54401
21365
53545
53548
53553
54312
54328
54340
54354
3491
21473
21490
21607
13515
13539
53912
60592
1802
21486
3491
4092
21464
1811
5080
53746
53752
21521
21529
21536
15218
21594
21611
53606
53615
53623
53833
53974
54047
61501
5079
5083
21334
53865
5056
21558
21563
21573
5058
54350
54392
5077
21441
25174
25183
25239
25249
1829
21560
4799
13476
60589
15154
54295
54424
9804
25109
25119
25199
21271
21280
21282
21284
2452
16348
16352
2459
21572
53619
53661
15182
15223
21641
21782
21816
5159
13447
21590
3129
5060
5069
54266
32348
62914
3381
15189
53559
53607
53617
53620
12967
15679
15714
21197
21506
3132
21537
21552
54137
54154
54290
5044
21680
21687
21800
53568
61480
61486
61509
15653
15679
63531
21697
21800
21898
21457
53739
53803
5087
21386
21777
2943
21703
53518
53543
1855
5046
21639
21684
18854
19760
20127
20093
1884
3861
13464
15218
21622
4264
15768
16329
16344
16350
2344
15465
15471
5076
5080
53750
13467
21314
21346
1918
3600
20933
21268
21935
21936
21937
21327
21344
21373
1917
4220
21774
21786
3164
4859
53869
16828
19804
19925
3686
53159
53197
21694
21786
54355
54408
54412
21726
61094
61097
61113
22091
53095
53104
3963
17085
49128
53503
13316
19976
21843
4027
53092
53097
53511
21581
21583
13172
21722
21738
21740
3349
5052
53491
53522
9173
21026
21045
2142
13111
22013
4956
5050
53582
4986
22095
45034
53102
10678
11255
16456
16481
2128
13351
21286
53468
53479
53575
20153
20155
20908
21022
21024
21083
21285
17097
21784
21789
20702
20709
20755
20952
21662
21664
21788
2356
21827
21831
20953
20984
20998
21895
3976
5146
54300
54353
32361
32743
33318
38079
21755
21928
3977
13155
13172
9437
13443
21889
21797
21814
13032
21050
21057
3592
13160
21917
2490
15150
22045
1890
2128
13375
2090
3425
13792
14014
13373
13377
13379
20017
20905
20913
9207
19757
20078
20098
13381
13543
13577
19420
13166
15258
21993
61066
61073
61080
2145
21947
21972
22030
9437
21893
21906
13111
15228
15275
22016
15116
15496
62717
62937
3955
4992
22077
22087
14927
19849
19906
13037
61290
62867
62883
15176
15222
15539
4462
15320
15400
1909
21938
22003
2221
15095
15112
15489
3980
15111
15126
15199
15219
21907
13021
22058
22085
15119
15129
15136
63478
63498
63501
3923
13632
13662
13669
13349
13457
21290
21809
13351
13353
13380
53428
53440
54412
21686
21701
21818
21844
13273
13281
13293
13301
13307
13338
13427
13463
13559
4507
14741
14868
14975
20440
21249
2152
5035
16820
19836
3509
20212
20861
20864
1931
13494
13511
2656
13442
13471
12399
18037
22115
13391
21322
4962
53887
54083
3164
4938
13153
21764
13458
21758
21761
13798
13841
13910
4783
13470
13509
60581
1951
13539
4863
13475
13551
13429
13484
13553
2903
16222
16360
16437
1945
13622
13634
5110
5116
5123
54141
5140
54029
54045
54091
5130
60678
60738
54021
54024
54049
54277
13569
13590
13621
21744
21763
21769
3921
61142
61166
13567
13591
13601
13617
3709
53937
53957
54305
54107
54110
54383
54385
13516
13527
60595
13590
13618
13762
13834
4927
4948
13733
4743
4794
60828
60861
5787
9144
19662
19675
19676
19677
4521
13676
14009
14018
13688
13690
13724
14045
14934
19820
19834
13308
61277
61388
11401
16463
16469
16569
60326
60344
60345
15250
61305
61306
13307
13407
13587
13321
13370
13752
14058
60484
14949
61259
61278
58581
58603
60208
1983
2148
13750
13915
13919
14958
4543
13908
13909
4717
58783
59111
13216
13572
13595
13830
3738
13168
22082
4890
14054
14077
13253
13259
13311
2043
4053
15030
4317
13116
58270
13897
13937
13952
13979
2059
14705
15048
1984
4003
14095
13748
13756
13839
13268
13814
14959
13954
13987
14161
3058
16797
16819
13092
22042
61345
61348
13811
14957
14964
59233
59575
59583
13998
14004
14007
14457
14097
59352
59354
13521
13536
13604
13614
2022
2048
3612
14451
14023
14071
14080
14171
14468
14520
3892
14110
14173
14183
2005
2032
4155
4572
2000
4572
14469
14095
14460
14461
14463
14141
14148
14155
14484
3528
4620
14551
14250
59690
59810
45909
45941
46005
14239
14260
59688
46009
47081
14397
14495
2031
14211
14229
14275
45816
45879
45885
46264
44950
44963
45098
6389
6406
46573
4184
6299
14162
14168
14265
14369
14495
14513
45879
46025
46070
2040
3680
14559
14578
14610
13845
13894
15015
14128
14247
14462
14195
45560
59709
4702
14146
14247
6296
14381
14419
14393
14402
14489
6302
14421
14503
2050
4573
14371
14373
14401
14403
4535
11855
11872
11953
14121
14181
14240
6337
45892
46001
4555
14149
14474
13958
13999
14065
2068
46927
47135
14478
14481
14503
14226
14262
14398
14477
14266
14270
14357
34993
34996
35008
35089
2051
2052
14531
14505
14566
3645
6319
14572
14590
14591
14592
14609
59351
59373
59378
59837
14493
14563
14129
14237
14240
59836
4682
13941
14095
14460
15024
15034
14583
14597
14608
3112
14750
27338
27348
27356
13856
13858
14529
14439
14519
3645
14603
14604
14163
14444
14509
14532
14574
3929
14507
5936
13855
13890
14479
14512
14549
3004
12344
12383
12265
35189
35206
57741
57760
58069
2067
3735
14700
14595
14599
14606
2067
3735
14593
3110
3488
15040
3110
14599
15039
58836
58840
58875
4196
14666
22668
22675
3783
14720
14748
11915
11930
12077
14704
15054
46662
46900
47166
14295
14323
14362
45858
12106
12122
12322
12324
58058
58078
58184
11994
12037
12046
22701
22724
22756
22773
14535
14562
14597
14606
30399
30403
30440
30854
22754
3111
14593
14596
14654
14615
14620
14632
2883
11975
12043
14812
14819
14833
16912
23027
23106
23747
14870
14895
14909
14698
14701
14703
3417
4544
14975
3678
23374
11677
11679
14745
14774
14901
19986
22316
22486
22759
30810
19739
19769
19775
19803
14955
14964
12145
14735
14749
14809
14940
16873
19343
29577
29918
11666
14771
22648
20026
20029
20032
4517
19672
58515
3195
11888
11990
13880
13884
13885
14072
4440
58172
58396
23052
30132
30137
2108
14962
14979
14983
13288
13295
13298
13407
14933
14960
14969
14545
14573
14581
19420
19453
11923
14668
22667
22670
14982
14996
15029
15001
14990
15010
15073
15477
15987
16041
2158
15347
15494
15522
2114
15164
15473
15491
2114
3453
15334
15357
15369
15308
15321
15330
15112
15117
15489
15518
15240
15400
15487
15125
15517
15520
13100
15226
15267
15244
15248
15276
13100
15220
15255
22033
2177
15257
15270
16777
62764
62775
13007
53172
53184
53206
15187
53153
57412
37966
41116
61619
4945
13418
13444
13377
13380
2670
4805
6356
6810
21708
21752
21753
21773
15125
15163
15252
15348
15593
18222
2143
15176
15233
40322
43607
61287
61636
5053
5063
54348
2228
5012
63593
7641
15991
62735
2183
15952
15967
13451
21183
21216
21429
20809
20818
20839
20893
20911
20932
15247
21997
22018
3297
4462
15087
53443
53481
54363
5036
21907
3058
13096
16797
21973
21974
21976
13791
13814
13824
13812
14932
14970
9148
15291
15314
19193
19470
20115
15295
19838
2244
58342
58347
58368
13070
22159
62587
2229
15309
15362
16746
16779
16791
5035
13095
16773
16820
15445
16664
15386
15391
15398
15403
16751
16753
16762
16722
16724
16727
13087
15430
15492
16043
15094
15115
15175
4244
4492
16100
16138
15809
15810
16281
16282
2253
16587
16613
16611
16633
16657
4289
15574
15622
2175
15518
15519
17152
15466
15467
15468
13024
15278
15283
20827
20828
21129
4462
15233
15236
15246
53222
61608
61610
13060
15132
15462
15528
15530
15549
15229
15244
15259
2195
15482
16004
15933
15986
16018
15433
15996
16006
20111
20125
20134
2274
2348
15448
15646
15975
15560
15567
15633
15649
16015
16044
16622
15414
16038
16622
15641
15644
15709
15738
15757
15777
16259
13025
30419
46294
63835
15664
20662
22009
22640
15883
62340
62354
15436
15466
15478
4048
4251
62280
12934
15599
62289
3453
15349
15472
12946
15753
15790
4008
15726
15866
63373
63419
63420
21585
53618
53622
53625
2205
3986
15698
3439
62339
62342
15718
15886
15891
13118
15888
15972
15739
15746
15777
15705
15736
15772
2243
2682
16014
16039
63731
63732
63773
16243
16260
16274
15985
62281
62366
62383
62120
62130
62143
62181
15593
18222
62684
16233
16238
16242
16425
15810
15815
16255
16282
3447
16026
62589
62607
4008
15866
15958
13010
15969
16290
16318
16325
16158
16165
16175
16432
17541
17549
17555
15324
15325
15330
15095
15470
15538
2225
16171
16254
16430
2522
16240
16284
3980
15126
15307
16154
16194
16253
16269
16279
62401
62432
62466
62467
15629
15631
15296
15323
15325
2264
62403
62409
62416
3986
15705
15715
15737
4256
15903
16277
15931
15940
16021
15705
15772
15792
15793
15914
16164
16182
16261
15585
15596
15995
13022
15098
15101
15132
2243
4309
16054
16013
16044
16046
16141
16567
58270
58299
4481
16095
16595
15432
15982
15994
16016
16045
58321
58367
2276
58284
61959
61976
4512
15009
15079
2253
16659
16694
16577
16589
16596
3338
11864
11934
15053
58100
58118
58136
16451
16561
16569
2909
3210
58268
58334
4498
16660
16453
16458
16491
61339
61359
61639
4189
4243
15971
62120
62130
62186
62198
4268
62111
62203
62451
4481
16095
16131
2339
16107
16445
16067
16088
16656
16663
15929
15936
15937
15966
16145
16161
16166
62257
62397
16129
16130
16195
4481
16082
16177
4993
15174
22059
16142
16159
16160
4941
21742
61579
15819
16253
16271
15654
15676
15695
15706
15820
15826
16248
62298
62299
15989
16597
16627
12936
62291
62319
62598
2821
61956
15836
15916
16153
61951
62168
62170
62204
12477
12490
12503
8407
16396
17486
16368
16423
16434
16184
16185
16191
2835
4325
11371
11381
16339
16375
16379
11111
11263
17470
17568
17545
17548
17577
2325
16315
16396
17578
11159
11178
11409
11389
11491
11494
12521
2524
2811
11108
11149
4269
13010
15833
16257
11187
11198
11551
2329
11164
17568
2457
11299
16454
16381
16382
16384
17576
16070
16096
16592
2337
16452
16486
3412
11146
11165
2831
4394
11221
11350
2828
4376
11379
3141
11776
11789
11815
2852
11560
11565
11578
16361
16364
16367
15781
15793
15798
12917
63179
63189
63198
16570
16571
16586
4037
16903
17299
11307
11328
11347
11583
2311
2327
11765
11781
2886
3206
11716
2861
11783
15413
16000
16030
2971
16546
16667
2330
16584
16904
11657
11705
11891
16551
16681
16714
10615
16503
17344
16914
16964
2378
16462
16531
16908
16708
16733
16738
16739
2332
4054
11686
11646
11675
11703
14765
14775
14815
14864
16576
16587
16671
2817
11167
16512
17300
17325
2861
11815
16072
16075
16082
10658
11111
17429
16553
16581
16907
10854
17274
17340
11683
11692
11695
62476
2339
3404
16092
16447
9614
15896
15922
15941
13098
58473
62846
16473
16484
16498
13086
15352
16759
2457
62362
62373
62431
62469
63612
63630
63740
63741
14855
14859
14863
15298
16768
17284
15427
15492
16043
58435
58492
61248
16703
16706
16838
16874
16918
17315
15422
16621
17489
4505
16578
16588
13164
61285
61286
61306
21840
21848
21849
15473
15482
15491
16041
16045
16056
16097
13766
13793
13826
16814
16885
16964
21884
21929
16648
16681
16714
19960
21859
21868
21902
19900
19929
20099
16513
16523
17294
15269
15272
15276
2763
4508
15289
13291
15260
21999
14794
14796
20117
16747
16751
16779
19894
19911
19915
16997
18833
19186
58370
62783
62799
21059
21141
21147
4538
16710
16923
21916
21989
61256
61270
16689
16730
16920
16916
16965
16982
2424
3078
16942
2430
16945
17139
10735
10738
11323
2429
3208
4180
16488
17350
16523
16526
17460
10479
10502
10594
10628
10722
10858
16828
16876
19804
2546
2781
16494
2905
10494
11652
11728
11674
11891
11932
4377
4380
58191
11599
11671
11932
11986
2759
10491
10504
10597
2433
16986
10490
16930
17154
14916
14921
14944
3713
11673
11676
11698
16996
19812
13194
13255
13305
9746
9826
9841
2633
9777
17099
13054
15501
15518
16001
10332
18753
17750
17755
9712
9723
9744
9750
17053
18694
18788
16943
17007
9603
18715
18726
10868
17161
17167
17175
18919
18920
19256
25565
25569
25582
18657
18680
19083
4079
10463
10484
9546
9568
10193
11315
17165
17171
17193
10387
10468
10569
10589
9620
9682
9697
8574
17247
17248
17244
17268
17279
17336
17261
17264
17442
9761
10063
10381
17107
9966
10173
10199
9745
9955
9963
2789
10295
17168
20073
20101
9793
25141
25175
25178
2545
10747
10856
2675
9727
9736
9792
2425
16935
16949
16937
16942
2935
10470
10483
10572
2789
17249
17255
17679
17782
18042
11647
11650
10437
16948
17138
16955
17293
17320
11320
16530
16555
2757
16987
2843
11683
11692
11869
9642
9654
10354
2531
2707
10843
10383
10384
10729
11672
11899
11986
17419
17438
17455
6257
25107
25175
8499
8543
8550
8553
11217
11218
11585
16085
16663
16695
2519
8655
10831
16940
17014
17052
19859
19864
19865
19871
10554
10728
10734
3113
15724
15973
2814
16375
16381
16466
16582
16670
11387
11398
11415
16353
16355
16374
2849
11562
11565
2456
8413
8511
11325
11365
11410
11582
8412
8489
8504
3404
16491
11365
11377
11582
11755
4166
2828
2837
11374
16367
16379
16444
11293
11305
11314
11324
16350
16358
16424
15903
15950
16277
13084
63472
63524
16229
16236
16244
16258
9548
9589
9687
11042
11045
11058
11166
8924
8925
10902
10997
17603
17604
8437
10889
17588
8736
8750
8757
17593
2657
17297
17311
8728
8752
8915
8748
8749
8752
5056
21549
21573
21619
4482
8483
17627
17638
17607
17621
17631
63209
63214
63576
11364
11392
11423
11783
2827
11186
11195
11542
18480
18487
18491
2718
10988
11051
11219
11240
11265
8656
8659
10810
9686
9690
10156
10169
8540
8547
9629
10953
10983
11060
10713
10724
10741
15151
22050
10987
11027
11065
2708
10977
10993
2646
8515
8517
8420
10976
11032
2697
3371
8585
9820
9959
9993
10699
10705
10732
11095
10314
10325
10326
9935
9941
9945
8619
8623
8636
8641
9619
9658
9731
8617
8638
9631
2617
8814
8817
2553
2697
10201
9916
9921
9974
9989
4124
10432
10433
8560
9630
10132
9448
9547
9695
8606
8617
8619
8623
9869
9871
9875
2518
9279
9283
9368
9228
9264
9274
13004
61300
61302
3616
8760
8763
17014
17015
17048
8506
10651
10710
17493
3879
9024
9029
9270
9333
9375
8656
8661
2681
9145
9160
9278
9300
9337
16245
16270
16286
8723
9085
9095
9109
11116
11147
11247
8883
8898
8900
3024
12783
12832
8475
8476
8478
8494
2615
2791
11002
2601
8981
9301
8965
8994
9234
2709
10871
10974
2625
10960
10995
8886
8969
10826
8979
8982
10922
8810
8815
8876
9346
9350
9524
8789
8836
8876
2613
8799
9347
10150
8608
8618
9297
8766
8807
8809
8970
8817
8818
10931
8772
8793
8810
10146
8797
9499
10127
10227
10207
10254
10859
10708
10781
11361
2928
17325
9857
9861
9862
2769
10302
10328
10567
8817
10239
10931
10819
10923
10962
11069
2646
8528
10773
8823
8827
10832
9622
9635
9648
8795
9531
9656
10886
10887
10907
10995
10747
10759
11068
9279
9351
9368
9237
9282
9502
8663
8676
10831
2899
10980
11028
11029
8676
8844
10834
8723
8959
9099
8447
8449
8450
17063
18773
18777
8709
8712
8730
9142
9181
9222
9273
2591
2593
9056
9258
8854
9245
10842
8996
9031
9120
9224
9225
9226
9236
8996
9026
9031
2639
10844
10866
2802
10991
11027
11065
9163
9254
9273
2603
9034
9067
11014
11055
11115
11123
8545
62719
62921
62929
9032
9061
9165
8685
8689
8696
9090
8994
9221
9225
9226
9028
9036
9069
2803
9069
9075
9103
3602
11021
11121
11053
11119
11271
9069
9071
9103
3862
9052
9092
9047
9048
9097
9044
9048
9138
20991
20996
20997
21061
5052
53522
53526
53542
9094
9284
9161
9181
9259
9180
9344
9170
9176
9113
9125
9131
2881
19755
20123
2681
9119
9145
8872
8903
9016
8705
9108
9130
8677
8939
9244
9267
8613
9583
9309
9317
9327
9328
9020
9037
8535
8577
8579
2606
9413
9396
9438
2704
8783
9232
15669
15945
15973
9411
9465
9509
10135
10141
10186
3764
9087
9568
9998
10193
9243
9334
10694
10701
10703
11075
2637
2981
10989
3770
3862
9072
9079
8802
8816
10148
8989
9140
9167
9238
9473
9580
9339
9352
9581
9909
9921
9945
2627
2735
10145
2714
10077
10089
20844
20845
20899
20922
10920
10951
11008
10160
10163
10167
10184
3500
10142
2735
10176
10244
10210
10219
10222
10272
2731
9649
9666
10255
3500
10181
10195
10009
10019
9335
17070
9795
9798
25144
25152
17168
17244
17253
17336
8629
8682
8774
9129
2771
11004
8822
10208
10230
2712
10236
10315
2704
8776
8809
10069
10074
10166
10195
9539
9570
9584
9704
18243
20761
3971
10141
10186
2713
10076
10384
10720
10772
2889
2904
10780
11754
2873
2945
11653
17291
17331
17337
9646
9670
9758
18753
18757
18758
20274
17131
17182
17207
9572
9616
9687
9603
9932
18726
18738
9864
24993
25142
3059
3093
13436
17298
17299
17303
3689
9838
9853
20844
20894
21017
2754
10431
16998
18808
18845
9412
9464
9526
10240
10181
10189
10190
9850
9912
9927
10001
9863
9871
9880
9891
3683
10172
10198
10385
9411
9439
9988
19292
24535
10031
24992
25071
7556
15495
9477
9493
9979
9986
13812
14945
14991
10011
10065
10076
10078
10256
9770
9780
2742
9732
17132
19109
19245
9309
9311
9312
9327
16992
18830
19781
19782
16471
16492
16499
17458
8685
8689
4244
16015
9861
9891
18471
18496
18497
25691
25698
25866
26336
9733
9963
9965
9542
9688
9729
18610
18633
9864
25213
25376
24580
24687
24709
25637
25646
26205
2794
9689
9702
9829
16835
16866
16982
3958
16480
17433
10704
17264
17388
2713
2787
10384
8584
9635
10478
10499
10508
8819
10217
10931
10187
10216
10221
17122
17124
17203
10208
10229
10262
9486
10166
10199
2788
8775
8886
10825
10984
2713
2751
4049
10231
10851
10871
10893
10898
10901
8831
8842
10787
10798
10804
11064
10236
10312
10777
10257
10963
3740
10383
10384
2727
2738
10403
10429
8425
8439
8476
9968
9991
10168
10980
11026
11029
10242
10245
10246
10258
9737
17105
17134
17042
18770
18772
10959
10965
10978
2915
10103
10412
2760
11630
11639
18605
25300
26168
10353
10366
24679
3419
10408
2753
10364
10365
10083
10092
10111
10214
24837
24845
24847
25416
9647
10286
3502
4207
10223
9779
9823
9964
2770
10569
10581
10589
10187
10212
17182
17185
17207
2769
10534
10561
10567
4049
10379
2754
10445
10455
3799
10409
10487
10298
10568
10579
9668
17187
17195
2869
18842
24531
11321
11736
11746
11748
17088
18684
3713
11647
11650
10398
10417
10432
10453
10454
10455
10346
10356
2758
3525
10425
10430
10283
10372
2778
10500
10505
10358
10402
10426
10463
3441
10306
10723
10748
10399
10453
10454
10466
16975
17004
10277
10294
3851
4180
10530
11629
3822
18763
18802
4202
11617
16753
16768
2942
11699
11702
17026
17036
18810
19257
19262
10535
17336
17359
2899
11043
11048
11739
10288
10394
10949
11051
2895
10602
10654
11303
10437
16938
17421
10298
10396
10568
11666
14864
3852
11711
11729
22506
10480
10495
10502
2887
3206
11712
11772
4929
14556
15018
15027
10615
16512
16520
23515
23557
23558
10548
10758
10864
16516
16550
16919
17393
3501
8839
9683
8576
8640
9302
10265
10283
8852
9232
17243
17248
9213
9241
9414
2981
10887
10907
17506
17515
17516
2902
4138
10395
10563
9612
9946
2796
9409
9428
9473
9427
9511
2804
3524
11119
9025
9027
9037
9249
9334
9336
11009
11012
11065
11112
9189
9195
9369
2804
3524
11013
9070
9074
9176
11011
8438
10874
17593
11097
17447
17504
17570
3693
11147
11148
11171
3536
11124
11134
2894
11073
11081
11099
11124
11134
17550
17579
17633
17640
2894
11058
11099
11166
4453
16339
16395
11153
11552
11241
11259
11279
11156
16305
11104
11131
11157
3023
11538
11590
12483
12494
12515
12853
62012
62028
4401
57648
57650
3556
4475
61908
16216
16219
16239
11351
61919
62009
2835
4325
11560
11578
3798
4327
2830
11350
4236
11476
11479
12509
4376
11373
4325
11403
10691
10782
11270
11028
11056
11118
11378
11397
11867
2838
11543
11591
11406
11588
11545
11581
2844
11316
11751
11761
3248
11472
12506
3931
11693
11730
11737
11394
11413
11420
11460
4485
11685
2906
11760
4413
12634
57559
2851
12566
12620
4450
16811
58206
2927
2957
12158
11374
11497
11577
3304
12479
12501
12604
12613
11566
11586
12517
12537
12549
12576
12161
12556
12582
12585
17562
62241
62244
12429
12431
12496
12552
11516
11521
11523
4446
12485
12503
12481
12513
12824
2863
11177
11179
11390
11787
12599
12605
12614
12629
11180
11202
11251
11369
11392
11423
11567
3170
12477
12478
12485
22716
22746
22866
19432
19456
19459
20515
11660
11664
11668
11691
19310
24532
2873
11619
11653
18921
22509
22523
16774
16792
16796
11631
11633
14629
14678
14692
18509
19196
20122
2880
11613
11632
11700
2880
11611
11618
3865
11622
11973
2931
3865
11977
4202
19772
19776
17047
17057
17059
11952
11960
12095
10551
10614
10616
11680
11705
11891
11684
11696
11723
11723
11727
10613
10626
11712
10623
11731
11234
11235
11254
17398
17404
17417
10522
10533
11616
24537
24544
24552
11059
11743
11749
17345
17360
17379
11614
11673
11681
11726
11734
11736
11746
11113
10487
10563
10583
11312
11746
11786
10468
10469
16126
16174
10609
10623
10740
11729
11790
11976
3991
11131
11253
11281
11690
11694
11732
11757
58296
4113
11284
11285
3212
3893
12629
11431
11443
11810
12560
3338
4537
11685
11753
11388
11422
11429
4207
10223
11425
11840
11852
11428
11435
11460
12141
12155
12160
12175
61902
62129
62136
57609
57612
57861
11324
11343
11372
11688
11694
11766
4474
11396
11417
16560
16562
16564
3204
14612
14629
12074
12096
12107
12115
11846
11857
12561
17333
17357
17378
4914
58307
58308
3203
11658
11678
11897
12045
4167
11472
11479
58099
58110
58111
11795
11831
11861
10453
10471
11607
11613
11619
11632
22627
14756
22260
22270
10525
22510
22542
22555
22567
22632
11593
11596
11985
22519
11644
11655
11704
53517
54366
11922
14716
14718
14728
11649
11650
22108
22722
30808
30818
10449
24602
22638
22645
11319
11341
11344
11399
2988
11844
11850
12147
11851
11900
11929
19199
19437
2962
12103
12315
22792
30820
30832
45854
45931
45934
12341
12353
12371
11846
12148
12559
3211
4347
57888
3036
12209
57965
12112
12133
12188
2967
4549
12052
4486
12101
12113
2986
12146
12211
11838
58186
58335
34827
34834
34868
11874
11881
11886
12072
12040
12051
12078
11965
12039
22194
12306
12338
12387
2973
11801
11812
16541
16682
12211
12293
12592
11426
11441
11484
12307
12321
12325
11385
11482
12625
3195
11595
11665
11984
57905
57933
58065
3336
12137
12149
12689
12735
12789
12165
12182
12588
10948
12614
12616
12624
12616
12624
12688
3305
12505
12532
52285
52376
58812
12110
12296
57950
57953
58065
11835
11926
58044
58060
58088
58091
35204
51981
57985
12233
12709
34730
5915
5961
52073
52119
12344
12383
12386
12129
12138
12188
12189
58072
58079
58830
58938
12009
12028
12323
4384
57917
57955
12708
34692
34701
12177
12588
12630
8356
34237
34326
35057
12375
30560
30589
22777
30306
30311
30328
22723
22760
35332
35344
4041
27901
27944
29766
29774
3024
12456
12473
3032
12775
12801
12835
12416
12641
12837
12878
61788
61853
61854
4473
61933
61946
61971
12461
12466
12474
3305
12489
12532
12819
12826
12847
12879
3027
3410
12811
12819
3056
4333
12844
3306
12427
12510
12790
14595
14597
14600
14601
12313
12341
12681
61809
61811
3033
12696
12699
12304
12340
12387
11525
11527
12484
5926
12860
12351
12352
12719
12661
12678
12688
12718
12847
12864
12165
12583
12586
12591
5949
12264
12272
12782
12786
12794
12813
12288
12306
12660
12785
12225
12698
6583
34811
34815
34828
12427
12441
12863
57940
57948
57968
4395
12137
12153
12169
12380
16079
62016
62069
62071
12699
12705
12738
35120
35132
3188
12731
12760
57964
61731
61742
3847
4389
61669
61823
12767
12798
12836
34382
34390
34469
34504
34886
34891
34894
34852
34855
34868
12877
34801
34829
12744
12764
34722
12750
12757
12770
12771
3278
3919
12862
5896
12834
12852
12865
5926
12820
12831
12840
3558
5901
12751
12763
3342
12867
12868
4950
53917
53928
16796
16813
3143
3198
23995
24006
26029
25896
26203
61360
61363
61391
61403
5207
54592
54743
40084
56743
57281
47175
47290
50149
40083
56925
56934
56943
5777
50220
50282
50492
5757
50080
50092
6477
46891
27681
42013
42021
43386
31131
33602
48458
4966
13078
62736
3807
45492
45763
46468
46526
46532
8206
27590
27598
27700
55335
55340
56507
13354
14935
19678
17064
9623
9624
9634
28772
28787
7539
37581
37584
38082
3561
30114
30126
28398
28566
5995
6245
46089
46177
6253
45531
45532
4632
45622
45640
33176
38992
39120
28513
28547
28552
39753
43629
43637
7224
36252
38701
35801
35875
35904
37604
39038
39191
39228
3143
13383
13381
13396
13411
13417
35279
35310
6000
45925
47147
52200
12247
12253
12365
12739
57783
57786
57787
58078
58511
58751
61246
58727
59093
59126
4200
4579
14554
58459
58799
58801
3331
7857
8170
33498
33551
33559
36491
6522
47473
47509
14768
14779
14847
19332
19377
19388
19471
18086
18087
18368
4155
14154
14469
15041
15048
3735
15060
14713
15081
15616
15722
15723
3738
22082
55956
55981
55602
55721
56120
13077
16285
62652
7961
31725
31796
11505
11535
11541
3559
6572
31673
31722
31724
32800
42926
42929
44525
44529
41410
41425
42225
42261
7350
36069
41939
42208
43357
6436
46483
46693
41809
41816
41844
6022
45923
45955
52570
53602
54318
4096
54397
54409
13568
13606
13612
13621
21077
21078
53321
53425
53468
53497
17761
18318
18385
18395
7032
42555
42571
55022
55085
55354
5351
40982
42691
46497
46505
46566
33738
33739
33778
33804
14684
14688
30482
11781
11830
10683
10693
11127
11258
13454
13495
14810
14813
14856
16873
4543
13895
13908
3784
23055
23159
6083
47095
52193
3580
45813
45841
46093
25225
25237
25309
25335
25357
25359
20168
20216
20257
20271
18343
18349
20352
20470
20279
20285
20441
16870
16918
17315
10552
10564
10760
10779
18842
22500
22510
24649
24659
24661
24741
57355
57390
57450
5564
49044
57095
13152
13160
15303
4853
61421
61435
61436
4776
60722
60747
61108
13483
13497
4924
61323
61552
61586
5039
21647
53546
53578
53348
53398
53475
21677
53520
53551
53627
57974
61692
61704
61733
12471
12481
50088
50300
50307
50308
4352
61704
61709
57598
61994
62048
22139
22146
22213
3408
12769
12875
25713
25816
26422
9813
24996
25095
23939
23979
24259
20465
20478
19513
20180
20504
24636
24637
3910
18872
52080
52096
52099
51801
57698
57702
35212
52016
52030
8246
27591
27907
12035
22163
5968
12716
12003
30711
35466
5794
40031
50352
54733
52035
52073
52105
44986
45007
45023
45064
52417
52429
52431
52437
11672
11893
11899
11594
19336
19338
19380
21456
21463
21547
4996
13499
5056
21602
21621
21094
21498
21282
21387
21394
4479
4503
14887
58362
11881
11899
14637
14656
14689
11943
12030
12032
12043
3852
3777
11933
11935
10494
10507
11652
12154
12190
12557
58276
58282
57886
57899
57917
12530
12597
12674
25966
26292
3766
25967
38711
38714
39033
3997
32282
39856
39859
50774
52677
52707
5958
35167
51981
5838
50779
50786
52975
34307
48050
48069
34532
34560
34764
6762
6801
48705
48712
8150
34006
34008
32763
32766
32805
34206
48294
48348
48391
23364
23368
23418
3874
26032
57689
61852
61856
4199
4333
12869
32744
32745
32771
7964
7973
31803
32574
13149
53561
53931
3639
53971
54406
53377
53423
54373
5081
53926
53950
40965
41009
42691
6892
56017
56298
7141
42910
42913
42996
35725
42554
42561
44496
44613
52780
52929
41710
41718
55032
55033
6953
41744
41772
6585
47696
47718
47868
6600
34330
34353
34418
6545
6573
47511
50163
50216
50486
50503
12231
34696
34730
11470
11480
12520
12127
12134
12136
33640
46718
46746
41239
55665
55672
55773
5272
6360
41651
41857
5251
41738
46296
6949
41883
46793
10136
10143
10185
10284
10064
10264
10376
3337
8551
11096
8009
32024
32143
32269
39459
39568
39607
8028
32567
32577
32578
50196
50264
50494
6546
51169
51208
6555
47658
47664
34300
51206
51283
34234
51333
51334
51346
5972
51325
51347
23560
23708
23734
24171
18749
25754
25762
25839
29983
29985
23648
29904
29907
29924
23525
23556
23654
23735
23748
23755
49008
50544
50550
49161
49167
49639
3547
33009
34076
4327
11569
11570
11586
12772
12642
12654
12812
34766
34874
34888
36108
42023
42024
48496
48539
48543
48546
62092
62106
62107
61893
61921
61953
62227
4358
57562
57593
9418
13078
62736
4906
16554
16614
16671
10836
10870
10986
9924
9976
9977
36462
36492
36520
8110
32452
32458
39331
39408
39794
39073
39334
40014
7487
38728
38742
9904
9905
9913
9922
9816
9831
9879
15092
15304
15399
16631
16657
53186
62978
63045
63295
15161
15179
15255
53101
53269
53280
12841
12854
12871
7946
31935
32344
12454
12466
11502
12502
12420
12426
35131
35137
35276
40810
40966
42702
49125
49136
49140
57258
40301
40344
40366
40439
7082
7137
42269
54697
54700
54702
54778
8103
8123
32660
34013
62278
62299
62378
5449
56921
56971
7572
38407
38419
37704
37736
37748
4130
22950
24141
24129
24131
18981
18982
29981
30004
30006
22250
22251
22751
42082
43073
43121
33919
33926
33928
34978
4088
36038
36045
42036
33719
33722
33727
33744
35784
35875
35880
35904
7793
8046
32421
7731
39370
39383
39399
39795
39798
33144
33505
33113
33203
33211
30142
30144
60712
60753
60775
60783
13757
13771
13780
13832
4398
12190
12554
8498
8500
10762
11687
21826
21829
21844
14802
19304
19331
22618
14969
19669
19670
12844
12852
12854
31807
31820
31822
8287
8329
34303
34321
5187
6799
48636
6551
48908
48915
48934
13019
22050
22081
5069
53621
53933
21724
53543
24662
24668
24879
23461
23496
23585
18918
19283
19312
31574
31581
32923
36244
37411
38720
36096
36113
36607
9899
9904
9936
10030
17664
25338
25357
10042
10045
10052
16170
16191
16196
16199
29557
29560
29563
22100
26557
35387
30910
33215
23246
27533
47059
47060
58679
58705
58725
4901
58580
61180
3640
8167
33183
31466
31704
32831
50993
51001
51030
25222
25399
25403
25544
9740
17230
25409
20179
20542
10061
10070
10087
10102
6455
27742
27922
27927
27929
6455
27711
27730
16065
16093
58333
21047
21051
21085
21135
21137
3481
21610
21638
7387
7678
38820
39119
3604
38762
38814
38735
38736
38745
38753
42148
42157
42343
7048
7064
42945
44527
27052
36113
36177
38078
38204
38219
4023
38160
38168
38178
3711
7464
37646
37656
5735
57382
57393
57545
47422
47423
47455
50271
50302
50330
12866
34852
34860
5566
5628
49124
49229
4199
12869
12874
34849
26588
29151
29162
12372
30633
30724
16218
16231
16232
16236
5762
50186
50318
31830
31834
31843
31883
31916
31920
16333
62222
62262
5049
4091
8409
8485
17505
16149
16466
16568
4497
16130
16180
4332
10774
10775
10846
12813
12818
51753
57882
57947
11143
11248
11257
9121
9141
10915
18800
20124
24074
24208
24265
19002
24190
24389
24397
4905
15079
22990
22994
23104
10402
10403
10426
7946
31833
31910
32422
32478
32484
8065
39364
39944
38663
38707
38717
61263
62786
62802
13828
14957
12961
15147
15163
12359
12361
12381
62433
62440
62444
42250
42271
43221
7625
37842
37844
7594
38290
38295
38354
32329
32346
32364
7894
33486
33489
51759
61729
61744
23474
24436
24440
24507
18897
18996
19012
20394
20405
3956
33443
33536
33543
62269
62285
62368
3525
10278
10288
10756
10807
24536
24552
10047
10058
10068
10197
8064
32590
32598
32600
8042
32192
32259
17512
17520
17521
17564
13127
62333
54115
54129
54151
54186
6290
59838
59945
4804
21384
21399
45893
46124
46150
21221
21291
21292
21318
15473
27960
33318
62913
14784
22643
10522
10533
11628
16808
16830
16911
39301
39354
39386
32179
32185
32237
32529
7710
37876
37880
7656
7728
38487
8104
32412
32442
45162
45163
45696
14127
14236
59688
59692
5215
41713
55453
54731
54764
54793
5496
41872
52804
5252
41704
46300
45558
45571
45588
45681
6955
46356
46365
46434
15893
15950
16336
10263
10279
10382
15842
15884
16341
12829
12851
12879
3779
15828
15844
8063
33312
33380
34200
34230
34235
7360
27747
27775
5391
5495
55496
9587
22061
53114
53117
21617
21623
7673
38770
38799
38903
7855
30966
31279
4145
30952
30974
31253
31257
31345
6452
31025
36073
36077
12734
12744
12770
3489
15048
15051
14596
15060
11882
14723
5074
21486
13666
13680
14053
12988
63830
63870
63914
23246
23278
23222
23536
23548
23634
31264
33206
33340
34106
34108
34110
34187
33836
33842
33863
8476
8489
8494
8504
10174
10176
10225
10232
10843
10113
10352
63637
63639
63656
63659
22136
22163
7947
32708
32713
32785
8050
39541
39554
39590
32952
33009
33019
33020
5757
50124
50131
20301
20884
19108
19162
18243
18247
18255
20378
20812
20840
20841
5409
56107
56380
56569
56579
56587
43249
43263
43271
43273
55564
55581
55611
55989
30122
30128
30133
22493
22497
22498
24578
3624
37150
37158
37629
23783
24409
54341
54348
54358
10660
11095
11294
17079
17080
17120
11023
11031
10391
14118
14131
14185
4179
45847
45849
14466
14470
40220
40242
40277
48961
48962
48986
20746
20762
20765
20826
21041
21043
9127
9137
9251
10915
9293
9294
9329
9304
9308
9321
11085
11089
16677
16723
16732
3904
6537
47354
47360
31762
31763
31766
32639
3836
6783
57096
57140
5922
34251
34597
34616
12772
12799
57084
57114
57116
31021
43455
48440
47306
47309
47393
47413
7872
7897
31317
7960
8141
33010
7905
31198
31398
41815
41835
41901
43228
6369
43307
43434
51964
52212
52213
52248
3964
28323
7422
37296
37300
44018
44020
44022
44031
30909
30917
30927
33196
61911
61920
61922
11077
11091
11138
11155
34834
34849
31667
31690
33036
7936
32459
32462
32555
29566
30100
12145
14708
14743
7645
38459
38472
18970
19000
24154
24037
24071
24371
22005
62724
62806
62829
18234
18246
18250
7418
35809
36717
37418
14546
14581
14602
29319
29328
29341
28486
28572
28575
28663
28668
28681
29259
29312
29614
52747
52761
54480
5177
43365
43426
5165
6361
46289
40665
40817
41263
7100
43128
43218
14190
45789
45833
45811
45816
46514
46519
46522
46533
26637
26738
26741
60087
60101
60199
60227
56899
56903
56930
6678
7868
31114
7002
7175
43453
5550
49156
49209
49233
56406
56698
56796
33799
33954
35073
13605
13632
13640
18131
18142
21912
21928
4224
38754
38757
38773
27005
28612
36612
4012
32741
32773
47412
47444
47448
4996
13450
13495
19734
19743
19808
20090
21534
21536
21841
21844
21888
61444
61518
11109
11120
7659
38488
38497
38505
38758
38777
38176
38187
38193
38196
7598
7626
7681
42471
42526
42575
42601
26569
26585
29052
6050
6203
44905
44916
3887
45568
45576
61023
61130
61149
14157
14519
54005
54023
54125
62325
62326
62372
17526
17528
17537
17539
8748
8749
6998
41442
41466
7333
42653
42817
3887
4638
45621
6923
42276
42298
6495
47118
47127
7369
43932
44132
7457
7547
37696
37148
37157
37372
37273
37274
37279
37282
14543
14559
14578
14603
24241
24308
24750
44139
44142
44165
44203
7060
42621
42622
42629
38231
38235
38236
43060
43063
43070
43079
21150
21180
21195
4905
14738
15084
21125
21171
14487
14512
14531
23787
23891
23918
5817
6748
48996
49016
21111
21114
22025
5051
54336
7386
7808
33188
10399
10409
10466
10489
23748
24214
24418
35608
44013
44019
6355
6375
6953
14577
15016
22783
22810
23373
29275
29561
30112
3875
26328
26331
18534
18544
18663
19144
18971
24448
24514
38019
38025
38027
38034
7623
37511
38361
38378
16609
16611
16626
16631
16048
16594
16596
9450
9453
9456
10152
16539
16552
16922
17326
8240
51960
52235
52276
4137
4445
13873
13945
26797
34973
35001
35044
4136
12090
12318
30448
30452
30484
10023
10029
10033
16847
16872
19805
27034
27925
36526
27424
35326
3865
11977
11983
8484
17517
17520
17521
12085
12093
12120
57692
61795
61799
6090
6198
47146
52603
34270
34524
34558
7926
32922
32924
32931
33748
33760
33967
12778
12786
12795
12813
8266
26746
26851
6449
27687
27699
53453
53463
53571
23372
23398
28541
28584
14559
14572
34435
34546
34552
63567
63635
63644
63747
10064
10065
16855
16881
16982
3714
15355
15451
53133
53137
53149
4958
53592
53598
53934
3962
15261
21971
3972
9859
25012
25031
25032
15051
15057
15082
25857
25922
26208
11149
11171
6723
40256
48646
43463
48421
48443
48815
48839
48850
27137
27143
29194
5201
54661
54789
56866
48965
57333
57372
7329
35989
42361
42374
41181
41186
41188
3722
7967
57164
57460
41522
41558
42869
41289
41296
41297
41378
9760
13078
15499
9012
9014
9015
9371
4778
53815
53843
15316
15334
15340
15358
54105
54416
30117
30122
37194
37676
29573
29590
29611
11653
15388
16759
31022
31031
31118
48469
7921
7954
32807
32987
29661
30183
30725
32330
32336
32345
21689
21705
21771
21772
45828
58928
58930
59448
8666
8667
8674
5715
57165
49825
49834
50606
40231
48647
48675
26779
26791
27798
27805
27815
27897
13346
13372
21273
21294
13546
13549
13550
47261
47974
50200
32764
32796
32826
32886
28320
28396
28566
6728
48906
48924
48927
27265
35390
23845
23854
23860
15044
28909
29000
29302
23946
23956
22077
22087
4247
62199
62460
4049
10256
11877
11884
11885
11904
35981
35991
36072
28646
28691
29022
26627
26712
26724
40285
48666
48683
33715
33723
33805
34159
5344
41057
41212
41225
41066
41076
41085
41333
49213
50691
57310
41237
55422
55661
55709
5510
56471
56505
56509
6789
6807
57364
6056
6354
6370
46400
31063
31081
31280
31292
31412
31425
31433
31540
56617
56629
56646
56676
40232
40277
40297
40267
40495
40512
36361
36368
36370
36556
7788
8178
32430
32460
36317
36366
36389
8996
9002
9019
11349
11352
11580
11589
9085
9109
17259
17272
17275
17278
25883
25954
26211
10373
10575
10750
11764
11766
11770
9536
9554
9562
10193
9089
9103
9115
21439
21450
21547
12979
44272
45848
15203
53221
63910
6325
47128
47131
47154
53526
53532
53534
53542
15876
62327
62384
11895
11924
18623
18670
18672
15841
8814
8841
10239
10243
14799
16852
19318
4989
53278
53290
11989
14822
23052
30085
19287
22902
22951
51406
51410
51465
7959
7961
31775
5542
40168
40449
40487
45337
49132
49141
49176
4297
62113
62174
62195
3883
36391
39012
42273
42309
42333
42671
4961
53426
53489
22067
22078
22082
16997
18828
18835
4875
53915
53928
53945
8832
10815
10825
11542
11561
11590
10470
10572
11651
34901
35163
51844
51872
4151
44334
44418
13813
13817
13837
14953
21876
21894
21930
4745
13747
14971
8519
8526
10763
10865
13209
13233
13401
4576
4622
45489
15055
58096
58101
27805
27812
27814
27860
14363
14370
14377
37792
37797
38035
27039
27053
27112
7613
38260
38287
38678
38679
38905
35157
35192
35198
35210
45490
52417
58923
43507
43525
43560
43057
43062
43082
33940
33948
33953
26923
27893
43401
43413
43420
17027
18772
18880
3989
18167
18668
4434
57774
57794
58178
7091
42284
42296
7576
38065
38136
38338
7176
43269
43299
43373
6800
43272
43373
9603
18714
18743
16065
58333
58334
25239
25372
47271
47275
47285
47288
33721
48265
48544
6600
8353
34354
34363
40775
40777
41350
57021
57129
3938
5182
54635
54637
13213
21923
22003
45316
45326
45373
45601
4976
53570
53584
4616
59535
59560
45579
45636
45641
4750
13997
14000
14011
20976
20986
21001
21075
62804
62810
62822
15692
15714
15770
63544
57557
61816
6661
47991
48290
11336
11338
11346
11378
17693
17753
18588
19044
11649
11650
11712
11720
6026
7173
43365
33640
46751
46949
5482
55800
55830
56060
41929
41933
41966
6875
40760
40941
42829
5183
40224
40335
6056
41735
46400
46418
44924
44927
44954
13402
21793
21887
9082
9087
13029
31083
63747
15901
15920
16157
11971
8367
34524
34587
30995
39970
40011
57074
57087
57091
57112
35942
35953
35956
46630
46753
47128
5601
5773
50636
6861
6888
42672
42673
23647
24398
25983
26071
26305
40275
40290
40311
40424
5236
54949
54963
13697
60170
60212
60972
9006
9018
9172
4303
11444
11853
12528
10516
11637
11706
35539
44464
44501
36258
36260
39080
31558
31618
31640
7471
7521
37625
41680
41723
41743
44730
45666
45674
54067
54175
54292
4053
15020
15030
18884
18899
19281
4649
45632
59517
14103
14112
4370
12436
12674
4414
57768
58040
59146
12181
12183
12210
51785
51832
51839
51859
7420
36426
36557
36559
14878
14879
14889
25543
25558
25597
3939
9544
9956
9965
15171
15200
15201
57612
62043
62047
47367
47374
7167
48499
48630
13075
27548
32018
32275
17688
17782
18602
13287
19608
19620
11814
12148
12156
9407
18705
18732
28876
22325
22329
22333
22335
6359
46244
52857
15224
61325
61327
62020
62046
62053
6281
52437
52464
4396
57822
58185
58212
32148
32223
32234
32253
12751
12763
12880
35650
43839
43848
43859
61128
61140
61198
19506
19515
19544
19895
13644
13694
11714
16529
16898
16979
5803
48241
48774
48777
5186
6804
40149
6681
48422
48442
48444
51885
58847
59121
14508
14510
14525
12261
35204
51981
11732
11767
6236
45883
45894
45895
7027
35691
35998
7722
8013
38576
39143
5536
49123
56987
56989
56362
56397
56399
6784
40484
40488
40500
54554
54575
9941
9953
19381
19386
60092
60134
60226
60231
5946
52198
52589
52593
46018
46074
46091
5455
56608
56827
4105
6974
43197
43343
43664
43712
63888
63930
26581
26709
35397
30138
30179
15499
16007
27254
32281
6298
14201
14216
14376
4198
14634
33761
48346
48364
32583
32587
32677
8285
34409
51160
51594
3977
21740
33444
33548
42155
42166
42195
42336
10658
17485
62357
62436
15103
48414
49178
3985
22672
22676
21978
40155
7448
7451
28652
23401
23404
44277
44307
44310
44410
17684
30661
30874
9921
9938
9945
18670
18719
20349
43872
43879
43887
43914
10217
10931
9960
9993
30230
10774
10775
10851
4783
60760
54333
54350
4992
13178
21495
21496
22020
5831
52186
52242
13049
15231
52367
52609
52612
15125
15135
15163
6550
47469
49440
8747
8760
8763
22660
22677
15716
11587
16237
61953
62227
5251
41665
41738
17731
17753
18588
18989
19265
11158
11414
32132
32140
32160
13019
22050
22054
43535
43541
43551
6809
40218
40219
6594
50676
50700
32296
39868
4648
6196
6300
45655
55299
55300
55319
4450
16811
58214
52831
52883
52936
56447
56449
56483
56497
4710
13954
14441
11213
11226
11240
9907
9936
9974
10003
53354
53385
53399
53404
13177
22041
22068
15872
15875
34805
34809
34904
56668
56812
56878
56880
7014
43156
43157
43254
32730
32744
43437
43467
43488
4690
14034
14063
59943
46318
46319
46354
55787
55789
55798
56127
8192
31728
32397
32544
6449
8206
27697
7166
43274
43368
6024
6242
46107
36269
36291
38743
6688
41782
41805
38176
38200
40269
54594
54610
41770
41776
41807
7965
31637
31656
31679
22097
53100
5327
55983
55993
30674
30697
30748
22291
22307
22772
11806
11811
11843
15089
62874
62908
12354
12362
12388
23211
23295
23307
30985
30989
30996
31250
21163
21189
21202
16526
17294
17311
29422
29427
29443
29444
57725
57731
57767
58097
11878
11893
11983
26860
26916
27893
27832
27990
28438
8188
8310
24873
24877
24884
23203
23228
23240
23252
12655
12656
12658
18950
18954
19286
22930
4249
62473
62628
10429
22109
30814
30815
30817
14942
19650
19663
19682
13034
53201
61600
61626
15006
15025
11656
11657
11695
22822
23069
52690
52802
52804
52855
4398
12139
12140
12554
7786
39805
39809
40029
7517
37481
38387
38401
7529
7583
37755
37989
23922
24010
27730
27767
38318
38324
38330
38465
37750
37829
37845
7547
37456
37479
37483
13866
14449
14454
15023
4538
16804
16808
44647
46350
52840
52844
27885
27914
27934
52687
52695
52820
52824
37589
37714
37779
40206
40207
40216
26856
26923
26821
27096
27100
27103
23524
23605
23648
23654
23563
23565
23617
16691
16706
16735
37875
37885
37894
10443
10473
24599
13843
13881
13936
13520
13614
13752
30181
30185
30728
7181
31116
43668
4818
53829
53849
53863
38552
38560
38579
39175
38235
38241
44196
7647
38443
38477
6985
42031
5843
50351
50355
51102
52193
52218
52224
8483
10945
21463
21468
15173
46955
47122
53135
40339
43218
43250
9105
9107
9111
4860
54398
19283
19312
31684
47169
50322
52002
52014
52020
52022
14116
14170
59844
6396
45510
45545
22366
22395
22405
40892
42685
42843
6989
27675
42021
43386
43192
43203
44654
44662
45406
33887
33965
46959
26729
26761
27646
46598
46601
46633
46726
33455
33668
33680
24877
24884
24885
36789
37098
37140
11353
11584
17270
17297
17328
13427
13432
13537
13749
7822
32434
39840
43342
43448
48593
28153
28167
36850
42091
42097
42102
52222
52225
52372
52604
41498
41502
41535
41537
6983
31118
48471
48472
44965
46287
46292
10405
10415
10418
35298
35303
35316
59007
59025
59130
6323
45887
46023
58622
60174
61118
7537
38353
38446
22943
22949
24174
57601
57852
57877
19225
19271
19313
19319
7502
7503
38119
16165
16166
16172
9443
9944
9950
9989
12122
12321
12324
13884
13936
10390
10589
42847
46304
53131
33180
39750
39754
33176
39002
39051
27580
28904
32018
8450
8473
8652
8660
40586
40594
55496
30954
31007
14136
14447
59692
12655
12730
12800
8988
9112
9271
10896
15188
53943
53952
19867
19883
21959
44326
44381
44393
11939
11946
11952
11960
29037
29064
26823
26844
14397
27105
27618
27620
36965
37005
37006
35470
44261
44262
6871
40929
42703
6150
44918
44931
37392
37446
38718
56200
56204
56380
56305
56307
56312
6394
46395
46460
7646
38045
38068
38193
13183
53619
53652
11477
11564
12547
27866
27876
4573
14444
14480
7233
43429
43450
6390
41767
46576
5397
56305
56315
42072
42094
43012
43073
8417
17639
6086
52657
52693
52736
38145
38169
38179
28417
28442
28519
39710
39713
39723
45851
45853
45858
10507
10597
58533
58708
60192
35770
44146
44178
40410
40418
40419
14159
14520
15991
62739
62779
21353
21648
61071
61457
11660
11670
11705
8425
8459
10913
15895
16020
16157
25519
25543
5012
15667
15694
5045
5068
21658
30287
30309
30766
29535
29537
29945
12220
12237
12263
12694
14663
30582
30636
35351
14640
12763
12867
14512
14549
6591
48798
48991
11626
11700
60706
60930
61103
34205
34278
34334
34343
34256
34282
34295
34298
5379
55930
56011
56083
10119
10359
20443
20859
20921
27330
30202
29887
29913
7749
39579
39880
19469
20502
20511
22771
22786
22810
32927
33363
33367
36582
37411
37412
4944
61449
61451
61453
40039
40103
49114
18948
18975
18981
57819
57840
58188
21701
21754
44438
44487
34915
34930
35271
35275
45419
52479
52507
38776
38815
38835
43752
43847
29301
29327
30099
43777
43789
43794
43798
13655
60442
60444
60457
37096
37113
37342
23170
23256
23274
23545
4629
59400
59402
59543
14204
45658
59733
6342
14341
14345
7229
42950
43056
8200
33222
39710
11483
11493
51957
51965
52231
5929
62531
62553
15883
16026
62354
62348
62373
62471
62472
16051
16168
16176
17466
62155
62190
62201
15925
15932
16040
16017
62519
62571
62620
4484
62534
62551
62430
62443
4308
57613
61998
4251
62352
62365
62377
62378
62380
62282
62351
58280
61969
62100
62172
62187
62206
15805
16155
16283
15826
16248
16278
16280
15814
15914
4319
5032
15939
16140
63253
63255
63256
63259
15869
15871
15906
15933
15934
16034
62285
62287
62368
62371
61890
62139
62141
62194
4296
16227
61906
62241
15763
15782
15869
15871
15885
4283
62419
62420
15749
15854
15855
16250
62433
62456
15823
15836
15845
12970
15686
62314
62331
63019
63063
63100
63102
12936
63340
63345
62513
63240
63246
63390
15852
62286
62347
62269
62345
62349
62281
62339
62366
62377
12884
21194
30510
17086
63510
63517
63122
63157
63158
63207
15754
15759
16203
16267
16283
62205
62206
62208
62274
62327
62388
16059
16150
16176
16287
62090
62146
62452
15803
62223
62387
62400
12936
12970
62291
62331
15752
15854
15862
15580
15608
15806
15907
16336
15662
63567
63604
15566
15631
63642
63357
63365
63430
63563
15813
16276
62422
61935
61937
61987
62180
62242
62145
62224
61906
61952
62172
16224
16231
16234
16262
58238
62013
62032
4312
57651
61996
62036
11803
11804
12155
11449
12675
11797
62020
62061
4361
16063
16089
16093
12058
57862
57863
57887
57600
58248
62050
62000
62045
62048
16056
16058
16060
61942
62019
62024
62042
58209
58244
58259
57614
57632
11471
12551
12600
11243
57660
62038
4473
57664
57672
61946
4357
57626
57647
58276
58277
58283
15808
15848
15915
16161
16162
62275
62367
62382
62383
11495
11499
11566
57645
57667
57672
12845
51803
57715
57717
11483
11489
11563
16079
58243
58257
62071
11581
4400
11512
11532
12825
57676
61881
12464
57703
61783
61841
61863
8385
8386
12753
12874
34844
34849
51794
61786
61847
57665
57667
57715
34454
51513
51572
51723
51740
51778
34826
51844
51866
51804
51810
51839
57970
57977
57981
57957
57962
57966
57967
52019
52055
57969
61673
61750
61768
12616
12645
12661
57866
57884
57887
4383
57876
4366
12201
12205
12691
57553
57554
61680
61697
12440
12637
12686
57938
57948
57954
12239
61706
61708
57868
57871
57878
12650
12683
61691
61734
57876
57894
57945
58242
58243
58244
12838
57625
57652
57590
57620
57571
57572
57640
61810
12579
57858
57892
58227
58254
58280
58240
58242
58244
12845
57671
57717
61938
12428
57698
57716
51797
57683
57708
12208
12596
34690
34751
34761
61788
61792
61794
61848
4917
57638
57655
57661
4390
12686
14518
59013
59075
59116
57746
57783
57798
58078
4442
58140
58141
59132
13861
59097
59101
59119
14626
57790
58143
11348
11366
58193
58213
58264
12807
57690
57699
11544
61922
61953
62228
11838
58193
58230
12130
57809
57903
57799
58047
58051
57873
57904
57907
12185
57943
57949
15083
57774
59186
57815
57919
57926
58088
59174
59177
12482
12492
12502
61813
61839
12622
12635
12117
57950
58065
4399
57930
57992
58062
58079
59143
59164
11236
11373
12099
12125
57823
58167
12302
12305
12315
12319
12138
4548
12327
12482
12523
4917
57643
57655
12300
12350
57989
57990
58045
12207
12215
52160
57959
34687
51769
61728
61730
12205
12348
12663
12117
12131
57896
57916
12239
12717
61705
61706
4422
57789
57811
58179
12187
12204
12592
51887
51901
52326
58083
57989
58044
58045
57634
57670
4417
57756
58813
58816
58839
58856
52278
58822
59148
59143
59164
58026
58035
58059
58070
14420
52282
58846
58908
57800
58058
58063
57752
59147
59160
59163
57829
57837
14560
58871
59187
12342
12352
12719
47108
51902
51916
52343
52362
52602
52302
52306
52358
52574
4548
57915
57986
46916
46964
46967
47076
47080
47084
12192
12203
12204
12292
58105
58109
58221
58447
57719
58783
59141
59183
14730
58144
4443
58799
58801
58383
58441
58464
58475
15062
16790
58393
58793
58397
58410
58414
14707
14739
15052
58154
58157
58417
58209
58211
58215
58168
58786
58794
58805
58170
58354
58356
13870
13936
12514
12519
12823
58051
58060
59177
57798
57800
58058
11933
11942
58207
58326
57850
57851
57906
16104
58269
62080
16357
16384
11839
58210
58326
58203
58218
58249
58290
58147
58149
58161
11933
11935
11952
35329
35330
35353
12092
12102
12132
12136
61671
61689
61752
61767
4467
58301
62707
16075
16115
16438
16707
58358
58369
14841
58359
58369
58358
58362
58376
16698
58339
58341
16092
16095
16107
15028
15035
15057
11412
62053
62068
11557
58255
62017
57747
58051
59177
61883
11418
11419
11421
61903
61911
15335
15344
15345
11422
11429
12560
16698
58295
58312
58352
58356
13285
14939
19654
16081
17613
17639
62751
62753
62755
5929
62478
11690
11732
11869
12296
12319
11642
16709
16748
11327
16090
16591
58306
58340
58349
62715
16790
58107
58412
58793
16578
16583
16588
15929
16040
13106
61280
62809
61253
62767
62776
15412
62545
62547
62104
62723
62753
13012
16172
4906
16587
4509
58776
58794
58772
58778
58789
58448
58494
58760
58777
16801
58411
58475
14866
58272
13119
62677
62752
16584
16670
4536
58435
61248
14884
4920
15282
16762
58761
58801
58688
58702
58703
58802
58314
58315
58320
58360
15036
15065
4930
61154
61195
61207
13804
13880
13883
13885
58589
58614
58707
60217
13226
13593
13747
13782
58510
58569
13702
13761
13780
4892
4912
61127
61170
59139
59158
59161
59184
14019
14040
58623
60203
60220
61126
60224
60229
60249
60282
14049
60133
60199
60227
4611
4715
60092
60134
13812
14952
14957
13369
61243
61279
4582
58627
58665
58672
11858
11862
11865
11871
13873
13879
13884
15032
58485
58502
58601
58788
59111
59114
59131
14149
14257
14462
16696
16730
16963
11856
11877
61243
61279
11688
11868
16809
16817
16689
16696
16705
16733
13807
13808
13905
58483
58507
61245
59414
59440
59628
59707
13902
14994
4905
11896
14736
5937
57966
57967
57970
12343
12391
12697
52278
58846
59148
57930
58048
12069
12070
12078
14485
58939
58976
52334
52340
52352
58779
58780
58806
58900
58906
58973
15083
58140
59186
14357
14438
14289
58924
58943
45469
45479
52459
4559
14248
59466
45444
45508
59289
59791
59926
4662
14309
59703
14230
14233
14294
45922
52284
52315
13903
58681
58725
58758
58774
58802
14103
14130
14459
57731
57752
58097
59160
6247
45750
45752
45755
58871
58911
59108
52425
58961
58975
58976
13772
13906
58555
58711
14477
14451
14524
4582
58626
58665
60124
59097
59099
59119
59135
6260
45732
60153
60201
60241
58182
58196
58207
58326
14501
14516
13684
58646
58653
60175
16780
16804
16838
59069
59281
59298
59302
59560
14073
14096
14111
14448
6496
14395
14396
14415
14878
14881
14889
58099
58164
58169
58174
59343
59378
59561
14967
14969
14129
14136
14447
15037
15072
15076
58771
59096
59114
57819
57832
57841
57870
58035
58848
58883
57628
57879
58263
59285
59312
60031
59221
59301
59302
59560
59288
59577
59580
60057
60064
60083
60111
59198
59420
59525
59934
59968
60426
59195
59199
59223
59246
59597
59599
59630
59672
14107
59790
59797
59786
59792
59926
14075
60038
60041
60070
4628
59773
59801
4659
14236
59810
59741
59744
59756
14245
59387
59641
60053
60103
12127
12134
14109
58628
59062
59063
59412
59559
59773
14202
59685
59822
4628
4732
59303
14101
59353
59561
59039
59051
59057
45565
59664
59801
14466
14475
59403
59417
59458
59468
45763
59475
45663
45669
59477
6301
45781
45796
6336
14279
14293
14301
59910
59911
59937
58917
58918
59438
59407
59405
59556
45527
45569
59520
59544
4650
59595
59603
59635
45614
45668
45673
45529
45536
45539
45576
59526
59672
59779
59648
59677
59726
59727
59241
59251
59763
59967
60010
60060
45573
45673
45674
6266
45635
59667
4703
59313
59551
59318
59338
59379
59381
13041
13065
22113
27145
59232
59288
59290
59549
59666
59667
59671
59295
59382
59565
59639
59655
59726
59694
59700
59731
45654
45736
59504
59519
45636
45652
45713
45724
45725
14193
45719
45741
59782
59786
59797
59972
60006
59230
59778
59792
59850
45707
59647
59725
14214
45723
45741
59673
59694
59731
59692
59714
59717
59245
59751
59760
59966
14172
59754
59925
6286
59686
59700
6287
59666
59668
59563
59787
59795
58915
58923
58934
14215
14220
14297
14231
14238
14239
6289
14215
14222
45778
14242
59642
59731
59231
59253
59287
4741
13924
13959
13962
13956
14078
14175
14142
14151
14399
14092
59853
60067
13958
14064
14093
14166
59870
59934
59968
14030
59938
59990
60007
14082
59843
59878
14051
14068
14080
15013
58699
58704
58719
14144
14436
14459
13942
14441
13895
13901
13911
14984
4730
60094
60144
60420
60432
60447
4758
60419
60420
14105
59830
60163
59382
59735
59743
58861
58864
58981
14050
59878
14256
58924
58948
59456
6220
45688
45697
14029
60056
60064
59035
59359
59370
59812
59989
59992
59993
60262
60354
60431
60918
59958
60016
60318
13627
13679
60435
60034
60045
60055
60095
60052
60308
60323
60326
60343
60407
60433
14262
14365
59425
59735
59120
59129
59155
14287
14310
14431
4753
4870
13697
4733
13730
60469
60213
60230
60968
13668
13679
60455
13947
13967
60080
60119
60428
45491
45497
45566
59474
59979
60058
60341
6261
59051
59062
60053
60098
59300
59309
59314
59691
58789
58790
59182
13245
58587
58616
4775
4927
61010
60251
60252
60254
60257
58577
58605
61123
61118
61164
61205
61376
60316
60339
60902
60941
60951
60966
61005
60524
60895
60910
60290
60291
60431
4757
4878
60836
60824
60825
60858
60877
59984
60113
60349
6252
60080
60161
60278
60449
60944
59535
59658
60224
60247
60249
4869
60819
60827
13628
60239
60244
60924
60909
60913
60946
14056
59874
60178
60456
4819
5118
60859
60281
60285
60421
60944
4813
4825
60868
13978
13983
59684
59714
59717
59962
4789
60829
14003
14009
14051
13608
13753
13777
60393
60417
60518
14028
14034
14052
14063
13646
13672
14046
60463
58665
60148
60162
6240
13712
19831
19860
19904
60374
60397
60852
60203
60220
60452
60389
60395
60422
60257
60934
60945
60834
60896
60936
60350
60355
60395
59888
60446
4788
5114
60552
60865
60568
60838
60994
4838
61024
61027
4850
13531
61115
61424
61064
61068
61088
54017
60695
60725
60765
60502
60505
60566
60573
13519
60740
60772
60851
60561
60598
60937
60978
61019
61037
53815
53847
54052
4787
5129
61040
4877
54013
54053
4816
60879
60925
4774
4776
4854
5115
61044
61111
4879
61024
61437
61047
4871
60618
60620
53809
53811
53884
60659
60683
60688
60744
5157
53911
53914
54111
60692
60725
60765
60800
60693
60765
61040
60616
4841
4857
54030
54074
13519
60660
60668
60740
4806
60739
60786
60795
60694
60728
60774
60547
60686
4819
60807
60364
60402
60522
4878
60384
60422
5102
60818
60855
60527
60528
60530
60844
60842
60869
61013
61147
4876
60556
60849
60983
60645
60757
61028
61109
61116
13478
60625
60703
60712
60736
60775
60788
60732
60735
60745
60802
60856
21402
21422
21428
21379
21380
15495
62719
60665
60752
4863
13470
13494
4981
5068
21651
53917
53943
61078
5099
54021
54069
54277
5140
54031
54045
60764
4817
5103
54058
60374
60921
14138
14176
14399
54010
54015
54026
60769
60779
61047
54060
54072
53852
53942
60808
60863
60874
60875
60884
60962
59887
60419
60436
60960
60967
61112
54032
54033
60733
60799
60886
60908
60928
60950
60835
60864
61039
60303
60305
60349
60816
13630
13632
13661
13662
60714
60721
60925
4851
60726
60747
61108
61098
61114
61148
53946
53959
53969
54384
5096
54135
54186
13579
61109
61132
4836
60702
60706
60974
4951
60986
61001
61010
60713
60715
60961
61106
61110
60955
60979
61014
60992
60999
61027
13529
61026
61133
5117
60745
60403
60415
60523
60997
61102
61103
5135
60687
60700
4935
61028
61109
60087
60090
60101
60265
53994
61074
61088
13579
61426
61435
4873
61411
61430
61025
61035
61043
61052
60980
61028
61424
4873
13498
60713
60779
61111
53909
53944
53953
53964
53985
53987
54105
5097
5106
54017
60695
60710
60773
5130
13483
21341
53973
54403
5051
54334
54398
54008
54055
54097
4970
13509
13513
13522
13616
13727
61058
61064
61088
53529
54403
54409
61041
61063
61095
54008
54044
54096
60817
60892
60906
60168
60184
60452
21351
53906
60614
13660
14053
60178
60456
61429
61436
21362
53907
60701
60880
5081
53975
5114
60869
60717
60746
60771
60398
60996
61117
5086
61434
61441
13503
13509
13551
60920
60963
61038
60339
60369
60373
13480
53912
60616
60234
60278
60281
61171
61190
61193
61234
13256
13258
13268
4898
13195
61219
4909
61144
61188
14047
14070
14082
4934
61179
61240
61177
61198
13466
61204
61390
13199
13260
13308
4900
13410
61208
61388
4930
13585
58616
61154
4931
61338
61339
61341
13186
19858
61182
14085
14113
59394
61172
61211
58525
58571
58575
61250
61268
61280
16769
16788
16799
58683
59046
59064
59066
17361
15315
15375
16799
61235
61275
61307
61335
13581
61166
13025
63833
63859
61273
61281
61336
61177
61255
15251
21975
21976
21981
16669
16674
58304
13974
59059
59086
13005
30264
61597
57565
15143
61319
61327
13179
21909
22006
15289
16772
14885
16778
16929
41248
53132
61591
61610
13004
21765
61551
61590
61553
61554
61300
61588
61595
13610
61029
61137
60954
61024
13445
13463
13749
13869
14548
58574
21873
22042
4939
61384
61431
13425
13440
13471
61169
61174
61255
61064
61114
4964
40054
61554
61579
21873
21915
61325
21766
21785
61441
61446
4984
61511
61516
61545
5043
61514
61556
13438
61136
61438
15188
21353
53943
5091
61510
13339
13554
13580
61368
61400
61580
13437
13490
13535
60940
60954
61006
13438
13466
61382
53913
53918
53997
61119
61437
13647
60198
60200
60467
54001
54014
54028
60548
60663
60673
60685
4969
53982
61568
53493
53513
58515
58516
58561
53741
53935
53427
54420
54422
53557
53594
53596
53425
53497
54404
54120
54163
54189
61082
61084
61460
61547
61552
15272
15288
16763
5787
15509
61588
61593
61603
61618
61595
61596
61618
53980
61533
13459
13494
5025
53426
54363
53473
53527
54425
17789
35362
35364
4989
53290
53342
53979
61465
61498
61529
53596
54365
53258
53482
53490
53539
53420
53495
54422
53388
54415
54421
5001
13156
15201
22037
5047
21585
53622
61524
61539
61541
53932
53967
54381
61363
61546
61353
61355
61395
40105
53343
9920
53472
57589
13052
62910
62921
53234
53277
15121
15149
15162
15178
5161
53292
61662
13148
15234
22075
6714
62921
62929
53101
53246
61563
61604
13460
13473
13021
22058
22063
53254
53281
53291
9908
20842
21812
17091
63641
63642
13123
22038
53326
53328
53361
53477
12975
15131
46642
47693
53151
53174
53196
53216
15978
15984
16029
16032
53256
53257
53276
53346
25674
25736
62910
5029
13030
53299
53477
12985
63694
63721
5018
5040
21727
53398
12962
15677
63860
63863
63907
63913
53234
53236
53278
53294
21711
21719
21720
53867
53986
60679
53245
61532
61558
53344
61540
15192
53286
53287
61647
53325
54404
54420
5051
53972
54398
5152
53331
53406
53412
53160
53218
57339
15550
63679
63689
63691
53461
53478
15104
35542
37535
53107
53440
53442
53495
57562
57573
57580
53242
53311
5040
5163
21727
53253
53925
53950
53954
54419
16161
16168
53303
53472
57556
57565
15210
54274
54318
16793
21924
21946
21712
53502
53524
15819
16267
16283
5042
21678
61538
26503
26516
26518
26543
5045
61517
61543
21695
21772
21649
21650
21787
21816
21651
53562
21571
53635
53813
16455
16458
10380
15526
53506
54335
53462
54338
54367
54374
53585
54342
54347
21595
21659
21667
53566
53622
53624
21886
54334
54387
53584
54347
54374
54320
54332
5077
21456
53827
9788
21565
53642
54342
54347
5078
13496
53832
53769
53774
53804
53772
53792
53802
53586
53935
53968
21667
54320
5076
53742
53750
53680
53683
53948
5143
54152
54179
54236
21486
21491
21550
21466
21492
53732
53390
53419
53447
53749
53827
5080
21458
53762
53795
53831
21423
53864
53928
53951
53668
54190
54273
54104
61082
61083
53142
53156
53285
13487
61411
61428
21310
21342
21381
5096
54138
54385
53940
53941
53967
21355
54000
61060
61419
61449
61462
59746
59753
59758
59764
13218
13246
13741
53590
54320
54358
60699
60752
60786
54066
54276
54051
54054
21373
21423
21668
54036
54051
54183
60746
60759
60761
53925
53941
53954
53977
60807
60857
60858
54061
54071
54147
21351
53871
53877
53901
5112
54071
54072
53893
53894
54074
5139
54079
54087
54189
53963
54007
54094
54095
54078
60654
54058
54060
54131
13479
13506
13516
54109
54188
54326
14038
60470
60893
60970
5118
61049
61108
54087
54120
54030
60764
60768
60863
60865
54194
54200
54206
54249
5121
54157
54217
54206
54283
21671
21672
21691
54131
54166
53818
54083
54089
54057
54060
54068
54075
54120
54141
54163
54112
54133
54316
54327
53593
53615
54349
5153
54032
21349
54148
54156
54160
54260
54267
54280
54281
53714
54210
54216
54217
54247
54297
54327
60691
60699
5143
54192
54248
54146
54160
54192
54248
54106
54117
54258
54311
54072
54073
54292
54069
53751
53756
53773
15156
54348
54358
54085
54321
54332
54337
54390
53737
53784
53790
53793
54350
54354
21158
53714
54256
54159
54168
54380
54307
54310
54328
9869
25071
25418
53955
54093
54303
54416
53330
53348
60755
60767
60799
54019
54054
54075
5158
54312
54393
54357
54368
54421
54028
54099
54126
54304
54313
53832
60963
60991
61020
53103
53195
53659
53683
54284
53254
53406
52761
54480
54518
44720
54428
54465
6031
52737
52743
52737
52750
54429
6142
46479
46481
46484
6036
6373
41826
54513
54564
54591
54598
54599
54615
54616
6717
52667
52685
52736
6027
6707
48704
5183
40224
40237
6936
41943
41946
6657
43372
48606
43360
43366
43375
40313
40330
40335
43239
40233
48696
48714
48786
43354
54542
54547
6808
6812
40235
40314
5792
54576
6802
40234
6814
40498
41495
6782
40396
40509
40570
40156
40262
40294
40042
48635
48743
48685
48692
48695
48697
40293
54624
54643
41893
41921
46684
6812
40282
40365
40294
40495
41903
40113
40229
49117
40165
40168
40502
40555
50645
56845
56853
56864
40047
40062
40196
40283
40291
40496
43255
5584
54648
54650
54585
54731
54793
40492
40494
40510
54670
54726
40141
40151
50640
50663
5629
40103
49115
5255
54714
54724
5256
54676
56852
40200
54611
54674
5798
54575
41584
41587
41603
41793
40327
40330
40333
43473
5254
41750
41786
41789
6905
40544
40560
40575
5479
40466
40525
41573
41588
41615
6818
40522
40559
41568
54777
55455
6144
41627
55384
54865
54867
54882
44795
54892
54918
54973
5278
54862
55145
44950
46292
46354
44715
44751
44889
5297
6945
54801
54834
5312
55115
55306
54995
55092
55097
5237
55293
55375
54955
54959
54963
5247
44771
44814
44817
6122
44800
53043
53056
44853
44863
44912
44913
55092
55126
55245
44798
44799
6225
44780
44913
54978
44869
54918
54929
54940
44560
44791
44804
6164
44557
44836
44952
44892
54973
54981
44742
54898
54905
54906
54925
54939
54958
5392
55260
55297
55312
41399
41413
42890
41748
46319
46364
5244
5263
55256
44972
44982
55026
5245
55263
55315
55248
55262
55274
44783
44786
44860
44953
44758
44877
44775
44817
44909
44791
44804
44812
54955
54959
55247
5253
41725
6959
46296
46385
41679
41721
5272
6970
54718
54723
54788
54614
54644
54656
54950
54960
55199
55252
41580
41585
41602
41614
44910
55107
55118
55125
55178
55196
55241
55364
41253
55661
55664
55663
55664
55699
54945
55264
55336
55337
55507
54815
55370
55405
55605
55607
55613
55627
44978
55176
55333
55259
55276
55299
6921
41237
55669
55709
55647
55649
55653
41746
54954
55099
41788
55648
55649
55653
55228
55277
55310
55321
55517
55546
55637
55309
55312
55390
6147
55257
55309
55341
55273
55276
55324
55567
44771
44814
44861
44919
5335
55623
55626
5340
41705
41733
5399
55476
55553
55285
55287
55304
55322
44868
55236
55245
44727
54895
54900
54971
44770
44921
54906
44740
54852
54894
55079
55281
55286
55310
55209
55219
55222
55231
55230
55232
55274
55484
55524
55548
55751
41244
41252
41595
54699
54757
54763
6375
6953
46381
44674
44677
44755
44824
54838
54873
54754
55414
55457
55471
6131
55484
55524
56302
55515
55517
55546
5430
40585
56227
56527
5460
6773
8433
61347
56135
56169
56186
56317
5387
56123
56135
56317
56521
56551
56554
56165
56180
56564
56602
5410
5459
56184
5320
5459
56179
56588
56551
56554
56588
5393
55269
55270
55271
55621
55110
55154
55331
55599
55606
55610
40571
56503
56832
55485
55550
55637
55692
5365
56002
56007
41111
55719
55721
55531
56006
56056
6840
40581
56311
56324
56586
55958
55963
55975
55216
55281
55307
54945
54960
55568
55907
55908
55945
55982
55572
55964
55991
56033
56054
56085
56257
56010
56047
55903
55921
56058
55643
55716
56301
5331
55603
55612
55571
55579
55995
5393
55212
55560
55644
41119
55677
55701
56322
56036
56137
56300
55214
55221
55559
55805
55820
55825
55898
55255
55265
5398
55606
55610
7006
55678
55904
41654
41657
41675
55213
55214
55233
55625
44866
46293
55035
41163
41201
41265
41313
41128
41209
6831
40524
40601
41635
55360
55381
6274
41540
41618
5492
6047
55339
55467
5499
55474
56038
56126
6893
41130
55866
55893
40994
40996
41024
55893
55907
55966
56092
55768
55769
55807
55834
41124
41138
41215
55865
55874
55881
55969
55849
55877
55891
41020
41132
41151
41156
55721
55739
55888
6927
41107
41110
55872
6881
6907
56045
56201
55797
56070
56250
6904
6927
41036
41110
56015
56018
55983
55988
56012
5377
56049
55759
55856
55894
55745
55842
55915
55939
55777
55831
56127
40627
55689
55714
56072
56084
56112
56113
56032
56050
56064
5401
56084
56088
56206
56253
56282
56290
56308
5466
6905
40562
55726
55958
55962
55925
55931
55998
56128
56131
56317
55933
56076
56023
56032
56254
56100
56102
56167
56245
56220
56233
56238
41219
56233
56269
55651
56059
56118
56200
56240
56320
40593
55431
55448
56124
56125
56239
56325
56336
56954
6881
56086
56115
5458
40668
56339
56189
56706
55505
56498
55576
40634
56525
56593
41618
41630
41647
6961
56273
56277
56304
56272
56314
56343
55713
56120
6131
55718
56302
40620
40625
40649
41060
56072
56197
56081
56258
56321
56046
56050
56053
56201
40586
55430
55451
56279
56638
56718
56738
56942
56683
56685
41142
56019
56051
56111
56174
56266
56099
56109
56173
56170
56171
56188
56383
56390
56429
55924
56011
56015
56019
6834
56382
56568
56678
56704
56788
56960
5430
5483
40585
56337
56267
56370
56569
56228
56232
56372
56555
56570
56708
40625
40670
40681
41060
5431
5466
40568
5422
56212
56377
56645
56210
56568
40633
56238
56242
55822
55896
56328
56333
56192
56208
56209
56543
5427
40551
40604
40553
40577
41285
5439
40616
40619
40679
40548
40565
40575
5487
40577
40599
41285
5433
40253
56466
56826
40455
56483
5501
56360
56422
56969
5494
56589
56648
56679
56454
56462
56463
56484
56337
56385
56508
56151
56152
56222
40612
40623
5490
56626
56648
56679
56548
56641
56642
56701
56115
56136
56174
56393
56394
56630
5447
56936
56988
56542
56552
56558
56567
5455
56608
56679
49123
56949
56674
56689
56723
56396
56398
56517
56948
56949
56972
40837
41056
41137
5512
55484
55519
5463
56651
56696
56406
56656
56658
56464
56728
6834
56555
56576
40599
41235
56368
40635
56342
56431
56324
5625
40547
40548
40672
40663
40671
41528
56631
56639
56738
56442
56512
56521
56653
40178
40478
40511
56416
40576
40591
15378
18222
62653
56388
56391
56404
56434
56514
56662
56720
56460
56462
56463
56511
56666
56720
56880
56648
56654
56655
41759
46363
54516
54768
41791
41792
41860
41115
41123
55876
41228
41241
41244
55308
55328
56498
56485
56490
56493
6833
40472
40511
50644
56830
56865
57283
5497
5510
40452
56505
55802
55803
56338
56342
56394
56400
56923
56913
56917
57006
56764
56927
56928
40567
56385
40598
54772
55502
40081
40447
56898
57006
56605
56907
54681
54687
54781
56499
41246
55456
56936
56949
56972
56594
56728
40593
56124
56231
52703
52709
52943
56484
56894
56612
56735
56961
56042
56139
5625
6102
6759
62926
40572
56361
56673
56722
56723
56460
56511
56518
56827
49189
56746
56754
56770
56771
56975
5528
5626
49240
56756
5555
5614
49184
49195
40461
40466
40554
40578
50710
57285
57290
56473
56489
56493
56958
55491
55551
55971
5788
6777
49139
57248
5530
5612
5626
49192
5546
49223
49228
5545
57038
57048
57242
57241
57245
57246
57249
56320
56336
56562
57017
57026
57036
50670
57239
57285
48901
57316
57352
57411
56752
56973
56982
57039
56934
56938
56988
49191
49193
56757
5619
5636
49239
40174
40476
40485
40487
5536
56991
56998
5557
49195
56803
56846
56999
57284
5619
49209
56986
57009
57045
49203
56982
57041
5554
56900
56917
56930
57012
57013
57142
5554
40176
40181
57000
49199
56986
57045
40056
40098
49163
57085
57128
57129
40051
49055
49060
49066
40045
40047
40090
40476
40486
57026
57032
57037
40083
56911
56914
57041
57071
5586
49224
49183
57061
57126
6764
40064
56985
57009
56673
56814
56888
49197
49234
40068
40069
40074
57004
40044
40046
40052
49064
50655
50710
57239
40186
49160
49236
49183
57048
57126
5633
49236
49240
40043
49042
49096
6794
49180
57071
57098
6786
40090
40104
56585
56654
56655
40045
40097
49106
40106
49104
49118
49030
49031
49139
50691
57251
57537
57545
57073
57074
57091
57102
57170
57171
57383
40044
49034
49072
49176
49197
49234
49142
49148
49174
57518
5638
6772
48909
48910
49004
49182
57080
57521
5575
49648
57426
57458
57437
57510
49148
49164
57530
57387
57406
57428
5726
57476
57487
5700
47361
49614
6521
49628
57511
47383
48922
49597
5756
47309
47394
5730
5766
49758
40130
54658
56840
40187
50634
57232
57298
49222
49239
56740
56745
56773
56975
57409
57415
57454
57542
54649
56838
56851
57286
40052
40056
40059
57231
57233
57315
6770
49229
57505
49133
49138
49161
49219
40033
50668
50995
5848
48796
50714
5608
6805
57416
40214
40229
49103
57421
57427
57459
50591
50599
57345
57346
5844
50604
50625
50657
50672
50682
5844
48711
50694
49687
49731
49743
49773
49812
49942
49745
50602
57338
57227
57236
57303
50081
57341
57348
57367
50715
57390
57455
5733
49648
57446
6519
6744
48929
49843
57434
57462
57535
5619
56783
5627
5713
57495
57535
49130
49158
49171
5632
5692
48904
48929
49621
49638
49651
49726
5713
49627
57472
57484
49147
57492
57543
49233
5725
49718
57486
49844
57358
57369
57440
57470
57488
49643
49698
6741
49511
49660
49666
62920
49190
49191
57483
57496
57498
49132
49208
49070
49082
49098
49021
49025
49030
56745
56792
57271
49843
57212
49180
49205
40047
40062
40067
49201
56699
56767
56785
56741
56774
56783
50651
50687
50688
54623
5698
48948
57088
57135
57166
57179
49312
49326
49654
49211
57068
57109
40226
49152
49172
49173
6737
49337
49496
6785
44649
49138
49210
49214
56804
56809
56893
49304
49320
49356
49380
49277
49304
49306
49320
49345
49361
49382
49256
49342
49395
49405
5736
49307
49315
49904
49315
49517
49929
5729
49344
49375
49300
49919
49980
49317
49332
49736
49373
49387
49389
5693
49310
49736
49954
6523
49891
49945
49269
49270
49536
47611
49846
49861
49376
49397
49925
47469
49400
49449
49797
49798
49802
49833
50007
50034
50310
47353
49783
49831
49939
5671
5708
6523
49995
50052
50116
49343
49372
49389
49393
5728
57435
57449
57453
49514
49611
49669
5671
5751
6523
6571
49928
49341
49470
49673
49533
49545
49792
6534
49418
49420
5724
49424
49430
49433
5742
47488
49441
49399
49410
49487
49882
6743
47470
47497
47524
49340
49382
49390
49489
49347
49483
49485
49490
49436
49440
49449
49450
5694
6567
49478
49433
49440
49528
5709
49414
49415
49926
49933
6543
47440
47460
47468
6503
47312
48918
49260
49304
49366
47487
49970
50032
49860
49914
50059
50065
5710
47342
49548
48895
57212
5732
49327
49408
49483
7967
57193
57197
57460
49694
49700
49725
5718
5746
49587
49589
6727
6744
49046
57146
57222
5718
48919
49589
49582
57445
57486
57529
57523
57530
57544
49159
49160
49170
50523
50694
50695
49619
49628
57475
57485
49276
49279
49313
5823
49641
49672
49899
50053
5724
49426
50101
47316
47359
49558
47443
49876
49946
50044
6206
15495
62915
49162
57501
5764
49677
49704
49706
49602
57182
49268
49472
49649
49744
49763
49764
49777
49898
57448
57182
57184
57460
49258
49351
49352
5723
49683
49728
50048
5755
49645
49672
5732
49677
5750
49415
49633
49668
49725
49627
57484
57489
49648
57440
57458
57465
5733
57459
49373
49389
49398
49885
49947
57500
57512
57533
57546
49688
49706
57447
57510
49637
49647
49726
57505
57527
6571
50053
50148
50150
50563
47466
48955
50319
49635
49681
49719
6523
49891
50043
49747
49773
49806
47463
49451
5858
50251
50326
6566
47499
6554
47496
47498
47513
49585
49685
5751
47654
49291
49935
49394
49396
49397
49409
49484
49488
49451
49528
49957
49823
49834
57367
6559
47461
47468
47417
47442
47452
47453
49657
49661
47405
47449
50089
50315
48980
48987
48997
49006
47326
47338
47344
47307
48840
48936
49765
49774
49824
47433
50122
50292
49988
49993
50030
50049
49649
49786
5864
47652
47678
49753
49819
49840
47198
47200
47201
57130
57139
57514
47180
47207
47300
47185
47195
47404
6500
47597
47622
47458
50015
50018
50333
50655
50682
57239
47283
50152
50170
50188
31684
47184
47663
50278
47350
49574
57358
48144
50217
6522
47452
47457
47609
49023
49026
49041
5806
48080
50291
51229
47337
50087
50597
5907
48086
48110
48121
48122
48135
47486
49294
49921
49962
47687
51112
51169
50487
50491
50553
50560
9187
15544
57252
57279
49855
49857
49861
50358
50374
50664
50398
50411
51100
41597
54532
54637
50711
54599
54600
54571
54626
40208
54569
54637
48681
50411
54633
54629
54636
54642
50352
54571
54604
5801
43381
52645
54558
40225
48706
50996
51103
52649
50512
50517
51007
48240
48755
51219
51221
51222
51230
50134
50138
50213
48077
48169
48724
50405
50410
50632
50674
50697
50357
50368
50414
50693
5811
48708
48792
48718
48744
48803
48158
48165
48886
48750
48767
48774
48777
48760
50286
50976
51311
6028
43338
43356
43448
6687
48750
48763
6760
49002
48930
48935
48962
50207
50257
50262
5846
48161
48181
40225
50665
50996
6749
48720
48797
6741
49610
49667
50352
50366
54567
54733
40206
43378
43473
50792
50793
50895
50912
46894
47152
50742
50761
52193
52258
52262
46720
50753
51074
27643
35005
35007
35071
35024
52178
8371
35058
35112
52257
52275
52980
51308
51309
51316
51626
51683
52137
6034
51070
51074
51077
50901
50910
50934
51016
52705
52984
50916
50917
51031
6664
34208
34244
50943
51289
51291
50959
50987
50992
50366
50398
48900
50590
5971
35055
35071
48133
48196
7000
54582
54601
6594
48795
50660
6524
50471
50476
50478
33785
34229
35010
5852
48405
51032
48112
50940
50955
50039
50114
50118
50318
50127
50180
50187
50283
47752
51449
51470
51459
51470
51499
33979
34352
51467
51591
50248
50249
50253
51107
51125
51188
47769
47878
47893
47743
47862
48056
6587
47780
47877
48042
47756
47800
47875
6599
47565
51262
51265
51281
51300
48023
51243
51284
35013
35029
35045
35104
50197
50210
51344
34119
34176
34416
42057
42059
42075
42076
48253
48782
48788
51332
51354
51374
8331
51371
51373
48107
48118
48159
34232
34252
34335
34360
34207
34210
34343
34319
51338
51346
51215
51243
51245
6720
48227
48314
48328
5930
52127
52130
52142
47517
47559
50323
51247
51450
51454
51456
51591
47679
47697
47737
47725
51155
51188
8277
33988
51146
51153
51185
51186
51552
51600
51854
51403
51409
51480
51494
51646
51653
51672
52138
51001
51030
51044
51511
51538
51835
48088
48096
48306
51498
51518
51587
51588
33991
33994
33998
34077
51151
51156
51168
12768
12862
61670
61787
61804
57682
61882
61910
57634
57705
57706
34575
34581
34906
8386
34834
34429
34509
34557
34563
34565
34592
34780
34526
34555
34585
34757
34895
34896
35201
51783
51791
51805
51847
48114
48115
51481
51499
34654
34659
34744
8309
34224
34333
35041
34274
51387
51622
40152
54646
56872
5965
35036
51635
51660
12231
34696
34752
5974
52036
8327
34762
34816
12765
34747
34763
34287
34292
34299
51544
51553
51867
12223
51727
51763
33845
34224
34225
35041
8260
35095
12765
34727
34782
34821
51773
51774
52005
5955
34748
35091
12832
57553
57560
57662
61680
12505
12511
12621
12684
62488
62554
52143
52156
51717
51725
51733
52042
8364
35070
35077
35084
12214
12217
12628
34810
51804
51809
12247
12251
12257
12365
13851
15026
34687
57969
34359
51595
34874
34900
34684
34687
51769
52019
12752
34829
51849
5969
52051
52064
8347
8351
35057
5968
12716
34694
11827
11829
11908
47147
52203
58037
58042
58088
58091
35331
52003
57979
57982
12695
35228
34626
51700
52123
5958
51971
52059
12261
51985
57996
57999
12725
12732
12760
34924
34930
35274
51781
52010
52018
52033
52050
52051
52062
52048
52109
52110
35234
57999
12712
12748
34786
51980
51989
57995
58002
51730
52048
50460
50461
50567
51048
8205
52594
52954
8349
34591
34596
34740
51623
51705
51332
51378
51447
46934
50729
52192
52257
12725
34715
12241
52058
52069
52075
52087
52091
52232
35019
35028
35103
51337
51338
34531
34534
34535
34550
52026
52043
52119
6696
40208
54548
51615
51705
52149
6524
50476
50482
50579
34855
34860
34862
34881
51906
52251
52318
51893
51914
51940
52208
52253
52322
5983
52297
52572
52608
6198
52617
52283
52286
52290
5987
52438
52452
52458
45805
52363
52563
52454
52505
5989
45446
45891
58931
45445
46118
45458
45777
45798
6212
45449
45458
46123
45474
45783
46135
6239
45506
45513
45479
45886
52443
46063
46149
46060
46082
46107
45487
52534
52549
52887
45414
45421
45428
45431
6007
46122
52454
47086
52603
45418
46584
52486
52512
6067
52859
52878
52880
46141
52899
52912
6120
45386
45475
6023
52587
52592
52952
6345
46069
46256
46515
46100
52490
52491
14235
59448
59455
6281
52408
52464
6297
6303
14280
46023
46026
46087
58891
58894
58899
58909
6341
46028
52527
52565
6423
6473
52218
52224
52237
6332
47123
52915
52966
52968
52972
52435
58930
59448
59487
45132
45133
46115
46151
46486
46501
46519
46522
52531
52567
52906
6077
45961
52955
52974
46110
46124
51028
51097
51099
6028
43265
43339
48656
48680
48684
43365
46939
47135
47166
6139
6417
52931
52722
52932
6434
52807
52817
46466
52823
52825
50750
50775
6664
34208
34216
41813
41816
6064
52722
52738
46346
52801
52832
52834
46694
52791
52806
52826
57403
57427
57461
44668
44708
44736
44820
44728
44889
54844
44572
44574
44663
41714
44890
44907
44975
44941
44955
45062
54448
54490
54715
41067
55500
46355
46466
52825
44896
55000
55008
44920
45077
6488
46352
46358
46517
6358
45080
46324
56693
56810
56815
6377
46392
46414
46243
52787
52846
6372
46014
46281
52567
6092
45023
53054
51064
51085
52671
52701
44903
44916
44920
44976
41889
42028
42202
6097
41711
44685
44691
44562
45287
53077
52714
52716
52795
41560
41583
41620
55167
46595
47118
47127
52868
52885
45412
45430
46143
45403
45405
45413
41766
46419
46433
46441
6125
52869
52874
46541
52945
52953
52930
52990
52996
6139
46541
52938
52956
46376
46393
46443
46464
46623
46725
46773
45979
52615
46593
52924
52995
46569
46587
47141
52394
52395
52396
46440
46452
46457
46461
52575
52599
52609
52208
52322
6483
34993
34999
6351
6442
46035
46066
8214
52717
52150
52153
52156
52181
44739
54840
54884
54904
46759
46760
46770
48603
47150
52608
44551
44806
53031
44548
45031
53074
44829
45026
45039
45045
55151
55156
55175
6184
45210
45675
45013
45018
45181
45199
7005
45062
44944
44948
46321
41649
41655
41658
41664
6276
45166
45167
45180
7005
44803
44955
44960
6773
62915
45057
45071
45770
46193
44930
44932
45032
45044
45261
45262
45278
45604
6188
6224
45148
45221
44840
53022
53023
6118
45026
45043
45045
44589
44914
46295
44575
44584
44587
53090
44829
44836
44952
45039
44558
44734
44825
44990
44587
44648
44663
44574
44590
45402
45284
45290
45324
45330
41706
46398
46401
46404
6157
6166
6197
46194
45029
45055
45429
46132
46584
6233
45420
46243
46466
52856
6140
6168
53036
52696
52796
52927
54947
55292
55325
55568
52872
52877
52882
52407
52444
52544
44790
44804
53043
6136
44798
44807
44860
6201
6944
45015
53051
44862
44875
44912
55526
6201
45219
45340
53052
53053
53057
55531
55532
55537
6172
44831
45045
6232
44953
6232
44807
44838
44865
44845
44887
46306
52933
44808
53030
53045
6395
45163
45247
46431
46693
44811
44814
44816
55407
55457
55471
44922
44924
44927
44580
44827
44856
55248
55265
44733
44739
44833
44991
45014
45292
44865
53056
44933
45032
45035
45066
45113
45123
46199
45076
45082
45085
6398
46217
46332
46340
6207
44594
45389
46216
46225
46325
45091
46130
44933
44949
45079
44961
44969
46291
45060
45063
45074
46273
6357
45044
45066
44842
44918
44934
44733
44736
44833
44567
53045
6175
6216
45230
45251
46130
46200
41674
41695
41737
53020
53043
44925
44932
45029
45044
6952
44874
54968
6267
45251
45256
44925
44936
45029
46152
46173
46188
45120
45130
45138
46139
45232
45256
45004
45006
45056
45204
45776
45797
46161
45797
45820
46099
45140
45158
45714
45769
46103
46127
46128
45124
45132
45133
45164
6223
46203
46328
45338
45341
45395
6204
45607
46049
46057
46063
46184
7573
7877
62558
45025
45049
53061
45152
45153
45654
45697
45764
45808
45815
45841
45483
52449
52460
6272
45702
45727
45734
45286
45292
45300
53071
45260
45329
45597
45063
45101
46201
45704
45708
46181
46211
52607
45617
45628
45672
45685
44591
44603
45454
52869
53070
44923
44954
44959
45042
44907
44969
45609
45678
45742
45677
45688
45696
45710
7573
7877
44582
45108
46295
45212
45235
45248
44891
44977
44979
45168
45170
45180
45205
45249
45276
45329
45428
45516
45359
45360
45551
45498
45549
45553
6225
44777
44780
44783
45187
45236
45307
45309
45328
45339
45592
45605
45661
6243
45315
45319
45323
45624
45683
45689
46256
46257
46523
53013
53026
53064
46200
46212
46215
45153
45705
44863
44939
45070
45079
46455
46458
46548
46781
45558
45577
45588
45606
6265
45608
45661
45274
45314
45319
6398
44938
46313
46318
44842
45375
45409
45423
45016
45225
45252
45280
52388
52396
52398
45898
46013
6270
45867
45872
45892
45970
52559
52577
52583
45498
45544
45555
13997
13998
14007
14376
59689
59697
46072
46076
46262
45339
45591
45297
45542
45554
45692
46156
46170
6965
45460
52493
45758
45760
45326
45366
45553
45702
45734
45771
45774
14043
14052
59931
52399
52427
52430
60085
60116
45557
45649
45518
45520
45545
14234
59674
59683
59809
6288
45720
59712
25108
25124
25148
54118
54145
54181
54195
54207
54209
54294
45489
45567
59461
59032
59050
59358
44989
44998
45022
45024
45313
45548
45582
45297
45366
45591
45598
45603
45631
59633
59653
45234
45240
45665
45691
45720
45735
13966
13981
13984
6347
45876
45160
45701
45709
6279
45703
45648
45694
45695
41521
41630
45629
45642
59624
45193
45322
45076
45081
45085
14196
45744
45785
45820
45726
45739
6385
46111
46157
46172
14200
52544
14301
45846
45856
45859
14296
45809
45830
45844
44743
54838
55452
45790
45843
46094
14250
59720
59564
59671
14205
59645
59724
14189
14197
59807
59816
59826
46112
46128
46137
14302
45484
45891
58931
46155
46182
46270
14314
14323
45846
45856
14207
14209
14212
14225
14369
14398
14495
14285
14310
14260
14275
14165
14259
45665
45708
6333
14191
45776
14382
14386
14273
14276
14281
45864
45873
45903
58919
58936
59149
14218
14300
45832
14342
14370
14372
14428
45862
45863
45873
45935
6489
45905
45914
45924
6329
45969
47114
47115
14274
14282
14284
45896
46023
46037
46039
46252
46506
46581
45904
45916
45924
6383
46435
46468
45993
47072
47074
46016
46029
46091
45786
45822
46176
14552
14568
14577
57782
57803
57810
57835
12243
34671
52004
14446
59380
59442
46006
46031
46087
52394
52409
52424
47134
47144
46559
46597
47126
47141
45982
47078
47083
47113
6415
47143
47144
47149
45948
45965
6412
46631
47129
45995
46015
46588
52945
52959
45759
45836
46251
46257
46493
46097
46110
46124
14303
45856
6409
45941
46365
46375
46527
45969
46595
47118
52200
52203
52998
52530
52559
14346
14406
14428
52478
52537
52896
14189
45658
59716
59723
46068
46259
45954
46676
47136
45865
45903
45423
45473
46132
45878
52461
52887
45712
45725
45745
6404
46019
45915
45920
45924
47098
44586
44648
44659
41753
41777
6970
41750
9269
62905
44925
44926
44935
45085
46203
44612
52822
52848
41650
41788
44728
44754
6440
41892
46483
41727
46390
46465
6968
41855
46692
6968
41834
41837
41849
6392
6406
46539
46568
41807
41859
41864
44695
44821
45046
43351
43419
43430
6375
41777
6405
46531
46538
46576
6375
46383
41809
41811
41915
41878
41921
46684
8311
52089
52099
46389
46395
46413
52249
52593
52619
44720
54803
54835
44898
44977
54993
6414
46743
46746
46628
46727
46734
46421
46433
46534
46656
46658
46938
46058
46263
45159
45700
45702
45260
45264
45272
45281
46038
46078
47102
6430
46498
46564
46500
46514
46536
41745
44973
44983
46544
46611
45980
45983
45990
47075
41774
41862
46691
45157
45165
45777
45798
45889
45890
46005
47074
46207
41861
46407
46412
46436
46332
46340
46364
46368
41905
46363
54492
46437
46440
46452
46453
46446
46447
46544
46745
46030
46034
46500
46622
46611
46602
46665
46674
47127
6432
46589
46597
46599
45883
45895
46010
46618
46619
46625
46727
46234
46334
46335
46345
46600
46603
46666
46573
46575
46578
46725
46941
6416
47156
47157
47143
47158
46429
52939
52979
46643
46652
46653
6425
6431
46671
45774
45797
46099
46901
46925
46927
47059
46359
46370
46378
46434
6497
47135
44599
52554
52910
46655
46739
46747
46673
46753
47153
34998
50895
52627
46946
46954
27589
46899
46908
46499
46568
46653
46739
46944
46606
46726
46447
46482
46617
52689
52690
52802
46736
46750
46754
46420
46459
46551
46624
46943
43298
46479
46481
46947
27585
46859
46866
46869
46693
46695
6948
41889
41922
46022
46045
46852
46874
46948
46963
46758
46821
46830
46842
46903
46922
47045
27590
27689
27699
27571
27572
27597
27572
27577
27597
27692
27698
27739
27741
27748
27714
27718
27895
7234
36485
6981
27680
27777
27687
27688
27690
27736
6981
27732
27735
27744
31123
42015
46888
48571
27083
33591
33948
50754
50755
50891
27064
33598
33937
27444
46855
46973
6989
27665
27675
31012
27676
27677
27691
31018
31130
48449
27675
36063
42022
46650
46668
46951
26754
33918
47007
47038
7353
7357
27916
8207
46883
8373
27551
27651
6990
47167
47089
47109
47110
47120
8403
46927
47059
6476
27558
27574
27586
47053
46981
7234
27664
27672
50763
50772
52670
52986
46604
46659
46675
33880
46952
47001
47004
46917
46967
46972
46984
46964
47009
47041
27563
33884
34992
26827
26829
26849
26928
26644
26869
26879
26840
26850
26866
27635
26687
26695
26748
46356
46357
45906
45921
6497
6990
47156
47167
46546
46552
46590
26796
33960
33963
41832
41854
41879
14409
47079
47110
47137
47148
14388
14391
14404
46673
47162
27638
27654
27657
6606
47201
47432
47401
47432
47582
47603
48051
50274
6542
47577
47604
47642
47397
48845
48111
48191
48192
47270
47282
48847
47172
47196
47206
47400
47251
47257
48873
49337
49470
49775
47264
47270
48846
47202
47401
47582
47596
8287
8291
34088
34321
6742
6748
48977
6729
48968
48973
48985
47782
48042
48048
48049
47186
47268
48952
50129
50138
50178
6713
48506
48742
57443
57444
57457
49001
57218
47391
47396
47411
49609
49620
49629
47461
50495
47438
50110
50148
6590
47567
47640
47650
48021
48035
48108
47445
47446
48920
47414
47436
47459
47510
49002
49006
49024
47481
47531
47584
47407
47582
47587
47464
49451
49528
6550
49424
49434
6743
47519
49413
47423
47480
47509
47370
47388
47497
47516
47519
47509
47523
47542
6606
47624
47627
50011
50029
50051
47591
47604
47446
47453
47540
47574
47579
47580
6574
47601
47725
51106
51107
47430
47476
47605
47612
34017
47834
47899
47743
47915
48056
47483
49433
47320
48897
47373
47392
47411
34857
34864
34905
47512
47545
47580
47676
31599
31600
47820
15425
62558
62769
62917
47755
47759
47957
47462
47467
49453
47532
47568
47655
47662
47834
47838
47842
47560
47561
47602
6716
50423
50519
47591
47597
47610
47621
47241
50468
50479
47496
47498
49339
49390
49468
51127
51180
51189
31494
33980
47924
47496
47506
47515
47526
49929
31687
47857
47503
47562
47570
6576
47570
47610
47539
47600
47597
47601
47221
47784
48029
47686
47701
47730
47341
47349
47386
6633
48050
48065
47727
47853
47855
6630
34084
34115
34770
34817
47538
47562
47569
47571
47705
47798
47963
47973
47979
47762
48048
47608
50274
50279
6610
48104
48110
47652
47673
48797
48799
48982
47739
47755
47761
47858
6609
47732
47749
49005
47729
47838
51438
51443
51445
51446
47710
47724
47741
47750
47548
47571
47651
47554
34323
33032
33037
34020
34046
51139
51270
51341
51342
34312
34349
34355
34397
49969
49988
50123
47877
48019
48045
47210
47248
31777
47804
47818
47822
47238
47239
47243
47249
47723
47741
47979
47995
48060
8354
33996
34124
33981
34040
34055
34414
48075
48114
48115
50197
51251
51344
34188
47987
48185
47763
47787
47791
34073
34091
34093
6621
48091
48190
8301
48004
48083
47615
47660
47665
48073
48095
48109
8099
8277
34087
34090
8289
34099
34115
34121
6635
31567
32967
47961
31231
31493
48275
6667
48255
48310
31491
33287
47930
31487
31490
33005
31493
48016
48274
34080
34103
34128
7899
31479
31498
32933
48270
48273
48359
48020
48046
48075
31547
31560
31569
32989
31583
47960
32901
33399
34150
7963
34009
34015
34285
47870
47895
47959
47699
47801
47859
47877
47492
49974
50017
50052
8333
34100
34129
34318
47779
47875
47891
47701
47709
47710
33835
33972
34186
34202
47214
47219
47222
47244
50502
50518
50556
51422
51430
51437
51477
47234
47243
48044
48108
47304
47305
47585
48874
48881
48882
48012
48272
48300
48754
48879
48881
6733
48809
48883
48884
33612
48527
48540
6982
48598
48611
6663
6689
48186
43379
48611
48617
48227
48322
48324
48562
48563
48578
49008
50536
50547
47988
47990
47997
48872
48874
48881
6665
48218
48224
34278
34343
6673
6675
48073
48192
48246
48866
48294
48340
48391
7930
48316
48319
48393
47236
47250
48846
8401
48559
48565
48595
8137
34166
34167
48174
48178
48197
48199
6690
48216
48218
31129
31151
31181
48219
48310
31149
31162
31245
31106
31114
33754
27679
31132
7169
8154
43488
6681
48441
48464
48433
42200
42214
42219
42239
43267
43319
43362
54728
54731
54766
48428
48432
48443
48334
48336
48363
48747
48764
48770
41771
41776
41779
48180
48310
48215
48877
43439
43476
43608
43893
6740
31499
33761
48639
48640
48740
40132
40136
40251
40172
40448
40473
54546
54554
54568
43353
48607
48741
40212
48666
48678
48698
48705
48712
48714
48786
49062
49067
49068
49083
40256
40295
48739
6709
6730
50614
50686
6752
40123
40135
40143
6710
48722
48738
48890
6801
48720
48793
48805
48704
48794
49069
48686
48702
6722
43312
48575
50610
50714
48762
48889
48628
48650
48729
40205
40222
43366
43376
48480
48518
48723
6759
62881
6811
13135
53581
50430
50451
50973
41773
52809
48237
48254
48262
48501
50651
50701
56842
48320
48526
7980
48504
48735
48559
48562
40213
48739
48826
48831
48839
48758
50489
50698
40201
48608
48622
48908
48915
48929
6756
48954
48986
49049
50637
50714
48797
48798
48842
40232
48665
48673
48678
48773
48802
50533
51047
52647
48688
48981
49080
47256
47262
48117
49328
49335
49499
6739
31519
31574
31490
31505
31509
7875
33669
48368
49591
48911
48967
48993
6746
49417
49001
47259
48846
48863
47524
49412
47533
47550
49033
48805
48979
48982
31623
31665
33097
47634
47788
47798
40121
40270
48134
48135
48148
48176
48554
48560
48735
48981
49053
49056
48927
48930
48970
8216
33751
33967
49626
57477
57516
62915
48999
49026
49039
48818
48850
48944
48945
48720
48842
50584
57262
57263
40087
56996
40104
40128
49108
49056
49062
49068
49075
49168
49180
49236
57098
57314
57317
57332
57353
49158
49171
49209
49618
57257
57265
40187
57232
57240
57293
48905
49033
7877
40513
40570
41626
6803
40263
40303
40497
48660
48663
48682
57258
57270
40118
40239
40246
40257
40392
40506
40530
40176
40186
40490
6831
40538
40550
40514
40515
49179
57129
40513
40569
49133
49171
40065
40070
40071
56801
56867
56959
40199
54594
54603
54679
48999
49026
57119
49040
49050
49052
43439
43459
43461
43476
48705
48710
48719
48842
14805
18545
18650
62670
49203
57041
40064
40088
56985
57001
6828
49223
49237
50658
50661
50667
50995
40118
40122
40133
40257
48624
48651
48743
43262
43269
43271
48780
40234
40313
40273
40311
40271
40272
41420
49225
50584
49015
49029
49058
48905
48913
48998
40237
40244
40215
40223
40242
9269
62930
21716
53576
40244
49199
56980
56983
40315
40375
40402
40362
40498
40505
48987
48995
49006
49078
40306
40330
40367
40454
40469
40683
40394
40531
41804
42277
40389
40397
40398
40690
43235
43242
43244
43252
40718
41392
41402
42864
6848
7160
41416
43147
42857
42859
42922
43139
43210
43222
43224
43263
40642
40650
41063
40484
40494
40502
40555
49197
49224
40655
41094
41154
40388
40537
40540
40682
40552
40563
40682
41192
41263
40492
40554
56553
56572
56407
56414
56896
41045
41061
41077
41098
40991
41071
41086
41190
56278
56284
56526
40609
40680
41267
56339
56344
40788
41191
41197
56402
56510
56656
56969
40347
40380
41481
43248
40408
40684
40688
40712
7107
42889
42895
6924
7140
42837
42842
40346
40370
40373
40499
7159
42861
42734
42738
42820
6853
6911
41079
40408
40507
40737
6931
41336
41508
6889
6891
41011
41008
41012
41016
41025
40771
40787
42834
40844
40915
40958
6864
41378
41401
7053
42719
42732
40881
42688
42720
6900
40657
40834
41065
42665
42680
42316
42328
42432
42726
42288
42294
42305
42675
41508
41523
41555
40898
41367
41368
7083
40962
40969
40984
41152
41193
41346
41176
41193
41346
40823
40840
40842
40895
40902
40907
40917
40921
6895
7130
42692
42707
40747
40797
41170
41513
6925
7055
40885
40906
40814
41093
40922
40951
41001
41135
41139
41143
41146
6928
41354
41422
41349
41354
41355
55900
55953
55986
56003
56113
7280
42889
42892
43180
40929
41003
41007
6912
40967
40999
41009
7080
41099
41136
41195
40983
41164
41334
6906
41332
41395
42661
42817
6897
41131
55911
55913
55914
55942
41012
41131
55953
56288
56303
41024
41029
41102
41363
41366
41368
42286
42687
42701
42708
6903
40642
41061
41017
41044
55530
56010
56052
41075
41194
41196
40654
41221
56067
56068
56091
41179
41198
41209
41359
40640
41066
41070
41127
41138
40557
41388
42258
42848
56046
56113
55675
55701
55720
40851
40877
40939
42832
41204
41232
41238
41011
41076
41190
40960
40982
41000
41046
41054
41064
7056
7130
42701
40948
40949
40971
41550
41553
41570
40626
40637
41056
41240
6960
41678
41682
41715
7573
62762
62917
55647
55653
55659
55668
55670
41375
41381
41396
42285
7074
42282
42681
42855
42856
40903
40908
7115
40896
40898
41030
41303
41305
41516
42737
42793
42804
42935
41575
41607
41608
41613
41319
41327
41341
41408
41412
41652
43140
7016
42299
42439
7074
7082
7137
6943
41463
41469
41947
41949
43374
41641
52739
54448
7152
41428
41443
41688
41808
41816
41844
40835
40840
40847
41161
7155
41510
42278
42274
42276
42284
42868
41828
43230
45017
45181
54825
54880
41642
41646
41667
41614
41644
41831
55050
41836
41869
41884
41974
42216
41236
41249
55171
55180
7140
42833
42838
42865
44882
55005
55018
41731
46299
46307
46386
46357
46359
41489
41533
41543
41204
41238
41257
54893
54898
54988
41702
41725
41644
41739
55822
56292
54483
54581
54585
55402
41440
41452
41461
41472
52900
52912
52937
52489
52492
52501
41399
41413
42281
7037
7641
62733
41839
44703
46342
52764
52837
41749
41772
41924
41927
41967
42215
46437
46449
46453
46553
44965
46314
46319
43198
43260
41906
54533
54591
6987
42196
43289
42163
42173
42204
43160
46784
46788
46812
46816
48579
48585
48587
48589
41986
41988
42000
43597
27741
43424
48584
48699
43458
43517
7334
7356
36081
36036
42024
7325
36108
42016
42038
41935
42192
42193
43393
43397
43431
43605
36077
47158
7035
35598
42123
42377
35933
42109
42387
43436
43444
43447
35636
42361
42380
43065
43103
43891
42143
42150
42205
40505
40527
41495
41626
41462
41474
42250
42271
42346
41478
54578
54612
41618
41632
41648
43311
43317
43328
7122
42343
42372
42429
42430
42819
44761
55705
56005
41442
41457
41459
41304
41371
43124
7082
41373
41405
41822
41958
42230
41108
41225
55695
42292
42293
42315
42331
7123
42967
44523
43144
43155
42876
42880
42902
43163
42313
42324
35937
43065
43106
42135
42356
42421
42337
42346
43143
7113
42949
42952
43212
35551
35560
44386
44391
35616
35627
35643
42402
42487
42955
42966
7112
42964
42975
42976
35507
35533
35537
35731
35895
37554
35723
37527
35579
35582
35622
35703
35970
35975
36054
42651
42794
42931
7131
7154
43051
42524
42529
42549
35474
35719
44269
35618
35621
35626
42380
42381
35900
35917
35925
35928
15393
15425
62558
7040
42442
44491
35529
42484
44504
42605
42644
42649
42624
42630
7285
42484
42485
42569
42593
42606
42617
42645
7249
42650
42747
42761
42518
42750
42806
35575
35595
35602
35692
35523
35545
35590
7116
42947
7059
35540
35557
42619
42620
42645
35571
35590
35652
40843
42714
42729
42759
7136
42714
42729
40853
40858
42708
42713
40889
40908
42642
42664
7087
40874
40957
41005
40754
40822
40832
40890
35501
35536
42605
42626
8257
36083
36087
7117
35929
35930
43024
42822
42828
42867
42821
42957
35492
35533
35537
7143
42911
43301
7333
42653
42660
7084
42729
42731
7156
43214
43227
42426
42603
42995
42576
44485
44490
44504
7098
42763
42887
42896
42693
42709
42721
42755
42849
41165
41177
41265
41325
41691
54502
54799
41372
41384
41390
7333
42639
42673
42757
42776
42780
41125
41320
44484
44490
44494
42275
40957
40962
42719
42728
42744
41108
41210
55763
42721
42753
42755
42844
40970
40984
41007
41316
41636
41645
40862
40884
40956
40979
43152
43161
43166
41677
42269
42332
7275
7281
42748
42754
42956
42975
42991
44522
42831
42845
42866
42319
42790
42798
7114
42763
42896
42932
42576
44481
44486
42805
42892
40799
40811
41072
41084
40340
40420
42244
7159
43122
43127
43133
7107
42895
43158
42785
42940
42952
43212
40762
43137
43187
35606
42445
42456
42595
42455
42515
42591
7139
42835
35915
43008
43114
44027
44032
44065
43035
43040
43171
42974
42994
42998
44120
42977
42994
7126
7131
42777
42816
40892
40897
41362
42938
44040
44527
36003
36053
35568
35570
35622
44161
44187
44357
42415
42481
42603
7609
35927
35929
42347
42351
42963
44054
7151
7162
43166
42296
42313
42868
43165
43183
44045
44082
44537
43011
43053
43054
43062
43063
43082
42695
42704
42949
43030
40849
40855
42733
44074
44122
44234
35518
44509
44526
43144
43157
43226
42730
42732
42276
42284
40454
40468
40484
40494
42786
42879
43162
42917
42950
43153
43157
43189
43208
7228
43011
42366
42431
42798
43116
43351
43948
43184
43297
43345
43083
43116
43190
43883
7159
43132
43136
43155
43078
43184
43432
43006
43104
43598
43998
43154
43174
43208
41435
41463
7609
35596
43024
42909
42916
43030
41454
41491
41496
43209
43218
43229
42888
42898
43131
43148
7163
7289
43253
42861
42864
43189
43200
43287
43302
43042
43172
43194
43213
43217
43220
43270
43315
43368
40329
40331
40357
41432
43266
43290
40213
48633
48726
40393
40438
43248
43436
43444
43455
43462
43882
43013
43021
43033
43428
31019
43472
43485
43493
43264
43426
48681
48778
50429
51100
43291
43341
43349
43251
43253
43120
43894
43904
43461
43467
43488
7201
27707
33550
30942
31044
31049
27047
43526
43533
43553
43674
43675
43903
36202
36219
36580
43559
43685
43921
27019
27037
36509
43633
43635
43723
43771
31030
31033
31035
31045
33541
36478
36491
43001
43007
43052
43994
33411
33412
33413
33708
7334
36059
36069
27047
43499
43508
43526
42355
42394
42396
42986
7195
30975
31288
30967
33231
30906
33172
43657
7852
30933
31269
38872
38885
38947
38955
7862
30930
31052
43540
48387
48396
48445
27128
36527
38875
39017
43748
43931
43937
43959
36181
43689
43703
43742
7894
33451
33515
7208
38844
38953
38956
7848
30915
30955
43656
38858
38955
7215
38746
38749
38674
38684
38705
43752
43760
43778
7678
38838
38841
38798
38832
39133
7216
38267
44169
38725
38728
38735
38257
38726
38837
38676
38816
38905
36293
36341
43862
38674
38675
38681
39133
7397
36036
36062
7385
36210
36290
36391
7653
43850
43861
44169
42110
42132
42172
36253
38695
38710
27684
35985
36010
7317
37631
38108
35954
43873
43886
43895
43002
43032
43114
7283
43037
43038
8163
8170
33498
36453
27684
35987
36060
43982
43990
44024
43477
43612
35892
35980
35996
35990
43096
43120
43598
44168
44171
44201
35885
35909
35958
43808
43832
43939
44138
43286
43305
43344
43370
42870
42875
42895
7251
35569
44413
36420
36482
36502
43907
43978
43984
35541
44299
44427
43807
43962
43965
7321
35911
35923
35536
35540
35635
42628
42632
35474
35482
35494
35693
35771
44387
35496
35506
35709
43134
43176
43211
36200
43925
43930
44067
44070
44076
43068
43071
43171
35852
35912
36008
44111
44113
44115
44253
35473
44474
44498
35484
35538
44516
31047
31062
43541
35700
44297
44399
38166
38177
38286
37564
44363
44415
38128
44359
44366
44367
7590
38158
44368
7501
38198
44315
35550
44444
44446
7270
38152
38193
7600
38195
38202
38146
44368
44422
38081
38093
38142
44322
44326
44337
44403
7590
38141
44368
42760
42793
35529
44477
44504
7661
37544
37566
44521
44528
44538
44540
38264
44182
44248
42835
42885
42806
42934
42641
42644
42649
42660
43064
44006
35468
44439
44461
44465
42465
42580
35549
44433
44445
38265
44216
44235
44358
42367
42420
42983
43215
43251
43377
35503
44083
44092
35968
43096
44008
7332
36179
36195
35651
35701
35885
35670
35739
35884
35689
35693
35695
35771
44046
44070
44095
35758
35863
35867
37622
38857
43764
43768
43847
7305
37393
37420
7611
37550
38111
44380
7475
37220
37349
35781
37528
37534
37539
38258
38730
38856
35489
35541
35549
44449
37403
37710
35749
38123
38127
7612
36225
36411
7310
37593
37610
37211
37395
37616
37603
37781
7317
37533
37569
44393
44425
44433
35851
35862
35995
35775
35776
37524
37287
37532
37538
37432
37446
38719
37520
37538
37257
37262
37293
37362
37369
37702
37749
7335
35995
36002
36025
35891
35908
35945
42462
42467
42477
35917
35922
35934
43016
43018
43025
42013
42023
33145
33146
36358
36414
43086
43186
43202
43284
42950
42996
43031
42362
42394
35858
36720
37523
43945
43951
44002
36196
36221
36390
42697
36063
35991
36413
7410
37300
37306
36167
36535
36620
35968
43106
43112
43891
36070
42039
42081
42194
42390
42402
42417
42424
35628
42363
42406
42419
7369
43787
43791
35664
35669
35914
36019
36032
36079
36432
35928
35942
36003
7484
7717
37412
42355
42364
42371
43901
43906
43984
35847
35868
36138
8223
36080
36087
27759
36097
36128
27809
36132
36142
27678
27735
27744
7360
7361
36102
36021
36057
36604
8257
36075
27719
27725
7420
36552
36557
37321
36136
36137
36144
36152
27746
36100
27796
7405
36239
37302
37316
35970
36040
36056
35686
35690
44147
44178
27760
36173
36175
7698
37429
37433
39108
36149
36164
36744
36731
36748
36774
35849
43785
38134
38139
38145
36124
36534
7643
35732
35735
37553
7483
27859
36110
28062
28077
28152
36733
36754
36755
37009
27013
36545
36546
36595
39006
39755
39981
33173
38992
38999
39021
43800
43960
43966
36412
36415
36423
36305
36399
38985
36269
36291
38698
33516
33526
33534
36243
36260
36392
36300
38689
33506
38969
38742
38753
7400
36460
36516
43522
43693
43876
36374
36376
36402
27079
27090
27091
33597
27059
27066
33581
8156
36472
36473
42617
42623
42645
27058
27707
36487
30921
30990
31251
36022
36055
36075
36593
36601
36619
36629
36614
36625
36711
26987
36564
7706
36259
36263
38698
27836
36727
36745
36546
36563
36598
26995
27054
36531
36536
36721
37306
28335
36633
36645
36943
36627
36632
36822
36688
36709
36941
26981
28386
36537
36723
36714
37414
36866
36885
37106
36916
36919
36936
36790
36825
36946
7849
28345
28356
28360
36230
37411
38720
7441
28163
28165
36651
36837
37003
35826
36222
35809
36764
37253
37258
8232
28139
28373
28399
37308
37397
36916
36934
37115
28301
36996
37006
37085
36962
36969
37074
7466
37247
37288
36786
36806
37024
37359
28348
36653
28224
28407
28429
28550
37092
37094
37113
37139
37161
37171
37174
37178
28272
28396
28642
37038
37044
37371
37667
28290
36887
36892
36961
37197
37323
37340
28398
28566
36931
28302
36948
36975
7516
36909
36912
28329
36925
36960
37062
37065
37337
28146
28170
28179
37223
37224
37244
37247
7474
37248
37541
36801
37017
37049
7473
36786
37233
37359
7494
36808
36815
28207
28221
28607
7450
28323
7451
28304
36954
28315
36954
37742
37753
37848
7476
28326
28355
28247
28255
28318
37677
37716
37770
36896
36909
36927
36984
37632
37706
38388
28286
37656
37699
37627
37637
37648
37654
37161
37177
37657
28316
28642
36935
36988
37000
37072
37034
37337
37371
37195
37647
37176
37183
37231
37223
37228
37285
7527
37203
37395
7491
37129
37632
37596
37601
37610
37517
37528
38214
37611
37624
37652
37378
37630
37701
7482
37246
37242
37245
37219
37221
37276
28398
28088
36825
36853
36994
37012
37047
37051
37493
37497
38665
36692
36708
36956
36157
36167
36620
37233
37235
37247
27762
27849
28363
37409
38700
27835
27850
27854
37311
37315
37317
37413
7531
43855
35691
35723
37553
35844
36000
36008
27835
28062
28072
37674
37689
37691
37733
37765
37858
7685
36251
38700
36766
36785
7640
37498
37510
36231
36258
36260
36262
37195
37657
37711
37735
37812
38066
7513
38376
38470
7627
38758
38777
7585
44295
38100
38127
38091
38105
38122
38092
38113
38161
44382
44387
44395
44413
37726
37781
38108
28160
36891
35489
35549
44336
37587
37588
37597
38129
38131
38141
44319
7580
38089
38161
37653
37766
37774
7554
7686
38409
37484
38249
38395
37756
37806
37814
38020
36940
37106
38371
38391
37640
37768
38076
36681
37328
37341
36122
36607
37627
37641
37717
38159
38166
38169
38228
7701
37422
37438
37451
37785
37794
38026
7692
38283
38329
7630
38003
38029
37198
35875
37280
37303
37787
37814
37894
37895
37898
38003
38733
38842
43865
7611
38116
38127
37732
37733
37778
37741
37745
37752
37759
37801
37943
37945
37952
7606
37679
37734
37766
38330
38457
38465
37792
38012
38014
38030
38072
38118
7564
7586
38015
7600
7601
37904
37720
37728
37730
37961
37973
37994
38064
7553
37802
37946
37986
37995
38415
38425
37933
37951
38005
38008
37461
37729
37730
37950
38444
38447
38476
38477
37826
37840
37853
37979
37949
37985
38064
38088
38118
38221
37819
37983
38001
7674
38370
38475
38481
38514
7573
62762
38038
38040
37905
38343
38439
38449
37997
38337
37987
38037
37887
37960
37961
38039
38043
38381
38516
38619
38767
7578
38016
38056
38136
38154
37798
37803
37807
38002
7571
38439
38445
38522
38055
38057
38087
37865
37875
38205
38013
38069
38103
38432
38441
38416
38454
38632
35852
35996
36002
38351
38353
38451
38043
38050
38095
38317
38393
38530
38057
38062
37874
37901
38077
38346
38063
38096
38113
38025
38041
38056
38131
38138
38141
44422
37751
37777
38433
38451
38476
38522
44304
44305
44312
38081
38103
35737
44372
44375
44432
35469
35719
44510
36768
36772
37246
37542
44318
44342
38120
38123
38146
38027
38032
38074
37888
37937
37960
38005
38275
38296
38132
38139
38154
38338
37870
38335
38469
7637
38207
38213
38452
38312
38771
37429
37499
38704
39108
38152
37901
37912
38077
38171
38172
38181
38197
7683
38208
38238
38274
38281
38394
38453
38173
38234
38285
37854
37858
38333
38367
38412
38391
38414
38424
35916
35924
35599
42383
42990
38119
36227
36230
37407
38283
38297
38306
38290
38291
38778
35480
44060
44095
44098
37131
37149
37197
37339
7692
38306
38762
7619
38511
38521
38627
38513
38524
38324
38463
38635
38657
38312
38772
38801
37583
37586
37779
7694
38474
7671
38373
38408
37839
37840
38314
38520
38524
38737
38793
7741
7754
38819
39119
37753
37811
37836
37884
37894
38061
38460
38473
38486
38498
38473
38484
38514
37948
38424
38632
38384
38407
38629
38209
38223
38291
37866
37875
37891
38211
38238
37439
38714
39033
7660
38510
38511
37507
38665
38706
8124
15393
39031
39032
39048
35714
38121
37921
37937
38011
38392
38444
38457
38051
38152
38450
38459
38331
38462
38500
38530
38501
38503
38529
38499
38574
38603
39169
39231
39257
7722
8013
38659
35650
43868
38544
38769
38906
38163
38167
44290
44356
38481
38506
37751
37753
37824
37928
7718
8038
38584
39147
8013
38572
38628
38512
38581
38597
35889
38109
7743
7817
7804
39255
39265
39312
38493
38625
38633
8039
8041
32203
32268
32278
39527
39560
39216
39245
39285
39096
39417
39791
38577
39142
39143
39160
38892
38919
39198
38366
38368
38384
39160
39162
39181
39210
7726
38797
38485
38619
42753
42793
42803
42844
39036
39045
39098
39138
38535
38537
38582
7741
36291
36394
38692
39029
39053
39112
39140
38520
38528
38801
39124
39150
39330
38291
38778
36863
36864
36869
36874
37443
38721
38370
38470
38701
39003
39033
43806
44011
44151
38731
38734
44164
44175
38246
38255
38262
38303
38261
38273
38302
38269
38364
38411
38428
38467
38361
38363
38374
39152
39196
39202
39226
7717
37357
37435
38596
38616
38621
37513
38647
38090
38117
38125
38221
39031
39048
39140
37506
38251
29185
38942
38982
39070
39105
39219
39124
39151
39257
39155
39172
39179
36270
36292
7711
39215
39328
7734
39243
39272
7737
39274
39428
39448
37862
37910
38344
39329
39428
39448
38183
44324
44356
35472
35479
44085
44091
7755
39372
39779
40014
38922
39221
39328
35474
35482
44440
36236
36237
38613
38784
33201
39730
39764
38966
38968
38980
39981
38948
39005
43617
8038
38584
36261
38834
39025
30924
30940
33171
7736
33179
39327
38779
38799
38808
37322
37334
37376
38506
38518
38571
38261
38273
44204
39434
39450
39454
39462
39366
39367
39369
7773
39453
39462
39423
39439
39450
39285
39299
39312
39344
39350
39416
39318
39783
40001
7744
7776
39096
39201
39250
39305
7743
39444
39457
39538
7817
39538
39546
39550
39178
38504
38510
38512
39443
39355
39357
39365
32449
39666
39685
39706
39399
39795
39885
39398
39796
39799
39409
39459
39587
39941
7828
39473
39595
7786
8080
39810
39352
39379
39432
39435
7753
39304
39411
39440
39421
39422
38799
38809
39357
39412
32490
39574
39580
7760
39875
39889
39952
39392
39399
39403
39969
39987
39995
7832
39973
39302
39413
39469
39492
39875
39877
39884
39973
7888
32280
39876
32300
39874
39876
39291
39406
39785
39944
39947
39977
7780
39615
39802
31929
31934
31989
31992
39584
39626
39642
39646
7843
32301
32304
32435
32208
39525
39542
39567
7891
39501
39551
39589
39444
39454
39543
8034
8046
8084
32274
32286
32435
32444
39344
39407
39512
39517
39862
32245
32265
39547
8052
8072
32207
39575
39581
39687
39243
39267
39312
39449
8056
39584
39640
8049
8229
39566
39601
8062
32254
32405
32240
39574
39578
39799
39392
39397
39400
39798
32536
33247
33257
33267
33342
33390
33392
33406
7812
7831
39965
7903
8176
33229
32109
32121
32309
32392
32434
32837
8200
33213
39721
39736
33323
33370
33388
7814
33234
33235
33265
30910
33196
33215
31254
33206
39939
8177
33106
33110
33131
33179
39238
39781
32439
32483
33247
39675
8134
33316
33357
33376
39259
39266
39419
39960
39979
39987
39618
39796
39801
39803
39411
39413
39415
33183
39752
39403
39487
39605
8063
33236
33380
36202
36298
36390
39960
39963
39966
33163
33177
33192
33259
39705
33181
39978
39982
39984
8360
33126
33360
33501
39491
39733
39796
39801
39804
7834
39889
39937
32427
32511
39667
39857
7826
39823
39894
8040
32837
39915
7902
31356
31467
32305
33238
39821
39822
39827
39879
39944
39977
39821
39865
39867
8167
33164
33168
33512
39588
39604
32399
39661
39812
32278
39530
39576
8065
39979
39882
39886
39889
32853
33291
33301
33346
8169
39896
39952
8169
39892
39925
39937
30887
30895
30922
39359
39371
39435
39929
39975
40008
39858
39863
39864
7895
7907
31006
33340
38928
39982
39983
39984
33237
33252
33263
33273
32258
32284
39323
39784
39968
39711
39738
39759
8085
33253
33512
36297
43696
43700
43773
31054
33170
28346
36943
36333
43711
43728
43927
30961
31065
31084
33151
7862
30930
30942
39404
39405
39608
30926
31052
33171
31010
31277
33112
31005
40004
40025
33144
33500
33468
33490
33515
50914
51011
51016
43043
43205
43304
43432
7864
30969
31073
33572
31059
43591
43592
43875
43885
30965
33231
8154
31028
43454
31017
31026
31032
43480
8379
26806
27085
33623
31106
31129
31134
31090
31114
33754
48073
48078
48098
31115
31153
31168
31305
31398
31293
31479
33381
33448
33451
33468
33531
48370
48393
31488
31489
33005
61347
31145
34178
48360
31527
31564
31573
31228
31229
31531
33439
33420
33432
33439
33610
33617
33950
48519
48527
48548
48600
31233
31238
31500
48264
31483
31507
31508
8341
31599
31604
34024
31357
31376
33306
39869
39870
39322
39323
39408
32289
39523
39839
39858
32208
39503
27679
31132
48478
8181
33459
33481
33672
8171
33510
33206
33261
33308
33312
33396
33511
31300
31301
31302
31294
31301
31317
31335
31481
33432
31202
31222
31526
31533
8136
33705
33710
32309
32333
33321
33482
31177
31283
31284
31188
31204
31372
31451
31465
32827
30986
33261
31448
31457
31843
32812
31394
31416
31707
31279
33157
33337
8175
31367
39828
8122
32962
32973
31548
31581
31680
31691
7926
32922
32935
34064
32401
32406
33341
32375
32377
32867
8083
32133
32196
31432
31628
31632
31485
31504
33381
31639
31645
31663
31760
32796
32806
31586
47926
47944
47960
31570
31576
31768
32989
31428
31539
31580
47172
47206
47588
48943
32948
32749
32774
32779
32964
48096
48129
48306
31639
31665
33097
48324
48340
34288
47938
47948
31697
47835
47912
48150
48175
48181
31685
31698
7958
31751
31757
32726
32799
12746
34783
34791
34813
34003
47638
47673
34837
51806
51828
7953
32690
33073
33980
47910
47923
47831
47833
47852
48824
48941
48956
31447
31469
31471
31705
7966
31457
31471
31705
31841
32721
32718
32781
32399
32427
39800
39857
31669
31761
31553
31691
32877
32346
32350
32467
32911
32912
32920
31647
31751
31798
32445
32866
7973
31772
31794
47809
47810
47812
47912
31598
31677
31696
32786
8278
31798
31765
32574
33028
34061
7964
31771
34069
34094
34125
34008
34032
34033
31845
31624
31740
8118
31838
57202
31762
31763
32690
33984
47775
48079
7971
31814
31894
31812
31822
31892
31745
32751
32961
33094
31780
31805
31942
31948
32366
32689
31770
31772
32574
31876
32359
32362
31931
31932
32354
32369
32370
32389
33244
32644
32660
33081
48223
48231
48513
8325
33983
33985
34412
8008
32008
32613
8071
31867
31868
32350
32080
32120
32388
8008
8111
31928
31941
7992
32011
32025
7993
31976
32002
32067
7990
32000
32027
7997
31980
32008
32012
8036
32001
31964
32601
32614
31977
32002
32008
32013
32612
32585
32591
32592
7997
31990
32022
8066
32032
32090
31985
32613
8020
32035
32091
32007
32601
32614
31873
32071
32079
32569
32674
32734
8116
32216
39532
39599
8008
31941
32002
32003
32038
32041
32159
32250
31968
32015
32606
32553
32588
32596
32003
32019
32039
32181
8020
32070
32081
32609
32618
32045
32048
32151
32154
8047
39460
39568
38567
39269
39281
39431
32310
32491
32514
32867
31960
32608
32614
32049
32157
32170
32594
32617
32711
32541
32543
32615
32801
32120
32118
32150
32191
32219
32127
32199
32486
32508
32517
32519
8036
31950
31971
32073
32055
32141
32474
32679
32044
32129
32154
31702
31716
31742
31747
32571
32585
32592
32583
32695
31942
31946
32068
32273
31933
31948
32068
32284
32360
32435
31971
32122
32156
32205
32212
32256
39374
39375
39486
32612
8083
8091
32486
38633
8042
8052
32194
32291
32292
32207
39534
39536
8044
8085
33109
33160
8049
8052
8229
32122
32153
32235
32205
32265
8054
39410
39459
39872
39874
39875
39647
39557
39887
32188
32198
32199
32576
32670
32755
39439
39461
38528
38634
38766
38801
39639
39668
39936
32551
32565
32590
32600
32478
32484
32811
39506
39510
39511
39531
32046
32214
32493
32056
32057
32513
32403
32412
32417
33285
33290
32601
32711
39363
39976
32092
32250
39975
39995
39997
30985
31006
33340
39922
31955
32010
32051
32142
8104
32442
32809
31831
31870
32288
39553
32805
32825
32847
32396
32426
32438
39663
32832
32844
33243
31361
31453
32315
31931
31934
32085
32717
31431
31562
31580
8162
39698
39708
39322
39395
39794
31264
39903
39922
39938
32228
39637
39654
32135
32171
39528
39547
39560
33194
33518
32592
32599
32600
32678
32400
32456
32482
32489
8105
32463
32866
32473
32488
32510
32620
32568
32569
32579
32131
32196
32659
32666
32669
31982
31995
32012
32034
32117
32251
32665
32686
32757
32629
32631
32683
33074
33076
33085
31800
31819
32680
8273
8275
34406
31438
31440
31629
8108
32990
33095
32991
33046
33095
32646
33075
32147
32149
8106
32720
32726
32866
32988
31423
31464
31542
32868
8123
33086
33096
8120
32964
33404
32429
32464
32819
31929
32717
32731
32748
32777
34027
8172
32709
32736
32754
31203
31206
31218
31526
8134
33362
33370
39505
39967
32872
32889
33280
32328
32345
32476
8182
33427
33675
32963
32985
33035
31710
31725
31793
32883
32957
32966
33081
8433
15991
32925
33409
34165
33734
33832
33855
34247
8146
8303
34098
34153
8137
8138
34137
33130
33472
33514
27039
27061
27062
32860
32861
32888
32892
8138
32924
32931
34133
34147
34162
34179
34151
8343
32994
32996
33006
8193
32905
34149
34130
34142
34180
33317
33319
33323
33325
34097
34114
34141
34146
34076
34122
8210
8215
8335
33116
33120
33132
33212
32924
34132
34137
34132
34137
34153
34129
34143
33020
34071
34076
33981
34011
34033
34058
31699
33000
33052
34002
34412
8325
33981
34011
34052
33411
33417
34148
8161
33677
33756
43440
43442
8163
33494
33520
36475
36483
36492
33449
33492
33521
33555
31278
31287
31298
33208
33492
33527
33542
33555
33220
33334
39721
33372
33389
33255
39718
39723
27074
36286
36397
36398
33161
33202
33472
33497
38558
38560
38575
38783
33192
8360
33105
33129
33501
39923
33139
33473
33515
32782
32783
33043
33057
33068
31856
31869
32721
31346
32431
39819
33111
33241
33295
33115
33212
32433
32818
33415
33707
34149
33426
33428
33429
33701
8253
33659
33438
33654
33659
33351
33369
33392
33479
31525
31532
31536
31732
33400
33422
34148
33826
33831
33837
33852
33567
33587
33588
27119
27768
34207
34214
34286
31131
31132
33608
33630
33824
50896
31713
32696
32907
33688
33049
33050
34037
33240
33256
33333
33612
48320
48521
48576
33447
33452
33535
33548
8360
33469
33477
31077
31079
31086
33488
39759
33116
33122
33166
31275
31344
39845
33619
33626
33975
8258
33928
33959
34978
52584
52618
27699
8262
33573
33638
33643
33646
36182
36202
36298
34207
34210
43313
46755
51081
51089
8216
33636
33679
33695
33798
33838
34183
52693
52732
52799
34173
34189
34286
33666
27768
33587
33625
33883
46924
46962
8317
33958
33976
27051
27088
27754
8263
27092
27097
33906
33927
34970
36031
36084
31919
31948
32005
32366
50897
50914
51011
31040
31100
33528
8228
8302
33713
33823
33697
33711
32288
33461
33464
33491
33702
33703
33704
26987
36564
8250
26804
33945
33920
34968
34981
35004
43651
43653
43745
33850
35009
35011
35017
35028
35310
8393
35097
35279
35309
35082
35147
35168
52085
52241
35067
35070
35077
35100
35090
35142
8260
34221
35035
35050
35054
35079
35085
34223
34249
34252
27545
27593
26803
26839
27115
8405
26838
27549
26784
26824
26839
33935
33910
33929
33933
26620
26627
26724
27350
27544
27561
46993
33419
33431
33481
26741
26922
26803
26805
27087
33785
33808
34202
36022
27085
33963
8308
34208
34241
34597
34603
26786
33962
34978
27691
27701
26795
27090
27091
26808
26830
26832
8269
8317
33976
8268
26841
33656
33662
33675
33706
26774
26790
26833
33617
33975
26809
26828
26829
26682
34977
34979
34985
8365
34570
34646
34729
8274
34407
33997
34007
34401
8340
34400
34403
8279
34392
34394
34406
31757
32627
32639
8340
34405
34717
51748
51749
34348
47864
51161
51182
33043
33055
34046
32469
32538
32781
32845
32983
33016
33078
34059
34352
51454
51461
34391
34491
34498
8389
33353
33389
33434
34120
34128
33012
34132
34140
34079
34401
32944
32952
33009
33018
34304
34323
34353
34104
34279
34284
34084
34089
34314
34263
34520
34529
34120
34316
34332
32879
32926
32958
32951
33002
33725
34135
32945
47831
47839
47848
31579
47943
48017
33694
33696
34130
34143
47952
47981
48003
48059
48229
48251
48511
34106
34112
34281
34067
34098
34140
34153
34213
34240
34608
34218
34280
33589
33599
34182
52102
52148
8364
35080
35084
35088
31149
31156
31245
51138
51240
51438
51445
8362
34617
35072
50799
50803
50889
26796
33619
47975
47988
47996
48290
34268
34337
34517
34338
34344
34357
8405
26771
26773
33905
31593
31601
47916
48058
48072
48087
34562
51680
51684
52122
33987
34116
34205
34331
34334
34765
34769
34867
34495
34526
34585
34304
34505
12870
12874
51367
51581
51645
47873
47881
47892
34118
34121
8336
34375
34386
34396
34111
34173
34184
8344
34305
34364
34366
34477
34508
33992
34087
34090
31204
31309
31399
31735
34393
34394
31602
31604
47951
51274
51276
51442
33004
33015
34396
34420
34505
31647
31758
31761
32978
48005
48059
8367
34267
34583
8350
34885
34891
8351
34614
34854
34900
34583
34591
34444
34478
34480
34323
34386
34001
34096
34105
34344
34357
34385
34290
35102
34573
34675
34743
35076
34749
34763
34782
34739
35096
35105
35140
34264
34293
34295
34602
34633
35095
34658
34672
34752
35160
35158
34760
34835
47221
47237
47244
34336
34568
34571
34590
34736
33865
35005
35007
35066
50722
52177
52196
35067
35100
35164
33840
35009
35032
35043
27544
27545
27560
35087
35099
35145
33533
33540
33551
33553
35133
35270
12333
12342
35232
35238
34607
34619
34639
35064
27093
33941
29185
38962
40019
12242
12295
35186
35197
32936
34172
34180
33982
33985
33993
34005
12768
12777
12780
12781
34814
34825
34825
34912
34924
35272
34263
34360
34520
34407
34421
33876
33885
33903
26727
34938
34947
34983
46669
46929
46931
35016
35099
35009
35032
35060
35110
26803
26814
27115
26757
26767
34976
26762
34959
34960
27643
34993
35071
35089
34907
34942
34959
34972
35262
35267
35324
48541
48553
30563
35292
35304
47055
34215
34218
34235
34243
26777
8419
8505
11105
17556
11368
17571
17578
13027
22097
53092
17506
17625
13136
13153
21705
8413
8485
17507
8413
8423
17499
8423
8441
10895
11263
17467
17474
17568
8417
8418
8421
8451
17637
8425
8439
17500
17569
8421
10950
8451
8459
8482
13138
21710
10945
8447
8455
10950
8440
8436
10889
17600
8428
8447
10950
8849
10976
8736
8739
8750
10910
17630
17634
17641
8753
17590
17593
10910
17599
17620
17630
17599
17610
17620
17632
8436
8451
11032
17594
17636
8753
10874
17596
8501
8750
17585
10895
8475
10913
10945
17638
17626
17634
10889
17594
17595
8446
8452
17588
17600
10721
17423
17456
17501
10976
11032
8448
8449
8653
8634
10810
10821
8453
8657
17588
8657
8753
18809
18843
18876
10821
10913
18365
18367
18554
8458
8460
8558
8464
8471
10950
8461
8462
8548
8466
8558
8463
8579
8464
8862
8465
8663
8471
8707
8468
8546
8468
8502
10865
8547
9632
8474
8549
8647
8477
8558
9632
8473
8652
8477
8549
8660
8634
8475
8478
10809
10835
10956
8491
17498
17503
17509
10685
17428
17431
8512
8514
17479
21719
22076
17626
17508
17511
10945
13135
53503
53581
17563
17629
11400
16421
16442
16460
10895
8493
8494
8513
8493
8544
8493
8496
8513
8518
13076
61313
61318
61328
8497
8508
8498
8517
10762
10720
8500
8544
8551
8737
17611
17631
8543
8550
9632
8508
8522
17411
8509
11105
17561
17580
11024
17457
17400
17403
17417
8517
17407
8510
8513
8511
8522
17422
8529
17498
17507
8522
8529
17455
17499
8530
17415
17425
17437
17438
17479
8544
10762
8543
8551
8523
8539
17234
17231
17236
17254
8524
8525
11274
11738
17250
8526
8539
8540
17410
17413
17419
17231
17387
17424
10772
17389
17439
8532
8533
17227
8537
9310
9630
8534
9630
9639
8644
10233
8562
10132
8538
8539
8556
8585
10973
8540
9629
8554
10865
8546
8562
10224
9636
9758
10177
17181
8553
8722
62866
8547
8557
8557
8579
10809
10956
10956
10763
20196
20214
10809
8556
17226
10248
10867
17229
9652
10241
8562
10835
8560
8575
10132
8563
8648
8565
8568
8642
8644
8564
8642
8581
9641
8566
8583
9381
8639
9635
8569
8639
9634
8603
9641
8646
8803
8582
8638
9631
8645
8649
9631
8573
8638
9302
8581
9641
10719
17236
17255
8577
8581
8621
8643
8844
8599
8640
17018
18805
18845
18851
8599
8619
8638
9302
8640
8603
9641
8584
8642
8585
9310
8587
8594
9291
9294
9501
8590
8592
9593
8590
8594
10156
9293
9597
8592
9292
9319
9329
9599
9292
9294
9321
9293
9637
8610
8614
9501
8600
9623
9634
8605
8614
8649
8614
8624
8649
8621
8803
9291
8603
8646
9381
8614
9322
9501
8645
8639
9622
9634
8618
9303
8607
8627
8615
8617
9633
8609
9304
9322
8612
9308
8803
9291
8612
9295
9583
8633
9305
8616
8631
9297
9303
9606
8622
8939
9322
9503
9294
9304
9501
8862
8628
8631
8765
9692
8646
8803
8626
8764
9128
8683
9692
10941
8684
9285
9267
9285
8701
9288
17032
17047
17055
9503
8677
8774
9129
9267
9297
9583
8655
8637
8676
10831
10834
10941
8661
8678
9381
8643
10834
8648
9302
10132
8646
10821
10913
9310
9606
10535
17154
17321
8661
8668
8678
10835
8659
8849
8669
8671
10829
8707
10810
8853
10829
8762
17592
8762
8849
10976
10829
10934
10821
8853
8678
8764
10823
8862
8678
8764
10828
17017
18813
18826
18836
8673
10830
8668
8745
10823
8674
8670
8697
8885
8674
9001
8697
8747
10952
8673
8706
10830
8693
8952
8885
8680
8745
9128
10823
10828
9298
8774
8954
9250
8701
9126
8954
9090
9106
8683
8701
8684
8990
9692
9147
8687
8691
8695
8692
9106
8689
8705
9108
8691
8694
8700
8696
9090
8693
8952
9126
8695
8695
8957
8706
8956
10999
8708
17041
17057
8702
8703
10830
8956
9093
9134
9128
8746
9001
10999
8920
10933
8966
9160
9250
8956
9093
10911
10831
17033
17047
8959
9093
9134
8713
8725
9023
8957
9100
10933
8713
9100
9256
8719
9033
8715
8731
8721
9033
8726
9023
8718
8731
9101
9109
8730
8731
9101
8721
8738
9033
9100
8724
9144
13052
8916
9101
8744
9133
8729
8738
8738
8920
10933
8729
9132
8959
8733
9096
8756
8758
8736
8915
8756
9098
8739
17601
9132
8759
17602
17611
20927
8748
8763
17590
18507
18515
18660
18868
9096
9132
8952
8754
8760
11034
8751
8754
8761
9098
8757
17589
8758
9102
8920
17586
17587
17615
8757
8758
8915
11110
17595
10999
8920
9102
11034
17591
10941
9285
9633
8769
8789
8768
8778
8868
8784
8838
8953
8778
8782
8867
8986
8987
9135
8772
8789
8876
8782
8776
8837
8970
8776
8975
8840
8779
8980
9233
8805
8838
8785
8788
8953
8972
8976
8785
8972
8993
8805
10146
8972
8976
8808
8974
8869
8991
8787
8788
8967
8965
9234
8963
8991
8970
8805
9699
10842
8792
8799
9699
8794
9340
9345
8794
8806
9610
8796
8797
9499
9366
9531
8798
8804
10369
8800
9348
10134
10150
8802
8804
10369
8817
8818
10137
8810
8816
10148
8838
8976
8854
9242
8976
8813
8823
10838
8827
8841
10840
8815
8876
8820
8825
10228
10228
10141
8822
10130
8825
8841
10228
8822
10208
10225
9683
8826
8830
8827
8828
10840
8830
8855
10838
8830
8842
10869
9610
10148
10369
8839
10840
8833
9003
8834
8846
8855
8835
8845
8837
10838
8837
10838
8840
10841
10843
8843
10924
10974
8845
10942
8862
8846
10826
8850
8848
8859
8969
8870
10942
10934
8886
10825
8886
8969
10822
8870
8871
8885
8868
9253
9003
8857
8870
8871
8859
8977
8859
8860
8969
8971
8861
10939
10914
10921
8864
8877
8910
8880
8881
8897
8873
8903
8961
9104
9232
9233
8869
8974
10842
8972
8975
9104
10928
8877
9235
8875
9104
10928
8875
8980
9233
8903
8881
8901
8879
8883
9277
8880
8897
10946
8899
8903
8883
8900
8917
10946
8898
8977
9277
8888
8999
8893
8914
8890
8893
8914
10903
8891
10872
8921
8914
8973
8911
8927
8895
8900
10937
10993
10994
10889
17595
17596
8961
10921
8907
8918
10916
8902
9235
8904
8962
8905
8910
8951
8918
8934
10900
10917
10938
10977
8909
8919
8927
8922
10894
8945
10946
8918
8913
8921
10938
10872
10875
8945
10994
9086
9133
8945
10994
8919
10903
8922
10938
8924
8931
8962
8926
8928
8926
9091
8929
8947
8945
8949
8951
10876
8944
8948
8931
8947
8960
8932
8938
8933
8962
8936
9235
8973
10876
10903
8936
8968
9235
8937
9117
8938
8979
8960
8981
8941
8942
9004
9031
10922
8943
9007
9014
8960
8978
8947
8950
8973
10876
10902
8978
8949
10875
8992
8962
8974
9147
9288
8964
8965
8983
9256
10911
8963
8968
8980
9099
9007
9277
8967
8967
8982
8995
9127
9137
9298
11001
8985
9016
8977
10921
9135
10942
10833
9000
9371
9011
9117
9016
9244
9272
9005
11001
9005
9120
9364
8998
9000
9371
9117
11001
9225
9234
8991
9234
9284
9289
9153
9239
9129
9285
9015
9371
9232
9233
9153
9140
9364
9266
8998
9012
9088
10917
10938
9091
10830
9041
9118
9266
10832
10837
9013
9014
9026
9017
9008
9012
9088
9011
9009
9018
9015
9025
9088
10922
9013
9029
9031
10922
9020
9024
9029
9032
9061
9067
9120
9146
9238
9364
9033
9040
10877
9172
9029
9028
9030
9032
9036
9067
9039
9035
9036
9064
9055
9067
9172
9039
9053
9055
9171
9041
9061
9174
9056
9094
9171
9094
9164
9174
9045
9258
9259
9046
9152
9063
9116
9049
9063
9139
9063
9155
9050
9116
9051
9162
9052
9092
9115
9139
9062
9066
9155
9056
9058
9138
9258
9064
9074
9058
9185
9175
9060
9062
9066
9170
10877
9194
9068
9094
9165
9174
9070
9074
9170
9097
9072
9087
9097
9103
9115
9139
9170
9114
9176
9079
9083
18254
20299
21158
54210
54213
9089
20922
21017
9082
9092
9105
9083
9085
9084
9085
9086
9114
9111
9099
9105
9102
17585
9130
9133
9132
9130
9126
9288
9108
9158
9119
9113
9158
9162
9162
9184
9229
9260
9379
9124
9379
9174
9426
9158
9123
9149
9136
9149
9254
9137
9160
9255
9152
9154
9136
9149
9244
9145
9158
9256
9236
9143
9260
9155
9175
9153
9163
9254
9280
9143
9152
9154
9273
9187
13074
9255
9240
9266
9250
15287
15310
15327
9255
9182
9191
9204
9163
9179
9222
9259
9221
9260
9171
9159
9181
9182
9222
9167
9238
9240
9289
9161
9184
9287
9180
9196
9379
9179
9284
9426
9171
9178
9229
9239
10896
10896
9169
9218
9227
9184
9287
10877
20838
20842
9194
9186
9188
9287
9227
9246
9191
9281
9185
9258
9373
20336
20341
20371
20373
9271
9196
9196
28580
9195
9373
9190
9296
9385
9198
9197
9204
9296
18338
20398
9202
9590
9228
9281
9367
9204
9218
9369
9373
9247
9365
25368
25445
9261
9337
9270
9283
9590
9367
9206
9279
9342
9208
9220
9397
19749
19937
9209
9237
9211
9215
9261
9268
9337
9219
9231
9414
9213
9248
9276
9231
9246
9215
9220
9263
9217
9219
9218
9219
9369
9263
9296
9590
9389
9279
9248
9224
9241
9417
9242
9276
9229
9389
9261
9249
9417
9502
9389
9242
9397
9414
9248
9426
9276
9282
9253
9699
10842
9249
9334
9248
9283
9385
9290
9298
9252
9272
9280
9286
10915
9290
9262
9301
9583
9367
9264
9275
9283
9385
9265
9268
9286
9301
9275
9418
15799
9388
9344
9301
9280
9281
9286
9295
9300
10833
9306
9328
9372
9417
9344
9373
9426
9417
9637
9329
9602
9299
9369
9300
9317
9328
9503
9633
9308
9317
9307
9388
9309
9378
9691
9325
9602
9325
9378
9314
9323
9514
9316
9419
9316
9338
9591
9387
9694
9338
9591
9599
9325
9338
17711
17781
18097
9602
9691
9324
9326
9376
9333
9378
9605
9378
9694
9691
9346
9366
9524
9343
9349
9354
9346
9518
10150
9388
9347
10094
17069
9349
9502
9399
9605
9342
9351
9415
9610
10134
9343
9349
9615
9343
9415
9699
10146
9348
9576
9531
9576
9518
9527
9352
9353
9377
9360
9391
9518
10147
9356
9362
9394
9357
9360
9404
9359
9396
9398
9527
10155
10374
9382
9391
9413
9581
9362
9363
10147
10153
9581
9421
9527
9368
9374
9500
9600
9374
9390
9388
9399
9600
9376
9600
9514
9391
9514
9600
13145
53100
53498
9383
9514
9398
9419
12952
63154
63485
63496
13058
15653
15679
9401
9419
9391
9413
9438
9506
20229
20239
9395
9404
9410
9421
9951
9403
9553
9615
9403
9521
9590
9521
9589
9687
9579
9687
9403
9492
9589
9416
9406
9425
9492
9461
9943
9701
18731
18509
19745
20517
9439
9508
9943
9510
9951
9508
9420
9504
10153
9465
9553
15827
9521
9509
9951
10155
15687
15766
63481
63518
9453
9461
9943
20047
20063
20188
9460
9506
9508
9436
9439
9474
9943
9461
9549
9972
9431
9481
9934
9433
9445
9433
9545
9940
9444
9472
9929
9950
18422
18548
18553
9442
9494
13173
21877
9553
9582
9446
9451
9457
9451
9516
9535
9452
9513
9560
9445
9446
9447
9550
9940
9472
9938
9939
9944
9457
9481
9929
9449
9940
9450
9540
9577
9537
9454
9939
9458
9582
9947
9535
9560
9578
9760
19116
9577
9947
9494
9459
9463
9475
9512
9513
9465
9492
9553
9551
9475
9504
9981
9483
9495
9467
9504
9510
9471
9483
9532
9533
9981
9469
9478
9483
9471
9528
9471
9485
9532
9484
9973
9511
9934
9947
9988
9477
9480
10018
9528
9479
9480
9480
9525
9601
9977
9931
9484
9489
10165
9512
9528
9489
9491
9487
9490
10060
9493
10165
9489
10163
10165
10162
9986
10199
9556
10151
10162
9549
9528
9560
9532
9981
10149
10161
10162
9498
9530
10129
9533
10180
10240
9500
9586
10170
9615
9507
9586
10129
10154
10170
9580
9509
9988
9580
9510
9928
9601
9535
9532
9556
9981
9525
9926
9526
9951
10155
9576
9523
9524
9586
9533
9556
10151
10180
9529
10128
10154
10157
9585
10129
10374
10374
9535
9601
9530
10147
10149
10151
9585
10240
10134
9537
9555
9942
9554
9558
9564
9609
9539
9543
9969
9704
9609
9703
9542
9671
9757
9543
9705
9688
9545
9547
9941
9567
9611
9561
9965
9552
9972
9589
9934
9947
9972
10152
9554
9572
9572
9609
9704
10041
24806
24888
9942
9972
9561
9703
9969
9563
9695
9588
9942
9705
9733
9942
10152
9566
9567
9684
9568
9640
9612
9696
9573
9688
9689
9946
9611
9685
21128
21131
21132
21174
9604
9574
9640
9575
9593
9592
9626
9998
9940
12966
13525
20013
9591
9616
10153
9988
9588
9611
10155
22055
53118
10193
9626
9593
9599
9597
9627
9640
10131
20266
20306
20371
20749
20849
20934
20949
9598
9640
10131
9616
9998
9694
9631
9608
9617
9638
9621
9731
9656
9696
9684
9618
9638
9725
15942
15968
9626
9624
9706
10158
9619
9731
9702
9829
9621
9731
9650
9660
9625
9690
10169
9625
9648
10158
9684
9725
9629
9652
10233
10224
10126
17245
9690
9706
10237
10233
10238
17071
17075
9651
10133
10201
10943
17075
17081
17098
9646
9647
9651
17208
17228
10255
17208
10133
9660
9682
9655
10158
9740
10867
9666
9667
10043
9698
17079
9660
10133
10943
10369
17167
17174
17175
17176
9697
10360
9661
9663
9962
9697
10360
9663
10043
10276
9741
9756
9680
9700
9962
9667
9668
10043
9682
10286
17180
9732
9741
9746
9826
10259
17209
17228
9672
9707
9729
9673
9759
9757
9948
9955
9675
9676
9707
9729
9677
9678
9677
9689
9681
9700
9680
9708
9680
9724
9962
9751
9829
10360
9730
10130
9693
9688
9946
10131
10237
9702
9725
9703
9946
9730
17075
17120
10360
18716
10041
10041
9735
9969
10169
9710
9710
9751
9786
9747
9748
9750
9747
21526
21536
9783
9786
9716
9734
9825
9715
9718
9820
9755
10066
9719
9744
9750
9718
9734
9819
9720
9734
9769
9734
10066
9722
9726
9783
9753
9770
9775
9783
9726
9746
10237
9749
9754
9775
10036
9745
9948
10066
9756
10067
10276
9955
9757
9955
10036
10101
17081
17114
17119
17162
17167
17173
10063
10067
17132
10201
17212
9962
10093
17125
17192
10226
17161
17196
10036
9755
9749
9759
9786
9759
9769
9948
9762
9754
9753
9774
10381
9762
9768
9783
9771
9959
10043
17186
12966
13738
9773
10411
9841
10021
24980
24984
9765
9773
10037
17103
9766
17102
9779
9784
20557
20636
20666
9770
9776
10066
9775
9867
9963
9776
9784
9785
9774
9776
10037
9779
9799
9782
9785
9800
9964
9782
9785
9792
15696
19264
62653
62684
9808
9964
10037
18356
18358
53694
54219
9790
9792
9824
9802
9808
9828
25160
25201
25252
9822
10124
17158
25138
25140
9814
25127
25417
25420
17071
9800
9814
9823
25139
9823
9803
9805
9816
9811
9824
9810
9831
25130
9845
25147
9812
9819
25167
25204
25271
9864
25118
25142
9814
9810
9812
9824
9811
25131
25195
9821
10101
24999
25034
25088
9828
9816
9817
9835
9818
9820
9993
9819
9821
9825
25141
25146
25149
25144
10101
10036
10067
10276
25694
25838
18758
25137
25187
25099
9833
9858
25202
9839
25085
25081
25096
25197
9837
9847
9879
18470
18485
19184
9859
9993
9852
9958
9840
9842
9865
9866
10063
10381
9849
9866
25182
25207
18622
25487
10115
25103
25119
24998
24999
25375
9858
9865
9887
25087
25091
25079
25085
9851
9852
9953
9957
9853
9912
9855
25085
25097
25202
9866
9873
25098
25368
25374
9874
25067
9879
25112
9865
62953
63035
63049
25117
25067
25078
25049
25054
25062
25205
9874
9957
9960
24973
24979
24992
9881
25018
25023
25027
9881
9893
25071
9874
9898
9910
9891
9952
9877
9880
9891
24966
25062
25418
25048
9896
9883
10003
9892
25022
25456
25463
25464
18649
18725
25049
25051
25052
25473
25122
25197
9889
9892
10004
17077
18745
9936
9952
9895
10008
9896
9937
10016
10030
9900
9901
10019
9900
9903
9905
9922
10016
10004
9937
9952
9902
9902
10051
9903
10016
9915
10030
9907
9909
9921
9927
10001
9912
10004
63444
63450
63526
9916
9980
18698
18780
9916
9974
9917
9923
9944
9922
9925
9990
9974
10002
10003
53471
57570
57642
9926
9939
9980
9925
9926
9980
9976
10000
9931
9931
9950
9989
10002
18757
25155
20916
20960
21835
9953
10001
9989
9973
9973
15508
30983
30992
61616
9954
9956
9957
9963
9958
9960
9960
20139
20908
9967
9970
9968
9971
9982
9983
9971
9979
9986
9992
9976
9978
9990
9999
10018
9991
10164
10032
9983
10072
9984
10062
9985
10049
10168
9990
10010
10011
9992
10010
10164
9995
10034
9996
10012
10035
9997
10013
10009
10014
10018
10164
10004
10009
10035
10007
10008
10009
10014
10019
10031
10168
10051
10013
10027
10023
10015
24974
25192
24961
25071
25418
10032
25014
25022
25449
25453
25018
25036
25420
10120
24885
24949
25169
10024
10025
24945
10026
24944
10033
10341
10029
10100
10029
10033
10073
10188
10164
10054
10049
10100
10054
10057
10352
10040
10052
10087
10055
10073
10098
10049
10100
10045
10053
10062
10046
10048
10052
10102
10048
10050
10053
10062
10058
10061
10102
10098
10059
10072
10341
10057
10092
10068
10069
10074
10197
10073
10122
10099
10068
10173
10160
10165
10172
10198
10347
10086
10088
10084
10198
10251
10275
17200
10173
10123
24918
24953
25151
10089
10085
10097
10194
10089
10385
10080
10086
10429
10081
10264
10368
10082
10349
10103
10376
10084
10347
10087
10092
10089
10377
10256
10264
10181
10189
10099
10172
10377
10385
10094
17068
17071
10126
17179
17201
17100
17118
10103
10214
10376
24900
24953
25151
10192
10316
10188
10175
10188
10114
10105
10371
10412
10106
10171
10348
10366
10121
24671
24869
24883
10109
10343
24874
24900
25171
25184
24877
24943
24949
10122
10223
10113
10340
10352
10330
24870
10350
10412
25113
24981
25040
10120
24928
24952
10125
24895
10329
10330
24932
10125
24874
10352
10173
10199
17067
25137
25153
10338
24869
17192
10128
10159
10170
10239
10243
10156
10159
10178
10138
10142
10141
10227
10139
10145
10144
10179
10183
10157
10159
10178
10143
10174
10167
10145
10274
10187
10157
10375
10180
10227
10196
10163
10167
10375
10196
10359
10412
10184
10182
10316
10377
10181
17209
17245
10185
10284
10186
10218
10189
10197
10186
10284
10196
10375
10316
10192
10244
10192
10200
10244
10194
10202
10196
10268
10273
10273
10383
10212
10216
10268
10205
10213
10229
10216
10221
10222
10268
10273
10208
10229
10216
10219
10268
10213
10245
10251
17190
17245
10244
10219
10220
10223
10218
10230
10262
10274
10218
10230
10229
10235
10262
10274
10575
10233
10254
10868
17160
17204
10232
10866
10254
10235
10242
10245
10963
10859
10257
10248
10867
10867
17217
10253
10841
10263
10272
10254
10315
10859
17223
17227
10250
10261
10311
10279
10281
10389
10560
17198
10257
10317
10392
10257
10392
10943
10263
10322
17224
17277
10271
10273
10383
10279
10322
10855
10750
10266
10269
10729
10267
10283
10280
10285
10270
10373
10285
10382
10373
10575
10575
17216
17225
10278
10280
10290
10751
10321
10751
10318
10539
10294
10318
10321
10289
10321
10539
17202
10290
10372
10571
10290
10581
10372
10751
10297
10298
10430
10390
10391
10581
10297
10301
10425
10393
10425
10320
17248
17386
10297
10298
10576
10300
10301
10567
10757
10301
10561
10863
10303
10327
10314
10757
10327
10749
10752
10306
10313
10755
10557
10308
10313
10857
10312
10777
10310
10537
10557
10558
10580
10752
10314
10326
10317
10324
10323
10807
10585
10866
10860
10389
10393
10395
10568
10583
10793
17176
10392
10324
10755
10860
10327
10749
10753
10754
10328
10591
10348
10359
24868
24872
10339
24670
24682
24683
18753
18759
20130
10424
24605
24676
10336
10345
10353
10363
10336
10365
10410
24870
24877
24943
24871
24895
24665
24899
10341
24943
25168
10348
24680
24868
24883
25184
24664
24879
24880
10355
24677
10376
10350
10351
10368
10435
10426
10435
17072
10356
10410
10416
10433
10365
10410
10448
10365
10367
24680
24682
24683
17080
17114
17120
10435
24678
10404
10417
10403
17116
17119
17133
10435
10379
10729
10394
10408
10428
10452
10571
53476
53582
10539
10750
10590
16950
17064
17318
10388
10398
10407
10468
10585
10395
10396
10396
10430
10855
10863
10571
10398
10400
10406
10407
10400
10413
16952
16953
17355
10428
10428
10452
10406
10432
10413
10489
10571
10469
10433
17104
17107
17112
10414
10485
10415
10420
10450
10418
10448
10450
10444
10464
10451
10485
10532
24594
24636
10465
24606
24676
10447
24606
10446
24610
24611
10450
10464
10532
10451
10532
10448
18752
24679
24681
10523
18846
24591
16941
10446
18846
24603
18684
18691
18692
10533
18832
22505
16939
17013
17051
10445
10458
10527
10462
24601
10465
24609
24626
10463
18848
10450
10464
24591
24598
10455
10569
10485
10458
10471
10596
10458
10512
10527
10472
10462
10484
10528
17013
17036
18796
24531
24533
24539
10473
10465
10470
10526
24590
24618
10489
10563
10472
10483
10529
10475
10478
10508
10487
10583
10477
10508
10565
10568
10583
10488
10761
10480
10481
10486
10482
10483
10594
10486
10488
10761
10527
10572
11651
11651
10592
16955
17355
10492
10503
11637
11649
16956
17012
17312
17314
10496
10505
10597
10517
10593
10499
10573
10586
16936
16937
17014
10500
10574
10761
10503
10509
10594
10504
10504
10516
10573
10578
16959
17016
17323
10578
10570
10512
10596
11701
11633
11637
11649
10513
10515
11706
10513
10519
11701
15552
20448
63368
63425
10520
10521
11628
11701
10573
10578
10595
11641
16861
18831
10520
10531
10530
11706
10530
24581
24596
24625
10525
24525
24527
11635
24528
24530
10531
24602
11627
11628
10536
10600
17285
17320
10543
10550
10587
10749
10755
10543
10587
10588
10730
10678
17382
17444
10749
10754
10755
17527
17579
17633
11739
10580
10584
10622
10758
10547
10555
10580
10758
10547
10864
11323
10554
10551
10588
10730
10587
10628
10722
10552
10621
10864
10722
10554
10728
10861
10555
10556
10558
10736
10558
10723
17146
17159
17160
17166
17200
10600
16973
16977
16989
18817
10565
10582
10570
10579
17282
17292
17293
17301
10779
10586
10779
10582
10600
17287
17302
17306
17356
10582
10621
10591
10752
10757
10610
10620
11721
16947
16956
10622
11739
16952
17317
10595
10612
10740
10596
10620
16960
17306
17309
17356
10608
10610
10620
10858
10621
10602
10644
10646
10626
10604
10606
11892
10619
10646
10606
10616
10737
10607
10738
10616
10743
10612
10623
10614
10628
10760
17272
17274
17340
11740
10745
11710
11731
10641
11721
16494
10641
10618
10619
10650
10631
11892
10642
11744
10730
10858
10625
10631
11892
10643
10735
10654
10745
16529
16924
16988
11721
10630
10631
10634
10650
10663
10635
10633
10634
11262
10640
10742
10635
10673
10682
10637
10657
10677
10638
10669
10733
10639
10742
11294
11309
10671
10682
11287
10780
10650
11722
10671
10682
10803
10743
10780
11754
10675
11330
16474
17448
10743
11744
11097
17423
17456
17504
10660
10671
10679
10679
10728
10803
10662
11024
17566
10685
17431
17484
10660
10679
10732
11772
10656
10657
10782
11268
11290
10667
10733
16398
10663
10673
11322
10672
10679
10728
11709
10663
11286
11313
10666
10684
10689
16483
16493
16501
10691
10782
10668
10782
10674
10684
10742
11288
11290
11356
11360
11287
11294
11262
10676
10680
11741
16403
16501
10684
10693
11290
11360
17431
11039
11309
10686
11133
11256
11279
10711
10726
10726
17447
17570
10691
11082
10688
10692
11082
11093
10689
10690
10726
11082
10711
11098
11133
11125
11256
10702
10696
10769
10697
11035
11061
11083
10697
10703
11035
11127
10700
10744
10769
11039
10714
11068
11075
11276
10706
10724
10769
11039
11127
10789
17389
17395
17396
10707
11276
10707
10712
11075
11067
10731
11067
17440
17443
17451
17474
17480
11090
11258
10725
11067
10715
10784
11067
11361
10716
10783
10800
10731
10766
10721
17425
17437
17481
10791
11035
11037
17247
17256
10773
11024
10760
10736
10725
11296
10800
10741
10791
11057
10781
10800
11068
11741
10736
10759
10803
10861
10739
10864
11323
11892
10746
10759
11740
11066
11296
11287
11275
11276
11754
10747
10748
11361
10756
10855
10860
10860
10856
10862
10863
11709
11274
10768
10852
10856
10862
10773
11738
17232
10792
10850
10770
10771
10846
11036
10781
10792
10857
10966
10845
10852
17396
11096
10923
11069
10844
10966
10778
10792
10850
10844
10966
10845
10853
10784
10788
10790
10802
11100
17501
17624
10787
10788
10805
11064
10802
10850
10791
11296
11066
11071
11038
10852
11315
17193
17386
10799
10804
11071
10796
10799
10953
10797
10961
10798
10804
10986
10847
10959
11047
17599
17613
17628
11071
10850
10967
17362
17368
17377
10857
10816
10817
10836
10818
10967
10968
11049
10813
10815
10825
10836
10870
10827
10839
11049
10816
10849
10827
10847
10968
11049
10819
10853
10839
10827
10839
10924
10824
10939
10918
10958
10984
10942
10849
10834
10869
10928
10847
10849
10869
10962
10841
10846
10848
10853
11069
10866
10967
17346
17358
11036
10963
11323
11036
17159
10924
10958
10984
10923
10903
10904
10917
17611
10876
10880
10909
10880
10885
10992
10882
10914
10916
10921
10885
10899
11044
10897
10901
10937
10893
10906
10909
11044
10907
11002
10998
11044
10888
10947
10960
10891
10892
10899
11044
10894
10906
10998
10977
10951
11008
11074
10998
11008
10905
10993
10994
10993
10906
10909
11006
10977
10996
17550
17640
17616
10933
10914
10955
11074
10919
10937
10925
10939
10939
10955
10940
10960
10927
10935
10927
10929
10961
10944
10954
10930
10953
10932
10983
10940
10944
10957
10952
10955
10985
19443
63425
63426
11074
10985
10985
10948
11063
11070
10949
11063
11087
11003
11034
10959
10958
10961
11003
10983
11070
11070
10986
10974
10965
10969
11057
10975
11040
11064
10970
11038
10971
11048
10972
11019
11040
11007
11026
17213
17230
11047
11057
11007
11060
10983
11060
11063
10981
10982
11118
10988
10991
11009
11003
11052
11004
11004
11112
10992
11018
11052
11118
10998
17619
17605
17615
11007
11060
11087
11006
11018
11009
11012
11054
11054
11040
11011
11012
11065
11056
11118
11015
11053
11016
11117
11123
11017
11140
11092
11126
11054
11112
11029
11048
11156
16308
16324
17573
11136
17483
17494
17521
11033
11136
17481
11045
11050
11113
11051
11033
11113
17418
17443
17504
11053
11115
11136
17600
17592
11038
11041
11072
11042
11061
11043
11045
11072
17496
17508
17516
11071
11072
11122
11266
11273
11087
11112
11121
11056
11273
11115
11066
11266
11092
11126
11062
11078
11083
11166
11709
11079
11098
11077
11093
11098
11079
11090
11099
11081
11091
11081
11085
11092
11258
11085
11092
11106
11086
11089
11091
11089
11104
11132
11107
11098
11125
17536
17537
17546
11276
11738
17432
17420
17452
17454
16293
16294
16305
16314
16373
16442
17461
11263
16436
17482
11107
11129
17571
11124
11140
11138
11116
11141
11116
17597
17604
17610
16398
11273
11271
11280
11120
11140
11121
11247
11271
11123
11126
11135
11155
11250
11266
11130
11132
11137
11248
11130
11157
11139
11244
11134
11260
11137
11140
11247
11149
11244
11142
11152
11248
11165
11143
11151
11144
11148
11145
11168
11246
11146
11153
11280
11168
11257
11151
11239
11246
11152
11161
11154
11246
11157
11159
11244
16293
16315
11158
11159
11160
11161
11178
11239
11163
11178
11245
11177
11556
12827
17430
17480
11257
16299
16392
16396
11169
11170
11173
11203
11257
11176
11189
11190
11190
11204
11175
11193
11552
11189
11202
11204
11191
11548
11572
12827
11202
11205
11207
11203
11239
11182
11214
11572
11183
11197
11208
11184
11201
11242
11551
11186
11545
11581
11187
11188
11195
11199
11551
11207
11548
11237
11224
11549
11216
11206
11224
12486
11206
16209
16347
16356
11201
11211
11201
11545
11222
11237
11555
11222
11242
11551
11223
11204
11246
11552
11208
11242
11555
11558
11242
11572
11210
11213
11283
11228
11252
11217
11218
11219
11233
11240
11225
11232
11217
11238
11225
11238
11252
11548
11549
11233
11371
11381
11220
11585
11236
11367
11236
11371
11548
11549
11381
11545
11555
11240
11227
11265
11267
11285
11370
11230
11245
11409
11238
11252
11556
11231
11414
11234
11283
11283
11370
11238
11249
11281
11241
11283
11585
11543
11251
11363
11370
57633
61943
61945
11253
11252
11280
11250
11254
11253
12827
11256
11279
16419
17431
11260
11264
11363
11269
11268
11290
11329
11277
11288
11269
11278
11580
11285
11352
11270
11282
11270
11282
11284
11347
11745
11738
11294
11309
11289
11360
11284
11745
11414
11292
11747
11747
11312
11786
11360
11295
11322
11295
11302
11305
11301
11745
11304
11311
11311
11356
11301
11302
11357
16375
16380
16397
16445
17462
11301
11307
11745
11329
11329
11356
11743
11744
11310
11314
11359
11308
11308
11326
11410
11326
11324
11357
11741
11312
11313
11322
11359
11322
11358
17175
11318
11345
16537
16544
16907
11319
11399
11761
11364
16503
17344
11339
11359
11343
11344
11328
11357
16073
16149
16565
11365
16412
16486
11332
11353
11584
11342
11758
62016
62031
62064
62069
11335
11354
11758
11375
11750
11395
11461
11461
11582
11782
11380
11750
11345
11358
11748
11369
11461
11782
11423
11782
11377
11380
11755
11410
11759
11782
11372
11461
11755
11584
11349
11354
11367
11403
57646
61970
61979
11353
11589
11355
11366
11589
11758
11372
16417
16443
17449
11747
11784
11407
11373
11580
17561
17623
11436
11759
11403
11376
11404
11407
11383
11750
11583
11750
11406
11866
11758
11387
11404
11408
11397
11408
11385
11468
12545
11491
12521
11387
11415
11432
11388
11408
11415
11464
11391
11392
11394
11413
11787
11412
16449
62017
11567
11436
11867
11397
11867
11402
11406
11866
11759
16406
16420
11735
16568
11408
11419
11577
11866
58285
62072
62077
11464
11866
11414
11420
11436
11867
11433
62058
11793
11494
11437
11797
62050
11420
11421
11460
11422
12553
11422
12569
11425
11459
12607
11799
11811
11427
11840
11442
11445
11459
11852
12569
11430
11432
11431
11842
11462
11842
62005
62017
11455
11456
11842
11459
11793
11796
11567
57599
62043
11444
11446
11457
11810
11812
12675
58285
62003
62065
11443
11812
11443
12553
12560
12600
11852
12553
12569
11449
11456
11458
11450
11474
12603
11484
11803
11804
11462
11801
11802
12555
11799
11804
11843
11457
11473
12508
61941
62006
62045
11455
11491
12544
11463
12572
11462
11458
11471
12572
11810
11494
11842
11588
57627
61996
62036
62049
11562
11828
12545
11489
11564
12547
12625
11487
11489
12625
12534
57633
57668
12508
12549
12508
11477
11496
11478
12544
11812
12675
61941
62006
62039
11483
11564
11490
11482
11490
12547
11576
11490
12508
11483
11563
11579
12544
11840
62004
62078
62091
62124
11495
11566
12543
12539
12545
57593
57629
57861
11501
11534
11571
11568
12523
11534
12539
11502
12506
11562
11588
11501
11530
11571
11501
11547
12482
12509
12523
11573
11576
11505
11507
11512
11505
11508
11535
11506
11510
11512
11568
12523
11568
11571
11510
11511
11518
11513
11523
12513
12488
11517
11520
12488
12487
57666
61913
61926
11518
11528
11517
11519
11523
11520
12476
12513
12824
11524
11541
11531
12482
12492
11541
11526
11526
11539
11527
11540
11553
11540
11553
11538
11540
11535
11575
11532
12490
11533
12488
12490
12824
11563
11537
57666
57682
61910
61936
11553
11575
11550
11546
11553
11558
11555
16349
62192
62238
11591
12483
11569
11573
11586
12483
12486
62215
62217
62236
11572
62031
62057
62077
11591
12483
11561
11574
11590
12484
11570
11569
12543
12539
11566
11579
11581
11579
11574
11575
12484
12502
12509
11578
11584
62238
62244
11828
11593
11594
11604
11888
11595
11661
11606
11597
22642
11604
11612
22179
22539
22642
11600
11665
11601
11606
11671
11602
11640
11614
11681
11611
11613
11636
11648
11661
11609
11611
11618
11640
11614
11611
11636
11648
11612
11621
22504
11648
22649
11619
22491
22495
22503
11617
22609
11626
22504
11620
24521
11626
22649
11888
11990
11627
24600
11635
18838
24523
11630
11700
11631
11633
11632
11636
11640
11661
11639
16898
16917
16921
16979
11706
16859
16972
16978
16914
16964
16547
16645
11647
11698
11656
11702
11716
11676
11698
11699
11655
11655
11673
11671
11674
11681
11703
11703
11659
11899
11662
11663
11663
11680
11932
11986
11664
11680
11678
11672
14767
14806
11668
11670
11687
11864
16543
16547
16913
11686
11863
11984
11675
11713
11891
11713
14760
14822
11889
11921
14771
11713
16650
16675
16713
16737
11684
11717
11687
11705
11863
11753
11779
11864
11865
11934
11753
11862
11864
11863
11717
11869
11790
11696
11716
16544
16545
16927
11703
11704
11711
11728
11714
16901
16913
11752
16537
16562
11720
11740
11716
17313
11724
11727
11730
11723
11730
62072
62096
62109
16903
16906
17324
11729
11743
11786
11726
11734
11749
11726
11743
11786
11749
11772
11729
11740
11736
11760
11767
11737
16560
16563
11767
16524
16988
17393
11751
11760
16530
16532
11761
11784
11976
11769
11790
11769
11765
11784
11976
11764
11766
11778
11765
11781
11779
11769
58234
58246
62054
62055
11790
11976
16506
16518
16519
17459
11774
11777
12558
11775
11809
12157
11776
11814
11830
11841
11861
12157
11830
11860
11785
58204
58314
58329
11784
11860
11919
11788
11795
11831
11831
12157
11792
11830
11860
11814
12156
11795
58210
58215
58230
11796
11798
61990
62060
11813
12607
11840
58242
58256
58261
11803
11803
12160
11817
11806
11843
12143
11807
11816
11808
11829
11813
12607
11814
11822
12607
11841
11861
11831
11821
11829
11825
11843
11819
11821
11827
12565
11834
12121
12151
12554
12557
12151
11823
11832
11824
11833
12558
11826
11908
12154
12557
11926
12121
12121
12521
12159
11833
12148
12559
12147
11836
12170
11851
11902
11837
11848
11902
12320
58190
58191
58260
58310
12159
11845
11909
11847
11850
12124
11847
11854
11849
11902
11926
12121
12559
11909
12063
12570
12675
11883
12081
12124
11856
11858
11857
12561
11901
11906
11919
11927
11934
11870
11889
11906
11919
11934
11919
11947
11872
11889
11873
11874
11886
11953
11875
11895
11924
11969
58146
58260
58310
11903
11879
11880
11890
11977
11881
11893
12072
14717
14727
14749
11903
12561
11924
12065
11924
11953
11897
16547
16913
16919
11985
11897
11894
11940
11895
12072
14741
14770
14838
14839
15061
11909
11915
11925
11905
11906
12063
11904
12081
11911
11927
11947
12158
11927
11910
11915
11916
11925
12159
12558
11928
12081
11917
11928
11913
11917
11928
11975
12071
11930
12077
12078
11928
11931
11936
12065
12051
12071
12077
14728
14732
14742
14839
14773
14793
14724
14745
14674
15046
12124
12147
11930
12135
12059
12071
12077
11937
11936
12065
12095
11939
11942
11940
11942
11949
11977
11943
11975
12071
11950
12038
11960
12031
11946
11965
11949
12156
12031
11951
12039
11951
11961
11972
12045
22201
22202
22208
22218
22169
22235
22514
12083
14696
14758
22598
22605
11961
11987
22200
12039
22199
22168
22184
22215
11964
12036
22212
11965
22193
22663
22694
22184
22259
22684
12054
22193
22212
58148
58212
11971
11972
12045
11973
22173
22714
11974
22174
11985
22180
12095
22171
22181
22269
22464
22204
22254
22257
22539
22460
22537
22540
22273
22525
22553
11990
12045
22211
22514
22714
14753
14759
22153
30566
30631
30857
30763
30819
11999
12019
22136
11995
12016
11997
12014
12041
12015
12025
12082
12016
12395
12008
12017
12402
12044
22162
22164
12378
30555
30625
30861
13131
22144
12012
12020
22151
12396
26550
12005
12328
12008
12048
12395
12007
12408
30569
12017
12402
12023
12018
12393
12407
30540
30548
12013
12316
12413
12394
22150
12049
12123
12015
12084
12024
12041
12027
12047
22152
12088
12402
12390
22147
22162
12394
22130
30879
14618
14633
14660
12026
12036
12088
12395
12412
12044
12082
12026
12410
12053
12042
12049
12316
12413
12033
12401
14658
14752
12038
12050
12032
12043
12053
14680
14691
22104
22132
30629
22197
22213
22140
12050
12084
12094
12040
12051
12094
12048
12046
12068
12328
12052
12094
12049
12412
12328
12336
12410
12068
12410
22139
22143
22197
12056
12068
12336
12073
12079
12085
12060
12061
12134
57836
57839
12069
12135
12120
12150
12062
12064
12320
12067
12135
12064
12135
57840
58188
58213
12093
12120
12073
12093
12073
12093
12086
12118
12079
12080
12085
12089
12079
12097
12123
12086
12087
22136
14672
14674
12410
12089
12107
12097
12116
12316
12314
12103
12116
57809
57925
58054
12107
12150
12100
12101
12126
12369
57840
58185
58224
12133
12191
12105
12115
12128
12103
12112
12129
12118
12112
12128
12133
12113
12146
12126
12413
12109
12211
12592
12110
12206
12300
12326
12114
12133
12191
12132
12296
12146
12211
12132
12118
12369
57903
57801
57834
58181
59168
12314
12369
12126
12336
12137
12138
12188
12129
12189
12146
57926
57950
16666
57817
12320
12150
12170
12565
12170
12189
12142
12154
12149
12562
12151
12557
57820
57839
57841
57870
14710
14790
12152
12190
12314
12565
12153
12562
12174
12155
12158
12167
12162
12167
12163
12589
12164
12593
12630
12166
12562
12589
12174
12177
12175
12556
57819
57832
57846
57849
12171
12174
12179
12191
12183
12196
12632
12174
12177
12587
12593
12178
12187
12592
12196
12179
12632
12293
12587
12182
12623
12626
12182
12588
12590
12596
12672
12187
12208
12672
57937
57938
14622
14703
15050
12202
12293
12193
12663
12195
12235
12195
12666
12706
12289
12291
12588
12210
12627
12691
57591
61712
61717
12200
12627
12665
12217
12628
12213
12628
12203
12208
12663
12206
12208
12292
12326
12232
57997
52025
57954
12596
12626
12236
12294
12706
12240
12348
12216
12240
12250
57991
12224
12237
12263
12664
12669
12224
12236
12290
12236
12251
12706
12226
12696
12222
12225
12698
12737
51723
51778
12240
12226
12254
12259
12236
12290
12365
12259
12290
12739
12254
12255
34691
34720
35193
12713
34695
52160
57980
57985
12737
34686
34723
34796
34799
12238
12267
12291
12664
12292
12334
57974
12294
52062
52080
12248
12257
52001
52057
51993
52032
52071
12295
35186
35196
35225
35185
35187
35199
35216
12295
12252
12299
35197
12279
35126
35156
35289
12327
57958
57986
12335
12668
12695
12255
35196
12259
12332
12739
12280
12291
12331
12335
12259
12263
12290
12330
35218
35233
35249
57995
12273
12280
12278
12695
12299
35211
35209
35217
12268
12334
12273
12280
12270
12271
12283
12273
12284
12272
12351
12274
12285
12719
35227
35239
51980
58005
34692
34701
12289
12348
12663
12280
12331
35136
35210
12282
12283
12707
12284
12288
12349
12351
12285
12720
12287
12288
12302
12334
12350
12720
12706
12348
12300
35143
35144
35149
35159
12326
12334
12350
12695
35250
35256
35258
35269
12304
12307
12325
12313
12318
12329
12707
12329
12370
12309
12310
12323
12311
12404
12740
12324
12325
12313
12740
12340
12318
12412
22149
22150
22155
12321
12404
12413
12404
12407
12740
57991
22164
35207
12666
12668
35213
12697
35255
12666
12668
12344
12391
35255
12707
12350
12720
12364
12349
12352
35243
12347
12359
12383
12347
12386
12707
12697
12356
12385
30632
57929
57931
57951
57988
12359
12361
12361
12371
12385
12359
12383
35333
12368
12379
12392
12392
12371
12380
57911
57936
57952
35231
35232
35251
35340
35380
12381
35333
35339
35340
12381
30561
35340
12387
30611
30630
30738
30591
35360
35376
35410
30593
30691
22156
30539
30548
30553
35392
35401
30615
30857
30559
30561
12388
30595
30599
30699
12388
30540
12392
30565
12389
30537
12391
12394
22209
12397
12402
30606
30862
12408
30679
30687
14691
14711
30883
31002
33215
27435
27454
27478
27541
35241
35328
35344
14639
22158
35347
35386
57780
58096
58098
58142
12415
12421
12784
12416
12785
12438
12495
12440
12516
12641
12419
12423
12536
12420
12424
12432
12817
12465
12676
12783
12444
12790
12817
12424
12525
12830
12816
51797
51803
57678
57680
12510
12535
12816
12837
57697
61796
61825
12430
12633
12475
12497
12633
12830
12435
12817
12440
12686
12817
12497
12500
12535
12436
12536
12686
57649
57696
57697
12439
12785
12641
12833
12444
12443
12465
12676
12445
12500
12863
12787
12863
12641
12493
12853
57691
61800
61828
12448
12451
12462
12861
12450
12455
12456
12452
12820
12840
12453
12872
12454
12460
12458
12840
12840
12861
12460
12493
12853
12851
12462
12474
12515
12872
12471
12872
12494
12499
12853
57681
57710
12860
12501
12515
51795
51796
51815
12475
12497
12519
12470
12492
12507
12490
12503
12485
12821
51882
61826
12498
12787
12860
12515
12491
12504
12480
12480
12824
12479
12480
12501
61895
61896
12492
12507
12507
12823
12498
12787
12514
12519
12676
12837
12532
12684
12499
12861
12500
12814
12514
12823
12507
12552
12506
12621
12814
12512
12518
12525
12684
12830
12636
12833
12518
12520
12533
12537
12621
12617
53304
57624
57674
61891
61982
12533
12528
12563
12608
12542
12576
12577
12600
12530
12541
12577
12620
12533
12536
12541
12552
57660
61991
62035
12633
12540
12574
12542
12577
12594
12541
12674
12574
12550
12580
12545
12572
12550
12551
12600
57602
57610
57859
58226
12551
12608
12576
12556
12603
12593
12564
12570
12573
12582
12603
12567
12578
12594
12580
12581
16446
61956
61963
12603
12573
12581
12584
12608
12577
12581
12584
12586
12581
12601
57859
57889
12608
12584
12585
12589
12585
12611
12632
12630
12591
12623
12611
12620
12598
57579
57619
12599
12620
57564
57566
57569
12613
12604
12611
12604
12610
12613
12619
12615
12622
12610
12612
12631
12677
12631
12665
12679
12624
12619
12623
12673
12614
12616
12645
57555
57623
57639
57869
61678
61698
61712
12677
12629
12671
12677
12631
12627
12673
12691
12672
12816
12838
57579
57652
12637
12647
12671
12637
12640
12647
12640
12643
12812
12640
12642
12833
12644
12660
12648
12773
12858
12775
12776
12646
12659
12662
12680
12648
12662
12651
12658
12761
61682
61684
12654
12810
12655
12773
12800
12657
12724
12800
12656
12776
12812
12680
12789
12846
12736
12662
12671
12833
12793
12858
12667
12673
12693
12669
12670
12685
12693
12687
12718
12692
12793
12688
12693
12718
12793
57567
57588
61677
57654
57655
57696
12792
61682
12687
12694
12690
12692
12690
12692
12705
12700
12696
12700
12701
34686
12700
12702
12702
34701
12738
12723
12731
12735
61724
61730
61740
12735
12716
12738
12737
35202
34689
34690
34702
35136
35137
35157
34823
34824
34650
34669
12721
34726
34732
34672
34683
34696
12723
57957
61727
35230
12732
12734
12741
34790
34800
12738
12731
12735
34726
57704
61734
61736
61696
61717
61719
57551
61674
61703
61716
51994
51995
52046
52066
12731
12760
12733
12762
12734
12736
12743
12761
34670
12747
34722
34789
35122
35127
35155
12744
34721
12745
12750
12764
34727
35171
34797
34798
34787
34792
34804
34792
34824
34825
12755
12753
34856
51810
34706
34726
34732
12756
12769
12757
12797
12799
12836
12767
12781
12836
51812
51869
61778
12762
12770
12771
34795
34808
34803
34543
34547
34773
34781
12774
12779
12772
12799
34808
12798
12777
12812
12803
12810
12803
12810
12797
12779
12859
12803
12834
12859
12859
12784
12801
12784
12794
12801
12835
61683
61695
61718
12793
12837
57695
61791
61823
61791
61806
12809
12811
12859
12856
61861
61862
61875
12836
12810
12846
12845
57645
57667
12835
12826
12841
57653
57654
57701
51784
51785
51791
51799
51882
57716
61796
12855
51798
61670
61827
12818
12832
12864
12863
57684
57701
57709
57712
12819
12839
12828
51829
61795
12826
12828
12879
57671
57682
57685
12850
12839
12851
12879
12839
12864
57635
12849
57658
61812
61818
61824
12844
12848
12858
12849
12850
12849
12850
12854
12862
12865
51807
61831
12878
34802
51879
61787
61794
12872
12880
12865
12876
34836
34897
12870
12880
12870
12871
34846
12878
61854
61857
61868
34794
34808
34814
34815
34842
51804
51810
34758
34826
51837
12958
63056
63133
63495
62997
63015
63775
13067
25221
63415
63047
63059
63402
62991
62997
63804
12915
63023
63609
22775
63037
63384
63060
63215
63751
20330
62992
63071
63388
63361
63429
63504
15564
15601
63638
63739
12898
63790
63797
15202
63769
63874
63878
19764
63753
63821
63871
62989
63037
63038
63049
63753
63754
63827
63764
63776
63795
63090
63092
63113
63211
62578
63767
63866
63754
63807
63809
63821
63057
63223
63602
63620
12960
63599
63738
63533
63541
63554
63564
63514
63516
63582
63586
63852
63872
63874
63070
63081
63082
63094
63240
63265
63429
14308
20437
21890
14322
63383
63419
63024
63031
63095
63212
63224
63237
62297
62580
62582
63127
63589
63594
63020
63046
63192
63284
63286
63160
63176
63108
63111
63276
63146
63154
63330
12921
63267
63306
63322
63294
63303
12944
12953
63293
63480
12983
63191
63293
63480
15761
62298
62310
15957
62337
62340
62345
63339
63340
63347
22775
62990
62992
63247
63263
63290
63293
63174
63187
63233
15786
62314
63343
63344
63267
63268
63324
63394
63109
63505
63539
15565
15568
15592
13122
15954
62585
13070
25666
27145
63036
63385
63588
63836
12978
15591
63641
63645
62295
62579
63347
63499
63556
63579
63584
62951
62967
63037
63038
63249
63253
63264
62356
62616
62619
62307
63272
21890
22919
23039
31310
15746
15758
15762
15733
15884
16341
15830
15873
15767
15768
15776
15783
13058
15695
15778
15780
63298
63301
63328
63488
63489
63490
62307
63494
15753
16251
62945
63011
63012
15711
15713
15731
15886
63765
63776
63816
63058
63527
62966
63039
63060
63811
63591
63603
63607
15118
15137
63559
63568
63271
63279
63321
63730
63760
63770
12971
15798
63535
27254
15681
15682
16009
15548
63640
63658
15773
63481
63518
63336
15685
15730
63536
15098
15132
15519
15106
30283
63699
63706
15537
15540
15549
13033
46780
63673
63732
63773
13063
44078
63874
63878
13029
31083
15102
15511
63717
15546
15562
15605
15606
53145
53162
55788
56214
15731
15732
15878
15886
63192
63263
13122
62572
62586
63695
63875
17086
63508
63570
63581
53219
53220
59627
63971
15202
43712
63888
60472
63957
63986
63155
63171
63180
63204
15653
15699
63543
13016
15204
63912
63183
63228
63231
19786
44212
63841
63936
63360
63397
63563
13018
46304
53131
15575
45974
63675
53213
53267
53364
13090
15569
18980
53240
53281
53324
53204
53218
57456
62988
62990
63387
63882
62988
63806
63813
61641
63982
63984
63989
15195
31395
59663
63912
53214
53287
53163
53219
53223
63986
42469
63978
63983
63992
15831
53187
59867
63929
16118
16190
16359
46607
63690
63691
63734
35951
37284
63932
47840
49084
56153
53186
63045
63601
41868
42017
61619
15213
63919
15144
22072
15141
40467
54082
53120
53173
15107
15532
13028
15142
44530
15262
15264
21986
31986
56295
57148
57339
57456
22085
53120
46955
47122
49460
17091
63598
53242
53244
53271
29329
29357
31949
20748
21174
15105
46920
61599
61602
13048
61292
61642
62855
35951
44174
53146
63951
15165
62901
21982
62889
62927
62931
61383
61402
61582
32295
36758
61629
26051
30992
35782
36319
37239
53202
53211
53213
15512
53283
53332
15184
22015
22031
22048
35642
40475
63980
34231
46304
47851
61293
62867
15245
15490
27580
28904
36767
15110
15125
15520
13074
62919
14425
22790
27217
15992
17152
15507
15553
15554
15533
15535
63661
15484
15507
15992
15706
63580
63589
63738
15532
15534
17152
13065
22113
26068
32267
15195
31395
35488
63926
13080
63883
63385
63406
63421
63588
15508
15103
43695
48414
21194
22770
63674
63688
63703
15544
62913
22790
62332
15565
15609
62577
43664
44541
63862
63930
15109
15521
15525
15498
16007
13174
61329
19027
19264
62684
13738
13083
15992
16001
44078
63715
63720
61291
62852
62858
62904
62865
62887
62889
62931
15469
15484
15543
62312
63450
15376
15391
15396
15388
15445
15449
15988
15418
62646
62654
20437
22919
26051
17113
17426
18976
15273
21966
21978
61330
61349
16701
16720
16745
61253
62682
62784
62787
21967
21980
16792
19851
13098
13105
58424
58357
58378
27564
63932
63933
15539
13185
61309
61351
15415
15990
16011
15237
15239
15277
15286
15238
16777
62834
58425
58476
61273
61281
61253
62782
62784
62790
58299
62661
62703
58301
58332
62660
16760
62802
62832
21992
58288
62674
62688
62699
62486
62545
62547
62674
62695
62697
62699
62484
62524
62535
58301
58332
62560
62576
62666
62683
15648
15881
15958
16649
62701
62712
62568
62571
62620
62636
15660
15672
15678
62602
15256
22039
15946
62528
62539
62682
62785
62797
62529
62548
62560
62590
62597
62530
62662
62689
62521
62658
62659
62691
13151
21715
21738
22134
30867
13133
13172
21738
21813
21745
21750
35481
49083
49100
53486
53496
21735
21752
21753
25671
25720
26481
22078
22090
15151
22050
22053
22074
17798
26440
26476
26478
20938
21036
21818
21825
21708
21715
21720
21872
21893
21896
21901
13154
13162
21928
53093
53094
21717
53514
53517
53547
53580
53644
13152
13163
21776
53533
53536
21755
21763
21872
21707
21734
21746
13154
13178
21735
21767
13160
13162
13178
21750
15200
13166
15249
22006
13170
22078
22090
53093
20010
21820
21863
22029
21973
21974
21977
13177
22041
15169
61356
15256
22029
22039
13182
22042
61342
61345
61401
13177
22079
20935
20940
20960
21170
22066
22097
49128
53512
53524
21871
21882
61302
61372
13466
61385
61390
13182
15256
22028
22087
21908
21920
15268
21896
21901
21923
53675
53697
53703
54257
22004
22027
21583
21584
53158
61551
61555
61229
61231
61192
61219
61173
61193
61277
13189
13190
13193
13191
13194
13210
13305
13838
13192
13212
13401
13339
13445
13210
13211
13196
13401
61353
61355
13205
13255
13198
13203
13835
13214
13253
13594
61212
61214
13219
13406
13831
13202
13220
13587
13203
13306
13259
13395
13219
13262
13272
13209
13220
13207
13209
13309
13220
13587
13209
13233
13310
13312
13212
13424
13445
15268
21911
22019
13235
13607
13831
13243
13249
13254
13272
13217
13243
13218
13223
13249
13224
13607
13555
13255
13835
13224
13228
13266
13224
13830
13227
13226
13261
14971
13238
13228
13617
13229
13740
13230
13592
13261
14971
13250
13252
13292
13246
13261
13263
13339
13580
13235
13253
13271
13292
13242
13250
13292
13239
13241
13242
13247
13263
13593
13597
13271
14929
13256
13593
13759
13258
13269
13271
13251
13246
13264
13741
13270
13719
58568
13266
13258
13330
61247
61249
61250
13599
13264
13330
13254
13312
13557
13406
13741
13745
13838
13555
13265
13750
58436
58483
61245
13265
13306
13582
61278
13266
13305
13838
13267
13267
13597
13330
13597
13280
13280
13833
58570
58587
13302
13406
13297
19662
19677
19657
19661
19671
14974
16800
19876
14938
15261
15262
13296
19667
19674
13279
13298
13311
13281
13283
19658
13326
14959
13311
19637
19638
19639
13284
13288
13290
19658
19664
19671
19866
13319
19639
19713
19614
19627
19710
13313
19652
19699
19714
13294
19714
21969
13831
13297
13302
14929
13313
13300
13313
14943
19665
19715
14968
13306
21958
21968
21983
13301
13307
19633
19975
13745
13304
19641
19964
19633
19718
19975
13407
13364
61214
61233
13310
13315
13552
13341
13745
19632
19684
19715
19896
13358
13819
19957
19962
20030
13354
19638
19645
19646
13325
13338
13357
19607
13327
19643
19964
13323
13325
13356
13367
13356
13358
13367
13328
13342
19612
13359
13403
13405
13728
19635
13833
15077
19651
13335
13336
19935
19952
19985
19520
19530
19634
21955
19886
19938
20099
19532
19564
19648
19517
19537
19543
19613
19965
13359
13408
19619
13342
13352
13356
13819
19874
19884
19996
13358
13360
13408
13344
13403
19622
13374
19600
21273
20945
20978
21030
21243
13353
21272
20593
20602
20616
20631
19594
19611
19615
21271
21274
13448
21288
21305
21279
21433
13367
21294
21433
19712
19553
19565
19589
20903
13357
13819
19602
13367
13409
13362
13374
13380
13403
13377
13405
21635
21639
21656
13552
13587
19626
20599
21275
19882
19889
19891
19618
20578
13582
61278
13373
13379
13413
21855
21856
21867
21811
21294
13384
13452
13379
13384
13386
21795
21854
21884
13382
13398
13441
13398
13415
13385
13399
13419
13452
13396
13399
13417
21741
61402
61521
21234
21246
13390
21601
13391
13419
21289
13392
13416
13419
13455
20976
21001
21005
21032
21210
21220
21260
13555
13835
13413
13409
13412
13554
13414
13442
13416
13507
21902
13464
21796
19958
19977
21843
13599
13728
13582
61216
13412
13577
13413
13415
13417
13416
13455
13554
13577
13421
13425
13446
13422
13508
13426
13484
13501
13425
13471
13547
13537
13749
13437
13491
13574
13574
13489
13490
13508
13430
13485
13489
13530
13553
13432
13433
13576
13574
13434
13491
13598
13542
13553
13436
13486
13499
13471
13508
61134
61433
13446
13501
13559
13441
13446
13442
13543
21879
21929
13445
13463
13462
21374
21443
21290
21300
21809
21308
21325
13473
21306
21323
21215
21225
21286
21298
21316
21333
21400
13455
21733
21764
21933
21274
21433
21757
21769
13486
13535
13499
13490
13502
13551
13543
13559
13619
21798
21854
13468
13473
21343
61433
21307
21330
13469
21338
13483
13511
13486
13499
13500
21300
21383
21810
13490
13535
53907
60681
60880
60586
60608
60613
61090
53907
60677
60582
60590
60615
60583
60602
60607
21358
53886
60635
60652
21658
21661
21667
13508
13502
13540
13547
61412
61414
13493
13530
13570
13502
13553
13493
13530
13540
13505
13513
13500
53828
53852
53870
61412
61426
13511
13574
13510
13515
13532
60592
60747
61050
61054
13512
13624
13539
53912
60582
20038
21855
13532
13615
13615
13624
13616
13624
60576
13573
60981
60585
60615
60698
13625
60483
60484
61000
60663
13604
13606
13626
13526
13534
13528
13534
13524
13526
13564
13546
13550
15417
15545
13541
13545
60575
13536
13548
61116
61120
61132
13542
13533
61160
13551
61116
61120
61424
13545
13727
13547
13544
13538
13576
13620
13615
13564
13604
13565
13625
60495
60496
13726
13575
13726
13616
60495
61105
13576
13620
13561
13571
13819
15209
21744
21745
13572
13620
13619
13561
13564
13578
13563
61029
61120
61147
13571
13572
13595
13596
13570
13575
13726
13571
13620
13568
13589
13578
13612
13622
13727
13615
13598
13598
13583
13596
61058
61425
61129
61146
61165
61388
13589
13595
13631
13654
60938
60174
61205
19484
19498
19561
13592
13618
13718
13617
13830
13729
13621
13729
13609
13740
61232
61351
13606
13741
13602
13605
13622
13729
13740
13623
13626
13752
13605
13622
13669
13636
13835
13609
14971
13718
61026
61139
61196
60495
60505
60573
61105
13626
13731
60986
61009
60496
13729
13636
14058
60575
60491
60443
60444
60457
60234
60249
60244
60253
60277
13637
60464
60183
60195
13696
60461
60464
60476
13694
13762
15545
19668
27217
13640
13640
60488
13673
13694
13736
60289
60357
60534
60479
13648
13662
13739
13645
13648
13671
13649
13650
13673
13692
13645
13648
13650
13673
13681
60465
60182
60241
13700
13735
13736
13725
13661
13696
60463
60464
60453
60460
60470
60970
13674
13696
13701
13663
58593
60188
13657
60441
13667
14056
59940
60439
60420
60432
13659
13675
13680
13721
14039
14018
14039
14046
60208
61162
60181
60182
60194
60255
13672
13675
13680
13668
13681
60454
59885
60342
60465
13694
58604
58618
58647
61124
13682
13713
13739
60448
60453
60460
13751
14020
13678
14008
13721
14020
14044
13721
14039
60440
60443
13681
13751
14020
14055
13686
13722
13723
58633
60157
13686
14004
14008
13708
13742
13699
13712
13778
14017
13778
14012
14012
14044
14055
13695
13991
13713
13724
14062
13693
13779
14005
14062
14005
14062
60214
13708
13721
14044
13788
14045
13739
13751
60448
60450
60451
13706
13709
13995
13704
13716
13781
13707
13995
14024
13706
13779
14005
13761
13710
13991
14008
14005
14024
13716
13788
58599
60156
60258
13722
13725
14055
13715
13788
13913
13716
13992
13770
13718
13834
14947
13734
58615
58620
13737
13761
13840
13742
13778
14012
14044
14012
14062
60247
60280
60283
58625
60985
61008
60979
60993
61106
60214
61007
13753
14947
13779
14947
13762
13834
13743
13753
13777
15807
14046
14007
13757
13761
61015
61131
61161
14954
58518
58565
61209
13748
13758
13782
13759
13755
13759
13782
13766
13822
13839
13757
13758
13832
13777
13822
13993
58553
58756
13772
58533
58555
58566
13765
13827
14016
13767
13823
13790
13781
13912
13920
58677
58705
58725
13917
13992
14958
13920
13992
13827
13912
13842
13774
13785
13805
13919
14958
13796
13808
14021
13784
13905
14016
13840
14059
14059
14954
58508
58569
13805
13823
13807
13907
14021
13795
13826
13904
13794
13795
13825
14017
13792
13794
13795
13820
13821
13839
13793
13836
14955
13806
13824
13797
13809
13803
13800
13801
13909
13798
14014
13799
13809
13800
13910
13888
13808
13809
13804
14988
14992
13806
13826
14986
13807
13917
14955
13825
13841
14952
14961
14963
13837
14950
14967
15002
13814
13816
58657
58670
58682
13836
13837
14964
13818
14948
14953
15077
19660
13826
13918
13827
13832
13824
13917
13920
13905
13918
13841
14014
14952
14951
58490
58497
58546
14929
14968
14955
14947
58610
58669
13845
13894
13846
13855
13890
13846
13870
15021
13848
13854
13855
13851
14529
13871
13945
15026
13851
15018
15026
13869
13853
13857
14579
13858
14517
13856
13878
14557
13878
13857
13867
14557
13868
14523
13860
13893
13894
13862
14985
59113
59125
13863
13933
15015
13896
13946
16801
58103
58411
14571
59100
59158
59161
13867
13876
14579
14529
14530
14529
13890
13872
13873
15007
15012
15026
13878
13899
15021
13880
13881
13936
13951
14528
15023
15062
58114
58365
58393
14072
15074
13882
14442
13883
13892
14986
15011
13887
13910
14988
13888
14986
13889
13909
14986
14994
13945
13893
13902
13923
13902
14442
14994
13932
14521
14521
13923
13899
15021
13932
14985
13900
13911
13996
13951
14528
13921
13937
13979
13923
13937
13925
58704
58719
13905
14016
58554
58717
13908
14984
14021
14965
13919
14059
13914
13922
14000
13916
14011
13916
13996
13922
14987
14016
14984
13924
13996
14013
13932
13927
58713
58725
13927
13938
13961
13959
13960
13938
13952
14456
13988
14010
14182
13931
13947
14182
13938
14456
13934
14985
13946
14456
58775
58778
58780
13960
58740
58765
58803
13942
13946
13982
13942
15023
13950
58780
58782
58806
14464
59179
59185
13950
13982
14441
13959
13966
13988
58771
59099
59126
13951
14985
14160
59045
59067
59076
13955
13956
13968
13967
14010
13980
13994
14084
13986
13979
13988
14182
13983
14987
14006
14067
14457
13984
13985
14167
13972
14006
14067
13978
13985
14182
13987
13989
14078
16297
18031
62683
14022
14065
14083
15609
17066
18980
13984
14022
14084
14088
14093
58636
58640
58698
13994
14084
14168
13998
14057
14067
13983
13997
14057
14057
13986
14093
14175
14057
14067
14456
14011
14066
13988
13990
14164
13994
14162
14066
14167
14024
14045
14013
58493
58503
14078
14059
14987
14022
14066
14017
14002
14006
14080
14003
14051
14004
14457
14023
14009
14167
14958
58504
58540
58545
58756
14040
14051
14186
14023
14033
60132
60150
60225
58762
58795
14028
14071
14080
14098
60071
60097
60112
60061
60425
59759
59848
59913
59916
14034
14071
14094
60147
60235
14036
59869
59872
14040
14186
59929
59961
60438
60459
60478
14053
59881
59974
59978
60058
60050
60093
60269
60331
59846
59918
60164
14074
14174
58627
58637
59086
60158
60245
14054
14094
14098
14082
14114
60455
60487
61000
14098
14186
59873
60155
60157
60204
60164
14069
14437
14114
14166
14098
14186
14070
14077
14244
14073
14083
15004
14074
14111
59996
60021
60030
14115
14116
59813
59817
14166
59865
59928
60065
59293
59317
59327
59398
14094
14099
59364
59371
59443
59335
59360
59387
60138
59892
59935
60256
14117
14437
60276
60310
60324
60337
14110
14117
14437
14096
14110
14173
14448
59854
59855
59882
14114
14244
14179
59336
59367
14117
14137
14103
14135
14171
14108
60166
14121
14181
14183
14183
14105
14120
14134
59827
59945
59760
59764
59765
59966
59783
59785
59373
59378
60137
59055
60159
14133
14117
14171
59370
59371
59812
59745
59824
59815
14129
14150
14237
14121
14144
14237
14240
59836
59945
14130
14127
14238
14239
14150
14238
14447
14128
14140
14185
14436
59056
59346
59347
59344
59363
59365
14447
14176
14144
14140
14150
14251
59395
59396
59418
14170
60077
14181
14440
14177
14459
59807
59816
14171
14520
14177
14459
14152
14258
14471
59469
14143
14151
14261
14177
14467
14146
14247
14185
14247
14305
14462
14231
14251
14149
14445
14474
14151
14153
14243
14445
14184
59028
14271
14474
14155
14157
14484
14158
14271
14379
14474
14469
14344
14519
14344
14467
59024
59038
14163
14461
14165
14164
14439
14165
14439
14175
14520
59069
59070
60126
60159
59839
59924
59832
59842
14476
59843
59996
60121
14436
14486
14468
14440
14448
60077
59354
59379
59350
59353
59561
14476
14258
59031
59375
14203
14214
14221
59625
59652
59661
14304
14219
45831
45837
45794
45796
45784
45799
45840
46106
14205
59721
59724
14214
45721
45753
14204
59733
14199
45836
14215
14263
14288
45567
45728
45782
45748
45787
52445
52467
45526
59719
45669
59485
59490
14222
45752
45778
59701
59713
59708
14207
14208
14307
14213
14249
14263
14288
14220
14290
14211
14213
14224
14307
14213
14281
14228
45751
14249
45526
45785
45787
46102
45780
45869
45823
45869
14225
14230
45660
45741
59723
14224
14232
14291
14228
14286
14263
14239
14260
14288
14304
45526
14273
14262
14286
14297
14262
14270
14365
45825
45834
45835
59717
59810
45443
59453
59482
59689
14251
59747
59767
59919
59703
59709
14462
14486
14437
59362
59471
59693
14446
59364
59736
59472
59555
59705
14307
59686
59698
58926
58927
58935
59445
14255
14357
14438
14284
14361
14513
14274
14292
58967
59071
14270
14357
59034
14344
14519
14376
14344
14467
14265
14271
14397
14267
14291
14292
14268
14379
14513
14277
14438
14274
14292
14360
14305
14435
14276
14291
14292
14291
14277
14307
14285
14284
14279
14280
14294
14310
14281
14290
14349
14422
58939
58975
58977
14356
14287
14360
14365
14349
45478
58929
59438
14294
14294
45834
14296
45932
45868
45755
45835
58918
58935
58996
45730
45739
45761
45788
45823
45829
45859
45829
45828
58934
14310
14313
59704
59716
14365
14313
14321
14333
14431
22770
25436
63417
59710
59715
52434
58903
58906
59021
14367
14430
14433
14347
14347
14367
45845
14319
14324
14325
14320
45926
45927
14318
14375
45939
14366
14406
14348
14406
14408
45849
45931
47085
14326
14347
14367
63399
63406
63421
45845
14350
14433
14339
14375
14406
14350
14433
45823
45830
45844
45859
14340
14349
14422
58988
59005
59018
14339
14375
45943
14430
45849
45933
14485
52418
58939
14340
14429
14431
14336
14351
14363
14368
14356
14422
14427
14354
14427
52278
58813
58820
58862
58873
59015
14341
14407
14346
14405
45663
59486
59567
14355
14428
14366
14350
14368
14360
14429
14370
14408
45940
52426
58940
59154
14359
14371
14377
14419
14407
14422
14414
14358
14361
14378
14427
14370
14401
14364
45844
45846
14427
14369
14378
14419
14407
14386
14401
14412
14414
14386
14416
14413
14564
59109
45937
14378
14438
58937
58944
58961
58976
14382
14386
14398
14478
58949
58955
58964
59017
14385
14400
14403
14394
14413
14522
59110
14389
14393
14390
14415
14392
14417
14421
14488
14411
14396
14415
14417
14565
14421
14435
14445
14486
14405
14412
14404
14490
14566
14412
14417
14499
14565
14429
14428
47106
14413
14522
58859
14412
14414
59151
14417
14421
59016
59106
59369
58835
58852
52332
58815
59015
22051
63656
63737
20448
27247
63425
45853
45873
45931
45847
45850
45461
45466
58904
45850
58981
59105
59106
59152
14484
14476
59830
14521
59067
59076
59081
59087
14461
14463
59427
59436
14472
14532
59077
59112
59156
14470
58686
59088
59090
59124
14472
14482
14574
14460
14472
58676
58684
58694
58766
14479
14480
14487
14524
15022
59102
59153
59171
59075
59077
59112
14479
14524
14468
14470
59029
59423
15022
58971
58995
59073
59107
14481
14549
14478
14551
14482
14514
14551
14487
15022
14497
14516
14554
58891
58909
14501
14503
14490
14492
14491
14504
14497
14516
14493
14494
14504
14552
14563
58849
58869
58888
14498
14506
14504
14552
14501
14516
14502
14571
59162
14511
59147
59157
59163
14511
14505
14567
14515
14568
14510
14515
14534
14509
14517
14579
14577
14514
14555
14549
14554
14523
14525
59080
59091
59105
59152
14585
14533
14544
14548
14556
14558
15038
14557
14544
14548
14555
14574
14579
14547
15016
14554
14555
14536
14583
14561
14610
14538
14562
14582
14539
14561
14540
14543
14569
14550
14599
14602
14606
14543
14575
14603
14545
14585
14547
14569
14573
14580
14585
14556
14558
14581
14568
59142
59181
59184
15039
58866
59165
59167
14562
14569
14602
14567
14572
58911
59123
14566
14575
14578
14573
14578
14604
59185
14603
14580
51901
51912
51916
14604
14586
30418
30427
14597
14601
14590
14601
14608
14638
14590
14609
14623
14600
14638
14701
14635
14701
14594
14654
14698
14701
14705
14705
14609
14611
14638
14608
14631
15016
14607
18606
18702
62651
62671
14614
14632
14613
14622
14620
14628
14697
14620
14624
14632
14621
14619
14620
14660
14697
14621
14627
14660
14619
14624
14634
14628
14630
14624
14780
15440
62769
57788
57824
57829
14657
14683
14635
14630
14656
14692
14654
14705
14648
14703
15368
18331
62769
62917
14686
14697
30549
30569
14642
30473
30554
30568
30597
30635
14643
30527
14653
30491
14669
30439
30459
30492
30496
14647
30469
30491
14655
30462
30527
14653
30460
30463
30476
30474
30476
30480
22137
30467
14684
22138
22137
30469
30481
14682
14660
14686
15045
14685
14689
14683
14684
14691
14683
14684
14665
14680
14715
22665
14769
22675
22686
22666
22690
30455
14693
22670
22681
22682
14769
22690
22694
14674
22654
30443
30446
30484
22683
22729
22733
14672
14674
14751
14673
14747
14677
14748
14676
14750
14696
14755
14696
14755
14694
14687
14693
14758
14696
14729
14758
14685
14694
14711
14687
14752
14689
15045
14694
14691
14703
14714
14713
15050
14715
15046
14729
14712
14743
14750
14704
14700
14707
14725
15052
14714
15081
14714
14707
14710
14738
14708
14725
14725
14852
15081
14735
15045
14755
15054
14752
14717
14724
14848
14742
14793
14720
14724
14774
14721
14723
14722
14748
14755
14724
15049
14731
14735
14770
14790
14744
15055
15083
14740
14848
14733
14840
14875
15061
14740
14770
14838
14737
14737
14770
14738
14739
15084
14744
14839
14838
14840
14790
14852
14848
14793
14838
14868
15061
14748
14753
14848
14852
14757
22678
14757
22647
22651
22653
22691
22192
22207
22221
14786
15046
14822
22631
14771
22641
22634
22636
22555
22727
22730
22620
22637
22638
22542
22557
14776
14823
22591
14779
14778
22671
14806
14773
14789
14842
14788
14822
14776
14912
14777
14821
14792
14804
14782
14792
22621
14805
15351
18545
14847
19332
22643
22912
14785
22616
22617
14800
22595
22905
22603
22616
22617
14792
22655
22678
22619
22641
22903
14789
14806
14815
14864
22660
22683
14823
19325
19337
19345
19304
22611
14808
19340
19397
19409
22543
22545
19333
22599
22607
22532
22552
22554
22493
22497
22501
24526
16852
19322
14804
14810
14821
17011
62669
19310
24541
24553
19753
14810
19344
19293
19294
19296
14813
14830
14845
16824
19793
19796
14846
19373
19393
19723
14861
14913
19346
19386
19504
19621
19725
14820
14843
14826
14845
14856
14825
14843
14855
14826
14844
14846
14912
14829
16912
14829
14894
14923
14832
14910
14833
14862
14896
14833
14835
14904
19693
19697
14836
14837
14931
14905
14861
14896
14860
14907
14897
58398
58408
14844
14851
16912
14846
14853
14856
14912
22622
14874
14875
15061
14859
14860
14875
14853
14860
14907
14854
14855
14859
14858
14859
14875
14867
15066
14920
19394
14913
16873
14923
15066
14908
14923
15066
58319
58362
58366
14874
14895
14906
14872
14892
14936
14871
14908
16778
14909
14978
14894
14908
16778
14879
14891
14978
14999
14906
14877
14982
14996
14878
15001
14883
14893
14886
14982
15009
14886
14982
14883
14893
15067
15001
14888
14906
14892
14898
14915
14917
14998
58173
58356
14925
14926
14976
14926
14976
14891
14945
16929
14893
14916
14991
14936
15066
14913
58364
58397
14937
16929
19709
19733
19493
19709
19732
20128
19910
19931
19700
19705
19674
19680
19690
19702
14919
14936
14919
19696
14925
14999
14923
14914
14919
14936
14940
14916
14924
14916
14922
14926
16783
16803
19824
14972
14931
19370
14922
14933
19716
14960
14944
14972
19688
19825
19917
22007
58434
58487
58507
19372
19814
20091
19696
14957
14967
19691
16784
19916
19689
19700
19719
14945
14960
19846
21960
14942
19663
19699
19350
15227
15260
21967
19647
19716
14970
14968
15077
19655
19685
14950
19670
61247
61279
14969
58501
58543
14959
19672
15000
22007
58486
58487
14981
15002
14966
14981
14965
14981
14988
14988
14992
19697
16793
19854
19860
21980
16787
19835
19851
14999
58322
58347
58376
16929
14993
15001
16788
19847
19853
14992
15017
14990
14993
14997
15017
14996
15067
15011
14996
58108
58112
58804
15004
15005
15079
58508
58565
15067
58778
58780
58790
15011
15017
15010
15074
15019
15033
15030
15032
15019
15037
15064
15065
15020
15033
15024
15030
58729
58758
58457
58480
58750
61217
15021
15024
15025
15028
15074
15027
15069
15031
15037
15065
15073
15034
15038
15074
15073
15069
15075
15040
15069
15075
15037
15072
15039
15041
15057
15075
15052
15071
15082
15044
15052
15082
15060
30217
30531
30703
15054
15081
15060
58109
58111
15058
15059
15072
15084
15076
15083
58100
58101
58136
58390
15068
58794
58805
15065
15073
58138
58806
58429
58433
58499
61249
15072
15084
15082
57722
57779
58095
58130
58116
58124
58804
15086
15087
15320
15093
15354
15488
15092
15177
43483
62853
62928
15640
62853
15096
15114
15115
15302
15110
15253
15254
15331
15094
15111
15094
15113
15302
15470
15635
15114
15253
15331
15486
15099
15225
15520
15105
44396
46642
15107
44396
30430
46075
15130
53147
30391
31903
15225
15517
63696
15109
46913
15664
21315
22640
31311
46858
17094
15175
15254
15115
15635
15175
62740
62920
15519
17094
15119
15136
15120
15134
15140
15142
15122
15136
15123
15150
15124
15129
22081
15144
15167
15127
15475
15137
15147
37284
44962
63932
15167
43699
46826
44946
46813
15177
43223
61301
62853
15142
15163
15142
46933
15178
15178
15307
32376
49460
49476
22054
22056
22072
53780
15167
47122
41189
41840
53747
15169
61313
61318
15168
15151
22044
22047
21716
44588
61665
15252
15486
15172
22057
22094
15174
15558
15558
22081
15166
15172
22069
25747
25766
25820
54299
53313
53323
53368
54324
54345
54353
53271
53273
53277
54388
15159
54359
54362
54367
54338
54345
63114
63129
63135
15234
15245
15174
15307
15305
15538
62857
62867
62869
22068
22073
22079
15173
15173
22052
53135
61327
62766
62841
62878
62886
15684
22047
17089
22079
15490
15475
15304
15638
53192
15721
22023
22033
53523
53525
53966
21065
21069
21072
22021
21551
21554
53681
53715
53720
53754
22023
53164
53220
57148
57456
15203
56255
63920
56295
56296
57339
21348
21683
21609
21610
21627
63831
63843
63849
63948
63910
63921
63927
53206
53290
53818
53887
53888
53898
53189
53265
53364
63045
61647
61663
61666
54299
54300
54352
54353
53175
53228
21908
21909
15306
22024
22038
63867
63947
63958
56915
57172
63601
63132
63154
63217
63159
63207
63208
63216
53334
53429
53482
63165
63220
63512
63575
21766
21785
54263
54268
54339
53591
53612
53629
54317
44946
45584
46642
46893
34231
35685
60653
53208
61649
61652
61657
21711
53512
53524
15270
21991
22010
20847
21062
21297
21616
21618
21924
21939
15228
22017
53621
53933
53934
15226
15230
21554
21603
61349
61356
44396
15257
15500
19862
19903
15267
15232
15274
15233
15246
15500
15245
15304
15237
15241
15259
15490
15721
15424
15696
62653
62905
15240
15400
15242
62770
62773
62819
15240
15336
15277
15246
15277
15243
15271
15286
15272
15274
15270
15638
21990
22013
15265
21984
22010
21910
21995
22028
61304
61316
61334
21987
21994
15331
15302
17094
15539
22027
15267
15281
21990
22004
15500
19852
21970
15278
15264
16794
21984
21986
15266
15266
15276
15269
15275
21912
15283
16763
15317
15272
15327
21976
21981
15276
15317
15279
16785
15280
15315
15282
16772
22013
22015
15375
16772
16820
19847
19853
18433
18435
18465
20244
15287
16757
15289
15314
17284
15312
15390
16640
15293
15298
16760
58371
62795
15299
15312
15397
15296
15324
16757
16795
19853
15309
15299
15311
15390
15312
16754
15309
15361
16722
16729
58377
62784
62785
22039
22041
15369
15635
22035
22075
15329
16637
15397
15397
16757
15362
15366
15374
15321
15339
15354
15327
17284
16785
16788
15326
16637
21991
15387
62709
62737
15324
15330
15487
15333
15354
15333
15487
15326
15485
16637
15337
15336
15335
15385
15343
15369
15488
15339
15343
16637
15485
15334
15343
15369
15400
15340
16757
15338
15344
15341
15383
15343
16664
15342
15383
15451
15356
15451
15356
15385
15388
15445
15364
15380
15497
16019
15444
16664
18606
18702
15357
15365
15437
15999
16629
15440
62731
15364
15380
16749
62563
62722
62731
62747
15359
15360
15377
15388
15358
16664
15379
15451
15404
16759
16753
16768
15383
62880
62932
15429
15444
15472
16635
15371
15390
62740
62839
62925
15378
15424
15372
15401
16638
15376
15396
16640
16729
62701
62751
62758
15382
15383
16762
16789
15442
16758
15379
16005
18331
62673
15382
15384
15522
15427
15497
16019
16629
15396
15386
15396
16728
16652
62722
62747
15404
15434
16749
16771
15399
15441
15493
16728
61347
15404
15441
16005
15399
16657
16758
15399
16621
15442
16642
16758
15406
15441
15493
15422
16728
16628
15416
15448
15493
15990
15998
15420
15446
16619
15569
19302
19410
19668
15426
15434
16008
15446
15988
16008
15434
15998
16628
16620
62529
15420
16038
16011
16036
15420
16038
15990
16011
19077
62573
62560
62564
62683
58297
62528
62685
16037
62283
62612
62615
17468
15427
15463
15465
16629
62762
62732
15429
15430
15443
15989
16011
16036
15434
15988
15436
15447
15463
15465
15993
15997
15997
16003
15436
15438
15464
15438
15588
16635
15464
15588
15474
15587
16617
62730
62732
16628
16771
15497
16043
15999
15522
15993
16037
15478
16617
15989
17468
15997
16003
15474
15492
16003
15453
15481
15585
15478
16617
15455
15459
15622
15457
15468
15457
15460
15468
15523
15541
15459
15605
15622
15502
15536
15480
15542
15466
15478
15594
15479
15484
15588
15467
15589
15584
15542
15584
15477
15480
15538
15474
16617
15476
16137
15486
15589
16004
16004
15523
15541
15549
15483
15543
15583
15594
16041
15542
16004
15635
15501
15538
17468
15999
16019
62916
62839
27960
62914
15509
15987
15537
15541
15524
63679
63689
63724
15505
15506
15529
63683
15527
15553
15533
15535
15515
15528
30900
15544
16007
15511
34035
46079
47745
44813
40364
61630
46075
63713
63717
63742
44530
46572
46920
15534
15992
29487
46537
63744
46920
15527
15554
63894
15543
20780
63685
15532
15534
15554
21724
53484
63697
15553
15530
15553
15547
15535
20780
63662
15547
15551
63682
15537
15546
15555
15638
15547
15551
15555
15589
20013
27214
15576
15556
63661
63680
63693
63703
15556
25295
63423
15557
15573
15573
15576
22059
15561
15562
15668
15632
15661
15571
15600
63650
15576
62977
63731
63770
63774
63614
63628
62574
62575
15578
15591
63641
15613
15628
15599
62643
62573
15608
15621
15633
15572
63654
15573
15576
63680
15586
15594
63671
63681
15579
15597
15611
15663
15597
15631
15606
15668
15605
15606
15674
15583
15590
15621
15598
15607
15625
15585
15586
15587
15622
15995
15596
15603
15610
15600
62335
62574
62591
15976
62652
25295
63370
63657
15598
15668
15610
15626
15954
62642
15668
63628
63656
15610
15613
15619
15621
15649
15608
15621
15995
16006
15674
18999
62575
15661
15673
15995
16006
16137
15623
15649
15615
15619
15877
15669
15678
15634
15973
15619
15626
15877
15996
16006
16010
15623
15624
15722
15953
15630
15634
15874
15952
15626
15949
16010
15628
15632
15636
15667
15672
15632
15667
15673
15672
15678
15673
15661
15675
15642
15672
15641
15643
15727
15641
15709
16035
62874
62907
15645
15657
15694
15669
15678
15669
15973
15712
15727
15874
15974
15709
15713
15718
15735
15959
63515
63516
63528
15693
63554
63557
15691
63519
63540
63595
15666
15656
15671
15656
15677
63542
15666
15706
15658
15660
15671
15676
15727
15883
15980
62589
15727
15663
63580
63584
63590
15674
46294
62292
63243
63348
63352
63543
63562
63568
63642
15694
15717
15874
15945
16618
15694
15682
15681
15730
16009
63536
15692
15780
15697
15698
16009
22035
22045
22047
15772
15798
15786
63337
15766
63526
63538
63498
63538
63539
62315
63310
63327
63332
63530
63540
63569
15947
63529
63455
15699
63534
63560
16618
15799
15778
15780
15785
15736
15785
63530
15703
15704
15720
15787
15703
15707
16618
62334
62337
62354
15778
15710
15716
15712
15787
16035
15711
15713
15787
16035
15724
15711
16193
16618
63569
15719
15739
15719
15720
15877
15949
15724
15725
16193
15785
22075
15735
15725
15735
15891
15729
15859
15734
15738
15880
15898
15732
15733
15878
15736
15898
15948
15981
15777
16193
15881
15739
15792
16341
15849
15741
15744
15841
15854
15743
15797
15749
15855
15855
16251
15746
15747
15757
15849
15758
15779
15797
15749
15837
22906
63359
63375
63378
15757
15779
16250
16259
15842
16250
16337
15758
15758
15797
15756
15762
15764
15782
15759
15760
15762
15853
62301
62315
62324
15763
15790
15791
15849
63437
63465
63468
63482
15853
63448
16247
15771
63436
63469
63479
63524
63547
15775
63435
15851
63436
63473
15795
15798
63456
63502
15781
15782
15853
15855
16251
15795
15791
15795
16247
63470
15794
62311
63332
63341
63311
63092
63221
63402
63347
63460
63499
63504
15792
15793
62271
62315
63459
15882
62290
62341
62344
15827
15832
15834
62415
15804
16278
16280
15831
16278
62218
62258
62262
16269
15814
16281
15816
16277
15827
18902
15836
15840
15819
16249
15904
15812
15893
16336
15867
15869
15908
62274
62425
15904
16182
15816
15824
15821
15822
15818
16248
16249
16340
16281
16257
15907
16153
15904
16277
15825
16257
15916
16153
16255
15828
15833
16255
19134
15846
15839
15858
15915
15846
15969
15833
16256
62423
15916
16256
62397
62416
16249
16253
16269
16340
15843
15873
15841
15843
15844
15873
15844
15848
15850
15868
15915
16259
15854
15862
15846
15846
15848
15969
15850
15860
15863
15858
15862
63465
63468
63477
62317
62364
15864
15870
15906
15860
15864
15884
15981
15870
15864
15872
15981
15870
62286
62342
62374
15863
16337
15869
15892
15893
15948
15959
15868
15900
15906
15890
15900
15872
15875
15879
62274
62385
62425
15945
15880
15888
15889
16341
15944
62334
62355
62616
16337
15889
15901
15963
15971
15977
15958
15963
15963
16152
15907
16336
15948
15959
15901
15920
15923
15895
15896
15922
16157
15919
15897
15918
15920
16193
62373
62404
62468
15915
16152
15903
15918
15941
15930
17426
19077
62573
16276
62465
17096
17113
15911
15913
15939
15912
15938
15968
15922
16133
15921
15968
16162
16156
15921
15942
16156
15923
15950
15925
16133
15923
16142
15926
15928
15961
15935
16151
15933
15986
15971
15977
16024
15934
15955
16024
16034
15942
16156
16022
16052
15934
15935
16024
15964
15937
16021
16139
16034
15970
16133
15940
15970
16140
15942
62520
62572
62600
15953
15979
62526
62548
63533
63540
63541
15974
15955
15977
15979
15953
15965
62591
15961
62586
62608
62613
62282
62356
62476
62515
15962
16025
15965
15967
16034
16138
15979
16021
16151
16025
16021
16020
15977
15979
15975
16010
15978
62518
15996
62338
62520
62616
15997
16029
15984
16002
16023
16032
16016
62287
62384
16002
16023
16001
16041
15993
16619
62763
16000
16037
16029
16008
16619
16635
16016
16033
16033
16137
16728
16015
16100
16622
16036
16627
16015
16141
16620
62544
16028
16030
16152
16139
16148
16163
16025
62333
16031
16038
16622
16031
16100
16138
16031
16033
16044
16045
16163
16139
16163
16438
16450
16656
16054
16601
16059
16083
16097
16084
16087
16590
16084
16590
16656
16663
16056
16058
16083
16605
16052
16053
16148
17466
16059
16097
16060
16141
16057
16059
16150
16438
16450
16087
16062
58266
58269
62092
16594
16602
16179
58253
62167
62203
62394
58296
61969
58256
62016
62056
16068
16074
16072
16088
16090
62010
62075
62076
16177
16595
16668
16680
58318
58360
16465
16591
16075
16438
16076
16082
16135
62102
62110
62532
58292
62127
62129
58252
16081
16099
16112
16082
16450
16605
16571
16615
17365
16110
16112
16114
16594
16615
16179
16678
58267
58278
58282
16096
58280
16107
16125
16445
16103
16447
16595
16099
16112
16120
16109
16131
16113
16114
16150
16446
61956
62014
16107
16169
58296
61969
62095
16106
16108
16146
16125
16144
16169
16109
16131
16169
16362
16129
16130
58288
62667
62685
62688
16135
16129
16147
16115
16135
16150
58238
61999
62032
16118
16123
16180
16428
16136
62011
62114
62158
16130
16180
16122
16181
16428
16123
16201
16146
16362
61999
62003
62023
62033
16128
16128
16366
16144
16174
16201
16144
16426
16145
16134
16142
16159
16151
16161
16166
62117
62160
17466
16162
62161
62453
62489
62512
16147
16201
16168
16176
16561
16155
16283
16182
16430
16164
16159
16266
16165
16164
16266
16195
16175
16189
16263
16432
16181
16211
16263
16268
16195
16359
62533
62661
62691
16437
16459
16359
16181
16187
16459
58261
58273
16362
16221
16210
16356
16369
16210
16345
16363
16188
16210
16211
16209
16348
16376
16188
16198
16211
16207
16190
16192
16428
16197
16196
16199
16263
16200
16268
16221
16206
16265
16363
16202
16437
16206
16203
16242
16435
16459
16207
16222
16429
16204
16240
16242
16252
62167
62386
62394
16268
16376
62085
62092
62107
16344
16369
16220
16226
16236
16214
16351
16424
17554
16229
16232
16218
16224
16424
16218
16219
16241
16351
16231
16235
16262
16428
16361
16241
16258
16358
16246
16258
16286
16233
16235
16425
62214
62237
62266
62361
62407
16343
62173
62213
62217
62234
16351
16265
16356
16358
16363
16241
62243
62244
16240
16286
16326
16328
16340
16286
16343
16425
16246
16273
63457
16280
16267
16284
16260
16266
16432
62391
62399
16270
16284
16266
16430
16345
16333
62191
62262
62265
16435
16271
16435
16273
16274
16284
62216
62223
62267
62413
16279
16346
62167
62255
62264
62402
62406
16282
17113
17426
19027
62169
62492
16290
16292
16294
16313
16291
16292
16296
16291
16293
17573
17557
17559
16296
17575
17573
16891
18798
62654
16310
16314
16357
16310
17572
16301
16306
17557
16302
16355
16395
16303
16353
16306
16334
16354
16390
17572
16310
16323
17559
16308
17581
16309
16311
17573
16354
16312
16313
16320
16318
17559
17557
17583
17551
17552
17575
16320
16479
16319
16320
16323
16342
16479
16323
16330
16332
16335
16342
16479
16334
17552
17575
17583
16331
16327
16331
16332
16332
16424
17554
16330
16334
16352
16350
16342
16342
62220
17554
17562
62226
62239
16355
16346
16352
16356
16350
16358
16444
62228
62249
16353
16357
16395
16361
16366
16434
16429
16444
16366
16426
16485
16423
16377
16434
16377
16422
16443
16376
16375
16378
16379
16373
16382
17485
16373
17461
17576
16387
16379
16444
16429
16378
16380
16443
16397
16391
16417
17461
16391
16386
16389
16391
16398
17485
16415
17485
16389
16436
17572
16390
16394
16391
16393
17572
16436
17482
16398
17470
17576
16400
16417
17449
16405
16420
16402
16404
16413
16405
16414
16404
16407
16412
16408
16418
16417
17461
16408
16420
16478
17380
16411
16413
16453
16414
16454
16413
16452
16418
17471
16480
17567
16421
17380
16472
16480
17567
16421
16433
16485
16485
16439
62108
62151
62152
16441
16485
17462
16441
17449
17470
16445
17462
16441
17462
17471
16472
17567
62174
62195
16448
16451
16455
62068
62069
16605
16468
16592
16453
16457
16491
17471
16468
17464
16460
17380
16458
16484
17464
17567
16477
16487
17464
16463
16563
16477
16476
16498
17350
16466
16574
16467
16566
16568
16469
16477
16474
17351
17370
16473
16476
17449
16486
16501
16476
16504
17350
16492
16488
16483
16501
17428
16482
17380
16483
17382
17383
16487
17448
16488
16498
16490
16496
17347
16492
16504
17368
17370
16495
17330
17347
17378
16497
16499
16521
16500
17349
17351
17351
17370
16503
16505
16508
16507
16511
16957
16530
16532
16508
16510
16508
16520
16519
16511
16555
16908
16532
16557
17344
16513
16514
16520
16519
16523
16516
16524
17460
16517
16518
16550
17459
16522
17343
17347
16557
16556
16525
17324
16527
16988
16903
16897
16906
16903
16906
17310
17313
16967
16555
16563
16536
16534
16546
16927
16647
16682
16557
16683
16538
16557
16538
16904
16544
16540
16667
16541
16687
16542
16684
16646
16682
16546
16667
16683
16647
16665
16645
16549
16552
16901
16913
16550
16647
16682
16667
16554
16665
17361
16967
17459
17460
16559
16562
16967
16560
16563
16566
16565
16592
16904
16584
16670
16668
16670
58332
62530
16569
16574
16588
16695
16573
16593
16630
16575
16585
16661
16582
17365
16589
16654
16580
16583
16654
16586
16695
16614
16671
57599
62043
62049
16587
16661
16584
16614
16588
16586
16589
16607
16654
16655
16603
16615
17365
16608
16613
16661
16604
16603
16655
16599
16623
16600
16607
16616
16624
16600
17489
16612
16602
16623
16604
16624
16695
16616
62522
62694
62745
16612
16610
16653
16612
16625
16611
16626
16744
16630
16653
16655
62519
62562
16625
16624
16627
16631
17489
16630
16641
16723
16732
16634
16756
16910
16642
16657
16639
16722
16729
16639
16642
16643
16721
16644
16771
16721
16736
16721
16756
16729
16754
16927
16714
16963
16693
16659
16662
58339
62677
16651
16662
16692
16696
16705
62709
62728
16676
16694
16660
16681
17361
16660
16672
16672
16692
16693
16907
57872
57896
57897
58349
58421
16673
16675
16677
58306
58308
16732
16677
16744
16694
58333
58351
16681
16693
17361
58305
58307
58317
16927
16685
16687
16730
16963
16687
16748
17326
16734
16689
16697
16836
16691
16703
16909
16697
16719
16704
16740
58361
16701
16720
16739
16701
16735
16813
16718
16703
16798
16817
16818
16718
16836
16737
16741
16819
16925
58406
16716
16737
16807
16814
16816
16814
16816
16817
16720
16738
16743
62523
62665
62704
16715
16732
16719
16716
16736
16738
16755
58344
58358
58376
16735
16963
16746
16724
16726
16756
16910
16736
16726
16751
16753
16727
16747
16815
16731
16734
16920
16836
16748
16819
16755
16836
16909
16920
16812
16838
58342
62757
62798
16746
16747
16815
16910
16752
16791
16807
16759
16751
16779
16789
16766
16796
16813
16768
16815
62803
62848
16767
16769
16799
16772
19848
19855
19857
16766
16769
16774
16791
16779
16791
16770
16774
19853
21960
21967
16795
16793
19827
19850
19860
16784
19839
19843
19876
61266
62773
16802
16803
58374
58418
58419
16832
19818
16821
16839
19816
19855
19846
21850
21861
21883
21894
16797
16802
16799
58105
16795
19837
21971
22008
16812
16804
16838
19837
19848
19851
58402
58495
16806
16812
16806
16839
16805
16810
16839
19835
16827
16809
16810
16830
58211
58219
16818
16909
16823
16830
16823
16824
16830
19823
19832
16856
19818
19840
19912
19917
19230
19340
19409
19415
16909
16920
16857
16869
16911
16841
16871
19803
19817
19923
16834
16868
16869
16835
16881
16984
16918
16840
19821
19822
19823
19832
19797
19800
18567
18569
18667
18878
19746
19813
19893
19894
16853
16858
16916
19790
19794
19796
16849
16858
16853
16868
16850
16851
16861
16850
16893
16983
16862
16965
22607
22618
16855
16872
16983
18824
19315
16916
16911
19780
19802
16860
16861
16862
16883
16983
16863
16928
16864
16883
16886
17010
16866
16915
17010
16867
16874
16875
16982
16881
16994
16926
16885
16964
19775
19780
16876
16915
16928
17010
16879
16886
16889
16880
16886
17010
16880
16887
17316
16917
16883
16884
16985
16981
16886
16966
16923
16991
16888
16924
16894
16958
16894
16966
16894
16966
17012
16892
62655
16971
17096
16916
16965
16959
16900
16921
17315
16924
16961
16988
16905
16961
17309
16902
16900
16901
16922
16902
16902
16958
16960
17309
17350
16922
17326
16917
16921
16984
17313
16926
17316
58345
58359
58401
16991
16965
16931
16938
16935
16949
17355
16946
17014
17288
16937
16941
17401
16943
17065
17288
17401
16942
17031
16940
17210
17401
16946
17288
16941
16948
17034
17031
17034
17154
17210
17321
17149
17421
17015
17028
16954
16968
17064
17151
16950
16953
16952
17287
17308
17308
17318
17001
17154
17016
17330
17344
16959
16961
17305
17308
17323
16995
16986
17314
16970
16987
17006
16985
17286
17066
17502
62657
16973
17006
18818
16975
17008
16976
17003
17004
18794
17004
18806
16981
17006
17316
16986
16987
17286
16985
16991
16995
17001
16990
16990
17004
17006
17017
19323
18793
18794
18806
18840
17312
19738
19741
20094
18834
19241
17025
18801
18804
18943
24472
24688
17002
18811
18820
18847
18819
18841
17005
18877
17008
17013
17008
17065
18789
17016
17065
17032
17307
18833
17037
18852
18734
18770
18788
18764
18772
18776
18880
17030
17036
17040
24602
24626
17026
18774
18790
17026
18763
18786
18803
18808
17040
18746
18802
17030
17033
18790
18816
17049
17051
17288
17033
17049
17041
17049
18786
17051
18815
18845
18787
18816
20124
17041
17043
17057
18786
18737
18802
17045
17079
17058
17059
17060
17056
17057
18756
17050
17052
17055
17060
17153
17054
17151
18687
18701
18766
17141
17153
17153
17058
17059
17074
18735
18736
18769
17073
18706
18781
62640
25146
25187
17075
17098
17071
17099
17158
17074
17077
18742
18754
18754
18774
18787
18880
18740
17080
17115
17135
17120
25372
25096
25197
24989
25021
25476
53500
53505
63505
17092
25462
25470
25477
18679
18686
18689
22067
22082
21021
21052
21086
21424
63636
25472
25495
18646
18653
19927
20108
21847
17502
18791
21827
21831
17101
17105
25138
17101
17102
17106
17103
17118
17104
17106
17106
17112
17108
17109
17132
17110
17111
17129
17134
17189
17112
17134
17116
17122
17135
17155
17117
17188
17124
17135
17134
17123
17156
17157
17147
17133
17188
17206
17156
17188
17126
17127
17183
17164
17169
17128
17201
17131
17184
17130
17132
17131
17187
17189
17184
17146
17203
17215
17139
17143
17146
17139
17142
17145
17149
17178
17421
17142
17147
17148
17151
17149
17159
17145
17148
17203
17146
17148
17155
17162
17153
17155
17203
17169
17215
18759
17162
17215
17165
18821
19785
17191
17196
17172
17172
17205
17177
17183
17197
17172
17196
17205
17172
17199
17174
17178
17289
17177
17177
17253
17321
17181
17182
17195
17202
17186
17201
17206
17189
17206
17186
17202
17194
17207
17192
17205
17192
17205
17240
17202
17208
17207
17204
17204
17215
17214
17245
17200
17222
17246
17224
17421
17223
17224
17225
17228
17230
17223
17227
17277
17224
17225
17217
17221
17229
17220
17219
17220
17237
17222
17241
17221
17226
17246
17240
17246
17229
17237
17277
17232
17233
17254
17257
17387
17235
17237
17238
17250
17256
17319
17238
17242
17241
17247
17386
17241
17242
17247
17244
17249
17252
17384
17254
17252
17319
17335
17338
17285
17256
17319
17319
17335
17261
17264
17273
17291
17340
17261
17275
17335
17272
17263
17264
17388
17265
17366
17273
17348
17392
17267
17269
17278
17291
17337
17269
17280
17276
17279
17271
17337
17276
17290
17327
17274
17348
17338
17337
17338
17384
17327
17359
17291
17340
17385
17283
17303
17290
17292
17327
17289
17312
17314
17317
17321
17298
17359
17317
17300
17296
17297
17328
17300
17325
17298
17304
17311
17302
17317
17304
17304
17310
17323
17318
17323
17356
17393
17359
19884
19962
20039
17460
17357
17329
17331
17332
17357
17347
17332
17334
17385
17334
17345
17358
17442
17384
17346
17348
17354
17342
17346
17354
17360
17363
17345
17360
17378
17379
17360
17363
17458
17354
17362
17402
17363
17368
17370
17405
17379
17385
17363
17374
17382
17444
17372
17392
17446
17368
17377
17383
17376
17391
17445
17372
17373
17398
17446
17441
17376
17404
17377
17391
17402
17446
17450
17440
17450
17381
17391
17402
17383
17395
17396
17390
17441
17390
17397
17450
17405
17397
17398
17403
17442
17436
17441
17400
17417
17454
17409
17453
17405
17414
17436
17440
17465
17408
17410
17412
17408
17415
17411
17416
17410
17452
17453
17412
17413
17422
17424
17416
17453
17416
17439
17465
17420
17435
17454
17452
17624
17423
17424
17455
17501
18902
19027
19077
17433
17430
17433
17432
17434
17480
17434
17570
17443
17465
17439
17490
17479
17624
17495
17445
17484
17451
17495
17458
17484
17495
17457
17480
63671
63674
63686
17469
17475
17473
17560
17473
17487
17571
17487
17500
17475
17476
17493
17494
17560
17494
17560
17564
17483
17493
17494
17488
17486
17487
17491
17566
17487
17492
17509
17498
17509
17492
17517
17496
17566
17509
17498
17505
17507
17507
17560
18976
17506
17516
17506
17517
17565
17514
17520
17536
17514
17519
17522
17569
17514
17536
17539
17531
17563
17565
17519
17530
17563
17523
17532
17536
17546
17531
17635
17526
17543
17574
17526
17542
17529
17529
17533
17539
17629
17635
17543
17563
17565
17534
17535
17538
17540
17541
17538
17542
17540
17547
17543
17546
17580
17547
17579
17545
17547
17580
17556
17582
17561
17577
17580
17616
17618
17555
17558
17581
17724
18552
18562
17577
17569
17577
17582
17623
62237
62247
17569
17640
17623
17635
17582
17623
17587
17608
17607
17621
17598
17590
17593
17591
17592
17612
17597
17611
17632
17610
17615
17622
17603
17631
17604
17621
17631
17615
17606
17619
17622
17609
17617
17616
17619
17622
17613
17636
17617
17633
17617
17635
17641
17622
17626
17627
17628
17630
17634
17641
17637
17639
17639
26446
26448
26527
17647
17649
25593
17800
26475
26492
26497
25541
25551
25645
25650
25651
26207
17648
17652
25587
25305
25586
17650
17652
26548
26547
17655
26546
17683
25538
26161
26195
18614
18631
17691
18603
17676
18603
25324
18611
25293
25324
17663
18607
25364
17700
17773
18578
26168
25321
25331
25350
25364
17774
18626
25257
25290
25291
25356
25605
25590
25668
25702
25644
25652
25653
25688
24249
26094
26218
25561
25562
25582
25729
24227
24245
26262
18011
26258
26248
26249
17673
18042
18039
18601
21130
26273
26274
26281
25289
25306
25329
25320
18044
26244
18602
17680
18039
17782
17688
17763
18602
17692
26508
26518
25300
30831
30843
26214
26215
26263
25600
25751
26345
22099
22112
17772
17778
17694
17779
18627
25217
25227
25322
25352
25294
26510
26541
17971
19059
17695
17698
17708
17696
17717
17697
17703
17701
17779
17928
18047
18627
17702
17711
17717
18637
25319
17703
17703
17922
17790
17705
17706
17713
17711
18097
18668
17708
17715
17726
17717
17713
17726
18588
17711
17717
17991
17714
17730
17831
18041
17991
18668
17768
18097
17971
18047
18586
26251
26274
17719
17721
17732
17734
18073
17721
17732
17740
17727
17748
17723
18559
18587
17724
18099
17734
18178
18214
18547
17971
17991
18099
18167
18586
19059
18665
18097
18167
18178
17734
18073
18571
18099
17736
18214
18411
18547
17737
18560
17738
17823
17739
17752
17783
17743
18665
17742
17743
17747
17979
17746
17751
17745
17823
18391
17746
17951
17747
17815
17752
18167
17751
17754
18403
17751
17754
17979
17823
17831
18041
17757
17822
17831
17757
17767
17771
18214
18401
18415
17760
17816
17987
18006
18373
17762
17951
17855
18373
26510
26542
17765
17777
18018
17786
17907
17767
17780
17828
17775
17806
17769
17822
17781
17797
17937
17787
17814
17952
18007
17797
17822
17901
25293
25310
18722
25234
17776
18022
17786
17907
17814
17818
18007
17934
17987
17922
18547
18665
17818
18018
17788
17801
17806
17821
17937
17898
22148
17922
17952
17804
17898
26488
25829
25850
26443
17794
17905
26435
17804
17809
17905
26390
26435
17952
26500
26519
26441
26490
17801
17808
17910
26485
26515
17802
18062
17907
17938
18035
26265
26272
26299
17808
17810
26483
26492
26515
17901
26360
26374
26378
17898
17810
17890
17958
17812
17836
17961
18287
17910
17959
26365
26513
17821
17951
18373
17820
17828
17819
17827
18287
26517
17836
17854
17825
18006
18377
26478
26491
26497
17826
17854
17896
18312
17894
17938
18022
17894
18022
17830
17851
17932
17839
17877
17834
17854
17965
17835
17897
20346
17836
17839
17883
17914
17838
17880
17932
18316
17839
17914
17841
17842
17848
17957
17844
17846
17859
17852
17895
20138
17844
17845
17856
17874
17847
17846
17883
18274
17858
18283
17862
17957
17850
17876
17863
17879
17882
17957
18748
17853
17880
17965
17877
18283
17896
18295
18006
18312
17899
18276
17859
17876
17859
20348
17865
18271
17863
17867
18286
17867
18276
17864
18313
17882
18201
17876
17868
17899
18276
17879
17892
17869
17924
17948
17912
17913
17924
17913
17936
18274
18275
20346
17875
18274
20348
17899
17936
17881
17954
17895
17914
17932
18316
20138
17957
17891
17884
18748
18283
20346
18186
17887
26396
26402
17891
17893
17906
18315
26394
26377
26399
26401
26407
17920
17925
26360
18275
18277
17903
17955
18276
17954
18275
17932
17965
17958
17959
17923
17960
17906
17905
18278
18315
26472
18315
26393
26370
26379
26484
18277
18278
17911
26375
26390
26410
26498
17961
18062
17912
17921
17949
17960
18278
26364
17949
17963
17964
17918
17921
26362
17919
17946
17935
26383
18003
26364
26395
17946
17949
17937
26486
17960
17963
17933
26375
26381
26384
17946
17947
17964
26544
17931
18001
17941
17945
17988
17943
26368
26363
26510
26541
17943
17947
17954
18287
26504
26508
26516
17948
17964
19150
17947
17964
17943
17947
26351
17968
18002
18197
17956
18197
19150
17963
18016
17981
17984
18395
17955
17986
18019
18286
18274
18063
18281
18275
17961
17986
17967
17968
18002
17975
18199
17980
17999
17980
17992
17993
17999
17972
17992
18061
17978
18026
18058
17974
17975
19051
17983
18376
18020
18071
19051
18008
18172
18374
17983
18296
18017
18376
17985
18065
18409
18194
17995
18374
18000
18197
18064
18199
18376
18020
18078
19064
17997
18061
18020
18094
19051
18286
18313
18375
17998
18017
18173
18001
19078
18000
18057
18177
18063
18296
26360
18021
18171
18175
26519
18017
18118
18015
18021
26253
18044
26252
26254
26259
26253
26257
18015
26257
26316
26400
26406
26449
18035
26252
26259
26299
18048
18281
18284
19057
18024
18028
18059
18172
18177
26251
26253
18048
18172
24094
24097
26240
26241
18030
18053
18071
18038
18046
18059
18046
18060
18798
62518
62734
18033
18056
18076
18046
18049
24096
24097
26241
26514
18620
24748
24759
24776
22117
26256
25307
18056
18589
19026
19067
18627
26465
26521
26304
24069
24070
18076
18077
18051
18080
18098
18066
18075
18098
18593
19029
18060
19057
18098
18593
19047
18076
19026
19045
26301
26353
18061
18077
19029
18177
18287
18171
18171
18199
18095
19064
18078
18095
18096
18102
18182
18592
18096
19076
19098
18182
19061
19098
18172
18091
18096
18106
19135
18080
18098
19053
19029
19057
19064
19024
18593
18094
18100
18423
18617
19061
18423
18617
18082
18083
18417
18087
18108
18084
18086
18196
19062
19183
18124
19183
19183
18093
18174
18121
18125
18169
18090
18109
18162
18116
18169
18118
19062
18124
18399
19183
18122
18368
19098
18104
18592
19152
18103
18592
19170
18103
19148
18119
19154
18196
19062
18173
18399
19062
18415
18557
18168
18399
18174
19141
19142
18110
18368
18112
19258
18141
18148
19209
18122
18145
18148
18114
18142
19458
18131
19454
18126
18134
19458
18129
19258
18141
18145
19182
18173
19148
18121
20527
18179
18420
19467
18128
18134
19182
18420
18138
18147
18129
19454
18134
19182
18129
19258
18146
18138
18147
18195
19423
20525
18141
19182
20488
18146
18147
18169
20489
18136
18155
20157
18154
18140
20157
20527
18139
18220
18165
18179
18165
19191
18144
18165
19458
20505
19258
19454
18149
19467
19454
20525
18151
18154
18156
18155
18212
18155
20157
18159
18160
18163
18163
18369
18166
20547
18213
18336
18225
20547
18161
20381
20381
20397
18169
18420
18166
18212
18218
18220
18333
18207
20397
20498
20513
18409
19075
19465
18182
18417
19141
19135
20527
20462
20484
18200
18369
19465
19076
18189
18190
18314
18187
18370
18378
18570
18188
18189
18249
18322
18188
18203
18204
18251
18272
18321
18324
18280
18285
18316
18218
18224
18333
18200
18570
18209
20462
20484
18417
18219
18313
20404
18296
18208
19075
18219
18249
18203
18219
20404
18209
18570
18219
18249
18251
18257
18210
18333
19078
18212
18378
20404
18216
18225
18225
20399
18369
18217
20399
18216
18227
18244
18291
20384
20454
20497
18370
18378
20498
18336
20261
20381
62673
18231
18269
20365
18251
18244
20383
20454
18291
20365
18229
18258
18272
18230
18269
18290
18231
18252
18233
18291
18338
18234
18238
18235
18237
18256
18237
18256
20385
18268
18292
18255
18349
20378
18245
18246
18250
18268
18292
18293
18247
20380
20347
20771
20351
20354
18252
18253
18254
18270
18290
18270
20771
18352
18338
20385
18314
20365
18261
18266
20393
18268
18334
20389
18302
20299
18273
18294
20370
18264
18267
18302
20393
18265
18266
18322
18302
18324
18271
18285
18300
20287
18314
18289
20393
18314
18300
18302
18311
18315
26395
18280
18309
18316
18282
18300
19150
18288
18311
18309
18339
18341
20287
20304
20299
20389
18332
18349
18304
18335
18311
18334
18341
18297
18298
18301
18339
18320
18334
18335
18319
18387
18320
18335
18337
18306
18307
18332
18323
18326
18327
18387
18328
18308
18335
18326
26494
18319
18323
18325
18325
18380
18380
18341
18322
18324
18353
18360
18385
18337
18353
18392
18343
18364
18360
18384
18388
18357
18358
18545
18343
20547
20480
20497
18387
20385
18357
18371
18392
20286
18364
20401
18347
20368
18347
20297
20401
20351
20354
20262
18350
18390
20401
18410
18425
18361
18405
20360
20352
18360
18383
18355
18356
18361
18363
18367
18554
20360
18405
18425
20360
18362
18365
20097
18382
18408
20226
18438
18390
18367
20097
18439
20097
20243
18438
18383
18405
18384
18388
18432
20404
18391
18393
18381
18398
18404
20523
18385
18388
20177
20472
18384
20472
18406
18555
20172
18404
18394
18397
18398
18398
20523
18397
18560
18396
20242
20523
18397
19926
18402
18401
18416
18453
18558
20170
18427
18560
18665
20242
20472
19953
18432
20172
20242
20177
20254
18560
20170
18424
18558
18561
18418
18422
18427
19926
18544
18553
18561
18558
19135
18422
18427
20170
19076
18426
18462
18424
18561
19144
18548
18553
20244
18557
18635
18430
19926
20183
18441
18460
18466
20182
20256
18555
20247
18468
20514
20177
18434
18449
18435
18442
20514
20181
18440
18546
19449
19913
18438
20243
18448
18461
20174
20171
18451
20173
20182
20256
18447
18467
19446
20171
20182
20184
18447
20143
19192
20150
20243
18468
18548
18463
18585
20141
20181
18460
19445
18471
18496
18553
18561
18455
18473
20156
18469
18471
18457
18472
18501
18458
18459
18513
18472
19203
18512
18514
18467
20097
20258
18468
18548
18496
18469
18471
20176
18543
20141
18467
20184
20247
18556
18869
18472
18473
18497
18497
20132
18475
18480
18476
18866
18477
18478
18865
18866
19226
18479
18855
18493
18492
18503
18482
18493
18859
18483
20116
19196
20114
18526
18869
20156
18486
18490
18494
18487
18504
18490
18503
18492
18526
18493
19120
20132
18866
20152
18860
18499
19184
18526
19745
18501
18503
18526
20156
19248
19787
18556
18869
19440
19745
20080
18556
18568
20133
19787
20152
18506
18508
18527
18524
18682
18542
19742
19207
18510
20118
20113
20517
18514
18663
18513
18537
18541
18515
18535
20080
18542
18518
18531
19250
18518
18520
18879
18522
19224
18520
19236
18870
19224
19224
19248
19787
18881
19250
18575
18693
19153
18660
18868
18866
20152
18528
18654
18567
18583
18530
19131
19207
19742
19248
19248
18540
18566
18535
18661
18537
18635
18661
18540
18540
18566
18661
18549
19158
20142
18541
18660
19203
18544
18663
20244
20496
18552
19446
20176
18552
18562
19158
18571
19953
20183
18562
18572
19130
18564
18629
18664
18666
18584
19181
20142
18682
19446
20176
18664
19158
18576
18629
18583
18666
18667
18634
18666
18658
18628
18636
19181
18596
18634
25282
25293
25307
25318
18582
18590
18598
18582
19059
18595
18597
18654
18599
18638
19445
18636
19050
24096
26238
18599
18616
18616
18651
18652
19061
19024
24753
24762
24769
19044
18720
18662
18666
18600
18616
18613
18648
25298
25307
18609
18624
25276
25287
25305
25325
18650
62670
25287
25325
25334
25289
25301
25327
18630
25274
18630
18651
25316
18613
25298
25297
25255
25263
25264
25253
25265
19060
25218
25220
25362
18648
25262
25278
24695
24788
25250
25253
25280
25407
26171
18641
18651
18652
25183
25229
25249
25270
18629
18656
19130
18640
25258
25260
25263
18675
18720
18720
19042
18675
25290
25361
26168
18653
18719
18641
18647
18643
18644
18719
18647
18645
18653
18674
18676
18674
18675
19042
18652
18672
25233
62680
25262
18655
18658
19744
18659
20147
18669
19153
19144
18667
19130
18871
20147
24896
25161
25232
25235
20147
18678
18688
19744
18679
18689
18881
19744
20732
18878
18705
18872
18694
18718
18768
18779
18698
18691
18692
18785
18694
19131
19185
18701
18755
24608
24675
24587
24612
18698
18873
19744
18706
25235
25270
18725
25164
25236
18767
62518
62734
24656
24662
24880
24787
24791
24812
18731
24612
24632
18710
18731
18779
24658
24659
18765
24655
24658
24745
18716
18721
18732
18721
18725
18732
18765
18730
18765
20732
25165
25177
25209
25247
25371
25380
24801
24888
24906
25161
25156
25157
25185
25207
25150
25157
25166
25170
25136
18735
18743
18734
18766
18782
18761
20309
18741
18782
19899
18743
20274
24614
24881
24899
18741
18754
18742
18745
18769
20309
26320
26328
26342
25793
26426
26427
25763
25868
26457
26522
26531
26538
25825
25832
25837
25911
24677
20274
18756
24607
24616
18758
25140
25594
25595
25601
25631
18769
24664
24665
18774
18770
18768
18779
19899
18782
18787
20124
18775
18781
18816
18800
20124
18787
19763
18785
25316
25317
25318
18781
18783
18784
18784
18801
18804
19763
18792
18803
18810
18798
18799
18876
18807
18876
18877
18797
18840
18877
18810
18877
18810
18808
18843
18803
18804
18805
19125
18839
18827
18839
18812
19186
18813
18833
18827
18827
18836
18843
18818
18819
18831
19315
18863
19186
18823
18835
18823
18824
18837
19784
18837
18863
18826
18850
19323
18847
18829
19788
18830
19782
20191
19315
18838
19241
18835
18849
18849
18841
18847
22495
24527
18850
19132
24625
24587
24595
24611
19186
18862
18867
19123
19125
19132
18854
18858
19759
19762
18859
18860
18861
18864
19275
19759
19762
18861
18862
18864
19777
18859
18860
19759
19323
19315
18865
18867
19132
19207
18875
19236
19221
20349
18879
18881
18875
18879
19125
20142
18883
18885
18938
18884
19101
18889
18913
18914
18913
18998
19081
18888
18890
19442
18889
19084
19254
18916
18911
18977
19084
18892
18906
18908
19266
18897
18947
18894
18904
19102
18897
18996
18913
18998
18899
18905
18909
19281
18906
19022
19267
24684
24729
18908
24708
18912
18981
19261
19116
19134
24466
24549
18905
18909
18910
18906
18910
19097
18998
18977
19097
19139
19041
19288
18965
18915
18925
18940
18965
19254
19255
19290
18939
18940
19425
18920
19425
18937
19255
19290
18937
19268
22455
22582
22893
22898
22918
18927
18942
19283
22423
22450
22926
22974
19280
22817
23067
23068
23069
22574
22592
22895
22565
22931
22897
22900
24461
18931
18936
22915
22929
18932
24468
18935
18957
19297
24584
18939
18967
22592
19303
22915
18949
19251
18940
19101
19256
18942
19280
18944
18965
19081
19425
24465
24486
18956
19297
18978
19286
18956
18959
18979
19288
18959
19261
18950
22915
22930
18957
18967
22933
22937
24206
22375
22408
22468
23463
18972
22934
18963
18969
24702
19303
24517
24571
24717
18978
18963
24470
24688
18963
18969
24460
19239
22492
24463
24559
22544
22549
22562
24131
24133
19280
24461
18969
24467
24498
24475
24134
24145
18973
24515
19286
24136
24140
22396
24514
22945
22953
23032
18978
24143
18980
19097
24149
18995
19012
19041
18999
24130
18993
18995
22413
22415
24447
23477
24432
24435
24164
24167
24328
24384
24159
24168
24177
24200
19267
24686
24729
24684
24708
24709
24123
24210
24300
24339
24352
24353
19048
24698
19048
24121
24122
18997
19009
19021
19266
19410
22942
22947
24183
24190
24192
24397
24197
24207
19005
19015
19016
24034
24108
19008
19020
19034
24090
24092
24111
24777
19008
19165
19015
19090
19065
19035
19065
19021
24309
24316
24691
19025
19165
24091
19034
24109
24230
24087
24105
26233
24282
24290
24310
24689
19165
24090
19074
24691
19056
19165
19091
19039
19050
24092
24101
24111
24242
19031
19065
19032
19094
19033
19035
19040
19036
19055
19036
19043
19056
24747
24766
24114
24120
24129
19045
19049
19094
19046
19059
19046
19054
19054
19058
19058
19063
24301
24359
19058
19063
19055
19058
19063
19151
19147
19068
19080
19094
19079
19146
19159
19070
19071
19143
19145
19149
19072
19073
19087
19096
19143
19127
19167
19116
19465
19094
19147
19095
24590
24591
24619
19185
19250
19281
24613
24637
24720
19128
19166
19424
19088
19127
19099
19166
24098
24110
24088
19145
19151
19159
19157
19166
19261
19288
19128
19166
19201
19100
19105
19157
19104
19127
19290
19138
19111
19115
19197
19245
19110
19108
19113
19160
19122
19198
19109
19156
19112
19197
19245
19114
19198
20486
19139
19240
19274
19117
19124
19247
19197
19211
19197
19198
19245
19121
19202
19231
20116
19243
19448
19200
19233
19236
19244
19448
19195
19200
19202
19129
19136
19164
19250
19226
19168
19264
19146
19142
19510
19148
19148
19146
19159
19152
19170
19151
19154
19167
19170
19152
19185
19162
19212
19160
19212
19169
19173
19163
19467
19510
19164
19172
19209
19167
19243
19448
19172
19173
19421
20486
19173
19263
19178
19190
20120
19176
19179
19189
20488
19191
19447
19178
19179
19444
19193
19246
19447
19219
19252
20120
19203
19215
19217
19220
19260
19220
19420
19453
19457
19421
19447
19209
19446
20163
19444
19273
20486
19233
19316
20116
20118
19211
19206
19213
19214
19211
19244
19240
19208
19244
19468
19472
19508
19208
19316
19441
19309
19231
19263
19263
19421
19447
19216
19412
19216
19411
19441
19419
19218
19765
19232
19253
19421
20486
19223
19230
19765
19227
19766
19232
19765
19232
19234
19766
19271
19765
19407
19329
19431
19273
19237
19779
19237
19766
19238
19278
19272
19779
22584
24536
19782
19243
19257
19276
19259
19463
20120
19274
19448
19276
19431
19779
19308
19311
19273
19503
19329
19431
19425
19276
19329
19441
19270
19311
24686
24693
24724
19288
24692
19269
19312
19308
19317
19276
19779
19407
19308
19311
19777
20191
19282
19294
19317
19282
24494
24706
24726
19291
22574
24488
24557
24558
24196
24328
24343
24384
22887
22913
24321
24345
24434
19292
19306
19294
19320
22579
19320
22907
22923
22927
19312
19317
22593
22635
22643
22912
22593
22566
22576
22610
22650
22891
22898
22918
19443
27247
20117
19306
19321
19314
19313
19321
19326
19316
24531
19407
19319
19321
19412
19324
19326
19766
19418
19324
19400
19781
19327
19328
19387
20117
19327
19418
19415
19340
19400
19331
19400
20117
22617
19418
24534
19335
19810
19338
19404
19404
19406
19344
19352
19341
19408
22521
22528
24529
19405
19753
19343
19350
19344
19345
19347
19350
19348
19351
19357
19349
20107
19404
19406
19351
19371
19810
19380
19408
19921
19355
19693
19703
19356
19694
19704
19370
22002
19394
20107
19368
19406
19413
19360
19385
19692
19687
19703
19385
19422
19692
19369
19692
19842
19364
19367
19722
19368
19368
19402
19406
19367
19375
19380
19378
19413
19842
19384
19402
22002
19394
19704
19404
19383
19390
19374
19375
19376
19377
19392
19921
19377
19378
19396
19722
19381
19504
19413
19382
19422
19698
19504
19695
19725
19692
19694
19698
19701
19722
19810
19396
19546
20521
19434
20515
19544
19895
20521
19393
19395
19420
19393
19417
19398
19621
19403
19753
19401
19403
19723
19414
19435
19505
19409
20107
19921
19810
19415
19753
19443
19414
19416
19456
19441
20515
19419
19505
19471
19505
19453
20462
20493
19427
19428
20520
19429
19438
19429
19430
19461
19459
19434
19479
19438
20115
19434
19951
20516
19459
19471
19444
19470
19474
19456
20115
19470
19471
19546
20516
20517
62577
19457
20181
20245
19451
19466
19473
19452
19462
19460
19464
19511
19460
19462
19474
20489
19474
19480
20520
20522
20115
19468
19474
19469
19511
20144
19508
20105
20489
20144
19481
19509
19549
19549
20520
20522
19478
19556
20543
19482
20106
19480
19502
19481
19498
20160
19499
20178
20519
19489
20160
20519
19489
20160
19486
19557
19588
19487
19492
19494
19488
19495
19489
19561
19492
19556
20543
20574
19513
20543
20549
19496
19548
19814
19495
19542
19531
20524
19557
20058
19500
19560
19569
19949
19502
20058
20506
19501
19561
19502
19507
19951
20120
19507
20516
19515
19951
19511
20105
20160
20178
19555
19558
20208
20067
19518
19519
19531
20524
19949
19562
19814
20091
19540
20524
19535
19560
19535
19543
19521
19605
19525
19640
19556
20208
20573
19524
19630
19640
19532
19708
19967
19533
19534
19591
19529
19534
19538
19591
19634
19707
19545
19605
20597
19539
19605
20575
19569
19637
19610
19640
19570
19563
20597
19537
19539
19567
19540
19539
19624
19568
19542
19628
19562
19563
20575
20597
19631
19545
19546
19570
20140
20549
19707
20140
19551
19552
19559
19565
19554
19558
19553
19587
20572
19557
20610
19557
20058
20506
19559
19573
20907
19569
19707
19727
19634
19644
21955
20610
19567
19628
19721
19568
19574
21261
19605
19572
19596
20572
19587
20568
19587
20563
19721
20569
19576
19596
20572
19590
19593
19578
19601
20589
19582
19593
19580
19581
19706
20581
19596
20567
20579
20589
19583
19948
19584
19604
20022
19585
21846
19592
19609
19590
19593
19604
20912
19631
20610
20566
20572
20566
20569
19623
19604
20569
21261
19595
19623
19624
19597
19609
19706
19965
21846
19599
19601
19948
19617
19626
20599
19622
19626
19618
19606
19622
19606
20022
21846
19619
19629
19635
19975
19625
19641
19624
21261
19611
19620
19616
19623
19613
19614
19615
19627
19635
19965
19620
19627
19629
19948
20580
20589
19630
19722
19629
19630
19713
19967
19631
19633
19710
19637
19639
19967
19649
19711
19643
19708
19713
19718
19643
19652
19711
19648
19988
19649
19712
19682
19711
19652
19711
19649
19678
19690
19652
19714
19657
19671
19676
19675
19676
19699
19657
19660
19669
19673
19685
19677
58401
58419
58424
19670
19669
19670
19685
19866
19675
19714
19667
19673
19667
19690
19866
19717
62573
19691
58514
58518
19691
19716
19684
19682
19702
61260
61337
62822
19681
19684
19687
19684
19686
19896
19687
19703
19702
19896
19703
19814
20128
19697
19705
19705
19841
20575
21955
19718
19719
19866
19720
19733
20566
20903
19921
24539
24542
20521
19895
20091
20907
20091
20907
19730
19783
20121
20123
19757
20084
20086
19740
19844
19748
19761
19905
20082
19841
19988
19735
19898
19808
19893
19894
19737
19740
19772
19739
19769
19739
19801
20123
19746
19801
19752
19931
19751
20089
19795
19815
19757
19761
19905
19844
20083
20087
19760
20127
19807
19811
20090
19760
20109
20129
19756
19758
19767
19762
20127
19776
19922
63756
63817
19783
20127
19776
20191
19770
19771
19772
19773
19778
19774
19776
19778
19781
19780
19785
19802
63832
63949
19796
19806
19925
19791
19797
19800
19794
19833
19798
19801
19803
19794
19823
19809
20089
19925
19799
19800
19833
19801
19923
19805
19806
19910
20083
19822
19823
20082
19844
20083
20094
19912
20082
20087
19832
19845
19822
19833
19820
19820
19834
19840
19834
19845
19839
19843
19845
19826
19916
19828
19875
21965
19828
19857
19831
19830
19831
19904
19883
19914
19875
19843
19839
19838
19850
19838
19848
19916
19847
21960
19909
19914
19857
21967
19903
19861
19876
58388
58429
61249
61268
19861
61183
61189
19880
21963
21965
19863
19880
21999
19864
21956
19870
19872
21963
19904
21963
61254
61262
61308
19870
19881
21957
19871
19879
19972
19873
21959
19874
19877
19972
20074
19878
21959
19885
19996
19881
19902
19903
21964
19892
19907
19901
21950
19908
19973
19886
19929
21951
19996
19888
19889
20040
19891
21868
21954
19892
19963
19968
19971
19968
19902
20094
19901
19986
19999
19915
21847
19914
20074
21980
19911
19915
19918
19968
19995
19996
19919
19986
19912
19917
19953
19919
21965
19963
20039
19986
19999
20084
20089
19950
20073
20915
19928
19979
19969
20101
19999
19938
19946
19966
19936
19983
19939
19946
20108
20028
20048
21869
21845
21862
19942
20036
21869
20073
19982
19995
19945
20035
20072
19980
20072
21837
19942
19943
20009
20041
19944
19981
19983
19970
20071
20033
19979
20035
21837
20022
20907
19952
19954
19985
20085
20073
20098
19956
19958
19971
19959
21843
19993
21891
19963
20039
19961
21954
19971
19966
19978
19995
20030
21954
19977
20044
19978
20074
20039
19976
20033
19977
19998
21891
20101
20915
20085
21862
19987
20009
20108
21847
20040
21935
21961
20075
19994
20044
19990
20002
20010
19992
20019
19992
21268
21819
21863
21934
20002
20010
20010
20044
21820
20044
21934
21951
20001
20011
20012
20590
20005
20018
20003
20006
20004
20590
20005
21836
20021
20900
20009
21836
20009
21836
20586
21820
20928
20019
20920
20267
20015
20045
20554
20904
20023
20553
20017
20020
20909
20018
20021
20928
20590
20024
20042
20918
20918
20034
20047
20025
20554
20026
20032
20918
20904
20028
20066
20553
20901
20906
20041
20906
20033
20051
20901
21845
20900
20071
20066
20077
20552
20108
20038
21840
21937
21869
20043
20909
20096
20892
20076
20096
20052
20077
20076
20077
20901
21862
20051
20145
21845
20052
20159
20552
20066
20552
20069
20550
20055
20154
20211
20055
20151
20490
20190
20151
20164
20248
20064
20164
20550
20519
20060
20103
20192
20062
20102
20062
20079
20134
20070
20095
20154
20065
20153
20193
20079
20162
20531
20543
20154
20194
20159
20193
20079
20103
20149
20188
20092
20149
20193
26531
26538
26543
20088
20109
21837
20088
20092
20093
20121
20109
20102
20125
20554
20149
21847
20102
20148
20146
20104
20110
20192
20505
20140
20178
20549
22002
20146
20149
20112
20131
20517
20131
20129
24490
24711
24763
20131
24565
24585
24586
20148
20156
20163
20135
20136
20162
20137
20155
20150
20163
20143
20155
20150
20159
20192
20542
20164
20500
20162
20508
20163
20194
25505
25510
25567
20167
20199
20234
20169
20196
20169
20203
20195
20245
20496
20177
20243
20200
20179
20246
20237
20490
20512
20496
20241
20186
20188
20187
20202
20204
20205
20910
20202
20204
20910
20211
20889
20196
20216
20197
20198
20214
20199
20921
20201
20209
20233
20494
20206
20921
20500
20213
20499
20891
20206
20207
20235
20910
20211
20500
20506
20234
20235
20541
20887
20235
20217
20301
20233
20236
20223
20280
20280
20859
20921
20239
20220
20270
20785
20270
20862
20864
20221
20222
20253
20270
20276
20223
20229
20301
20225
20254
20226
20227
20470
20258
20495
20238
20260
20253
20238
20252
20284
20232
20239
20271
20252
20246
20499
20576
20889
20257
20251
20499
20250
20257
20271
20494
20542
20908
20256
20494
20495
20490
20576
20889
20263
20255
20355
20260
20264
20355
20457
20461
20480
20264
20305
20276
20441
20469
20355
20266
20307
20742
20379
27136
27157
20302
20307
20279
20282
20860
20860
20281
20285
20466
20275
20282
20283
20298
20769
20279
20278
20779
20862
20282
20283
20291
20301
20298
20302
20291
20290
20441
20469
20296
20752
20389
20294
20298
20769
20769
20315
20752
25007
25213
20294
20303
20741
20302
20310
20339
20466
20352
20752
20370
20303
20308
20741
20777
20337
20777
20358
20368
20409
20336
20742
20342
20356
20316
20768
20312
20359
20664
20324
20338
20545
20362
20741
20319
20326
20328
20316
20338
20373
20768
20446
20766
20336
20337
20318
20446
20746
20765
20327
20329
20774
20325
20331
20363
20329
20331
20345
20367
20507
20345
20359
20825
20332
20343
20361
20833
20345
20665
20328
20429
20420
20432
20357
62963
62985
63055
20350
20825
20338
20744
20334
20507
20341
20373
20338
20344
20373
20742
20416
20746
20341
20353
20742
20777
20361
20463
20767
20369
20372
20364
20353
20357
20416
20377
20409
20740
20774
20378
20741
20414
20769
20367
20825
20744
20767
20433
20468
20371
20389
20387
20545
20433
20518
20383
20396
20518
20464
20468
20399
20402
20410
20419
20384
20398
20419
20413
20433
20518
20412
20433
20392
20403
20391
20400
20392
20421
20479
20402
20492
20396
20410
20413
20460
20419
20461
20518
20454
20405
20411
20455
20412
20414
20545
20410
20407
20435
20422
20459
20477
20492
20468
20480
20492
20479
20432
20664
20802
20418
20421
20430
20453
20455
20661
20436
20445
20883
20453
20883
20426
20427
20738
20426
20657
20691
20705
20430
20434
20659
20739
20635
20659
20705
20738
20665
20738
20436
20477
20487
20473
25436
62587
20439
20442
20501
20475
20481
20482
20474
20471
20481
20483
20910
20447
21248
21249
20643
20872
62332
20526
20534
20534
20536
21248
20474
20481
20532
20535
20536
20641
20497
20459
20485
20487
20458
20459
20492
20476
20525
20665
20672
20466
20482
20491
20473
20475
20487
20532
20761
20495
20474
20546
20528
20485
20478
20485
20672
20485
20544
20498
20513
20493
20501
20551
20505
20509
20509
20544
20537
20539
20768
20511
20512
20539
20544
20512
20548
20529
20537
20539
20533
20641
20888
20533
20537
20574
20647
20644
20647
20642
20671
20546
20548
20859
20881
20546
20632
20645
20904
20906
20584
20587
20936
20558
20562
20645
20564
20585
20851
20571
20637
20564
20585
20587
20919
20562
20563
20912
20571
20632
20633
20667
20636
20573
20633
20667
20568
20577
20570
20912
20571
20577
20888
20888
20608
20579
20582
20581
20584
20599
20583
20584
20598
20588
20850
20612
20902
21842
21864
20666
20850
20598
20601
20594
20601
20611
20593
20596
20631
21281
21262
20595
20609
20600
20615
20611
21244
20616
20603
20679
20929
20631
20614
20919
20605
20615
21181
20607
20689
20848
20619
20803
20852
20619
20688
20936
20611
20930
21269
20613
20614
20851
20690
20852
20852
20689
20930
20620
20677
20690
20620
20646
21245
20649
20680
20629
20630
20622
20684
20805
20625
20688
20624
20625
20692
20699
20854
20682
21247
20690
20851
20628
63663
63724
63662
63664
63672
20690
20803
20639
20646
20633
20640
20637
20897
20639
20642
20698
20695
20811
20642
20695
21249
21248
21249
20648
20819
20651
20811
20854
21247
20652
20674
20675
20657
20670
20654
20678
20800
22652
62950
63386
63677
20655
21182
20656
20755
20750
20754
20660
20739
20754
20774
20661
20697
20663
20668
20705
20738
29357
30419
20697
21182
20825
20767
20936
20670
20800
20671
20698
20674
20819
20675
20696
20696
20678
20694
20739
20754
21182
20695
20701
20680
20689
20852
20683
20764
20692
20703
20706
20685
20686
21175
20805
20693
21177
20703
21150
21239
20848
21247
20698
20811
20763
20874
21175
21181
20706
21073
20700
20789
20739
20700
20789
21245
20819
20755
21073
21073
20805
20706
20710
20822
20711
20804
20709
20736
20755
20735
20758
20804
20724
21165
21185
20713
20715
20727
20714
20724
20820
20716
20830
21139
20726
20730
20719
22022
20748
21050
21129
20730
20748
20721
20727
20728
20722
20723
20731
20725
20726
20727
20731
20731
21203
20836
20729
20836
20745
20824
21203
21185
20743
20747
20828
20830
20836
20750
21127
20750
21124
21127
21507
20753
21124
20745
21127
20802
20818
20839
20824
20753
62580
62582
63588
20754
20759
21149
21507
20765
20817
21149
20836
21165
20830
20799
20830
21139
21149
21507
20789
21150
21239
20772
20806
20872
20778
20782
20784
20872
20781
20809
21133
20786
20872
20802
21507
20786
20806
20790
63682
63724
20799
20801
21151
20786
20791
20808
20790
20806
20816
20866
20788
20807
20866
20873
20790
20807
20857
20858
20793
20795
20834
20794
20798
21037
20814
20815
20846
21148
20797
20813
20846
20839
20869
20815
20838
21149
21182
20817
21133
20854
21155
20878
21133
20869
20821
20828
20839
20829
20835
20814
20855
20868
20846
20832
21042
20829
20857
20871
21151
21505
21505
20846
21148
21073
20829
20855
20857
20868
21132
20827
20831
21148
22022
21050
21129
20835
20855
21037
21040
21161
21042
20840
20841
20843
20873
21026
20856
20871
20879
20845
20870
20898
21034
21040
21175
20919
21245
20869
21133
20884
20862
20865
20867
20882
20923
20925
20871
20878
20882
20896
20869
20873
20923
20925
21239
21048
21295
21297
20924
20951
20880
20882
20898
20951
20886
20932
20884
20896
20893
20894
20887
20896
20932
21241
20893
20909
20911
20892
20911
20914
20895
20914
20913
21017
20899
20925
21836
21839
20909
20914
20944
21837
20934
20949
20926
20944
20929
21838
20949
21029
20931
21246
20943
20944
20935
21822
21033
20939
20941
20980
20939
21033
20972
20941
21835
21170
21817
20960
21822
21838
21017
20946
20973
21004
21206
20995
21029
20961
20972
21036
21035
20995
21088
21206
21045
20953
21791
20999
20955
20970
21791
20964
20968
20961
20968
21615
20984
21797
21814
20967
20979
21006
20967
21793
21797
20966
20979
20983
21317
21782
20964
20975
21791
20965
20977
20968
20971
20968
20969
20982
21296
20970
20979
21792
20999
20973
21002
21243
21615
20978
20987
20975
20976
20993
20977
20985
21005
21615
21030
21243
21817
20995
21029
21817
21792
21797
21662
21664
21783
20999
20993
21663
20988
20989
21002
21023
20993
21799
20990
21075
21778
21014
21001
21031
21013
21031
21299
21640
21031
21075
21299
21027
21063
21285
21003
21031
21834
21885
21792
21016
21612
21638
21005
21032
21060
21223
21023
21039
21324
21036
21296
21825
21008
21060
21066
21009
21013
21058
21010
21064
21012
21299
21012
21064
21081
21211
21060
21081
21299
21548
21778
21799
21629
21640
21788
21025
21048
21020
21034
21199
21021
21056
21086
21024
21025
21324
21063
21223
21049
21083
21062
21297
21030
21206
21812
21035
21061
21170
21818
21056
21835
21062
21060
21223
21424
21049
21206
21044
21050
21057
21044
21085
21161
21199
21295
21047
21147
21169
21053
21513
21049
21088
21057
21169
21513
22026
21085
21086
21166
21082
21168
22026
21083
21064
21068
21063
21324
21065
21082
22026
21082
21084
21104
21082
22021
21079
21084
21071
21395
21554
21204
21540
21100
21078
21517
21544
21395
21397
21603
21614
21100
21606
21080
21537
21100
21542
21502
21517
21613
21208
22021
21199
21204
21606
21295
21092
21095
21135
21092
21093
21121
21142
21095
21116
21146
21108
21517
21097
21543
21123
21543
21098
21099
21543
21105
21502
21105
21106
21115
21135
21543
21115
21134
21516
21107
21141
21115
21510
21208
21431
21520
21110
21207
21435
21111
21197
21518
21519
21114
21144
21134
21207
21501
21516
21519
21126
21137
21431
21542
21119
21126
21163
21179
21126
21128
21153
21146
21508
21131
21166
22022
21157
21157
22025
21512
21145
21153
21237
21159
21512
21140
21145
21154
21151
21505
21143
21180
21168
21166
21156
21164
21167
21163
21179
21237
21168
21153
21171
21160
21179
21202
21185
21180
21508
21208
21542
21162
21391
21180
21195
21200
21171
21174
21171
21513
21176
21178
21391
21178
21209
21389
21195
21205
21235
21250
21246
21184
21233
21227
21389
21227
21258
21389
21188
21197
21506
21190
21200
21253
21198
21518
21192
21410
21504
21193
21409
21434
21201
21376
21890
23039
21434
21506
21518
21209
21253
21519
21212
21432
21434
21391
21508
21211
21532
22025
21233
21252
21326
21613
21213
21425
21214
21217
21444
21215
21427
21216
21217
21232
21432
21407
21425
21221
21260
21402
21427
21592
21852
21252
21225
21388
21285
21387
21388
21394
21304
21227
21228
21230
21429
21229
21236
21254
21235
21254
21252
21326
21390
21233
21251
21236
21258
21242
21254
21244
21382
21259
21255
21269
21251
21253
21391
21269
21292
21281
21382
21267
21387
21259
21263
21382
21592
21277
21266
21267
21270
21272
21276
21278
21811
21267
21270
21271
21282
21278
21382
21822
21276
21274
21275
21276
21278
21281
21811
21305
21809
21290
21810
21387
21302
21810
21305
21288
21293
21300
21301
21601
21303
21601
21339
21354
21340
21383
21400
21808
21301
21320
21601
21326
21394
21320
21322
21388
21427
21852
21308
21310
21325
21345
21309
21323
21325
21381
21343
21313
21329
21344
21319
21329
21670
21314
21332
21345
21329
31313
63844
21330
21339
21815
21834
21385
21665
21331
21346
21665
21333
21322
21323
21328
21329
21379
21670
21354
21422
21670
21359
21386
53916
21349
21350
53883
60599
60600
60672
21347
21350
21673
21341
21343
21340
21400
21383
21349
21343
21404
21693
21386
21354
21359
21648
53978
21404
21404
21777
60682
21683
53940
53967
53990
21665
54004
61061
61092
21357
53863
21364
21423
21668
53868
53885
21693
21777
53891
60652
60654
60656
21363
53884
60630
60720
53809
53822
53899
21403
53547
53578
21484
21497
53742
53776
53850
53856
53862
53942
21371
21399
21437
21406
21470
21371
21406
21408
21378
21445
21403
21405
21437
21576
21442
21446
53831
21376
21377
21396
21426
21447
21378
21399
21398
21442
21437
21442
21576
21386
21390
21392
21393
21428
21402
21422
21810
21398
21422
21396
21399
21613
21407
21613
21670
21421
21435
21469
21590
21445
21590
21438
21445
21428
21447
21413
21410
21426
21418
21546
21412
21416
21440
21415
21450
21430
21436
21416
21420
21471
21493
21416
21419
21467
21418
21471
21493
21546
21436
21420
21579
21556
21504
21546
22026
21444
21447
21438
21462
21517
21532
21470
21440
21604
21462
21449
21604
21446
21461
21592
21448
53759
21449
53752
21461
21483
53720
53723
53724
53755
21607
53725
53732
54218
54221
54250
54270
21456
21463
53729
21460
53721
53728
21458
53769
54169
53690
53777
53801
53729
53749
53827
21470
21538
21464
21466
21467
21468
21579
53728
21483
21483
21471
21556
21538
21474
21496
21522
21569
21524
21527
21486
21490
21550
21481
21527
21568
21477
21481
21571
21478
21528
21593
21559
21570
21503
21525
21536
21482
21487
21568
53733
21482
21577
53813
21547
53749
53755
53725
53728
53730
53732
21574
53725
21490
21503
21569
21574
53723
53724
21492
53722
21495
21509
21511
21499
21511
53754
53755
21510
21523
21500
21522
21556
21523
21542
21524
21529
21506
21510
21523
21535
21520
21521
21532
21556
21526
21544
21579
22020
21567
21530
21534
21567
21537
21577
21607
21570
21577
21569
21561
21570
21533
21545
21539
21557
21539
21550
21541
21561
21552
21606
21553
21549
21551
21619
21617
21623
21625
21555
21560
21560
21557
21621
21559
21561
21562
21575
21621
21563
21572
21588
21571
53635
53641
53656
54124
53637
53639
53645
53660
21570
53725
21593
21600
21608
53727
21596
21602
21668
21596
53633
53649
21581
21594
21682
21588
21599
21583
21595
53625
21599
53618
53625
53652
21586
21595
21667
53610
53623
53628
53833
21682
21594
21626
21660
21608
21611
21598
21622
21660
21600
53632
53638
53640
21602
21621
21660
53649
21605
21614
21616
21618
21682
21626
21632
21624
21682
21617
21799
21625
21623
53638
53813
54212
54253
21626
21631
21637
21659
21628
21632
21635
21637
21631
21662
21631
21637
21783
21638
21634
21669
21634
21635
21656
21661
21636
21637
21643
21816
21799
21779
21815
21781
21815
21834
21782
21816
53663
53768
53833
21646
21776
53938
53550
53644
54410
21655
21675
21702
21651
21678
21658
21671
53577
21653
21656
21684
21657
21671
21691
53547
53577
53580
21672
21674
21657
21679
21679
21669
21669
21679
21788
21791
21895
53917
53943
53951
21690
53881
53883
53916
21675
21687
21677
53551
53983
54018
54100
21680
53577
53578
21698
61456
61504
61581
53978
21694
21686
21688
21690
21704
21694
21695
21689
21695
21701
21695
21704
21718
21725
61548
21704
21697
21752
21898
21699
21706
21700
21800
53519
21700
21717
53517
21771
61457
61500
61581
53522
53554
21898
21773
53544
21715
21753
21713
21715
21720
21722
21711
53504
21723
21713
21723
21714
21773
53502
53515
53483
53510
53516
53544
61470
61505
61544
21721
21723
21722
21740
22076
53491
53506
61467
61471
54004
61077
53412
21729
21731
21770
21730
21732
21762
21733
21747
21758
21759
21733
21774
21754
21735
21785
61369
61370
61385
61582
61467
61471
61489
61363
61375
61391
61399
61361
61374
61445
61556
61578
61637
21761
21766
21927
21927
21813
21785
21813
21758
21761
61361
61362
61374
61387
21760
21763
21769
21755
21763
21880
21764
21899
21758
21759
21870
21760
21870
21871
21775
21803
21882
21933
21770
21801
21767
61320
61553
21933
21771
21770
21775
21784
21927
21802
21898
21830
21831
53561
21780
21787
21801
21802
21815
21784
21789
21783
21802
21830
21830
21790
21885
21798
21814
21807
21795
21850
21884
21796
21805
21806
21827
21830
21831
21878
21806
21853
21887
21806
21851
21866
21808
21887
21904
21829
21885
21841
21863
21842
21838
21833
21853
21904
21833
21864
21832
21833
21854
21833
21848
21853
21832
21904
21844
21895
21840
21848
21864
21934
21891
21866
21867
21851
21856
21867
21866
21865
21861
21858
21932
21936
21859
21937
21860
21865
21902
21931
21876
21876
21937
21879
21879
21882
61330
61339
21875
21940
22012
21877
21906
21930
21931
21889
21879
21929
21883
21884
21929
21893
21889
54335
54393
61357
61373
61550
21894
21931
21932
22012
21899
21899
21912
21928
21923
21938
21945
21945
21905
21932
22012
21924
21939
21945
21908
22030
22003
22019
21911
21917
21912
21916
61270
61294
62894
61341
61359
61580
61358
61639
61316
22028
22029
21920
21993
22006
61258
61296
61297
21921
22011
22030
21988
22083
61304
61316
21925
21926
21946
21932
21936
22012
21943
21939
21940
21945
21942
21946
21947
21944
22086
21944
21961
21968
22086
21948
21949
21962
21972
21953
21974
21951
21959
21958
21964
21968
21962
21983
22001
21957
21999
21958
21964
21974
22001
21971
21986
21977
21975
21985
22000
22011
61254
61256
61262
22008
62906
62936
21987
22011
22014
22008
22010
21989
61296
61264
21993
21992
21994
21996
21998
21996
22006
22019
22000
22018
21998
22014
22014
22031
62774
62830
58489
29357
30983
22016
22018
22017
22017
22048
22024
22075
22037
53191
61293
62850
22048
22038
22080
22084
22059
53645
53649
53650
22040
22043
22043
22080
22043
22073
22074
22084
22059
62773
62818
62838
22084
22053
22058
22071
63640
63659
63660
22072
54082
22057
22069
22071
53123
53130
53157
22071
53122
22058
22061
53114
53119
53126
53123
53098
53113
53117
53173
22071
53119
61592
61606
61623
53124
53135
54082
22067
22085
22094
22080
22074
23957
41116
42017
62851
22080
22077
61296
61354
22094
22089
53094
53512
53498
53094
53099
61571
61609
53098
53108
53109
53199
53105
53108
61656
53096
53340
53096
53128
53511
53093
61559
61576
61585
22109
30815
30853
26555
26556
35378
30837
30841
30851
30817
30824
30832
30621
30878
30880
22237
30853
22116
22125
22245
30824
30832
30835
30802
30823
22256
22111
22120
22226
22245
22328
22118
22258
26392
22123
22134
30867
22134
22226
22258
22118
22165
22119
22243
22124
22258
30809
30813
30825
22707
30428
30434
22132
22145
22157
22125
22166
22126
22270
22233
22245
22328
22461
30825
30671
30707
30748
22130
22145
22209
30867
22135
22146
22213
22144
22161
22198
22230
22239
22145
22157
30468
30461
30482
22142
22163
22212
22142
22196
22198
22143
22232
22191
22320
22438
22198
22239
22209
30594
30682
22153
22154
22162
22242
30628
22154
30566
22155
22164
30581
30608
22160
35348
35354
35375
22886
62332
63423
22165
22239
22166
22243
22243
22230
22270
22168
22169
22203
22170
22185
22170
22189
22462
22661
22176
22228
22174
22177
22180
22176
22180
22519
22179
22674
22178
22187
22714
22216
22674
22228
22674
22182
22265
22272
22553
22184
22259
22464
22185
22214
22210
22462
22216
22200
22206
22211
22210
22216
22192
22202
22218
22194
22244
22196
22194
22195
22199
22244
22221
22232
22212
22200
22201
22211
22206
22673
22204
22257
22205
22235
22207
22218
22244
22260
22211
22514
22438
22215
22219
22257
22462
22219
22248
22250
22235
22220
22684
22222
22257
22230
22234
22238
22245
22310
22328
22225
22328
22461
22236
22238
22256
30813
22255
22779
30437
22229
22516
22255
30435
30445
22673
22234
22260
22254
22310
22241
22248
22768
30816
30826
30828
22248
22310
22241
22274
22518
22768
22249
30545
30856
30866
22673
22776
30345
30781
30791
22326
22461
22684
22698
22259
22296
22295
22308
22522
22295
22296
22309
22260
30427
30490
22258
22271
22262
22522
22772
22278
22355
22266
22439
22472
22266
22267
22277
22269
22273
22309
22268
22452
22295
22522
22277
22476
22271
22296
22465
22529
22661
22277
22276
22276
23355
22304
22518
22309
22282
22308
22280
22355
22726
22283
22322
22284
22292
22469
22293
22355
22305
22314
23350
22285
22312
22351
22305
22445
22287
22288
22300
22332
22854
22289
22290
22297
22475
22726
22726
23350
22355
22726
22322
23355
22322
23355
22308
22323
22515
22311
22311
22300
22802
22299
22300
22444
22332
22812
22321
22331
22845
22321
22333
22445
22324
22473
22475
22802
22306
23355
22322
22315
22469
22324
22475
23436
22323
22316
22469
22315
22319
22326
22854
23320
22318
22327
22722
30806
30821
22469
22759
30806
30812
30637
22809
23320
22751
22474
22327
22351
22807
22329
22486
22340
22337
22340
30795
30797
22332
22854
22361
23319
22357
22799
23318
22337
23319
22443
22799
22845
22341
22792
30799
30801
22736
23322
30811
22804
22785
23341
30797
30332
30334
30352
22345
22349
22357
22799
22345
22354
23325
22348
22347
22348
23360
23389
22349
23354
22353
22360
22812
22445
22353
22369
23359
22803
23321
23327
23361
22374
22444
22803
23361
22785
23327
23341
23361
23439
30800
30803
22443
23360
22812
22363
22383
22468
22372
22410
22365
22369
22440
23455
22374
22408
22367
22372
22430
22432
22434
23359
23455
22374
22371
22434
23453
22378
22844
22390
22391
24454
22391
22440
22839
22377
22378
23440
22379
22382
22470
22380
22392
22407
22383
22839
22383
22399
22403
23473
23475
22394
23478
22386
22389
22399
23497
22388
22397
23497
22389
22414
22398
22410
22433
22928
23491
22444
22470
22839
23389
23484
23495
22403
23473
24441
24703
22397
22400
22401
24138
22414
22410
22842
24138
24449
23497
24440
23474
23497
22407
22842
22405
22430
24703
22430
22432
22448
23473
24454
22412
24449
22842
23478
24441
24446
24455
22421
22974
24441
24455
22531
22421
24703
22421
24446
24703
22419
22896
24452
22420
24554
22480
22484
24447
22424
22531
24459
24451
22429
22484
22426
22427
22467
22431
22477
22437
22472
22431
22477
22478
24459
22477
22479
23462
22449
22442
22928
22435
22448
23484
22473
22802
23491
22441
22448
22451
23462
22446
22449
22474
22522
22772
22844
22447
22473
23463
23320
22472
23436
22449
22451
22474
22490
24453
22478
22466
22472
22456
22479
22458
22460
22485
22456
22458
22481
22527
22466
22476
22485
22526
22517
22527
22460
22540
22517
22807
22464
22520
22529
22540
22513
22516
22467
22526
22839
22844
22531
22899
24447
22525
24458
22481
22483
24554
22482
22488
22582
22488
24545
22531
22525
23322
22489
22491
22503
22489
22582
22926
24538
22492
24545
24543
22494
22507
22524
24532
22510
24578
24522
22508
22503
22508
22509
22503
22508
22502
22524
22528
22609
22506
22609
24522
22523
24578
22582
24527
22512
22524
22528
22520
22540
22520
22518
22751
22661
22523
22642
22521
22537
22527
22553
22539
22642
22649
22586
22601
22541
22819
22866
22535
22543
22541
22863
22541
22560
22866
22553
22549
22868
22867
22544
22562
22596
22558
22867
22547
22550
22594
22548
22633
22905
22551
22734
22586
22590
22595
22624
22656
22586
22612
22595
22650
22556
22557
22725
22560
22561
22559
22612
22628
22867
22725
22628
22587
22868
22567
22656
22568
22596
22864
22869
22867
22861
22931
22571
22577
22895
22897
22918
22572
22578
22869
22575
22574
22577
22581
22897
22900
22578
22615
22578
22602
22580
22581
22600
22904
22602
22588
22598
22870
22896
24463
24554
22590
22626
22870
22628
22894
22600
22904
22602
22615
22904
22614
22900
22594
22633
22871
22863
22598
22599
22605
22608
24534
22608
22604
22611
22625
22606
24524
22607
22625
24535
22615
22613
22734
22616
22870
22871
22626
22621
22629
22627
22653
22622
22648
22636
22624
22636
22912
22634
22635
24524
22904
22636
22637
22637
22659
22903
22641
22903
22730
22635
22659
22659
22903
61616
22648
22660
22683
22691
22646
22655
22677
22672
22678
22657
22657
22732
63035
63038
22658
22678
22659
22730
22667
22672
22676
22687
30452
30457
30482
30483
22665
22694
22671
22669
22681
22687
22686
22676
22682
22675
22690
22671
22686
22680
22689
22728
22692
22715
22755
22732
22690
22694
30477
22692
30451
22733
22755
30460
30462
30465
30446
30448
22697
22764
22766
22702
22780
22751
22768
22701
22706
22710
22706
22731
22764
22713
22711
22760
22764
22766
22705
22710
22720
22706
22739
22712
30431
22757
22773
30432
30431
30432
30435
22721
22724
22712
22713
22764
22773
22762
22717
22718
22719
22739
22739
22774
22720
22721
22737
22767
30823
22729
22778
22754
22727
22774
22733
22778
22732
22739
22905
30400
30458
30493
23439
22738
22752
22820
22741
22742
22788
22806
22787
22743
22820
22836
22745
22749
22836
22747
22747
22819
22749
22813
22836
22765
22787
22753
22767
22788
22820
22767
22757
22758
30822
22761
30812
22771
22780
23039
24064
31313
22890
22901
22778
22771
63420
22776
23436
63387
63388
22786
30329
30785
30359
30364
30490
22784
22796
30340
22786
23063
30335
22789
22798
22791
22793
22821
29790
22798
22788
22791
22821
25666
23345
30802
30836
22794
22796
22811
23065
22811
22823
23111
30321
23145
30094
30788
23063
23057
23255
30057
30130
22811
23065
22812
23322
30795
23321
23360
23389
23068
30805
22816
22830
22975
22845
23345
22814
22826
22882
22816
22882
23388
22881
23075
22829
22862
23070
30436
22824
23064
23066
23111
22827
22835
23387
23067
22830
23070
23072
23351
22978
23037
22832
22835
23112
22833
22979
22834
22878
22975
22983
23037
23078
22838
22841
22849
22875
22968
22875
22877
23480
22847
22983
23480
22952
24139
24146
23455
22850
22883
22917
22873
22966
22850
22857
22883
22962
22983
23438
22853
22880
22875
22877
22860
22879
22913
23457
22856
22890
23350
22858
22860
22859
22872
22858
22859
22861
22888
22861
22865
22883
23078
23387
22864
22865
22872
22901
22925
22881
22975
22888
22931
22973
22887
22909
23457
22879
23457
22975
23037
22976
22890
23388
22917
23388
22978
22976
22910
22914
22887
22909
22910
25436
63424
22894
22914
22898
22911
22894
22916
22900
24546
24584
22951
24458
25502
62592
22908
22909
22910
22922
22911
22914
22929
22951
22966
24584
31068
22922
22930
23600
22935
23600
22924
22973
22927
23600
24454
23472
23478
24141
23600
24206
22937
23043
24206
22946
22950
22939
22946
22950
22963
22940
22953
22959
24445
22942
22944
23574
22960
22947
24145
23040
23577
24142
22967
24445
22961
22960
22957
22967
24445
24135
24141
22986
22963
23034
22956
22958
24176
23092
24137
24175
22985
23092
22958
22988
22993
23465
22961
22965
23573
23034
24174
24146
23591
24174
22965
22986
24175
24146
22976
23480
23465
22973
23591
24429
24206
24429
22971
22979
23081
23112
23598
23069
23075
22979
23077
23449
22981
22989
23001
22997
23736
23091
23123
23598
22998
23031
23044
23081
23002
23076
23201
23449
24137
25502
62335
62718
23092
24175
22998
23031
23091
23002
24176
22993
24444
22996
23033
24444
24176
22995
23003
22997
23736
23018
23021
23604
23000
23004
23201
23000
23001
23083
23011
23082
23091
23736
23005
23017
23005
23011
23014
23007
23087
23393
23008
23086
23009
23012
23024
23014
23020
23011
23024
23393
23023
23013
23086
23016
23581
23017
23024
23016
23419
23586
23020
23578
23019
23026
23021
23022
23578
23419
23025
23419
23105
23393
23609
23106
23028
23033
23569
23036
24158
23030
24166
24419
23598
23577
24142
23106
24142
23038
23041
23568
23572
23042
23568
23569
23577
23618
23572
23574
23042
24166
24139
24146
23076
23077
23047
23062
23122
23048
23050
23159
23060
23133
23049
23187
23347
23133
23437
23071
23061
23062
23071
23159
23344
29793
30320
23056
30094
30323
23065
30326
30384
23369
30059
23060
23133
29997
30047
30070
30296
23129
23385
23437
30436
30807
23373
23075
23437
23074
23395
62578
63763
63825
63847
23135
23387
23092
23081
24137
23112
23112
23178
23598
23083
23084
23120
23083
23105
23094
23103
23086
23087
23191
23587
23088
23096
23089
23097
23182
23393
23568
23618
23094
23107
23385
23109
23121
23097
23100
23119
23097
23101
23186
23099
23102
23176
23100
23186
23456
23125
23188
23162
23173
23177
23121
23395
23604
24176
23120
23424
23118
23267
23110
23118
23267
23124
23267
23115
23345
23114
23176
23179
23115
23116
23175
23117
23163
23118
23122
23124
23126
23182
23124
23182
23135
23129
23178
23395
23162
23177
23189
23267
23456
23128
23304
23146
30000
23161
23134
23158
30050
29975
30033
23139
30075
30082
23187
30022
30027
30038
23385
23139
30021
30026
30086
23156
29947
30050
23330
29785
30072
30137
29994
30021
30082
23265
29871
29983
23143
23304
29980
29988
23147
23619
23369
30131
29988
29990
23154
29985
23171
23184
23265
29858
29864
29869
29882
23290
29859
29860
29871
29967
29983
23154
23171
29803
30088
23164
23174
23158
29935
23161
23317
29999
30032
23347
29964
29974
29989
23163
23169
23175
23317
23171
23281
23167
23172
23589
23167
23168
23196
23169
23173
23589
23196
23184
23181
23181
23180
23390
23180
23185
23186
23185
23390
23619
23184
23274
23259
30026
23189
23191
23192
23581
23587
23193
23460
23583
23195
23234
23412
23197
23412
23215
23460
23594
23221
23264
23394
23212
23261
23601
23203
23244
23251
23736
23261
23601
23261
23205
23637
23226
23392
23406
23210
23280
23209
23211
23392
23211
23223
23295
23210
23216
23391
23211
23246
23620
23229
23280
23218
23230
23235
23234
23397
23217
23394
23280
23397
23673
23295
23314
23430
23222
23244
23251
23601
23633
23637
23232
23409
23246
23278
23279
23232
23391
23249
23603
23236
23242
23278
23231
23247
23236
23406
23409
23410
23633
23612
23254
23399
23673
23237
23243
23546
23244
23548
23652
23253
23257
23243
23258
23245
23250
23253
23595
23248
23252
23284
23248
23544
23284
23620
23253
23624
23626
23626
23410
23257
30075
30084
23259
23266
23399
23261
23620
23272
29989
30002
30135
23263
23630
23410
23272
23630
29972
23269
23283
29881
23630
29872
29969
29507
29569
29895
29972
23275
23283
29886
23544
23276
23315
29849
23283
23306
23288
29851
23306
23283
23602
29983
29985
29978
29982
30041
23544
24420
23288
23289
23289
23301
23307
23314
29868
29871
29984
23303
29835
29853
29874
23296
29831
29846
30040
23297
29831
29855
29874
29881
29824
29842
29896
30087
23441
29827
29832
23299
23302
23305
29842
29847
29896
30020
23316
23301
23314
23378
23305
23316
30040
23602
23329
23333
29806
29917
23348
29800
29806
23418
23356
23366
23402
23413
23450
23348
23408
29850
29799
23319
23341
23359
30354
30365
30798
23325
23326
23407
23384
23344
23414
29761
30775
30779
30783
29787
29818
29807
29814
29818
29791
30797
23368
23414
29802
29995
23356
29798
23338
23379
23368
23414
23338
23366
23370
23339
23396
23362
23379
30769
30838
30841
30842
23357
29805
29819
23346
29793
30086
29802
30334
30352
30353
23353
23389
23495
23357
23384
30768
30775
23484
23365
23381
23382
23495
23379
23380
23367
23381
23432
23408
30132
23396
23431
23372
23376
23401
23374
23539
24442
23376
23401
23442
23377
23590
24442
23413
23398
23383
23432
23404
23434
23407
29800
29813
23394
23637
23398
23594
23401
23404
23430
23431
23405
23431
24416
23432
23441
23411
23418
23429
23543
23594
23612
23430
23428
23541
23539
23614
24442
23541
23614
23578
23421
23446
23468
23540
23425
23597
23461
23542
23608
23503
23428
23461
23547
24202
23541
23672
23441
23614
23637
23435
23453
23451
23454
30791
23443
23540
23451
23445
23446
23458
23447
23466
23549
23448
23496
24162
30804
30823
23454
23459
23475
23485
23593
24454
23482
23467
23485
23471
24424
23494
24413
23506
23511
23483
24432
23482
23483
23482
23477
23481
24424
24412
23483
24432
24412
24432
24436
23487
23500
23516
23518
23599
23489
23494
23531
23504
23508
24414
23502
23507
24414
23493
23509
24162
23507
23508
23508
24406
23550
23515
23518
23757
24150
24438
23542
24399
23542
23585
24399
24417
23599
23757
23531
23757
24150
24408
24413
24415
23585
24162
24172
23513
23514
23516
24404
24413
23513
23519
23638
23517
23558
23515
23518
24417
23517
24438
23735
23530
23756
23521
23575
23867
24407
23638
23745
23524
23525
23554
23526
23529
23556
23653
23526
23537
23535
23529
23557
24398
23529
23556
23738
23533
23599
24399
24433
23533
23535
24398
23551
23555
23645
23633
23645
23554
23555
23543
23551
24416
23549
23562
23672
23630
24420
23595
23553
23597
23562
23647
23553
23554
23631
23634
23700
23643
23634
23575
23738
24417
23638
23766
23564
23719
23610
23615
23714
23733
23710
24171
23713
23733
23617
23667
23714
23659
23663
23674
23691
23571
23571
23758
24166
24175
24445
24144
24185
23663
23580
23582
23584
23596
23588
23583
23583
23592
23588
23588
23609
23713
24139
23593
23596
23640
23603
23607
24414
23624
23640
24444
23607
23610
23613
23632
23716
23720
23747
23650
23713
23624
23625
23649
23673
23616
23625
23616
23646
23642
23627
23639
23649
23669
23623
23627
23649
23632
23639
23649
23652
29514
29898
29955
29855
23639
23643
23669
23640
23636
23642
23643
23653
24407
23642
23666
23668
23666
23671
23656
23714
23653
23720
23667
23674
23714
23700
23656
23666
23664
23869
24035
23662
23678
23693
24382
23664
23696
23664
23706
23693
23707
24035
23667
23742
23670
23676
23700
23683
24382
23677
23743
23684
23740
23679
23707
23742
24035
23680
23689
23681
23707
23862
23682
23705
23683
23688
23731
23686
23687
23777
23829
24391
23688
23731
23796
23699
23699
23704
23881
23742
23694
23695
23707
23743
23703
23862
23866
24035
23704
23751
23774
23731
23769
23741
23830
24191
23774
24387
24421
23797
24191
23769
23893
23751
23796
23862
23709
23709
23726
23719
23729
23715
23758
23712
23725
23804
23801
23732
23718
24181
24169
24170
24178
23733
23722
24188
24364
23723
23842
24169
24170
24186
23725
23816
24184
23727
23805
23730
23734
23806
23825
24184
23772
23880
24184
23730
23746
23733
24170
23756
23755
23759
23777
24407
23744
23753
23801
23867
23797
23893
23911
24382
23795
23832
23896
23801
24179
23750
23759
23777
23775
24391
23829
23756
23756
23766
23762
24179
23810
24214
24381
24418
23762
23775
23776
23779
23767
23773
23781
24180
23775
23776
23780
23822
24375
23810
23822
23771
23776
23826
23797
23862
23781
23826
23846
23783
24409
23800
23818
23835
23779
24418
23865
23893
23871
23851
23782
23811
24387
24179
24180
23820
23846
23822
23788
23785
23913
24409
23786
23921
23787
23831
23811
23868
23819
23913
23792
23840
23963
23992
24211
23814
24211
23833
23963
24009
23802
23808
23812
23798
23801
23829
23802
23804
23802
23832
23839
23827
24364
23853
23808
23812
23864
23805
23853
23841
24186
23813
23852
23873
23823
23824
23843
23855
23873
24379
23897
23813
23839
23830
23817
24279
23821
23895
24211
23836
23841
23828
24008
23834
24190
23820
23846
24358
24394
23840
23879
23879
24426
23853
23879
23842
23851
24425
23842
24184
24211
26109
24421
23839
23911
23849
23868
24191
23895
24426
23837
23880
24203
24183
24364
23880
24203
24279
24389
23898
23913
23841
23879
24186
23882
23961
23852
23854
23892
23870
24039
24425
23856
23863
23892
23893
23854
23882
24027
23857
23852
23892
23911
24180
24027
23861
23864
24426
23858
23881
23918
24039
23859
23892
23861
23861
23872
23865
23873
24387
23896
23897
24391
23888
24027
23888
23960
26025
23876
23877
24002
23983
23878
24009
24045
23961
24013
23890
23959
24013
23885
23889
26016
23894
24000
23926
23965
23926
23958
24038
23890
23960
24012
23960
23894
24010
23918
23963
24191
24387
23899
23921
23900
23903
23905
23908
23909
23902
23908
23912
23904
24274
23908
24055
24055
24273
24701
23921
23922
23919
24000
23908
23910
23912
24059
24423
23991
24059
23994
24296
24385
23916
23919
23916
24277
24284
23920
26018
23925
24277
24012
23920
23990
23931
24423
23924
24277
23932
23991
24059
23955
23932
23945
23997
24260
23934
24056
24059
24423
26018
23933
23945
24284
23980
26070
23996
24266
23937
23942
23937
23940
26119
26026
23940
23979
26082
23996
24260
23943
23947
23980
23997
24011
26026
23982
23997
24011
23948
23982
26085
23980
24284
23947
23949
24021
23982
26017
24021
26014
26021
23969
23971
24021
26015
23952
23953
23969
23964
24023
24021
26021
26077
26224
23977
24040
40079
62872
23959
26057
24013
24045
26028
26070
24038
26028
24001
24024
26224
23967
23978
23984
26063
26069
23986
26062
26069
26077
23978
24005
24024
23986
23973
23975
26038
23974
24020
24058
24018
24020
26056
26069
24022
26041
23984
24024
26224
24026
26037
24260
23983
23999
24002
24001
24040
23987
26065
26066
26030
26063
24017
23989
24003
24022
24083
23998
24017
24000
26070
23993
24272
24019
24067
24369
26084
24272
24319
24019
24083
24056
26041
26066
24005
24057
26016
24005
24006
26029
24057
26029
24015
24016
24009
24014
24017
24042
24039
24019
24067
24067
24194
24057
26037
24083
26041
24057
24038
26025
24765
24029
24037
24208
24033
24234
24033
24034
24234
24032
24033
24208
24265
24297
24125
63707
63710
63730
24066
24073
26063
24042
24106
24197
24044
24280
24107
24117
24125
24195
26057
24047
26044
26072
24049
24052
24049
24054
26073
26040
26246
26045
26073
26234
24052
24053
26065
26042
26246
24061
24311
24072
26084
26041
26066
24074
24205
26220
26039
26044
26072
26042
26065
26066
30510
63801
63802
26042
26072
24208
24213
26109
24069
24070
24105
24075
24233
26043
24195
24234
24077
24103
24371
24311
24265
26235
24077
26073
26214
24078
24079
24080
24103
26214
26243
24081
24095
24082
24084
24233
26043
24085
24086
26138
24087
24232
24092
24089
24091
26138
26245
24091
24777
24094
24095
26243
26245
26238
24099
24230
24101
24242
24295
24101
25286
26138
26245
26043
26045
24110
24195
24128
24113
24125
24126
26233
26235
24112
24117
24126
24115
24123
24116
24120
24127
24117
24196
24127
24121
25286
24198
24210
24698
24328
24698
25286
24124
24199
24410
24209
24198
24196
24207
24343
24167
24199
24410
24148
24134
24145
24204
24134
24411
24145
24165
24149
24165
24455
24429
24152
24165
24152
24155
24357
24173
24153
24182
24201
24411
24357
24410
24155
24214
24155
24357
24177
24422
24201
24411
24204
24157
24188
24364
24161
24193
24444
24161
24163
24161
24164
24193
24177
24188
24422
24204
24422
24173
24201
24189
24178
24415
24185
24200
24419
24422
24193
24200
24419
24189
24193
24384
24371
24212
24280
24389
24210
24279
26246
24212
24707
24234
24311
24216
26128
24217
24251
24218
24257
26156
24224
26131
24221
24226
26129
24221
24779
26152
24227
24760
24223
24231
24248
24224
24243
24303
24304
24226
24243
26131
24760
26212
24779
24229
24770
26124
24304
26106
24295
24240
24341
24777
26138
26107
26149
24770
24778
26147
24238
24240
24767
24248
26262
26107
26122
26212
24241
24305
24341
26233
24248
24768
24779
26132
24768
24789
26143
24251
24253
26090
24303
24341
26124
26129
26128
24304
26106
26156
24293
26156
24258
24267
26094
26128
24255
24369
26153
26123
26189
24260
24318
26131
24259
26093
24262
24292
26090
24263
26192
24264
24342
24778
24293
26106
26188
26188
24269
24344
24356
24270
26192
24285
26091
26153
24342
24344
26147
24369
24274
24286
24275
24276
24287
24339
24287
24296
26018
24344
24356
24377
24282
24344
26147
24320
24300
24338
24353
24377
24319
24346
24347
24362
24346
24349
24315
24338
24361
24290
24400
24313
24312
24313
24368
26105
26123
26189
26090
24341
26124
24319
24299
24302
24400
24313
24368
24336
24302
24309
24314
24699
24304
24306
24767
24308
24700
24400
24316
24699
24320
24363
24765
24770
26124
24689
24355
24400
24317
24348
24363
24750
24345
26107
26153
24338
24377
24502
24323
24428
24431
24324
24332
24501
24340
24519
24326
24427
24431
24327
24516
24439
24330
24519
24690
24359
24360
24373
24502
24516
24513
24519
24334
24373
24335
24366
24336
24351
24354
24361
24689
24770
26147
24362
24360
24503
26192
24397
24503
24356
24358
24394
24361
24353
24356
24358
24375
24376
24352
24366
24362
24361
24504
24359
24360
24505
24511
24366
24376
24370
24370
24380
24374
24376
24504
24699
24750
24379
24383
24396
24381
24388
24386
24390
24392
24408
24386
24388
24392
24409
24425
24393
24395
24421
24402
24405
24701
24405
24402
24433
24405
24403
24404
24406
24433
24405
24413
24433
24505
24430
24437
24430
24450
24501
24501
24503
24439
24514
24512
24515
24450
24457
24513
24456
24457
24538
24456
24460
24498
24498
24459
24466
24545
24465
24466
24482
24510
24481
24475
24515
24559
24474
24697
24475
24485
24512
24474
24476
24474
24495
24697
24487
24477
24487
24496
24716
24717
24480
24488
24510
24571
24717
24482
24560
24568
24484
24488
24557
24571
24508
24702
24496
24510
24493
24569
24490
24491
24517
24714
24494
24492
24713
24571
24520
24726
24517
24716
24520
24717
24500
24500
24511
24690
24509
24504
24512
24514
24509
24512
24690
24569
24708
24580
24530
24531
24533
24533
24618
24543
24535
24547
24541
24548
24553
24541
24553
24575
24544
24553
24577
24550
24547
24548
24549
24549
24551
24574
24558
24560
24568
24560
24556
24620
24557
24563
24562
24574
24688
24563
24565
24582
24563
24635
24592
24565
24566
24586
24592
24570
24579
24620
24638
24569
24572
24576
24577
24573
24592
24575
24577
24635
24575
24635
24579
24581
24596
24726
24583
24620
24657
24586
24588
24636
24657
24594
24588
24594
24595
24620
24644
24657
24593
24619
24625
24619
24601
24618
24599
24602
24601
24601
24618
24609
24626
24606
24608
24616
24607
24676
24677
24610
24676
24640
24630
24640
24629
24630
24615
24627
24669
24631
24627
24628
24632
24669
24622
24624
24732
24651
24719
24624
24642
24743
24666
24660
24629
24728
24632
24720
24669
24634
24636
24657
24651
24719
24651
24639
24713
24641
24644
24645
24719
24727
24666
24667
24712
24645
24646
24715
24719
24713
24647
24718
24727
24650
24732
24649
24653
24739
24653
24722
24653
24735
24655
24658
24667
24656
24662
24801
24743
25129
24664
24879
24744
25129
24664
24665
24674
24670
24668
24712
24728
24671
24672
24673
24674
24883
24886
24887
24887
24677
24881
24679
24680
24878
24878
24881
24899
24878
24869
24691
24686
24687
24763
24704
24706
24694
24700
24696
24695
24754
24754
24786
24702
24707
24709
24729
63755
63763
63866
63879
24763
24725
24725
24711
24715
24736
24737
24720
24714
24736
24718
24736
24726
24721
24722
24731
24723
24735
24731
24740
24737
24732
24879
24751
24761
24786
24761
24734
24740
24803
24827
24739
24903
24827
24763
24754
24786
24741
24827
24751
24742
24790
25283
24797
25283
24798
25129
24747
24799
24803
24752
24755
24788
24789
24752
24753
24757
24803
24766
24758
24792
24756
24799
24757
24787
24758
26180
24907
24767
26143
26121
24768
24789
24792
24766
24788
24792
26065
24776
26132
26133
24774
24779
26132
24773
24782
24784
24815
26133
24856
26137
24784
24856
24864
26106
24784
24856
24857
24782
24793
26139
24783
26194
24853
26139
26194
24812
24862
25308
25426
24802
26180
24795
24807
24903
24802
24811
24824
24813
24815
24797
24806
24808
24799
24802
24797
24818
25283
24800
24801
24888
24901
24903
24806
24901
24805
24814
24817
24808
24818
24826
24809
24811
25283
24825
24810
24825
24904
24817
24813
24862
25261
24819
24907
25261
24848
25246
25279
24818
24824
24830
25308
25426
24821
24913
24840
24865
24823
24848
24866
25246
24844
24865
25426
24826
24829
24828
24913
24904
25411
24866
24867
24902
24913
24833
24919
24987
24834
24909
24835
24839
24921
24836
24841
25323
24842
24846
24902
24919
24921
24843
24909
24842
24867
26140
24867
24921
26140
24865
25323
25409
24846
24850
24846
25222
24863
25403
24849
24850
25397
24863
26172
24863
25396
25406
24853
24858
24859
26184
24861
24855
26166
26170
25224
25395
26178
26134
26132
26133
25395
25397
25397
24864
26167
26181
26167
26184
25279
26155
24866
24882
24872
24875
24884
24873
24882
24895
24875
24876
24900
24884
24887
24895
24932
24889
25184
24905
24906
25161
24892
24893
24904
24892
24897
25243
25353
24896
24927
24932
25151
24898
24912
24910
24905
24911
25129
25223
25411
25353
25184
26133
24909
25191
25181
24933
25190
24912
25171
25190
25411
24920
24987
24916
24917
24928
24923
24918
24922
24927
24933
25223
25243
24960
25191
24933
24960
24924
24925
24954
24929
24926
24937
24928
24952
24928
24931
24975
24931
25035
24934
25572
24936
24940
24952
24937
24978
24954
25037
24939
24941
24944
24940
24947
24942
24948
24949
25126
25169
24952
25169
25168
24945
25126
24946
24947
25192
24948
25003
24950
24957
24978
24992
25171
25190
24956
24958
24979
25419
24973
24983
24959
25194
24972
24979
24973
24992
24972
25037
24964
24977
25422
24975
24971
24980
25057
24967
24973
24968
24983
25063
24969
25417
24971
24980
24971
24977
25419
24983
24982
25419
25135
25192
25572
25011
25057
25422
24982
25057
25037
25420
25035
25056
24985
25011
24986
25010
25058
25029
25030
25191
25243
25008
25020
25029
24991
25098
24995
25050
25378
25375
25379
25094
25116
25002
25208
25369
24996
25188
25454
24998
25092
25094
25116
25006
25050
25039
25001
25007
25090
25093
25094
25205
25093
25378
25192
25194
25005
25369
25385
25082
25179
25370
25375
25433
25015
25014
25424
25013
25029
25031
25018
25030
25019
25058
25017
25449
25452
25014
25449
25093
25179
25404
25017
25028
25032
25056
25422
25421
25452
25453
25025
25461
25026
25038
25038
25064
25451
25453
25032
25036
25038
25043
25449
25461
25230
25031
25034
25044
25047
25039
25039
25043
25421
25042
25051
25047
25064
25045
25046
25473
25061
25065
25060
25088
25473
25065
25208
25062
25063
25054
25061
25078
25065
25117
25072
25095
25230
25068
25070
25377
25061
25377
25073
25417
25067
25068
25196
25079
25074
25079
25070
25075
25089
25077
25076
25189
25454
25196
25377
25085
25089
25077
25080
25086
25092
25193
25189
25117
25196
25096
25097
25101
25115
25200
25404
25099
25112
25115
25381
25096
25097
25381
25193
25116
25193
25095
25097
25094
25378
25116
25145
25188
25454
25433
25133
25102
25119
25134
25113
25114
25132
25113
25122
25132
25105
25105
25120
25128
25107
25141
25108
25147
25109
25121
25111
25131
25143
25195
25114
25202
25133
25133
25121
25204
25127
25143
25123
25199
25134
25124
25204
25185
25128
25149
25168
25128
25152
25131
25133
25197
25145
25198
25138
25187
25155
25139
25187
25145
25198
25150
25185
25203
25154
25178
25155
25315
25156
25315
25158
25159
25170
25172
25206
25166
25315
25163
25164
25236
25206
25232
25165
25172
25241
25185
25207
25241
25174
25206
25232
25182
25232
25235
25249
25235
25369
25226
25404
25186
25239
25371
25207
25242
25378
25193
25199
25216
25355
25370
25315
25381
25376
25213
25374
25433
25212
25372
25212
25218
25362
25216
25326
25388
25226
25219
25238
25248
25238
25309
25407
25218
25312
25355
25311
25362
25231
25326
63634
63803
25396
25353
26166
26184
25273
25288
25327
25355
25351
25460
25312
25598
25380
25311
25386
25236
25259
25405
25253
25251
25487
25245
25254
25256
25405
25252
25271
25271
26171
25308
25248
25362
25380
25487
25258
25309
25592
25259
25259
25276
25280
25265
25265
25296
26180
25264
25276
25266
25267
25268
25317
25316
25272
25278
25296
25376
25285
25317
25309
25276
25301
25314
25321
25292
25299
25598
25297
26139
25316
25318
25320
25321
25285
25307
25318
25297
25290
25289
25292
26176
25302
25304
25329
25294
25324
63368
63380
25317
25298
25312
25386
25305
25310
26176
25303
25363
25313
25354
25359
25306
25313
25329
25592
25322
25321
26176
25324
25382
25447
25585
25460
25383
25395
26144
26178
25598
62313
62329
63244
63395
25332
25336
25333
25483
25335
25571
25336
25364
25350
25337
25566
25483
25563
25499
25605
25341
25484
25583
25341
25505
25571
25356
25488
25343
25346
25387
25348
25605
25345
25346
25443
25348
25490
25347
25573
25349
25387
25360
25465
25351
25367
25359
25363
25352
25373
25442
25382
25414
25484
25414
25360
25484
25524
25605
26176
25364
25373
25388
25445
25368
25459
25373
25385
25374
25372
25452
25406
26172
25483
25567
25571
25445
25592
25442
25499
25460
25394
25429
25440
25438
25496
25392
25398
25441
25394
25458
25489
25401
25399
25432
26172
25410
25434
25548
25400
25415
25441
25429
25415
25496
25544
25412
25432
26144
25412
25447
25432
25441
25425
25544
25431
25545
26170
26175
25499
25440
25478
26140
25473
25428
25424
25430
25437
25496
25596
26178
25596
26144
25438
25439
25458
25448
25479
25441
25444
25475
25573
25446
25450
25458
25489
25459
25456
25476
25461
25464
25463
25464
25531
25467
25489
25490
25482
25471
25490
25468
25472
25477
25482
25495
25523
25470
25491
25489
25477
25524
25581
25496
25482
25481
25484
25524
25507
25583
25569
25494
25507
25508
25599
25517
25532
25550
25571
25492
25581
25498
25526
25534
25532
25576
25663
25531
25532
25576
25579
25517
25504
25506
63381
63399
63422
63375
63432
25504
25523
25626
25576
25583
25509
25663
25626
25525
25583
25512
25525
25527
25564
25568
25599
25669
25515
25516
25532
25662
25518
25522
25528
25604
25664
25521
25550
25554
25526
25579
25520
25521
25553
25520
25558
25554
25522
25662
25669
25581
25530
25661
25658
25534
25545
26191
25533
25550
25554
25549
26174
25606
25632
25667
26179
25537
25539
25559
26185
25539
26209
25559
26185
25546
26195
26166
26167
26169
26197
25596
25551
25570
25647
25559
26175
26191
25549
25596
25552
25555
25703
25558
25578
25597
26197
25602
25658
25650
25564
25565
25577
25565
25563
25586
25566
25582
25567
25584
25585
25569
25632
25661
26185
26197
25580
25607
25715
25577
25580
25589
25626
25584
25602
25658
25608
25586
25587
25588
25593
25729
25603
25617
25608
25619
25702
26345
25594
25601
26540
25600
26539
26207
25663
25631
26522
25668
25650
25676
25608
25627
25702
25632
25669
25607
25908
25624
25667
25615
25623
25657
25619
25621
26345
25612
25614
25620
25619
25737
25614
25724
25938
25719
25723
25656
25672
25977
25617
25627
25665
25715
25619
25627
25737
25621
25622
25719
25728
25624
25748
25908
25715
25653
25916
25665
25673
25732
25649
25831
25646
25703
25905
25634
25635
25648
25637
25639
25636
25649
25920
25722
25730
25640
25722
25639
25680
25949
25640
26201
25643
25642
25643
26199
26205
26183
26210
25813
26186
26210
25722
26186
26185
25680
25920
25730
25660
25676
25916
25654
25654
25676
25672
25721
26481
25673
25748
25977
26512
26179
25693
25917
26523
25905
26207
25718
25737
26392
27204
25681
25718
26529
25673
25732
25673
25751
26521
26522
25723
25732
25737
25681
25683
25707
25831
25920
25689
25721
26336
26523
25705
25684
25721
25977
25684
25686
25689
26512
25690
25866
26336
25689
25690
25688
25689
26523
25693
25697
25866
25914
25812
25914
26425
25903
26425
25710
25712
25811
25698
25708
25903
25712
25700
25708
25827
25882
25903
26443
25721
26481
26186
25707
25709
25897
26512
26529
25707
25711
25831
25898
25812
25812
25827
25713
25816
25812
25917
25914
26425
25765
25822
25716
25717
25765
25811
26460
25749
25902
25904
25735
25749
26460
25938
25727
25747
25744
25778
26204
25727
25742
26204
25731
25738
25750
25766
25905
25916
25733
26204
25772
25778
25938
26529
25772
25778
25750
25747
25768
25740
25742
25745
25770
25741
26528
25743
26204
25768
25744
25746
25800
25902
25817
25869
25814
26528
25904
25778
26464
26527
25767
25768
25770
25754
25757
25789
26469
25787
25844
25785
25868
26417
25783
25791
25782
25901
25782
25870
26417
25760
25797
26334
25761
26461
25784
25870
26417
25763
26458
25840
26422
25791
25795
25797
25902
25904
26527
25769
26456
26530
26530
25878
26437
25869
25789
26458
26528
25938
25777
25779
25792
25794
25776
25792
25776
25788
26469
25899
26344
26420
25796
26451
25796
26418
25783
25791
26462
25844
25798
25821
25785
25823
25786
25836
25868
25872
25788
25839
25790
25817
25819
26469
26332
25796
26437
26451
25899
26344
26421
26332
26416
25901
26344
25802
25803
26457
25822
25902
25803
25839
25815
25911
25806
25808
25838
25818
25832
25911
25809
25837
26455
25810
25832
25850
25917
26523
25822
26422
26458
25826
25837
26457
25830
25840
26528
25913
25869
26421
26446
26530
26329
26344
25824
26461
25836
25862
25912
25872
26457
25840
26455
25845
25882
25829
25964
26203
25846
26425
26455
25846
25850
25867
25836
25859
25872
25909
25974
26455
25842
25863
25950
25864
25859
25867
25913
25868
25893
26203
25855
25854
25855
25857
25849
25861
25877
25931
25884
25855
25863
25867
25950
25945
26003
26223
25858
26187
25856
25863
25978
25964
25864
25972
26223
26223
25915
25992
25862
25910
25972
26087
26334
26461
25950
25974
25865
25885
25972
26002
25909
25878
26332
25886
25876
25900
26343
25877
25900
26334
25876
25883
25967
25877
25884
26421
25880
25886
26526
26324
26329
26462
26343
25891
25889
25962
25919
25949
25889
26343
25895
25892
25923
26187
25967
25896
25896
25897
25900
26416
25900
25907
25898
25907
25901
26469
25907
25923
25913
26003
26415
26461
26208
25935
25953
26454
25921
26006
26454
25928
25964
25925
25927
25991
26222
25961
25975
25989
26099
25961
25932
25934
26006
25935
26006
26089
25936
25976
25985
26415
25991
26012
25935
25939
26089
26012
26217
25984
25953
26201
26022
26098
25941
25942
25960
25971
25943
25983
26055
25946
26048
26216
25981
25966
26298
25963
26055
26219
25952
26060
26201
26454
26415
26022
26083
26327
26357
26217
26302
25956
25966
26292
26048
26229
26047
26052
26333
26047
26055
26289
26295
26333
26035
26357
26526
26216
26335
26098
26114
26217
26326
25970
26036
26032
26033
26330
25986
26071
25983
26003
26010
25978
26083
26104
25982
25989
26087
25982
25986
26059
25981
25990
26023
25988
26088
26127
25985
26007
25987
26009
25993
26054
25988
26020
26086
25990
26088
26099
26089
25995
25995
26032
26033
25997
29329
29357
30522
25999
26005
26064
25999
26015
26001
26027
26004
26036
26058
26019
26020
26086
26013
26100
26046
26076
26085
26020
26059
26211
26343
26075
26119
26015
26019
26085
26030
26028
26076
26076
26150
26059
26088
26031
26056
26062
26074
26075
26086
26033
26053
26054
26064
26038
26052
26053
26055
26219
26226
26061
26073
26247
26247
26247
26075
26049
26335
26231
26295
26228
26330
26067
26289
26333
27145
62587
26228
26056
26228
26071
26226
26298
26067
26221
26074
27416
30753
26127
26083
26104
26115
26298
26100
26104
26100
26104
26150
26222
26105
26123
26192
26118
26094
26118
26095
26120
26218
26097
26102
26142
26098
26114
26119
26102
26120
26110
26112
26142
26117
26128
26225
26114
26116
26196
26113
26136
26162
26142
26198
26216
26219
26160
26164
26122
26193
26122
26130
26126
26126
26196
26130
26226
26262
26135
26152
26212
26137
26154
26137
26141
26148
26164
26152
26145
26196
26262
26146
26154
26155
26163
26306
26213
26306
26222
26160
26155
26181
26159
26190
26202
26159
26182
26183
26190
26165
26164
26200
26177
26190
26177
26173
26173
26209
26191
26529
26202
26306
26206
26202
26206
26210
26223
26225
26234
26234
26297
26295
26225
26302
26230
26289
26229
26232
26231
26291
26232
26248
26237
26244
26264
26304
26301
26242
26258
26270
26255
26255
26256
26271
26250
26260
26264
26297
26252
26304
26301
26258
26258
26288
26264
26287
26264
26266
26275
26268
26286
26268
26269
26300
26514
26288
26514
26301
26273
26275
26277
26369
26280
26283
26277
26282
26358
26283
26373
26279
26282
26352
26354
26368
26286
26354
26373
26356
26373
26285
26286
26307
26325
26303
26291
26294
26294
26296
26327
26328
26331
26326
26303
26307
26320
26308
26367
26309
26325
26312
26347
26311
26321
26429
26320
26342
26319
26338
26341
26322
26323
26321
26323
26316
26317
26484
26318
26339
26341
26433
26447
26367
26429
26367
26433
26459
26337
26428
26436
26447
26436
26453
26463
26337
26335
26416
26420
26436
26340
26347
26340
26484
26370
26429
26463
26347
26348
26453
26355
26349
26355
26372
26358
26513
26351
26352
26383
26368
26356
26365
26354
26368
26369
26366
26513
26361
26382
26361
26374
26363
26375
26375
26383
26370
26382
26371
26374
26382
26495
26513
26379
26377
26406
26484
26378
26379
26401
26381
26473
26496
26407
26495
26391
26444
26399
26400
26406
26411
26388
26404
26487
26404
26473
26485
26389
26486
26488
26435
26498
26472
26473
26493
27157
26396
26397
26403
26402
26472
26401
26414
26399
26424
26409
26424
26432
26403
26472
26413
26496
26408
26411
26413
26418
26432
26411
26414
26413
26496
26424
26426
26430
26419
26423
26432
26428
26451
26428
26449
26432
26437
26525
26433
26431
26525
26438
26452
26439
26442
26444
26488
26445
26450
26471
26441
26450
26471
26441
26499
26442
26493
26450
26452
26456
26456
26470
26467
26470
26489
26468
26525
26481
26526
26489
26466
26505
26477
26524
26471
26499
26470
26471
26491
26504
26537
26490
26477
26478
26537
26480
26483
26502
26491
26504
26483
26515
26517
26487
26487
26494
26499
26493
26497
26492
26515
26498
26511
26520
26504
26508
26520
26517
26519
26520
26505
26524
26531
26507
26509
26532
26518
26543
26534
26536
26542
26534
26544
26524
26531
26537
26538
26545
26536
26545
26547
26541
26536
26542
26546
26539
26545
26545
26548
26544
26547
26548
27273
27282
35460
30606
30701
26552
27133
27464
26553
29077
26554
27341
26564
26579
26566
35452
26564
26700
27419
30881
30889
43638
26581
35388
35392
35400
35366
35372
35377
26581
26705
35392
35393
26709
35400
26566
26700
29083
26565
27419
26576
26700
35460
26571
27341
30719
26580
26621
30719
26570
26573
26577
26580
26614
27332
26573
26594
27332
26621
26580
26619
30719
26577
30684
35444
27341
30719
26584
26617
27328
30704
26650
27265
27419
26617
26588
30684
35440
26586
35429
35457
29052
30684
26590
29167
29189
26591
26599
26589
26599
26623
29151
26592
29068
26623
29066
26593
26598
26600
26595
27144
26871
27266
26605
26665
27144
26598
26871
29068
30684
26871
27266
27331
26603
26614
27332
26605
27144
26605
26606
26611
26612
26610
26616
26608
26611
26651
26610
26660
26610
26616
26662
26657
26612
26636
26613
26614
26872
27182
27266
29056
26663
26665
30712
26642
26651
27492
26700
29083
26622
27464
27332
26628
26647
29076
26628
26648
26649
26626
26664
26735
26631
26649
27484
26642
27484
26640
26664
26907
26656
26733
26737
26632
26633
26716
26649
26712
26635
26715
26638
26742
26907
27656
26640
26664
26651
26734
26638
26640
26751
26864
26738
26661
26737
26740
26647
26651
26722
27492
26645
26646
26653
26732
26852
26652
26659
26852
26734
27133
26735
27492
27484
26657
29054
26654
26873
26655
26732
26853
26855
26667
26722
27887
26660
26659
26669
26879
29054
26667
26722
26847
26907
27656
26671
29054
26666
27182
26740
27182
26671
26674
26852
26669
26673
26670
26875
26879
26673
26877
26709
27350
29054
26876
26877
29056
26869
26879
27182
27266
34927
34937
35336
35407
26684
27522
34938
35294
35303
35304
35281
35287
35300
35265
35286
35290
26696
27522
27650
35407
34936
34950
34954
26757
26767
34956
26687
26761
27646
26691
26689
26691
26706
26717
26761
26699
27650
26704
26727
26728
26843
26699
26704
35404
35411
35415
26726
27460
34964
35115
35369
35399
26702
35397
35423
27440
35395
27504
35394
35398
26706
35424
26706
26708
26709
26724
35397
27865
35401
26717
26736
27504
26736
26714
26715
26718
26717
26716
26719
27451
26720
26719
26721
26743
26738
26721
26761
26752
26751
27656
26749
26753
27647
26727
26748
34938
26753
26755
26749
26752
26749
26752
27496
30562
35413
35414
27887
26735
27492
26872
26740
27451
26847
27887
26741
27496
27553
27493
26752
26745
26746
26851
26837
27647
26747
26775
26777
26755
26750
27479
27647
26856
27493
27646
47000
47044
27646
26843
27530
34975
34961
34974
26759
26770
26771
27530
34980
34994
47015
47069
34939
34955
34965
34939
34943
34957
34939
34950
34954
34965
34919
34997
35028
35103
35014
35023
35109
35145
34981
35004
34977
34979
34989
35000
26770
26835
33905
34976
34980
26777
33906
33907
33912
33924
26776
33922
26775
26838
26777
26834
27549
26779
26791
26798
26780
26782
26781
26783
26834
27549
26783
26794
26784
26839
26785
26787
26834
33876
33890
33903
26788
26789
27125
26834
33924
33935
33943
26807
26838
26807
26844
27547
46983
46991
46993
26795
27115
27122
26803
27087
27097
33627
34988
26823
27087
26800
33930
33940
26824
33935
33944
27091
27122
27607
27097
27116
27117
27083
33948
27117
27660
27093
33928
26854
26809
26811
26810
26812
26828
26846
26812
26862
26845
26823
27087
27098
27097
27117
26818
26917
27910
26817
26940
27105
27072
26819
26925
27618
27072
27892
26821
26940
27660
26823
26939
27877
26832
26854
26862
26827
26828
26923
26848
26859
26830
26831
26928
26832
26840
27602
26841
27602
27187
33894
34976
26837
27647
27530
26841
26866
26851
26866
27863
34966
26854
26927
27620
26927
26853
26849
26856
27493
26863
26922
27553
27479
27602
26858
26868
26858
26884
26864
26915
26860
26923
26867
26918
26922
26890
27944
26882
26888
26889
26870
26873
26915
26870
26873
26889
27133
26875
26914
28494
26878
28971
28958
27331
29056
28958
28959
28971
28978
28494
28978
29051
26883
28984
26887
27944
26887
28475
28483
26887
28980
26915
28984
26899
26921
26892
28496
28980
26893
26959
27004
26895
26920
26921
26897
26899
26951
26956
26899
26909
26921
27901
26908
26911
26950
26902
26935
26956
26905
27740
26905
26950
26963
26911
28458
28463
26949
28471
26959
27943
28465
26920
26951
26920
26951
26911
26957
28458
26913
26931
26976
27910
26950
26971
28464
26927
27620
26921
26927
28463
27635
26935
26955
26956
27910
26932
27808
27856
27635
26930
27072
26933
27009
26955
26934
27892
26934
26953
27892
28434
26976
27113
26937
26941
26954
28435
27060
26940
27105
27098
26952
28434
26944
26954
27002
26954
27002
27048
27031
28435
26946
26947
26975
27003
26970
27060
26964
27734
26962
27734
27856
26960
27740
28471
28090
26953
26954
27009
28090
26968
27810
26968
28369
28496
26964
26966
26963
26967
26971
26999
27003
27008
26966
26965
26975
26966
26969
26967
26974
28390
26972
27784
27027
28093
27810
26973
26974
28387
26986
28352
26986
26991
27808
26978
27027
28093
26979
26983
26982
28388
36617
36627
36700
36544
36619
26983
28386
26984
36538
26994
27014
27005
27006
28388
26998
36428
36431
35817
35821
36151
26993
27034
27925
27013
27075
36546
36702
27784
28093
27016
27031
36533
36538
36603
26996
36543
36515
36529
36531
27034
27104
27855
26999
27810
27001
27002
27787
27016
27031
27022
27060
27943
28458
28366
28366
28387
27758
27855
36603
27856
28434
27048
27101
27795
28435
36541
36544
36545
27030
36611
36624
36536
27027
27758
27016
27032
27037
27028
27021
27045
27109
27024
36501
36565
27020
27046
36522
27026
27037
27046
36495
36522
27106
27787
27050
27102
27787
36509
36525
36547
28352
28372
28389
27102
27118
27826
27029
27037
27102
27787
36613
27104
27925
36496
27124
27861
36539
27124
27075
36551
36563
27039
27061
27121
27046
27053
27118
27109
27041
27044
27078
27042
27051
27130
27043
27076
27102
27118
27080
27112
27130
27121
36495
36504
36469
27107
27664
27666
36485
27076
27076
36106
36107
27077
27109
36528
36541
27110
27121
36484
36504
27058
27061
27110
36508
36511
36547
27059
27129
27061
27108
27066
27073
33446
33462
33496
33645
33591
33938
33953
48373
48378
48458
27082
33595
27070
33589
33598
34182
33567
33574
33590
33651
33587
33588
33939
27071
33580
27079
33597
33598
27618
27080
27082
27112
36453
36459
36464
36561
27114
27118
27130
27088
27094
27123
27132
33600
46872
46886
27120
33593
33594
27119
33937
34182
33627
33569
33584
33646
33949
27089
27092
27090
27094
27754
33932
33952
27123
27132
27096
27103
27116
27131
27099
27660
27107
27101
27107
27716
28435
27864
27107
27826
36488
33517
33522
36480
27808
27131
27877
27754
27716
33936
33586
27877
33942
27855
33912
33943
36499
36505
36507
31019
43492
43517
33552
36470
27707
33613
27754
27153
27159
29194
27161
27172
27969
27254
27416
32281
27234
27255
27215
27234
27971
27159
27396
27498
27143
27258
27356
27185
27188
27971
27362
27420
27536
27536
27165
27333
29196
27152
27253
27258
29197
27969
29036
29192
27234
27334
29194
27156
27188
27257
27155
27215
27154
27333
27158
27334
27507
27165
27229
27166
27259
27190
27204
27416
27159
27160
27360
27163
27550
27526
27875
27969
29192
27466
27526
27875
27357
27360
27362
27227
29196
27168
27173
27183
27171
27969
27184
27190
29224
27171
27173
27491
27172
27490
27525
27485
27489
27175
27176
27869
27880
27186
27912
27181
27189
27252
27179
27180
27948
27942
27184
27252
27968
27485
29036
27948
27215
27257
27869
27952
33907
34970
29192
27869
27968
27257
27192
27211
27509
27194
27509
28045
27195
27986
27509
27957
27218
27950
27509
28462
27202
27210
27953
27953
28992
29069
27210
27219
27951
28483
27208
27208
27213
27214
27207
27208
27208
27213
27967
28954
28957
29069
27220
27483
27951
28472
27215
27499
27259
27873
27217
27219
27483
27948
27247
27230
27937
28955
27221
27953
27873
27948
27223
27225
28936
27236
27225
28925
29202
27232
28935
27967
28937
29202
27231
27271
27232
27272
27231
27279
28472
27233
27241
29202
27236
27499
27236
27237
29199
27238
27238
27240
27268
27354
27240
27269
27281
30222
27279
27354
27244
27264
27296
27261
27262
27280
27245
27246
27296
27280
27280
27300
27249
27267
27415
29197
27253
27263
27261
27284
27352
27467
27263
27264
27469
27356
27258
27333
27272
29224
27262
29074
29163
27284
27351
30209
27348
27415
27346
27279
27352
27269
29195
27270
29184
27281
27286
27272
28937
29083
35445
27275
27276
30188
27308
30208
27320
27463
30191
27278
27285
27287
27293
29642
29197
29074
30209
30681
35443
35454
27285
27290
27305
27469
27304
29200
27292
30096
27288
29160
29632
27292
29172
27301
27302
27303
27293
30733
27293
29174
30733
29632
29222
27295
27296
27344
27296
27297
27306
27298
29191
27301
35450
35453
35462
27303
29074
29161
27303
29166
27305
30208
29161
29163
30242
29183
30242
27312
29191
35449
35450
27343
30189
30214
35426
35429
35434
27528
29165
27312
27314
27411
29223
29164
27316
27318
27355
27410
27315
27317
29164
29186
30229
30246
27411
30202
30688
27409
27411
27528
30219
29169
30733
35369
35378
35387
27323
27402
27423
27326
27405
27325
27399
27409
27326
27406
27648
29186
30688
35447
35461
35464
27407
27408
27340
27402
30688
29059
27499
27501
27367
27378
27421
30207
27337
27367
27648
27418
27347
27349
27395
27347
27648
29186
27421
27648
29077
27395
29164
29186
30208
27346
29164
29191
30215
27348
27395
27418
27353
27418
27464
29163
30222
27356
27536
30222
29223
30246
27536
29194
27359
27417
27362
27381
27396
27362
27396
27459
27364
27370
27379
27471
27370
27381
27387
27368
27372
27417
27390
27413
27375
27381
30207
27375
27382
35390
35402
27373
27375
27380
27382
27377
27379
27413
27385
27387
27396
27391
27523
27413
27468
29193
27382
27531
27459
27383
27457
27523
27531
27385
27455
27457
27523
27456
35379
35381
35417
27457
27459
27391
27497
27523
27541
27390
27414
27468
27427
35395
35403
35406
35417
35249
35254
35379
35391
35396
27398
27408
30513
30508
27406
27408
30513
30582
27410
30232
30513
27405
27468
27404
27406
30226
30228
27414
27414
27410
30202
30594
35385
27471
27469
30207
27420
27468
35342
35380
29193
35313
35338
35343
30588
35314
27454
27497
27448
27434
27439
27431
27433
27431
27435
27437
27432
27435
27448
27436
27443
27435
27454
27437
27438
27445
27439
27453
27439
47067
35420
35424
34935
35307
35316
35320
46907
46940
47001
27445
47066
46959
46965
46966
27452
47033
27447
27458
27462
27473
27478
27541
27450
27453
27641
27473
27535
27453
27546
27535
27456
27527
27498
27465
27631
27522
27650
27472
27503
27505
27478
27527
27541
29183
30733
27500
27527
27470
27550
30209
30222
27477
27500
29193
27474
27482
27482
27475
27503
27632
27661
27477
27481
27525
27486
27505
27863
27513
27661
27662
27502
27503
27631
27942
27487
27525
27526
27867
27912
27489
27491
27494
27495
27634
27525
27532
27514
27636
27658
27506
27514
27863
27531
27550
27631
27507
27971
27513
27532
27538
27513
27631
27630
27638
27875
27967
28919
27511
27524
27552
27516
27520
27518
27652
47012
27532
27538
27516
27520
27651
27517
27562
27555
27552
27633
27521
27539
27632
27529
27637
27546
27633
27641
34936
27529
27661
30214
27662
46906
46925
47036
47025
47062
47064
27538
27630
27662
27552
27661
27546
27633
27652
34962
47043
47048
47063
27545
27569
27551
27551
27565
30641
30753
27562
27863
47011
47012
47013
47014
27565
47017
27557
46996
47016
47042
47011
47015
27561
46990
33880
46912
47002
27561
27574
27565
33870
34999
36171
40645
47008
27568
27594
47036
47060
46964
47039
47040
47041
47051
47053
27637
27651
46867
46973
46995
27583
27608
27573
46975
46972
46978
46979
46986
46862
46968
47006
46861
47006
33947
46866
46869
46870
27583
27606
32361
32743
27600
27606
27696
27697
27700
27584
27599
27608
27595
27726
27587
27606
27600
27609
27625
46922
46962
27595
27592
27645
27653
47048
47050
47051
27704
46859
46989
46990
46991
46993
27704
46860
27608
27704
27606
27659
27621
27663
27694
27604
27613
27617
27644
27659
27694
33938
33942
33953
27700
27610
27611
27713
27715
27695
27613
27614
27722
27713
27623
27891
27896
27616
27628
27894
27617
27900
27722
27621
27622
27642
27864
27653
27907
27624
27626
27724
27918
27649
27663
27921
27659
27639
27921
27992
27713
27715
27896
27862
27886
27657
27658
27878
27640
27641
27658
27867
27638
27657
27640
27878
27653
27654
33884
27649
27663
27659
27694
35423
34994
27878
27954
27954
27716
27671
27667
27667
27668
36071
36485
27670
27680
31017
31092
31111
27671
27685
27672
27729
27673
27677
27702
42005
43309
46890
33573
42020
46891
27686
46891
27685
27688
31026
31101
27745
27757
31123
36051
27853
36166
36752
46872
46885
46886
46889
36032
36432
27729
27745
27693
27702
27916
27916
27693
27703
27726
27702
27703
27719
27916
27907
27696
27709
27718
27698
27718
27712
27703
46866
27706
27825
27711
27730
36527
27714
27728
27895
27715
27895
27721
27723
27728
27731
27717
27714
27719
27727
27731
27720
27725
27727
27724
27891
27900
27724
27896
27742
27733
27741
27755
27767
27740
27745
27748
27755
27739
27741
27764
27747
27752
27770
27752
36094
31061
33502
36463
27747
36092
27766
27770
27753
36082
36089
36093
27751
27777
36076
27753
27764
36093
36091
36058
27770
36497
36500
36524
27777
36071
27795
27826
36106
36107
36114
36169
36747
27763
36112
36510
36169
36173
36098
36116
36174
27777
27809
36115
36132
36170
27770
27778
27776
27778
33615
27774
27792
27847
27797
27847
27917
27782
27847
28076
27774
27776
27780
27794
27791
27796
27791
27791
27780
27807
27825
27794
33520
33522
36464
27797
27857
27859
27785
28105
28344
28387
27786
27789
27801
27793
27803
27804
27794
35859
35860
36000
27792
27796
27802
27807
27815
27855
28076
27915
27799
28100
27889
27811
27816
27824
28338
27811
27814
27829
27897
27825
27918
28100
27824
27919
36152
27829
27830
30391
30896
36314
36767
27897
27820
27821
28436
27828
27996
28117
27822
27842
27993
27831
27919
27933
27823
27920
28087
27993
28082
27829
27842
27993
27924
27933
28436
27919
28454
27835
27846
28062
27837
27839
27841
27836
27850
27850
27852
27841
27915
27840
27854
27841
27843
27845
27843
28338
63837
63856
63922
27849
27915
28084
28095
27920
28084
28095
27852
36730
36746
36812
28363
36165
36738
28095
36602
28105
28338
27915
27987
36526
36528
36543
27868
27921
35391
35406
35417
27868
27882
27881
27954
27886
27911
27939
27952
27872
27911
27939
27905
27932
29224
27876
27881
27884
27938
27992
27911
27936
27941
27884
27912
27912
27883
27940
27886
27941
27902
27905
27889
27899
27906
27890
27991
27891
27944
27906
27906
28100
27991
27936
27940
27904
27914
27947
27905
27932
27936
27991
27909
27914
27947
27988
27989
27989
28105
27993
27947
27988
27989
28110
27984
28137
36493
27929
27935
27981
27928
27930
27956
27931
27947
27930
27945
28008
27932
27966
28438
27988
28137
27939
27966
27940
27941
28955
28472
28369
27946
27981
27994
27955
28045
28459
28462
28943
28942
28954
27959
27973
27979
27970
28939
28580
37869
27962
27977
28940
27963
27964
27974
27979
28468
27979
28964
27970
28013
28947
29039
29036
27972
28451
28939
27986
28045
28942
27975
27977
27994
28616
27977
27978
28012
28433
28616
28942
27981
27983
27995
27984
27987
28100
27994
28616
27995
27999
28120
28433
28451
27989
28110
28117
28202
28468
27996
28049
28238
27998
28000
28052
28120
28007
28000
28005
28109
28022
28002
28003
28108
28127
28004
28102
28015
28034
28006
28433
28020
28117
28238
28459
28030
28126
28556
28047
28020
28109
28624
28892
28451
28957
28017
28048
28187
28018
28113
28017
28018
28124
28019
28601
28019
28023
28608
28021
28485
28624
28034
28599
28024
28113
28028
28115
28027
28030
28187
28027
28060
28621
28031
28375
28114
28124
28145
28030
28126
28587
28032
28032
28621
28598
28060
28124
28145
28375
28102
28608
28036
28047
28050
28834
28941
28038
28053
28058
28039
28941
28047
28041
28042
28868
28046
28834
28597
28886
28046
28944
28993
28573
28940
28964
28993
28945
28892
28599
28624
28238
28573
28892
28940
28059
28486
28574
28102
28054
28059
28057
28574
28056
28597
28600
28057
28576
28579
28600
28059
28198
28587
28062
28073
28152
36630
36642
36647
36707
36750
36836
36871
36148
36156
36638
35815
35820
36135
36203
36102
36112
36566
28070
28089
36824
28070
28216
36823
28079
28147
36741
36742
36727
36740
36740
36725
36734
36812
36836
28089
28139
28147
28084
28373
36023
36028
36086
36105
28080
28135
28094
28133
28147
28138
36742
28091
28094
28139
28085
28087
28373
28336
36740
28107
28153
36868
28138
28399
28471
28092
28103
28104
28148
28190
28344
28215
28106
28108
28148
28104
28107
28373
28099
28106
28454
28103
28107
28108
28116
28148
28148
28139
28127
28599
28137
28112
28113
28115
28603
28134
28115
28186
28184
28129
28438
28119
28129
28197
28603
28238
28143
28144
28197
28123
28184
28313
28125
28140
28192
28132
28196
28198
28485
28202
28454
28140
28197
28603
28149
28190
28131
28136
28141
28143
28203
28140
28144
28150
28215
28142
28203
28144
28146
28150
28436
28152
28161
28169
28185
28154
28161
28216
28217
28199
28185
28215
28217
28170
28154
28167
28169
28399
36915
36947
28166
36162
36725
36730
28157
28172
28294
28159
28178
28172
28294
36881
28173
28180
28295
28163
28168
28193
28203
36895
36896
36928
36891
28191
36861
36874
28169
28185
36857
28216
36819
36855
36857
36915
28179
28278
28171
28179
28183
28200
28303
36878
28278
36878
28175
28178
28280
28176
28194
28177
28182
28195
28188
28283
28295
28183
28278
28193
36875
36879
28295
28603
28201
28313
28556
28601
28189
28632
28192
28196
28606
28215
36803
36849
36862
28313
28278
28195
28214
28269
28561
28200
28217
28201
28609
28212
28279
28206
28212
28207
28221
28209
28210
28551
28212
28257
28213
28261
28279
28606
28609
28655
28277
28214
28220
28270
28219
28231
28250
28242
28308
28279
28307
28561
28311
28225
28227
28308
28560
28649
28243
28228
28393
28227
28559
28560
28444
28429
28456
28550
28230
28231
28255
28319
28610
28246
28312
28235
28314
28562
28235
28319
28276
28330
28236
28558
28314
28652
28653
28404
28409
28242
28244
28246
28272
28300
28314
28308
28560
28245
28555
28273
28255
28248
28249
28274
28255
28555
28256
28263
28551
28312
28562
28649
28263
28271
28284
28604
28258
28259
28551
28254
28639
28258
28692
28258
28274
28692
28259
28277
28615
28643
29021
28570
28692
28271
28551
28264
28284
28318
28570
28267
28638
28310
28319
28610
28267
28268
28327
28638
28306
28269
28280
28270
28271
28604
28309
28275
28555
28569
28275
28644
28281
28300
28559
28619
28283
28327
28309
28330
28288
28310
28327
28289
28570
28306
37664
37665
37849
32361
62913
28293
28291
28294
36928
36940
37106
28299
37160
37345
37662
28304
28299
36928
37056
37069
36900
36911
36924
36926
36992
37046
37097
37110
28304
36897
28329
36920
36918
37068
37332
36879
36880
37325
28396
28566
28632
28396
28638
28655
28558
28609
36900
36904
36926
28323
36926
36931
36934
36935
28610
28558
28330
28633
36916
37068
37115
36905
36968
36991
28642
28325
28333
28358
28326
28402
28641
36857
36891
36917
36977
36996
28404
28359
28370
28402
28348
28353
28370
28374
28398
36937
28337
28343
36746
36901
28346
28347
36625
36698
36704
36591
36704
36712
28342
28343
28359
28347
28350
36645
28612
36713
28356
28376
28351
36661
28351
28359
28402
28359
36647
36646
28366
28358
36617
36633
36713
36943
28641
28361
28367
28397
28372
28612
28362
28389
28367
28368
36618
28365
28374
28403
28381
28391
28372
28381
28458
28381
28601
28380
28379
28380
28384
28437
28382
28408
28394
28385
28401
28414
28455
36616
36726
28457
28403
28447
28400
28408
28409
28395
28456
28395
28408
28645
28400
28641
28446
28446
28633
28455
28455
28420
28645
28430
28412
28430
28426
28442
28419
28443
28437
28460
28416
28418
28417
28452
28427
28452
28504
28420
28421
28557
28422
28422
28648
28424
28426
28442
28427
28449
28426
28428
28441
28439
28437
28444
28445
28508
28432
28441
28440
28441
28449
28460
28519
28605
28560
28453
28450
28511
28461
28476
28508
28466
28467
28494
28956
28488
28488
28496
28480
28489
28492
28954
29069
28475
28477
28956
28977
28980
28479
28480
28491
28481
28490
28482
28487
28484
28492
28489
28984
28952
28598
28491
28511
28498
28503
28497
28498
28979
28983
28953
28499
28959
29051
28503
28507
28502
28500
28952
28976
28965
28983
28509
28516
28523
28503
28506
28517
28505
28510
28507
28523
28991
29013
29001
29013
29043
28520
28543
28513
28514
28547
28545
28521
28524
28516
28523
28543
28981
29007
29001
29013
29013
29043
29060
28521
28545
28543
29002
28524
28611
29008
29001
28740
29002
28544
28851
28531
28533
28751
28528
28530
28680
28678
28530
28531
28759
28532
28679
28532
28536
28535
28541
28547
28707
28740
28541
28548
28751
28611
28751
28539
28691
29022
28547
28707
28565
28627
28739
28565
28545
28626
28684
29008
28691
28730
28739
28720
28843
28552
28553
28648
28557
29022
28628
29022
28568
28653
28624
28632
28567
28569
28750
28567
28629
28651
28630
28730
28628
28646
28644
28572
28574
28948
28670
28602
28598
28622
28592
28595
28579
28582
28592
28582
28690
28948
28602
62913
28582
28583
28592
29009
28620
28895
28627
28674
28620
28874
29009
28588
28591
28598
28589
28689
28723
28874
28591
28631
28836
28617
28898
28594
28689
28690
28835
28874
28595
28596
28844
28597
28859
28608
28948
28610
28638
28632
28740
28791
36610
28615
28635
28683
28683
28872
29021
28689
28836
28625
28663
28872
28683
28700
28709
28622
28625
28688
28835
28948
28968
28843
28863
28651
28856
28653
28630
28650
28658
28660
28636
28872
28635
28669
28636
28683
28662
28671
37095
37126
37134
37333
28644
29021
28660
28750
28650
28660
28672
28664
28669
28739
28672
36967
36986
37071
28661
28685
28664
28675
28685
28659
28856
28664
28665
28685
28686
28664
28669
28670
28671
28674
28686
28671
28682
28686
28671
28686
28688
28678
28856
28677
28678
28693
28680
28705
28682
28680
28716
28726
28682
28687
28708
28696
28791
28843
28709
28723
28836
28835
29009
28857
28696
28784
28697
28698
28722
28855
28697
28708
28855
28704
29374
28705
28718
28873
28704
28708
28741
28706
28722
28741
28709
28710
28726
28784
28712
28724
29010
28741
28853
28712
28782
29373
28798
28743
28849
28715
28717
28749
28873
29403
28717
28883
28725
29403
28722
28855
28853
29374
28721
28727
28759
28729
28883
28784
28798
28853
28738
28883
29403
28728
28843
28732
28744
28744
28756
28750
28736
28907
28742
28863
28907
28734
28840
28752
28762
29020
28736
28742
28737
29019
28754
28756
29006
28857
28784
28837
28746
28799
28830
28907
28749
28799
28831
28866
28762
28793
29005
29020
28766
28793
29003
29005
29006
28791
28830
28762
28763
28792
28842
29110
28761
28763
29005
28830
29004
28765
28922
29402
28764
29026
29388
28883
28922
29014
29017
28769
29026
29351
28765
28769
28768
29024
29385
28792
29023
29351
28922
29106
29402
28769
29402
28771
28790
29381
28785
28779
28788
29369
28776
28796
28788
28796
29381
28797
29381
28790
28801
29382
28780
28781
28786
28781
28785
28796
28800
28783
28800
28849
28796
28800
28803
29373
28789
28860
28794
28902
29401
28840
29014
28831
28795
29352
28811
29348
28866
29015
29136
28861
28805
28854
28902
28804
28810
29355
29380
29355
28809
28825
29387
29413
28809
29448
28808
29339
28828
29397
28829
28832
28813
29406
28823
28860
29448
28814
28841
28846
28826
28839
28827
28828
28846
28848
28818
28819
28824
28827
28829
29321
28822
28852
28821
28900
28822
28845
28908
29239
29348
29349
28827
28833
28908
28829
28847
29406
28861
28864
28865
28950
29321
29006
29321
29243
29325
28851
28863
29012
28844
28867
28847
28864
29406
28842
28864
28865
28881
29014
28859
28884
28901
28906
28862
28881
28852
28867
29155
28859
28886
29011
29015
29413
29010
28862
28905
28871
29369
28867
29023
28870
28886
28891
28870
28878
28890
28878
28884
28882
29038
28878
28880
28924
28893
28880
28972
28893
28899
28910
29232
29155
28894
28899
28910
29232
28888
28909
28931
28929
28931
28891
28924
28945
28901
28930
28905
28897
29317
29325
28903
29243
28912
28913
28914
29136
29240
29242
30641
32040
29374
29155
29239
28913
28949
28972
29230
28931
28934
29094
29325
29325
28949
28916
29353
28921
28927
28920
29112
29203
28919
28926
28929
28938
28928
28923
29353
28925
28934
29047
28927
29390
29232
28927
28951
28992
28932
28929
28934
28931
28935
29390
28936
29093
28936
29199
28943
28992
28964
28993
28945
28946
29038
29038
29302
29253
29397
29051
29051
28973
28961
28973
28963
28965
28970
28963
28979
28983
28969
28973
28967
28969
28989
29062
29064
28970
28975
29042
28973
28975
28979
28982
28989
28983
28991
28990
28988
28991
29060
28986
28999
28988
28989
29035
29041
29041
29011
29043
28995
29011
29043
29035
29041
28997
29035
28998
28999
29111
29032
29353
29007
29023
29006
29020
29012
29023
29017
29029
29047
29094
29317
29332
29343
29044
29105
29402
29059
29062
29413
29028
29033
29046
29237
29078
29104
29386
29082
29092
29386
29032
29033
29046
29050
29037
29034
29058
29092
29050
29063
29202
29048
29062
29064
29060
29059
29062
29110
29203
29212
29111
29145
30730
29050
29058
29061
29057
30730
29073
29068
29073
29207
29079
29207
29064
29079
29067
29207
29076
29089
29091
29098
29225
29090
29072
29103
29138
29075
29139
29151
29097
29089
29090
29088
29190
29139
30210
29092
29386
30730
29095
29097
29082
29095
29098
29225
29393
30712
29086
29140
29208
29086
29103
29653
29097
29102
29208
29393
29138
30210
29204
29390
29302
29393
29127
29137
29322
30218
29208
29272
29100
29131
29220
29127
29137
29141
29107
29108
29137
29109
29322
30218
29142
29256
29145
29645
29107
29415
29107
29108
29122
29145
29645
29393
29399
29343
29353
29114
29123
29130
29144
30729
29124
29615
29117
29430
29135
29420
29131
29615
29634
29120
29301
29327
29123
29130
29123
29126
29128
29141
29415
29129
29133
29128
29140
29653
29144
29146
29129
29450
29132
29154
29238
29141
29396
29301
30174
29269
29419
29425
29250
29327
29391
29411
29421
29381
29142
29190
29158
29147
29154
29250
29327
29146
29220
29152
29643
29301
29613
30174
29150
35455
35456
29162
30607
35440
29633
35430
29157
29159
30193
29628
29639
29455
30174
29272
30210
29256
29643
29175
29642
30242
35455
29200
30215
30219
30244
29173
35426
29171
29187
29222
30181
29171
29174
29181
30096
30239
29638
35427
35456
29176
29182
30239
29180
29326
29178
29188
29310
29266
29646
29187
29188
29188
29646
29187
30216
29642
30182
30208
29283
30243
38951
39757
30182
30182
35425
35436
35457
29223
30243
29209
30243
29632
29210
29221
30096
29209
29227
29206
29209
29217
29227
29213
30190
29283
30176
30190
29267
29273
29320
30172
29235
29286
29217
29273
30176
29215
29231
30110
29246
29323
29231
29249
29318
29320
29226
29251
35363
35367
35382
35399
30729
29326
29642
29318
30172
29236
29267
29286
29389
29234
29252
29242
29245
29257
29236
29240
29242
29245
29399
29269
29317
29332
29246
29257
29323
29252
29315
29350
29358
29254
29287
29316
29248
29344
29470
29271
29305
29266
29622
29616
29635
29318
29253
29315
29268
29323
29266
29622
30175
29653
29315
29259
29261
29284
30103
29330
29261
29271
29305
29262
29264
29284
30109
29264
29277
29313
29288
29271
29287
30110
29268
30172
30729
29312
30108
29596
29310
30108
30177
29276
29313
29277
29557
29278
29298
29288
29562
29282
29305
30109
29281
29282
29311
29289
29464
29309
29449
30096
29603
29312
29614
29320
29344
29449
30109
29292
29294
29291
29359
29293
29336
29296
29297
29452
29295
29304
29314
29296
29303
29594
29297
29311
29299
29557
29300
29563
29469
29562
30180
29343
29446
29306
29336
29340
29307
29331
29334
29337
29330
29622
29311
29340
30175
29314
29429
29603
29337
29344
29358
29389
29334
29350
29334
29344
29470
30173
30239
29350
29397
30391
30896
30103
29335
29335
29339
29341
29346
29356
29470
29345
29346
29342
29349
29470
29397
29346
29348
29347
29361
29451
29451
29356
29458
29358
29413
29354
29362
29370
29369
29359
29377
29441
29368
29377
29458
29362
29458
29466
29368
29379
29458
29466
29437
29457
29378
29384
29376
29378
29379
29454
29372
29375
29380
29371
29376
29466
29456
29462
29400
29495
29436
29436
29448
29384
29388
29392
29388
29398
29388
29419
29412
30104
29412
29426
29425
29615
29415
30104
29456
29408
29437
29457
29407
29435
29409
29457
29465
29617
29416
29430
29635
29455
29613
29626
29636
29634
29418
29423
29430
29420
30101
29421
29623
29423
29428
29427
29617
30729
29617
29561
29614
29432
29496
29433
29510
29601
29460
29550
29437
29445
29551
29436
29457
29462
29443
29465
29442
29460
29551
29595
29445
29463
29472
29595
29495
29465
29601
29453
29459
29447
29475
29499
29464
29653
30193
29461
29454
29462
29476
29459
29628
29466
29471
29468
29472
29476
29495
29471
29562
29594
29551
29475
29489
29595
29604
29499
29478
29484
29492
29484
29488
29480
29495
29490
29491
29482
29496
29599
29602
29567
29483
29490
29483
29510
29600
29602
29486
29491
29504
29541
29568
29522
29530
29556
45061
46467
63714
29494
29592
29520
29550
29570
29593
29522
29500
29503
29530
29602
29900
29595
29527
29541
29503
29507
29592
29504
29505
29521
29529
29895
29529
29556
29517
29509
29517
29529
29930
29592
29550
29513
29569
29577
29514
29516
30125
29516
29555
30125
29592
29600
29553
29568
29570
29593
29568
29900
29575
29525
30134
29545
29929
29527
29575
29553
29541
29556
29570
29530
29900
29543
29575
29533
29539
29575
29929
29555
29932
29555
29539
29552
29555
29540
29553
29545
30134
29565
29929
29545
30114
29547
29554
29929
30126
29549
29565
29566
30112
29938
29919
29564
29564
30144
29604
29566
30126
29598
29572
29573
29590
29589
29710
29591
29580
29581
29714
29906
30097
29585
29941
29585
29920
29589
29710
29901
29582
29583
30097
29902
29589
29591
29598
29587
29624
29588
29699
29618
29620
30011
30097
29620
30011
30180
30103
30110
29906
29920
29966
29604
29614
29607
29616
29635
29612
30098
29609
29674
29610
30167
30292
29647
29675
30150
29699
29648
29675
29624
30098
29625
30101
29625
30098
29627
29647
29631
29658
29636
29640
29630
30240
30726
29641
30102
35459
29657
29643
30715
30104
29641
30102
35425
35433
29640
30715
35432
30102
29660
29647
29656
30105
30218
30173
30099
29654
29656
29652
29687
30732
29688
29736
30167
29698
30042
29658
29698
29698
29667
29687
29736
30099
29658
29659
30105
29673
30732
29661
30725
30184
29673
29764
30732
29672
30742
30771
29665
29669
29743
29686
30734
29743
30731
29669
29670
29687
30732
29670
29692
29743
29754
29754
30184
29688
29691
29677
29688
29691
29679
29682
29679
29685
29748
30379
29681
29683
29730
29682
29696
29693
29748
29684
29729
29740
29700
29734
29700
29780
30063
30731
30042
29708
29692
30734
29691
29693
29701
29696
29755
30734
29696
29697
29713
29749
29701
29704
30105
30148
29729
29705
29703
29707
29710
29704
29712
29705
29709
29706
29707
30163
29736
30379
29712
29717
30292
29901
29717
29749
30302
29901
30148
30163
29719
29730
29749
29921
29725
29727
30039
29725
29728
30036
29777
30792
29921
30792
29726
29921
30792
29724
29820
29992
29810
30168
30037
29769
29825
29957
30302
29748
29740
30036
29973
29992
30064
29733
29737
29750
29735
29756
29735
29953
29738
29742
30042
29774
29775
30044
29756
29780
30770
29741
29812
29953
29757
29953
29764
29746
29825
29767
30754
29747
29773
29779
29784
30754
29752
29757
29774
29752
29758
29766
29767
30044
30768
30183
30736
29756
29767
29760
29765
29783
29760
29763
29795
29770
30318
29763
29792
30318
29794
30784
29766
30784
29770
29782
30037
30849
29773
29812
29772
29776
29795
29805
30754
29784
29788
29796
29778
29815
29966
29908
30792
29796
30734
29973
30039
29783
30754
29795
29795
29818
30794
29800
29804
29813
29804
29806
30778
30095
29791
29794
30777
29791
30777
29792
29819
29798
29799
29995
29803
30088
29807
29814
30095
30320
29808
29820
29992
29810
29816
29823
29817
29821
30088
29957
30095
30320
29917
29816
29916
30168
29914
30777
29846
30040
29828
29896
29914
29915
30039
29828
29846
29914
29828
29833
29834
29830
29833
29837
29832
29850
29832
29851
29834
29897
30020
29836
29838
29837
29852
29848
29897
29839
29840
29859
29841
29897
29845
29892
29843
29885
29845
29877
29885
29873
29968
29968
29849
29852
29850
29851
29874
29886
29854
29862
29984
29855
29972
29857
29858
29860
29880
29872
29892
29862
29869
29880
29866
29880
29864
29869
29890
29965
29865
29867
29954
29890
29984
29879
29887
29883
29890
29892
29873
29882
29892
29909
29882
29884
29876
29905
29911
29885
29884
29911
29882
29884
29887
29888
29961
29982
29886
29972
29967
29899
29968
29961
29899
29913
29969
29893
29913
29969
29954
29978
29899
29911
29943
29930
29903
29943
29906
29920
29918
29916
29923
29910
29922
30087
30037
30168
29984
29924
29922
29932
29934
30005
29955
29915
29966
29995
29941
29942
29925
29946
30124
29923
30302
29942
29926
29936
29927
29928
29931
29940
29938
29938
29946
29940
29944
29970
29945
29936
29937
30124
29959
29945
29944
29982
29943
29955
30030
29948
29959
29949
29950
29958
29959
30135
29952
29986
29989
29974
29977
30007
29965
29963
30036
29962
29964
29960
30005
29963
30029
29970
30029
29975
30030
29974
29976
29987
30006
30072
30849
30004
30004
29979
30003
29980
29988
30007
29981
29985
29991
30002
30003
30029
30000
30003
30018
30017
30018
30072
29994
30082
30001
30013
30001
30024
30793
30024
30793
30016
30078
30793
30000
30078
30017
30007
30010
30075
30082
30078
30793
30012
30061
30014
30019
30027
30028
30092
30135
30017
30025
30078
30028
30092
30024
30023
30050
30028
30092
30026
30080
30034
30041
30032
30128
30297
30048
30083
30038
30081
30127
30073
30077
30319
30064
30048
30849
30065
30277
30054
30062
30146
30047
30074
30319
30053
30055
30297
30129
30133
30297
30062
30129
30054
30062
30068
30066
30068
30149
30066
30071
30057
30060
30296
30059
30060
30061
30090
30091
30074
30076
30076
30077
30771
30168
30067
30275
30149
30328
30652
30319
30070
30071
30317
30305
30652
30081
30090
30127
30296
30130
30130
30129
30081
30129
30297
30092
30135
30136
30132
30137
30131
30788
30137
30298
30319
30093
30323
30326
30118
30142
30119
30121
30165
30118
30120
30175
30213
30120
30121
30161
30116
30119
30139
30117
30151
30123
30120
30142
30179
30136
30132
30177
30216
30140
30178
30143
30145
30151
30145
30147
30151
30152
30147
30153
30154
30155
30162
30157
30192
30158
30195
30291
30728
30158
30185
30291
30187
30181
30191
30728
30170
30192
30198
30213
30165
30166
30178
30186
30187
30195
30196
30186
30193
30213
30213
30727
30187
30299
30299
30189
30191
30194
30212
30243
30197
30197
30203
30200
30295
30728
30766
30200
30201
30204
30203
30290
30294
30205
30251
30206
30211
30220
30230
30272
30230
30241
30294
30221
30246
30225
30223
30251
30294
30235
30253
30235
30252
30512
30245
30232
30509
30513
30228
30233
30503
30509
30232
30703
30233
30509
30511
30515
30514
30516
30238
30285
30512
30514
30236
30272
30253
30238
30280
30512
30284
30516
35429
35459
30294
30246
30252
30285
30372
30533
30865
30250
30279
30393
30250
30255
30309
30256
30293
30269
30270
30272
30257
30314
30257
30281
30282
30314
30256
30269
30270
30281
30313
30259
30261
30370
30262
30265
30870
30380
30603
30613
30262
30263
30387
30271
35613
39559
30266
30371
30372
30865
30268
30530
30649
30659
30523
30290
30314
30274
30278
30520
30279
30316
30276
30277
30310
30316
30286
30300
30315
30338
30533
30289
30293
30659
30655
30380
30655
46858
63894
30659
30694
30531
30289
30619
30293
30619
30298
30300
30316
30295
30309
30619
30304
30327
30331
30307
30317
30310
30382
30329
30311
30317
30652
30328
30745
30329
30381
30382
30650
30785
30380
30745
30745
30327
30779
30784
30788
30324
30325
30354
30331
30326
30348
30332
30384
30767
30339
30329
30334
30381
30354
30354
30365
30383
30790
30337
30345
30337
30344
30365
30342
30654
30442
30348
30341
30348
30383
30436
30807
30365
30807
30344
30350
30798
30355
30346
30654
30347
30367
30383
30350
30356
30368
30352
30355
30364
30367
30798
30356
30377
30386
30357
30378
30362
30368
30359
30360
30420
30363
30361
30366
30401
30396
30376
30396
30364
30369
30758
30396
30758
30386
30437
30369
30758
30371
30424
30373
30394
30374
30442
30374
30376
30536
30377
30536
30650
30385
30640
30378
30381
30640
30601
30394
30396
30654
30389
30489
30389
30398
30488
30489
30422
30392
30398
30402
30415
30395
30575
30520
30655
30395
30424
30408
30440
30441
30475
30406
30518
30412
30413
30495
30421
30438
30403
30406
30410
30405
30423
30487
30406
30425
30535
30475
30423
30488
30499
30409
30439
30444
30411
30417
30411
30575
30421
30440
30441
30854
30441
30422
30488
30498
30499
30424
30489
30425
30485
30486
30418
30438
30444
30420
31986
30438
30490
30575
30532
30534
30475
30488
53131
53144
63911
30445
30431
30445
30431
30432
44813
63701
30852
30434
30445
30441
30536
30444
30448
30451
30450
30452
30457
30459
30480
30452
30454
30456
30483
30460
30476
30456
30457
30474
30477
30474
30479
30518
30484
30462
30462
30527
30481
30493
30469
30481
30492
30482
30483
30476
30480
30495
30472
30494
30473
30527
30471
30487
30472
30478
30483
30479
30518
30535
30496
30494
30497
30535
30498
30535
30494
30495
30497
30534
30519
30501
30517
30502
30646
30503
30516
30505
30511
30507
30646
30507
30529
30694
30509
30511
63800
30531
30703
30646
30521
30523
30854
30526
30532
30533
30651
30525
30528
30900
32077
30525
30530
30525
30526
30529
30532
30534
30530
30694
30640
30540
30634
30539
30615
30544
30549
30542
30544
30554
30543
30598
30622
30672
30861
30553
30622
30546
30628
30547
30860
30551
30625
30861
30581
30551
30672
30860
30553
30558
30564
30558
30615
30622
30557
30581
30632
30560
30589
30584
30635
30589
30591
30590
30608
35410
30563
35327
35312
35349
30584
30590
30608
30632
30569
30628
30598
30612
30631
30587
35382
35373
35401
35245
35284
35325
35328
30574
30580
30584
30577
30690
30587
35359
35363
30578
30580
30594
30580
30595
30635
30668
30634
35350
35358
30596
30612
30876
30594
30668
30682
35351
35354
35412
35357
35385
35342
35347
35419
30690
30593
30595
30597
30699
30636
35360
30668
30609
30699
30612
30672
30682
30859
30602
30642
30751
30643
30671
30620
30605
30609
30751
30643
30685
35364
30714
35441
30611
30642
30751
30858
30638
30645
30625
30628
30648
30662
30858
30876
30618
30687
30855
30624
30629
30766
30649
30623
30629
30679
30687
30637
30673
30872
30644
30679
30869
30858
30876
30637
30858
30873
30648
30634
30644
30877
30691
30639
30876
30672
32077
30667
30724
30670
30689
30847
30649
30659
30694
30657
30658
30680
30695
30655
30656
30692
30710
30875
30847
30874
30708
30717
30692
30741
30679
30869
30878
30848
30869
30855
30710
30741
30750
30665
30666
30669
30746
30750
30738
30743
30717
30750
30671
30675
30860
30866
30676
30721
30686
30711
30678
30707
30747
30696
30698
30686
35464
30717
30877
35460
30700
35447
35463
35464
30689
30693
30862
30707
30873
30691
30847
30859
30702
30741
30702
30705
30846
30702
30708
30846
30741
30750
30747
35467
35451
35461
35466
30706
30713
30716
30748
30723
35445
30722
30735
35433
35439
35434
30723
30735
30724
35457
30735
30723
30747
30727
30844
30726
30844
30736
30771
30864
35431
35455
30796
30746
30749
30845
30864
30743
30845
30864
30744
30774
30765
30819
32267
32275
30756
30759
30757
30760
30789
30787
30760
30761
30801
30764
30837
30838
30763
30764
30787
30839
30768
30850
30770
30790
30787
30773
30850
30786
30819
30786
30796
30786
30796
30779
30781
30794
30781
30795
30782
30783
30791
30803
30803
30800
30802
30837
30806
30812
30806
30821
30809
30834
30821
30811
30812
30814
30834
30816
30824
30834
30834
30836
30837
30851
30825
30852
30828
30827
30830
30868
30829
30830
30863
30831
30848
30863
30836
30851
30863
30851
30863
30850
30850
30841
30842
30877
30868
30871
30873
30879
30862
30872
30870
30879
30878
30880
30874
30872
30883
43655
30891
38942
39998
40019
30894
30912
38773
38794
38806
30887
40020
40025
39935
39949
39970
40002
40012
40012
40022
40028
30892
30912
30892
30912
30922
33181
38988
40018
43625
30905
43632
43636
43666
30920
33170
40012
40017
40018
32040
38848
43617
43618
30899
30904
30947
30901
30916
30944
30983
32232
30927
33199
33506
36338
36360
30912
30922
33215
30957
31056
33199
43631
43655
30915
43656
43662
39000
43744
43748
38962
43651
43747
30921
30999
30921
30925
30916
30944
30955
31054
43642
43661
43673
43731
44101
44114
44144
44234
30918
30946
30954
30999
30919
30924
30926
33171
30946
31002
39974
39985
40013
30932
30955
31251
40004
43657
43669
30943
43558
43677
44167
43530
43542
43544
43686
31057
43692
43696
43742
30936
30940
30941
30949
30994
38839
43760
43763
43649
43663
43928
30944
31060
30947
30958
30964
30951
30960
33102
30942
31158
31269
30941
30994
31057
30946
31002
30948
30953
31056
31054
31056
31060
30950
30956
30997
30964
31053
30952
30963
30958
30979
31053
30972
30997
30956
30958
30962
30957
33199
33572
30997
30960
30961
31095
30979
31070
33108
30979
31073
30967
33231
30994
31060
31082
31288
30968
30975
30968
30973
30976
30970
31280
31070
31073
31307
31082
31191
31288
30973
30974
30976
31075
31076
30977
31276
31010
31071
31281
31288
30980
31009
31071
30986
31008
31274
30982
30988
30996
30989
30998
39916
30988
31069
31268
39910
31266
39908
39932
39940
30990
40007
30998
31271
30995
39914
39949
40006
31068
30996
31069
31266
39920
31251
31007
31271
31342
39826
39832
39927
39935
39950
33196
39935
39950
39959
31341
39682
39700
39705
39913
39917
39953
31250
31268
31009
31285
31010
31277
31013
31098
31100
36063
36064
31015
31111
31015
31038
31051
31016
31029
31032
31111
31024
43458
43487
48479
31117
48463
48464
48479
43441
43511
48446
31092
48475
31024
31113
31120
43480
48475
36068
33480
43505
43516
43876
43320
43442
43449
31030
31051
31098
31043
31092
33480
31098
31099
31035
31039
31051
31036
31042
31045
31050
31039
31087
31097
31093
33480
31041
31050
31043
36469
43498
31087
33418
31044
31049
43519
33485
33525
31048
31058
33418
33485
33525
31048
31099
43532
31074
31059
31074
33485
31097
43562
31269
43647
43705
43720
43771
33171
31095
33151
31062
36449
36461
36506
31074
43539
31066
31089
31066
31086
33233
33108
33233
31067
31078
31081
33233
31310
61616
31072
33108
31075
31075
31076
31274
31268
31078
31115
31089
31080
31102
31086
31088
31122
31307
31280
31292
63637
63639
31085
31272
31122
33233
31107
31125
31096
31112
31125
31127
31178
31091
31093
31094
31096
31125
33528
31094
31110
31097
31158
31108
31116
43668
31116
36469
31110
31114
31108
31109
31104
31109
31153
31105
31156
31243
31106
31151
31112
31272
33754
31243
33488
33480
33528
31122
33608
48383
48478
31290
33488
43485
43494
43518
48473
48425
48435
48465
48375
48474
48476
31131
31132
31134
36068
33608
33773
48380
48383
46801
46806
46810
46814
31290
31513
31129
31134
33602
48369
43458
43492
48456
48416
48378
48395
48407
31145
31157
33647
48366
48355
48356
48358
31140
31148
31161
31142
31143
31497
31140
31141
31227
31163
31216
31142
31164
31154
31244
31227
31237
48297
48346
48347
31154
31151
31181
33532
31238
31497
48361
31149
31164
33532
48350
48364
48365
48372
31156
31157
48358
48369
31245
31497
48295
48296
48298
31181
33102
33525
31161
31169
31182
31166
31168
31245
31162
31216
31170
31227
31531
31244
33532
31166
31169
31171
31167
31170
31168
31225
31290
31170
31172
31186
33361
31179
31247
31182
31185
31219
31176
31186
33361
31304
31513
33361
31177
31283
31215
31304
31513
33104
31182
31185
31185
31193
31516
33647
31183
31208
31216
31211
31224
31242
31212
31223
31247
31188
31190
31198
31189
31200
31210
33332
31194
33292
31215
31304
33104
31211
31223
31283
31196
31214
31303
31197
31242
31514
31210
31220
31241
31212
31241
31198
31319
31316
31220
31241
31308
31735
33332
31202
31399
31400
31735
31203
33332
31306
31206
31213
31555
31220
31208
31217
31229
31219
31531
31212
31217
31219
31308
33292
31514
34236
31293
31308
31511
31241
33292
31281
31293
31220
33332
31222
31555
31565
32880
31516
31303
31516
31513
33361
31227
31228
31237
33420
31481
31236
33421
48276
31484
33421
31235
31484
31498
31502
48266
48287
48338
48362
33421
33432
31502
33432
31238
31500
33761
48339
48346
48287
48336
48344
33379
33754
33647
31497
48360
48362
31516
39901
39902
39909
39912
39898
39956
40021
31266
40005
31254
31275
31330
31262
31330
31263
31299
31256
31345
33117
31262
31295
31261
31285
33327
31259
31329
31336
31275
31344
31299
33239
39824
31277
31345
31329
31332
31270
33206
31267
38977
38988
39986
31274
33266
39938
39939
31271
33102
31330
33327
33151
39909
39912
39918
39919
31299
31279
33157
31284
33157
33112
33374
33507
43550
43568
34236
31298
33374
33261
31345
33112
33117
31291
31296
31298
31318
34236
31333
33103
33208
33104
31297
31315
31297
31332
33293
31318
31386
32324
31316
31386
32324
31333
31386
33379
31314
31403
31309
31403
33108
31394
33270
31311
31313
31324
31325
31337
63801
31325
31382
31327
31355
31398
31382
31319
31514
31386
31326
31327
31331
33289
31365
31383
32319
31348
31375
32306
31324
31331
31348
31335
31382
31385
31456
31327
31335
31355
31336
31355
31380
31330
33289
31334
32324
31336
31355
33258
31348
31375
31343
31366
39830
31346
31364
31367
31363
31364
31383
39678
39797
31350
32323
39833
31363
32312
32313
33258
39828
32314
32398
32399
39669
39800
31406
31364
31380
31383
31353
39816
31353
31391
33238
39820
39817
39826
39921
39815
31357
32319
32321
32325
32443
31359
32308
31453
32308
32443
31362
31453
31361
31372
31379
31362
31371
33306
32321
32313
31368
31383
33289
32305
32322
32325
31380
33258
31406
33289
31370
31424
31475
31371
31379
33398
31392
32315
31374
32340
32496
32843
32315
32318
31384
31415
31406
32306
32319
31402
32306
33306
31389
31390
31415
31475
31396
31452
31545
31385
31415
31393
31388
31416
31545
31389
33284
31415
33284
31393
31416
32290
39825
31402
33306
31394
33270
63953
31521
33284
31416
31530
31535
31403
31523
31533
31642
31530
31550
31642
31521
33283
31456
31405
31419
31530
31413
31417
31408
31417
31545
31414
31452
31410
31411
31437
31411
31427
32343
31413
31455
31734
32968
31417
31455
31422
31424
31468
31535
31419
31455
31463
31420
31550
31421
31518
31463
31556
31435
31468
31630
31468
32316
31452
31426
31438
31430
31522
31540
32343
31429
31430
31430
31431
31432
31436
31432
31439
31438
32792
31436
31463
31556
31630
32343
32968
31522
31463
31522
31629
31628
31754
31441
31739
31459
32347
31443
31747
32770
31472
32337
32347
31458
31681
32868
31460
31466
32342
31462
31681
31704
31476
31703
31449
31728
31712
32353
32812
31451
31473
31703
31465
33398
32318
39819
39828
39841
39845
33270
31830
31460
31472
32831
31552
32347
32792
32770
31464
31477
31750
31524
31750
31681
31478
31524
31712
32353
32443
32496
31470
31703
31474
32330
32812
32770
31474
32331
32331
32560
31477
32316
31704
31712
31750
32316
31524
32357
31481
31482
31482
31485
31498
33439
33381
31485
31487
32859
33354
31486
31488
33354
31488
31505
31491
32859
48015
31574
33005
33287
47930
47961
32859
48015
32971
33980
34060
48004
48009
48271
32894
33005
33287
33354
33726
48337
33420
34178
48347
48360
33420
35724
40451
61597
31508
31565
31506
31507
33693
31508
33693
31565
31510
31563
31515
33693
31577
33381
34206
48282
48298
48348
31520
31573
33693
31518
31527
31528
31550
31732
31563
31680
31541
31573
33283
33284
31540
31642
31707
31750
31529
31536
31555
31732
31564
31642
31551
31563
31707
31541
31732
31564
31553
31580
33001
31545
31537
31544
31538
31544
33001
31539
31556
33001
31556
31563
31630
31734
31544
31551
31553
31547
31548
31616
32877
31578
31561
31580
31613
31680
31691
31734
32868
31613
33368
47994
48293
31577
31558
31559
31561
31694
31562
31560
31693
32877
31562
31632
32880
31577
43726
63856
63922
31568
31571
31578
32923
31570
31693
31617
31575
31583
31605
31575
31576
31616
32880
32894
31614
31619
31581
31605
47956
48008
31585
31614
47934
31614
47920
47937
47945
31601
31619
34127
47931
47944
47940
47945
47948
31589
31592
31595
31695
31593
31597
31594
31617
31768
31592
31601
31619
31593
47911
31595
31596
31606
31596
31695
31598
31603
31612
31607
31600
34024
47907
47922
47933
47896
47951
31610
31654
32946
47913
31616
31609
31617
31608
31609
31622
31625
33366
31620
31615
32786
31617
31620
31693
32946
47911
47917
32877
47935
31654
31674
31696
32989
31621
31753
31768
32921
33366
31623
31627
31753
31625
31677
31627
31635
31627
31640
31633
31741
31641
31665
31741
31706
31733
31754
31755
31706
31740
32751
31640
31659
31741
31660
31760
33097
31656
33097
31650
33093
31660
31737
31660
31672
31752
31658
31733
31649
31658
31644
33073
31646
31651
31648
31672
31670
33082
31759
33073
31751
31759
31657
31668
31731
31662
31675
31663
31666
31759
31653
31676
31671
31675
31692
31657
31670
31671
31675
31660
31699
31663
31731
31668
33000
31662
31675
31699
33036
31664
31667
31741
31669
31670
31731
31685
31699
33093
33093
33082
31760
31773
31674
33052
34057
31687
31689
33036
33000
31689
47821
31736
31740
32831
47828
47841
47900
47711
47735
47750
50320
31690
47807
47835
47849
31692
47816
31698
47808
47832
47890
31690
47890
47817
31694
32921
32786
34057
47811
47813
47817
47806
31701
31739
32337
31720
31727
31745
31720
31724
31727
32357
32357
32328
31754
31709
31800
32680
31729
32544
31730
31789
31730
31788
32680
31715
32342
31715
31743
31860
31716
31742
31797
31721
31723
31743
31721
31748
32800
31720
31778
32789
31722
31775
31797
31725
31771
31778
31726
31743
31789
31747
31729
31843
31844
31792
31823
31740
32792
31738
32751
32961
31738
31752
31756
31745
33094
31799
31797
31752
31756
31757
31765
32627
32639
31767
32627
31752
31757
31773
31773
32921
33366
31755
33094
31778
32789
31769
31761
31774
31798
32636
31766
31776
34030
31766
31767
31795
31775
31798
32636
31774
31795
31775
31781
31795
33041
34134
47846
32800
31780
31782
31803
31803
31783
31786
31784
31804
31805
31785
32702
31793
31845
31787
31804
31905
31791
32802
31846
31860
31791
31792
32702
31815
31865
31793
31796
31805
31806
32574
31845
32342
32770
31844
32076
31802
31813
31899
32688
31813
31899
31845
31813
31840
32402
31809
31817
31812
31822
31815
31824
32402
31812
32610
31859
32702
31817
31824
32580
32688
31905
31820
31825
31840
31837
32802
31821
31888
31900
32384
32580
31846
32680
31899
31905
31842
31863
31900
31827
31829
31866
31842
31900
32344
31839
31935
32076
31852
32344
32721
31838
31832
31833
31833
31885
31890
31841
31839
31844
31838
31883
31885
31838
31885
32476
31861
31863
32076
31883
31889
31864
32082
31889
31861
32696
31853
31858
32064
31849
31882
31938
32066
31853
31872
32366
32689
32714
31856
31869
31877
31856
31857
31854
31884
31855
31857
31856
31872
31858
31866
31862
32580
32688
32696
31935
32384
32710
32082
31865
32402
32802
32384
31890
32346
32352
32355
31879
31910
31879
31910
32352
31873
31874
31880
32526
31877
32526
32358
31877
32119
31880
32119
32341
32351
32540
32119
32351
32352
32119
32262
61615
63779
63802
32071
32526
32064
32066
31890
31908
32075
32714
61615
63779
63787
31891
31892
31935
32168
32384
31894
31897
31894
31896
31896
31901
32086
31898
31898
32168
32610
31901
31902
32702
31906
31909
31904
32610
31937
31949
35542
31907
31936
32168
31909
31912
31994
32387
31914
32387
31912
31997
31914
31915
31994
32387
31915
31939
31916
31926
31939
31923
31993
31922
31926
31994
31922
31994
31923
31991
31923
31924
31991
32084
31924
32005
31925
31947
32005
32097
31991
31997
31928
31930
31943
31929
31934
31933
31992
32029
31993
32084
32006
32084
31947
32075
32387
31986
63943
32089
32689
32086
31941
31943
32094
32089
32024
32029
43390
53192
62854
62911
31958
31978
32070
32143
31992
31986
32010
32072
31952
31970
31959
31999
31999
32078
31959
31999
32608
32715
32001
32520
31957
31974
31959
31966
31970
32015
31967
31961
32059
32715
32520
32604
31964
32050
32623
31967
32000
32604
32517
32007
32078
32605
32608
31967
31968
31996
32050
32142
32623
31996
32612
31979
31998
32015
32606
31995
32606
32605
32608
31976
31979
31998
32221
31977
32012
31998
32022
32027
31981
31982
31983
32025
31985
31995
31998
32012
32022
31987
31988
32613
32085
32084
32097
32354
32717
32074
32097
32085
32014
32015
32074
32014
32523
32010
32523
32019
32004
32026
32094
32074
32609
32711
32025
32011
32019
32181
32019
32156
32027
32017
32023
32611
32037
32153
32159
32021
32163
32164
32023
32036
32159
32163
32094
32039
32088
32166
32221
32073
32122
32235
32143
32031
32091
32092
32032
32035
32034
32069
32090
32093
32186
32250
32035
32095
32041
32038
32096
32043
32156
32163
32077
32042
32182
32250
32044
32093
32114
32165
32125
32527
32049
32448
32051
32072
32448
32126
32170
32126
32161
32053
32062
32052
32061
32142
32144
32061
32063
32055
32158
32512
32056
32058
32679
32058
32386
32493
32060
32614
32623
32214
32512
32155
32063
32537
32065
32554
32075
32714
32386
32518
32689
32221
32612
32143
32118
32251
32385
32089
32273
32073
32083
32710
32232
32609
32080
32273
32385
32358
32091
32166
32802
32161
32235
32136
32262
32367
32163
32200
32118
32219
32200
32159
32200
32114
32162
32166
32120
32388
32153
32157
32165
32116
32117
32178
32382
32134
32359
32540
32136
32177
32540
32102
32103
32261
32285
32359
32370
32104
32284
32218
32258
32106
32115
32383
32107
32263
32378
32146
32356
32218
32257
32381
32180
32236
32373
32113
32150
32174
32150
32191
32383
32487
32134
32218
32261
32175
32487
32529
32128
32191
32251
32251
32378
32388
32385
32179
32380
32529
32611
32136
32358
32382
32125
32158
32512
32152
32603
32214
32130
32172
32129
32130
32131
32151
32131
32201
32133
32138
32137
32139
32177
32356
32137
32230
32178
32138
32147
32149
32152
32374
32252
32374
32422
32252
32478
32155
32448
32147
32160
32411
32177
32178
32378
32171
32230
32230
32603
32196
32170
32386
32493
32611
32235
32252
32374
32410
32422
32448
32186
32201
32181
32170
32173
32183
32186
32264
32710
32182
32183
32186
32486
32173
32198
32201
32174
32176
32175
32264
32516
32184
32187
32198
32205
32263
32381
32255
32190
32485
32516
32211
32516
32190
32255
32189
32195
32485
32192
32199
32197
32193
32194
32220
32259
32195
32204
32603
32213
32220
32203
32206
32211
32204
32210
32213
32485
32209
32268
32248
39567
32270
32212
32256
32266
32213
32217
32237
32485
39528
32527
32270
39537
39540
39551
39482
39483
39534
32271
32264
32486
32253
32259
39647
32230
32809
39577
39579
39604
32226
32241
39558
32480
39583
39638
32231
32404
39637
39633
39643
32231
39637
39638
32238
32254
32267
32234
32241
39562
32253
32380
32383
32256
32442
32480
32279
32280
32287
39570
39585
39627
32480
32809
39584
39586
39626
39653
32244
32245
32283
39846
32246
32272
32246
32247
32440
32379
32421
39533
39534
39505
39532
39549
32259
32442
32258
32379
32391
32373
32379
32421
32359
32358
32383
32421
32268
39526
39536
39644
39880
39535
39567
32356
32381
32277
39860
32276
32377
32281
32286
32297
39850
32301
32304
39852
39506
39531
39854
39855
39859
39859
39876
39853
39883
39524
39555
32285
33244
32304
32418
39513
39869
39557
39566
39520
39863
39820
39823
39905
39818
39834
39921
32293
32298
32297
32303
39834
39529
39839
39848
35782
36319
39866
39867
39883
39851
32303
32310
32311
39816
39817
39822
39870
39884
32440
39818
39838
39842
32377
32307
32309
32322
32434
32321
32372
32372
32837
32321
32325
39829
32431
39813
39829
32827
32326
32327
32339
32443
32326
32333
32340
32496
39831
32431
39815
33293
32332
32335
32335
32392
32514
32330
32345
32349
32363
32560
32340
32843
32336
32560
32335
32338
32619
32810
32339
32363
32347
32369
32467
32416
32351
32367
32397
32968
32349
38310
62765
32476
32355
32368
32397
32368
32390
32365
32444
33244
32368
32370
32390
32619
32467
32619
32369
32375
32540
39558
39564
39582
39601
32392
32514
32381
32444
32810
43699
46572
49178
32391
32487
32388
32390
32467
32440
60508
63003
63988
32395
32396
32423
32419
39656
39662
32406
39658
39659
32495
32836
32428
32451
32580
32405
32408
32405
32423
32425
32407
32426
32425
33341
32813
33341
32410
32413
32484
32411
32412
32417
32424
32481
32836
32415
32813
33341
32428
32495
32491
32619
32424
39507
39873
32423
39636
39629
39652
39690
32425
32813
32455
39666
32436
32453
32483
32536
32433
39679
32433
32834
39681
33246
32495
32804
39673
39684
39806
32439
39664
32820
32450
39660
39677
32479
32501
32449
39676
39685
39688
39525
39526
39542
39576
32824
33247
39675
39679
32453
32455
32458
32454
32464
33271
33271
32815
33249
32820
32457
32495
32497
32716
32820
32477
32799
32536
32814
32462
32497
32716
32492
32501
32799
32833
32466
32498
32788
32539
32559
32482
32497
32788
32470
32719
32492
32559
32479
32819
32838
32475
32499
32528
32474
32475
32478
32620
32811
32716
32815
32808
32833
32484
32489
32499
32820
32524
32679
32499
39561
39564
39582
32810
32500
32555
32498
32515
32620
32864
32525
32528
32811
32559
32864
32833
33249
32503
32563
32616
32504
32521
32552
32505
32522
32508
32542
32518
32524
32541
32533
32543
32616
32509
32537
32542
32554
32524
32615
39622
39671
32527
32518
32524
32525
32543
32615
32537
32598
32554
32522
32590
32623
32522
32550
32565
32604
32530
32788
32533
32539
32532
32539
32559
32719
32784
32545
32546
32549
32586
32597
33272
32713
32719
32784
32819
32555
32564
32546
32542
32801
32696
32597
32616
33272
32548
32569
32734
32553
32562
32558
32784
32553
32596
32567
32592
32616
32801
32563
32697
32698
32734
32561
32697
32752
32561
32697
32713
32785
32563
32586
32597
32720
32726
32845
32566
32567
32596
32607
32588
32593
32622
32588
32571
32678
32577
32573
32578
32589
32593
32575
32584
32593
32691
32581
32691
32584
32602
32622
32587
32671
32583
32587
32755
32585
32602
32621
32593
32602
32677
32594
32599
41868
61619
62720
32607
32601
32618
32711
32715
32617
32622
32717
32678
32697
32734
32625
33087
32653
32664
32629
32665
32687
32800
32629
32683
32699
32757
32638
32645
32654
32633
32656
32645
32650
32657
32700
33090
33099
32644
32650
32652
32637
32657
33087
34030
32681
32656
32682
33099
32641
32662
32798
32642
32649
33084
32644
32650
33084
32647
32706
33099
32649
32648
33081
32981
33083
32651
32706
32660
32681
33084
32737
33083
32654
32658
32682
32662
32798
32663
32665
32687
32687
32798
33084
32663
32664
32668
32664
32705
32667
32685
32684
32666
32667
33089
32676
33089
32668
32684
32670
32676
32674
32694
32755
32676
32695
32755
34012
32674
32675
32694
32698
32686
32756
32685
32705
32687
32692
32703
32695
33089
34012
32693
33091
32780
32782
34012
32756
32701
32780
32704
33101
32712
32752
32790
33090
33091
32777
33090
34027
33100
33101
32708
32780
32782
32718
32782
32979
32780
32785
32804
32753
32979
32781
32722
32725
32746
32724
32765
32787
32746
33088
32753
32793
32979
32728
32761
32765
32791
33092
32730
32735
32744
32731
32748
32984
32733
32758
32791
32735
32738
32795
32791
32787
32795
32993
33101
34027
32748
32998
32740
32744
32745
32741
32982
32742
32975
32773
33007
36387
32749
32774
32793
32988
32773
32981
33083
32750
32767
33092
32756
32845
32787
32793
32790
32790
32765
32787
32760
32767
33092
32761
32797
32762
33248
32764
32765
32778
32797
33088
32796
32886
32986
32768
32965
32769
32772
32778
32797
32791
33092
32869
32965
32973
32984
32963
32776
32778
32854
32805
32847
32794
32862
32962
32965
32998
33091
33272
32864
32961
32998
33091
32998
33248
33087
33249
32806
32844
32986
32815
32986
32807
32816
32808
32838
32867
32836
32830
32838
33271
32817
32844
32830
32838
32822
32830
32822
32823
32829
33243
33269
32832
32835
33268
39680
32832
32844
32987
33088
32843
32829
32839
33245
32871
33269
33243
32846
33245
33246
33375
32846
33277
33280
32863
32871
33267
32842
32857
32872
32846
32847
32889
32870
33304
32858
32849
32881
32960
32887
33458
32851
33279
33458
32857
33027
32853
33279
33363
33027
32855
32862
32885
32858
33394
32861
32869
32892
32973
32865
33328
32889
32959
32960
32883
32869
33286
33382
32872
33309
32987
33286
33297
33310
33277
33278
32874
32913
32916
32917
32919
32876
32958
33313
32878
32939
32928
32934
32972
32881
32960
32882
32895
32916
33276
33313
32887
33278
33394
32892
33394
33248
32959
33309
32891
32960
33278
32901
32918
32928
32972
32958
33313
32899
32912
32970
33307
32923
32896
32916
32919
32926
32898
32920
32917
32919
32900
32910
32911
32914
32904
32914
33685
32911
32920
33725
32907
32925
32906
32907
33685
33707
32908
32925
34161
32910
32929
33684
32970
33403
34165
32917
32927
32999
33314
32929
34165
32920
33002
33314
33307
32969
32969
33408
32967
32936
32930
32969
33759
32930
33685
32958
32951
32934
32937
32942
48011
48274
32939
32950
34139
33409
32949
32950
33026
32939
32940
32955
32956
32942
34144
32943
33034
34144
33003
33026
33008
33031
32947
34063
47842
47845
47852
47813
33008
33044
33012
34132
32972
33399
33399
34150
33017
32954
33034
34144
32955
33404
32956
33405
32957
33313
33394
32964
32966
32982
33405
33287
34164
34060
47919
32975
33022
34415
32982
32977
32997
34415
32991
33025
47936
47947
47949
32981
32997
33086
33042
33035
33022
33035
32993
33404
34059
33088
32991
32997
32992
33025
33033
33083
32995
33025
33022
34415
33004
33078
33042
33307
33759
34057
34150
34131
34144
33024
34062
33021
33025
33042
34415
33023
34131
33018
33028
33079
34048
34123
33019
33020
33030
34065
34095
34123
33028
33030
34048
33047
34044
33024
33034
33044
34139
34063
34064
33047
33080
33078
33031
34095
33031
34126
33301
33328
34093
33032
33047
34044
34063
34062
33079
33080
34023
34059
33052
33065
33079
33047
33080
34046
33043
33068
33080
33055
33056
33066
47804
47805
33045
34126
34131
33051
33055
33058
33098
34023
33049
34025
33071
33069
33056
34014
34049
33061
34014
33066
33070
34029
34020
33064
33077
33063
34037
34049
33068
34037
33060
33063
34049
33077
33064
34031
33072
34026
33067
33070
33072
34022
34050
34020
34022
33076
34023
34014
34049
34021
34031
33076
33085
34037
33077
33075
34013
34092
33086
33098
34043
33096
33098
34043
34047
33117
33293
33130
33497
33115
33360
33128
33207
33320
33509
33118
33123
33343
33483
33124
33229
33114
33133
33120
33132
33158
33223
33330
33359
33337
33127
33159
33343
33125
33223
33330
33471
33121
33122
33203
33331
33345
33127
33140
33142
33133
33242
33158
33229
33134
33376
33202
33471
33482
33130
33529
33484
33483
33501
33330
33158
33221
33207
33360
33509
33136
33137
33144
33138
33143
33152
33161
33472
33141
33499
33505
33530
36457
33143
33518
33143
33162
33143
33161
33152
36436
36454
36364
36433
36061
43565
43571
43584
43630
43644
43648
43650
33499
33504
36342
36282
36283
36284
36385
33418
33487
33154
33169
36456
33253
33504
36338
36346
36354
36447
36459
36464
36480
33374
33195
33359
33163
33194
33195
33253
33504
33166
33192
33194
33177
33185
33345
33195
33345
33183
33193
39744
33169
33188
33512
36360
43655
43666
43642
43662
43673
36274
39001
36353
38848
43627
36275
38967
38979
38993
39044
39072
33189
33193
38978
38980
39751
39981
39219
39783
39746
39770
39775
40010
33183
39744
39772
33185
33186
33190
33189
33218
39726
39743
39481
39497
39596
33506
39745
33191
33218
39720
33217
39738
33193
39773
39789
39809
40029
33504
36342
36386
36344
36456
39007
39714
39728
39762
33483
33217
33331
39730
39732
39735
39763
33211
33214
33334
33223
33337
33216
33240
33242
39902
39903
39906
33217
33508
33359
33219
39716
39738
39759
33220
33334
33331
33220
33224
33256
33242
33508
39709
39711
39715
33256
33264
39703
33226
33230
33285
33227
33228
33236
33265
33386
33230
33344
33471
33241
33295
33572
33234
33365
33386
33259
33264
33333
33386
33259
39700
39816
33266
39814
39939
33329
33344
33322
33329
33342
33269
33257
33273
33342
33268
33375
39680
33268
39676
33518
33255
39723
39734
40000
39733
33260
33294
33263
33263
33365
33327
33274
33294
33382
39704
33333
39956
33382
33273
33275
33305
33474
33297
33382
33279
33458
33304
33475
33304
33282
33301
33311
33312
33339
33511
33398
33296
33304
33365
33386
33474
33296
33396
33387
33511
33379
33365
33329
33322
33683
33311
33308
33336
33387
33315
33317
33325
33338
33325
33335
33388
33335
33336
33369
33346
33363
33367
33339
33380
33402
33458
33311
33328
33339
33475
33326
33402
33509
34151
33324
37890
33320
34151
33482
33322
33324
33683
34151
33482
33335
33336
33344
33508
33352
33377
33402
33683
33375
33359
33387
33372
33373
33389
33356
33358
33434
33350
33428
33461
33373
33465
33653
33352
33356
33388
33362
33370
33356
33424
33434
33392
33477
33653
33370
33388
33373
33653
33475
33367
33371
33377
33378
47999
48018
48286
33371
33378
33479
33428
33429
33477
33387
33391
33474
33384
33478
33756
33385
33424
33425
33390
33401
33478
33424
33476
33393
33759
33395
33437
34164
33403
33406
33402
33407
33476
33684
33408
33677
33756
33407
33417
33684
33405
33437
33476
33433
33757
34150
33725
34135
33654
33655
33687
33415
33687
33709
33687
33691
33433
33685
33707
33416
33708
33707
33757
33435
33757
33556
33674
48285
33438
33654
33709
48352
48356
48357
33435
33756
33463
33481
33659
33670
33674
33459
33431
33450
33463
33556
33684
33478
34148
33441
33460
33673
33479
33672
33441
33460
33531
33442
33445
33444
33462
33444
33446
33445
33447
33560
33537
33519
33452
33490
33456
33467
33519
33537
33454
33455
33538
33673
33467
33556
33556
33457
33463
33464
33519
33677
33467
33465
33676
33470
33701
33489
33676
33466
33469
33477
33537
33491
33529
33496
33538
33673
33514
33534
33497
33510
33514
33491
33510
33529
33514
33534
33519
33516
33521
33493
33494
33520
33495
33513
33498
33526
33648
33530
33526
33534
36447
36449
36480
36304
36315
38960
33530
36324
33524
43667
33521
33526
33516
33541
36463
36479
33549
33549
36479
36374
36453
36457
36466
43536
43572
33533
33559
36359
33537
33539
33539
33555
33540
33546
33660
33540
33548
33575
33549
33559
33546
33642
33547
33643
33546
33547
33553
33554
33554
33557
36474
36478
33552
33553
33558
33584
33643
33563
33568
36503
33561
33642
33645
33562
33568
33564
33637
33569
33578
33584
33565
33583
33611
33576
33582
33579
33599
33639
33576
33578
33642
33590
33571
33581
33638
33579
33639
33615
36463
36467
36471
33583
33590
33638
33643
36527
33583
33646
33949
33586
33595
33613
33588
33606
33586
33589
33639
33644
33615
33605
33937
33593
33594
33601
33941
33932
33936
33644
33947
46863
46973
33938
42020
33624
48355
33628
33629
34171
42004
46807
46819
33606
33762
33607
33616
33611
33629
33665
33666
33856
33618
33621
33628
33637
48520
33638
46839
46844
46876
48426
33618
33629
33618
33762
33627
33621
33760
33951
33665
50937
50947
50970
33627
33974
33625
33941
33974
33626
33939
33974
33665
33652
50798
50899
33633
33635
33649
33637
33641
33652
33650
33668
33635
33664
33753
33657
33777
33666
33777
33755
33644
46742
46763
33648
33755
33768
33755
33650
33661
33700
33777
33660
33768
33949
34171
33656
33671
33675
33658
33679
33753
33699
33702
33668
33768
34171
33678
33753
33665
33666
33700
33668
33680
33671
33702
33703
48353
48370
33680
33706
33687
33677
33680
33701
33699
33758
33758
33699
33758
33778
33699
33702
33739
48016
48017
48299
33689
34158
33690
33705
34157
33694
33723
33692
33703
33696
33697
33766
33705
33713
33752
33758
33710
33703
33721
48013
48284
34171
33711
33820
33753
33766
34148
33766
34149
33716
33823
48338
48343
48371
33805
33715
33767
33770
33805
33720
33717
33820
33743
34163
33719
33720
33722
35031
34196
34169
48278
48280
33767
34160
33740
33751
34209
48319
48335
48393
33737
34183
33743
33771
33797
33731
33792
34246
33789
48225
50875
33736
33772
50872
50903
52174
33734
33749
33792
33736
33736
33772
33955
34247
33743
34163
33769
34209
33820
33792
34246
48234
50982
50986
33743
33771
33804
34183
34197
33747
33760
33951
33749
33764
33792
33821
34227
33749
34227
33750
33832
34227
33752
33764
34209
34164
33856
48368
33975
33771
33866
34246
33967
33774
33951
33976
34163
33771
34246
33823
34163
33799
33866
48384
48416
33821
33867
33781
33793
33956
33812
33867
33960
34209
33780
33781
33796
33808
33874
33794
35048
33786
33874
35048
33794
33821
33867
33785
33808
33815
33879
33787
33817
33971
33814
34185
50854
50867
50879
50949
50862
50886
50859
50883
51036
33812
33815
33878
33957
33832
33855
35048
33796
33813
34185
34247
33812
33815
33798
34183
33799
33866
33801
33803
34203
33806
34168
33828
33954
35073
33807
33810
34242
33820
33819
33838
34197
33819
33833
33858
47975
47988
47992
48305
33822
33833
33854
48226
50874
51351
33955
33973
34212
34190
35039
33826
33871
34190
33874
33969
34248
50847
50906
52171
35073
33956
34200
34230
50885
50892
50936
33871
34190
34212
33836
33831
33834
33852
33857
33829
33833
33853
33862
33968
33834
34198
34217
35046
33968
34200
33864
35047
33837
33970
33849
35073
50838
50842
50903
51399
33841
33843
33850
35012
33847
33848
35025
35043
33863
35012
35106
34239
34612
33851
35034
35056
33849
33851
34220
35033
34226
33864
34228
33853
33871
50879
51386
33971
33967
33968
34200
33874
33972
50834
50836
50839
51309
33861
33869
34229
33868
33888
33871
33973
33970
34222
35012
33872
35011
33958
33872
35010
35021
33873
33961
34987
33891
35107
33892
33890
33891
33876
33891
35107
33900
33959
33962
33900
35002
33957
34229
47009
50894
50896
51002
33889
33901
35107
46952
46970
47009
33888
33886
33898
33925
33946
46855
46856
48418
34992
35021
34982
34999
33962
33961
34186
34202
35010
33901
35107
34970
35004
33896
33916
33927
33917
34967
33898
33916
34969
33923
33901
34967
34989
33957
33964
33902
33923
34967
33926
33917
34967
34977
33922
33921
33922
33909
33914
33921
33913
33943
33911
33913
33914
33925
33921
33930
33933
33931
34969
33916
33927
33931
33923
33920
34968
47005
47013
33946
33952
35117
33931
33924
34969
33946
35117
33945
33943
33945
33934
33940
33948
33937
33975
33944
33944
33952
46865
33951
33976
33955
33973
34227
33960
33963
35002
34992
33964
35002
34987
46856
46945
46950
46634
46660
46669
47133
35039
35047
34199
34185
35047
50745
50763
50764
33982
33983
47689
47864
47910
33988
34004
47781
48050
33995
33998
47838
47839
47842
47855
33994
33998
34052
34005
34001
34315
34419
34040
34052
34078
34005
34475
33993
33995
34078
34002
34001
34051
34086
34419
34475
34077
34086
34419
47689
51157
51161
47632
47639
47659
34009
34412
34087
34010
34087
34475
34011
34412
34026
34032
34043
34047
34032
34034
34018
34021
34029
34134
47847
47852
34019
34033
34058
34029
34050
34026
34032
34029
47837
34043
34047
51411
51451
51597
51671
34034
44813
45061
34050
34091
34092
34050
34091
34414
34041
34056
34073
34408
34053
34408
47831
47848
47888
34065
34123
34051
34053
34408
34092
34093
34078
34072
34124
34056
34072
34125
34066
34408
34061
34122
34414
47903
47951
34073
34065
34095
34139
34073
34091
34068
34071
34069
34118
34070
34176
34125
34411
34094
34140
34322
34083
34084
34089
34096
34322
34416
34094
34475
34086
34315
34419
34081
34084
34109
34417
34109
34138
34311
34119
34416
47788
47793
47794
48045
34138
34315
34096
34105
34399
34143
34152
34100
34120
34318
34118
34117
34129
34152
34318
47976
51260
51442
34104
34283
34128
34332
34320
34316
34117
34120
34316
34116
34316
34314
34345
34111
34210
34112
34113
34184
34114
34281
34162
34119
34284
34281
34176
34121
34125
34322
34139
34175
47921
34137
34135
34180
47899
47901
47945
47948
48006
34314
34320
34142
34143
34166
34158
34172
34192
34162
34193
34155
34160
34281
34288
47952
48005
34156
34192
34193
34157
34160
34158
34161
34160
34181
34172
34174
34192
34193
34172
34180
34195
34196
34197
34170
34181
35031
34173
34179
34179
34184
47923
47924
47931
48123
51214
51215
51225
48357
48366
34181
34212
34228
34205
34210
48093
48288
48311
34191
35031
34199
34195
34196
34286
50929
50948
50969
34204
34239
34245
35046
35039
50802
50814
50825
51398
34204
34242
34277
34214
48295
34244
34240
51312
51440
51441
34215
34230
34244
34277
34249
34223
34250
34218
34235
34245
34220
34612
35056
34226
34612
35056
35012
35025
34233
34241
34251
34597
34612
34239
35046
35011
34987
34608
44343
34233
34301
34250
47879
51439
34335
34520
34387
34599
51649
34277
34249
34608
34249
34613
35041
50840
52151
34259
34276
34598
34275
34254
34257
34301
34263
34297
34256
34257
34264
34260
34273
34521
51364
51375
51447
34260
34278
34276
34298
34262
34264
34293
34272
34329
34342
34273
51513
51674
51843
34272
34273
34297
34326
34336
34269
34271
34515
34337
34342
34336
34337
34898
34328
51305
51328
51396
34335
34613
35102
34521
34287
34299
34333
34613
35102
34287
34331
34299
34417
34331
34332
34310
47895
34295
47939
47940
51144
51184
51259
51280
34294
34614
35057
51334
51341
51342
51346
34293
34309
34346
34333
34598
51391
51654
51657
34342
34334
34308
51239
51252
51284
34360
34521
51276
51442
51472
34304
34324
34305
34323
51266
51297
51312
48061
48065
48074
34312
34417
34312
34346
34397
47872
47881
34321
34324
51436
51446
51463
34320
48081
51281
51390
51330
51343
51374
34411
34349
34355
51417
51424
51428
51431
34520
34330
34339
34340
34418
34329
34338
34339
34340
34341
34529
34529
34898
34346
34344
34344
34363
34349
34417
51146
51183
51185
51277
51445
51463
34515
34522
34555
51410
51420
51465
47689
34355
34356
34373
34363
34385
34518
34358
34525
34507
34898
51408
51500
34384
34523
34525
34373
34375
34386
34634
34368
34518
34376
34473
34496
34368
34378
48064
51439
51443
51446
34373
34634
34370
34402
34398
34880
51406
51457
51459
51499
34553
51371
51376
34379
34395
34634
34880
34880
34389
34477
34508
34378
34404
34469
34508
34379
34875
34380
34402
34381
34395
34404
34875
34460
34467
34385
34506
34518
51361
51385
51654
34395
34491
34473
34476
34470
34476
34393
34398
34400
34420
34498
34498
34418
34500
34400
34407
34875
34407
34421
34467
34406
51455
51482
51428
51431
51587
51588
34416
51436
51463
51467
34421
34505
34423
34445
34425
34487
34464
34487
34426
34480
34554
34478
34488
34435
34440
34873
34429
34556
34873
34430
34883
34431
34509
34488
34871
34478
34488
34883
34444
34889
34890
34435
34546
34547
34451
34499
51562
51600
51841
34442
34445
34480
34890
34755
34843
51786
34445
34481
34890
34444
34478
51555
51561
51840
34443
34479
34462
34552
34452
34886
34448
34459
34888
34449
34768
34450
34589
34876
34546
34781
34542
34873
34456
34462
34479
34636
51599
51850
34758
51561
51840
51841
34457
34503
34504
34481
34544
34459
34504
34888
34466
34490
34461
34471
34501
34882
34503
51555
51559
51883
34484
34485
34497
34636
34882
34503
34889
34469
34489
34492
34871
34476
34484
34476
34482
34501
34483
51490
51550
34474
34482
34492
34493
34506
34480
34492
34879
51545
51598
34501
34486
34497
34501
34492
34871
34554
34878
34494
34509
34876
34889
34500
34494
34537
34495
34519
34537
34523
34537
34554
34878
34500
34559
51584
34880
51548
51563
51565
34890
34544
34523
34522
34525
34902
34519
51508
51538
51835
34512
34513
34892
34524
34558
34514
34538
34540
34516
34527
34898
34526
34588
34555
34558
34584
34585
34536
34528
34584
34555
34558
34587
34872
34531
34532
34764
34586
34533
34872
34534
34892
34541
34541
34545
34537
34902
34551
34892
34551
34577
34600
34588
34600
34551
34566
34548
34577
34545
34548
34885
34772
34876
34548
34566
51526
51535
51539
34586
34884
34889
51369
51426
34636
34577
34600
34588
34600
51558
51562
51833
34587
34906
34575
34592
34601
51640
51642
34564
35094
34574
34737
34576
34578
34577
34568
34736
34759
34884
35201
34570
34574
34737
34835
34835
35184
34573
34574
34733
35094
34647
34595
34631
34579
34581
34592
34737
35101
34580
34764
34586
35101
34764
34771
34773
34781
34893
34637
34588
34902
35200
34637
34768
34893
34629
34835
34631
51606
51618
51623
52140
51686
51695
51710
34596
34601
34753
34614
34616
34615
51625
34618
34638
34603
35072
35035
34605
34607
35059
34606
35037
35062
34610
35035
35112
50846
51609
51610
51615
35034
35056
51628
51647
51663
51383
51384
51608
34740
34649
35093
34649
34780
35112
35140
34621
34767
34775
34623
34735
34623
34653
34733
35086
35141
34630
34743
35093
34626
52121
52123
52107
52117
34651
34744
34767
51685
51706
51711
51715
34737
35101
34632
35105
35140
34906
34639
35093
34638
34753
51531
51567
51667
51669
34906
34649
35072
51713
52008
52108
34655
34676
35114
34679
34712
34746
51679
51726
51729
34711
51766
52017
51735
51745
51747
34647
34674
34733
34767
34775
35105
35108
34655
34680
34731
34735
34659
34713
35139
34660
34674
34703
34657
34661
51758
57974
61733
61739
34664
34680
34673
34680
34665
35090
34746
34754
35221
34705
35114
34734
34754
35092
35221
34678
34704
34705
34761
34707
35165
34744
34677
34679
34681
34731
34734
34735
34690
34695
34702
34695
34705
34761
34688
52003
52021
57982
35172
34707
35195
34729
34746
34775
35141
34731
35165
34678
34704
34806
35092
34697
34806
34752
34699
34704
34751
34688
35175
35202
52023
61743
51773
51775
52010
52018
34701
35215
34691
34692
35193
34694
34714
34694
34720
34725
34750
35202
34698
34712
34699
34710
34723
34724
34724
34750
34799
34730
34739
35069
35096
34720
34750
34713
35170
34732
34784
34797
34745
51744
51764
61759
34718
34723
34822
34742
34748
51752
34716
34728
35165
34715
34720
34726
34718
34749
51719
51747
51877
34719
34727
34782
34822
34732
34797
34797
34751
34729
34749
35141
35114
35086
35200
57558
61676
61751
61760
35068
34753
34756
51822
51856
51720
52042
34775
35068
51748
51779
34896
35184
35201
51720
34760
34784
35193
35095
35086
51826
51838
51846
34839
51820
51861
34816
34870
51826
51834
34772
34895
34763
34805
34809
35184
34778
34803
34768
34809
35068
34774
34777
34816
34807
34815
34869
34870
34895
34773
34884
34779
34809
34796
34822
35171
34803
34896
34817
34820
34867
34816
34870
35094
34820
34821
34799
34786
34811
34818
34787
34813
34788
34790
34791
34790
34795
34804
35171
34793
34794
34804
34814
34795
34798
34800
34799
35171
51809
51816
51862
61781
61872
61875
34821
34807
34869
35221
34867
51806
51881
61858
34823
34819
34823
34824
34818
34818
34820
34852
34868
34828
34827
34827
34830
51838
34836
51862
51864
51821
51837
34834
34863
34868
51552
51854
51855
34842
34869
34852
51783
51785
51839
34899
51520
51540
51582
51849
51872
34854
34903
34905
34844
34845
34877
34897
51826
51830
34851
34855
34862
34848
34848
34853
34863
34851
34851
61773
61821
61843
61869
34863
34881
34863
34901
51813
51872
34861
34864
34877
34900
34905
34864
34887
34861
34865
34881
34866
34897
34903
34905
34903
34893
34878
34892
34883
34894
34904
51565
51595
34887
34891
34894
34900
51544
51651
51863
34908
35311
34916
34991
34912
34948
35322
34911
35277
35321
34915
34930
35027
34920
34929
51959
52231
52614
52173
52178
52196
34917
34925
34948
35119
35116
35273
34919
35310
34921
34924
35027
34988
34997
34924
35154
35274
35075
52164
52273
34926
34991
35300
35322
35319
35320
34971
34972
34991
35266
35322
34949
35273
34971
34991
35278
34986
35123
35274
34953
34954
35319
34945
34971
34937
35319
34943
34955
34958
34951
34960
34964
34953
34965
34946
34956
35119
35311
34953
35319
34957
34961
34950
34957
35277
34964
35115
35311
34958
34984
34972
34960
34958
34983
34963
35311
34984
34975
34994
47033
34981
34984
34975
34983
34985
35117
35307
34979
35115
34975
34980
34989
34990
35000
35279
35291
35309
35116
34999
35008
47014
50769
50797
50900
52165
34997
50728
50900
52165
35001
46914
47125
35006
35055
35308
35021
35066
35015
35060
35015
35052
35023
35029
35017
35310
35109
35145
35023
35055
35308
35055
35109
47165
52165
52274
52078
52097
52126
52244
52094
52182
52273
35075
52164
52176
35277
35050
52219
52254
52591
35104
35034
35040
35038
35062
51606
51739
35038
35059
35040
35106
35042
35061
35043
35049
35115
35049
35085
35106
35061
35104
35053
35059
35061
35063
35053
35087
35054
35158
35070
35059
35063
35308
35064
35079
35085
35072
52111
52125
52153
52156
35110
35069
35087
35088
35099
52158
52173
35094
35108
35121
52100
52109
52172
35100
35081
35083
35113
35147
35083
35088
35098
35188
35158
35103
35139
51703
51781
52108
35114
35108
35164
35098
35099
35200
35308
35270
35309
35164
35169
35177
35188
35124
35146
35260
35277
35122
35261
35142
35154
35272
35155
35270
35127
35128
35259
35126
35132
35132
35134
35260
35147
35151
35168
35131
35137
35152
35150
35151
35259
35168
35260
35136
35137
51953
51955
51988
35156
52098
52120
52121
52179
35144
35159
35169
35188
35148
35177
35170
35155
35270
35177
35149
35150
35151
35179
35248
35161
35173
51986
52060
52065
35155
35259
35161
35169
35162
35172
35182
35192
35166
35195
51820
51858
35179
35180
35248
52001
57984
35276
35195
35174
35176
35180
35182
35248
35180
35194
35176
35215
35194
35182
35191
35194
35195
51990
52004
52012
35191
35194
35214
35186
35190
35191
35192
35190
35197
35216
35199
35318
35209
35216
35225
35205
35223
35229
57997
58002
35211
35227
35211
35220
35217
35223
51908
51965
35210
35226
35228
52012
52014
52020
35215
35318
35215
35318
35220
35226
35219
35235
35223
35229
35223
51978
51987
51996
52056
52069
52106
52614
35318
35289
35228
35230
35231
35251
35231
35258
35235
35288
51997
52059
35256
35269
51990
52046
52071
35238
35241
35247
35255
51892
57990
57998
35241
35243
35344
35242
35245
35247
35255
51956
51969
51983
52067
35265
35257
35269
35290
35250
35258
35283
35256
35284
35285
35296
35254
35263
35288
35301
35288
35301
35302
35276
35263
35266
35272
35263
35264
35266
35267
35301
35283
35284
35287
35299
35280
35282
35285
35321
35291
35291
35281
35300
35281
35298
35323
35286
35287
35299
35290
35286
35295
35302
35293
35414
35306
35315
35408
35296
35317
35296
35297
35334
35298
35303
35323
35302
35324
35312
35306
35409
35415
35414
35323
35313
35317
35327
35386
35336
35334
35338
35324
35334
35353
35329
35345
35349
35353
35335
35337
35332
35344
57977
57980
35333
35339
35339
35409
35338
35353
52082
52084
52103
35349
35383
35386
35351
35360
35412
35412
35384
35386
35351
35352
35359
35421
35421
35356
35359
35421
35374
35396
35358
35359
35362
35372
35377
35374
35365
35377
35369
35378
35368
35374
35402
35371
35377
35378
35382
35399
35374
35396
35418
35421
35380
35419
35384
35418
35410
35383
35384
35416
35413
35389
35390
35400
35401
35398
35404
35418
35398
35404
35416
35405
35415
35420
35409
35422
35413
35414
35419
35416
35422
35423
35435
35427
35458
35428
35431
35455
35431
35458
35434
35459
35438
35456
35458
35436
35437
35446
35463
35438
35448
35439
35443
35454
35441
35442
35444
35443
35445
35445
35447
35448
35449
35454
35451
35467
35453
35460
35465
35467
35467
35469
44426
44451
44465
44268
44271
44416
35478
35479
44534
35482
44283
35502
44469
44472
44459
48502
48558
48604
48615
44254
44259
44450
44457
44458
44500
44516
35494
44460
44533
35482
44052
44062
40114
49077
44435
44451
44462
44495
35490
35730
44514
35997
44088
44282
35550
44408
44437
35508
44451
44474
44510
62978
63986
44467
35495
35538
42618
42619
42634
35513
35520
35538
44455
44518
44471
44496
44518
35504
35539
44476
35704
44066
44099
35721
44385
44397
35501
35557
44464
35501
35509
35535
44468
35508
44453
44487
44102
44103
44108
35588
35709
42489
42513
42572
42601
35509
35537
35510
35709
44435
44502
35522
44468
35531
35607
42480
42403
42404
44121
35516
35552
35658
42474
35523
35528
35604
42415
42603
42941
42403
42404
44057
35534
42476
44050
44505
44538
44540
42538
42543
42962
42582
42604
42960
35523
35526
35530
42462
42483
42491
42553
35526
35537
35528
35534
35591
35604
35531
42479
42480
43015
35532
35532
35546
35699
36001
35539
35588
35532
35679
35552
35535
35552
35658
35711
35547
35547
35558
44457
44441
44463
44329
40579
35551
35699
44443
35560
35605
44385
35583
35679
35703
35639
35696
35699
44285
44427
44461
44332
44421
44462
35696
35554
35555
35579
44384
44386
44406
35639
35696
42989
44054
44070
44475
44483
35699
44407
42534
44051
44055
44058
44406
35566
35581
35659
35569
35581
35586
35567
35570
35594
44269
44275
44390
44440
35659
35689
35920
35998
35567
35584
35568
35666
35581
35585
35589
35571
35582
35572
35580
35594
35624
35574
35624
35654
35575
35595
35621
35592
35611
35612
35653
35612
35656
35887
35678
35708
35887
35586
35595
35652
35920
35583
35590
35661
35887
35586
44384
35622
38232
44196
44202
42546
35693
35920
36001
35692
35711
35601
35626
35711
35738
42475
35653
35931
42122
42128
35600
35620
42990
35949
42121
35601
35626
42389
42401
42584
35620
35638
35638
35711
35618
35626
42392
35658
35741
44383
44429
42441
42444
35709
44479
43975
43992
44003
35704
35997
44072
44116
35915
42993
44043
35625
35654
35619
35644
36749
42151
63990
43021
43023
44000
35952
35958
36012
35625
35647
35618
35627
42393
35963
35653
35666
35738
35654
35625
35654
35963
35653
35921
35630
35963
42424
43081
35649
42381
42392
42393
35643
44037
35657
35913
35950
35643
35694
35952
35919
35950
42118
35641
35934
35952
44407
44447
44448
35702
42382
42433
42403
42435
42966
35738
35679
35703
42132
42374
42458
35919
35950
42151
49014
63990
35657
35645
35921
35656
35665
35701
43975
44023
44284
35665
35694
35921
44114
44122
44134
42382
42383
43846
35663
35664
35668
35692
36001
42540
42545
42599
35669
35952
35660
35661
35698
35678
35678
35698
35882
35885
35908
35932
35959
35887
56255
63937
63939
35932
35945
35701
35708
35672
37621
35723
35948
37527
35683
35798
38266
35674
35676
35873
35697
35881
35676
35866
37621
35684
35856
35720
35881
35914
35707
35697
35906
35932
35683
35879
35948
38266
44021
44023
44125
35688
35888
37621
44272
44343
38265
44182
35707
35881
35884
35739
37527
35691
44249
44358
35695
35958
35732
44386
35720
35872
35766
35998
38247
44260
42384
42395
44154
35721
44402
44420
42547
42557
42594
42941
35914
35914
44360
44378
44432
44445
35713
35718
44387
44388
44394
44395
35715
35717
35732
35718
35771
35745
35769
44388
35718
35722
44388
44426
44459
35932
35737
44401
35750
35769
35727
39559
41712
44488
44512
35731
35740
35750
35729
35759
35903
38247
44281
35735
35803
37553
44515
44538
38115
38121
38227
44265
44399
35750
35751
35769
38115
44369
44377
44404
44378
42397
35766
35882
35889
38109
44374
44389
35749
44355
44373
35759
35879
35948
37551
37544
37550
44352
38128
44354
44359
37544
37565
37566
35749
35768
44344
44288
44290
44356
44400
38116
38121
35889
38112
35753
37515
37547
37554
37548
38109
35775
37619
38250
35756
37269
37272
35757
35804
35878
35758
35772
35778
35773
35778
35864
35879
35762
35772
35880
35763
35765
35886
35764
35787
35864
37530
35772
35800
37527
35798
35799
37530
38116
44348
44380
44354
44107
44112
44153
35804
35780
35803
37551
35777
37539
37619
35867
37622
35777
37619
37515
37547
35800
35863
35781
37519
38250
35867
37524
37619
37535
53107
35785
35804
37269
35785
37279
35880
37273
43802
43803
43814
35789
35790
35886
35789
35799
37530
35883
35801
35883
35794
35828
35883
35801
35828
35874
37604
35794
35823
36228
35796
35876
35823
35827
36139
35802
35883
35864
37530
38266
37621
35802
35866
35864
35947
37555
35806
35817
35821
35810
35819
35818
35819
35821
35834
35837
37303
35825
35812
35825
36717
35814
35816
35826
36779
37259
37260
35817
35834
35874
35820
35839
35836
36146
36145
36222
37260
35836
35838
36146
36201
36242
35846
35824
35830
35876
35869
35876
36139
36151
36838
37259
35839
35848
35855
35869
35830
35835
35848
35853
35874
36151
35832
35907
35999
35850
36150
36388
35907
36178
36203
37260
38702
36139
36818
36838
36153
36203
37257
37259
35846
36153
36818
36146
36201
35841
35907
36178
35847
36131
35843
35851
35852
36008
36126
35845
35848
35855
35853
35877
36838
35999
36120
43930
43946
35907
36153
36002
36009
35854
36150
36388
35996
36030
36007
35857
35873
35947
36720
35860
35865
36007
35870
35912
36030
35861
35871
37271
37523
35868
36004
36009
37551
35869
36720
35947
36125
35871
35910
35905
35873
37271
37523
36008
36126
37622
38250
35888
35884
35888
35959
35904
44350
35891
35893
35898
35926
35893
35910
35896
35897
35896
35905
35926
37555
38114
38115
35910
35898
35977
35901
35911
35900
35922
35923
35902
35902
35946
35911
35925
38147
44215
44237
35906
37271
35926
35923
35922
35923
36030
36000
35949
42391
44037
42979
42981
35919
42122
35927
35919
35924
35934
36012
35927
35938
35945
35928
36003
42087
42113
42113
42114
35955
42107
43058
36012
42097
42098
42112
42189
43020
43057
44006
43017
43066
43446
35942
35956
43994
44012
44094
43023
43102
43103
35988
43985
43999
35943
35969
36003
43907
43943
43987
35956
35978
36228
42385
42391
63981
35974
36011
43879
43905
42112
42115
35972
36056
42093
43892
35959
42057
42073
42076
42142
36044
42083
42095
42105
36040
42032
42034
43118
36180
43886
43908
35966
35970
35975
35974
36011
43889
43904
43997
43105
35974
36048
35979
42194
43382
43403
35973
35978
36011
36072
36043
35976
36033
35993
36050
35978
35980
35981
36043
36056
35981
35983
35984
35991
36072
35996
36025
35985
35993
35987
36413
38727
43797
43817
35993
43901
43998
44005
42377
42378
43104
44008
36025
36011
36033
36072
36033
44021
44028
44033
36024
44089
36138
36007
36006
36125
36126
36138
36388
36024
36026
36141
36024
36026
36014
36016
36118
36015
36029
36096
36016
36105
36057
36140
36018
36026
36604
36125
36548
36083
36121
36026
36432
36604
36028
36105
36121
36079
36031
36128
36413
43581
43691
43923
36095
36086
36107
36087
36095
36055
43592
43593
43600
36036
36075
42018
36038
36038
36046
36052
36041
42033
42086
43115
36052
42092
43118
42010
42029
43489
36048
42035
43080
36052
42034
36050
36054
36062
42091
42102
42103
36053
42093
43873
43879
43887
43898
36060
42007
42015
42026
36054
36065
36060
42032
36548
36059
36069
36064
36076
36062
36442
43566
36081
42087
42093
42103
42034
42037
43118
43479
36489
43599
43616
36073
46888
36080
42057
43080
43386
42004
46835
46853
36485
42041
43403
43415
36083
36082
42018
36123
36095
36103
36123
40321
40322
53191
61287
36128
36097
36176
36090
36123
36091
36534
36092
36094
36534
36094
36107
36103
36124
36127
36177
36101
36112
36116
36102
36104
36173
36602
36109
36128
36534
36127
36176
42031
36112
36117
36173
36602
36113
36115
36177
36562
36167
36175
36620
36175
36510
36122
36607
36120
36125
36548
36131
36604
36133
36134
36124
36141
36510
36134
36178
36574
36135
36178
36574
36133
36134
36562
36140
36242
36142
36242
36242
36779
36141
36548
36574
36144
36145
36779
37298
36156
36760
36148
36164
36172
36157
36599
36756
36760
36818
36156
36155
36164
36744
36162
36738
36599
36165
36159
36727
36745
36162
36730
36745
36752
36163
36745
36752
36163
36738
36638
36168
36172
36169
36618
36747
36168
36747
36599
36620
40579
63876
63943
36738
36175
36535
36510
36535
36202
36580
43873
43889
43897
43786
43818
36392
36579
36210
36287
36567
36319
37868
41158
36186
36579
37407
36188
36219
36411
36188
36580
36589
36623
36295
36298
36567
36191
36558
36589
36218
36623
36262
36392
36579
43918
43930
43949
36195
36407
36588
36196
36569
36406
36198
36223
36558
36408
36587
36223
36235
36585
43926
43946
36717
36205
36217
36206
36235
37301
36207
36215
36585
36694
36209
36215
36714
36694
36695
36243
36214
36238
37419
36220
36225
37419
36214
36237
36240
36216
36721
37301
36236
37419
36226
36235
36238
36220
36226
36238
36579
36623
36361
36410
36762
36777
36584
37263
36408
36588
37416
36230
36582
36584
36229
36241
36720
36231
36262
37407
36232
36233
36257
36234
36241
36254
36250
38720
37412
37357
36240
37301
37302
38720
36391
36403
36246
36251
36246
36248
36252
36250
36255
36248
38721
38722
38701
36251
38700
38748
36252
36255
36253
36254
36257
38721
36257
36258
36266
38694
36290
39012
38847
43715
36264
39012
36291
36394
36266
36394
39080
36395
38694
36268
36269
38994
36279
36292
38690
36393
38689
36272
36299
36306
36276
36279
36274
36275
38984
38993
36276
36310
36307
38984
36285
36384
38985
36280
36302
36303
36307
36311
36306
38995
36317
36380
36389
36288
36315
36317
36318
36317
36343
36299
36393
36287
36567
36296
36300
36303
36384
36294
36299
36306
38689
36311
38698
43774
43780
43979
36303
36384
36397
36410
36381
36399
43692
43713
36396
36301
36399
36311
36393
36304
36356
38845
36304
36393
38689
38986
39023
36325
38971
38996
36312
36326
38990
36312
38995
36313
36316
36326
38967
36758
53107
36321
36385
38845
38995
36384
38985
41013
38848
43617
43626
36336
38960
36327
36377
39992
36354
36356
38845
38990
36328
36338
38987
39767
39992
38987
39992
36328
38969
38996
36377
43681
43697
43927
43929
36401
36451
39007
36332
36340
36451
36452
36481
43649
43665
43568
43725
43730
36342
36359
36452
36340
36451
43645
43649
43728
36344
36340
36347
36405
36367
38839
43836
36345
36347
36355
36346
36375
36452
36401
39026
36348
36367
36350
36355
43646
43737
43744
36400
36454
43620
43634
43640
36357
36452
36481
43618
43622
43623
36377
36366
36458
39026
36374
36457
36454
36458
36457
36456
36415
36371
36372
36383
38959
43700
43710
43713
36365
36372
36366
36373
36458
36385
36369
36383
36397
36410
36383
36445
36397
36398
36373
36404
36560
36455
36451
39007
36427
36446
36455
38990
43646
43647
43743
43771
38847
43740
43790
36399
38985
36389
36398
37356
43770
43788
36404
36456
39007
36758
61629
36560
36410
36403
36395
38822
36403
36567
36560
36402
36405
36486
38960
36481
36443
36481
36412
36415
36580
36589
36763
36424
36554
36556
36623
36426
36559
36416
36433
36556
36435
36439
36418
36462
36520
36420
36439
36420
36439
36450
36555
36422
36518
36519
36424
36425
36424
36425
36568
36428
36431
36428
36465
36486
36498
36518
36519
36431
36460
36518
36443
36450
36435
36439
36506
36436
36448
36465
36444
36490
36524
43545
43671
43724
36443
36445
36450
36553
43574
43588
43688
43563
43672
43878
36482
36519
36554
36447
36465
36449
36465
36486
36459
36514
36517
36462
36471
36506
43678
43702
36468
36472
36474
36478
36478
36491
36472
36492
36474
36488
36487
36476
36505
36490
36520
43500
43504
43606
36503
36521
36555
36484
36505
36488
36488
43505
43509
43611
36499
36502
36503
36496
36512
36495
36501
36507
36509
36547
36498
36513
36565
36524
36524
36501
36507
36525
36520
36523
36523
36523
36512
36530
36542
36513
36542
36565
36540
36517
36516
36542
36516
36530
36529
36518
36521
36568
36525
36540
36539
36608
36540
36702
36533
36541
36544
36539
36541
36538
36544
36603
36543
36697
36552
36561
36564
36551
36563
37305
36552
37321
36554
36555
36568
36584
37416
36569
36608
36702
36607
36573
36608
36602
36588
36572
36581
36622
36573
36575
36592
36591
36597
36598
36576
36586
37305
36587
37263
36581
36595
36598
36592
36597
36810
36719
36810
37419
36600
36694
36695
36715
37263
36592
36715
36763
37305
37416
36591
36597
36696
36594
36600
36697
36719
36596
36704
36697
36622
36600
36810
36605
36624
36622
36611
36624
36641
36610
36611
36615
36612
36701
36641
36726
36614
36698
36706
36700
36617
36701
36713
36641
36723
36726
36752
36697
36625
36704
36710
36719
36629
36636
36627
36632
36633
36628
36699
36700
36723
36631
36632
36640
36643
36707
36635
36637
36938
36643
36832
36703
36711
36670
36814
36817
37298
36640
36643
36644
36662
36644
36646
36822
36663
36707
36647
36661
36649
36650
36654
36652
36936
36653
36667
36668
36652
36833
36664
36939
36654
36666
36937
36939
36950
37003
36657
36658
36675
36659
36665
36671
36660
36938
36674
36837
36827
36933
36667
36663
36933
36667
36668
36668
36833
36827
36837
36783
36932
36670
36675
36765
36938
36675
36678
36711
36814
36832
36837
36995
37003
37261
37351
36728
36687
36942
37365
36683
36792
36799
36799
37261
36680
36681
37328
36683
37016
36682
36792
37121
37724
36955
37166
36686
36799
37261
36688
36709
37324
36687
37121
36958
37124
36798
36800
36693
36709
36718
36703
36814
36817
36941
36693
36716
37414
36693
36709
36761
36715
36696
36705
36729
36711
36832
36706
36706
36708
36729
37319
36710
36941
36956
36729
36956
36721
37319
36729
36956
37296
37318
36761
37296
37300
36727
36732
36740
36744
36765
36955
36732
36812
36836
36852
36746
36751
36808
36735
36744
36750
36756
36766
36785
36831
36739
36820
36834
36742
36823
36834
36901
36824
36750
36871
37265
36753
36766
36871
39559
61631
37267
36766
36774
36852
36901
36774
36811
36821
36834
36773
37267
36775
36776
36802
37312
36767
36762
36775
37255
36773
37298
37414
37418
37321
37266
37418
36798
36800
36769
36776
36771
37283
36771
36778
36802
37268
37283
37359
36777
36852
37266
36809
37255
36785
37278
36781
36795
37278
36797
36835
36795
37268
37278
36916
36936
36815
36835
37008
37008
36787
36788
36789
37179
37540
36801
36815
36835
36797
37015
37018
37121
36794
36801
37051
36804
37047
37049
37004
37018
36797
36829
36835
36807
36817
36955
37166
37540
36805
36807
37002
37015
36813
36829
36849
37004
37283
37015
36914
37009
37258
37266
37542
36834
36901
36839
36946
36914
36826
36848
36868
36820
36823
36821
36828
36851
36832
36824
36826
36840
36946
36833
36851
36855
36946
36851
36853
37009
36871
36933
36848
36856
36853
36914
36842
36860
36877
36843
36882
36844
36876
36903
36856
36874
36848
36860
36903
36854
36868
36917
36872
36891
36917
36854
36856
36868
36917
36947
36947
36860
36915
36903
36859
36882
36930
36866
36971
36872
36862
36863
37001
37002
37011
36971
37053
36866
36906
36971
36867
36873
37106
36876
36971
36875
36877
36929
36877
36912
36930
36883
36882
36879
36883
36909
36912
36909
36927
36929
36898
36886
36894
36940
36892
36905
36961
36888
36960
36928
37069
36890
36894
36902
36927
36893
36907
36961
36980
36896
36984
37107
36940
36902
36908
36927
36912
36930
36900
36948
37107
36910
36954
37070
36906
36907
36968
36960
36966
36984
37325
36918
37115
36922
36965
37332
36948
36923
36950
36922
36965
36923
36945
36950
36925
36975
37068
37332
36935
37115
37069
36930
36932
36934
36937
36939
37261
37351
36949
36995
37122
37394
36965
37005
37056
36957
37005
36959
36952
37075
37668
36953
36983
37074
36982
37013
37325
36962
36969
36963
37365
37003
37394
36977
36982
37117
37013
37096
36997
37042
37045
36972
37076
37103
36968
37007
37053
37006
37085
37072
37085
37668
36976
36980
36974
36985
37153
36976
37069
37076
37103
36997
37078
37101
37116
36996
37000
37072
36997
36998
37116
37365
37013
37083
37070
36988
37073
37116
36991
36998
37073
37072
37668
37101
36990
36993
37071
37007
37023
37076
36993
36994
37110
37256
37140
37351
37050
37067
37042
37071
37110
37073
37103
37014
37023
37014
37017
37394
37011
37053
37278
37296
37297
37318
37023
37014
37256
37154
37047
37049
37166
37324
37330
37018
37024
37020
37288
37021
37026
37022
37027
37237
37089
37098
37256
37540
37026
37285
37329
37027
37114
37028
37039
37048
37030
37032
37034
37041
37164
37032
37039
37667
37040
37371
37034
37164
37175
37088
37041
37164
37199
37196
37229
37358
37038
37065
37337
37045
37040
37089
37048
37348
37358
37052
37067
37097
37098
37140
37046
37052
37050
37052
37080
37099
37348
37054
37140
37065
37165
37057
37059
37165
37107
37066
37060
37084
37168
37061
37078
37064
37340
37153
37077
37081
37066
37077
37159
37082
37087
37119
37087
37168
37071
37107
37076
37668
37086
37102
37168
37629
37082
37165
37081
37088
37335
37089
37097
37667
37170
37629
37167
37086
37193
37149
37197
37629
37104
37152
37165
37168
37337
37093
37095
37109
37139
37323
37363
37154
37193
37094
37113
37120
37126
37169
37108
37154
37237
37114
37348
37131
37323
37363
37167
37152
37167
37105
37193
37323
37340
37124
37342
37112
37346
37112
37344
37360
37120
37133
37329
37153
37122
37365
37135
37172
37684
37152
37340
37125
37124
37351
37346
37347
37685
37342
37360
37363
37134
37135
37144
37129
37186
37671
37130
37764
37137
37366
37336
37185
37685
37749
37346
37374
37169
37137
37141
37169
37346
37685
37172
37145
37156
37181
37378
37193
37144
37764
37144
37333
37336
37339
37379
37681
37187
37185
37369
37147
37186
37379
37163
37682
37162
37173
37681
37150
37681
37178
37335
37157
37160
37234
37373
37158
37159
37162
37676
37345
37672
37180
37209
37669
37226
37684
37335
37372
37177
37181
37234
37178
37372
37655
37655
37676
37335
37177
37657
37191
37237
37182
37345
37185
37379
37681
37184
37191
37199
37188
37196
37368
37628
37764
37336
37628
37198
37231
37190
37229
37230
37633
37192
37252
37226
37198
37209
37656
37672
37676
37199
37633
37633
37202
37214
37370
37202
37243
37212
37218
37227
37231
37205
37287
37543
37216
37364
37216
37459
37208
37227
37231
37657
37711
37345
37664
37211
37529
37642
37213
37214
37217
37370
37218
37395
37529
37223
37252
37289
37609
37614
37220
37289
37275
37614
37221
37236
37225
37227
37395
37611
37235
37245
37242
37245
37624
37230
37252
37329
37329
37233
37288
37366
37541
37244
37289
37248
37541
37542
37780
40783
37241
37242
37249
37248
37293
37277
37252
37289
37245
37541
37254
37250
37262
37277
37294
37415
37257
37291
37415
37264
37293
37258
37293
37267
37312
37264
37264
37415
37312
37283
37290
37525
37275
37320
37609
37519
38250
37525
37292
37320
37276
37294
37277
37280
37291
37292
37290
37410
37525
37536
37320
37536
63950
63979
37288
37529
37537
37543
37459
37623
37518
37303
37415
37320
37308
37334
37397
37350
37397
37300
37306
37413
38702
37334
37361
37376
37316
37308
37322
37326
37310
37317
37402
37322
37352
37417
37316
37326
37314
37334
37338
37350
37397
37357
37388
37326
37324
37330
37414
37328
37343
37350
37331
37331
37350
37363
37339
37343
37355
37343
37360
37724
37344
37355
37367
37398
37358
37364
37370
37376
37408
37354
37367
37398
37376
37408
37361
37374
38853
43772
43775
37413
37724
37367
37398
37537
37614
37632
37706
37374
37684
37685
37701
37537
37378
37705
37630
37701
37703
37447
37630
37705
37628
37381
37447
37630
37442
37445
37383
37432
37446
37386
37475
37385
37399
38718
37387
37409
37390
37392
37400
37388
37389
37435
37402
37402
37404
37396
37393
37404
37417
37408
37442
37710
37749
37404
37401
37475
37442
37445
37417
37404
37409
38700
38718
37529
37543
37605
37435
37531
38748
38748
37702
37710
37432
37450
38251
37431
37433
37424
37425
37426
37440
37427
38216
37463
37475
37427
37438
37428
37460
37451
38206
37430
37431
37501
37436
37451
37463
37513
37439
37450
37506
38301
37437
37501
38206
38220
38251
37513
37475
37723
37464
37617
38216
38298
37703
37446
38718
37448
37464
37723
38216
37448
37723
37449
38222
37449
37708
38722
37454
37479
37708
37454
37464
37708
37455
37458
37457
38385
37461
38222
37458
37465
37470
37617
37532
38206
38298
37705
37479
37483
37776
38385
38251
37466
37504
37469
38300
37468
38300
38379
37477
37487
37490
37500
37617
38298
37504
37709
37472
37712
38645
37474
37502
37709
37476
37484
38645
37620
37707
37478
37740
37488
38747
38249
38406
38747
37502
37504
37740
37482
37485
37860
38395
37697
37489
38389
38249
38387
38406
37488
37514
38406
37488
37503
37494
37715
38645
37491
38300
37504
37740
37493
37505
37507
37495
37503
37495
37514
37497
37497
37511
38373
38360
37508
38308
38375
38775
37512
38300
37509
38375
38645
37505
38379
39782
37513
38655
38359
38372
38527
38655
39782
37511
38378
38665
38206
38220
38380
38386
37516
37517
37546
37539
37549
37519
37522
37521
37533
37532
37534
37555
38114
43853
43863
43866
37533
37532
37534
37680
38108
37623
44349
37546
37566
37577
37548
37549
38114
37566
37578
37559
37559
37580
37602
38109
37558
37579
37602
37559
38107
38111
37562
38086
37565
37562
37570
37579
37562
37563
38094
37571
37606
38086
38224
44335
44377
37602
37569
37570
37572
37631
37623
37781
38108
38214
38214
37572
38094
38101
37574
38094
38106
37576
37583
37592
37576
37593
37610
37586
37579
37602
37579
38214
38086
38107
37582
37606
37590
37597
37597
37585
38118
37606
37615
37594
37599
37589
37779
37590
37591
37813
37591
37775
37804
37806
37608
38094
37608
37726
37596
37610
37596
37607
37636
37612
38106
37599
37612
37651
37779
37636
37644
37651
37603
37618
37605
37642
38702
37781
38106
37613
37618
38101
37613
37636
37616
37652
38086
38110
37618
37642
37709
37776
38385
37641
37626
37644
37788
37636
37652
37788
38101
37635
37643
37651
37771
37774
37638
37647
37649
37653
37643
37714
38004
37643
37774
37711
37773
37771
37646
37649
37699
37647
37648
37717
37650
37658
37653
37679
37714
37763
37763
37771
37672
37659
37699
37765
37858
37661
37663
37691
37677
37678
37670
37665
37754
37765
37666
37670
37678
37699
37669
37678
37682
37849
37674
37682
37674
37682
37683
37675
37689
37694
37683
37694
37683
37858
37780
40645
37690
37739
37770
37688
37695
37713
37690
37743
37739
38388
37693
37704
37716
37732
37754
37849
37695
37767
37770
37707
37697
37698
38388
37767
37739
37767
37747
37754
37765
37702
37710
37770
37713
38222
37717
37713
37721
37718
37720
37721
37736
37721
38066
37720
37728
38389
37735
37735
37728
37838
37850
37727
37757
37778
38101
37736
37748
37729
37838
37737
37812
37762
37798
37836
37736
37750
37845
37768
37928
37738
37852
37831
37980
38747
37825
37980
37761
37811
37748
38066
37760
37778
37845
37848
37851
37980
37758
37760
37829
37750
37832
37836
37760
37835
37756
37777
37857
37835
37851
37859
37761
37823
37761
37762
37822
37761
37811
38001
37774
37768
37830
37772
37857
38004
37788
37777
38076
38004
38076
37857
38004
37824
37835
40868
44962
37783
37784
38069
37789
38072
38082
37793
37794
37787
38014
37789
37794
38026
37807
37989
37804
37791
37793
37805
37792
37796
37797
37808
37795
38013
37805
37796
38015
38010
38010
37983
37800
37810
38030
37809
37959
38012
37802
37810
37983
38002
37836
37989
37813
38082
38014
37857
37883
38012
38033
37810
37943
38002
37852
38020
38026
37819
37847
37947
37981
37818
37981
37818
37822
37823
37976
37944
37976
55879
60508
60532
37847
37975
37981
37976
38001
37830
37944
37976
37827
37828
37831
37839
37979
38396
38400
38076
37950
38070
37859
38066
37847
37949
37971
38021
37979
38008
38021
37838
37844
38398
37954
37950
37954
37853
37842
37843
37914
38155
38399
37856
37956
38399
37954
38155
37854
37934
37955
37996
38422
37946
37854
37928
37860
38395
37852
37859
37955
37996
37914
37948
38414
38427
37913
37938
38390
38398
37866
37880
38148
37863
38340
38073
38336
37865
37880
37892
37866
37893
37871
37876
37882
37966
61629
38226
62914
37871
37900
37939
38024
37875
37898
37903
37881
37941
37962
38423
38078
38185
37892
38024
37882
37892
38205
37900
38078
38452
38390
38398
38414
38427
37910
37909
38073
37930
38346
38014
38030
37885
37886
37889
37891
37887
37961
37888
37889
37964
38018
38071
38079
38226
38018
38028
38148
37896
38074
37897
38075
37912
38022
38075
37939
38078
38346
37939
38207
38195
37910
37962
38073
37930
38075
38205
37912
38022
37906
37907
38073
38336
37909
37936
37921
38423
38430
37917
38423
37913
37916
37920
38075
37915
37956
38405
37916
37919
37917
37923
38430
38431
37919
37934
38194
38422
37940
37922
37929
37938
37963
38194
37923
38432
38431
37925
37926
37927
38431
37967
38430
37936
38456
38405
38468
38077
37932
37935
37957
37933
37942
38005
37934
37942
37958
38431
38439
37942
38405
37967
38194
38430
37963
38148
38194
38007
38396
38400
37946
37949
38021
38396
38405
37952
37953
38021
38006
37986
38426
38399
38422
37990
37967
38007
38033
38415
37999
38148
38011
38011
38018
37973
37984
37985
38425
62876
62912
37969
37978
38426
37977
37977
37995
37978
37985
38426
37977
37984
37982
38415
37982
37988
37978
38425
38070
37984
37990
38005
37988
37992
37994
37995
37993
38007
38036
37993
37994
37998
38064
37999
38008
38019
38037
38029
38048
38053
38061
38019
38029
38054
38074
38007
38064
38010
38025
38135
38017
38028
38015
38016
38017
38025
38028
38048
38026
38023
38032
38102
38156
38435
38031
38054
38061
38034
38357
38102
38035
38036
38041
38337
38053
38053
38048
38041
38337
38040
38055
38149
38042
38049
38057
38149
38136
38049
38149
38151
38058
38060
38052
38058
38059
38065
38051
38052
38058
38151
38135
38085
38357
38052
38055
38067
38137
38135
38074
38149
38057
38060
38179
38068
38164
38081
38142
38095
38153
38140
38087
38089
38095
38196
38072
38088
38400
38310
62876
62912
38081
38083
38103
38093
38117
38221
38092
38117
38161
38102
38137
38142
38103
38142
38091
38104
38092
38105
38161
38097
38153
38098
38144
38099
38113
38126
38100
38124
38120
38126
38357
38110
38125
38180
38126
38110
38180
38119
44347
44350
44376
38125
38122
38127
38180
44355
44442
38144
38146
44351
38130
44341
38133
38139
44320
38138
38153
38139
38154
38159
44320
38151
38156
38144
38145
38179
38150
38165
44313
44327
44422
38338
44361
44242
44251
44316
44320
38156
38338
38427
38199
38228
38286
38224
44415
38228
44409
38171
38190
38163
38286
44315
38190
38177
38192
38198
44409
38169
38190
38197
38177
38237
38192
38174
38191
38200
38200
38173
38200
38174
38175
38186
38188
38189
38191
38178
38196
38192
38183
38234
38183
38434
44324
38197
38188
38204
38208
38201
38204
38188
38218
38191
38202
38209
38191
38203
38237
38201
38199
44313
44315
38202
38203
38204
38328
38209
38219
38304
38394
38523
38523
38778
38213
38304
38523
38350
38217
38223
38291
38239
38355
38223
38285
38238
38379
39782
38230
44334
38233
44194
44220
38310
44303
44330
38230
38235
38239
38285
38434
38436
44196
38436
44195
44198
44197
44200
44205
38236
38434
38240
38285
38286
38452
38240
38856
38244
38244
44193
44246
44252
44287
38244
38273
44192
38258
38246
38253
38729
38261
44224
44226
44126
44143
44153
38253
38271
38729
38260
38276
44104
44144
44245
38261
44155
38257
38259
38739
38267
38273
38260
38272
38276
38267
44160
43850
44160
44169
44171
44170
44211
44248
38303
38278
38307
38761
38312
38762
38327
38761
38771
38284
38287
38297
38739
38275
38284
38354
38394
38303
38289
38348
38464
38309
38348
38280
38281
38418
38453
38307
38311
38282
38289
38304
38287
38294
38296
38294
38289
38304
38350
38311
38355
38354
38523
38778
38294
38329
38453
38355
38730
38299
38777
38729
38730
38716
38722
38729
38730
38309
38313
38761
38777
38382
38418
38527
38646
38760
38320
38326
62720
38348
38356
38327
38393
38316
38365
38317
38326
38393
38331
38462
38524
38318
38324
38319
38428
38467
38321
38428
38348
38367
38347
38410
38412
38330
38353
38467
41216
53222
61287
38428
38332
38365
38350
38469
38364
38418
38332
38393
38335
38469
38336
38345
38349
38341
38435
38343
38341
38347
38412
38341
38344
38349
43607
61613
61636
62771
38345
38435
38402
38420
38349
38402
38458
38352
38402
38421
38353
38410
38856
38455
38771
38371
38380
38386
38408
38706
38775
38373
38386
38644
38363
38478
38640
38485
38455
38771
38403
38644
38411
38464
38376
38403
38370
38381
38498
38479
38629
38642
38775
38644
38403
38485
38655
38480
38478
38630
38640
38760
38387
38603
38455
38761
38397
38407
38629
38480
38395
38401
38397
38401
38470
38631
38424
38409
40722
41248
41801
53132
38416
38629
38485
38467
38412
38471
38478
38618
38424
38441
38454
38468
38632
38429
38480
38421
38449
38451
38426
38448
38525
38631
38439
38468
38441
38448
38525
44298
38438
38445
38522
38440
38447
38476
38446
38451
38476
38447
38448
38456
38477
38522
38460
38466
38525
38459
38477
38464
38469
38460
38461
38473
38657
39187
38482
38530
38657
38475
38472
38474
38646
38760
38479
38635
38478
38486
38498
38631
38483
38500
38635
38484
38501
38529
38499
38514
38496
38496
39173
38503
38518
38578
38491
38492
38573
38571
38588
38506
38574
38494
38495
38599
38633
38659
38519
39130
38571
38504
38508
38499
38501
38515
38506
38514
38529
38574
38515
38517
38505
38578
38571
38588
38509
38519
38570
38623
38572
38626
38573
38599
38517
38578
38513
38626
38517
39187
39187
38570
38603
38529
38624
38521
38534
38534
38557
38580
38617
38765
38533
38535
38561
38533
38536
38764
38544
38557
38627
38765
38580
39170
38557
38634
38765
38539
38580
38581
38539
38542
38582
38597
38542
38576
38626
38543
38582
38787
38543
38562
38559
38561
38546
38548
38565
38587
38602
38802
38552
38553
38788
38802
38549
39195
38587
38800
38807
38561
38565
38813
38552
38554
39177
38579
38787
38556
38888
39176
38782
38800
38894
38782
38893
38559
38577
38562
38783
39168
38789
38563
38564
38576
38577
39143
38602
38789
38568
39162
38569
38628
39160
39447
39447
38573
38576
38583
38583
38577
39163
38783
38627
38643
38603
38585
38649
39142
38591
38593
39146
38782
38599
38659
38590
38591
39220
38592
39128
39146
39220
38593
38594
39141
38613
38595
39137
38596
38615
39141
38612
38626
38613
38791
39147
38601
38608
38610
38616
38621
38788
38605
38606
38607
38636
38608
38662
38654
38669
38608
38724
38609
38610
38661
38639
38785
38612
38792
39032
38615
38667
38614
38791
39144
39109
38796
39144
38622
38664
38641
38653
38640
38624
38639
38653
38685
38724
38637
38651
38662
38624
38767
38630
38791
39130
39173
38653
39147
39039
38637
38654
38664
40783
41013
41471
39130
38767
38651
38661
38662
38664
39157
38787
39170
38651
38714
39117
38652
38664
39157
38784
39142
39146
38704
38723
39157
38654
38707
38661
39211
38706
38680
38792
38854
38660
38714
39117
38686
38751
38723
39157
38723
39108
39117
38685
38792
38678
38684
38786
38679
38752
38712
38717
38751
38672
38673
38905
38678
38684
38677
38708
38715
38677
38684
38708
39018
39114
39133
38713
38680
38713
38752
38682
38715
38691
38832
38798
39051
39114
38752
38711
39111
38715
38751
39111
38691
38693
38709
38699
38994
38692
38743
38693
38697
38822
38695
38696
38697
38710
38822
38703
38798
38832
38716
38711
39111
38775
38717
38751
38786
39211
39002
39114
38715
39111
39003
39003
38723
39117
39211
39033
38786
38721
38722
38752
38746
43867
38740
38746
43791
43801
43821
43852
44181
44247
43810
43826
43961
44149
38742
38820
44166
44179
38742
38744
38749
38738
38739
38740
38741
38749
38740
38744
38793
38832
38745
38774
38812
38837
38758
38790
38793
38812
38755
38827
38769
38794
38758
38759
38814
38827
39043
38790
38806
38772
38812
39043
39119
38769
38794
38806
38814
38769
38770
38906
38827
38814
38790
38776
38793
38790
38795
38811
38803
38811
38861
38803
38937
39030
38888
39146
38796
39130
38788
39170
38796
38828
39039
38810
38887
38887
38906
38998
38884
38888
38805
38859
38808
38809
38829
38933
39189
39039
38810
38884
38811
38817
39178
39189
39195
39189
38815
38887
38906
39043
38828
38854
39042
38818
38824
38823
38826
38833
38903
39043
38838
38838
38840
38964
38841
39178
38825
38829
39028
38830
38861
38831
38964
38903
39031
38861
38863
38872
38834
38957
38957
39028
38843
39055
43761
43765
43766
38843
38964
43755
43861
38842
43767
43778
43755
43860
38964
43864
39025
38875
43749
43647
43722
43737
38956
43749
38963
38850
38864
38869
39017
38865
38886
38959
43714
43729
43769
43751
43760
43782
43770
43773
43779
38905
43733
43759
43760
43768
43835
43836
38875
38877
38861
38882
38882
38885
38890
38869
39000
39005
39017
38953
38955
39028
38875
38877
38866
38871
38868
38874
38868
38883
39004
38873
39148
38870
38871
38948
39071
39208
38882
38886
38947
39004
39071
39148
40016
38879
38943
40027
38886
38947
38879
38923
40027
38880
38896
38881
38898
38899
38943
38937
38932
40027
38933
39186
39004
39195
38934
38944
39030
38932
38944
38902
39040
39778
38893
38904
38919
38894
38904
38935
38899
38900
38934
38897
38921
38898
39193
38936
39040
38950
39040
38943
38944
38904
38934
38950
38918
38950
38952
38909
38915
39149
40015
38909
38911
38924
38913
38911
38931
38939
38925
38929
38913
38914
39193
38915
38926
38916
39192
38930
38917
38930
39336
38922
39214
38919
39038
39207
39038
38921
38924
38949
38923
39222
38930
40015
40016
38925
39222
39068
39193
39222
38928
38939
40003
38938
38939
39149
38938
39106
38943
39030
38935
39186
39110
39193
38944
38941
39986
39069
40079
41251
61598
61631
38988
39982
38988
38961
39188
39208
38948
39980
43617
39208
39052
40026
38982
43626
39207
39778
38957
38961
39052
39106
39055
39055
38991
43718
43739
43783
43719
39026
38977
39980
39757
43619
43653
43745
38966
38967
38968
38979
38976
38987
38970
38972
38996
39752
38973
38974
39767
38973
39748
38975
38975
38978
39015
39761
39006
39056
38982
39060
39769
39767
38983
39060
39780
39980
39078
39122
38986
38995
39006
39008
39056
43732
43790
39014
38999
38997
39023
38998
39001
39051
39014
43746
39021
39023
39018
43746
39756
39011
39022
39010
39011
39132
39041
39076
39013
39027
39080
39132
39756
39020
39769
39750
39760
39018
39019
39044
39054
39029
39054
39140
39056
39118
39072
39024
39027
39118
39029
39120
43736
43756
39053
39186
39042
39109
39035
39041
39076
39036
39045
39049
39037
39048
39107
39053
39112
39054
39120
39046
39047
39099
39050
39076
39049
39112
39065
39074
39777
39072
39068
39188
39769
39122
39751
39755
39059
39078
39122
39063
39115
39751
39760
39062
39063
39070
39066
39236
39209
39991
39073
39221
40015
39066
39100
39116
39777
39113
39115
39132
39106
39776
40003
39077
39209
40026
39149
39776
39076
39242
39079
39780
39933
39105
39786
39079
39314
39238
39082
39089
39095
39786
39083
39094
39088
39417
39085
39101
39199
39086
39125
39244
39087
39103
39260
39791
39123
39791
39123
39236
39091
39116
39123
39100
39199
39244
39093
39094
39313
39338
39417
39095
39316
39104
39260
39131
39232
39260
39099
39101
39100
39199
39102
39270
39125
39136
39125
39131
39145
39105
39325
39327
39986
39109
39121
39129
39192
39778
39122
39755
39242
39991
39236
39120
39129
39138
39197
39787
39127
39231
39128
39134
39227
39139
39145
39137
39197
39137
39330
39242
39169
39220
39136
39197
39227
39139
39270
39270
39227
39144
39183
39447
39330
40027
39151
39237
39545
39185
39153
39155
39225
39226
39258
39158
39225
39258
39545
39190
39164
39249
39165
39184
39162
39181
39182
39183
39164
39182
39185
39167
39168
39165
39185
39545
39168
39247
39306
39181
39247
39174
39171
39220
39210
39257
39184
39258
39306
39175
39179
39177
39177
39198
39180
39180
39306
39228
39427
39210
39247
39427
40026
39191
39228
39196
39217
39194
39336
39204
39778
39205
39228
39204
39205
39213
39218
39239
39205
39212
39204
39205
39217
39206
39229
39336
39217
39314
39216
39245
39224
39229
39229
39328
39229
39326
39224
39256
39338
39417
39238
39779
40014
39235
39256
39376
39326
39254
39248
39231
39232
39237
39298
39233
39317
39267
39305
39235
39326
39428
39274
39319
39786
39330
39314
39241
39250
39287
39241
39250
39267
39312
39419
39252
39317
39787
39248
39272
39249
39253
39298
39427
39251
39340
39254
39272
39317
39253
39449
39340
39268
39299
39326
39427
39263
39265
39305
39269
39273
39275
39266
39269
39271
39273
39273
39265
39449
39268
39277
39284
39339
39430
39339
39342
39414
39276
39282
39343
39295
39419
39431
39279
39302
39413
39280
39441
39281
39289
39288
39430
39302
39493
39303
39344
39407
39319
39788
39376
39297
39343
39426
39295
39338
39289
39307
39347
39418
39291
39418
39785
39293
39347
39295
39300
39307
39431
39304
39420
39301
39342
39429
39315
39353
39785
39301
39342
39317
39340
39376
39353
39943
39303
39343
39349
39441
39353
39313
39315
39943
39310
39323
39408
39315
39785
39316
39325
39968
39316
39341
39341
39320
39324
39376
39321
39784
40001
39809
39810
39810
39337
39325
39968
39327
39329
39779
39406
39420
39885
39333
39790
39963
39334
39994
40009
39972
39356
39412
39790
39341
39968
39943
39788
39545
39430
39430
39365
39346
39358
39359
39348
39356
39811
39441
39351
39416
39350
39354
39351
39352
39379
39354
39418
39378
39412
39811
39358
39448
39360
39471
39379
39962
39361
39790
39965
39990
39363
39965
39990
39364
39370
39468
39416
39368
39371
39371
39468
39373
39394
39373
39945
39944
39962
39412
39994
39385
39490
39377
39548
39593
39386
39469
39378
39432
39386
39467
39470
39472
39390
39484
39486
39388
39467
39470
39442
39488
39385
39393
39489
39470
39426
39389
39467
39474
39390
39593
39390
39463
39465
39403
39587
39608
39592
39472
39495
39961
39432
39435
39548
39396
39795
39398
39799
39398
39803
39798
39404
39592
39606
39402
39591
39592
39594
39605
39628
39404
39420
39421
39885
39408
39414
39429
39410
39793
39439
39422
39440
39788
39423
39808
39811
39608
39602
39793
39436
39602
39425
39438
39808
39492
39493
39469
39788
39466
39484
39492
39436
39437
39452
39484
39808
39438
39462
39602
39441
39488
39489
39945
39444
39453
39446
39446
39455
39460
39597
39455
39456
39478
39589
39465
39484
39455
39464
39461
39457
39475
39538
39543
39460
39595
39880
39461
39464
39465
39477
39485
39469
39486
39481
39990
39490
39962
39990
39596
39476
39588
39480
39481
39496
39478
39479
39550
39597
39480
39485
39482
39572
39483
39485
39483
39502
39496
39543
39593
39587
39594
39941
39879
39971
39945
39961
39548
39546
39552
39808
39495
39870
39958
39596
39599
39599
39881
39967
39499
39539
39549
39500
39502
39503
39530
39503
39572
39532
39572
39504
39525
39530
39507
39509
39849
39508
39509
39634
39651
39549
39514
39569
39539
39573
39569
39651
39634
39855
39515
39519
39522
39516
39524
39531
39555
39520
39854
39855
39522
39529
39862
39521
39524
39862
39529
39848
39569
39529
39862
39846
39527
39528
39576
39849
39535
39537
39542
39552
39597
39549
39849
39541
39553
39544
39550
39551
39590
39551
39589
39555
39557
39567
39556
39588
39560
39563
39887
39562
41724
39571
39574
39601
39647
39571
39578
39604
39583
39566
39582
39887
39880
39573
39577
39600
39887
39651
39585
39600
39646
39578
39878
39644
39878
39633
39643
39600
39603
39633
39586
39643
39590
39609
39707
39605
39635
39597
39881
39603
39644
39655
39686
39627
39878
39609
39630
39655
39941
39793
39610
39652
39614
39707
39628
39707
39802
39619
39623
39697
39629
39650
39690
39629
39665
39624
39625
39617
39695
39957
39690
39698
39630
39657
39625
39665
39621
39629
39665
39631
39697
39623
39697
39689
39699
39632
39642
39646
39632
39899
39627
39635
39652
39803
39650
39717
39806
39699
39638
39651
39655
39686
39637
39654
39640
39669
39641
39648
39642
39649
39653
39707
39802
39899
39649
39800
39689
39699
39957
39668
39668
39936
39658
39936
39690
39698
39662
39669
39661
39664
39661
39812
39701
39663
39664
39701
39899
39812
39671
39685
39671
39673
39717
39672
39673
39688
39678
39677
39680
39706
39701
39797
39679
39681
39684
39681
39683
39704
39684
39693
39694
39687
39802
39797
39857
39692
39693
39716
39695
39713
39694
39702
39696
39696
39708
39957
39717
39718
39797
39703
39716
39704
39705
39812
39713
39710
40000
39712
39722
39713
39736
39715
39792
39722
39736
39801
39720
39722
39726
39738
39759
39727
39725
39726
39743
39741
39764
39727
39728
39764
39731
39734
39766
39758
39732
39735
39737
39762
39766
39792
39773
39766
40029
39740
39743
39744
39741
39749
39747
39768
39748
39749
39761
39745
39745
39747
39758
39764
39752
39772
39768
39772
39761
39775
43625
43638
43651
39780
39933
39756
43745
39763
39770
39780
39792
39765
39771
39807
39804
39775
39993
39774
39781
39993
39807
39783
39807
39972
39991
39933
39810
39791
39807
40001
39994
40000
39795
39805
39805
39957
39830
39833
39824
39905
39819
39825
39826
39818
39835
39821
39864
39907
39841
39845
39841
39837
39865
39830
39831
39840
39840
39915
39840
39836
39842
39864
39838
39851
39853
39864
39843
39861
39861
39858
39861
39844
39851
39848
39860
39847
39848
39860
39851
39852
39860
39863
39856
39863
39883
39872
39896
39893
39872
39874
39873
39871
39873
39881
39952
39967
39876
39958
39971
39942
39948
39964
39958
39888
39948
39900
39934
39937
39891
39894
39923
39892
39898
39897
39894
39923
39895
39898
39907
39923
39904
39908
39925
39928
39925
39940
39911
40006
39911
40021
39911
39928
39907
39909
39910
39922
39956
39911
39918
39914
39916
40005
39920
39921
40007
39920
39931
40007
39953
40007
39953
39926
39934
39948
39946
39950
39932
39940
40021
39970
40011
39931
40020
40025
40011
39949
40006
39993
39940
39997
40021
39964
39971
39973
39947
39951
39954
39976
39951
39954
39977
39955
39979
39987
39961
39987
39995
39985
39965
39977
39985
40009
39985
40013
39997
39974
40009
40003
39978
39988
39979
40010
40003
40013
39989
39989
39995
40013
40002
40004
40025
40022
40023
40008
40023
40024
40028
40005
40010
40023
40024
40026
40022
43619
43747
40022
40024
40028
48704
48715
48794
54626
54631
40106
48657
49095
50631
50677
50704
40043
40227
49098
40085
49231
57289
40037
40046
40052
40045
49107
50717
57307
57344
57432
49082
49094
40041
49044
49072
40044
40050
40060
48649
48676
49035
49073
40059
40117
49109
40059
50646
57256
57273
49035
49066
49096
49037
57103
49028
49071
40195
53096
53100
53498
61555
61637
40103
49109
49115
40195
40196
40062
40098
57238
49031
49032
49096
40195
57103
40286
56861
57256
57272
40066
40139
56994
56996
57003
56994
40067
40090
40075
40139
40075
40078
40446
40070
40075
40078
40078
40099
40087
57011
57015
40184
40185
57007
40091
57010
57005
40077
40078
40189
40092
40446
61612
40160
40264
54667
40086
40088
49214
49232
56804
57042
56912
49121
49232
57042
50635
57243
57269
40447
56994
57003
56997
57009
56964
40102
49108
49110
40097
40185
40446
40093
40140
40249
40188
40490
40099
40101
40104
45125
49157
49185
45287
53005
53069
53081
40102
40196
57035
40189
40101
40145
40250
40127
40128
40104
49113
40155
49129
53340
49103
40108
40112
40122
40113
40120
40125
50653
54647
54655
54669
40116
40250
49111
40489
50371
54645
40113
40119
48671
49069
49090
49162
57434
57535
40125
40126
40191
49034
49115
40119
48662
40121
40191
40122
40133
40133
40148
40191
40254
40270
49116
40250
40254
40129
40189
40250
40138
40146
40153
50643
56849
54648
54668
56841
56843
40137
40146
40153
40135
40136
40247
40270
40137
40198
40473
40140
40169
56995
40189
50701
50703
40252
40280
40448
40150
40248
40162
40267
40280
40146
40254
61612
61613
61638
40150
40276
40150
40248
40271
50703
54655
54645
54651
54654
40172
40212
48675
48731
53581
40170
40495
40158
40159
40495
40197
40374
41903
40267
40483
54659
54670
56852
40163
40483
40491
40164
40483
40164
40165
40166
40252
40517
40488
40502
40168
40171
40517
40172
40249
40261
40248
40512
40177
40265
40445
40177
40261
40493
40175
40192
40176
40181
40444
40192
40180
40479
56901
56914
56929
40480
56904
40183
40194
40183
40194
40477
56417
40485
40186
56917
40186
40188
57264
40446
54649
54668
56843
56851
40265
40444
40476
40478
40479
56900
40482
40483
40279
40512
54617
54640
40685
54666
54675
48624
48625
48651
40203
40204
40211
48651
40217
48625
40216
40223
43360
48622
40210
40222
40209
40335
43239
54545
54554
40215
40216
40217
43376
40218
48652
48729
48721
40230
48655
48657
40224
40217
40223
48668
40277
48670
40221
40237
40238
40240
40277
40334
40242
50673
50685
45337
49131
49035
49067
49083
48672
48702
48731
40230
48671
48669
48695
48697
48737
48670
48694
48708
40235
40236
40236
40314
40284
40241
40244
40297
48663
40246
40297
40243
40376
40246
40257
40276
40245
40272
40376
40248
40512
40493
40254
40270
40517
40549
56958
48666
48731
49092
48648
48716
50356
50365
50372
50412
40481
54682
54790
56477
54663
54664
54671
40448
40273
41420
40315
40356
54613
54676
40487
40295
48694
48697
40279
40450
56468
56877
54611
54640
54792
40376
40365
40275
40378
40275
40282
40365
40376
40303
40356
41903
40473
40473
40288
40290
40317
40292
40424
40318
40497
40296
40306
48659
48674
48682
57284
57289
40288
40312
40501
40289
40302
40291
40299
40318
40318
40314
41829
50662
50687
40378
48693
48716
40305
40501
41829
48661
40299
40301
40350
40300
41830
40302
40338
40338
40312
40378
40307
40325
40367
40308
40379
40313
40379
40308
40316
40319
40312
40321
53222
61608
54456
54486
54505
40318
40316
41911
40355
40424
40501
41829
40351
40352
40324
40351
40403
61596
43390
40324
40336
40337
40371
43216
40326
40331
40352
40327
40367
43243
43234
43237
43243
43234
43252
40332
43234
43243
43243
43378
43238
43378
40339
43250
43215
43219
40355
40403
42244
43216
40341
43128
40358
40436
40439
40442
43275
40358
43123
43128
40403
43256
40347
40442
43275
40380
40385
40724
40393
40418
41818
40350
40373
40385
40353
41830
40355
40371
40357
40366
40385
40373
40496
40539
43255
40374
40375
43219
40723
42254
40499
41458
41492
40361
40362
40390
40363
40425
41448
40363
40381
41670
63977
63978
63983
41420
40442
40379
40402
40539
41911
40399
41458
41492
40539
41827
43219
40422
41492
41670
40387
41479
40451
40722
61635
41458
40498
41827
40390
40437
40505
41626
40394
40425
41448
40386
40422
40435
41503
41481
41448
42277
40503
41479
40407
40737
40507
41504
40395
40392
40395
40506
40394
40531
40416
40724
40425
40437
40437
40506
40435
41504
40401
40507
40438
40504
40431
40440
41409
40404
40709
40498
40440
40713
40421
40436
40723
40407
40529
40531
40532
40533
40709
40507
40533
40737
40411
40414
40427
40413
40417
40434
40733
41301
40414
40426
43126
41377
40427
40431
40432
40710
40419
40438
40418
40443
40423
41506
43225
43247
40423
41818
41448
40429
40428
40738
41506
40434
41377
41477
40443
41494
40504
40691
41503
41506
40733
41377
40443
42240
43126
42307
40691
40441
43247
41507
43225
40690
43125
41818
43275
41481
41418
40493
40448
40517
57010
40492
40555
56478
56487
56500
53270
63976
56500
56894
40511
40525
56432
40510
56466
56468
56660
40457
41235
41285
40471
40526
56419
40459
40463
40551
40460
40524
40559
40462
40683
40462
40521
40624
40463
40580
40624
41594
54770
55455
40561
40573
56423
56424
40521
41189
53124
54243
40469
40500
40522
56441
56512
56530
40474
40553
40478
40486
40521
40526
40624
40783
41471
56899
56905
40485
56417
40573
56411
56416
54795
56487
40491
40503
40492
40491
54620
54636
56872
40493
40569
41911
41911
41827
40518
40508
40569
41409
41507
40509
40527
41479
40520
40554
40578
40518
40527
40518
40522
40570
40516
40522
40520
40550
40520
40530
40564
40538
40534
40552
40564
40550
40526
56418
40529
40534
40564
40530
40532
40536
41804
40535
40556
40536
40541
40537
40699
40564
40684
40737
40547
40556
40676
40548
40556
40565
40545
40557
40596
40576
40604
40562
40614
40598
41568
41590
40678
40566
54785
56491
40559
40580
40601
40565
40580
40575
41579
40598
41590
55429
40563
40604
56416
56432
40574
40591
40565
40672
41579
56226
56353
56371
40599
56346
56358
54662
54665
56348
56420
56423
56427
40614
56344
40577
40683
40645
40589
40614
40597
56338
56508
40589
40611
56310
40587
41069
56313
56329
56431
55445
40633
56306
55440
55492
55493
55497
40590
40603
40592
40614
56347
40596
40609
55434
55435
55478
55556
41740
55454
55498
41267
41579
56345
56367
41596
40607
40672
41267
40604
40607
40669
40672
40606
40609
40609
40619
40680
40611
40644
40613
41275
40617
40618
40677
40681
40611
40644
56270
56309
40677
40680
40631
40815
41214
55810
56292
40623
40674
40631
40652
40625
40675
40644
40622
40653
40632
40670
41129
40698
41089
40670
40681
40638
40662
41057
55693
55695
40632
40637
41129
40662
41214
55815
40651
40679
41074
40677
41275
40638
40674
41069
56366
56039
56121
56122
56312
56326
40673
41214
56292
40650
40651
40698
41060
41129
40641
40642
40698
40788
40643
40650
41098
40679
44962
40663
40767
41068
40663
41528
42834
40653
41191
41221
40653
41134
41056
40674
56373
40661
41546
41062
40658
41094
41191
41221
40661
40663
41134
40658
40769
40768
40795
55825
55841
55844
41062
41065
41221
40675
40833
41240
56297
40665
40666
41263
40667
40671
40699
40700
41546
41572
56311
56312
56315
40678
41572
40833
41074
56271
41134
40678
40699
40700
41275
40699
41192
54667
54792
40687
40688
40697
40689
41352
40709
40692
40711
40712
40691
41409
40694
40696
40697
40705
40734
43130
41192
41263
40697
40705
40731
41387
40817
41338
41515
41063
41572
40702
40789
41352
40703
40734
43130
40725
41513
40705
40707
41301
40725
40727
40741
40708
40728
43135
40726
40727
41387
40733
43125
41352
41515
41192
40731
41387
43125
40731
40733
41301
41517
42257
42307
40717
40736
40910
40730
41517
40738
41416
40721
41391
41392
42257
41517
42307
43135
40736
42865
41712
41494
41818
40732
41306
40730
41517
40728
41403
41306
40730
41091
42810
41398
40735
40747
41306
40741
40745
40764
40746
42257
41402
43126
40741
40745
41403
42882
40816
40841
42882
43187
40743
40765
40790
40744
41308
40749
40816
40841
42826
40910
42833
40752
40750
40764
40791
42826
40750
41308
40781
40752
40791
42862
40764
41170
40754
40755
40830
40757
40756
40759
40780
40774
40781
40758
40761
41331
40763
41308
40760
40830
41350
40780
41308
40782
40793
42815
40765
40824
40766
42775
40790
42809
41062
41134
40770
40784
40770
40801
40777
40785
40772
40801
40834
40792
40818
40776
41350
42829
41350
42862
40778
42862
40777
40784
40804
40779
40785
40786
41170
42862
40781
40791
40790
42814
40868
40798
40818
40797
40818
41338
42881
41070
41089
42881
42894
42815
42881
42894
42883
43137
40795
40798
40839
41094
40812
41094
41154
42894
40804
41329
40800
40961
40813
42702
40818
40803
40805
41086
40811
40998
41072
41090
40812
40836
41071
40811
40813
42691
40915
41004
42702
40809
40888
40966
40814
40828
40954
40961
41093
40839
40965
41004
40966
41546
41572
42826
41528
40821
40823
40831
40821
40824
42741
40825
40827
40823
40847
40890
40825
42775
41331
40827
40831
40875
42759
42727
40829
41161
40832
40847
40954
40832
40941
40842
41546
42834
40846
40864
40839
41072
41048
41059
55812
40845
40966
42702
41329
40856
42815
40875
42891
40875
42733
41330
42832
40915
41330
40851
40888
41161
40849
40850
40854
40853
40858
40855
40859
40939
41330
40853
42714
42733
40857
40860
40878
40856
40864
42891
40859
40972
40860
40877
42687
40871
40958
42717
40863
42690
40866
40913
40974
40939
40871
40872
40874
40882
40914
40979
40873
40914
40977
63979
40882
41005
40876
40900
42706
40956
40978
40979
42698
40914
42698
42703
40958
42689
40884
40956
40972
42717
40881
40972
42684
42686
42687
42716
40881
40884
42720
40975
40978
40915
40957
40958
40894
42685
40908
40909
40912
40908
40909
42670
41330
40973
42718
41331
40893
40906
42676
40893
41362
42677
40907
42718
42685
42843
41361
42843
40898
41363
40899
41364
41367
40978
40904
41357
41361
40905
40942
41369
42676
42678
40905
40940
40926
42685
40919
40935
42688
42751
41091
43129
40913
40916
40935
40973
42720
40914
40919
40932
40977
40931
40932
40977
40920
40931
41326
40942
40924
40925
40990
40922
40923
40931
41326
40929
41001
40930
41326
40926
40932
40942
40990
40928
40929
41003
41001
41147
40983
41095
40940
41095
41342
40955
40983
41334
42718
41155
41157
41334
40938
40953
41324
40983
41095
40943
41344
40954
40990
41095
40946
40971
41139
40951
40952
40971
40948
41080
41146
40959
40960
41147
40959
40951
41092
40981
40999
41003
40955
41155
41334
41162
41164
41317
41326
42717
40980
41080
40980
40981
41084
41090
40965
41004
40971
41148
41155
40968
40969
41149
40985
41149
40970
40984
40999
41005
42706
40974
42690
42718
42682
42684
42706
42716
41010
41147
40995
41009
41003
40997
40987
40988
40997
41023
40989
41006
41014
41337
40992
41011
40993
40994
41086
40994
40998
40996
41008
41023
41008
41012
41000
42691
41149
41010
41023
41092
41080
41082
41153
41016
41151
41337
42689
41153
41158
41041
41017
41018
41087
41023
41153
41040
42836
41042
41104
41020
41021
41075
41033
41022
41028
41105
41034
41036
41031
41039
41131
55868
55898
56294
41130
55863
55893
41034
41102
41034
55870
41034
41058
41041
41042
55734
55741
55859
41041
41042
41132
55836
55861
55875
55979
41138
41038
41112
55875
41064
41101
55861
41087
41337
41051
41078
41102
41045
41050
41054
41051
41079
41088
41137
41049
41051
41088
41048
41050
55827
41137
41054
41077
41101
55851
41053
41061
41077
41321
41088
41360
41101
55799
55810
55822
56333
41224
55862
55890
41240
55814
41129
41112
41068
41321
55339
55480
55521
42834
56225
41085
41083
41121
41122
55826
56270
56373
41105
41156
41360
41104
41112
41360
41104
41112
55866
41100
41103
41145
41154
41166
41329
41166
41132
42836
41191
41093
43137
41147
42829
41108
41128
41226
41217
41224
56299
41137
41114
41274
41151
41153
41104
41156
41194
41133
41107
41110
41115
41140
55790
41118
55732
55745
55746
55842
55806
56120
41118
41211
41215
41124
41141
41195
41210
41158
55760
55854
55872
55946
41210
55754
55755
41123
55835
55876
55824
55845
55860
55844
55848
55763
55821
41196
41211
41262
55805
55843
56331
41140
41215
41198
41225
55870
55871
42836
41337
41138
41196
41141
41194
41150
41320
41144
41210
41196
55937
55948
56013
41144
41195
41148
41150
41146
41194
41160
41160
41155
41160
41197
41159
41346
62851
41162
41164
41175
41328
41220
41318
41320
41187
41201
41197
41333
41174
41184
41258
41169
41171
41339
41174
41556
41172
41258
41283
41269
41276
41185
41222
41276
41220
41322
41322
41346
41184
41187
41187
41312
41179
41186
41621
41203
41183
41207
41282
41204
41208
41183
41202
41208
41266
41272
41185
41322
41187
41200
41205
41200
41202
41312
49112
41333
41201
41328
41262
55866
55869
55871
55875
41325
41222
41265
41325
41359
41205
41206
41254
41621
41222
41276
41232
41272
41621
41226
41274
41224
41280
41217
41239
41257
55665
56297
41274
41223
41754
61617
41254
41238
41239
41279
56132
56241
56244
41556
41312
41248
53222
41323
41262
41228
41231
41244
41230
41234
41230
41260
41264
41233
41243
41279
41233
41234
41259
41250
56365
56433
41237
41245
41250
41264
41570
41243
41279
55773
41252
41577
41554
41249
41252
41577
55464
55467
55498
55173
55210
55409
41569
41279
41471
62851
55655
55697
55707
41257
41280
41566
41575
41595
41264
41548
41570
41276
41260
41272
41261
41529
41271
41530
41318
41271
41282
41529
41270
41287
41536
41282
41294
41530
41549
41536
55463
55493
55502
41282
41294
41547
41590
41740
55495
41621
41283
41286
41294
41339
41315
41356
41549
41289
41296
41356
41316
41340
41543
41550
41554
41570
41295
41292
41386
41526
41345
41380
41539
41309
41345
41379
41510
41539
41356
41314
41315
41343
41298
41309
41314
41345
41314
41315
41519
41302
41304
43124
43135
41386
41526
41304
41385
41516
41351
42897
41336
41421
41523
41335
41378
41327
41339
41401
41386
41393
43246
41320
41328
41380
41525
41536
41319
41324
41359
41556
41360
55693
56299
41342
41389
41556
41336
41421
41526
41555
41341
41528
41343
41524
41525
41389
41395
41401
41357
42848
43246
41348
41349
41367
41358
41370
41353
41388
41354
41421
43130
41367
42258
41394
41358
41422
41364
42258
41400
42846
41364
41369
41365
42304
42304
42308
42304
42332
41370
42843
41400
42286
41372
41411
41383
41423
41404
43142
41404
41405
41423
41376
41399
41390
41406
41393
42267
42869
41383
43124
41404
41411
42846
41390
41405
42266
41411
41422
41527
41394
41395
42908
41402
41477
42851
41397
41527
41421
42848
41397
41399
42267
41403
42810
42270
41508
42270
42260
41424
42890
42908
41408
41446
41511
41419
41429
41437
41423
41413
42259
41652
41415
41446
42236
41424
41430
42890
42240
42248
42266
42908
41447
42240
41425
42261
43140
42846
42255
42252
41429
41794
42227
42252
41437
41439
41904
41445
42225
41438
41446
41652
41436
41439
41850
43219
43377
41439
41463
41828
41443
41463
41469
41437
41439
41904
42211
42230
42225
41904
42210
42227
41457
41688
41442
41457
41472
41505
41457
41514
42253
42259
42281
41497
41688
42256
42231
41494
42254
43127
41451
41460
42262
41455
41460
41485
41454
41491
41902
41497
42262
41454
41460
41687
41473
41502
41535
41461
41473
41501
43248
41462
41469
41473
42262
41467
41819
41465
41466
41475
41474
41843
41468
41505
41474
41815
41470
41475
41819
41476
41482
61598
41501
41806
41483
41797
41484
41499
41637
42307
54582
54794
41495
41482
41483
41642
41637
41910
41792
41501
41505
41531
41687
41490
41531
41638
41488
41522
42869
41489
41524
41490
42279
41796
41514
41503
41497
41512
42256
42280
41510
42253
41521
41532
41501
41502
54504
54584
54824
41804
42277
41507
41531
41535
41638
41558
41794
42231
42252
41518
41902
42894
41518
42881
41538
42259
42280
41524
42869
41522
41687
42279
41537
41634
42278
42897
41543
41549
41538
42285
41530
41547
42279
41540
41638
41636
41796
41540
41628
41638
41548
41637
42897
41558
43246
41802
41544
41552
41591
54686
54705
54714
54721
41545
41616
41625
41574
41615
41549
41645
41551
41575
41588
41608
41559
41628
41802
41588
41645
41595
42897
55383
55427
55457
41589
41616
41561
55359
41593
41606
55166
55192
55423
55162
55163
55169
41565
41598
41606
41608
41612
41613
41569
41607
55170
55162
55163
55424
54775
41595
55668
55687
55697
55707
41636
41645
41593
41606
41607
55176
55423
55669
55158
55181
55499
55663
41699
41831
41663
41681
41697
54811
54826
54828
41584
41586
41593
41586
55159
41602
41620
41600
41683
41598
41636
41796
41713
41648
41683
55433
55436
55438
41603
54769
55400
55425
55497
55502
41906
54588
41615
54961
55096
55135
55249
41699
41719
41604
41678
41681
41793
41625
41624
41644
41831
41635
55383
55552
41612
52752
54798
54825
41611
41631
41719
41648
41683
55177
55172
55055
41616
41618
41648
41802
41630
41633
41640
55356
55334
55387
55501
55287
55341
55343
41681
41693
41683
55404
55405
41796
41631
41639
41664
41634
41632
41697
41639
41643
41647
41661
41910
55365
55412
41643
41647
41642
41667
54473
54760
41910
41649
41791
41792
41698
41653
41769
41666
41747
41673
41785
41787
41655
41747
41698
54873
54874
54880
54883
41668
41747
41663
41675
41905
54480
54516
41661
41698
41769
41667
54705
54714
54740
54757
41664
41671
41669
41674
41698
41769
41784
41669
41751
41716
41733
41827
41672
41681
41705
41790
41779
41791
41679
41733
41705
41682
41696
41737
42286
43142
41790
41737
41710
41720
41790
54879
55346
55350
55372
55045
55048
55056
55142
54498
54586
54742
54824
42278
55092
55144
55245
55044
55081
55082
54458
54466
54798
54807
54812
54818
54819
41699
41719
41696
41737
41743
41705
41790
41710
41718
41719
41793
52743
52748
52755
54427
54432
54467
46285
46297
46385
41728
46369
46373
46307
46309
46300
46307
54684
54730
54782
41738
41744
46404
46379
46383
46418
44665
45062
41724
41801
41740
44897
44974
41718
41739
41717
41751
41738
41744
44730
44972
55057
41723
41725
41743
44655
44692
44756
46297
41741
46359
46378
46393
46443
46389
46413
46543
46353
46362
46417
41766
46408
46441
46469
44963
44983
46292
41744
46401
41775
44985
46287
46288
46302
46366
46386
46402
46406
46396
46460
46479
55048
55056
55396
61612
61638
54999
55006
55037
55354
55023
55086
55092
55097
41857
46303
46314
46315
41751
41857
41777
41772
41875
52641
52696
41765
41770
61636
61638
41855
41862
46692
46411
46420
46459
46412
46459
46542
41760
41762
41807
54474
54765
41765
41770
41774
41783
46414
41780
41846
41864
46389
46396
46460
46361
52772
52849
42224
46471
46574
46489
46513
46535
46373
46377
46416
41784
41781
41785
41845
41875
52710
41858
46299
46302
41845
41786
41844
41847
41859
41805
41858
41894
41786
41845
41807
41859
42224
46406
46471
41787
41788
41791
41789
41845
41797
42232
55483
55640
55694
41798
41799
41843
41800
41808
41860
41803
41805
61617
41844
41859
41860
41814
41843
41843
41812
41826
41835
41916
41812
41849
41847
41848
41814
41815
41835
41816
52634
52723
52727
54527
43228
41821
41822
41958
41823
43236
41850
42223
41824
41907
41917
41901
41916
41854
41907
41916
41832
41915
41850
42223
43255
41916
41879
41915
41959
41870
41959
41853
41854
41848
41855
41839
41870
42191
46831
46478
49085
53126
41852
41890
46679
46715
52630
52641
52712
41858
42224
41871
41871
41959
46387
46392
46397
46415
41866
46475
41879
41921
41884
41894
41868
61288
62771
41862
46441
46442
46476
46484
46695
41871
52662
52729
54557
54559
42191
46681
41869
41878
41921
62909
41889
46685
41894
52687
52709
52820
41899
46703
46816
52653
52654
52717
52731
52639
52688
52653
52731
54557
54559
41896
43355
46702
41885
43451
41893
41881
41895
43293
41885
41932
43451
41883
41983
42215
43293
46792
43259
43231
41919
41932
42028
41895
43451
46777
41919
41924
41983
43231
46681
46719
46700
46712
46722
46473
46713
46778
41959
42045
46688
46772
46775
41919
42028
43308
46757
46759
46760
46892
46686
46775
46787
46711
46714
46721
43230
42262
54475
54514
54532
56506
43236
41909
41913
43292
41941
41976
41913
41914
42055
41922
42202
41976
43261
42223
43230
46714
46717
46941
41934
41941
41954
41958
43292
41928
41933
41955
41960
41956
41941
41976
42239
41927
41929
41965
41956
41957
41966
41930
41952
41945
41966
41941
41958
42214
41983
41956
41955
41956
41940
41949
41944
41985
43258
41940
42186
43258
41944
42184
43258
41942
41978
42209
41946
42193
42220
43159
41957
41985
43374
42058
43159
41951
43288
43258
41975
43261
41966
41978
42220
43261
41951
43288
41953
41961
41953
41965
41962
43236
43292
41993
42220
41993
43374
41962
41984
41963
41989
41964
42050
41965
41969
41968
41968
42216
41969
41970
41979
41971
41973
41974
42216
41973
42049
46817
41979
46785
46784
46788
41993
42055
41977
42192
43261
43288
41981
48436
48577
48580
48582
41982
42050
41990
42027
42049
43293
41987
42046
42220
41987
43484
42000
42040
41995
42027
42000
42050
41991
41994
41995
43333
41999
42010
43597
43308
42049
46801
46814
41996
43597
41997
43333
41999
42051
41999
42010
42025
42008
42003
43333
46802
46827
46833
46875
42005
42051
46798
46815
42011
46803
48442
48463
48464
42012
42013
42009
42051
42012
43482
43484
42048
46890
42016
42026
42030
42038
43482
46890
43482
62872
42022
42024
46769
46790
46818
42023
42023
42030
43482
42048
42050
43231
42030
43415
43615
42089
42033
43892
42092
43382
42037
42089
42272
42089
42053
42088
42046
43443
42181
43489
42043
42101
43357
42053
42077
42077
42209
43357
46681
46687
43512
42272
43411
43415
42051
42101
43357
43404
42056
42081
42059
42080
42182
42202
43308
42181
43512
42065
42208
42101
42063
42064
42066
42070
42074
42082
42063
42143
42146
42079
42340
42080
42182
42066
42080
42067
42184
42079
42185
42069
42139
42205
42082
43121
42100
42188
43367
42072
42124
43121
42099
42100
42168
42143
42205
42081
42101
43367
43512
50918
50994
50998
51083
42344
43404
42100
42084
43012
42085
42095
42104
42086
42102
43892
42091
42181
43403
43515
42092
43382
43479
42096
43115
42099
42104
43115
42098
42113
42099
42114
42189
42104
43892
42142
43080
42107
42115
42117
42109
42109
42154
42388
42116
42154
42378
42115
42124
42189
42114
43024
43058
42125
42131
42154
42126
42131
42140
42119
42386
42122
42128
42387
42121
42386
42391
42123
42388
42127
42125
42137
42126
42167
42154
42378
43058
42139
42167
43169
42132
42135
42172
42172
42133
42134
42458
42135
42153
42375
42137
42139
42167
43121
42139
42205
42376
42141
42172
42167
42375
42168
42340
42145
42150
42190
42376
42179
42187
42179
42344
42152
42169
42356
42152
42160
42152
42190
42242
42179
61598
42354
42365
42373
42421
42156
42242
42170
42180
42342
42372
42170
42171
42180
42162
42166
43143
43160
42195
42242
42162
42164
42250
42346
42174
42249
42165
42235
42295
42249
42263
42204
43012
43073
42190
42376
43169
42187
42370
42217
42264
42178
42180
42243
42245
42197
42245
42264
42229
42243
42249
42201
42217
42264
42245
42264
42370
42204
43443
42188
43367
42185
42265
42353
42185
42186
42353
42242
42340
42222
46685
42196
43294
43080
42342
42200
42239
42198
42218
42199
42349
43289
42200
42221
42218
42353
42243
42245
42349
42207
42228
42243
42212
42221
43159
43404
43288
42211
42212
42213
42226
42238
42214
42219
42230
42216
42265
42339
43289
43294
42238
42238
42349
46684
46777
42227
42228
42229
42232
42251
42241
42251
42234
42236
42241
42263
42235
42246
42250
42246
42247
42271
42849
43147
42251
43225
42255
43221
42248
42266
42255
43221
42295
42263
42267
43122
42261
42266
42275
42344
42281
42271
42282
42849
43142
43142
43479
43515
42274
42298
42299
42849
43140
42334
42341
42372
42429
43124
42297
42304
42308
42289
42667
42290
42305
42666
42331
42665
42293
42345
42439
42305
42324
42324
42306
42308
43160
42297
42332
42313
42671
42681
42329
42868
42301
42310
42345
42303
42439
42303
42333
42366
42309
42318
42313
42324
42675
42329
42312
42323
42330
42312
42326
42327
42314
42330
42428
42792
42345
42432
42326
42654
42326
42327
42674
42330
42366
42320
42321
42322
42547
42557
42322
42428
42792
42427
42328
42345
42327
42436
42655
42328
42801
42439
42724
42819
42337
42346
42347
42372
42430
42341
43143
42352
42951
42352
42369
42429
42951
42344
42370
42342
42951
42354
42373
42824
42872
42368
42557
42790
42847
55235
55776
56214
42364
42371
42681
43294
42421
42367
42375
43169
42368
42790
42872
42368
42420
42594
42363
42367
42420
42362
42986
43081
42362
42395
43081
42872
42983
42371
42396
42740
42986
42983
42671
42819
42373
42378
42380
42383
42433
42990
42382
42385
42392
42390
42424
42433
42393
44037
42387
42388
42390
42990
42458
43081
42458
42398
42584
42399
42475
44121
42400
42476
42404
44532
42402
42478
42955
42483
42411
42418
42482
42418
42422
42408
42410
42416
42411
42415
42410
42435
42656
42459
42552
42413
42972
42416
42473
42577
42415
42423
42426
42547
42603
42459
42481
42419
42487
42419
42423
42422
42453
42453
42426
42436
42438
42427
42436
42801
42431
42824
42819
42724
42444
42461
42577
42552
44057
42801
42450
42461
42595
42450
42461
42443
42448
42450
42492
42607
42446
42515
42449
42456
42573
42595
42446
42596
42456
42610
42448
42449
42643
42655
42674
42610
42660
42655
42452
42463
42560
42460
42466
42594
42941
42460
42492
42560
42604
42607
42492
42607
44478
42647
42473
42647
42995
42472
42464
42489
42513
42477
42490
42468
42546
42490
42647
42656
42470
42486
42491
42470
42486
44479
55879
63982
42480
42580
42612
42490
42553
42656
42573
42476
42479
42476
42526
42612
42584
42955
44121
44532
42577
42487
42966
42972
44532
42546
42580
44489
42612
42489
42559
42560
43015
42573
42494
42496
42527
42657
42794
42945
42496
42507
42512
42648
42498
42499
42764
42954
42821
42887
42795
42808
42501
42503
42506
42592
42507
42982
42503
42504
42806
42518
42505
42752
42808
42506
42648
42507
42936
42509
42518
42618
42510
42944
42511
42514
42589
42574
42590
42609
42936
44524
42526
42590
42592
42596
42646
42590
42611
42946
42598
42658
42946
42592
42521
42609
42651
44524
42521
42522
42555
42651
42524
42537
44519
42531
42571
42959
42528
42598
42936
42946
42648
42954
42529
42542
42564
42556
42531
42571
42962
42532
42536
42533
42551
42963
44118
42535
42551
42963
44054
42551
44528
42544
42555
42959
42548
42549
42540
42548
42554
42541
42556
42542
42599
42598
42548
42561
42973
44118
42562
44512
44479
42556
42571
42794
42931
44527
44058
42972
44057
44512
42599
42608
42658
42582
42604
44478
44509
42563
44489
44492
44482
44520
42598
42609
42566
44486
42579
44482
42578
42579
42582
42600
42602
42735
44497
44504
42576
44485
44492
42583
44513
42611
42735
42580
44480
44497
42995
42587
42965
42581
42614
44480
44482
42583
42602
42586
42600
42615
42587
42602
42615
42617
42616
42944
42982
42593
42646
42960
42637
42944
42607
42608
42613
42965
44520
42637
42960
44513
42965
44478
44491
42646
44491
42614
44520
42644
42613
42658
42735
42965
44513
42637
42637
42735
42620
42750
42621
42635
42944
42645
44491
42623
42630
42625
42746
42636
42696
42631
42659
42694
42628
42693
42746
42631
42650
42630
42631
42632
42746
42635
42634
42750
42754
42635
42761
42695
42640
42641
42659
42694
42640
42697
42705
42699
42697
42699
42704
42710
42653
42654
42808
42659
42721
42653
42654
42662
42674
42794
44524
42665
42724
42726
42817
42664
42683
42758
42699
42705
42666
42669
42676
42678
42669
42670
42679
42680
42678
42678
42705
42758
42817
42677
42677
42751
42758
42758
42701
42715
42701
42715
42687
42716
42692
42715
42698
42703
42720
42695
42700
42710
42704
42710
42746
42704
42707
42709
42712
42713
42711
42730
42732
42713
42730
42730
42751
42832
42774
42723
42738
42756
42744
42766
42818
42726
42727
42731
42743
42741
42762
42766
42796
42744
42762
42739
42891
42812
42813
42737
42756
42799
42780
42768
42818
42755
42774
42792
42798
42813
42777
42799
42802
42813
42818
42811
61628
63918
63940
42753
42760
42934
42935
42776
42780
42934
42807
44531
42760
42767
42797
42777
42799
42762
42761
42764
42795
42776
42795
42932
42767
42804
42769
42820
42797
42884
42771
42820
42825
42772
42779
42831
42773
42800
42778
42924
42796
42844
42958
42807
42932
42791
42884
42820
42884
42935
42782
42854
42893
42784
42839
42784
42800
42830
42822
42823
42788
42789
42787
42835
42893
42924
42961
42875
42895
42889
42892
42940
42939
42802
42816
42961
42807
42803
42799
42939
42823
42831
42884
42804
42887
42933
42957
44531
42812
42866
42882
43187
63942
63981
42825
42958
42958
42845
42866
42885
42945
42954
42839
42924
42939
42866
42828
42867
43129
42830
42883
42845
42867
42838
42839
42867
42856
42841
42854
42878
42853
42855
42855
42860
42883
53162
42852
42861
42907
42852
43162
42864
43145
42859
42863
42877
42856
42879
42859
42863
43167
42861
42907
43132
42922
43145
43182
43162
42900
42914
43131
43165
43183
42875
42952
43183
42877
42878
42900
43181
42886
43182
43182
42879
43158
42888
42901
42961
43180
42900
42914
42914
42924
43180
42899
42906
42901
43177
43158
42902
43178
43161
42904
42905
43165
42906
43031
42913
42996
43051
43039
43131
42922
43139
42915
42992
42911
42984
42912
42917
42984
43032
42916
43148
42919
43034
42942
43301
42919
42921
44529
42925
42953
42921
42928
42949
42930
42953
42927
42928
43212
42926
43034
42968
42933
42947
42957
42930
42947
42943
42987
44040
42937
44519
42940
44531
42938
42971
42943
42984
42992
44040
44529
42982
42985
44523
44525
43038
43030
42964
42968
44118
44526
44056
43034
42969
42989
42991
44522
44525
44522
44523
42985
44056
44523
42973
42987
44519
42985
42975
43000
42977
42988
42978
42997
42979
44015
44043
42998
42999
44042
43052
44012
43029
42987
42992
43034
44067
44123
43029
42999
44012
44043
43029
44015
44043
44016
44017
44071
44120
44123
43003
44001
43005
43011
43033
43996
43023
43102
43428
43008
43027
43010
44000
43008
43013
43052
43011
43014
43027
43101
44005
43027
43054
43102
44532
43017
43019
43020
43065
43179
44009
43057
43066
43025
43101
43026
43103
44008
43026
43028
43064
44000
43428
43054
43109
43035
43039
44015
43101
43038
43039
43040
43177
43171
44006
43041
43055
43042
43177
43188
43044
43045
43047
43175
43046
43048
43304
43067
43072
43049
43188
43194
43049
43072
43050
43055
43068
43188
43165
43109
43301
44009
43171
43109
43301
43468
43061
43085
43110
43069
43085
43173
43446
44007
43173
44007
43067
43109
43179
44007
43170
43204
43119
43890
43085
43173
43468
44006
43082
43204
43075
43077
43112
43076
43110
43412
43088
43185
43106
43110
43446
43108
43170
43108
43170
43111
43084
43416
43088
43119
43185
43193
43346
43113
43412
43464
43410
43412
43090
43099
43383
43092
43117
43092
43105
43602
43098
43400
43094
43095
43603
43875
43117
43399
43117
43400
43602
43100
43603
43894
43113
43398
43107
43398
43408
43120
43400
43602
43995
44009
43179
44000
43113
43388
43464
43186
43202
43204
43468
43113
44015
43193
43409
43185
43190
43134
43134
43176
43147
43209
43137
43149
43134
43136
43144
43141
43149
43156
43146
43146
43150
43167
43211
43162
43149
43181
43155
43152
43168
43152
43166
43254
43156
43154
43302
43175
43168
43168
43182
43201
43226
43227
43172
43168
43304
43178
43175
43194
43205
43209
43227
43178
43183
43203
43206
43206
43207
43193
43192
43260
43287
43300
43345
43890
43203
43206
43281
43343
43297
43302
43345
43198
43435
43199
43262
43271
43306
43201
43210
43207
43224
43890
43297
43226
43254
43300
43226
43222
43249
43222
43224
43229
43220
43256
43229
43250
43250
62856
62911
43256
43230
43233
43238
43426
43257
43316
43235
43257
43259
43257
43285
43285
43369
43473
50373
54543
54549
43242
43257
43316
43245
43299
43371
43270
43368
43275
43253
43371
43371
43273
43292
43306
43276
43306
43290
43316
43266
43290
43332
43340
43268
43283
43274
43278
43332
43273
43299
43373
43276
43279
43277
43423
43435
43278
43280
43315
43363
43280
43315
43423
43318
43282
43284
43286
43343
43344
43349
43425
43346
43378
43419
43345
43364
43425
43433
48599
48616
48741
43303
43314
43321
43359
43432
46691
46692
43306
43307
43447
43421
43423
43321
43430
46811
46881
43312
48582
48585
43327
48580
48569
48609
46720
51070
43326
43347
43364
43334
43453
43350
43421
43337
43348
43322
43325
43414
43323
43449
43452
43328
43341
43325
43326
43359
43454
43433
43433
43328
43331
43452
43463
48428
48437
48446
43342
43348
43453
48436
48438
43362
46800
43336
48581
43379
48493
48598
43342
48593
43349
43453
43339
43361
43340
43362
43433
43361
43435
43351
43419
43350
43425
43361
43362
43363
43414
43353
48621
48734
48608
48623
50346
54552
46686
46687
46688
48597
48725
46722
46764
46892
43436
48620
43425
43368
43375
43369
43426
43421
43430
43377
43379
48604
48615
48597
48619
43457
48605
48725
50338
51084
43411
43401
43408
43409
43385
43474
43486
43407
43420
43391
43394
43420
43405
43465
43391
43427
43445
43465
62850
43413
43406
43456
43469
43513
43396
43491
43395
43469
43513
43475
43491
43417
43495
43491
43608
43893
43464
43402
43885
43474
43474
43486
43411
43427
43450
43613
43467
43470
43417
43614
43616
43413
43474
43464
43613
43465
43421
43615
43450
43613
43883
43475
43422
43444
43612
43475
43429
43434
48578
48598
43477
43883
43948
43495
43604
43447
43948
43454
43444
43612
43440
43455
43462
43456
43488
43442
43455
43489
43477
43513
48725
43511
48438
43467
48584
48588
48699
43462
48468
43472
43492
48456
48467
43462
48444
43471
43472
43476
48467
43893
43477
43612
43493
43608
46761
46834
46847
48477
48478
43485
43497
43604
62765
62909
43489
43616
43874
48461
48472
43497
43518
43528
43605
43496
43517
43504
43614
43501
43518
48470
43500
43520
43499
43519
43502
43604
43519
43609
43508
43514
43609
43504
43505
43509
43510
43510
43516
43521
43525
43508
43523
43524
43614
43606
48437
43523
43528
43615
43522
48471
48470
43528
43606
43523
43606
43525
43561
43527
43560
43527
43529
43609
43530
43533
43686
43531
43532
43534
43668
43668
43535
43541
43542
43813
43538
43550
43538
43549
43557
43552
43556
43540
43541
43562
43557
43562
43669
43678
43557
43675
43555
43677
43548
43552
44167
43548
43672
44167
43549
43564
43554
43552
43558
43562
43678
43554
43567
43564
43675
43568
43730
43557
43813
43568
43677
44167
43674
43903
43693
43903
43564
43566
43576
43589
43567
43576
43693
43671
43677
43701
43574
43588
43921
43575
43583
43678
43813
43574
43575
43579
43577
43878
43693
43579
43684
43582
43684
43688
43925
43580
43912
43583
43911
43679
43683
43924
43691
43926
43584
43585
43877
43587
43911
43587
43593
43610
43600
43685
43923
43601
43876
43595
43599
43896
43593
43594
43896
43888
43596
43880
43600
43601
43603
43875
43881
43909
43611
43874
43877
43877
43884
43605
62854
43888
43905
43910
43884
43746
43747
43621
43628
43637
43627
43653
43640
43641
43624
43746
43641
43744
43747
43745
43640
43629
43630
43631
43632
43634
43638
43644
43634
43639
43648
43645
43705
43652
43662
43653
43640
43743
43646
43743
43652
43649
43676
43698
43652
43698
43723
43652
43654
43698
43731
43666
43658
43659
43673
43704
43660
43702
43661
43725
43676
43709
43730
63889
43687
43928
43702
43725
43704
43671
43701
43924
43682
43921
43686
43709
43731
43680
43703
43681
43690
43924
43682
43687
43689
43691
43944
43701
43724
43927
43691
43926
43692
43697
43703
63896
63928
63956
53139
43770
43707
43723
49476
43729
43923
43704
43708
43710
43721
43727
43710
43713
43929
43727
43728
43725
43727
43929
63877
43717
43759
43736
43783
43790
43719
43722
43739
43718
43733
43776
43769
43721
43769
43722
43727
43722
43928
63854
63935
43758
43928
43737
43741
43734
43735
43776
43782
43736
43753
43739
53198
63713
63723
43741
43748
43744
43795
43749
43751
43753
43757
43752
43765
43756
43782
43761
43762
43864
43865
43756
43757
43860
43759
43781
43763
43869
43765
43860
43781
43838
43847
43833
43847
43775
43779
43834
43792
43862
43781
43819
43835
43862
43783
43787
43922
43836
43781
43935
43960
43785
43786
43946
43787
43795
43922
43789
43792
43795
43801
43934
43794
43922
43817
43966
44278
43845
43797
43799
43958
43828
43936
43960
43966
43806
43828
43970
43815
44172
44133
43804
43843
44278
43804
43822
43970
44131
43812
44131
44280
43962
43809
43964
43989
43820
43843
43816
44143
43811
43827
43823
44250
43820
43870
44131
43817
43828
43843
43939
44278
44129
44152
44280
44133
43926
43946
43834
43933
43935
43961
44149
43934
43936
44131
44152
43824
43825
43831
43829
44250
43830
43841
43827
44165
43841
44141
43857
44148
43831
43858
43859
43840
43961
44250
43837
43863
44148
43836
43838
43842
43854
43849
43840
43846
43857
44166
43846
43857
43933
44138
44148
43960
43979
43851
43850
44168
43857
44148
43854
43868
43855
43867
43867
43868
43863
43866
43858
44168
44201
44164
44168
43864
44163
43979
43869
43866
43869
44163
44163
44137
44149
43872
43905
43910
43947
43917
43896
43884
43921
43881
43886
43895
43894
48439
48455
48468
43896
43916
43895
43906
44008
43908
43898
43906
43983
43906
43980
43984
46079
47345
47702
47745
43997
43911
43912
43947
43908
43909
43980
43997
43911
43913
43938
43944
43915
43917
43918
43919
43919
43942
43938
43949
43920
44132
43920
43931
43937
43944
44132
43942
43934
43937
44172
43940
44172
43950
43940
43947
44172
43945
43942
43943
43980
43983
43959
44002
43949
43950
43959
43951
43953
43958
43953
43955
43963
44011
43955
43963
43993
43956
43973
43957
43968
44011
44151
44011
43970
43989
43987
44002
43967
44130
44128
44151
44133
44124
44128
43969
43977
43988
43976
44125
43972
44124
44128
44021
44125
43974
43977
43993
44024
43976
43977
44003
43981
44014
43983
43987
43993
43993
44014
43999
43986
43995
44005
44004
44014
44125
44135
44152
43991
44004
44019
43996
44001
44094
44284
44001
43996
44004
43998
44014
44013
44024
44016
44020
44094
44016
44094
44018
44042
44097
44024
44284
44119
44033
44284
44033
44026
44031
44033
44029
44032
44045
44064
44029
44110
44030
44096
44032
44063
44097
44034
44064
44097
44038
44042
44120
44064
44068
44097
44039
44041
44068
44075
44076
44071
44076
44068
44045
44046
44060
44075
44076
44048
44052
44098
44079
44080
44050
44052
44539
44051
44062
44059
44054
44055
44070
44062
44118
44540
44061
44539
44537
44080
44257
44095
44066
44099
44075
44066
44082
44077
44071
44123
44077
44079
44154
44074
44099
44074
44111
44122
44109
44082
44517
63930
44081
44517
44081
44087
44282
44088
44100
44088
44093
44282
44086
44100
44257
44534
44093
44257
44542
44101
44116
44542
44091
44092
44254
44100
44108
44238
44100
44109
44110
44537
44109
44104
44104
44236
44104
44542
44106
44107
44249
44114
44144
44150
44134
44255
44111
44115
44127
44146
44124
44126
44119
44234
44122
44134
44253
44124
44130
44253
44129
44143
44135
44136
44143
44153
44151
44137
44145
44280
44173
44250
44140
44173
44146
44147
44142
44166
44170
44146
44173
44182
44241
44249
44282
44156
44159
44157
44158
44204
44176
44210
44159
44177
44160
44171
44176
44247
44176
44177
44247
44166
44173
44179
44203
63950
63991
44201
44247
44189
44201
44249
44211
44190
44211
44357
44211
44357
44203
44184
44187
44357
44186
44205
44186
44235
44248
44190
44229
44188
44200
44189
44209
44191
44248
44207
44210
44193
44210
44202
44207
44195
44200
44202
44213
44246
44208
44232
44208
44213
44218
44209
44206
44210
44229
44246
44207
44209
44219
44220
61628
63933
44220
44287
44225
44227
44287
44224
44301
44240
44251
44218
44219
44223
44233
44228
44232
44226
44227
44228
44231
44235
44251
44252
44231
44286
44227
44252
44301
44294
44287
44252
44232
44324
44400
44293
44298
44286
44400
44243
44245
44243
44279
44239
44254
44256
44279
44241
44244
44358
44245
44243
44244
44255
44245
44301
44283
44279
44258
44259
44261
44535
44279
44281
44262
44261
44281
44412
44268
44275
44264
44266
44273
44265
44330
44271
44416
44274
44276
44299
44268
44285
44390
44270
44390
44426
44461
44276
44289
63908
44274
44277
44328
44329
44450
44285
44330
44450
44299
44288
44292
44295
63717
63956
44291
44295
44315
44293
44304
44294
44300
44297
44304
44297
44303
44399
44300
44324
44302
44303
44305
44309
44306
44308
44309
44312
44308
44323
44325
44310
44330
44312
44313
44325
53221
63926
63937
63964
44317
44319
44318
44322
44327
44319
44403
44341
44409
44322
44323
44325
44326
44410
44327
44419
44329
44331
44332
44338
44410
44338
44433
44335
44365
44404
44335
44381
44417
44339
44423
44417
44419
44340
44403
44341
44381
44403
45848
47702
44346
44353
44346
44363
44367
44351
44373
44348
44353
44352
44350
44352
44353
44380
44376
44376
44415
44394
44425
44433
44368
44442
44369
44370
44404
44373
44377
44365
44425
44432
44371
44418
44369
44392
44369
44374
44405
44375
44404
44374
44401
44375
44398
44389
44392
44395
44383
44411
44389
44411
44391
44429
44405
44443
44394
44405
44419
46893
44420
44448
44402
44431
44412
44429
44408
44414
44411
44443
44431
44413
44416
44420
44421
44442
44430
44425
44430
44447
44444
44430
44428
44436
44467
44439
44449
44434
44437
44445
44449
44495
44438
44446
44437
44439
44449
44462
44495
44450
44444
44447
44448
44463
44502
44453
44464
44501
44483
44456
44499
44500
44456
44494
44457
44498
44460
44508
44503
44471
44465
44475
44476
44470
44473
44493
44476
44473
44494
44501
44472
44500
44503
44487
44477
44490
44499
44502
44501
44513
44493
44489
44502
44485
44518
44488
44497
44518
44497
44493
44512
44498
44509
44503
44510
44507
44539
44507
44508
44533
44515
44536
44515
44516
44514
63858
63935
63949
44521
44537
44526
44528
46933
49460
44534
44535
44536
44539
63896
63902
44806
44819
45030
44585
44810
44825
44990
44548
45026
45036
44551
44556
44558
44653
44566
49639
57524
45038
44561
44646
45184
53091
44652
49157
44552
44556
44697
53034
44585
45020
53083
44563
44569
53022
53028
44583
44586
53084
53076
44931
53056
44559
44806
45030
44650
45033
44577
44594
45342
53082
44994
45040
53019
53035
53042
53012
53013
53026
45125
49164
44808
45304
53032
44656
44693
45269
53024
53031
44615
44654
44662
44573
44590
44601
44610
44914
44589
44595
44576
44615
44610
44646
44663
45401
45294
45351
49632
49637
57477
44582
44610
44914
44828
44872
45100
44841
53033
53041
53047
44594
44585
44810
45436
45391
53089
45391
45436
44610
53339
53470
61660
44614
45402
44615
46146
44592
44601
44595
44609
44608
44662
46146
44646
44604
44614
52483
52514
52537
52472
52494
52580
52472
52555
52896
52556
52905
52944
46027
52548
52578
44603
46146
44603
44608
52874
44609
45404
44614
45198
45394
52866
52867
52890
44608
44629
44662
52871
45405
45455
44624
44626
46344
52830
52864
46361
52772
44633
45401
45408
45437
44618
44625
44639
44619
44634
44707
44623
44628
44622
44706
52773
44622
44623
44625
44635
44626
44626
44628
44632
44636
52862
52789
52832
52929
44707
45406
44632
52893
46244
52841
52851
45439
52852
52857
52876
45406
52845
44634
44643
44639
44636
44696
44637
44661
44638
44660
44639
44641
44640
44641
44642
44644
44657
44643
44694
44659
45408
45046
45068
44655
44756
44810
46119
52851
44750
45391
45337
49234
44819
44872
45100
44655
44656
44823
49158
49235
44990
45020
45401
45437
44693
44682
44856
44658
45046
44660
44674
44694
44661
44677
44680
44750
44666
44690
44876
44669
44684
44685
44691
44760
44668
44676
44700
44722
44672
44686
44723
44686
44708
44723
44820
44676
44725
44820
44684
44755
44684
44685
44689
44821
44679
44684
44689
44688
44712
44725
44692
44695
44823
44695
44821
44688
44696
44683
44690
44711
44851
44711
44823
44689
44822
44687
44941
45062
44725
44690
44759
45046
44825
45068
45090
44822
44706
44709
44849
53085
44699
44700
44704
44715
44722
44705
44712
44702
44705
52775
44706
44709
52771
52765
52779
44705
44710
52776
45437
44964
44712
44721
52778
44827
52746
52757
52782
44715
44716
44722
44721
44733
44752
44751
54796
54837
54844
44729
54438
54447
54453
52746
52755
52763
46289
44889
44736
44824
44888
52871
52893
44824
44728
44889
52777
44740
46351
52757
54437
54442
46283
44880
54847
54851
44747
54839
54864
54867
44947
45030
45269
52759
52769
52783
55039
55081
55087
54858
54869
54876
54885
54901
44745
44908
55001
55011
55325
55375
44744
54802
54845
54805
54838
55000
55004
44763
54877
54889
54913
54863
54904
44955
44960
45069
46284
54849
54886
54888
45408
44752
44947
54837
44796
54988
55633
52757
52763
54454
44821
45068
45090
55001
55034
55063
44816
44876
44761
44764
44766
44876
44803
44826
44775
44878
44917
44803
44815
44766
44826
44878
44776
54901
54967
44877
54892
54912
55104
44774
44775
44909
44774
44884
54891
54974
44848
55246
55293
44772
44794
44909
44775
44917
54974
54930
44815
44917
44778
54931
44783
44797
54936
54946
44782
54977
55294
55296
55411
44785
44787
54919
44787
44797
44798
44860
44788
54930
44793
44801
44879
44879
44794
44909
44791
44811
44919
44800
44835
44864
44801
44802
44835
44794
44861
44879
44921
54925
54849
55251
44809
44911
44809
44911
44860
44812
44861
44919
53037
44911
53036
53027
44809
44835
53023
53035
44865
44837
44864
44835
63702
44858
54889
44837
44852
44877
44872
45030
45269
45033
44823
44858
44828
44851
44837
44831
44834
44918
44931
44832
44870
44857
44936
44881
44964
44857
44887
45304
44842
44918
44870
44931
44952
53019
53035
53041
45021
53044
44850
44847
44859
44862
44845
44847
44850
44871
44934
44850
44859
44953
44854
44871
44921
54984
45040
53025
53034
44852
44876
44859
44862
44855
44901
44862
44875
45269
44870
44922
44917
45083
45083
45100
54965
55091
55093
54980
54985
54986
55073
55074
54924
54933
44900
54969
54983
54994
44875
44979
44894
44878
54861
54875
54888
44941
45069
54969
54985
54839
54867
54877
54913
54967
54990
54970
54994
55090
54805
54842
54914
55371
44922
44934
46119
52852
52876
44897
55003
44968
46305
54979
55239
55044
55071
55100
44895
44979
44901
44968
54991
54992
54993
55007
55021
54991
55002
55003
55117
55119
55240
44901
46311
44906
44903
44927
46311
44915
55139
55152
55153
55175
44969
45084
44976
46311
46305
44984
55089
55112
55131
54968
54966
45402
44920
44954
44959
44980
54892
44926
45053
44926
44935
46306
44929
44930
45032
45078
44933
46201
45086
45041
44936
44938
44939
45080
45099
44940
45081
44957
45110
44964
44958
44967
45099
44944
45042
46321
44945
44971
44949
45035
63744
54884
44951
44967
44971
45110
44951
44958
46312
45083
45077
46312
46321
44967
45099
46354
44981
54913
44963
45098
44966
46354
44983
46301
44971
44976
44980
44974
44973
46290
55030
55015
46286
46310
46291
46305
55002
55002
55005
55162
55164
55005
46305
45077
46321
46283
55046
46310
54998
55001
55009
46292
46310
44987
45064
44988
45005
44989
45022
46136
44997
45285
45287
53081
44993
45008
45013
45199
44995
45185
53022
53041
53064
44999
45011
45014
45184
45294
45067
45218
45000
45185
45000
45010
45028
45218
45056
45067
45239
45003
45005
45048
45051
45064
45005
45047
45006
46136
45022
45025
45182
45185
45054
45067
45239
45011
46192
45012
45200
45013
45186
45019
45285
53057
53066
45219
53058
45182
45199
53066
45183
45340
45294
45296
53076
53080
45052
53033
53039
45025
45185
46187
46187
45055
45065
45073
45112
45218
45038
45051
53038
53059
53096
53105
45053
45039
45052
53039
53017
53040
53041
53047
45043
45073
53013
45055
45086
45053
45055
45048
45096
45050
45065
53054
53055
45086
45438
45064
45073
53074
45066
45111
45218
45107
45058
46167
45059
45087
45060
45082
46273
45072
46537
45096
45086
46136
54885
45076
45101
45097
45107
45076
45101
45096
45204
45079
45101
46201
45084
45438
46201
45110
45081
46207
45087
45098
45088
45089
45092
45089
46203
46130
45436
45093
46186
45094
46130
45094
45095
45104
46167
45109
46167
45438
45239
45343
46312
46318
45106
45109
46199
46218
45104
45105
46164
46186
45106
45109
45114
45441
45204
45770
45198
45344
45112
45139
46202
45197
45128
45136
45441
45143
46164
45119
45124
45202
45126
45128
46142
45145
45202
46174
45119
46157
46160
45131
46116
45121
45126
45144
45399
45128
45135
45143
45441
45136
45139
46202
46142
45134
46139
45130
45197
46198
45144
45151
45396
45144
45202
46158
46116
45435
45164
46142
45137
45145
46139
45202
46142
45139
45197
45141
45208
45142
45153
45146
45149
45152
45145
45161
46191
45783
45824
45154
45168
45206
45157
45731
46114
46115
45152
45731
46114
45154
45155
45158
45161
45195
45179
45206
45157
45165
45194
45221
45700
45160
45698
45699
45162
45209
45705
45716
45238
45716
45399
45166
45167
45175
45205
45174
45170
45171
45189
45174
45176
45177
45355
45173
45188
45189
45174
45196
45192
45210
45247
45189
45230
45233
45322
59663
63945
63954
45207
45731
45355
45340
53061
45186
45237
53087
45200
46159
45188
45189
45191
45615
53148
54953
55738
56077
45196
45214
45195
45196
45210
45675
45206
45731
45203
45201
46192
46059
46295
46185
45203
46159
45209
46185
45206
45396
46114
45714
45824
46171
46198
45215
45213
45229
53079
45322
45675
45216
45220
45280
45231
45237
45247
45678
45240
45252
45225
45600
53058
53078
45280
53079
45222
45231
45716
45236
45240
45224
45679
45234
45263
45228
45273
45227
45228
45679
45600
45268
45275
45231
45237
45232
45615
45233
45245
45235
45258
45334
45245
45246
45251
45615
46159
45247
45677
46197
45258
45243
45244
45281
45243
45248
45603
45598
45246
45253
45272
45253
45248
45602
45250
45274
45260
45272
45320
45275
45604
45258
45271
45317
45548
45262
45270
45278
45261
45604
45278
45320
45582
45275
45271
45313
45585
45334
45582
45277
45277
45334
45267
45270
45267
45583
53005
53011
53068
53071
45281
45273
45317
45279
45278
45283
53007
45282
45320
45679
45319
45564
45740
45288
45317
45581
45595
45314
45711
45288
53008
45581
45585
53075
45310
53011
45310
45291
45293
45388
45301
45352
45338
45395
45302
45303
45392
45552
45295
45331
45351
45302
45306
45299
45299
45556
45740
45554
45564
45302
45330
45303
45324
45392
45352
45307
53039
45318
45324
45585
45331
45333
45352
45318
45316
45327
45551
45315
45318
45330
45581
45328
45339
45373
45601
53006
53012
53014
53069
45336
45711
45315
45335
45390
45335
45366
45373
45591
45355
45564
45591
45356
45390
45547
45390
45353
45367
45550
45552
45562
45740
45338
45382
45395
45550
45338
45392
45548
45336
45585
53079
45351
45393
53014
53069
53085
46197
46199
46218
45372
45393
45346
45382
45456
45347
45348
45425
45349
46129
45349
46117
45362
45369
45369
45398
45773
45389
45388
45601
45381
45382
45395
45549
45553
45358
45361
45377
45364
45448
45546
45364
45546
46129
45390
45547
45363
45386
45363
45364
45369
45376
45377
45379
45385
45370
45425
45551
45372
45422
46059
45542
45553
45379
45400
45424
45470
45381
45456
45440
45546
45547
45376
45773
45386
45378
45448
45380
45385
45516
45386
45475
45393
45425
53007
53046
53078
45387
45440
45547
45421
45428
45541
45549
45550
45552
45393
45397
45404
46059
45399
45403
45772
45426
45772
46117
45435
45440
45514
45404
45407
45412
45413
45426
45432
45773
46260
52506
52509
52476
52554
52555
52580
45455
52866
45430
45432
45433
45447
45416
45417
45433
52485
45418
45475
45421
45475
45420
45460
52477
52499
45423
46584
45456
45772
46117
45502
45516
45773
45447
45472
52491
52478
52516
52895
45473
45447
45449
45473
46140
46014
52546
52905
46114
52858
52877
45470
45445
45728
59463
45508
52435
59449
59460
59465
45446
45509
59487
45471
45470
45450
45451
45452
45458
45453
45779
45453
45471
45464
52453
45455
52867
45501
45798
46123
45469
45479
52456
52507
52380
52385
52419
45463
45486
45523
45468
45766
45779
45469
45766
52461
52466
52534
52384
52419
58901
52447
52464
52470
45488
45777
52453
45472
45768
46122
52484
45824
46133
46171
45942
52352
52370
59429
59441
59446
59454
52416
58943
52460
52394
52396
52415
45838
46118
52432
52443
52400
52402
52465
52439
52459
52502
52463
58934
45486
45509
52457
45766
52456
46033
46260
45510
45782
59483
45827
58898
58921
45737
59476
45510
45545
45494
45496
45517
45515
45532
45496
45497
45524
45505
45521
45515
45543
45500
45506
45512
45519
45541
45502
45503
45504
45519
45670
45798
45519
45729
45507
45524
45522
45555
45512
45518
59449
59482
45728
45732
45517
45538
45555
45522
45729
45541
45549
45519
45541
45525
45566
46123
45521
45534
45670
45729
45524
45763
45522
45728
45782
45737
45532
45561
59704
59500
59517
45529
45570
45649
45531
45531
45532
45534
45536
45572
45612
45621
45630
45538
45539
45559
45587
45537
45538
45559
45540
45568
45544
45559
45543
45544
45692
45670
46129
45563
45563
45571
45681
45561
59629
59631
45666
45590
59637
59646
59708
59498
45597
45681
45587
59489
59538
59491
59462
45662
45666
59505
59537
45576
45612
45621
45662
45573
59604
45580
45575
45578
45580
45599
45618
45674
45579
45687
45673
45687
45711
45593
45659
63699
63744
45593
45596
45590
45662
45589
45597
45659
45692
45594
45598
45594
45606
45659
45597
45598
45659
45599
45618
45625
53003
45603
45676
45643
45606
45619
45627
45618
45609
45643
45676
45610
45643
45682
45610
45616
45613
45627
45640
45671
45626
45637
45667
45619
45640
45624
45637
45689
45620
45693
45625
45625
45626
45667
45672
45623
45639
45664
45640
45667
45626
45673
45661
45629
45644
45633
45638
59519
59604
45646
59648
59513
59608
59617
45639
45642
59512
59518
59594
59602
45645
59653
59949
45687
59603
45682
45644
59650
45672
59511
59602
45664
59635
45657
45690
59584
59619
59667
59673
59730
45648
45657
45690
59644
59647
45671
59629
45801
59647
59725
59597
59665
59776
45664
45668
45654
45697
45710
45655
45656
45686
45694
59682
45660
59722
59723
45682
45802
59478
45686
45687
59541
59503
45676
45680
45680
45688
45742
45693
45697
59574
59614
59654
45690
45695
45691
45801
45742
59732
45695
45764
45801
45764
45709
45701
45727
45700
45705
45769
45704
45736
45704
45727
45761
63767
63796
63816
59655
59681
45730
45761
45710
45736
45713
45726
45739
45788
45715
45767
46176
45822
46171
46176
59704
59710
59715
45723
45762
45743
45723
45725
45743
45762
45788
45724
45762
45746
45775
46134
45735
45782
58949
58952
59457
46134
45743
45763
59495
59547
59664
59722
46101
45745
45775
45746
45785
45757
45748
45793
45837
45749
45759
45787
45819
45758
45835
45752
45753
45757
45760
45758
45780
45825
45778
45758
45780
45882
46102
45793
46102
46101
45797
46161
46168
45771
45774
46168
52453
52455
45771
46273
46099
45836
45779
45819
45821
46161
46115
46151
45821
46096
45821
46161
45882
45790
45793
45791
45794
45792
45843
45796
46098
45794
52419
52427
52430
45800
45800
45821
46098
59485
59567
45804
45881
46098
45812
45843
45818
52388
52401
45807
45808
45912
45811
46007
45809
45868
45880
52384
52405
52430
45841
45874
45813
45842
46120
46264
45871
45881
46120
45880
46093
46094
45898
45878
52458
52903
52387
52389
45869
45836
46096
46108
45832
52398
52402
52440
58916
58999
58996
45832
45831
45833
45834
45880
46094
45869
45870
52433
45885
46095
46120
46264
45875
46150
45843
46093
45847
46079
45853
45937
45864
45932
52404
52428
52440
52447
45929
52345
52434
58910
45865
45912
45932
45932
45861
45862
45863
46009
45930
45986
46001
45865
45866
45867
45912
46007
45912
45886
52445
45893
46092
46095
45895
46007
45903
45894
46007
45881
46098
45892
45903
46001
45885
46070
46071
52411
52509
45898
45893
46102
46004
52347
52361
52545
52460
52468
46025
46070
45889
45890
45999
46004
45993
46010
52432
45898
45897
46025
45999
46004
46013
45900
45902
45986
46009
45901
45908
45906
45905
45909
47081
45905
47081
45906
45908
45934
45986
45914
47101
52225
52229
52300
52372
52307
52313
52315
45986
46001
47101
45936
45916
45984
45981
45984
45919
47070
45920
47098
45921
52310
52319
52610
45961
52620
45985
46594
47146
45930
45928
47085
45937
45939
45938
47085
45935
45935
45937
45938
47085
45935
45985
46005
47074
45943
58891
58973
46010
47101
52360
52598
45965
46003
46586
45956
45973
46586
45947
45952
46011
47100
45960
46494
45967
45972
47114
45962
45976
46583
45953
45957
46583
46003
46042
46583
47097
45968
46494
46041
46042
47102
46494
46585
47150
52605
45967
47087
45958
46588
45962
45995
45963
46043
47121
46043
46276
47102
52560
52917
46000
45964
46505
46511
46036
46078
46507
47100
52558
52565
52621
45972
46586
45987
47136
45987
52624
52982
45987
46592
47136
47111
46077
47078
47113
63663
63686
45977
46077
47096
47113
46044
47096
47097
47075
47107
52367
52564
46040
52575
52612
45988
45992
47071
47107
47070
47076
45984
47098
47107
47072
47115
46044
47075
45992
45993
46002
47072
47098
46002
46008
46037
47072
45994
46002
46024
45996
46008
45997
46015
46023
46037
46003
46012
47097
46024
46002
46008
46044
46507
46070
46262
46276
46507
46077
46586
46025
52541
52888
46026
46085
46021
46026
46085
46018
46020
46048
46080
46275
46021
46032
46066
46022
46067
46080
46275
46046
46037
52525
52550
52566
52583
46031
46081
46087
46038
46041
47155
46072
46085
47155
52525
52550
46038
46496
46506
46045
46506
46495
46579
46495
46508
52621
52917
46588
46276
46078
46069
46252
46047
46067
46254
46049
46068
46065
46073
46051
46051
46053
46073
46056
46063
46054
46084
46090
46055
46149
46060
46065
46058
46061
46166
46067
46073
46155
46509
46149
46064
46074
46090
46274
52537
52896
52902
46081
46107
46074
46274
46080
46254
46509
46254
46076
46095
46262
46107
46274
63723
46092
46496
46091
46084
46110
46138
52546
52894
46088
46109
52471
52582
52868
52891
46090
46125
46149
46166
46275
46124
46127
46126
46150
46134
46140
52489
59724
46126
46154
46109
46126
46154
46106
46126
46127
46150
46127
46133
46110
46131
46261
46154
46261
52510
52881
52889
46160
52457
52893
52481
52482
52510
52514
52455
46154
46261
46133
46135
46137
46160
52484
52895
46137
46165
46141
52912
52485
52491
52831
52946
52511
52866
52870
46148
46155
46182
46164
46175
46191
46152
46156
46162
46152
46156
46165
46153
46175
46183
46184
46177
46263
46196
46263
46165
46175
46510
46164
46169
46175
46172
46193
46176
46178
46186
46196
46510
46261
46179
46180
46183
46196
46510
46184
46180
46181
46183
46195
46323
46348
46186
46188
46269
46198
53061
46195
46190
46195
46520
46323
46490
46510
46198
46218
46211
46212
46269
46202
46203
46208
46228
46339
46212
46226
46266
46282
46208
46220
46279
46324
46209
46214
46210
46227
46248
46279
46226
46348
46225
46266
46490
46215
46339
46282
46220
46279
46324
46339
46225
46490
46492
46266
46282
46222
46246
46491
46224
46241
46503
46225
46241
46325
46333
46334
46267
46228
46229
46336
46340
46230
46360
46231
46248
46232
46240
46242
46233
46239
46247
46521
46235
46247
46272
46333
46249
46280
46343
46530
46238
46330
46521
46239
46527
46240
46432
46331
46491
46248
46335
46451
52803
52843
52848
46278
46487
46582
46250
46257
46335
46349
46341
46272
46513
46265
46268
46488
46491
46520
46515
46255
46265
46512
46256
46508
46515
46265
63670
63712
63732
46270
46509
46523
52508
52887
46323
46490
46278
46503
46271
46493
46493
46520
46280
46582
52885
52894
52946
46488
46518
46341
46349
52915
52937
46297
55016
54839
54885
46290
55016
46288
46290
46308
46309
54796
54844
46322
46301
55020
54987
54995
55091
63917
46300
54989
54999
55006
55089
46309
46404
55023
46303
46308
46326
48602
46311
46528
46314
46322
46319
46332
46317
46320
46317
46320
46327
46364
46368
46358
46517
46385
46348
46328
46334
46345
46366
46517
46337
46360
46339
46330
46367
46430
46524
46525
46337
46360
46503
46582
46360
46368
46338
46424
46347
46358
46345
52775
52776
46524
46526
46350
52844
52862
52790
52846
46356
46365
46424
46521
52850
54902
54971
54984
46353
46366
46357
52794
52807
46417
52766
52837
46373
46464
54583
46369
46419
46525
46574
46386
46371
46410
46372
46375
46434
46463
46469
46374
46398
46528
46463
46379
46415
46381
46398
46401
46399
46416
46464
52722
52751
52932
46383
52797
54475
54477
46416
46445
52779
52849
46528
46391
46443
46439
52663
52691
52694
46391
46403
46397
46399
46402
46417
46396
46420
46543
46414
46431
46413
46403
46471
46415
46418
46405
46410
46409
46549
46414
46408
46480
46409
46410
46469
46465
46480
46480
46534
46431
46423
46444
46428
46436
46442
46428
46442
46432
46427
46428
46482
48591
52660
52704
52708
46444
46448
46540
52700
52996
46468
46526
46527
46442
46444
46538
46542
46438
46482
46617
52685
52710
46473
46450
52749
52759
52762
46455
46620
46448
46450
46745
46540
46542
46531
46466
52805
46458
46713
52661
52698
52704
52708
46617
52686
52695
52798
52824
46696
46723
46617
46462
46691
46723
46781
46483
46553
46516
46574
46543
46549
63692
63702
46534
46556
52665
52680
46695
46766
46778
46474
46696
46697
46778
46476
46831
46477
46679
46478
46481
46831
46947
46549
46540
46713
46693
52632
52634
52727
54593
46488
46512
46489
46513
46518
46514
46492
46520
46523
47121
46504
46581
46581
46529
46570
46499
46570
46500
46536
46504
46512
46529
46533
46570
46579
46585
46512
46529
46579
46525
46527
46522
46580
46524
46530
46580
46535
46622
46535
46538
46576
46536
46813
47836
46622
46745
46545
46553
46620
46555
52922
52938
46612
47142
46551
46624
46626
46551
46615
46620
46744
47142
46781
46554
46621
46744
46557
46590
52960
52988
52697
52942
46575
46577
46559
46590
46609
46577
46565
46567
46676
46562
46569
47116
46676
47136
46564
46566
46570
46573
46566
46585
46578
46578
46587
46645
46622
47126
47129
46573
46575
46621
46780
46645
46645
47141
46580
47121
46676
47155
46631
47126
46632
46603
46605
46677
46595
47116
52921
52981
52989
52200
52209
52271
47117
48488
50381
51084
52940
46732
46599
46677
46631
46665
47117
46637
46677
46665
47128
46631
46605
46677
46610
46613
46608
46614
46732
63687
63696
46609
46618
46632
46732
46630
46666
46621
46744
46619
46625
46626
46630
46911
46616
46752
46620
47142
46633
46726
47046
46638
46632
46624
46734
46627
46627
47142
46734
46728
46731
46733
46638
46733
47124
46939
46928
46938
46980
46636
46652
46897
46637
46928
46980
46659
46727
46752
46644
46730
46731
52665
52692
52706
46643
46644
47124
46729
46944
46733
46923
46647
46740
46747
46648
46671
46741
46730
46756
46658
46739
46936
46754
46848
51021
52646
52675
46729
46928
46658
50769
50797
51075
52991
46848
46961
46895
46936
46659
46660
46675
46897
46980
46921
46662
46664
46898
46678
46664
46908
46921
46896
46926
46666
46675
46678
46926
46935
46954
46961
46921
46672
50759
51075
52991
46730
50760
51096
47135
47127
47154
46911
46911
47166
46698
46682
46683
46776
46777
46689
46715
46719
46690
46701
46708
46685
46793
46702
46792
46702
46710
46715
46766
46947
52734
52796
46698
46721
46701
46721
46766
46700
46707
46710
46776
46706
46766
46719
46709
46775
46847
46707
46722
46764
46706
46714
46716
46708
46776
46772
46779
46772
46834
46772
46723
46773
46716
46718
46942
46779
46941
46725
46773
46941
51076
51089
46779
46942
46943
46725
46728
46743
46734
47046
46923
46743
46736
46754
46874
46737
46849
46842
46843
46750
46758
46765
46842
46741
46748
46751
46742
46746
46756
46756
46848
46749
46762
46750
46751
46765
47124
46939
47131
46762
51069
52675
46765
46949
46759
46761
46764
46848
46942
46949
46834
46769
46771
46795
51017
51022
51027
46770
48603
48477
46794
46846
46943
50736
50787
52964
52966
47693
49178
46794
46816
46846
46791
46794
46796
46785
46817
46796
46812
46817
46788
46793
46796
46814
46817
46795
46797
46819
46795
46819
46958
46793
46812
46958
46798
46825
46853
46804
46809
46815
46801
46802
46803
46805
46804
46805
46811
46806
46807
46810
46815
46809
46881
48570
46811
46835
46958
47786
46822
46825
48545
48583
51054
51065
46822
46838
46829
46830
46878
48426
48453
46827
46833
46969
46829
46832
49724
53147
55220
46828
46832
46829
46837
48603
46853
46839
48426
48453
46837
46841
46843
46838
46969
46843
46971
46854
46857
46971
46851
46857
46849
46845
46882
46868
46971
46847
48477
46948
46851
46857
48418
46948
46963
46945
46951
46875
46868
46995
46995
46963
46887
46913
63699
46860
46861
46862
46863
46871
46865
46868
46867
46870
46868
46966
46973
46873
46879
46951
48453
46877
46882
46878
46879
46880
48570
46880
46884
46885
46885
46889
46883
46884
46888
46969
46971
48571
48571
46949
46913
47165
50797
46932
47125
47159
46898
46938
46900
46903
46931
46901
46902
46903
46925
46937
46905
46906
46907
47043
46940
47063
46937
47045
46931
46910
46914
46924
46929
46931
46940
47001
47019
46915
46988
46918
46930
46917
46956
46970
46919
46919
46956
46957
46974
46933
46926
47004
46944
46988
47125
47159
46946
46935
50741
50762
46936
46961
47045
47133
46997
46946
46950
46957
46954
46962
48211
50933
50953
49455
46988
46974
46974
50759
50798
50899
46970
46974
46984
46968
46978
46984
46987
46987
46977
47006
46977
46987
47006
46979
46981
47039
46992
46992
46985
47007
47040
47005
47008
46986
46994
47039
46989
46992
46992
46994
47005
48418
46998
47000
46999
47063
46999
47010
47042
47003
47003
47038
47041
47044
47019
47045
47007
47017
47035
47063
47038
47017
47017
47015
47016
47020
49014
61611
63991
47044
47022
47062
47069
47022
47024
47030
47024
47033
47067
47068
47026
47065
47069
47028
47037
47047
47029
47032
47035
47042
47062
47064
47031
47062
47032
47034
47068
47035
47049
47048
47043
47064
47044
47124
47048
47052
47050
47058
47052
47055
47055
47057
47058
47060
47057
47163
47060
50728
50762
52274
47066
47068
47069
47083
47073
47083
47077
47096
47078
47079
47084
47103
47090
47103
52382
52405
52602
47107
47087
47103
47147
52590
52605
47112
47089
47092
47109
47090
47092
47157
47149
51977
51982
52227
52592
52622
52954
52215
52218
52212
52235
52320
47115
47110
47105
47143
47106
47138
47109
51921
52267
52339
47138
47112
47112
47148
47145
47119
47117
47129
47119
47148
47137
47145
52906
52909
52999
47134
47137
47154
47153
47134
47137
47138
47159
47149
47149
50819
50849
50851
52162
47164
52594
52954
47153
47148
52607
52570
52603
52560
52584
52982
47165
50744
47162
47160
47162
47160
47161
47163
47167
52619
52955
50801
49986
50003
50005
50198
50264
50296
49999
50025
50063
47173
50133
50146
50174
48848
50180
50558
49986
50008
50047
47245
48951
50597
47434
47588
47596
47181
47192
47195
47180
47312
47314
50245
50269
50271
51242
47207
47586
47194
47207
47298
47183
47187
47235
47268
48864
50275
50320
47186
47193
47205
47188
47188
47200
47209
47404
47199
47208
47297
48848
47192
47195
47630
47260
50498
50559
47197
47199
47194
47281
47195
47294
47398
47199
47594
47407
47594
47630
47297
47404
47248
47407
47203
47581
47426
47434
47297
47587
48943
48127
48952
47399
47298
47294
47586
47235
47403
47212
47622
47219
47276
47624
47604
47627
47214
47218
47220
47617
47222
47252
48113
47221
47617
48027
51233
51245
51287
47220
47276
47592
47222
47223
47645
47229
47252
47623
47645
47225
47227
47252
47230
47238
48136
47228
47232
47250
47235
48864
47230
47240
47247
47237
48022
48864
50280
50322
50334
47268
48864
47247
47256
48141
48034
48124
48113
47268
48952
47239
47249
47240
48136
48141
50282
50492
51216
50197
50288
51249
48141
47617
47356
50074
50151
50153
50164
50165
48143
47403
48108
48143
48863
47256
47262
48136
47254
47272
47295
48865
47255
47265
48204
48873
48124
48038
48143
48863
48038
48131
48204
47264
48131
50185
50201
51250
51219
51220
51221
47295
48862
47264
47280
48131
47266
48132
48134
48176
47267
47279
47270
47273
47270
47273
48847
47274
47293
48122
48862
47277
47285
48852
48971
47285
48832
47627
47278
47285
47279
48887
47280
48942
48857
47296
48127
48971
48846
48952
50164
50175
48131
48204
48859
47289
47406
48827
47292
47307
47406
47293
48957
48831
48835
48957
50069
50594
47293
48828
48835
47307
48828
48833
48894
47402
48848
48873
47298
48852
50070
50145
50149
47313
48852
47302
47304
48975
47303
48931
48932
47310
48926
47308
47410
47327
47348
48975
47332
47393
48936
48893
48936
47328
47331
48927
47368
47413
48923
47402
47586
48844
48937
48918
48937
47393
48843
48845
47319
47343
49826
50606
57348
57367
47326
47349
47375
47321
49597
47326
47339
47322
47357
47383
47323
47369
47329
47357
47386
47326
48897
48928
47341
47348
48898
48975
47332
47368
47333
47413
48933
47347
48923
48895
48922
49594
57213
48906
48928
48932
47585
47334
47394
47374
48939
47346
47347
48939
47356
50072
50073
50080
47356
50073
50090
47349
47383
47344
48895
48904
47345
47786
48414
47375
47343
47372
47346
47369
48922
47372
47355
47369
47368
47357
57357
57435
57453
49842
57335
57366
57368
47354
47358
49557
49782
49900
48921
48933
48939
47360
48940
49596
49572
49597
47363
48919
49609
49629
49465
49521
49527
49903
47366
47381
47365
47392
47408
47374
47394
47367
47381
47408
47408
47451
47372
48921
57208
57209
57217
47389
47394
47405
47388
48898
48928
47377
47378
47427
47378
47385
47420
47384
47450
47380
47381
48940
47381
47445
47527
47385
47442
47527
47391
47444
47450
47420
47527
47451
49685
49686
49768
48939
48921
49559
49446
49477
49482
47411
47444
47408
47411
48845
49814
49815
50083
50099
47405
47412
48837
48845
49018
47449
48837
47412
47590
47412
47425
47595
49018
47624
47630
47425
48835
48950
49534
49662
49742
48931
48936
47447
47504
47424
47448
47450
47426
47434
47583
47418
47420
47419
47427
47454
47422
47482
47422
47423
47609
47454
47431
47427
47436
47482
47449
47435
47447
47455
47459
47507
47510
47559
50016
50311
47504
47599
47480
47578
47622
50108
50186
47588
47504
47581
47501
47458
50025
50116
50107
50128
49444
49477
49526
47441
47446
48920
49530
47446
49864
50054
47527
47583
47501
47590
48837
48923
47454
47457
47661
47485
49984
50038
50047
47461
50012
47605
49525
49529
47462
47475
47464
47467
49448
49447
49431
49918
49924
49935
49952
49989
47488
49525
47483
47500
49441
47476
47505
47507
47473
47500
47584
47475
47542
50034
50126
50310
47488
47612
47478
47498
47494
47545
47494
47524
47523
47540
47494
47497
47545
47510
49484
49488
49421
49422
49435
50096
50310
49282
49295
49365
50035
50309
47500
50241
50332
51108
47495
47541
50023
50036
50120
49991
50061
49995
50095
50116
47499
47522
47574
47584
47526
47583
47503
47569
47575
47511
47605
47528
47534
49017
47520
47525
47661
47530
47566
47575
47609
47572
47612
47513
47558
47514
47515
47539
47545
47558
47589
50063
55736
55938
56077
56153
47521
47528
47529
47522
47530
47526
47566
47531
47529
47574
47579
47539
47530
47534
47544
47540
47580
47555
47573
47541
47568
47661
47536
47537
47575
47541
47566
47568
47538
47569
47655
47548
47584
47546
47552
47575
49017
47563
47653
50020
50062
50317
47553
47564
50227
50247
47554
47662
47552
47565
47648
47656
47653
47655
47670
47563
47557
47646
47660
47602
47614
50063
47646
47651
47562
47571
47593
47662
47651
47670
47652
47656
47600
47576
47656
47573
47593
47612
49017
47600
47646
47651
47621
47642
47579
47661
47595
47599
47590
48843
48893
47594
47596
48943
48759
49998
47622
47604
47627
47602
47601
47602
47610
47614
47601
50275
50323
51247
47607
47613
47625
47643
48041
50271
50273
51242
49875
49932
47615
47633
47641
47618
47621
47633
47618
47633
47642
47623
47660
47628
47631
47635
47625
47631
48041
48030
48113
47641
48040
47795
48051
50308
51199
47785
48030
47643
47681
48041
47647
48024
47668
47681
47642
47636
47681
47682
47788
47794
48024
47637
47798
47668
47707
47643
47684
47664
47668
47644
47646
47645
47665
47660
47684
48040
48030
48040
47649
47667
47671
47673
47684
47671
47662
47670
49919
49928
47670
49890
49907
49937
47672
47678
47671
47673
48759
50323
47669
47672
47684
47667
47706
47672
47690
47690
47706
47708
47672
47675
47685
47677
47691
47685
47708
47679
47709
47737
47680
47701
47685
47686
47708
48024
48041
47697
47706
47708
47707
51143
51201
47695
47701
47730
51160
47707
47692
47709
47717
47748
47695
47718
47754
47698
47710
47699
47801
47724
47744
47754
50251
50266
50267
51190
47704
47754
47859
47744
47761
47858
47707
47730
47750
47737
47714
47717
47753
47717
47735
47750
47753
47722
47726
47764
47854
47721
47722
47764
47730
47723
47732
47739
51411
51467
51591
51597
47736
47749
47724
47761
51167
51208
47727
47796
47732
47742
47746
47736
47796
47735
47854
47747
47738
47742
48056
47747
47749
47764
47854
47738
47764
47796
47957
51161
51182
51183
51277
47753
47747
47862
47768
47844
47754
47836
47757
47957
47786
48414
47753
50223
50233
50246
51452
51456
47760
47757
47766
47768
47862
48055
48291
51130
51192
47766
47767
47771
47763
47765
47763
47765
47792
47780
47858
47957
47770
47792
47800
47770
47779
47771
47777
47867
47773
47777
47893
47774
47775
47893
47775
47776
48079
47781
47791
47791
47789
47878
47895
47789
47867
47859
47787
48052
47783
48025
48019
48071
47785
48071
47797
48027
47836
47790
47881
48048
48049
48052
47792
47801
47868
47861
50321
51207
47855
47861
48071
47868
48025
48029
48071
47843
47866
48045
48025
48026
48049
47804
47806
47899
47808
47808
47857
47822
47811
47829
47846
47901
47823
47830
47833
47823
47815
47818
47822
47832
47835
47857
47835
47819
47847
47823
47829
47832
47890
47849
47917
48602
53145
53162
55017
47845
47898
47828
47841
47913
47841
47850
47888
47830
47837
47830
47837
47889
47889
47901
47915
54628
55141
55736
47886
47856
47844
47865
47914
47856
47849
47898
47914
47912
47865
47887
53139
47898
47856
48056
47890
51152
51164
51171
51466
48019
47865
47866
47874
51463
47918
47875
47875
51135
51170
51259
47871
47959
47872
47950
47873
47880
47882
47885
47892
50240
51132
51143
51261
47893
47895
51333
51355
51379
47882
47949
47891
47884
48063
47884
47894
47897
47904
47887
47892
47897
47894
47897
47897
47900
47918
47900
47892
47896
47913
47904
47903
47904
47946
47951
48063
47906
47907
47909
47916
47907
47911
47922
47909
47910
47933
47910
47916
47915
47918
47922
47920
47946
47921
47924
47945
47934
47932
47948
47956
47927
47960
47929
47932
47930
48014
48299
47930
48299
47935
48006
48008
47934
47935
47937
48005
47946
47942
47956
47942
47953
48005
47942
47943
48001
47954
47956
48006
47947
48063
47950
47958
48059
47953
47955
47993
47955
48001
47968
47969
48003
47969
48087
47961
47968
47971
47993
48066
47964
47980
48066
47971
47973
47967
48058
48087
47967
47978
47981
48003
47983
48084
48087
47983
48058
48062
48084
47973
47982
48120
47977
50210
50468
51220
48093
48054
51237
51258
47992
47997
47983
48066
47982
47983
48060
47993
47986
48104
47985
47989
48306
47986
48120
48088
48007
48093
48312
48007
48089
48312
48084
48085
48010
48289
48120
47996
47999
48290
48067
48110
48288
48084
48010
48018
48090
48010
48002
48010
48289
48083
48085
48004
48090
48017
48177
48299
48011
48090
48270
48300
48013
48018
48286
48272
48015
48016
48271
48042
48026
48031
48022
48028
48125
48029
51236
51244
51282
48053
48046
48053
48030
48029
48053
48033
48125
50291
50304
51233
48068
48075
48076
48082
48117
48044
48068
48125
50256
50329
51232
48076
48116
48190
48873
48082
48116
48126
48097
48101
48123
48082
48047
48050
48052
50321
51134
51442
51191
51290
48058
48072
48074
48062
48067
48115
48067
48074
51435
51458
48115
48871
48072
48079
50179
50322
50334
48079
48114
51233
51245
48095
48100
48187
48169
51230
51236
51260
51282
48871
48289
48289
48091
48092
48095
48099
48104
48306
48307
48300
48114
48099
48110
48098
48100
48196
48100
48187
51222
51230
51323
48162
48246
48187
51212
51213
51323
48103
48121
48147
48159
48192
48116
48130
48190
48107
48117
48862
48126
48130
48190
48866
48128
48147
48166
48405
51210
48871
48126
48121
48122
48121
48138
48147
48305
48865
48169
48141
48847
48171
48193
48133
48196
48159
48204
48870
48163
48307
48865
48189
48139
48170
48879
48145
48189
48145
48189
48145
48171
48198
48158
48206
48257
50189
50485
48156
48194
50459
50469
50473
48171
48167
48189
48724
50512
50513
48166
48193
48245
48152
48205
48243
48154
48200
48891
50426
50456
50520
48157
48533
48157
48193
48198
48158
48886
48245
48891
48170
48866
48161
48181
48533
48164
48182
48175
48191
48164
48173
48304
48200
48209
48191
48879
48881
48247
48257
48879
51215
48257
48173
48174
48183
48177
48307
48304
48196
48872
48183
48179
48188
48180
48199
48210
48255
48245
48304
48524
48185
48188
48208
48210
48303
48208
48199
48224
48867
48208
48246
48880
50492
48524
48867
48868
48304
48867
48886
48205
48202
48212
48516
48228
48251
48517
48529
48868
48517
48530
48209
48253
48218
48516
48529
48341
48250
48530
48255
50971
51032
51315
48213
48222
48877
48214
48230
48215
48329
48216
48327
48217
48219
48221
48220
48318
48221
48324
48227
48328
48223
48230
48228
48244
50855
50868
50954
51386
52167
48231
48514
48258
48517
48530
48252
48525
48261
48233
48250
48258
48236
48514
48788
48567
50989
48238
48501
48888
48261
48486
48486
48892
48260
48761
48892
48240
48247
48754
48241
48249
48242
48248
48751
48524
48868
48529
48868
48249
48756
48510
48810
48869
48869
48253
48258
48514
48513
48540
48259
48486
48510
48332
51023
51039
51043
51045
48756
48756
48782
48504
48748
48504
48482
48810
48268
48345
48371
48338
48371
48272
48345
48267
48371
48268
48276
48269
48359
48342
48345
48342
48274
48342
48275
48285
48275
48285
48343
48345
48544
48363
48544
48280
48282
48298
48363
48284
48282
48334
48337
48284
48286
48313
48296
48359
48343
48404
48292
51129
51191
48293
48309
48311
48313
48332
48301
48302
48313
48334
48336
48303
48332
48303
48309
48341
48312
50453
50497
50507
48313
48318
48341
48326
48526
48724
50410
50509
48324
48333
48322
48331
48333
48394
48340
48391
48329
50947
50970
51010
48326
51267
51289
51291
48326
48408
48412
48331
48328
48329
48576
50948
50970
50971
48448
48370
48339
48337
48348
48404
48339
48361
48347
48367
48352
48352
48351
48387
48394
48368
48379
48353
48395
48406
48379
48355
48365
48374
48369
48364
48365
48358
48366
48367
48362
48367
48394
48378
48379
48382
48384
48378
48458
48376
48383
48377
48460
48380
48388
48447
48395
48384
48390
48398
48447
48386
48407
48542
48542
48386
48406
48407
48445
48398
48406
48448
48389
48460
48390
48532
48401
48415
48398
48399
48445
48397
48412
48448
48399
48466
48415
48402
48537
48401
48403
48425
48532
48410
48452
48410
48423
48537
48544
50941
50968
48411
48526
50765
50891
51029
48434
48419
48427
48592
48466
48431
48552
48590
48537
48458
48427
48538
48573
48521
48526
48421
48443
48457
48422
48465
48435
48425
48450
48425
48435
48534
48528
48438
48432
48443
48451
48431
48451
48457
48565
48595
48436
48577
48440
48444
48446
48450
48454
48590
48442
48438
48440
48441
48449
48455
48542
48464
48552
48575
48466
48573
48570
48538
48573
48456
48552
48460
48461
48476
48462
48462
48479
48574
48534
48574
48552
48592
48468
48470
48471
48473
48474
48476
48475
48481
48482
48500
48506
48888
48501
48518
48490
48500
48507
50680
51052
51053
50434
51053
52668
48788
48502
48505
48558
48727
50342
52644
48492
48522
48554
48498
48505
48557
48502
48509
48664
48549
48556
48494
48664
48495
48561
48568
48496
48563
48556
48513
48554
48735
48499
48644
48507
48766
48515
48601
48727
48761
48892
48601
48507
48726
48550
49093
49724
55220
48549
48653
48782
48516
48529
50432
50443
50519
48653
48748
48877
48747
48520
48551
48521
48528
48527
48531
48548
50930
50984
50987
48533
48540
48576
48551
48540
48554
48534
48574
48541
48595
48538
48541
48551
48553
48600
48572
48548
48556
51041
52646
48553
48564
48566
51039
51051
48560
48614
49084
55788
48572
48559
50364
50419
52648
48614
48558
48634
48653
48614
48664
48564
48569
48564
48568
48575
51006
51041
51059
50993
50994
51083
48598
48586
48600
48592
48609
48609
48586
48581
48593
48581
48582
51064
52646
48587
48586
48587
48589
48725
48593
51079
52683
50778
50780
50787
48599
48616
48699
48620
48605
48610
48766
53139
48612
48620
48613
48621
48617
48621
48741
48618
48620
48616
48613
48634
48626
48728
48664
48617
48622
48741
48622
48625
48626
48624
48734
48641
48635
48645
48650
48647
48675
48631
48701
48749
48632
48633
48646
48648
48740
48639
48644
48646
48740
48644
48728
48638
48638
48734
48638
48641
48734
48732
48728
48733
48701
48732
48733
48733
50400
50419
51038
48645
48650
48736
48701
48732
48677
48736
48749
48650
48729
48676
48743
48727
48655
48659
48672
48658
48658
48679
48658
48684
48674
49092
48662
48669
48671
48663
48673
48663
48670
48730
50659
50972
54622
54632
48670
48676
48674
48679
49092
48683
48703
48730
48737
48749
48683
48702
48704
49090
50421
48683
49086
48686
48691
48715
48717
48695
48703
48717
48689
48690
48794
49076
48713
48780
49088
48692
49079
49099
48696
48694
48709
48696
48729
48730
54541
54546
54566
54589
48717
48731
50528
51007
48718
48719
49054
48709
48803
48738
48718
48792
49009
50605
48713
49081
49079
49099
48737
48994
48798
48722
48746
48784
48739
48742
48764
50392
48746
48748
48749
48739
48746
48784
48885
48994
48762
48763
48776
48751
48772
48770
48810
48753
48774
48884
48755
48771
48755
48882
50368
50438
50554
48812
50502
50990
49997
50278
50974
51222
48766
48885
48890
48764
48889
50433
50450
50457
48888
48773
48779
48769
48947
49061
48773
48779
48777
48809
48878
48882
48776
48779
48884
50911
50923
50932
48783
48885
50357
50413
48783
48981
48804
48813
48947
48869
48787
48889
48791
49054
49061
48792
49054
49061
48790
48947
49061
48791
48806
48991
48798
48981
49051
49088
49005
50529
50526
50605
48800
48969
48801
48820
48806
48836
48991
48813
48947
48890
48806
48949
49052
48815
48949
48976
48821
48849
48883
48821
50483
50557
50569
50501
50561
48823
48883
48815
48836
48949
48816
48839
48966
48818
48825
48839
48834
48823
48851
48854
48836
48850
48944
48822
48878
48841
48959
48949
48825
48834
48826
48855
48827
48855
48950
48844
48830
48832
48858
48831
48957
48966
48887
48844
48937
48945
48964
49018
48854
48858
48887
48925
48950
48849
48851
48853
48918
48894
48971
48851
48974
48894
48857
48860
48959
48974
48976
48941
48887
48942
48974
48861
48942
48966
48976
48861
48870
48861
48946
48872
48876
48875
48876
48878
48946
48946
50452
50467
50469
48891
48953
50603
57318
57320
57333
48906
48934
48932
49576
57360
57378
50593
50694
49748
57368
49011
57303
57311
49009
50590
50620
48915
49001
57302
57314
57332
57379
48948
48938
48948
48911
49033
48963
57134
57217
57383
49001
57220
49564
49566
57201
57224
48924
48948
48954
57206
57363
57429
48953
49601
48940
49524
49884
48933
48934
48926
48941
48931
49000
48956
48954
48963
48953
48954
48963
49000
48969
48961
48959
50067
50074
49801
50094
50125
48964
48970
57123
57130
57514
49333
49792
50055
48968
48964
48984
48967
57334
57347
57350
48984
48969
48973
49000
48980
49040
49049
48982
48980
48993
48997
48985
49040
49049
48985
49052
49011
49091
57303
48986
48988
48990
48993
49049
48990
49050
49057
49040
57227
57306
57315
49054
49027
49028
48998
49033
49016
48999
49016
49039
50648
50706
57273
49186
57065
50539
50568
50601
57340
57345
50578
50712
50609
50610
57233
57315
57432
50614
50686
57392
57419
57422
49015
49024
49058
63980
49021
49045
49602
57154
57174
57132
57156
57157
57167
49041
49844
50596
57358
57115
57117
57131
49027
49038
49179
57113
57114
49055
49059
49078
49030
49031
57113
49043
49044
49072
49042
49073
49183
57060
57098
57027
57094
49039
49045
49045
57115
49072
49060
49096
57094
57122
57123
57125
49097
57228
57236
57306
49146
49150
57050
57063
49051
49053
49052
49057
49058
49074
49080
49074
49078
49060
49063
49074
49063
49071
57228
57235
50589
57329
57345
57346
49071
49071
49077
49077
49073
49115
49076
49080
49077
49081
49088
49099
49100
49093
55141
49112
53123
54628
49089
49095
50638
50671
50692
50707
49090
49094
50627
57230
54243
49095
57234
57309
49100
49102
49108
49120
49104
49116
49104
49117
50671
50701
56842
49107
49110
49109
49119
49111
49120
49116
55141
49114
49119
49118
49117
49120
49120
57246
57281
57023
57069
57097
57141
56912
49131
57419
49141
49208
49127
57080
57531
57502
57523
57534
53510
53581
49155
49157
49185
49132
49152
49185
49211
57073
57101
49136
49223
49237
57268
57251
57262
57377
49173
57252
49208
57257
49237
49143
49153
49144
49174
57065
49165
57066
57076
57081
57102
57106
49177
57057
57524
57544
49154
57487
57508
57512
57052
57054
53095
53127
53193
53336
57423
49154
49159
49181
49219
49181
49184
49171
49210
49190
49165
49181
49168
49184
49218
49613
57016
57103
49219
49639
49170
57433
57437
57536
57526
57528
57547
49169
49170
57060
57059
49218
57396
49218
57521
49177
57058
57101
57247
49237
57052
57084
57075
57079
57071
49219
57058
57075
57247
57049
57050
57054
57072
57394
57462
57503
57509
56752
56790
56973
49195
49235
49192
56755
56776
49235
49197
49224
49233
56770
56774
56776
56783
49238
56758
56760
56998
49241
56750
56756
56731
56771
56688
56691
56694
56962
49205
56744
57249
57252
57282
56953
56710
56729
56765
56778
56741
56775
56795
56974
49229
49234
57093
57138
49222
49228
57281
57252
57282
56753
56627
56675
56881
56669
56672
56700
56792
56721
56736
56779
57528
57404
57420
57424
49223
49228
57266
56742
49239
57259
57520
57354
57413
57416
57259
57265
57377
57244
56802
56846
56999
57276
57267
57275
56891
56781
56947
56786
56759
56798
57055
49243
49257
49244
49252
49245
49246
49369
49247
49260
49247
49288
49303
49248
49259
49251
49352
49254
49266
49254
49364
49262
49350
49358
49369
49263
49359
49255
49286
49285
49350
49388
49262
49280
49352
49288
49348
49322
49378
49260
49261
49302
49352
49356
49285
49359
49280
49284
49267
49325
49357
49654
49311
49363
49663
49285
49359
49381
49470
49663
49272
49360
49270
49326
49381
49271
49679
49323
49385
49327
49679
49744
49274
49317
49902
49276
49279
49276
49277
49349
49938
49305
49312
49316
49380
49307
49315
49342
49378
49282
49283
49293
49298
49366
49300
49308
49368
49378
49355
49348
49367
49377
49934
49350
49383
49290
49294
49921
49920
49431
49919
49431
49912
49920
49306
49366
49298
49934
49297
49302
49369
49297
49921
49922
49300
49377
49924
49370
49303
49922
49366
49383
49306
49308
49313
49309
49517
49902
49905
49323
49332
49341
49379
49319
49536
49517
49317
49902
49940
49321
49486
49536
49318
49332
49938
49322
49351
49321
49349
49324
49654
49327
49679
49325
49378
49652
49655
49664
49381
49329
49354
49331
49334
49331
49468
49518
49333
49659
49385
49334
49338
49498
49336
49337
49659
49775
49673
49354
49495
49340
49518
49353
49472
49663
49658
49344
49345
49345
49346
49680
49347
49375
49382
49350
49486
49938
49356
49380
49471
49489
49658
49499
49784
49362
49405
49363
49655
49365
49381
49663
49395
49405
49680
49372
49388
49653
49388
49653
49962
49962
49655
49922
49919
49934
49393
49653
49374
49680
49376
49384
49387
49402
49490
49923
49642
49384
49388
49486
49396
49931
49931
49485
49392
49925
49423
49428
49931
49401
49489
49398
49398
49403
49402
49400
49406
49484
49516
49427
49437
49435
49425
49437
49925
49422
49437
49488
49407
49409
49421
49408
49410
49421
49483
49422
49894
49428
49429
49419
49414
49417
49416
49418
49426
49441
49424
49426
50101
49427
49425
49427
49434
49437
49429
49435
49442
49434
49430
49432
49923
50101
49488
49490
49438
49446
49449
49482
49516
49440
49450
49528
49442
49451
49444
49447
49450
49445
49446
49447
49452
49448
49453
49525
49526
49525
49464
49473
49481
49476
53125
49458
49481
49492
49465
49481
49494
49494
49838
49480
49487
49545
50045
49462
49529
49530
49906
49463
49603
49466
49494
49492
49545
49581
49466
49467
49903
49537
49603
49478
49470
49664
49775
49549
49652
49646
49657
49475
49500
49475
49493
49519
49479
49497
53116
49838
49978
49894
50055
49493
49581
49491
49492
49509
49491
50045
49485
49533
49838
49495
49498
49978
49671
49657
49661
49500
49670
49792
49508
49509
49733
49502
49513
49684
49505
49674
49534
49535
49684
49505
49531
49544
49506
49599
49544
49595
49535
49671
49702
49660
49696
49527
49512
49534
49684
49696
49742
49513
49686
49514
49593
49674
49519
49535
49595
49670
49882
49980
49549
49659
49671
49521
49523
49539
49532
49523
49552
49778
49543
49705
49596
49603
49529
49906
49532
49603
49532
49539
49733
49894
50055
49768
49557
49778
49539
49541
49599
49606
49541
49556
49674
49542
49550
49547
49606
49606
49779
49670
49733
49548
49559
49779
49550
49551
49553
49569
49775
49561
49569
49779
49559
49779
49554
49569
49555
49562
49558
49572
49573
49560
49611
49596
49615
49569
49884
49561
49571
49611
49571
49565
49571
49567
49669
49709
49565
49573
49571
57224
49584
57221
57198
57221
49576
49598
57201
57205
57378
57388
49598
49598
57387
57428
49787
49824
50596
50611
49820
57213
49785
57435
57452
49580
49675
49709
57176
57481
57490
49583
49697
57189
49792
49722
49785
49709
57196
57378
57388
49590
49662
49593
49669
49709
49685
49697
49589
49590
49612
49591
49610
49592
49662
49742
49686
49597
49820
49684
49820
49674
57188
57192
57508
49616
57195
57169
57481
49607
49611
49669
57177
57186
57204
57490
57221
57224
49616
49629
57482
49623
49612
49614
49624
57470
57488
49622
49778
49884
57188
57210
49637
49647
57464
57381
57505
49632
57438
57471
49621
49637
57477
49623
49625
49623
49624
49638
49641
49626
49651
57470
57474
57477
57516
49633
49634
49668
49719
49638
49641
49644
49676
57464
49682
49647
57463
49636
49665
49678
49650
49681
49681
57547
49644
49651
49643
49646
49645
49698
49646
49656
49649
49719
49676
49786
49658
49664
49672
49676
49786
49673
49661
49666
49768
49682
49730
49667
49672
57442
49784
49685
49686
49698
49730
49704
49730
49726
49700
49700
49730
49714
49758
49728
49954
49690
49737
49767
49769
49771
49940
49692
49767
49885
49900
49905
49723
49731
49740
49699
49707
49720
49703
49710
49715
49737
49702
49784
57223
49703
49740
49720
49703
49710
49728
50048
49742
49786
49778
49903
49744
49716
49740
49756
49767
49885
49769
49712
49717
57451
49713
49723
49896
49755
49765
49715
49737
49756
49757
49717
49718
49722
49723
49722
49725
50048
49752
57357
57452
53116
57206
57217
57362
49752
49896
57452
49755
49757
49751
49774
49787
49735
49739
49743
49765
49774
49770
49751
49754
49776
49741
49749
49750
49757
49772
49942
49749
49755
49751
49776
49776
49825
57337
49776
49825
57352
57359
57369
49753
49819
49942
49772
49824
50596
49758
49773
49942
49758
49760
49811
49839
49761
49880
49764
49780
49898
49836
49837
49898
49840
49947
49794
49896
49771
49902
49905
49771
49770
49940
49954
49774
49795
49783
49947
49781
49880
49789
49837
49885
49947
49836
57451
57529
50602
49789
49879
50076
49791
49809
49836
49837
50050
49981
50076
49811
49909
50598
49818
49839
49806
49943
49797
49800
50082
50092
49799
49807
49833
50100
50500
49815
49828
50083
49802
50319
50092
49813
49948
49952
49805
49909
49915
49981
49808
50500
49821
49841
49808
50319
49813
49915
49837
49901
49915
49948
50076
49943
50077
49818
49839
50319
49822
50100
49845
49823
49834
50099
49828
49955
50075
49819
49840
49822
49832
49841
50099
49827
49845
49832
50616
57347
49955
57341
50082
49830
49955
50075
50601
57340
49836
49897
49834
50083
57302
57304
57322
57379
49943
50077
49844
50611
57363
57368
49955
49847
49851
49960
49849
49856
49871
49930
49963
50044
49851
49941
49854
49853
49854
49933
49857
49917
49960
49913
49872
49960
49944
49859
49862
49864
49874
49863
49888
49863
50316
49875
49944
49863
50058
49959
49963
49866
49872
49936
49867
49891
49868
49869
49890
49870
49949
49870
49871
49946
50044
49872
49916
49876
49908
50041
49875
49963
50058
50054
49878
49979
50041
49948
49952
49895
49908
49909
49981
49908
49953
50041
50045
49956
49979
50041
49888
49893
49956
49958
49895
49908
49946
50054
49893
49979
49982
49891
49899
49939
50053
50010
49901
49949
49899
49937
49945
49939
50046
49907
50046
50053
50046
49978
49949
50050
49913
49914
49961
49912
49918
49941
50058
50058
51204
49917
49936
49933
49964
49926
49964
49923
49934
49926
49936
49957
49964
49929
49980
49944
49963
51204
49957
50043
49945
50050
49964
49960
49953
49951
49952
49989
49979
49982
50076
50054
50043
49959
50010
50316
50060
49966
50057
49967
49972
49968
49970
50022
49991
50123
49971
49973
50066
49971
50035
50123
50022
50056
50065
50316
49975
49991
49976
49995
49977
49994
50005
49987
50004
49983
49992
49990
49993
49985
50033
49986
50003
49987
50008
50004
50042
50064
49992
50007
50102
50009
50064
50010
50004
50009
50005
49997
50023
50285
49998
49999
50037
50013
50023
50036
50037
50006
50095
50105
50314
50025
50116
50314
50006
50095
50049
50039
50008
50102
50123
50030
50014
50015
50017
50052
50037
50105
50314
50093
51203
50040
50018
50027
50333
50313
50031
50020
50021
50040
50024
50093
50028
50061
50115
50026
50031
50028
50061
50088
50311
50032
50040
50062
50333
50066
50063
50038
50039
50318
50042
50064
50057
50065
50114
50118
50104
50093
50125
50310
50102
50062
50306
51203
50060
50309
51204
50065
50313
50088
50316
50069
50588
50069
50583
50594
50608
50555
50594
50072
50074
50075
50082
50089
50084
50084
50598
50079
50145
50149
50087
50110
50082
57329
57340
50587
50086
50097
50107
50142
50186
50090
50106
50317
50131
50098
50094
50124
50125
50126
50315
50313
50315
50109
50142
50098
50119
50130
50131
50598
50109
50119
50142
50142
50186
50114
50110
50130
50108
50130
50128
50124
50126
50182
50112
50117
50283
50120
50122
50292
50115
50117
50196
50285
50120
50121
50292
50131
50187
50196
50181
50140
50174
50150
50181
50148
50563
50133
50213
50287
50558
50136
50143
50136
50162
50560
50147
50159
50139
50213
50287
50144
50160
50143
50156
50150
50181
50283
50145
50178
50182
50159
50161
50147
50178
50490
50160
50563
50162
50182
50597
50215
50216
50153
50558
50287
50162
50552
50555
50156
50157
50579
50158
50161
50158
50163
50216
50165
50487
50213
50484
50575
50476
50215
50287
50167
50168
50288
50189
50485
50169
50173
50184
50175
50201
50171
50558
50172
50559
50180
50187
50325
50175
50218
50563
50188
50177
50203
50205
50329
51232
50490
50214
51232
50196
50325
50494
50284
50288
50188
50559
50218
50324
50289
50329
51195
50192
50304
51119
50270
51231
51251
50194
50260
50267
50258
50261
51257
50255
50260
51124
50312
50278
50285
50202
50289
50329
51196
51344
50205
50203
50221
50284
51249
50208
50304
51233
50284
51250
50209
50281
51119
51248
50256
50265
51195
51235
51255
51235
51257
50211
50212
50219
50468
50282
50485
50259
50498
51254
50218
50324
50220
50486
50503
50312
50485
50473
50270
51249
51251
50223
50227
51202
50237
50242
50225
50294
50226
50247
50231
50238
50303
50237
50231
51109
50230
51108
50237
51109
50299
50233
50248
51253
50239
50244
50240
51114
51253
50245
50246
50302
50238
50302
50330
51111
50247
51111
50242
51253
50241
50243
50242
50250
51108
50250
51201
50246
50249
50326
50254
50252
50326
51202
50276
50253
50335
50336
50266
50302
51111
51235
51255
50334
50258
50261
51195
50281
50296
50494
50327
51257
51190
50276
50277
50272
50335
51197
50285
50295
50334
50272
50272
50269
50276
50277
50326
51248
50328
50274
51187
50275
51190
50293
50295
50321
50330
50290
50320
50289
51218
51219
50312
51248
50293
50295
51187
51196
51242
50305
51207
50322
50298
50299
50300
50307
50303
50305
51207
50305
50317
50331
51207
51231
50307
50311
51199
51203
51187
50331
50503
50559
50328
51124
51197
50331
51261
51191
51113
51191
50339
50342
50346
52644
54551
54558
50341
50369
50384
50437
51046
50363
50404
51046
50407
52940
50344
50378
50389
50361
50380
50386
50360
50365
50378
50407
54544
50353
50379
54552
50370
50381
51055
50364
50377
50380
50386
50369
50390
54544
50353
54566
51102
54540
50398
50411
54733
50356
50398
50413
50362
50421
50666
50360
50362
50401
50367
50375
50376
50378
50368
50375
50370
52940
50437
50406
54565
50378
50403
50399
50404
50382
51046
50687
54620
54623
50375
50413
54545
54548
54562
50393
50414
50693
50390
50406
50404
50437
50390
50406
50387
51068
50383
51055
50384
51020
50385
50415
50388
50437
50399
50400
50419
50417
52648
50397
50400
50399
50392
50395
50438
50512
50394
50664
50395
50996
50396
50409
50414
50438
50403
51052
52668
52668
50402
50554
50403
51052
51082
50438
50554
50412
54553
50410
50511
50680
50679
50996
51050
54631
51102
51100
50416
51020
50417
51001
50418
51008
50420
52648
52647
50997
51047
50429
50696
50434
50533
50973
50533
51047
50433
50451
50475
50427
50451
50973
51035
50428
50504
50428
50531
50436
51035
50693
50431
50519
50433
50450
50435
50447
50999
50506
50531
51038
50455
50982
50440
50504
50441
50456
50520
50680
51053
50462
50477
50444
50449
50450
50449
50450
50454
50505
50446
50457
50460
51048
50452
50505
50448
50982
50449
50975
50465
50497
50454
50505
50458
50464
50989
50997
50474
50514
50505
50463
51003
50461
50472
50469
50462
50470
50567
50507
50961
50465
51003
50975
50479
50496
51218
50497
51216
50471
50477
50472
50473
50478
50475
50567
50506
50514
50495
51101
50486
50977
51216
50481
50495
51037
51101
50482
50518
50483
50484
50579
50569
50569
50489
50499
50532
50502
50515
50575
50493
50569
50548
50556
50498
50497
50507
50508
50515
50963
50598
50548
50556
50511
50516
51048
50962
50516
50520
50510
50684
50511
50516
50532
50679
50683
50684
51035
51037
50540
50683
50557
51037
50999
50963
50522
50528
51007
50527
50540
50526
50605
50525
50565
50576
50527
50537
50529
50541
50530
50595
50539
50568
50537
50540
50562
51053
50684
51038
50565
50578
50695
50549
50561
50576
50565
50576
50541
50595
50541
50565
50695
50595
50545
50543
50544
50618
50694
50695
50570
50578
50683
50990
50547
50548
50553
50549
50712
50549
50551
50572
50552
50564
50573
50566
50566
51082
50574
50575
50557
50566
50562
50990
50576
50566
50712
50673
50571
50618
50572
50577
50573
50583
50574
50594
50583
50586
50628
50591
50592
50607
50586
50592
50618
50586
50591
50599
50628
57260
57261
50600
50619
57323
57349
50588
50601
50608
50612
57330
57349
50604
50593
50625
50618
50612
57328
57331
50612
50611
57336
57319
57332
57325
57343
50610
50616
50625
57342
57365
50628
50620
50686
50615
57299
57311
57324
50622
57226
57301
57337
57361
57323
57342
57349
57365
57304
57328
57311
57324
50623
50660
50676
50626
50627
50624
50637
50697
50626
50672
50629
50637
50629
50675
50682
50631
50676
50700
50632
50633
50704
50674
50707
57225
57297
57280
57289
50652
50670
50639
50652
50640
50701
50641
50649
50663
50709
56844
56845
56847
54647
54669
56840
56824
56833
50709
57253
56859
57237
57288
56839
56863
56885
57002
57250
57278
57280
50652
50670
50653
54655
56845
56864
50716
50692
57286
50681
50703
54669
50675
50678
50689
50708
50674
50692
50659
50666
54624
50714
50708
54652
54622
54630
54639
56864
50665
50669
50668
50667
50696
50669
50669
50677
57291
50689
50674
50700
57230
50697
50685
54643
56842
51007
51050
50716
54621
56849
50698
50698
50700
54643
56842
50699
50707
50706
57290
57292
57312
57264
57297
50972
50704
50708
57253
57287
57288
50716
57253
57285
57287
57294
50995
57291
57235
54596
54618
54641
50715
50717
57307
57455
57261
57314
50719
50808
52627
50724
50730
50721
50726
52187
50722
52196
50723
50725
50724
50813
50725
50799
50727
50727
50795
50807
50808
52627
50747
50807
50793
50799
50895
50732
52259
52270
50747
52265
50734
52259
52275
50739
50788
50738
50745
51072
50737
50790
50743
50783
50785
50771
50790
50784
50789
52197
50742
50745
50764
50808
52627
50755
50790
52676
50745
51072
50764
52670
52672
50794
52192
50749
50750
50776
50772
50777
52670
50777
51074
50753
51086
52672
50753
50777
52672
51076
50764
52672
50761
51096
50766
50798
51075
50758
50760
50898
50899
51011
50760
50765
52991
50781
52257
50771
50898
50767
50768
50811
50798
50936
50769
50800
51013
51025
51029
50778
52986
52975
50774
52699
52705
50775
50776
52707
52705
50790
50780
52985
50786
52962
50782
52274
51073
52980
52256
52263
52263
52968
52263
52966
52986
52961
50789
52255
52969
52264
52255
52259
52270
50800
50900
50809
50795
52265
52187
52192
52259
52275
50811
50912
52274
52993
50815
50853
50809
50815
50848
50806
50887
50905
50806
50888
50907
52155
50886
50808
50850
50850
50905
50912
50812
50887
50905
50821
50889
50853
52134
50850
50872
50875
52155
50825
50831
51398
52133
50821
50889
52133
50820
51398
50832
52134
52162
50822
52177
50823
52159
50824
52144
50831
50844
52133
50848
50829
50843
50849
50851
50845
50877
52162
50829
50830
52136
52128
50841
50852
52157
50849
50842
52174
50837
51399
52151
50835
50873
50876
50890
50837
51305
50839
51622
50839
50890
50845
50877
50846
52136
50877
50844
52128
52144
50852
52157
51699
51383
51699
50889
50893
52157
50906
50888
50907
50855
50878
50904
50876
50890
51303
50876
50878
51351
50859
50862
50892
50860
50935
50861
51036
50866
50904
50882
50935
50864
50865
50938
50866
50947
50867
50870
50949
50881
51293
50945
50875
50884
50870
50880
50942
50938
50880
51295
51386
51303
51611
50874
51309
51351
51306
51303
50884
51399
50879
50884
50943
50945
50947
51040
50885
50886
50896
51002
50887
52155
50936
51611
50903
51086
51096
50896
50905
50907
50899
51011
50898
51026
51013
50902
51002
51034
51036
50954
51293
51699
50909
50983
51031
50920
50923
50924
50932
50915
50925
50914
50916
51015
50924
50926
51010
51314
50924
50950
50923
50932
50919
50983
50920
50985
50921
50984
50922
50923
50925
50930
50926
50929
50931
50928
50930
50987
50965
50969
50930
50948
50970
50934
50948
50969
51314
50954
50938
50951
50946
50941
50953
51292
50957
51315
51209
50943
50944
51318
50946
50957
51386
50951
51293
51009
51031
50971
51315
50956
50965
50969
50956
51032
50957
51388
51292
51318
50959
50980
50987
50967
50979
50966
51000
51003
50962
51000
51223
51311
51101
51000
51033
51223
51224
50980
51217
50978
50980
51217
50975
50978
51209
51213
54633
50976
51286
51304
50979
51223
51218
51220
51003
50981
50982
50986
50998
51017
50985
50992
51042
50992
51042
50989
50997
51008
50993
50997
50999
51047
51042
51045
51008
51016
51018
51060
51099
51020
51051
51057
51018
51043
51012
51027
51034
51014
51015
51097
51026
51026
52702
51026
51031
51021
51041
51025
51029
51076
51044
51099
51043
51045
51060
51030
51083
51025
51028
51089
52702
51060
51097
51049
52702
51086
51039
51217
51292
51040
51314
51040
51051
51081
51099
51082
51059
51058
51059
51056
51057
51058
51061
51058
51065
51063
51068
51063
51066
51095
51067
51103
51066
51067
51067
52701
51084
51103
51071
51078
51071
51077
51092
52676
52993
52256
52676
52993
52673
51085
51092
52671
51080
51098
51093
52650
52652
52675
52652
51088
52698
52707
51094
52669
52673
51091
52649
52654
51093
51095
52650
51094
52701
51098
52649
52652
52669
51105
51106
51107
51110
51150
51112
51111
51143
51261
51143
51198
51114
51253
51132
51290
51116
51155
51188
51117
51177
51118
51131
51133
51145
51176
51235
51121
51124
51241
51122
51200
51206
51123
51127
51128
51179
51200
51198
51246
51256
51128
51197
51200
51181
51206
51129
51147
51197
51147
51176
51176
51256
51205
51177
51184
51135
51170
51137
51274
51137
51142
51339
51175
51139
51140
51173
51141
51172
51240
51142
51277
51149
51172
51186
51339
51179
51193
51152
51179
51170
51189
51280
51185
51339
51168
51165
51194
51177
51469
51156
51158
51466
51474
51464
51469
51162
51167
51160
51164
51171
51159
51162
51482
51163
51208
51474
51462
51474
51173
51175
51275
51168
51464
51178
51183
51174
51174
51270
51175
51274
51192
51186
51189
51258
51180
51193
51189
51239
51240
51193
51256
51246
51280
51464
51466
51469
51229
51234
51205
51247
51246
51290
51286
51304
51211
51340
51212
51213
51227
51214
51226
51311
51229
51292
51304
51226
51244
51228
51264
51228
51340
51393
51234
51254
51344
51237
51238
51239
51258
51284
51255
51283
51244
51285
51285
51254
51283
51285
51287
51339
51390
51263
51269
51301
51390
51282
51393
51296
51393
51267
51268
51313
51269
51269
51302
51300
51271
51272
51337
51273
51275
51278
51276
51298
51276
51279
51337
51325
51345
51393
51287
51323
51289
51294
51300
51299
51295
51317
51296
51299
51388
51310
51340
51325
51345
51301
51345
51318
51302
51472
51345
51308
51316
52154
51308
51316
51326
51328
51317
51440
52167
51313
51329
51317
51319
51320
52154
51322
51441
51322
51331
51427
51326
51335
51325
51329
51347
51427
51328
51392
51427
51441
51336
51338
51332
51354
51349
51343
51443
51350
51441
51347
51354
51356
51356
51388
51438
51356
51352
51350
51349
51392
51427
51447
51354
51353
51374
51378
51355
51380
51476
51359
51376
51434
51473
51476
51652
51375
51652
52152
51361
51364
51391
51363
51363
51392
51396
51382
51385
51395
51636
51366
51620
51649
51648
51657
51368
51371
51369
51632
51370
51475
51426
51428
51372
51376
51389
51648
51657
51380
52152
51424
51426
51473
51380
51437
51476
51652
51385
51387
51625
51392
51395
51625
51397
52149
51394
51396
51391
51657
51472
51636
51625
52171
51447
51620
51649
51401
51450
51448
51449
51448
51449
51451
51459
51500
51656
51405
51465
51593
51407
51451
51671
51471
51602
51459
51465
51590
51592
51410
51444
51494
51412
51413
51436
51414
51415
51435
51416
51477
51416
51671
51433
51593
51425
51432
51419
51429
51444
51479
51421
51431
51421
51423
51432
51444
51425
51644
51432
51433
51593
51425
51430
51434
51488
51588
51433
51473
51436
51458
51458
52154
51478
51456
51468
51453
51454
51461
51468
51468
51597
51471
51478
51477
51461
51462
51594
51592
51644
51594
51587
51632
51644
51480
51488
51656
51487
51602
51594
51484
51541
51548
51551
51486
51487
51596
51836
51590
51489
51501
51498
51516
51491
51492
51497
51501
51656
51493
51550
51495
51516
51602
51496
51519
51522
51569
51572
51656
51836
51517
51590
51836
51516
51570
51589
51835
51517
51583
51860
51507
51535
51538
51506
51577
51627
51508
51589
51639
51524
51577
51577
51568
51631
51655
51860
51570
51629
51835
51515
51658
51513
51514
51572
51575
51515
51658
51537
51674
51522
51518
51643
51568
51554
51572
51521
51578
51537
51582
51674
51643
51524
51525
51722
51526
51659
51526
51567
51667
51539
51567
51579
51529
51530
51723
51534
51727
51531
51669
51729
51668
51535
51537
51538
51545
51550
51850
51668
51724
51867
51578
51540
51552
51576
51578
51651
51544
51542
51546
51543
51566
51673
51548
51563
51580
51855
51548
51551
51547
51566
51586
51575
51599
51601
51554
51556
51573
51819
51842
51855
51850
51596
51564
51834
51601
51883
51560
51566
51563
51564
51584
51573
51586
51883
51632
51583
51658
51655
51860
51576
51833
51843
51576
51576
51582
51843
51843
51659
51651
51668
51867
51599
51850
51585
51631
51629
51643
51586
51883
51630
51645
51650
51638
51602
51598
51598
51836
51673
51837
51673
51833
51604
51739
52137
51614
51681
51624
51681
52111
51617
51620
51696
52145
51609
52149
51699
51634
52181
52174
51624
51634
52153
51614
51681
52114
51626
51700
51634
51617
51640
52115
51618
51647
51633
51624
51634
51660
51621
52138
52145
52151
52145
52139
51688
51628
51663
51633
51641
51658
51638
51653
51632
51637
51739
52139
52152
51641
51646
51653
51639
51650
51641
51647
52122
51663
51664
51672
52140
51672
52138
51654
51655
51661
51705
51663
51664
51664
51684
51686
51722
51666
51698
52112
51678
51692
51695
52038
51852
51842
51854
51858
51676
51679
51726
51677
51728
51678
51692
52044
51685
51704
51852
51697
51698
52139
51687
51707
52045
51691
51697
52118
51698
51707
51722
52038
51694
52116
51693
51700
51716
51690
51715
52116
51730
52024
52147
52122
52137
51704
51694
52118
51708
51716
51698
51705
52149
52045
51702
51703
51737
52108
51712
51731
51709
51710
51731
52147
51715
52112
52041
52116
51720
51857
51852
52038
51731
52044
51713
51721
51714
52006
51721
52026
52117
51718
51768
51720
51857
51733
51762
52024
52147
51729
51727
51819
51734
51768
51740
52040
51856
51732
51738
52044
52116
51737
51737
51857
51817
51762
51778
51736
51851
51853
51763
51861
51857
52040
52115
51768
51742
51745
51862
51743
51746
51757
51744
51756
51748
51746
51853
51877
51762
51877
51751
51817
51751
51760
51777
51779
52017
51766
52018
57551
61674
61715
57558
61756
61766
51756
51764
61878
51757
61778
51816
61705
61724
51870
57964
61745
51779
51868
61757
51765
51776
51868
51818
51851
51856
61758
51767
51777
61723
51767
51777
51775
52040
61693
51774
52010
52029
51871
52005
52023
51774
52005
52014
52013
52016
52013
57964
61723
61745
51818
51781
52008
52029
51808
51874
51828
51788
51808
51832
51787
51788
51808
51790
51846
51790
51799
51825
51831
51874
51795
51876
57718
51873
61771
61875
51880
57718
51805
61782
51847
51802
57712
61804
61817
51831
61793
61804
61817
57681
57711
57714
57681
57683
57710
57679
51806
51848
51876
51829
61827
51812
51813
51812
51869
51881
51816
51859
51832
51845
51859
51863
61782
61850
52017
52042
51851
51822
51822
51854
51858
51842
51824
51825
51826
51834
51846
57657
61689
61772
51848
61859
51840
51875
51841
51866
51858
51846
51866
51874
61790
51861
51864
51864
51866
51869
61860
61876
61725
61874
61676
61729
52013
61731
51878
61789
61842
51876
61688
61821
61788
61830
61853
61782
61847
61850
61867
57690
61795
52292
58039
58083
58823
59148
52344
58820
58856
51900
58880
58034
58067
58079
58830
52279
58031
58082
51938
52324
52359
52601
51912
51914
52326
58001
58005
51998
52324
52359
58059
58093
58883
51896
51912
51916
51897
51920
51898
51919
51932
51899
51939
51924
51932
51940
51901
51902
52277
52375
51904
51933
52351
52226
52251
51922
51925
51930
51933
51935
51908
51910
51965
51909
51917
52239
52252
51926
52338
51913
51937
51943
51947
51934
51936
52359
51934
51998
51924
51926
52338
52267
51962
52239
51919
51925
51930
51920
52246
51973
52313
52227
52239
51982
52250
52378
51936
51928
51977
51941
51949
51942
51998
58829
52246
52318
51964
52227
52239
51939
52252
52288
52323
58876
51934
51973
52311
51973
52246
51940
51943
51946
52601
51979
58085
52338
51943
51974
58018
58061
58870
51945
51979
58052
51946
51953
51947
51952
51948
51950
51974
51958
51974
51951
51968
51976
51952
51954
51953
52327
51955
51970
51976
51972
51957
51959
51958
51975
51965
52067
52341
51961
51963
51962
52241
51963
51964
52212
51967
51969
51976
51983
51970
51978
51974
51975
51975
51972
51972
51985
51996
52318
51986
52601
58010
57994
57999
52247
52597
51984
51986
52065
51988
51987
51995
52327
57996
57998
58004
51991
51992
52039
52071
51994
52004
52027
52061
52057
52027
52059
52001
52057
52160
57977
57981
57958
57961
57975
57986
57983
52011
52055
52022
52021
52011
52007
52008
52015
52037
52009
52029
52047
52023
52030
61726
52031
52039
52047
52029
52023
52021
52055
52119
57956
57957
57962
52037
52046
52060
52031
52032
52071
52039
52047
52037
52049
52063
52034
52081
52035
52105
52036
52068
52072
52043
52048
52110
52049
52112
52118
52073
52072
52052
52068
52052
52054
52070
52054
52064
52065
52061
57978
52059
52066
52066
52064
52341
52061
52070
52081
52070
52072
52074
52074
52074
52072
52080
52076
52090
52093
52170
52102
52170
52183
52084
52087
52102
52170
52232
52096
52104
52088
52096
52104
52106
52234
52614
52088
52244
52106
52148
52102
52148
52276
52089
52100
52103
52232
52091
52095
52163
52097
52093
52170
52188
52094
52182
52095
52164
52180
52101
52244
52103
52101
52121
52172
52109
52243
52110
52172
52117
52113
52114
52125
52168
52123
52137
52124
52168
52168
52127
52142
52179
52127
52179
52180
52129
52166
52143
52150
52143
52161
52132
52146
52161
52176
52163
52180
52174
52141
52144
52158
52150
52181
52145
52161
52169
52176
52146
52166
52169
52180
52243
52171
52167
52159
52173
52177
52164
52169
52178
52196
52266
52273
52184
52185
52245
52233
52242
52188
52230
52240
52266
52268
52269
52266
52269
52233
52190
52268
52322
52191
52261
52262
52216
52265
52272
52205
52206
52255
52202
52205
52272
52260
52263
52199
52203
52206
52249
52205
52258
52270
52224
52998
52970
52205
52206
52970
52969
52208
52210
52230
52220
52221
52222
52220
52238
52626
52214
52217
52254
52214
52247
52248
52325
52217
52219
52220
52258
52270
52626
52219
52236
52237
52271
52607
52226
52304
52372
52628
52236
52301
52321
52247
52229
52254
52591
52250
52233
52234
52253
52241
52245
52591
52591
52240
52320
52245
52253
52268
52276
52320
52950
52969
52300
52597
52321
52378
52338
52325
52980
52272
52275
52980
52265
52269
52322
52950
52968
52628
52375
58827
58836
58093
58883
58823
58837
58907
58847
58877
59121
58819
58833
52309
52376
52290
52330
52289
52329
52337
52291
52307
52377
52290
52329
52330
58827
58877
58880
52366
52616
52307
52339
52375
58019
58877
58880
52309
52323
52377
52296
58834
58835
58024
58026
58049
58059
58849
58882
52302
52617
52301
52351
52596
52304
52595
52617
52321
52304
52305
52317
52357
52358
52312
52355
52358
52595
52564
52576
52316
52334
52352
52333
58832
52317
52355
52351
52600
52604
52617
52339
52600
58810
58811
58884
52600
52610
52317
52357
52319
52378
52373
52626
58827
58832
58061
52597
58829
58089
52351
52596
52610
52376
52373
52616
57737
57805
58069
58814
58855
58997
52354
52376
52373
52616
52344
58818
58843
52337
52362
58810
52366
52366
52598
52614
52366
52420
52598
52345
58910
58884
59144
52382
58905
58833
58838
58852
58858
52348
52353
52349
52361
52576
52350
52357
52352
52370
52367
52564
58811
58840
52596
52405
52421
52602
52576
52374
52421
52423
52368
52420
58821
52390
52391
52368
52400
52412
52611
52374
52405
52430
52606
52370
58033
58038
58857
52611
58845
58851
58865
52465
52377
52382
52384
58901
58905
52470
58914
58898
58913
58919
58917
58918
58921
52428
52470
52387
52448
52466
52388
52415
52390
52441
52413
52414
52413
52545
52393
52394
52424
52461
52466
52406
52407
52397
52398
52404
52403
52402
52465
52563
52403
52563
52403
52406
52408
52447
52408
52409
52444
52411
52424
52469
52461
52545
52563
52613
52441
52552
52466
58917
58922
58913
58900
58973
52602
52598
58862
58872
58979
58983
52465
52611
52450
58986
58994
58894
58897
52428
52440
52451
58933
52442
58913
52433
52463
52467
58889
59452
58893
58920
58922
52451
52439
52469
52449
52448
52536
52464
52470
52457
52446
52462
52468
52544
52449
52468
52535
52462
52462
52469
52463
52467
52454
52502
52490
52459
52502
52457
52469
52503
52889
52473
52479
52477
52494
52475
52480
52517
52494
52497
52891
52892
52504
52507
52896
52515
52554
52580
52890
52911
52511
52890
52511
52513
52870
52870
52486
52493
52488
52500
52903
52504
52506
52493
52492
52500
52512
52498
52497
52508
52550
52498
52504
52506
52498
52518
52501
52504
52501
52505
52886
52892
52903
52508
52516
52903
52886
52516
52537
52895
52886
52517
52556
52539
52569
52550
52569
52520
52548
52578
52522
52562
52522
52551
52888
52533
52557
52524
52540
52548
52525
52907
52625
52527
52540
52558
52530
52540
52548
52553
52531
52623
52904
52553
52623
52532
52561
52533
52567
52562
52535
52536
52549
52538
52568
52907
52557
52578
52581
52546
52919
52568
52599
52908
52568
52581
52907
52547
52894
52944
52625
52556
52557
52905
52568
52599
52562
52892
52581
52908
52904
52566
52904
52909
52623
52574
52566
52917
52888
52578
52571
52573
52615
52573
52574
52608
52621
52579
52904
52588
52920
52884
52910
52982
52585
52620
52586
52982
52622
52954
52918
52957
52624
52918
53000
52590
52594
52618
52955
52594
52596
52613
52607
52618
52609
52613
52615
52620
52950
53001
52908
52624
52918
52907
52998
52630
52696
52721
52631
52715
52632
52712
52725
52682
52728
54527
52656
52718
54492
54511
52640
54521
54560
54510
54521
54529
54564
52640
52711
54560
52686
52696
54536
54538
52809
52643
52682
52728
52667
52693
54570
52649
52731
52997
52648
52651
52655
52683
52732
52655
52666
52717
52682
52712
52658
52666
52659
52684
52736
52660
52674
52683
52665
52681
54551
54563
52674
52692
52665
52692
52943
52683
52809
52708
52997
52707
52684
52706
52997
52678
52681
52679
52680
52699
52942
52977
52681
52698
52818
52685
52796
52694
52695
52710
52807
52824
52854
52692
52709
52710
52700
52703
52943
52994
52942
52939
52706
52975
54524
54550
54605
52818
52797
54477
54593
52722
52767
52721
52733
52735
52821
54478
54517
52760
52784
52932
52726
52806
52926
52735
52927
54526
54530
52732
52799
54524
54550
52730
52733
54593
52751
52781
52784
54476
52799
54525
54563
54605
52753
52821
52821
52829
52926
52829
52738
52741
52750
54455
54462
54463
54438
54469
54791
52743
54468
52743
52755
54470
52746
52762
52782
52746
52749
52755
54439
54474
52760
52932
52760
52808
55403
52926
52754
54450
54826
52797
54822
54461
54820
54434
54458
54469
54801
54803
54835
52760
54431
54519
52779
54712
52766
52775
52778
52782
52770
52829
52926
52769
52783
52786
52781
52784
52773
52780
52773
52775
52832
52834
52774
52780
52862
52778
52778
52782
52837
52850
52785
52834
52849
52787
52792
52787
52801
52793
52789
52840
52929
52790
52841
52839
52792
52794
52793
52806
52805
52800
52805
52808
52821
52826
54518
52800
52826
52807
52846
52820
52833
52846
52931
54822
52818
52811
52835
52853
52883
52936
52815
52861
52897
52815
52830
52859
52825
52835
52913
52819
52847
52822
52838
52863
52825
52835
52830
52901
52830
52836
52838
52828
52853
52933
52898
52936
52927
52897
52839
52863
52854
52861
52901
52913
52856
52901
52841
52842
52851
52848
52863
52851
52852
52845
52893
52880
52897
52929
52854
52928
52928
52931
52863
52858
52864
52873
52860
52864
52873
52878
52883
52867
52872
52890
52869
52889
52874
52875
52934
52882
52877
52911
52934
52882
52879
52881
52889
52885
52911
52934
52913
52885
52894
52902
52910
52902
52946
52899
52900
52935
52936
52953
52915
52920
52944
52919
52916
52945
52953
52916
52937
52937
52999
53000
52924
52958
52941
52960
52924
52925
52960
52947
52951
52959
52933
52942
52977
52939
52956
52953
52956
52979
52945
52959
52960
52983
52951
52959
52999
52951
52957
53000
52958
52957
52989
53001
52958
52962
52964
52965
52971
52964
52972
52973
52971
52981
52968
52972
53001
52998
52987
52995
52974
52974
52981
52989
52977
52978
52984
52994
52990
52992
52996
52990
52992
52985
52994
52987
52992
52990
52996
52995
53003
53063
53078
53006
53012
53065
53073
53006
53008
53011
53068
53015
53046
53070
53078
53026
53060
53065
53025
53025
53049
53060
53063
53029
53067
53029
53062
53064
53019
53040
53021
53023
53024
53038
53059
53024
53062
53031
53059
53031
53034
53040
53036
53042
53033
53035
53038
53043
53053
53054
53056
53065
53073
53048
53052
53053
53050
53052
53051
53070
53057
53062
53055
53074
53057
53070
53062
53067
53066
53067
53073
53081
53077
53080
53082
53077
53087
53082
53086
53083
53085
53084
53088
53089
53087
53088
53091
53089
53090
53091
53112
53504
53245
53098
53109
53112
53104
53129
53511
61627
53343
61661
53106
61653
61655
61578
61637
53128
53161
53195
53197
53111
53128
53111
53118
53141
53199
53284
53113
53120
53173
53340
53498
53125
53138
53130
53138
53122
55235
55776
56561
56695
53126
53747
53125
54243
53251
61571
53158
61555
53134
55873
53201
53140
56077
53140
53149
53159
53195
53285
53159
54953
53199
55017
53157
55736
53149
53197
53284
53195
61662
53150
53152
56916
55873
56915
57172
55220
53227
63991
55017
56561
56916
53159
53285
53154
53156
53153
53194
57067
53160
53160
53218
53156
53194
53285
53196
54628
61565
61620
53194
61656
61661
59627
62978
63295
53167
53170
53220
63162
63163
63967
63921
63957
53178
53204
53298
61663
61666
61561
61567
61569
61575
53175
53289
60647
53176
53177
53217
53282
53185
53214
53214
53309
63973
53180
53182
53294
53181
53228
53289
53185
53217
53289
53180
53190
53250
53215
53259
53215
53230
53184
53206
53278
53292
61648
61654
61659
53217
53204
56296
57172
63911
63952
53189
53230
53279
53262
53263
53215
53235
53279
61596
61288
53251
61557
61657
63709
63718
63842
53205
53207
53209
53229
61635
53213
53261
53269
56252
63072
63968
53309
63975
63992
53283
63978
53216
61651
53212
63975
53213
53235
53364
53280
53371
53225
53288
53216
53309
61625
63972
60647
56255
60627
61625
63968
53280
53371
61632
56252
63163
63967
53270
61630
61634
60508
63988
53282
53262
53283
53243
53289
53273
53295
54388
53238
53250
53259
53282
53366
53238
54388
53365
53295
53366
53257
53274
53293
53239
53293
53272
53324
53266
53275
53242
53273
53263
63162
53274
53362
53336
61515
53247
53260
53249
53261
61565
61583
61605
61620
53261
53266
53367
53272
53365
61567
61575
53253
53338
61559
53254
53255
53256
53281
53324
53324
53333
61667
53294
53291
53296
53337
53269
53288
53288
61625
63967
63968
53283
53332
53275
53367
53332
53371
53332
53371
61624
61635
53274
53300
53275
53276
53365
53359
53297
53364
61572
53337
61655
53290
53305
61651
63163
53338
61658
54388
53366
53338
61563
53300
53307
53333
61667
53300
53308
53329
53302
53316
53341
53306
53307
57559
57638
57561
57573
53306
61666
53342
61644
53329
53342
53314
53315
53315
53316
53329
53323
53315
53316
53438
53319
53372
53380
53477
53380
54364
53318
53325
53421
53372
54414
53378
53509
53325
53421
53497
53429
53438
53325
54414
54420
53379
53397
54418
53345
53348
53475
53379
53508
53345
54418
53359
54418
61646
61664
53341
61667
61645
61648
61650
61659
61621
53367
61560
53343
61654
54364
61668
53470
53352
53357
53398
53350
53397
53359
53406
53357
53384
53475
53412
53351
53384
53475
53351
53360
53386
53355
53411
53354
53411
53920
53384
61525
61531
53407
61484
61491
61499
53411
61542
61560
61564
53362
53397
53401
53508
53362
54418
56561
56695
56920
63222
53372
53379
53422
53378
53416
53509
53930
53436
53444
53930
53386
53391
53400
53394
53402
53416
53392
53394
53433
54423
53377
53436
53431
53444
53477
53421
53382
53923
54395
53383
53529
53396
53419
53399
53403
53410
53409
54407
53391
53418
53433
54417
53389
53390
53390
53395
54417
53419
53402
53418
53435
53405
53410
54395
53930
53417
54417
53405
53419
53492
53409
53403
53409
53492
53424
54407
53433
54407
53492
53410
61490
53492
61487
61529
53568
61488
61502
53572
61483
53923
54395
61480
53417
53435
53465
54368
53431
53436
53488
54423
53424
54421
54417
53488
54413
54423
53438
53424
53509
54414
53431
53465
54377
53508
53458
53427
54404
54363
53465
54355
54377
53468
54364
53488
54376
54377
53435
53529
53976
54403
53509
54413
54414
54413
54420
54422
53440
53441
54412
54376
53445
53570
53443
53445
53446
54375
53448
54375
53573
54363
53529
54415
53449
53570
53463
54365
53451
53456
53494
53461
53478
53525
53966
61492
53455
53464
53464
53494
53526
53531
53533
53536
53457
53459
53462
53466
53469
53575
54379
53469
53491
53478
53540
53571
53466
53489
53494
53530
53579
53531
53540
54361
54379
53485
53575
54379
53484
53485
53510
57592
57662
57568
53474
53476
53480
53490
53576
54425
53481
53482
53490
53527
53496
53576
53571
53539
53576
54425
54425
53487
53582
53500
53513
54379
53507
53514
53521
53540
53573
54376
53582
53500
53501
53513
53503
53502
53515
53505
53512
53524
53507
54366
53521
54366
53516
53544
53521
53519
53520
53554
53520
53923
61501
53568
61480
53575
53538
53966
61497
53571
54375
53532
53535
53579
53535
53553
53537
53567
53537
53938
53970
61481
61495
61664
53542
53552
53554
54366
53546
53552
53551
53548
53567
53550
53580
53624
53560
53553
53627
53627
53556
53560
53662
53712
54382
53561
53712
53559
53616
53662
53566
53564
54410
54344
53580
53624
53593
53595
54382
53626
53662
53583
53712
54382
53617
53626
53938
53570
53584
54346
54395
61509
54422
53584
54347
54372
54365
53586
53594
53586
53594
53588
53588
53593
54382
53935
53590
53597
53968
54341
53933
53592
54349
53613
53741
54372
53616
53662
53931
54372
53598
53933
53935
53600
53601
53621
53605
53613
53602
53603
54274
53621
53604
53665
53605
54191
53614
54331
53607
53616
53663
53609
53611
53648
53610
53628
53647
53629
53646
53651
53614
53646
53614
53934
53616
53618
53643
53652
53663
54317
53626
53664
53646
53650
53661
53768
53634
53637
54124
53634
54253
53635
53640
53636
53641
53638
53726
54253
53640
53642
53648
53645
53653
53820
54124
53663
53768
53938
54386
53648
53660
53820
53661
53660
53664
54102
54219
53654
53658
53655
53656
53659
53657
53683
54314
53765
53948
53659
53726
53731
53768
53666
53667
54274
53668
54268
53668
53669
54261
53693
54191
53671
53675
54190
53676
54122
53674
54190
54224
53676
53703
54269
53675
54257
54298
53800
54122
53679
53948
54269
53679
54218
54269
53680
54220
53684
53683
53684
53900
53708
53777
53789
53711
54251
53686
53689
53744
53690
53708
53709
53688
53900
54223
53789
54251
53690
53691
53737
53790
53801
53777
53801
54226
53792
53802
53695
53772
54314
53802
54144
54256
54270
53698
53788
53714
54216
53700
53710
54250
54270
53702
53704
54217
53717
53778
53788
53714
54221
54256
53706
53717
54167
53707
53785
53786
53791
53801
54223
53740
54223
53711
54251
53713
54344
53715
54222
53778
53794
54250
53785
54155
53734
54222
53730
53734
53735
54222
54284
53730
53755
53732
53735
53730
53734
53731
54284
53727
53731
53733
53729
54212
53740
53742
53748
53776
53738
53739
53803
53744
53757
53743
54349
53744
53748
53773
53746
53756
53761
53753
53780
53756
53761
53825
53753
53759
53798
53900
53773
53855
53760
53767
53839
53762
53766
53771
53837
53798
53853
54077
53764
53769
54169
53767
53826
53772
54252
54314
53767
53835
53841
53770
53774
53803
53853
54077
53799
53836
53784
53791
53844
54245
53794
54221
54226
53786
53791
53844
54082
53782
53783
54182
53787
53844
53797
53816
54230
53947
54226
54254
54178
54179
54230
54218
54221
53794
54220
53791
54122
54273
53799
53803
53837
54077
53799
53836
53947
54164
53819
54182
54077
54252
54269
54128
53806
53826
53817
53824
54164
53807
53808
53823
53817
53836
53810
53817
53892
53812
53845
53815
53882
53843
53890
54052
53821
53848
53897
53896
53818
54089
54086
53819
53888
54219
53822
53834
54022
53892
53826
53890
53888
53898
54086
53839
53853
53855
53841
53835
53837
53838
53830
53852
53832
53832
53903
54108
53851
53840
53852
54169
53846
53851
53889
53854
53889
53890
54052
53910
54178
53897
53910
54086
53856
53939
53942
53880
53896
53939
53898
54108
53850
53864
53867
53854
53889
53939
54169
53880
53860
53875
53896
53859
53875
60631
53877
60624
53861
53880
60631
53862
60679
53867
53864
53865
53866
53867
53986
53875
60624
60620
60678
60620
60760
60622
60624
60644
60655
60670
53876
60608
60613
60618
53906
60620
60678
53882
60602
60760
60611
60621
60628
60655
60677
54016
54111
53986
60612
53885
60738
53885
53886
53891
54108
53897
53910
54019
54078
54078
60657
53905
54074
60734
54020
54245
53906
60658
54015
61050
61054
54019
54022
54075
54053
60722
61050
54076
60648
60657
54076
60654
60656
60657
53914
54006
54028
61091
53915
54016
53989
53989
53986
53918
54003
61458
61463
61464
61473
61483
61490
61527
61459
61469
61474
61479
61476
61492
61497
61503
53976
53925
53926
53940
53951
53952
61042
61056
61087
61459
61479
61500
61581
54423
54365
53978
61477
53973
53998
54406
53971
53977
53952
53983
53946
54123
53953
53989
53965
54182
54252
53962
54315
54384
53981
54123
54305
53957
54336
53970
54018
54047
53971
53959
53962
54121
53965
53969
53981
54123
53962
54106
54315
54090
53964
53965
54006
54094
61481
53988
54342
53987
54381
54100
53973
54406
53974
54403
53981
54123
61501
53983
61475
61533
61537
61523
61530
61534
54419
61513
61535
61537
54308
54003
54098
61078
61083
54103
54315
54278
54384
54308
54381
54111
61071
61078
61083
61081
61414
61416
61434
61065
61069
61417
61460
60977
61036
61098
61080
61086
61069
61084
61456
61048
61051
61095
54016
61092
54018
54047
54003
54004
54098
61092
54016
61054
61093
60726
61054
61093
54008
54044
54027
54099
54023
54110
54009
54010
54097
54014
54012
54026
54097
54029
54091
54101
54394
60759
54015
54096
60794
54308
54022
54078
54091
54046
54095
54042
54147
60702
60714
60721
54394
54044
54095
54096
54043
54038
54033
60762
60729
60762
54034
60763
54050
60754
54036
54037
54040
54038
54041
54062
54051
54040
54050
54041
54069
60764
54049
54055
54143
54394
60759
54099
60871
54092
54125
61482
54058
54183
54277
54101
60763
54166
60770
60771
54059
54166
54125
54057
54062
54131
54147
54075
54141
54073
54070
54143
54183
54070
54306
54326
54066
54118
54275
54181
54188
54292
54138
54068
54073
54071
54092
54188
54087
60650
54080
54149
54088
54165
54084
54088
54140
54149
54089
54149
54088
54140
54170
54180
54121
54311
54306
54103
54313
54383
54101
61076
54406
54128
54144
54386
54380
54416
61070
61076
61096
54278
54305
54168
54121
54276
54163
54138
54405
54306
54113
54289
54114
54307
54130
54310
54116
54275
54137
54290
54129
54135
54272
54405
54159
54168
54185
54383
54273
54143
54127
54159
54130
54310
54191
54136
54185
54293
54183
54137
54151
54162
54289
54302
54146
54272
54290
54276
54311
54139
54142
54151
54400
54326
54231
54309
54179
54180
54231
54258
54219
54146
54187
54148
54290
54189
54199
54228
54330
54400
54153
54192
54254
54319
54156
54199
54217
54229
54249
54288
54161
54229
54249
54161
54192
54319
54313
54172
54184
54184
54228
54309
54400
54182
54170
54175
54292
54254
54319
54258
54181
54187
54172
54184
54211
54173
54174
54177
54248
54176
54177
54187
54236
54230
54405
54249
54231
54275
54248
54261
54331
54196
54199
54271
54288
54195
54288
54196
54296
54255
54325
54198
54237
54208
54234
54211
54233
54202
54233
54203
54205
54294
54209
54208
54296
54213
54233
54294
54210
54214
54255
54296
54283
54253
54283
54215
54325
54216
54259
54235
54250
54251
54245
54225
54246
54227
54244
54298
54259
54325
54302
54319
54293
54234
54242
54325
54255
54396
54257
54259
54254
54238
54297
54260
54286
54241
54260
54262
54241
54246
54329
54242
54396
54244
54246
54301
54302
54330
54396
54271
54298
54297
54301
54263
54267
54329
54265
54267
54321
54266
54332
54318
54339
54329
54330
54275
54419
54282
54295
54285
54287
54321
54287
54316
54327
54285
54321
54294
54286
54291
54293
54309
54307
54390
54337
54396
54351
54391
54329
54304
54336
54393
54385
54316
54312
54380
54349
54339
54323
54324
54332
54424
54324
54358
54390
54386
54378
54392
54392
54336
54343
54424
54348
54350
54387
54342
54354
54390
54410
54352
54408
54412
54352
54371
54359
54424
54362
54357
54397
54421
54402
54411
54370
54389
54361
54373
54426
54369
54370
54370
54408
54369
54389
54426
54426
54408
54391
54402
54411
61495
54393
54391
54402
54401
60769
54415
61486
61490
61509
61527
54411
54415
54434
54469
54452
54454
54430
54432
54431
54519
54823
54767
54468
54823
54435
54439
54474
54502
54741
54437
54451
54439
54447
54791
54447
54499
54832
54767
54441
54449
54463
54442
54459
54494
54464
54444
54748
55317
54505
54713
54720
54729
55317
54451
54500
54716
54462
54830
54459
54471
54500
54461
54466
54499
54765
54465
54502
54741
54832
54843
54712
54729
54751
54739
54748
54760
54808
54830
54832
54499
54471
54729
55317
54715
54843
54494
54729
54494
54715
54843
54833
54832
54468
54470
54515
54472
54712
54713
54791
54823
54711
54751
54821
54516
54480
54477
54478
54479
54479
54530
54514
54483
54504
54582
54486
54488
55421
54606
54485
54489
54493
54507
54491
54501
54487
54506
54489
54505
54501
54584
54501
54810
54820
54830
54583
54587
54514
54738
54716
54768
54501
54584
54742
54498
54513
54591
54583
54587
54738
54831
54713
54505
54507
54713
54508
54762
54737
55421
54716
54509
54582
54831
56480
54517
54520
54512
54520
54738
54513
54586
54520
54712
54741
54529
54530
54822
55403
54537
54534
54561
54569
54525
54526
54560
54525
54527
54528
54529
54560
54532
54561
54569
54537
54561
54562
54590
54536
54537
54561
54590
54564
54590
54605
54549
54563
54590
54541
54552
54542
54543
54589
54547
54552
54569
54565
54553
54556
54589
54555
54562
54559
54570
54570
54556
54563
54570
54558
54566
54567
54568
54604
54573
54577
54592
54635
54642
54743
54592
54641
54743
54604
54635
54577
54634
54580
54608
54579
54603
54597
54612
54736
54592
54736
54762
55421
54768
54762
55421
54587
54742
54634
56480
56506
54602
54613
54616
54676
54598
54638
54600
54679
54646
54617
54641
54736
54602
54606
54603
54607
54607
55402
54609
54612
54634
54610
54728
54611
54672
54640
54792
54615
54676
54646
54617
54679
54619
54638
54642
54743
54639
54623
54653
54624
54652
54626
54629
54642
54627
54630
54632
54630
54639
54633
54633
54794
54638
56872
54652
54650
54654
54653
54654
54649
54671
54656
54658
54653
54658
56849
54657
54664
54671
54661
54664
54662
56824
56841
54665
54663
56823
54665
56852
56866
54667
54727
54670
56840
56841
54673
54728
54674
56479
54675
54761
54829
54678
54707
56479
54688
54735
54735
54761
54787
54745
54782
54690
54795
54684
54695
54782
54685
54703
54686
54704
54688
54689
54795
54721
54730
54725
54787
54725
54726
54692
54701
56504
54693
54774
54780
54694
54696
54699
54704
54701
54785
54697
54700
54774
55397
54756
54758
55420
55397
56494
54776
54780
56489
54770
54783
54704
54780
56494
56494
54740
54749
54757
56492
54764
54766
54779
54709
54711
54752
54710
54753
55420
54746
54784
54755
54765
54718
54739
54748
54734
54720
54746
54747
55398
54755
54779
54749
54756
54763
54734
54740
54764
54779
54788
54727
54829
54727
54789
54732
54735
54732
55402
54747
55398
54745
54739
54793
56501
54747
54748
55317
54787
54755
54784
54752
54821
55404
54755
54753
55419
54754
54758
54759
54783
54759
55414
54769
54821
55401
56479
54783
55397
56479
54791
54770
54778
54772
54773
54776
55473
54775
54774
56490
54776
54777
54778
54782
54786
55420
56492
54786
56489
56491
54829
56501
54790
56476
56501
56480
56499
54797
54803
54804
54799
54833
55028
54802
54804
54841
54838
55136
55452
54836
55452
54870
54807
54811
54828
54827
54809
54815
55401
54810
54827
54811
54820
54813
54817
54816
55134
54816
55345
55370
54827
54910
55369
54818
54855
54871
54883
54827
54910
55403
54831
54826
54834
54880
54883
55417
54835
55028
55028
54837
54841
54841
55025
54884
54845
54851
55136
54848
54849
55251
54886
55027
54865
54882
54850
54886
54911
54861
54914
54865
54877
54854
54857
54869
54862
55072
54856
54878
54857
55134
54859
54881
54860
55027
54866
54869
54866
54872
54887
55058
55077
55376
54864
55025
55058
54875
54894
54878
54886
55027
55138
55344
54873
54874
55371
54874
54878
54914
55027
54882
55084
55138
55344
54887
54881
55072
55134
54888
54904
55371
55079
54901
54902
54967
54928
54930
55080
55246
55293
54895
55251
54897
54909
55633
55374
55634
54937
54915
54937
55374
55080
55251
55079
54912
55084
55145
55634
54937
55292
55375
54908
55374
55634
55294
55390
54911
55084
55138
55370
55633
54984
54990
55294
55296
54917
54928
54929
54942
54918
55104
54930
54942
54921
54922
54923
54934
54975
54933
54949
54973
54975
54927
54975
54927
54931
54977
54932
55104
54932
54970
54976
54977
54940
54935
54936
54941
55252
54938
55374
55418
54943
55375
54972
54973
54943
54958
55252
54977
55199
54950
54962
55096
54948
55234
54960
55255
54948
55296
55264
54959
55135
55247
54954
55099
55253
54954
54955
55094
56916
54962
54962
54960
55234
55255
55291
55234
55249
55250
55291
54959
54975
55253
55635
55098
55239
55095
55099
55253
54982
55254
54968
54994
54974
54969
54972
54976
55246
54981
54978
54994
54986
55090
55088
55093
55254
55090
55098
55237
55239
54986
55090
55018
55088
55254
54989
54996
55080
55418
55238
55104
55004
55008
55088
55018
54996
54997
55126
55006
55071
54999
55085
55238
55004
55011
55011
55034
55035
55093
55061
55085
55014
55034
55063
55013
55064
55355
55024
55029
55060
55023
55086
55057
55060
55075
55046
55031
55046
55086
55021
55023
55034
55024
55060
55083
55036
55136
55031
55061
55075
55032
55064
55046
55086
55063
55057
55056
55064
55238
55047
55087
55041
55047
55040
55143
55353
55054
55078
55042
55069
55044
55071
55059
55065
55066
55044
55066
55073
55064
55078
55082
55354
55050
55062
55076
55127
55062
55052
55076
55150
55143
55353
55054
55078
55142
55067
55127
55062
55076
55136
55067
55081
55063
55142
55069
55101
55081
55353
55069
55070
55129
55132
55074
55133
55126
55372
55376
55100
55101
55101
55102
55083
55159
55145
55344
55355
55087
55085
55355
55238
55237
55097
55098
55131
55236
55253
55237
55144
55245
55103
55133
55131
55236
55106
55133
55195
55111
55112
55130
55108
55111
55113
55116
55118
55116
55117
55240
55115
55225
55117
55133
55114
55230
55115
55232
55116
55130
55243
55121
55123
55121
55191
55327
55122
55210
55123
55153
55124
55160
55152
55155
55131
55635
55353
55129
55155
55313
55132
55195
55160
55137
55369
55291
55143
55362
55149
55409
55147
55156
55179
55146
55236
55352
55357
55362
55148
55356
55357
55156
55167
55151
55163
55159
55356
55357
55166
55174
55157
55409
55178
55197
55160
55195
55174
55175
55179
55313
55161
55164
55165
55183
55311
55166
55227
55311
55168
55182
55194
55359
55173
55190
55173
55409
55171
55176
55333
55192
55423
55194
55391
55424
55192
55359
55378
55362
55333
55422
55183
55187
55183
55290
55631
55185
55187
55654
55186
55642
55204
55632
55631
55699
55189
55200
55364
55190
55193
55290
55191
55193
55210
55391
55196
55311
55378
55202
55203
55203
55209
55229
55325
55568
55204
55632
55204
55229
55508
55207
55331
55408
55241
55408
55657
55206
55223
55658
55207
55226
55331
55208
55211
55326
55508
55213
55221
55223
55214
55269
55620
55326
55626
55218
55233
55605
55217
55272
55221
55268
55623
55231
55625
55638
55326
55408
55504
55326
55625
55504
55559
55621
55226
55232
55658
55333
55499
55272
55363
55241
55364
55243
55275
55628
55242
55620
55256
55738
55306
55327
55274
55617
55244
55249
55275
55635
55252
55256
55569
55275
55569
55265
55258
55262
55270
55295
55261
55263
55315
55261
55267
55299
55295
55617
55266
55266
55411
55267
55297
55411
55271
55567
55559
55324
55504
55310
55623
55295
55315
55569
55307
55278
55561
55279
55321
55585
55318
55574
55288
55323
55380
55282
55300
55286
55289
55286
55321
55386
55285
55288
55332
55503
55380
55308
55303
55382
55319
55323
55632
55296
55316
55324
55316
55301
55337
55379
55505
55307
55318
55320
55330
55305
55308
56498
55304
55323
55308
55309
55341
55378
55567
55314
56498
55362
55352
55390
55390
55386
55328
55505
55382
55386
55416
55503
55328
55658
55378
55330
55518
55574
55337
55379
55382
55506
55335
55472
55381
55469
55377
55480
55521
55377
55340
55379
55506
55507
55458
55501
55342
55343
55376
55368
55416
55348
55415
55351
55415
55348
55384
55412
55349
55406
55358
55415
55369
55415
55361
55366
55634
55360
55361
55391
55410
55412
55410
55413
55619
55626
55383
55407
55368
55413
55416
55370
55405
55406
55372
55413
55503
56507
55550
55386
55472
55450
55406
55407
55387
55389
56502
55399
55458
55394
55426
55450
55426
55472
55393
55454
56502
55394
55426
55395
55494
55425
55453
55454
55494
56492
55501
55521
55414
55427
56828
55419
56828
56828
55469
56480
56506
55633
55471
55667
55424
55427
55552
55450
55483
56374
56522
55460
55470
55556
56522
55432
55447
55436
55446
55441
56262
56335
56164
56189
55496
56134
55444
56335
56123
56189
56706
55439
55442
55440
55443
55493
55441
55445
55443
55459
56437
56163
55446
55459
55451
56262
55449
56440
55448
56165
56180
56162
56165
56599
55492
55455
55494
55456
56502
56502
56438
55495
56199
56374
55464
55483
55640
55463
55473
55502
56163
56485
56532
55483
55554
56522
55486
55488
55519
55557
55482
55486
55500
55557
56507
55492
55497
56199
55552
56490
55475
56139
55476
55696
55487
55718
55478
55696
56591
55481
56237
56591
56706
55485
55489
55554
55556
55551
56276
56276
55640
55489
55696
55526
55553
55694
56289
55696
56038
56591
55546
55692
56532
56231
56532
55667
56276
55507
55622
55621
55622
55614
55628
55511
55562
55590
55513
55547
55549
55512
55575
55577
55542
55547
55514
55515
55543
55516
55536
55516
55548
55751
55549
55555
55550
55637
55766
55526
55551
55549
55555
55616
55641
55523
55529
56327
55525
55532
56062
55525
55533
55528
55531
56006
55533
55540
55537
56118
55531
55537
55533
55541
55535
55538
55544
55536
55539
55545
55540
56043
55589
55990
55540
55918
55541
55548
55544
56030
55545
55547
55545
55573
55971
55575
56289
56289
55766
55640
55560
55619
55626
55590
55619
55645
55619
55645
55564
55566
55989
55565
55578
55577
56030
55576
55580
55989
55572
55580
55582
56030
55585
55766
55641
55644
55590
55590
55627
55644
55603
55990
55991
55995
55609
55995
56030
55990
55995
55584
55596
55609
55610
55984
55616
55597
55603
55984
55967
55973
56047
55589
55990
55992
55918
55967
55757
55973
55980
55996
55593
55610
55984
55602
56120
55602
55961
55970
55596
55598
55613
55599
55604
55602
55970
55599
55600
55608
55601
55639
55606
56301
55965
55607
55611
55660
55711
55627
55639
55997
55611
55612
55984
55660
55615
55657
55618
55628
55630
55645
55658
55629
55638
55624
56507
55627
55644
55630
55659
55997
55636
55632
55642
55647
55660
55643
55659
55645
55656
55657
55653
55649
55688
56248
55656
55710
55716
55753
55674
55679
55710
56139
56327
55718
56139
56327
55684
55699
55717
55664
55715
55684
55997
55667
55691
55697
55712
55667
55717
55666
55708
56299
55899
55670
55672
55773
55672
55708
55899
55683
55687
55691
55691
55712
55676
55690
55750
55686
55720
55689
55754
55679
55681
55680
55703
55681
55682
55700
56291
55683
55691
55690
55750
55753
55703
55710
55716
55708
56299
55899
55710
55712
55720
56291
56276
55720
56289
55714
55708
55750
55899
55705
55762
55762
55705
55722
55749
55904
55705
55742
56322
55713
55904
56316
55709
55713
56301
55715
55806
55763
55821
56248
56316
56248
55723
55739
56005
55740
55723
56005
55731
55730
55734
55747
55727
55730
55888
55727
55888
55729
55735
55729
55730
55772
55732
55743
55747
55902
55735
55744
55977
56003
56057
55744
55772
55901
55950
55748
55769
55902
55938
55743
55888
55961
55758
55769
55749
55755
55747
55897
55905
55905
55977
56057
55758
55749
55752
55902
55971
55755
55834
56248
55821
55835
55765
55769
55807
55859
55974
55975
56035
55902
55849
55891
55849
55909
55765
55768
55771
55834
56291
56322
55767
55770
55855
55885
55835
55807
55891
55877
55859
55878
55876
55909
56057
55775
56261
56285
55779
55786
55804
55873
55786
55798
56249
55781
56280
56285
55829
56285
55797
55831
56117
55782
55801
55829
55803
56065
55935
56092
56250
55785
55908
56298
55794
55907
55943
55831
55917
55793
55943
56133
55791
55792
55843
55876
55946
55837
56331
55793
55841
55794
56298
56000
56079
56250
56000
56067
56117
56000
55837
55800
55811
55832
55803
55896
56063
56331
55830
55917
56281
56063
56061
55809
55818
55832
55811
55814
55811
55815
55813
55814
55817
55827
55815
55818
55832
55833
55868
55818
55833
55838
55839
55858
56294
55868
56063
55824
55852
56294
55826
55826
55898
55838
55851
55851
55858
55861
56249
56333
56060
55839
55852
55883
56249
55858
55868
55841
55844
56303
55843
55901
55847
55846
55957
55848
55968
55848
56288
55857
55850
55854
55894
55860
55979
55857
55882
55885
55910
55862
55857
55891
55874
55968
56259
55968
55883
55897
55957
55872
55892
55864
55865
55969
55867
56259
55881
55979
55890
55890
55969
55894
55957
55909
55897
55986
56003
63985
63992
55882
55886
55957
55884
56294
55968
56259
55986
55910
55916
55889
55922
55927
55906
56017
56058
55892
55895
55895
55969
56293
55903
55906
55940
55977
56061
55921
55916
55953
55952
55946
55953
56288
55912
55954
55922
55920
55954
56014
55915
55921
55926
55927
56117
56006
55954
55999
55923
55945
55942
56058
55936
56014
56031
55930
55959
56004
55928
55939
56014
55944
55960
55959
55960
55999
56014
55936
55932
56015
56019
55935
56130
55935
56076
56092
56080
56076
55960
55998
56049
56133
55941
55941
55949
55950
55944
55952
56058
55966
56070
56013
56116
55952
55948
55955
56049
55963
56116
55962
55956
56008
56048
56116
56017
55956
56048
55961
56035
55998
56004
55963
56008
55972
55980
55970
55974
56250
56006
56035
55976
55992
56075
55980
55994
55981
55996
55993
55996
56075
55991
55994
56031
56092
55987
56007
56012
56048
55988
56009
56037
56016
55992
56008
56012
55996
56008
56019
56004
56182
56002
56011
56051
56254
56032
56061
56013
56051
56010
56052
56056
56034
56048
56032
56064
56034
56087
56021
56087
56024
56025
56023
56024
56046
56026
56050
56026
56112
56028
56112
56027
56073
56034
56083
56087
56044
56088
56098
56076
56053
56300
56254
56040
56045
56089
56064
56257
56286
56040
56041
56086
56042
56121
56137
56059
56085
56118
56084
56088
56086
56056
56075
56085
56257
56064
56066
56300
56084
56113
56114
56066
56137
56063
56302
56327
56249
56331
56118
56081
56078
56194
56258
56073
56090
56130
56127
56072
56074
56097
56078
56074
56082
56112
56097
56080
56182
56130
56117
56330
56083
56130
56525
56201
56300
56097
56182
56097
56182
56094
56095
56155
56099
56172
56147
56197
56206
56166
56172
56245
56108
56266
56106
56106
56172
56102
56132
56167
56241
56256
56105
56110
56140
56141
56167
56263
56128
56142
56173
56263
56109
56149
56260
56155
56334
56110
56155
56111
56144
56140
56115
56174
56138
56122
56239
56286
56126
56593
56239
56335
56131
56593
56286
56146
56187
56136
56138
56203
56436
56187
56203
56268
56153
56214
56591
56706
56185
56140
56525
56436
56202
56240
56268
56143
56145
56563
56144
56157
56149
56146
56583
56169
56166
56172
56149
56150
56260
56154
56659
56158
56659
56208
56176
56380
56659
56266
56157
56158
56191
56176
56563
56176
56222
56160
56208
56543
56541
56190
56191
56192
56209
56164
56198
56486
56185
56196
56194
56258
56169
56170
56186
56188
56528
56177
56183
56204
56206
56183
56188
56583
56200
56324
56577
56180
56184
56198
56184
56564
56183
56191
56583
56190
56528
56189
56196
56436
56577
56889
56217
56223
56645
56197
56212
56223
56562
56198
56528
56279
56325
56229
56243
56593
56240
56263
56210
56221
56336
56266
56223
56332
56562
56221
56222
56213
56235
56215
56221
56543
56235
56215
56568
56552
56217
56319
56372
56218
56318
56223
56379
56220
56269
56332
56379
56234
56954
56954
56225
56228
56236
56242
56230
56232
56527
56230
56329
56230
56268
56269
56332
56527
56262
56267
56371
56244
56246
56236
56242
56379
56336
56318
56239
56286
56246
56366
56265
56320
56562
56308
56321
56290
56253
56285
56287
56256
56261
56265
56281
63975
56323
63938
56321
56334
56323
56283
56366
56378
56323
56372
56271
56272
56314
56273
56292
56275
56305
56307
56278
56283
56278
56328
56304
56522
56287
56293
56330
56287
56378
56284
56306
56378
56526
56378
56328
56526
63295
57412
56373
56303
56316
56343
56343
56307
56313
56323
56310
56314
56311
56315
56326
56372
56569
56587
56325
56330
56565
56329
56431
56338
56341
56340
56342
56341
56344
56345
56347
56346
56358
56347
56349
56421
56351
56361
56351
56367
56368
56990
56367
56508
56990
56354
56385
56357
56363
56361
56376
56990
56357
56376
56931
56362
56375
56482
56360
56376
56387
56361
56363
56364
56389
56370
56371
56419
56421
56482
56433
56482
56370
56381
56569
56389
56532
56376
56519
56382
56587
56383
56429
56576
56571
56579
56555
56571
56580
56457
56388
56396
56404
56940
56401
56590
56931
56392
56430
56394
56580
56596
56923
56397
56401
56395
56621
56533
56455
56533
56596
56435
56428
56931
56692
56927
56400
56428
56430
56429
56425
56403
56425
56406
56796
56517
56407
56408
56698
56896
56897
56918
56945
56971
56410
56455
56596
56709
56609
56692
56426
56904
56415
56904
56905
56414
56905
57008
56415
56895
56658
56919
56419
56432
56421
56424
56433
56423
56510
56432
56590
56940
56427
56658
56510
56656
56434
56430
56923
56698
56796
56438
56446
56439
56450
56440
56441
56599
56450
56461
56444
56657
56444
56584
56601
56521
56529
56524
56594
56601
56448
56486
56452
56461
56449
56496
56497
56450
56458
56459
56465
56524
56453
56456
56483
56488
56660
56459
56488
56887
56488
56523
56508
56519
56529
56531
56531
56464
56530
56465
56505
56520
56520
56467
56491
56877
56894
56470
56474
56475
56473
56478
56500
56472
56513
56474
56813
56474
56870
56476
56503
56477
56816
56478
56491
56499
56877
56488
56486
56496
56877
56504
56495
56504
56496
56958
56826
56816
56884
56511
56513
56599
56515
56834
56516
56882
56516
56518
56834
56871
56709
56662
56990
56524
56728
56530
56531
56601
56657
56657
56923
56535
56554
56595
56537
56539
56584
56537
56594
56601
56538
56539
56592
56950
56540
56582
56595
56542
56545
56543
56544
56567
56889
56558
56560
56558
56573
56574
56606
56548
56550
56573
56567
56550
56557
56628
56575
56677
56564
56602
56553
56566
56568
56584
56578
56559
56573
56574
56581
56585
56677
56566
56618
56574
56583
56577
56641
56572
56641
56575
56606
56607
56576
56578
56575
56646
56579
56889
56606
56630
56708
56582
56592
56642
56701
56640
56595
56642
56645
56595
56594
56950
56969
56655
56598
56649
56651
56600
56722
56653
56634
56650
56719
56653
56604
56607
56630
56708
56621
56652
56608
56627
56622
56637
56610
56961
56612
56937
56621
56624
56937
56613
56625
56661
56937
56615
56616
56644
56617
56623
56635
56676
56618
56646
56620
56629
56639
56676
56640
56738
56887
56646
56652
56624
56661
56652
56661
56715
56718
56907
56637
56727
56629
56640
56651
56942
56633
56680
56696
56649
56651
56907
56942
56636
56644
56678
56639
56696
56957
56640
56654
56644
56960
56649
56697
56722
56739
56671
56722
56676
56718
56950
56896
56894
56678
56827
56957
56665
56736
56814
56665
56666
56668
56667
56807
56667
56881
56732
56951
56721
57271
56700
56769
56814
56673
56675
56674
56686
56910
56700
56888
56727
56732
56701
56696
56707
56788
56682
56799
56683
56806
56794
56690
56691
56707
56788
56960
56687
56730
56688
56731
56962
56689
56690
56697
56739
56794
56709
56777
56705
56951
56716
56793
56806
56915
56723
56971
56793
56962
56716
56784
56806
56725
56766
56768
56712
56715
56779
56791
56808
56739
56762
56711
56726
56890
56935
56725
56762
56784
56714
56890
56972
56726
56944
56735
56765
56778
56724
56764
56928
56727
56907
56881
56957
56733
56769
56888
56766
56890
56735
56729
56763
56747
56731
56773
56792
56910
56734
57271
56939
56967
56956
56769
56807
56811
56939
56970
56741
56742
56743
56974
56772
56752
56953
56787
56811
56944
56978
56749
56761
56749
56754
56763
56780
56979
56786
57055
57056
56761
56765
56883
56939
56970
56780
56790
56756
56757
56759
56758
56760
56782
56781
56798
56785
56979
56788
56794
56944
56777
56941
56935
56956
56771
57517
56778
56784
56935
56782
56773
56789
56892
56974
56775
56975
56782
56961
56967
57055
56785
57517
57517
56883
56953
56789
56795
56970
57056
56886
56967
56799
56883
56806
56975
56940
56809
56939
56967
56979
56963
56801
56867
57002
56802
57276
56805
56804
57267
56810
57274
56808
56951
57274
56886
56959
57271
56825
56951
56829
56870
56876
56910
56825
56874
56959
56866
56867
56874
56875
56836
56848
56869
56820
56825
56873
56874
56821
56879
56836
56875
56823
56832
56848
56824
56830
56958
56831
56835
56843
56832
56848
56884
56836
56848
56876
56850
56869
56876
56868
56844
56862
56932
56847
56863
56857
57277
56854
56857
57272
56857
57286
56871
56879
57283
56854
57253
56862
56860
57276
57277
56863
56865
56885
57283
56867
56875
56885
56861
56862
56861
56932
57272
57288
56868
56875
56879
56884
56882
56878
56879
56882
56882
56963
57274
56937
56946
57267
57275
56970
57042
56999
57274
56897
56955
56933
56945
56901
56913
56900
57008
56902
56964
56908
56913
56909
56955
56919
56919
56909
56933
56955
56909
56914
56943
56929
56976
56934
56987
56930
56943
57067
56921
56922
57067
57412
56926
56927
56938
56988
56928
56936
56946
56933
56938
56928
56952
56964
57001
57277
56952
56945
56956
56961
56948
56972
56963
56978
56989
56988
57056
57008
56978
56989
56991
56976
56987
57000
56998
57000
57045
56977
56992
57001
56978
56991
56981
57018
57040
57104
57242
56983
57039
57040
56985
56992
57045
57015
57018
57046
57000
56995
56997
57013
56996
57238
57011
57046
57277
57005
57005
57010
57007
57010
57012
57033
57017
57035
57238
57017
57026
57137
57019
57028
57142
57033
57019
57029
57104
57025
57099
57111
57022
57111
57023
57025
57141
57043
57030
57034
57051
57037
57100
57099
57111
57032
57036
57105
57031
57033
57044
57110
57137
57104
57110
57137
57099
57044
57049
57070
57142
57142
57043
57100
57040
57041
57046
57070
57100
57048
57051
57110
57242
57064
57126
57072
57093
57101
57054
57064
57107
57062
57143
57106
57060
57062
57061
57063
57063
57066
57069
57070
57143
57143
57097
57107
57107
57126
57102
57145
57076
57081
57078
57081
57158
57079
57151
57080
57152
57144
57084
57092
57116
57086
57128
57181
57085
57086
57090
57092
57088
57207
57089
57090
57092
57179
57112
57138
57107
57095
57096
57140
57111
57127
57105
57106
57105
57128
57129
57141
57127
57181
57181
57140
57115
57117
57118
57139
57120
57139
57121
57131
57130
57179
57364
57514
57362
57429
57370
57125
57171
57370
57383
57128
57135
57139
57133
57170
57171
57374
57165
57170
57370
57156
57175
57374
57181
57247
57147
57158
57147
57207
57364
57514
57175
59627
57166
57178
57370
57158
57161
57175
57152
57153
57180
57162
57158
57216
57155
57157
57169
57174
57375
57161
57160
57183
57500
57532
57161
57168
57216
57532
57548
57165
57167
57170
57165
57203
57207
57169
57216
57375
57513
57178
57174
57219
57533
57176
57373
57219
57182
57184
57374
57513
57532
57481
57375
57513
57533
57185
57191
57186
57190
57187
57195
57223
57482
57190
57223
57191
57196
57193
57194
57204
57490
57198
57219
57508
57210
57448
57198
57199
57200
57199
57221
57202
57388
57378
57203
57209
57217
57210
57208
57360
57208
57373
57215
57388
57212
57213
57360
57214
57215
57360
57363
57222
57363
57512
57222
57364
57429
57448
57229
57262
57298
57227
57303
57296
57230
57233
57263
57236
57298
57309
57309
57295
57235
57293
57312
57273
57292
57250
57294
57243
57275
57282
57245
57281
57254
57275
57255
57270
57254
57310
57255
57297
57266
57279
57377
57289
57270
57268
57260
57381
57377
57263
57295
57310
57270
57268
57284
57279
57278
57282
57280
57310
57291
57290
57292
57294
57312
57307
57313
57315
57300
57301
57305
57326
57308
57313
57344
57305
57321
57322
57309
57322
57327
57327
57317
57319
57450
57328
57379
57320
57411
57334
57323
57326
57325
57326
57343
57344
57432
57333
57330
57331
57431
57372
57380
57336
57380
57338
57338
57361
57341
57343
57365
57372
57431
57361
57380
57352
57355
57450
57450
57455
57355
57386
57356
57359
57386
57358
57387
57383
57380
57411
57387
57427
57428
57461
57431
57374
57406
57407
57461
57520
57385
57519
57407
57454
57461
57391
57430
57406
57436
57391
57407
57415
57416
57413
57436
57393
57408
57537
57519
57395
57424
57399
57538
57417
57420
57398
57437
57536
57399
57434
57401
57462
57404
57405
57422
57538
57414
57418
57420
57424
57526
57515
57536
57417
57408
57414
57436
57542
57414
57515
57416
57430
57520
63222
57430
57538
57519
57422
57423
57515
57536
57423
57537
57528
57428
57453
57509
57426
57434
57488
57437
57433
57527
57459
57439
57441
57443
57464
57441
57465
57471
57443
57457
57463
57446
57465
57446
57457
57447
57449
57529
57452
57515
57486
57488
57510
57464
57467
57472
57474
57478
57470
57471
57474
57501
57541
57501
57478
57516
57485
57476
57479
57511
57485
57485
57480
57482
57487
57508
57511
57484
57506
57489
57546
57492
57539
57493
57494
57499
57522
57498
57507
57498
57522
57541
57497
57506
57532
57548
57502
57525
57543
57506
57534
57504
57525
57522
57535
57545
57546
57534
57548
57525
57530
57531
57542
57527
57531
57539
57531
57540
57540
57547
57548
57541
57543
57544
57547
57550
57561
57574
57552
61679
61701
57881
57560
57561
61681
57571
61695
57570
57624
57559
57566
57584
61685
61823
61737
57579
57624
57621
57575
57865
57564
57590
57620
57619
57568
57589
57568
57642
57588
57589
57623
57589
61686
61682
61807
57621
57865
57586
57606
57576
57593
57577
57595
57578
57580
57594
57582
57630
57630
57604
57631
57882
57628
58263
57585
57586
57630
57658
57663
57604
57628
57631
57644
61678
61712
61714
61720
57643
57623
57639
57641
61699
61718
57642
61681
61809
57597
57595
57893
57596
57603
57597
57611
57861
57613
61988
62061
57613
62061
57610
58226
62052
57602
57608
57855
57854
57608
57611
57605
57868
57628
57880
57631
61702
61711
57851
57877
58263
57877
57611
58248
57858
58258
57614
61995
57861
57616
57651
57668
57617
57618
57647
57619
57652
57619
57622
57622
57629
57644
57632
57662
57626
57664
57633
61945
61991
61998
57632
57644
57651
57635
57637
57706
57637
57653
57665
57670
57670
57865
61682
61694
61698
61700
57650
61883
61934
61919
61977
57668
57649
57696
61812
61824
61687
61819
57669
57700
57656
57669
57694
57696
61675
61773
61821
61815
57692
61799
61818
62006
57669
57670
61685
61687
61819
57706
57700
57705
61895
61927
57705
62035
61935
57706
61885
61971
61986
61898
61917
61918
57678
57710
57677
57678
57680
57684
57712
57715
57685
57686
57709
61881
57707
57700
57687
57717
57687
57708
61882
57703
57716
61826
61850
61800
61795
61802
61827
61796
61825
61707
61756
61843
57698
57702
61803
61807
61814
57698
57713
57702
57709
57714
61684
61696
61746
57711
57713
57714
57716
57721
58781
57729
57773
58137
57730
58129
57723
57801
57724
57772
58130
57770
57794
57726
57765
57727
57750
57749
57764
58068
57730
57731
59138
58132
59186
58064
59140
58128
58132
58781
57734
57768
59173
57735
57830
59166
57752
57762
57738
57758
59164
57806
58043
57775
58066
59178
57740
57742
57800
57741
57747
57795
57806
57760
58050
57744
57746
57814
57745
57753
57771
57812
59176
58050
57806
57749
57805
58069
57750
57757
57763
57760
58068
58069
57807
59176
57755
57776
57781
57807
57764
57765
57758
57759
57768
57762
58097
59145
57830
59145
57812
57806
58043
58057
57763
57830
59175
59176
57767
57781
57781
58129
58137
58064
57773
57776
58137
57772
57776
57807
57772
57814
57774
57794
58043
58086
57778
57780
57790
57779
57791
58095
59168
58145
57784
57785
58181
57792
57828
57786
57787
57803
57804
57834
57789
57790
57792
57791
57793
57793
57811
57828
57796
57800
57799
58051
57799
57924
57925
58050
58063
57814
57803
57813
57816
57813
58184
58077
59175
57809
57902
57903
57815
57811
57826
58050
57900
57902
58181
57925
57817
57825
57900
57910
57820
57837
58224
57833
57822
57837
58224
57823
57824
57829
58180
57835
57910
57827
57835
57901
57833
58179
57834
59168
57832
57848
58194
57839
57901
57838
57863
57908
58179
57897
57910
57842
57842
58224
57844
57845
57889
57854
57856
57846
57849
58183
57847
57848
57856
57850
57898
57860
57856
57852
57867
57853
57854
57856
57859
58226
58258
61988
62020
62053
58239
58186
58188
57870
58194
57864
57874
57884
57891
57894
57909
57879
57906
57882
57883
61674
57880
57945
57873
57874
57905
57875
57897
57884
57904
57904
57944
57893
57888
57944
57947
57880
57890
57885
57946
61715
61698
61702
61711
57894
57888
57899
57947
57907
57935
58194
57892
58183
57909
57945
57898
57906
58229
58263
57896
57905
58065
58194
57946
57916
57908
58184
57916
57907
57909
57910
57926
57950
57914
57941
58090
57921
57936
58048
57923
57940
57987
57923
57987
58048
57935
57919
57920
57926
57922
57924
57921
57936
57931
57951
57927
57951
57961
57927
58063
57928
58047
57929
58046
57989
57931
57933
57934
57953
58090
57935
57935
57943
58055
57955
57972
57976
57939
57972
57954
61708
57941
57943
57949
57972
61709
61710
57945
57955
57976
57949
57953
58055
58090
57956
61706
57959
57960
57973
57981
57968
57963
57965
57973
57968
57975
61728
57971
57970
57978
57973
57981
57975
61703
57979
57979
57984
57983
57984
57985
58055
57989
57992
58092
58000
58084
58092
57994
57996
58015
57995
58006
58084
58092
58004
58062
58012
58045
58004
58005
58006
58014
58084
58032
58015
58008
58010
58031
58009
58016
58036
58014
58879
58052
58012
58028
58032
58030
58075
58015
58036
58052
58032
58036
58089
58029
58031
58018
58039
58848
58829
58020
58039
58027
59121
58023
58074
58837
58025
58027
58087
58027
58087
58038
58073
58039
58848
58938
58826
58030
58033
58879
58093
58094
58037
58085
58094
58053
58076
58087
58857
58049
58076
58041
58844
58845
59143
58056
58857
59178
58046
58075
58047
58060
58830
58089
58056
58067
58086
58058
58184
59174
59174
59177
58082
58092
58129
58067
59164
59176
58080
58087
58072
58080
58081
58938
59172
58093
58094
58080
58081
58841
58091
58857
59145
59178
58842
58085
58870
58829
59174
58879
58098
58144
58144
58101
58784
58164
58103
58121
58389
58416
58104
58121
58390
58400
58112
58107
58116
58410
58412
58166
58110
58127
58792
58115
58135
58115
58136
58166
58221
58114
58392
58792
58785
58221
58125
58471
58785
58805
58160
58784
58120
58127
58153
58124
58804
58793
58123
58124
58155
58125
58354
58156
58364
58410
58134
58365
58472
58135
58413
58129
58137
58178
58168
58395
58798
58133
58395
59132
59186
58390
58400
58443
58169
58139
58471
58786
58141
58392
58784
58784
58145
58164
58145
58149
58178
58177
58148
58197
58150
58220
58163
58167
58177
58180
58162
58175
58394
58155
58157
58216
58158
58199
58350
58154
58413
58417
58175
58156
58170
58417
58172
58159
58165
58200
58171
58172
58392
58792
58163
58167
58180
58220
58413
58394
58172
58182
58804
58782
59132
58220
58216
58195
58216
58195
58216
58177
58220
58223
58182
58196
58197
58396
58225
58222
58187
58225
58188
58193
58190
58192
58233
58230
58236
58210
58209
58215
58272
58350
58260
58223
58199
58205
58217
58200
58206
58207
58202
58250
58262
58204
58329
58204
58315
58290
58206
58218
58249
58209
58244
58331
58214
58330
58222
58222
58215
58348
58353
58309
58249
58330
58264
58394
58396
58335
58235
58239
58232
58236
58335
58232
58335
58234
58235
58241
62054
58235
58241
58236
58237
58259
58257
58241
58245
62030
62034
58291
62059
58250
58262
58252
58245
58257
58259
62068
62071
62074
62084
62088
58258
62047
58261
58273
61905
62084
62098
58256
58256
62056
62056
62074
58285
62065
58328
58331
58310
62360
62430
62449
62010
62075
58295
58312
58283
58286
62095
58271
58283
58287
58299
58348
58289
58275
58329
58351
58278
58325
58295
58295
58341
58279
58293
58281
58282
62088
58333
58351
58334
61957
61975
62067
62082
62092
62075
62557
58329
58351
58328
62054
62062
62066
62131
62132
58294
58325
58312
58316
62543
62557
62663
62148
62153
62690
62076
58361
58421
62712
58341
62677
62694
62754
58308
58322
58324
58305
58421
58316
58367
58318
58321
58313
58353
58319
58348
58353
58336
58315
58338
58360
58325
58317
58336
58320
58324
58407
58363
58325
58322
58323
58366
58376
58363
62057
62070
62077
62096
58330
58331
62705
58337
58361
58421
58353
58407
58361
58367
62756
58367
58344
58346
58347
58368
58406
58357
58406
58378
58406
58350
62713
58358
58369
58355
58364
58356
58408
58424
58404
58366
58407
58785
58420
58408
62760
62786
62849
58423
62803
62807
58373
58374
58474
58478
58476
62813
58438
62757
62760
62798
62778
62789
62792
58473
58380
58386
58418
58382
58409
58382
58398
58404
58399
58403
58384
58386
58439
58479
58386
58418
58468
58464
58428
58442
58463
61260
62814
58402
58414
58400
58411
58465
58471
58447
58781
58398
58415
58404
58405
58404
58409
58409
58415
58418
58419
58495
58462
58416
58415
58416
58422
58473
62798
58424
58474
62805
62811
62795
62846
62847
58427
58439
58479
58432
58442
58438
58479
58430
58442
58463
58432
58442
58499
58492
58505
61248
61252
58435
58506
58507
58460
61242
58458
58485
58489
58788
58468
58478
58440
58477
58441
58460
58747
58444
58472
58465
58763
58462
58484
58747
58748
58763
61241
58792
58449
58450
58511
58751
58451
58459
58777
58482
61241
58453
58454
58511
58455
58482
58748
58456
58796
58457
58800
58457
58498
58750
61217
61245
61241
58461
58477
58488
61242
58465
58467
62814
58495
58466
58763
58478
62812
58479
58470
58763
61241
58472
58799
58787
62799
58476
58747
62847
58505
58481
61242
58484
58800
58511
58492
58505
58488
58486
58508
58562
58747
61245
58491
58563
58510
58569
58494
58751
58795
58497
58500
58796
58563
58502
58796
61248
58504
58545
61246
58510
58541
58563
58504
58751
61238
61243
61244
58562
58565
61209
61215
58561
58515
58516
58559
58518
58560
61176
58515
61210
58517
58570
58520
58558
58521
58558
58568
58523
58541
58522
58525
58575
58557
58558
58524
58542
58557
58528
58564
58567
58527
58540
58543
58528
58544
58550
58669
58530
58531
58552
58534
58573
58532
58535
58572
58536
58610
58534
58566
58596
58566
58610
58538
58547
58539
58610
58669
58539
58548
58567
58564
58554
58542
58561
58544
58544
58546
58546
58548
58549
58590
58571
58572
58584
58669
58711
58552
58576
58586
58572
58706
58717
58745
58711
58756
58556
58691
60192
58564
58570
58587
61168
61178
61210
61240
61238
58601
58567
58615
61244
58580
58576
58596
58649
58587
61168
58619
58709
58578
58581
58579
58613
58648
58594
60217
58589
60217
58613
58617
58583
58586
60156
58595
58612
58585
58590
58624
58612
58614
58600
58706
58594
58598
58604
58590
58592
58597
58668
61167
58593
60191
60208
58648
61180
58602
60205
60258
58710
58602
60191
58611
58619
61180
58609
58621
60155
58646
60156
61244
60146
58605
60189
60219
58606
60202
58623
61123
58648
60219
61123
60219
60985
61123
60156
60175
58615
58618
58624
60205
58707
58692
58619
60174
60208
61167
58622
58622
60174
58667
58712
61124
61009
58706
58647
61122
59070
60123
58638
58630
60126
58630
58641
59066
58673
59063
58640
58641
58696
58633
58656
58720
58721
58655
58635
58657
58694
58636
58695
58698
58721
59061
59069
60126
58639
58672
59059
58654
58671
59086
58673
58674
58643
58644
60160
58663
58667
58645
58712
60190
60146
60200
58709
60219
58650
58709
58651
58700
58652
58670
58693
58653
58655
58709
58661
60204
58670
58720
58658
58671
58675
58695
60157
60204
58660
58661
60148
58663
60145
58662
58666
58664
60204
58664
60135
58667
58672
60148
60155
58692
60205
58721
59059
59061
58683
58696
58676
58682
58705
58682
58687
58680
58719
58734
58716
59084
58681
58741
58767
59084
58697
58744
59048
59133
58724
58726
58767
58797
59128
58697
58713
58714
58745
58762
58690
58701
58718
58708
60192
58717
58745
60218
58707
61167
58697
58700
59133
58720
58742
59078
58742
58702
58758
58710
58746
58713
58714
58755
58718
58718
60218
58755
58766
58710
58746
60146
58746
58722
58723
58797
59048
58723
58797
59083
58755
59060
59068
58766
58727
59090
59124
58727
58770
59082
58744
59060
59087
58730
58734
58733
58739
58743
58732
58735
58770
59082
58733
58736
58734
58741
58736
59103
58773
59137
58738
58740
58803
58753
58774
58740
59136
58743
59082
59133
59137
59064
59065
58800
58753
58760
58761
58788
58754
58762
58795
58754
58757
58774
58759
58761
59136
58776
58803
58795
58764
58802
58777
58801
58772
58778
59084
58770
58771
59126
58773
59111
59114
59103
58773
59137
59136
58776
58803
58779
58794
59183
58798
59181
58791
58806
58791
58799
59111
58798
58805
61246
59182
58855
58889
58932
58816
58873
59015
58811
58840
59144
58812
58821
58812
58819
58872
59015
58874
58932
58874
58821
58843
58910
58874
58932
58839
58846
58836
59144
58847
58875
58824
58825
58908
59148
58826
58837
59121
58848
58870
58883
58834
58841
58851
58881
59159
58878
58907
58907
58908
58841
58854
58882
58850
58881
58845
58851
58884
58885
58865
58868
59146
59172
58876
58912
58980
58873
59159
58878
58882
58867
58873
59159
58887
59123
58900
58874
58863
59159
58887
59123
58978
58983
58984
58863
58867
58982
58864
58887
58867
58983
58869
58868
58871
58869
58980
58888
58977
58876
58881
58980
58912
58886
58910
58889
58932
58982
58911
58906
58939
58977
58997
58893
58895
58922
58894
58899
58897
58999
58985
59149
59154
58936
59154
58999
58972
58997
58902
58985
59149
58940
58985
58919
59149
59021
58937
59042
59042
58914
58919
58918
58996
58917
58922
58943
58974
58923
58933
59071
58926
59430
59432
58960
58928
59455
58996
58948
58960
58931
58934
58960
58999
58945
58973
58942
58943
58974
59071
59457
58945
58946
58972
58992
58950
58952
58950
58968
58969
59432
59040
58951
58963
58952
58964
58991
58954
58990
59380
58957
58962
58958
59040
58957
59434
59456
58967
59442
59037
59444
58962
58993
59040
59438
58963
58966
58967
58968
58989
58990
59035
59444
58970
59040
58986
58988
58989
59018
58990
59444
58998
59004
58974
58992
58994
58979
58981
59106
59169
59122
59152
59004
59122
59169
59021
58998
58989
59018
59019
58998
59017
59366
58992
59457
59071
59457
59004
59122
58998
59041
59001
59006
59026
59002
59150
59451
59003
59044
59005
59447
59006
59041
59018
59008
59010
59022
59073
59447
59010
59011
59014
59025
59013
59072
59116
59025
59077
59115
59081
59020
59024
59072
59023
59115
59130
59437
59026
59030
59022
59044
59447
59105
59170
59044
59074
59029
59451
59043
59423
59451
59030
59037
59030
59437
59033
59372
59347
59469
59346
59348
59346
59347
59372
59037
59375
59444
59437
59039
59045
59047
59043
59447
59123
59047
59089
59150
59046
59057
59150
59060
59050
59055
59058
59347
59357
59358
59053
59054
59353
59070
60129
60159
59055
59058
59062
59058
59356
59066
59357
59350
59065
59086
59357
59067
59078
59079
59128
59076
59369
59077
59116
59080
59133
59081
59087
59091
59104
59127
59084
59124
59090
59093
59095
59127
59128
59358
59423
59128
59104
59112
59125
59094
59113
59097
59126
59104
59113
59127
59098
59142
59099
59134
59135
59135
59185
59102
59125
59155
59114
59169
59369
59109
59180
59118
59151
59120
59170
59129
59170
59120
59151
59155
59153
59180
59171
59156
59129
59369
59142
59181
59142
59158
59139
59140
59184
59160
59141
59181
59172
59175
59165
59166
59155
59170
59162
59167
59163
59179
59187
59173
59173
59173
59185
59180
59187
59183
59189
59196
59195
59199
59193
59198
59972
59192
59197
59548
59269
59956
59199
59250
59268
59952
59250
59951
59201
59213
59259
59525
60019
59223
60004
59201
60018
59211
59203
59208
60018
59389
59526
59546
59209
59255
59391
59207
59302
59579
59220
59222
59788
59219
59234
59286
59274
59695
59212
59571
59768
59213
59214
59218
59214
59261
59286
59571
59951
59215
59234
59216
59237
59569
59226
59234
59224
59235
59237
59237
59529
59243
59389
59568
59261
59579
59274
59788
59255
59286
59266
59284
59253
59283
59569
59235
59241
59529
59249
59568
59231
59257
59290
59230
59233
59570
59243
59288
59549
59568
59257
59238
59791
59233
59578
59290
60018
59240
59283
59242
59289
59737
59249
59549
59240
59242
59244
59241
59252
59283
59287
59255
59391
59245
59265
59737
59740
59251
59284
59262
59265
59276
59740
59263
59780
60004
59253
59569
59266
59529
59265
59763
59260
59262
59766
59788
59272
59294
59768
59791
59792
59259
59420
60026
59548
59264
59291
59761
59768
59763
59273
59739
59954
59276
59852
59525
60019
59269
59270
60031
59294
59571
59951
59308
59333
59340
59548
59272
59808
60063
59385
60029
59291
60009
59301
59552
59278
59326
59742
59970
59777
59305
59384
59422
59299
59333
59340
60022
60030
59306
59424
59565
59306
59545
59295
59411
59616
59743
59780
59794
59329
60021
60039
59289
59770
59766
59300
59314
59388
60063
59305
59315
59952
60084
59306
59388
59565
59299
59304
59384
59303
59306
59326
59718
59970
59528
59407
59313
59551
59316
59317
59952
59956
60019
59742
59956
59326
59551
59952
59956
60029
59382
59691
59735
59340
60030
59410
59422
59806
59324
59331
59329
59384
59322
59319
59330
59323
59339
59330
59383
60165
59330
59383
59398
59334
59383
59325
59327
59398
59329
59406
60021
59328
59339
59386
59408
60428
59338
59386
59406
60078
59334
59335
59383
60031
59410
59422
59337
59338
59345
59344
59360
60165
59351
59837
59341
59548
60020
59343
59553
59561
59379
59381
59345
59367
60165
59349
59349
59352
59361
59374
59356
60140
59376
60129
59374
59553
59365
59367
59376
59374
59553
59361
59372
59362
59376
59363
59394
59471
59395
59368
59394
59380
59812
59370
59376
59436
59375
60243
59397
59641
59835
59436
59837
59806
59718
59768
60076
59408
59425
59435
59546
59407
59536
60084
59546
59577
59409
59411
59426
59397
59641
59734
59443
59488
59488
59772
59835
59411
59743
59421
59773
59801
59401
59851
59409
59412
59403
59405
59416
59405
59419
59772
59415
60038
59424
60078
60109
59554
59556
60138
59536
59554
59439
59558
59851
59415
59416
59419
59417
59440
59621
59419
59736
59428
59739
59965
59439
59489
59469
60084
59734
60138
59556
59772
59835
59467
59736
59628
59736
59430
59707
59431
59446
59432
59433
59456
59434
59680
59442
59467
59545
60063
60076
59559
59822
59441
59459
59471
59446
59455
59450
59452
59462
59463
59487
59454
59455
59459
59555
59623
59470
59621
59461
59464
59462
59463
59465
59483
59486
59472
59470
59555
59621
59680
59543
59623
59482
59567
59474
59477
59492
59476
59476
59479
59632
59478
59481
59632
59483
59486
59632
59481
59501
59541
59492
59623
59685
59705
59685
59693
59557
59822
59541
59557
59492
59498
59493
59498
59711
59537
59540
59800
59538
59800
59501
59541
59656
59499
59502
59631
59631
59506
59540
59711
59502
59504
59540
59711
59506
59651
59504
59519
59651
59539
59586
59544
59508
59590
59512
59518
59522
59524
59608
59524
59590
59607
59512
59518
59601
59613
59522
59523
59586
59516
59630
59779
59607
59618
59520
59608
59617
59566
59622
59522
59524
59618
59654
59622
59599
59630
59601
59577
59615
59672
59695
59533
59535
59951
59531
59532
59588
59615
59533
59552
59533
59550
59534
59535
59542
59773
59544
59679
59557
59656
59550
59562
59606
59547
59664
59851
59579
59550
59562
59691
59695
59616
59623
59685
59851
59679
59564
59570
59575
59620
59806
59610
59617
59705
59575
59778
59576
59580
59597
59581
59619
59678
59597
59618
59578
59583
59776
59823
59580
60076
59823
59582
59583
59776
59619
59620
59591
59678
59614
59654
59660
59606
59622
59591
59605
59660
59599
59606
59592
59601
59654
59601
59600
59662
59596
59613
59598
59605
59728
59595
59613
59652
59598
59660
59661
59626
59615
59605
59653
59603
59610
59604
59610
59609
59633
59728
59612
59626
59650
59682
59659
59728
59661
59662
59665
60084
59630
59949
59671
59625
59652
59626
59650
59680
59651
59634
59648
59727
59729
59652
59644
59659
59681
59638
59639
59642
59709
59640
59646
59643
59655
59693
59677
59726
59712
59725
59647
59646
59712
59659
59681
59729
59657
59800
59681
59727
59664
59801
59682
59678
59867
59678
59673
59802
59670
59787
59670
59674
59696
59706
59802
59949
59823
59675
59676
59683
59789
59781
59790
59730
59800
59707
59684
59805
59687
59694
59696
59689
59690
59697
59699
59823
59699
59809
59719
59720
59809
59810
59802
59703
59702
59715
59703
59709
59787
59789
59733
59719
59720
59732
59715
59716
59807
60039
59722
59733
59732
59729
59731
59735
59966
59740
59767
59777
59980
60004
59757
59919
59808
59747
59754
59921
59746
59748
59757
59755
59753
59820
60106
59774
59852
59908
59771
59833
59840
59767
59919
59756
59757
59824
59819
59756
59759
59916
60267
59829
59758
59769
59796
59769
59852
59941
59774
59796
60267
59794
59771
59770
59771
59780
59794
59927
59919
59926
59819
59906
60024
59786
59797
59850
59927
60024
59795
59783
59805
59785
59840
59784
59798
59785
59803
59825
59833
59821
59790
59793
59797
59821
59821
59850
59906
59907
59799
59805
59838
60167
59944
60167
59811
59944
60167
59962
59970
60029
59815
60163
59815
59820
59815
59924
60163
59836
59818
59824
59832
59844
59840
59944
59829
59840
60106
59838
59962
59834
60163
59831
59844
60121
59832
60077
59832
59842
59926
59838
60167
59844
59996
59842
59853
59868
59915
59868
59846
59864
59865
59856
59848
59857
59925
59912
59912
59920
60075
60024
59854
59915
59866
59856
59922
59882
60164
59858
59917
60067
59860
60065
59863
59864
59865
59936
59969
59862
59891
59969
59863
59923
59928
59968
59870
59880
59922
59868
59878
63903
63952
60121
59874
59881
59883
59871
59876
59880
60100
59873
59877
59883
59931
59940
59876
59884
60100
60438
59877
59931
59943
59929
59934
60100
59918
60178
59943
59884
59885
59940
60438
59888
59892
59946
59888
59961
59889
59933
60446
59894
59923
60270
59894
59932
59933
60272
59897
59898
59973
59973
60074
59898
59899
60445
59897
59898
60043
59975
60425
59903
60256
60270
59905
59963
60466
59902
59976
60066
59905
60353
59974
60266
59905
60408
60466
60458
59909
59913
59937
59910
59942
59910
59937
59939
59914
60117
59913
59936
59932
60074
60075
59917
59921
59925
59931
59932
59936
59969
59925
60065
59968
60077
60267
59969
59935
59946
63072
63969
63974
60466
59935
60075
59939
60117
59942
59942
60009
60005
60106
59961
59948
60026
60115
59958
60016
59953
59957
60007
60008
59958
60012
60110
60008
60009
59979
60058
60061
59990
60406
60017
59960
60006
60012
60014
60342
60066
60445
59974
59977
60066
60017
60026
60025
60036
60318
60002
60025
60110
60406
60004
60270
60120
60074
60117
59977
60333
60334
59987
59987
60340
60025
60406
60006
60012
60017
59982
59993
60305
60349
59984
60333
60437
60336
60816
59986
59992
59993
59994
60049
60340
60349
60113
60333
60000
60001
60060
60002
60061
60272
60445
60466
60025
60341
60036
60049
60000
60011
60060
60003
60049
60303
59999
60003
60051
60000
60114
60332
60003
60049
60014
60309
60007
60009
60012
60016
60062
60035
60062
60015
60016
60062
60110
60023
60115
60026
60115
60023
60115
60028
60068
60028
60035
60062
60072
60070
60039
60033
60046
60053
60037
60268
60069
60099
60042
60108
60060
60047
60052
60429
60118
60059
60096
60107
60097
60118
60099
60332
60061
60120
60271
60309
60327
60046
60307
60059
60095
60054
60095
60050
60054
60114
60051
60269
60309
60268
60059
60069
60429
60099
60112
60073
60112
60307
60073
60144
60120
60118
60067
60266
60070
60072
60114
60072
60108
60097
60107
60083
60081
60082
60142
60144
60088
60116
60139
60143
60243
60118
60091
60096
60087
60088
60141
60089
60128
60116
60265
60091
60092
60103
60265
60308
60337
60096
60107
60103
60104
60268
60108
60226
60104
60134
60232
60105
60240
60268
60283
60307
60111
60428
60318
60144
60340
60332
60161
60425
60139
60140
60243
60123
60129
60166
60124
60151
60125
60130
60162
60128
60130
60142
60141
60131
60228
60142
60151
60133
60201
60158
60136
60145
60158
60160
60143
60166
60161
60428
60149
60154
60143
60236
60245
60258
60150
60226
60231
60176
60152
60227
60199
60166
60154
60236
60245
60158
60160
60228
60175
60190
60176
60228
60170
60206
60214
60220
61007
60213
60173
60206
60237
60189
60195
60452
60183
60186
60236
60180
60197
60225
60201
60241
60255
60181
60193
60255
60207
60938
60185
60187
60187
60206
60186
60194
60207
60210
60195
60198
60938
60202
61162
60467
60198
60200
60218
60196
60197
60938
61162
60209
60939
60235
60238
60225
60203
60462
60209
60210
60233
61163
60213
60230
60462
60213
60989
60972
60222
60252
60405
60230
60475
60894
60222
60237
60248
60246
61163
60224
60232
60242
60924
60939
60248
60250
60240
60250
60246
60939
60244
60469
60242
60462
61163
60242
60282
60254
60405
60247
60467
60250
60405
60475
60259
60475
60475
60254
60257
60279
60272
60426
60396
60945
60261
60367
60411
60262
60362
60918
60263
60291
60365
60396
60935
60952
60445
60352
60426
60273
60302
60352
60274
60275
60312
60369
60276
60337
60352
60300
60279
60281
60285
60360
60469
60969
60323
60360
60939
60323
60285
60289
60357
60411
60817
60910
60316
60324
60339
60289
60362
60365
60526
60298
60311
60373
60373
60902
60295
60296
60299
60294
60298
60315
60431
60295
60862
60297
60347
60325
60299
60338
60311
60347
60339
60369
60319
60368
60831
60304
60327
60327
60312
60330
60328
60308
60310
60323
60331
60449
60313
60313
60424
60369
60372
60831
60918
60354
60371
60862
60421
60944
60321
60330
60814
60816
60862
60322
60338
60347
60325
60328
60329
60346
60449
60330
60437
60816
60344
60345
60424
60429
60407
60437
60345
60346
60836
60437
60814
60361
60386
60341
60436
60345
60350
60424
60814
60361
60826
60424
60385
60542
60832
60836
60398
60826
60836
60407
60433
60458
60364
60831
60409
60433
60363
60402
60414
60895
60969
60376
60385
60832
60366
60402
60832
60449
60363
60411
60427
60826
60371
60833
60526
60902
60382
60522
60372
60819
60370
60896
60813
60823
60831
60386
60812
60813
60813
60823
60410
60934
60945
60382
60400
60378
60412
60931
60379
60559
60380
60513
60525
60415
60514
60524
60892
60910
60397
60553
60384
60401
60422
60393
60542
60390
60393
60427
60388
60389
60432
60399
60441
60413
60473
60412
60417
60399
60434
60473
60412
60417
60513
60399
60434
60893
60409
60894
60919
60522
60414
60542
60468
60412
60931
60434
60518
60427
60404
60490
60516
60478
60959
60924
60416
60446
60423
60430
60524
60898
60534
60430
60432
60832
60513
60516
60423
60430
60447
60494
60419
60420
60457
60435
60526
60473
60458
60848
60436
60439
60440
60455
60442
60468
60453
60451
60448
60447
60463
60465
60465
60455
60456
60837
60957
60461
60477
60970
60512
60477
60485
60837
63972
60480
60837
60957
60477
60488
60512
60490
60893
60487
60488
60497
60580
60482
60499
60580
60483
60486
60492
60493
60496
60488
60497
60510
60580
60497
60500
60523
60959
60988
60848
60493
60573
60493
60506
60502
60516
60518
60510
60502
60567
60570
60500
60507
60990
60504
60571
60676
60509
60567
60570
60540
60907
60958
60579
60507
60570
60515
60676
63985
60561
60571
61000
60514
60530
60540
60958
60837
60990
60540
60990
60520
60569
60846
60848
60521
60528
60541
60844
60521
60538
60541
60905
60833
60990
60899
60530
60559
60559
60572
60958
60539
60572
60845
60554
60572
60844
61611
63991
60535
60536
60849
60910
60538
60556
60905
60554
60841
60554
60841
60854
60555
60553
60843
60852
60907
60544
60545
60569
60561
60937
60550
60578
60995
60568
60601
60937
60548
60552
60664
60662
60674
60675
60891
60551
60674
60557
60569
60983
60931
60905
60557
60569
60853
60853
60891
60560
60674
60675
60845
60596
60599
60846
60563
60597
60680
60564
60604
60838
60565
60981
60574
60994
60567
60976
60598
60598
60976
60676
60846
60907
60854
60577
60579
60982
60576
60577
60982
60595
60606
60937
60994
60988
60592
60616
60583
60585
60617
60672
60777
60588
60607
60588
60591
60589
60593
60617
60850
60698
60594
60604
60777
60625
60703
61090
60698
60703
60681
60850
60851
60981
60671
60772
60851
60600
60601
60838
60605
60671
60606
60606
60616
60671
60672
60850
60981
60606
60995
60608
60658
60678
60738
60612
60658
60679
60629
60658
60738
60614
60682
60777
60698
60760
60632
60682
61090
60626
60632
60623
60626
60632
60682
60633
60628
60633
60644
63964
63987
60632
60631
60679
60636
60655
60677
60635
60636
60669
60720
60723
60670
60638
60639
60667
60640
60716
60741
60701
60720
60709
60742
60642
60660
60668
60701
60666
60667
60646
60650
60670
60723
60646
60709
60649
60669
63162
63973
60649
60734
60650
60651
60656
60684
60723
63919
63931
60661
60662
60661
60666
60663
60744
60685
60890
60666
60667
60683
60741
60880
60709
60684
60680
60675
60772
60995
60685
60777
60740
60752
60723
60687
60744
60688
60787
60743
60690
60691
60802
60750
60692
60751
60693
60699
60711
60750
60695
61040
60697
60748
60755
60795
60711
60786
60743
60736
60787
60859
60719
60707
60719
60926
60793
60794
60926
60927
60715
60778
60780
60782
60780
60782
60872
60878
60716
60724
60793
60755
60798
60800
60714
60779
60718
61045
60720
60758
61046
61111
60778
60974
60793
60926
61047
60773
60925
60753
61052
60785
60809
61038
61055
60729
60758
60761
60753
60783
60794
60927
60735
60737
60748
60757
60733
60768
60735
60756
60745
60751
60792
60742
60795
60741
60742
60757
60752
60758
60756
60767
60798
60798
60800
60802
60766
61040
60799
60774
60871
60762
60871
60764
60768
60767
60799
60770
61050
60879
60774
60776
60791
60810
60785
60927
60782
60784
60881
60878
60785
60948
61055
60865
60789
60806
60791
60855
60791
60810
60962
60876
60806
60856
60859
60797
60801
60806
60856
60807
60857
60804
60821
60873
60820
60913
60866
60867
60917
60808
60808
60855
60930
60974
60872
60878
60820
60860
60866
60815
60819
60936
60867
60936
60819
60821
60822
60904
60914
60860
60901
60858
60860
60917
60833
60830
60870
60830
60835
60917
60866
60867
60829
60840
60858
60877
60847
60847
60868
60867
60868
60840
60841
60864
60842
61039
60842
60854
60921
60931
60869
60921
60890
60876
60870
60863
60869
60921
60914
60936
60875
60874
60901
60962
60882
60881
60901
61039
61047
60884
60948
60909
60913
60929
60948
61107
60889
60886
60920
60929
60949
60915
60916
60953
60908
60929
61107
60909
61107
60891
60983
60911
60935
60934
60898
60900
61112
60899
60912
60998
60903
60953
60922
60946
60998
60913
60922
60911
60914
60916
60915
60922
60998
60919
61112
61107
60928
60960
60945
60964
60973
60928
60967
60984
60973
60991
61038
60933
61019
61020
60993
61106
60969
60968
60971
60941
60942
60956
60943
60989
61006
60987
61005
60953
60967
60971
60984
60950
60965
60975
60951
60984
60967
61112
60960
60955
60956
60966
61014
60959
60988
60963
61020
60964
60965
61110
60975
60987
60987
61006
61055
61110
60994
60978
60980
61018
61159
61027
61148
61159
61105
61005
61009
61119
60989
61103
60993
61035
61037
60999
61027
61019
61020
61021
61025
61007
61126
61003
61015
61131
61004
61023
61013
61016
61017
61010
61022
61122
61126
61012
61023
61149
61029
61147
61023
61155
61022
61121
61021
61117
61117
61121
61019
61034
61119
61029
61148
61033
61048
61095
61062
61063
61079
61057
61098
61114
61036
61098
61036
61102
61037
61115
61100
61042
61056
61043
61051
61049
61049
61101
61046
61104
61099
61101
61099
61101
61051
61059
61087
61059
61093
61094
61113
61063
61095
61109
61060
61061
61087
61094
61064
61114
61442
61066
61081
61067
61460
61070
61080
61079
61086
61418
61082
61072
61082
61084
61074
61454
61075
61085
61413
61454
61077
61096
61097
61442
61452
61089
61454
61461
61088
61425
61089
61452
61096
61093
61452
61100
61102
61104
61104
61155
61155
61442
61159
61437
61125
61121
61150
61161
61150
61150
61161
61164
61128
61188
61166
61145
61376
61131
61145
61153
61133
61421
61435
61135
61136
61200
61378
61152
61423
61149
61186
61139
61158
61196
61201
61156
61187
61439
61152
61158
61201
61423
61157
61191
61165
61186
61191
61205
61206
61376
61146
61153
61420
61160
61420
61152
61157
61378
61164
61206
61186
61191
61380
61439
61436
61166
61178
61210
61171
61173
61188
61195
61177
61173
61277
61174
61175
61176
61211
61240
61422
61234
61207
61195
61207
61255
61183
61190
61199
61183
61202
61394
61185
61200
61378
61187
61199
61420
61197
61198
61206
61194
61432
61194
61380
61221
61432
61194
61392
61421
61199
61234
61394
61377
61379
61380
61203
61355
61204
61377
61379
61355
61211
61215
61422
61422
61213
61351
61259
61278
61222
61238
61238
61243
61242
61219
61220
61226
61332
61221
61229
61222
61232
61432
61224
61225
61227
61389
61226
61401
61230
61297
61227
61332
61228
61229
61231
61232
61231
61257
61239
61277
61392
61236
61259
61309
61351
61239
61267
61309
61257
61252
61274
61251
61274
61280
61335
61279
61269
62816
61264
61258
61276
61264
61275
61268
62801
61280
62801
62809
61310
61336
62682
62787
62845
61276
61267
61307
61309
62772
62775
61310
61336
61270
62815
62776
62787
62831
62808
62823
62832
62842
61308
62827
61275
61310
61307
61335
61284
61299
62868
61300
61595
61642
61289
61329
61318
61326
61304
61356
62854
62909
61292
61386
61642
61291
62868
62902
62883
61614
62855
61334
61643
61296
61297
61348
61389
61300
61302
61386
61311
61315
62863
62856
62908
61320
62841
62864
62870
61312
61334
62860
61326
62821
61312
61326
62877
61331
62881
62926
62935
61326
61328
61321
61322
61323
61321
61322
61372
61324
61352
61331
61640
61589
61346
61358
61330
61346
61346
61329
61386
61372
61333
61350
61353
62811
62812
61340
61342
61341
61343
61400
61350
61344
61407
61350
61353
61389
61349
61354
61401
61357
61358
61356
61589
61444
61397
61409
61373
61398
61375
61391
61518
61365
61406
61508
61375
61399
61521
61371
61406
61408
61368
61445
61580
61369
61582
61381
61384
61393
61383
61402
61640
61518
61397
61433
61439
61394
61390
61407
61384
61431
61393
61404
61385
61409
61518
61395
61432
61446
61407
61398
61547
61550
61580
61403
61543
61410
61407
61445
61516
61405
61446
61408
61447
61450
61521
61450
61510
61639
61506
61546
61412
61413
61426
61454
61416
61434
61443
61448
61417
61418
61451
61453
61450
61512
61429
61426
61428
61430
61431
61441
61430
61438
61438
61441
61443
61446
61447
61639
61448
61510
61451
61464
61455
61456
61504
61461
61461
61459
61504
61463
61512
61472
61504
61466
61467
61519
61548
61498
61469
61474
61493
61494
61476
61520
61548
61493
61494
61473
61505
61544
61474
61477
61500
61536
61478
61496
61479
61536
61482
61501
61485
61486
61488
61487
61531
61491
61522
61489
61499
61502
61527
61502
61544
61503
61496
61536
61536
61499
61503
61507
61507
61508
61520
61512
61512
61546
61549
61514
61568
61517
61558
61578
61517
61545
61535
61537
61549
61546
61523
61531
61533
61525
61576
61526
61540
61530
61531
61556
61558
61568
61533
61539
61539
61541
61539
61587
61545
61559
61576
61576
61585
61621
61557
61585
61621
61547
61579
61549
61589
61553
61589
61586
61555
61564
61587
61560
61574
61627
61566
61567
61577
61564
61633
61609
61571
61584
61609
61587
61570
61574
61577
61599
61573
61627
61574
61601
61602
61633
61584
61623
61584
61606
61640
61641
61620
61641
61592
61600
61607
61610
61605
61641
61595
61596
62855
63976
63984
61600
61623
61602
61622
61632
61607
61608
61627
61633
61606
61607
61618
63982
63989
61631
62872
62850
62869
63786
63851
61638
62876
61626
61634
61630
61634
61635
63916
62912
63977
61634
62873
62885
62894
61666
61668
61646
61663
61665
61651
61649
61662
61652
61663
61652
61656
61658
61658
61656
61662
61661
61660
61665
61665
61668
61801
61813
61784
61829
61707
61762
61689
61691
61734
61752
61732
61735
61769
61772
61820
61737
61811
61819
61716
61680
61700
61686
61684
61694
61696
61814
61809
61810
61812
61783
61820
61842
61691
61772
61806
61722
61732
61740
61742
61695
61697
61699
61700
61701
61702
61710
61722
61727
61767
61776
61709
61713
61713
61716
61715
61714
61722
61718
61721
61721
61732
61735
61721
61722
61726
61739
61741
61751
61757
61760
61731
61728
61730
61738
61749
61743
61769
61746
61746
61750
61753
61755
61777
61741
61748
61747
61741
61744
61743
61744
61751
61748
61768
61749
61770
61755
61764
61753
61764
61758
61760
61766
61775
61765
61776
61759
61759
61761
61766
61880
61764
61775
61783
61808
61820
61844
61774
61766
61780
61773
61769
61770
61774
61789
61855
61873
61822
61775
61777
61777
61878
61780
61843
61869
61870
61879
61868
61871
61845
61797
61846
61787
61804
61834
61849
61830
61869
61845
61859
61865
61801
61807
61798
61849
61835
61838
61829
61832
61828
61846
61802
61836
61806
61817
61810
61811
61808
61835
61841
61822
61813
61814
61844
61816
61818
61837
61838
61836
61844
61825
61828
61833
61846
61840
61833
61833
61851
61835
61841
61839
61837
61838
61839
61841
61863
61862
61864
61856
61857
61849
61852
61856
61852
61861
61856
61860
61870
61864
61859
61867
61873
61874
61863
61863
61865
61868
61866
61867
61871
61876
61879
61872
61876
61873
61877
61878
61879
61880
61880
61884
61885
61895
61934
61987
61887
61892
61897
61900
61911
61929
61899
61900
61903
61948
61955
61997
62025
62113
62176
61918
61927
61939
61894
61912
61914
61915
61966
61897
61961
61899
61898
61917
61928
61928
61928
61930
61920
61929
62097
62126
62135
62219
62238
62247
62248
62066
62086
62132
62214
61917
61958
61981
62228
61939
61978
61986
61925
61912
61915
61918
61928
61931
61915
61954
61921
62176
62177
62179
61940
61985
61923
61922
61923
61924
62192
61926
61931
61937
61930
61932
61932
61943
61983
61938
61936
61938
61937
61939
61983
61989
61992
62007
61997
62022
62038
61959
61960
61964
61946
62178
62182
62184
62187
61972
62026
62172
62188
62206
62188
62208
62230
62252
62117
62207
62166
62179
62180
61960
61964
61973
62037
61959
61958
61960
61961
61980
61961
62176
62177
62186
61964
61965
61966
61966
62171
62175
62089
62097
62130
62135
62083
62123
62131
61974
61975
61983
62002
62028
62002
62008
62002
62008
61976
61979
62027
61978
61981
61982
61984
61980
61981
61982
61985
61985
61986
61987
61994
62038
62040
62020
62062
62006
62000
62037
62042
62044
62065
62021
62051
61996
62043
62037
62045
62049
62018
62022
62003
62024
62033
62042
62027
62123
62126
62044
62065
62037
62041
62009
62041
62040
62085
62093
62119
62125
62013
62014
62029
62015
62015
62141
62194
62031
62023
62115
62134
62021
62022
62044
62048
62067
62025
62026
62030
62034
62028
62029
62030
62116
62142
62034
62036
62039
62040
62041
62051
62055
62062
62050
62060
62058
62059
62060
62058
62068
62063
62064
62062
62064
62074
62073
62072
62074
62084
62133
62083
62094
62080
62661
62097
62121
62087
62147
62151
62116
62138
62142
62196
62083
62094
62106
62086
62102
62096
62105
62112
62150
62100
62122
62181
62169
62204
62112
62121
62101
62102
62098
62099
62099
62100
62100
62533
62661
62103
62105
62110
62522
62748
62754
62107
62123
62150
62119
62149
62156
62127
62132
62133
62147
62555
62433
62450
62151
62145
62125
62144
62116
62118
62144
62128
62134
62140
62154
62184
62122
62152
62125
62124
62150
62152
62129
62128
62136
62131
62134
62137
62137
62140
62198
62140
62197
62176
62196
62142
62144
62178
62181
62179
62180
62183
62202
62553
62497
62556
62693
62151
62554
62540
62542
62156
62157
62480
62427
62487
62492
62488
62158
62190
62160
62427
62457
62492
62510
62170
62201
62427
62511
62433
62440
62454
62435
62479
62496
62500
62215
62254
62259
62173
62213
62240
62172
62182
62212
62185
62207
62170
62201
62193
62227
62239
62250
62175
62193
62182
62184
62207
62189
62200
62210
62205
62206
62197
62207
62214
62205
62256
62480
62487
62211
62217
62261
62235
62224
62243
62195
62197
62198
62434
62495
62204
62205
62203
62210
62451
62253
62215
62236
62252
62212
62251
62265
62255
62251
62230
62261
62257
62361
62229
62268
62400
62233
62239
62245
62229
62223
62266
62361
62387
62390
62242
62232
62239
62245
62231
62237
62250
62234
62231
62236
62234
62240
62248
62238
62246
62250
62242
62243
62247
62246
62249
62253
62254
62256
62255
62256
62395
62409
62263
62266
62260
62261
62264
62262
62263
62264
62386
62268
62386
62410
62414
62342
62357
62434
62300
62311
62318
62306
63314
62317
62325
62364
62279
62281
62365
62279
62363
62278
62279
62365
62362
62393
62431
62349
62572
62586
62286
62328
62342
62349
62308
62370
62402
62403
62406
62416
62586
62608
62291
62334
63245
63414
62301
62315
63320
62303
62341
62343
62329
63433
62303
62311
62343
63363
63377
62324
62321
62317
62346
62326
63184
63210
63228
62314
63344
63505
63539
63548
63275
63300
63308
63439
63310
63327
63318
63440
62347
62355
63305
63310
63312
63313
63327
63444
63447
63361
63499
63304
63343
63346
62318
62324
62333
62350
62339
62369
62374
62377
62325
62372
62378
63301
63313
63316
63328
63325
63334
63346
62325
62382
62389
62337
62345
62355
63392
63400
63401
63412
63413
62341
62598
62350
62358
62569
62570
62639
62615
62617
62356
62344
62346
62347
62347
62357
62470
62351
62354
62393
62356
62619
62570
62645
62655
62472
62588
62591
62592
62475
62477
62514
62544
62426
62439
62462
62395
62471
62382
62389
62369
62374
62376
62368
62375
62418
62378
62371
62401
62466
62393
62379
62376
62380
62380
62388
62405
62424
62418
62384
62385
62466
62390
62420
62422
62405
62411
62402
62417
62422
62397
62398
62412
62407
62450
62445
62437
62439
62447
62463
62413
62399
62417
62410
62431
62447
62428
62429
62469
62437
62448
62438
62446
62449
62441
62412
62413
62414
62415
62421
62419
62421
62424
62424
62432
62430
62459
62461
62464
62462
62468
62442
62461
62460
62481
62491
62566
62618
62464
62441
62444
62445
62446
62442
62449
62446
62443
62455
62494
62448
62448
62447
62450
62452
62457
62483
62487
62455
62456
62493
62457
62510
62493
62510
62511
62460
62468
62470
62465
62467
62463
62464
62465
62469
62470
62473
62625
62626
62476
62477
62502
62503
62547
62501
62516
62482
62488
62509
62485
62499
62482
62493
62511
62483
62489
62509
62497
62536
62556
62490
62496
62507
62498
62505
62490
62504
62495
62500
62494
62495
62512
62543
62499
62503
62506
62502
62501
62502
62503
62507
62508
62552
62506
62538
62549
62507
62509
62551
62512
63032
63241
62516
62620
62516
62566
62567
62540
62542
62555
62649
62615
62546
62689
62702
62546
62662
62681
62528
62539
62678
62743
62780
62667
62685
62686
62557
62663
62692
62700
62543
62559
62562
62703
62705
62534
62542
62533
62540
62668
62541
62550
62536
62538
62549
62550
62538
62539
62545
62561
62668
62542
62556
62547
62561
62696
62559
62686
62552
62551
62552
62554
62555
62561
62564
62679
62697
62646
63375
63405
63657
62567
62624
62568
62633
62609
62641
62647
62647
62656
62631
62601
63427
62644
62651
62686
63426
63850
63393
63433
63400
63412
63349
63363
63400
63411
63814
62588
62592
62593
63358
62590
62604
63365
62588
62602
62600
62596
62606
62605
63366
63338
63353
63433
63360
63364
63397
62597
63430
62599
63338
62599
63345
62601
62607
62603
62603
62605
62604
62605
62606
62607
62609
62641
62610
62611
62637
62613
62622
62638
62613
62622
62634
62624
62629
62633
62634
62619
62630
62621
62624
62625
62627
62623
62626
62632
62629
62630
62626
62628
62628
62630
62632
62635
62635
62637
62650
62633
62636
62635
62638
62638
62648
62640
62643
62644
62657
62642
62643
62644
62646
62650
62649
62648
62650
62650
62666
62672
62655
62656
62657
62690
62692
62668
62690
62694
62745
62665
62693
62674
62675
62679
62706
62750
62734
62672
62675
62679
62673
62672
62680
62687
62680
62687
62709
62725
62748
62707
62782
62790
62791
62731
62695
62696
62688
62691
62703
62693
62696
62707
62698
62700
62698
62704
62746
62700
62713
62728
62748
62749
62727
62706
62745
62711
62779
62925
62721
62715
62758
62781
62761
62777
62780
62713
62715
62751
62758
62778
62721
62726
62729
62920
63369
63427
63432
62866
62765
62725
62730
62725
62744
62830
62837
62742
62735
62739
62741
62728
62746
62749
62733
62735
62737
62738
62738
62738
62930
62738
62743
62742
62743
62744
62791
62755
62794
62750
62747
62750
62752
62753
62754
62793
62757
62781
62796
62759
62781
62789
62797
62767
62790
62905
62779
62818
62830
62928
62890
62892
62777
62820
62774
62824
62828
62833
62817
62862
62872
62831
62843
62775
62833
62820
62834
62788
62793
62780
62796
62792
62795
62846
62849
62789
62800
62797
62817
62924
62794
62793
62794
62800
62800
62799
62822
62845
62848
62808
62805
62808
62823
62822
62816
62821
62811
62847
62810
62826
62825
62813
62813
62814
62816
62837
62893
62819
62922
62835
62890
62820
62827
62829
62824
62825
62826
62828
62827
62829
62890
62834
62844
62843
62842
62838
62886
62841
62865
62886
62887
62892
62862
62891
62924
62858
62864
62870
62843
62844
62845
62849
62911
62863
62877
62857
62869
62895
62877
62881
62935
62877
62885
62888
62889
62899
62871
62868
62884
62896
62884
62930
62883
62873
62885
62875
62891
62923
62878
62880
62931
62892
62897
62898
62902
62898
62900
62903
62888
62891
62896
62897
62893
62894
62898
62900
62904
62899
62901
62903
62936
62908
62902
62904
62933
62927
62934
62928
62919
62918
62916
62929
62919
62926
62923
62924
62925
62937
62933
62934
62936
62935
62939
63807
62994
63799
62943
62958
63066
62957
62958
62982
62984
62984
62987
62988
62993
62944
62962
62945
62946
62947
62949
63012
62948
62962
62991
62964
63749
63791
63098
63749
62951
63416
62971
62953
62955
63223
62956
63042
62989
63049
63071
63610
62956
62966
63039
63610
62980
62994
63799
62962
63791
62960
62965
63215
62961
62963
63014
63044
63215
62995
63745
62985
63745
63071
63610
63613
63613
62971
63384
63384
63387
63778
62970
62971
63781
63416
63634
63895
62973
62974
62983
63000
63069
63632
62982
63746
62977
63000
63027
63770
62977
63643
63646
62980
62983
63752
62982
62982
62995
63746
63632
63820
62986
62986
62996
63791
62990
62996
63388
62995
63013
63055
62994
63813
63809
63055
63013
63606
63603
63611
63626
63611
63621
63775
63643
63005
63093
63577
63005
63592
63621
63962
63974
63005
63067
63621
63127
63048
63611
63626
63008
63043
63068
63010
63019
63093
63010
63116
63577
63030
63026
63017
63040
63017
63016
63745
63018
63043
63023
63098
63018
63040
63068
63030
63021
63063
63065
63022
63025
63023
63098
63099
63748
63026
63040
63041
63748
63632
63815
63029
63030
63126
63096
63100
63101
63080
63088
63062
63236
63052
63133
63418
63056
63062
63236
63042
63386
63042
63410
63620
63098
63063
63102
63748
63067
63093
63099
63751
63047
63064
63065
63609
63606
63735
63059
63073
63418
63061
63609
63751
63054
63060
63811
63074
63224
63404
63418
63751
63225
63058
63403
63495
63620
63061
63404
63418
63250
63527
63095
63081
63402
63070
63799
63775
63102
63647
63743
63095
63968
63974
63074
63225
63260
63396
63076
63211
63492
63077
63167
63078
63218
63115
63211
63082
63085
63172
63094
63095
63100
63083
63083
63090
63092
63085
63086
63089
63087
63097
63091
63135
63164
63172
63089
63097
63219
63124
63135
63096
63097
63117
63123
63491
63609
63120
63126
63107
63117
63123
63596
63105
63209
63570
63106
63112
63173
63169
63262
63128
63214
63165
63168
63575
63110
63262
63111
63134
63168
63213
63128
63209
63115
63237
63172
63492
63205
63231
63119
63120
63571
63491
63152
63156
63512
63576
63582
63576
63124
63161
63161
63216
63126
63152
63131
63156
63165
63214
63577
63169
63596
63140
63182
63206
63131
63132
63139
63239
63276
63138
63276
63225
63213
63500
63152
63137
63138
63143
63151
63139
63463
63141
63147
63152
63156
63157
63144
63151
63442
63143
63485
63463
63145
63158
63207
63151
63208
63149
63463
63149
63442
63150
63153
63204
63287
63200
63280
63463
63157
63206
63239
63161
63239
63177
63182
63261
63220
63491
63512
63176
63182
63206
63182
63261
63492
63262
63575
63209
63576
63586
63177
63207
63287
63219
63262
63581
63289
63178
63180
63179
63204
63180
63202
63289
63202
63189
63218
63232
63184
63232
63251
63288
63186
63190
63201
63230
63229
63233
63188
63487
63269
63229
63251
63284
63192
63195
63193
63284
63407
63195
63283
63321
63199
63285
63201
63282
63286
63487
63234
63280
63229
63486
63283
63286
63297
63202
63289
63486
63284
63204
63282
63283
63218
63232
63238
63407
63228
63511
63217
63501
63613
63496
63261
63492
63596
63224
63237
63601
63410
63260
63396
63236
63242
63252
63238
63263
63407
63266
63230
63288
63237
63288
63486
63487
63282
63487
63238
63264
63266
63633
63299
63241
63242
63291
63249
63244
63245
63361
63246
63390
63250
63248
63494
63253
63256
63290
63291
63532
63431
63407
63292
63409
63633
63265
63268
63429
63265
63291
63258
63258
63303
63440
63323
63494
63265
63324
63409
63299
63532
63511
63303
63537
63286
63297
63271
63275
63272
63279
63439
63308
63319
63446
63275
63308
63315
63278
63296
63279
63326
63285
63486
63297
63326
63326
63480
63442
63299
63511
63532
63319
63446
63300
63439
63300
63302
63312
63323
63305
63332
63341
63346
63329
63342
63319
63322
63334
63328
63310
63312
63320
63325
63333
63343
63314
63331
63316
63316
63319
63328
63334
63439
63446
63329
63324
63329
63333
63488
63334
63346
63335
63337
63445
63337
63340
63339
63345
63445
63393
63344
63394
63445
63393
63349
63413
63350
63352
63351
63363
63356
63392
63395
63354
63357
63430
63355
63433
63356
63392
63362
63367
63367
63359
63366
63397
63362
63367
63408
63374
63374
63377
63382
63366
63563
63369
63426
63372
63424
63381
63422
63428
63373
63389
63789
63422
63377
63377
63382
63411
63379
63397
63382
63405
63432
63657
63411
63814
63428
63416
63634
63777
63386
63391
63422
63408
63405
63657
63395
63537
63633
63401
63403
63413
63414
63419
63602
63404
63431
63428
63814
63429
63511
63602
63836
63836
63431
63634
63668
63677
63420
63789
63668
63668
63677
63424
63789
63427
63527
63435
63465
63436
63462
63461
63449
63468
63481
63446
63467
63472
63535
63447
63453
63503
63449
63481
63460
63449
63467
63464
63483
63497
63475
63526
63538
63548
63472
63535
63536
63454
63468
63471
63458
63461
63470
63472
63524
63503
63535
63458
63471
63470
63503
63537
63464
63476
63482
63518
63470
63469
63473
63503
63522
63506
63477
63490
63522
63497
63517
63478
63479
63506
63484
63493
63489
63522
63484
63523
63524
63498
63490
63502
63493
63502
63496
63811
63501
63523
63500
63539
63537
63581
63508
63510
63528
63574
63510
63517
63521
63520
63514
63515
63549
63573
63525
63529
63574
63548
63520
63587
63528
63523
63587
63547
63541
63549
63529
63531
63534
63569
63534
63543
63559
63546
63569
63595
63553
63625
63636
63559
63560
63587
63550
63555
63551
63600
63552
63555
63565
63651
63653
63558
63562
63583
63578
63564
63566
63625
63653
63558
63560
63583
63561
63561
63568
63636
63578
63585
63651
63578
63583
63579
63593
63574
63572
63577
63573
63594
63582
63600
63586
63653
63625
63644
63651
63651
63589
63594
63595
63592
63591
63604
63738
63738
63642
63600
63605
63626
63735
63636
63644
63611
63621
63608
63678
63750
63743
63758
63771
63775
63608
63750
63612
63630
63819
63615
63631
63616
63665
63666
63617
63622
63623
63736
63619
63622
63681
63736
63773
63666
63667
63646
63740
63741
63629
63678
63750
63819
63758
63628
63649
63737
63648
63631
63638
63758
63665
63819
63655
63678
63645
63655
63739
63737
63743
63771
63650
63736
63735
63746
63649
63666
63652
63880
63654
63669
63675
63659
63660
63739
63747
63661
63662
63672
63680
63664
63676
63675
63740
63681
63880
63672
63737
63671
63674
63673
63681
63704
63880
63679
63686
63683
63684
63685
63697
63687
63703
63689
63705
63875
63695
63733
63693
63714
63733
63734
63695
63875
63701
63733
63706
63734
63894
63706
63714
63744
63701
63721
63723
63702
63705
63708
63722
63725
63712
63732
63712
63726
63726
63727
63711
63729
63780
63757
63855
63855
63716
63716
63862
63720
63742
63719
63722
63721
63723
63842
63725
63726
63875
63855
63757
63842
63883
63910
63921
63926
63953
63730
63772
63731
63804
63774
63771
63893
63749
63804
63754
63809
63820
63766
63756
63822
63866
63852
63766
63808
63906
63808
63815
63767
63768
63816
63763
63769
63867
63879
63824
63765
63784
63768
63794
63810
63871
63871
63850
63872
63808
63906
63774
63790
63778
63853
63797
63805
63783
63788
63852
63873
63785
63803
63895
63783
63788
63797
63853
63795
63787
63798
63788
63800
63801
63838
63792
63795
63805
63846
63798
63826
63794
63798
63869
63850
63812
63821
63839
63802
63803
63882
63812
63846
63882
63818
63827
63813
63879
63881
63813
63820
63827
63846
63818
63821
63823
63824
63829
63825
63830
63831
63851
63922
63829
63868
63830
63867
63870
63833
63859
63834
63884
63835
63856
63917
63838
63917
63844
63851
63887
63922
63870
63907
63914
63845
63949
63860
63870
63917
63858
63916
63850
63948
63849
63854
63869
63890
63883
63895
63857
63887
63884
63925
63935
63861
63925
63876
63943
63890
63913
63915
63896
63864
63966
63865
63907
63963
63923
63941
63944
63871
63886
63914
63887
63948
63873
63881
63906
63936
63923
63941
63888
63906
63899
63886
63904
63941
63891
63923
63913
63925
63892
63902
63946
63900
63923
63896
63956
63898
63903
63955
63902
63928
63946
63935
63949
63901
63909
63945
63954
63954
63905
63944
63909
63927
63931
63956
63944
63947
63947
63919
63952
63941
63916
63966
63918
63960
63929
63924
63938
63960
63958
63966
63987
63955
63955
63955
63942
63936
63942
63938
63939
63940
63962
63959
63961
63981
63963
63947
63953
63954
63980
63959
63981
63987
63963
63988
63966
63962
63988
63965
63965
63974
63975
63985
63971
63973
63972
63977
63980
63984
63987
63990
)


// ************************************************************************* //
