/*--------------------------------*- C++ -*----------------------------------*\
| =========                 |                                                 |
| \\      /  F ield         | OpenFOAM: The Open Source CFD Toolbox           |
|  \\    /   O peration     | Version:  2512                                  |
|   \\  /    A nd           | Website:  www.openfoam.com                      |
|    \\/     M anipulation  |                                                 |
\*---------------------------------------------------------------------------*/
FoamFile
{
    version     2.0;
    format      ascii;
    arch        "LSB;label=32;scalar=64";
    class       vectorField;
    location    "constant/polyMesh";
    object      points;
}
// * * * * * * * * * * * * * * * * * * * * * * * * * * * * * * * * * * * * * //


21566
(
(2.220446049e-19 0.015 0.023)
(2.220446049e-19 0.045 0.023)
(0.1 0.015 0.0135)
(0.1 0.045 0.0135)
(0.1 0.015 0.0335)
(0.1 0.045 0.0335)
(0 0 0.05)
(0 0 0)
(0 0.06 0.05)
(0 0.06 0)
(0.1 0 0)
(0.1 0 0.05)
(0.1 0.06 0.05)
(0.098 0.002 0.05)
(0.002 0.002 0.05)
(0.098 0.058 0.05)
(0.002 0.058 0.05)
(0.1 0.06 0)
(0.06 0.03 0)
(0.098 0.002 0.002)
(0.002 0.002 0.002)
(0.098 0.058 0.002)
(0.002 0.058 0.002)
(0.06 0.03 0.002)
(1.700960357e-19 0.01628557522 0.02346791111)
(3.855764101e-20 0.01696961551 0.02465270364)
(-1.110223025e-19 0.01673205081 0.026)
(-2.086536767e-19 0.01568404029 0.02687938524)
(-2.086536767e-19 0.01431595971 0.02687938524)
(-1.110223025e-19 0.01326794919 0.026)
(3.855764101e-20 0.01303038449 0.02465270364)
(1.700960357e-19 0.01371442478 0.02346791111)
(1.700960357e-19 0.04628557522 0.02346791111)
(3.855764101e-20 0.04696961551 0.02465270364)
(-1.110223025e-19 0.04673205081 0.026)
(-2.086536767e-19 0.04568404029 0.02687938524)
(-2.086536767e-19 0.04431595971 0.02687938524)
(-1.110223025e-19 0.04326794919 0.026)
(3.855764101e-20 0.04303038449 0.02465270364)
(1.700960357e-19 0.04371442478 0.02346791111)
(0.1 0.01617274722 0.0140647653)
(0.1 0.01646239187 0.0153337814)
(0.1 0.01565082561 0.0163514533)
(0.1 0.01434917439 0.0163514533)
(0.1 0.01353760813 0.0153337814)
(0.1 0.01382725278 0.0140647653)
(0.1 0.04617274722 0.0140647653)
(0.1 0.04646239187 0.0153337814)
(0.1 0.04565082561 0.0163514533)
(0.1 0.04434917439 0.0163514533)
(0.1 0.04353760813 0.0153337814)
(0.1 0.04382725278 0.0140647653)
(0.1 0.01617274722 0.0340647653)
(0.1 0.01646239187 0.0353337814)
(0.1 0.01565082561 0.0363514533)
(0.1 0.01434917439 0.0363514533)
(0.1 0.01353760813 0.0353337814)
(0.1 0.01382725278 0.0340647653)
(0.1 0.04617274722 0.0340647653)
(0.1 0.04646239187 0.0353337814)
(0.1 0.04565082561 0.0363514533)
(0.1 0.04434917439 0.0363514533)
(0.1 0.04353760813 0.0353337814)
(0.1 0.04382725278 0.0340647653)
(0 0 0.001515151515)
(0 0 0.00303030303)
(0 0 0.004545454545)
(0 0 0.006060606061)
(0 0 0.007575757576)
(0 0 0.009090909091)
(0 0 0.01060606061)
(0 0 0.01212121212)
(0 0 0.01363636364)
(0 0 0.01515151515)
(0 0 0.01666666667)
(0 0 0.01818181818)
(0 0 0.0196969697)
(0 0 0.02121212121)
(0 0 0.02272727273)
(0 0 0.02424242424)
(0 0 0.02575757576)
(0 0 0.02727272727)
(0 0 0.02878787879)
(0 0 0.0303030303)
(0 0 0.03181818182)
(0 0 0.03333333333)
(0 0 0.03484848485)
(0 0 0.03636363636)
(0 0 0.03787878788)
(0 0 0.03939393939)
(0 0 0.04090909091)
(0 0 0.04242424242)
(0 0 0.04393939394)
(0 0 0.04545454545)
(0 0 0.04696969697)
(0 0 0.04848484848)
(0 0.001538461538 0.05)
(0 0.003076923077 0.05)
(0 0.004615384615 0.05)
(0 0.006153846154 0.05)
(0 0.007692307692 0.05)
(0 0.009230769231 0.05)
(0 0.01076923077 0.05)
(0 0.01230769231 0.05)
(0 0.01384615385 0.05)
(0 0.01538461538 0.05)
(0 0.01692307692 0.05)
(0 0.01846153846 0.05)
(0 0.02 0.05)
(0 0.02153846154 0.05)
(0 0.02307692308 0.05)
(0 0.02461538462 0.05)
(0 0.02615384615 0.05)
(0 0.02769230769 0.05)
(0 0.02923076923 0.05)
(0 0.03076923077 0.05)
(0 0.03230769231 0.05)
(0 0.03384615385 0.05)
(0 0.03538461538 0.05)
(0 0.03692307692 0.05)
(0 0.03846153846 0.05)
(0 0.04 0.05)
(0 0.04153846154 0.05)
(0 0.04307692308 0.05)
(0 0.04461538462 0.05)
(0 0.04615384615 0.05)
(0 0.04769230769 0.05)
(0 0.04923076923 0.05)
(0 0.05076923077 0.05)
(0 0.05230769231 0.05)
(0 0.05384615385 0.05)
(0 0.05538461538 0.05)
(0 0.05692307692 0.05)
(0 0.05846153846 0.05)
(0 0.001538461538 0)
(0 0.003076923077 0)
(0 0.004615384615 0)
(0 0.006153846154 0)
(0 0.007692307692 0)
(0 0.009230769231 0)
(0 0.01076923077 0)
(0 0.01230769231 0)
(0 0.01384615385 0)
(0 0.01538461538 0)
(0 0.01692307692 0)
(0 0.01846153846 0)
(0 0.02 0)
(0 0.02153846154 0)
(0 0.02307692308 0)
(0 0.02461538462 0)
(0 0.02615384615 0)
(0 0.02769230769 0)
(0 0.02923076923 0)
(0 0.03076923077 0)
(0 0.03230769231 0)
(0 0.03384615385 0)
(0 0.03538461538 0)
(0 0.03692307692 0)
(0 0.03846153846 0)
(0 0.04 0)
(0 0.04153846154 0)
(0 0.04307692308 0)
(0 0.04461538462 0)
(0 0.04615384615 0)
(0 0.04769230769 0)
(0 0.04923076923 0)
(0 0.05076923077 0)
(0 0.05230769231 0)
(0 0.05384615385 0)
(0 0.05538461538 0)
(0 0.05692307692 0)
(0 0.05846153846 0)
(0 0.06 0.001515151515)
(0 0.06 0.00303030303)
(0 0.06 0.004545454545)
(0 0.06 0.006060606061)
(0 0.06 0.007575757576)
(0 0.06 0.009090909091)
(0 0.06 0.01060606061)
(0 0.06 0.01212121212)
(0 0.06 0.01363636364)
(0 0.06 0.01515151515)
(0 0.06 0.01666666667)
(0 0.06 0.01818181818)
(0 0.06 0.0196969697)
(0 0.06 0.02121212121)
(0 0.06 0.02272727273)
(0 0.06 0.02424242424)
(0 0.06 0.02575757576)
(0 0.06 0.02727272727)
(0 0.06 0.02878787879)
(0 0.06 0.0303030303)
(0 0.06 0.03181818182)
(0 0.06 0.03333333333)
(0 0.06 0.03484848485)
(0 0.06 0.03636363636)
(0 0.06 0.03787878788)
(0 0.06 0.03939393939)
(0 0.06 0.04090909091)
(0 0.06 0.04242424242)
(0 0.06 0.04393939394)
(0 0.06 0.04545454545)
(0 0.06 0.04696969697)
(0 0.06 0.04848484848)
(0.001538461538 0 0)
(0.003076923077 0 0)
(0.004615384615 0 0)
(0.006153846154 0 0)
(0.007692307692 0 0)
(0.009230769231 0 0)
(0.01076923077 0 0)
(0.01230769231 0 0)
(0.01384615385 0 0)
(0.01538461538 0 0)
(0.01692307692 0 0)
(0.01846153846 0 0)
(0.02 0 0)
(0.02153846154 0 0)
(0.02307692308 0 0)
(0.02461538462 0 0)
(0.02615384615 0 0)
(0.02769230769 0 0)
(0.02923076923 0 0)
(0.03076923077 0 0)
(0.03230769231 0 0)
(0.03384615385 0 0)
(0.03538461538 0 0)
(0.03692307692 0 0)
(0.03846153846 0 0)
(0.04 0 0)
(0.04153846154 0 0)
(0.04307692308 0 0)
(0.04461538462 0 0)
(0.04615384615 0 0)
(0.04769230769 0 0)
(0.04923076923 0 0)
(0.05076923077 0 0)
(0.05230769231 0 0)
(0.05384615385 0 0)
(0.05538461538 0 0)
(0.05692307692 0 0)
(0.05846153846 0 0)
(0.06 0 0)
(0.06153846154 0 0)
(0.06307692308 0 0)
(0.06461538462 0 0)
(0.06615384615 0 0)
(0.06769230769 0 0)
(0.06923076923 0 0)
(0.07076923077 0 0)
(0.07230769231 0 0)
(0.07384615385 0 0)
(0.07538461538 0 0)
(0.07692307692 0 0)
(0.07846153846 0 0)
(0.08 0 0)
(0.08153846154 0 0)
(0.08307692308 0 0)
(0.08461538462 0 0)
(0.08615384615 0 0)
(0.08769230769 0 0)
(0.08923076923 0 0)
(0.09076923077 0 0)
(0.09230769231 0 0)
(0.09384615385 0 0)
(0.09538461538 0 0)
(0.09692307692 0 0)
(0.09846153846 0 0)
(0.1 0 0.001515151515)
(0.1 0 0.00303030303)
(0.1 0 0.004545454545)
(0.1 0 0.006060606061)
(0.1 0 0.007575757576)
(0.1 0 0.009090909091)
(0.1 0 0.01060606061)
(0.1 0 0.01212121212)
(0.1 0 0.01363636364)
(0.1 0 0.01515151515)
(0.1 0 0.01666666667)
(0.1 0 0.01818181818)
(0.1 0 0.0196969697)
(0.1 0 0.02121212121)
(0.1 0 0.02272727273)
(0.1 0 0.02424242424)
(0.1 0 0.02575757576)
(0.1 0 0.02727272727)
(0.1 0 0.02878787879)
(0.1 0 0.0303030303)
(0.1 0 0.03181818182)
(0.1 0 0.03333333333)
(0.1 0 0.03484848485)
(0.1 0 0.03636363636)
(0.1 0 0.03787878788)
(0.1 0 0.03939393939)
(0.1 0 0.04090909091)
(0.1 0 0.04242424242)
(0.1 0 0.04393939394)
(0.1 0 0.04545454545)
(0.1 0 0.04696969697)
(0.1 0 0.04848484848)
(0.001538461538 0 0.05)
(0.003076923077 0 0.05)
(0.004615384615 0 0.05)
(0.006153846154 0 0.05)
(0.007692307692 0 0.05)
(0.009230769231 0 0.05)
(0.01076923077 0 0.05)
(0.01230769231 0 0.05)
(0.01384615385 0 0.05)
(0.01538461538 0 0.05)
(0.01692307692 0 0.05)
(0.01846153846 0 0.05)
(0.02 0 0.05)
(0.02153846154 0 0.05)
(0.02307692308 0 0.05)
(0.02461538462 0 0.05)
(0.02615384615 0 0.05)
(0.02769230769 0 0.05)
(0.02923076923 0 0.05)
(0.03076923077 0 0.05)
(0.03230769231 0 0.05)
(0.03384615385 0 0.05)
(0.03538461538 0 0.05)
(0.03692307692 0 0.05)
(0.03846153846 0 0.05)
(0.04 0 0.05)
(0.04153846154 0 0.05)
(0.04307692308 0 0.05)
(0.04461538462 0 0.05)
(0.04615384615 0 0.05)
(0.04769230769 0 0.05)
(0.04923076923 0 0.05)
(0.05076923077 0 0.05)
(0.05230769231 0 0.05)
(0.05384615385 0 0.05)
(0.05538461538 0 0.05)
(0.05692307692 0 0.05)
(0.05846153846 0 0.05)
(0.06 0 0.05)
(0.06153846154 0 0.05)
(0.06307692308 0 0.05)
(0.06461538462 0 0.05)
(0.06615384615 0 0.05)
(0.06769230769 0 0.05)
(0.06923076923 0 0.05)
(0.07076923077 0 0.05)
(0.07230769231 0 0.05)
(0.07384615385 0 0.05)
(0.07538461538 0 0.05)
(0.07692307692 0 0.05)
(0.07846153846 0 0.05)
(0.08 0 0.05)
(0.08153846154 0 0.05)
(0.08307692308 0 0.05)
(0.08461538462 0 0.05)
(0.08615384615 0 0.05)
(0.08769230769 0 0.05)
(0.08923076923 0 0.05)
(0.09076923077 0 0.05)
(0.09230769231 0 0.05)
(0.09384615385 0 0.05)
(0.09538461538 0 0.05)
(0.09692307692 0 0.05)
(0.09846153846 0 0.05)
(0.001538461538 0.06 0.05)
(0.003076923077 0.06 0.05)
(0.004615384615 0.06 0.05)
(0.006153846154 0.06 0.05)
(0.007692307692 0.06 0.05)
(0.009230769231 0.06 0.05)
(0.01076923077 0.06 0.05)
(0.01230769231 0.06 0.05)
(0.01384615385 0.06 0.05)
(0.01538461538 0.06 0.05)
(0.01692307692 0.06 0.05)
(0.01846153846 0.06 0.05)
(0.02 0.06 0.05)
(0.02153846154 0.06 0.05)
(0.02307692308 0.06 0.05)
(0.02461538462 0.06 0.05)
(0.02615384615 0.06 0.05)
(0.02769230769 0.06 0.05)
(0.02923076923 0.06 0.05)
(0.03076923077 0.06 0.05)
(0.03230769231 0.06 0.05)
(0.03384615385 0.06 0.05)
(0.03538461538 0.06 0.05)
(0.03692307692 0.06 0.05)
(0.03846153846 0.06 0.05)
(0.04 0.06 0.05)
(0.04153846154 0.06 0.05)
(0.04307692308 0.06 0.05)
(0.04461538462 0.06 0.05)
(0.04615384615 0.06 0.05)
(0.04769230769 0.06 0.05)
(0.04923076923 0.06 0.05)
(0.05076923077 0.06 0.05)
(0.05230769231 0.06 0.05)
(0.05384615385 0.06 0.05)
(0.05538461538 0.06 0.05)
(0.05692307692 0.06 0.05)
(0.05846153846 0.06 0.05)
(0.06 0.06 0.05)
(0.06153846154 0.06 0.05)
(0.06307692308 0.06 0.05)
(0.06461538462 0.06 0.05)
(0.06615384615 0.06 0.05)
(0.06769230769 0.06 0.05)
(0.06923076923 0.06 0.05)
(0.07076923077 0.06 0.05)
(0.07230769231 0.06 0.05)
(0.07384615385 0.06 0.05)
(0.07538461538 0.06 0.05)
(0.07692307692 0.06 0.05)
(0.07846153846 0.06 0.05)
(0.08 0.06 0.05)
(0.08153846154 0.06 0.05)
(0.08307692308 0.06 0.05)
(0.08461538462 0.06 0.05)
(0.08615384615 0.06 0.05)
(0.08769230769 0.06 0.05)
(0.08923076923 0.06 0.05)
(0.09076923077 0.06 0.05)
(0.09230769231 0.06 0.05)
(0.09384615385 0.06 0.05)
(0.09538461538 0.06 0.05)
(0.09692307692 0.06 0.05)
(0.09846153846 0.06 0.05)
(0.1 0.001538461538 0.05)
(0.1 0.003076923077 0.05)
(0.1 0.004615384615 0.05)
(0.1 0.006153846154 0.05)
(0.1 0.007692307692 0.05)
(0.1 0.009230769231 0.05)
(0.1 0.01076923077 0.05)
(0.1 0.01230769231 0.05)
(0.1 0.01384615385 0.05)
(0.1 0.01538461538 0.05)
(0.1 0.01692307692 0.05)
(0.1 0.01846153846 0.05)
(0.1 0.02 0.05)
(0.1 0.02153846154 0.05)
(0.1 0.02307692308 0.05)
(0.1 0.02461538462 0.05)
(0.1 0.02615384615 0.05)
(0.1 0.02769230769 0.05)
(0.1 0.02923076923 0.05)
(0.1 0.03076923077 0.05)
(0.1 0.03230769231 0.05)
(0.1 0.03384615385 0.05)
(0.1 0.03538461538 0.05)
(0.1 0.03692307692 0.05)
(0.1 0.03846153846 0.05)
(0.1 0.04 0.05)
(0.1 0.04153846154 0.05)
(0.1 0.04307692308 0.05)
(0.1 0.04461538462 0.05)
(0.1 0.04615384615 0.05)
(0.1 0.04769230769 0.05)
(0.1 0.04923076923 0.05)
(0.1 0.05076923077 0.05)
(0.1 0.05230769231 0.05)
(0.1 0.05384615385 0.05)
(0.1 0.05538461538 0.05)
(0.1 0.05692307692 0.05)
(0.1 0.05846153846 0.05)
(0.0964516129 0.002 0.05)
(0.09490322581 0.002 0.05)
(0.09335483871 0.002 0.05)
(0.09180645161 0.002 0.05)
(0.09025806452 0.002 0.05)
(0.08870967742 0.002 0.05)
(0.08716129032 0.002 0.05)
(0.08561290323 0.002 0.05)
(0.08406451613 0.002 0.05)
(0.08251612903 0.002 0.05)
(0.08096774194 0.002 0.05)
(0.07941935484 0.002 0.05)
(0.07787096774 0.002 0.05)
(0.07632258065 0.002 0.05)
(0.07477419355 0.002 0.05)
(0.07322580645 0.002 0.05)
(0.07167741935 0.002 0.05)
(0.07012903226 0.002 0.05)
(0.06858064516 0.002 0.05)
(0.06703225806 0.002 0.05)
(0.06548387097 0.002 0.05)
(0.06393548387 0.002 0.05)
(0.06238709677 0.002 0.05)
(0.06083870968 0.002 0.05)
(0.05929032258 0.002 0.05)
(0.05774193548 0.002 0.05)
(0.05619354839 0.002 0.05)
(0.05464516129 0.002 0.05)
(0.05309677419 0.002 0.05)
(0.0515483871 0.002 0.05)
(0.05 0.002 0.05)
(0.0484516129 0.002 0.05)
(0.04690322581 0.002 0.05)
(0.04535483871 0.002 0.05)
(0.04380645161 0.002 0.05)
(0.04225806452 0.002 0.05)
(0.04070967742 0.002 0.05)
(0.03916129032 0.002 0.05)
(0.03761290323 0.002 0.05)
(0.03606451613 0.002 0.05)
(0.03451612903 0.002 0.05)
(0.03296774194 0.002 0.05)
(0.03141935484 0.002 0.05)
(0.02987096774 0.002 0.05)
(0.02832258065 0.002 0.05)
(0.02677419355 0.002 0.05)
(0.02522580645 0.002 0.05)
(0.02367741935 0.002 0.05)
(0.02212903226 0.002 0.05)
(0.02058064516 0.002 0.05)
(0.01903225806 0.002 0.05)
(0.01748387097 0.002 0.05)
(0.01593548387 0.002 0.05)
(0.01438709677 0.002 0.05)
(0.01283870968 0.002 0.05)
(0.01129032258 0.002 0.05)
(0.009741935484 0.002 0.05)
(0.008193548387 0.002 0.05)
(0.00664516129 0.002 0.05)
(0.005096774194 0.002 0.05)
(0.003548387097 0.002 0.05)
(0.098 0.003513513514 0.05)
(0.098 0.005027027027 0.05)
(0.098 0.006540540541 0.05)
(0.098 0.008054054054 0.05)
(0.098 0.009567567568 0.05)
(0.098 0.01108108108 0.05)
(0.098 0.01259459459 0.05)
(0.098 0.01410810811 0.05)
(0.098 0.01562162162 0.05)
(0.098 0.01713513514 0.05)
(0.098 0.01864864865 0.05)
(0.098 0.02016216216 0.05)
(0.098 0.02167567568 0.05)
(0.098 0.02318918919 0.05)
(0.098 0.0247027027 0.05)
(0.098 0.02621621622 0.05)
(0.098 0.02772972973 0.05)
(0.098 0.02924324324 0.05)
(0.098 0.03075675676 0.05)
(0.098 0.03227027027 0.05)
(0.098 0.03378378378 0.05)
(0.098 0.0352972973 0.05)
(0.098 0.03681081081 0.05)
(0.098 0.03832432432 0.05)
(0.098 0.03983783784 0.05)
(0.098 0.04135135135 0.05)
(0.098 0.04286486486 0.05)
(0.098 0.04437837838 0.05)
(0.098 0.04589189189 0.05)
(0.098 0.04740540541 0.05)
(0.098 0.04891891892 0.05)
(0.098 0.05043243243 0.05)
(0.098 0.05194594595 0.05)
(0.098 0.05345945946 0.05)
(0.098 0.05497297297 0.05)
(0.098 0.05648648649 0.05)
(0.0964516129 0.058 0.05)
(0.09490322581 0.058 0.05)
(0.09335483871 0.058 0.05)
(0.09180645161 0.058 0.05)
(0.09025806452 0.058 0.05)
(0.08870967742 0.058 0.05)
(0.08716129032 0.058 0.05)
(0.08561290323 0.058 0.05)
(0.08406451613 0.058 0.05)
(0.08251612903 0.058 0.05)
(0.08096774194 0.058 0.05)
(0.07941935484 0.058 0.05)
(0.07787096774 0.058 0.05)
(0.07632258065 0.058 0.05)
(0.07477419355 0.058 0.05)
(0.07322580645 0.058 0.05)
(0.07167741935 0.058 0.05)
(0.07012903226 0.058 0.05)
(0.06858064516 0.058 0.05)
(0.06703225806 0.058 0.05)
(0.06548387097 0.058 0.05)
(0.06393548387 0.058 0.05)
(0.06238709677 0.058 0.05)
(0.06083870968 0.058 0.05)
(0.05929032258 0.058 0.05)
(0.05774193548 0.058 0.05)
(0.05619354839 0.058 0.05)
(0.05464516129 0.058 0.05)
(0.05309677419 0.058 0.05)
(0.0515483871 0.058 0.05)
(0.05 0.058 0.05)
(0.0484516129 0.058 0.05)
(0.04690322581 0.058 0.05)
(0.04535483871 0.058 0.05)
(0.04380645161 0.058 0.05)
(0.04225806452 0.058 0.05)
(0.04070967742 0.058 0.05)
(0.03916129032 0.058 0.05)
(0.03761290323 0.058 0.05)
(0.03606451613 0.058 0.05)
(0.03451612903 0.058 0.05)
(0.03296774194 0.058 0.05)
(0.03141935484 0.058 0.05)
(0.02987096774 0.058 0.05)
(0.02832258065 0.058 0.05)
(0.02677419355 0.058 0.05)
(0.02522580645 0.058 0.05)
(0.02367741935 0.058 0.05)
(0.02212903226 0.058 0.05)
(0.02058064516 0.058 0.05)
(0.01903225806 0.058 0.05)
(0.01748387097 0.058 0.05)
(0.01593548387 0.058 0.05)
(0.01438709677 0.058 0.05)
(0.01283870968 0.058 0.05)
(0.01129032258 0.058 0.05)
(0.009741935484 0.058 0.05)
(0.008193548387 0.058 0.05)
(0.00664516129 0.058 0.05)
(0.005096774194 0.058 0.05)
(0.003548387097 0.058 0.05)
(0.002 0.003513513514 0.05)
(0.002 0.005027027027 0.05)
(0.002 0.006540540541 0.05)
(0.002 0.008054054054 0.05)
(0.002 0.009567567568 0.05)
(0.002 0.01108108108 0.05)
(0.002 0.01259459459 0.05)
(0.002 0.01410810811 0.05)
(0.002 0.01562162162 0.05)
(0.002 0.01713513514 0.05)
(0.002 0.01864864865 0.05)
(0.002 0.02016216216 0.05)
(0.002 0.02167567568 0.05)
(0.002 0.02318918919 0.05)
(0.002 0.0247027027 0.05)
(0.002 0.02621621622 0.05)
(0.002 0.02772972973 0.05)
(0.002 0.02924324324 0.05)
(0.002 0.03075675676 0.05)
(0.002 0.03227027027 0.05)
(0.002 0.03378378378 0.05)
(0.002 0.0352972973 0.05)
(0.002 0.03681081081 0.05)
(0.002 0.03832432432 0.05)
(0.002 0.03983783784 0.05)
(0.002 0.04135135135 0.05)
(0.002 0.04286486486 0.05)
(0.002 0.04437837838 0.05)
(0.002 0.04589189189 0.05)
(0.002 0.04740540541 0.05)
(0.002 0.04891891892 0.05)
(0.002 0.05043243243 0.05)
(0.002 0.05194594595 0.05)
(0.002 0.05345945946 0.05)
(0.002 0.05497297297 0.05)
(0.002 0.05648648649 0.05)
(0.001538461538 0.06 0)
(0.003076923077 0.06 0)
(0.004615384615 0.06 0)
(0.006153846154 0.06 0)
(0.007692307692 0.06 0)
(0.009230769231 0.06 0)
(0.01076923077 0.06 0)
(0.01230769231 0.06 0)
(0.01384615385 0.06 0)
(0.01538461538 0.06 0)
(0.01692307692 0.06 0)
(0.01846153846 0.06 0)
(0.02 0.06 0)
(0.02153846154 0.06 0)
(0.02307692308 0.06 0)
(0.02461538462 0.06 0)
(0.02615384615 0.06 0)
(0.02769230769 0.06 0)
(0.02923076923 0.06 0)
(0.03076923077 0.06 0)
(0.03230769231 0.06 0)
(0.03384615385 0.06 0)
(0.03538461538 0.06 0)
(0.03692307692 0.06 0)
(0.03846153846 0.06 0)
(0.04 0.06 0)
(0.04153846154 0.06 0)
(0.04307692308 0.06 0)
(0.04461538462 0.06 0)
(0.04615384615 0.06 0)
(0.04769230769 0.06 0)
(0.04923076923 0.06 0)
(0.05076923077 0.06 0)
(0.05230769231 0.06 0)
(0.05384615385 0.06 0)
(0.05538461538 0.06 0)
(0.05692307692 0.06 0)
(0.05846153846 0.06 0)
(0.06 0.06 0)
(0.06153846154 0.06 0)
(0.06307692308 0.06 0)
(0.06461538462 0.06 0)
(0.06615384615 0.06 0)
(0.06769230769 0.06 0)
(0.06923076923 0.06 0)
(0.07076923077 0.06 0)
(0.07230769231 0.06 0)
(0.07384615385 0.06 0)
(0.07538461538 0.06 0)
(0.07692307692 0.06 0)
(0.07846153846 0.06 0)
(0.08 0.06 0)
(0.08153846154 0.06 0)
(0.08307692308 0.06 0)
(0.08461538462 0.06 0)
(0.08615384615 0.06 0)
(0.08769230769 0.06 0)
(0.08923076923 0.06 0)
(0.09076923077 0.06 0)
(0.09230769231 0.06 0)
(0.09384615385 0.06 0)
(0.09538461538 0.06 0)
(0.09692307692 0.06 0)
(0.09846153846 0.06 0)
(0.1 0.06 0.001515151515)
(0.1 0.06 0.00303030303)
(0.1 0.06 0.004545454545)
(0.1 0.06 0.006060606061)
(0.1 0.06 0.007575757576)
(0.1 0.06 0.009090909091)
(0.1 0.06 0.01060606061)
(0.1 0.06 0.01212121212)
(0.1 0.06 0.01363636364)
(0.1 0.06 0.01515151515)
(0.1 0.06 0.01666666667)
(0.1 0.06 0.01818181818)
(0.1 0.06 0.0196969697)
(0.1 0.06 0.02121212121)
(0.1 0.06 0.02272727273)
(0.1 0.06 0.02424242424)
(0.1 0.06 0.02575757576)
(0.1 0.06 0.02727272727)
(0.1 0.06 0.02878787879)
(0.1 0.06 0.0303030303)
(0.1 0.06 0.03181818182)
(0.1 0.06 0.03333333333)
(0.1 0.06 0.03484848485)
(0.1 0.06 0.03636363636)
(0.1 0.06 0.03787878788)
(0.1 0.06 0.03939393939)
(0.1 0.06 0.04090909091)
(0.1 0.06 0.04242424242)
(0.1 0.06 0.04393939394)
(0.1 0.06 0.04545454545)
(0.1 0.06 0.04696969697)
(0.1 0.06 0.04848484848)
(0.1 0.001538461538 0)
(0.1 0.003076923077 0)
(0.1 0.004615384615 0)
(0.1 0.006153846154 0)
(0.1 0.007692307692 0)
(0.1 0.009230769231 0)
(0.1 0.01076923077 0)
(0.1 0.01230769231 0)
(0.1 0.01384615385 0)
(0.1 0.01538461538 0)
(0.1 0.01692307692 0)
(0.1 0.01846153846 0)
(0.1 0.02 0)
(0.1 0.02153846154 0)
(0.1 0.02307692308 0)
(0.1 0.02461538462 0)
(0.1 0.02615384615 0)
(0.1 0.02769230769 0)
(0.1 0.02923076923 0)
(0.1 0.03076923077 0)
(0.1 0.03230769231 0)
(0.1 0.03384615385 0)
(0.1 0.03538461538 0)
(0.1 0.03692307692 0)
(0.1 0.03846153846 0)
(0.1 0.04 0)
(0.1 0.04153846154 0)
(0.1 0.04307692308 0)
(0.1 0.04461538462 0)
(0.1 0.04615384615 0)
(0.1 0.04769230769 0)
(0.1 0.04923076923 0)
(0.1 0.05076923077 0)
(0.1 0.05230769231 0)
(0.1 0.05384615385 0)
(0.1 0.05538461538 0)
(0.1 0.05692307692 0)
(0.1 0.05846153846 0)
(0.05988280424 0.03152649284 0)
(0.05953396392 0.03301720599 0)
(0.05896165557 0.03443719838 0)
(0.05817929361 0.0357531866 0)
(0.05720521594 0.03693432501 0)
(0.05606225411 0.03795292871 0)
(0.05477719819 0.03878512251 0)
(0.05338016878 0.03941140048 0)
(0.05190391109 0.0398170832 0)
(0.05038302734 0.03999266181 0)
(0.04885316575 0.0399340209 0)
(0.04735018498 0.03964253495 0)
(0.04590931363 0.03912503616 0)
(0.0445643245 0.03839365426 0)
(0.043346743 0.03746553222 0)
(0.0422851082 0.03636242442 0)
(0.04140430393 0.03511018679 0)
(0.04072497549 0.03373817072 0)
(0.04026304576 0.03227853509 0)
(0.04002934199 0.03076549253 0)
(0.04002934199 0.02923450747 0)
(0.04026304576 0.02772146491 0)
(0.04072497549 0.02626182928 0)
(0.04140430393 0.02488981321 0)
(0.0422851082 0.02363757558 0)
(0.043346743 0.02253446778 0)
(0.0445643245 0.02160634574 0)
(0.04590931363 0.02087496384 0)
(0.04735018498 0.02035746505 0)
(0.04885316575 0.0200659791 0)
(0.05038302734 0.02000733819 0)
(0.05190391109 0.0201829168 0)
(0.05338016878 0.02058859952 0)
(0.05477719819 0.02121487749 0)
(0.05606225411 0.02204707129 0)
(0.05720521594 0.02306567499 0)
(0.05817929361 0.0242468134 0)
(0.05896165557 0.02556280162 0)
(0.05953396392 0.02698279401 0)
(0.05988280424 0.02847350716 0)
(0.098 0.002 0.003548387097)
(0.098 0.002 0.005096774194)
(0.098 0.002 0.00664516129)
(0.098 0.002 0.008193548387)
(0.098 0.002 0.009741935484)
(0.098 0.002 0.01129032258)
(0.098 0.002 0.01283870968)
(0.098 0.002 0.01438709677)
(0.098 0.002 0.01593548387)
(0.098 0.002 0.01748387097)
(0.098 0.002 0.01903225806)
(0.098 0.002 0.02058064516)
(0.098 0.002 0.02212903226)
(0.098 0.002 0.02367741935)
(0.098 0.002 0.02522580645)
(0.098 0.002 0.02677419355)
(0.098 0.002 0.02832258065)
(0.098 0.002 0.02987096774)
(0.098 0.002 0.03141935484)
(0.098 0.002 0.03296774194)
(0.098 0.002 0.03451612903)
(0.098 0.002 0.03606451613)
(0.098 0.002 0.03761290323)
(0.098 0.002 0.03916129032)
(0.098 0.002 0.04070967742)
(0.098 0.002 0.04225806452)
(0.098 0.002 0.04380645161)
(0.098 0.002 0.04535483871)
(0.098 0.002 0.04690322581)
(0.098 0.002 0.0484516129)
(0.002 0.002 0.003548387097)
(0.002 0.002 0.005096774194)
(0.002 0.002 0.00664516129)
(0.002 0.002 0.008193548387)
(0.002 0.002 0.009741935484)
(0.002 0.002 0.01129032258)
(0.002 0.002 0.01283870968)
(0.002 0.002 0.01438709677)
(0.002 0.002 0.01593548387)
(0.002 0.002 0.01748387097)
(0.002 0.002 0.01903225806)
(0.002 0.002 0.02058064516)
(0.002 0.002 0.02212903226)
(0.002 0.002 0.02367741935)
(0.002 0.002 0.02522580645)
(0.002 0.002 0.02677419355)
(0.002 0.002 0.02832258065)
(0.002 0.002 0.02987096774)
(0.002 0.002 0.03141935484)
(0.002 0.002 0.03296774194)
(0.002 0.002 0.03451612903)
(0.002 0.002 0.03606451613)
(0.002 0.002 0.03761290323)
(0.002 0.002 0.03916129032)
(0.002 0.002 0.04070967742)
(0.002 0.002 0.04225806452)
(0.002 0.002 0.04380645161)
(0.002 0.002 0.04535483871)
(0.002 0.002 0.04690322581)
(0.002 0.002 0.0484516129)
(0.003548387097 0.002 0.002)
(0.005096774194 0.002 0.002)
(0.00664516129 0.002 0.002)
(0.008193548387 0.002 0.002)
(0.009741935484 0.002 0.002)
(0.01129032258 0.002 0.002)
(0.01283870968 0.002 0.002)
(0.01438709677 0.002 0.002)
(0.01593548387 0.002 0.002)
(0.01748387097 0.002 0.002)
(0.01903225806 0.002 0.002)
(0.02058064516 0.002 0.002)
(0.02212903226 0.002 0.002)
(0.02367741935 0.002 0.002)
(0.02522580645 0.002 0.002)
(0.02677419355 0.002 0.002)
(0.02832258065 0.002 0.002)
(0.02987096774 0.002 0.002)
(0.03141935484 0.002 0.002)
(0.03296774194 0.002 0.002)
(0.03451612903 0.002 0.002)
(0.03606451613 0.002 0.002)
(0.03761290323 0.002 0.002)
(0.03916129032 0.002 0.002)
(0.04070967742 0.002 0.002)
(0.04225806452 0.002 0.002)
(0.04380645161 0.002 0.002)
(0.04535483871 0.002 0.002)
(0.04690322581 0.002 0.002)
(0.0484516129 0.002 0.002)
(0.05 0.002 0.002)
(0.0515483871 0.002 0.002)
(0.05309677419 0.002 0.002)
(0.05464516129 0.002 0.002)
(0.05619354839 0.002 0.002)
(0.05774193548 0.002 0.002)
(0.05929032258 0.002 0.002)
(0.06083870968 0.002 0.002)
(0.06238709677 0.002 0.002)
(0.06393548387 0.002 0.002)
(0.06548387097 0.002 0.002)
(0.06703225806 0.002 0.002)
(0.06858064516 0.002 0.002)
(0.07012903226 0.002 0.002)
(0.07167741935 0.002 0.002)
(0.07322580645 0.002 0.002)
(0.07477419355 0.002 0.002)
(0.07632258065 0.002 0.002)
(0.07787096774 0.002 0.002)
(0.07941935484 0.002 0.002)
(0.08096774194 0.002 0.002)
(0.08251612903 0.002 0.002)
(0.08406451613 0.002 0.002)
(0.08561290323 0.002 0.002)
(0.08716129032 0.002 0.002)
(0.08870967742 0.002 0.002)
(0.09025806452 0.002 0.002)
(0.09180645161 0.002 0.002)
(0.09335483871 0.002 0.002)
(0.09490322581 0.002 0.002)
(0.0964516129 0.002 0.002)
(0.098 0.058 0.003548387097)
(0.098 0.058 0.005096774194)
(0.098 0.058 0.00664516129)
(0.098 0.058 0.008193548387)
(0.098 0.058 0.009741935484)
(0.098 0.058 0.01129032258)
(0.098 0.058 0.01283870968)
(0.098 0.058 0.01438709677)
(0.098 0.058 0.01593548387)
(0.098 0.058 0.01748387097)
(0.098 0.058 0.01903225806)
(0.098 0.058 0.02058064516)
(0.098 0.058 0.02212903226)
(0.098 0.058 0.02367741935)
(0.098 0.058 0.02522580645)
(0.098 0.058 0.02677419355)
(0.098 0.058 0.02832258065)
(0.098 0.058 0.02987096774)
(0.098 0.058 0.03141935484)
(0.098 0.058 0.03296774194)
(0.098 0.058 0.03451612903)
(0.098 0.058 0.03606451613)
(0.098 0.058 0.03761290323)
(0.098 0.058 0.03916129032)
(0.098 0.058 0.04070967742)
(0.098 0.058 0.04225806452)
(0.098 0.058 0.04380645161)
(0.098 0.058 0.04535483871)
(0.098 0.058 0.04690322581)
(0.098 0.058 0.0484516129)
(0.098 0.003513513514 0.002)
(0.098 0.005027027027 0.002)
(0.098 0.006540540541 0.002)
(0.098 0.008054054054 0.002)
(0.098 0.009567567568 0.002)
(0.098 0.01108108108 0.002)
(0.098 0.01259459459 0.002)
(0.098 0.01410810811 0.002)
(0.098 0.01562162162 0.002)
(0.098 0.01713513514 0.002)
(0.098 0.01864864865 0.002)
(0.098 0.02016216216 0.002)
(0.098 0.02167567568 0.002)
(0.098 0.02318918919 0.002)
(0.098 0.0247027027 0.002)
(0.098 0.02621621622 0.002)
(0.098 0.02772972973 0.002)
(0.098 0.02924324324 0.002)
(0.098 0.03075675676 0.002)
(0.098 0.03227027027 0.002)
(0.098 0.03378378378 0.002)
(0.098 0.0352972973 0.002)
(0.098 0.03681081081 0.002)
(0.098 0.03832432432 0.002)
(0.098 0.03983783784 0.002)
(0.098 0.04135135135 0.002)
(0.098 0.04286486486 0.002)
(0.098 0.04437837838 0.002)
(0.098 0.04589189189 0.002)
(0.098 0.04740540541 0.002)
(0.098 0.04891891892 0.002)
(0.098 0.05043243243 0.002)
(0.098 0.05194594595 0.002)
(0.098 0.05345945946 0.002)
(0.098 0.05497297297 0.002)
(0.098 0.05648648649 0.002)
(0.002 0.058 0.003548387097)
(0.002 0.058 0.005096774194)
(0.002 0.058 0.00664516129)
(0.002 0.058 0.008193548387)
(0.002 0.058 0.009741935484)
(0.002 0.058 0.01129032258)
(0.002 0.058 0.01283870968)
(0.002 0.058 0.01438709677)
(0.002 0.058 0.01593548387)
(0.002 0.058 0.01748387097)
(0.002 0.058 0.01903225806)
(0.002 0.058 0.02058064516)
(0.002 0.058 0.02212903226)
(0.002 0.058 0.02367741935)
(0.002 0.058 0.02522580645)
(0.002 0.058 0.02677419355)
(0.002 0.058 0.02832258065)
(0.002 0.058 0.02987096774)
(0.002 0.058 0.03141935484)
(0.002 0.058 0.03296774194)
(0.002 0.058 0.03451612903)
(0.002 0.058 0.03606451613)
(0.002 0.058 0.03761290323)
(0.002 0.058 0.03916129032)
(0.002 0.058 0.04070967742)
(0.002 0.058 0.04225806452)
(0.002 0.058 0.04380645161)
(0.002 0.058 0.04535483871)
(0.002 0.058 0.04690322581)
(0.002 0.058 0.0484516129)
(0.003548387097 0.058 0.002)
(0.005096774194 0.058 0.002)
(0.00664516129 0.058 0.002)
(0.008193548387 0.058 0.002)
(0.009741935484 0.058 0.002)
(0.01129032258 0.058 0.002)
(0.01283870968 0.058 0.002)
(0.01438709677 0.058 0.002)
(0.01593548387 0.058 0.002)
(0.01748387097 0.058 0.002)
(0.01903225806 0.058 0.002)
(0.02058064516 0.058 0.002)
(0.02212903226 0.058 0.002)
(0.02367741935 0.058 0.002)
(0.02522580645 0.058 0.002)
(0.02677419355 0.058 0.002)
(0.02832258065 0.058 0.002)
(0.02987096774 0.058 0.002)
(0.03141935484 0.058 0.002)
(0.03296774194 0.058 0.002)
(0.03451612903 0.058 0.002)
(0.03606451613 0.058 0.002)
(0.03761290323 0.058 0.002)
(0.03916129032 0.058 0.002)
(0.04070967742 0.058 0.002)
(0.04225806452 0.058 0.002)
(0.04380645161 0.058 0.002)
(0.04535483871 0.058 0.002)
(0.04690322581 0.058 0.002)
(0.0484516129 0.058 0.002)
(0.05 0.058 0.002)
(0.0515483871 0.058 0.002)
(0.05309677419 0.058 0.002)
(0.05464516129 0.058 0.002)
(0.05619354839 0.058 0.002)
(0.05774193548 0.058 0.002)
(0.05929032258 0.058 0.002)
(0.06083870968 0.058 0.002)
(0.06238709677 0.058 0.002)
(0.06393548387 0.058 0.002)
(0.06548387097 0.058 0.002)
(0.06703225806 0.058 0.002)
(0.06858064516 0.058 0.002)
(0.07012903226 0.058 0.002)
(0.07167741935 0.058 0.002)
(0.07322580645 0.058 0.002)
(0.07477419355 0.058 0.002)
(0.07632258065 0.058 0.002)
(0.07787096774 0.058 0.002)
(0.07941935484 0.058 0.002)
(0.08096774194 0.058 0.002)
(0.08251612903 0.058 0.002)
(0.08406451613 0.058 0.002)
(0.08561290323 0.058 0.002)
(0.08716129032 0.058 0.002)
(0.08870967742 0.058 0.002)
(0.09025806452 0.058 0.002)
(0.09180645161 0.058 0.002)
(0.09335483871 0.058 0.002)
(0.09490322581 0.058 0.002)
(0.0964516129 0.058 0.002)
(0.002 0.003513513514 0.002)
(0.002 0.005027027027 0.002)
(0.002 0.006540540541 0.002)
(0.002 0.008054054054 0.002)
(0.002 0.009567567568 0.002)
(0.002 0.01108108108 0.002)
(0.002 0.01259459459 0.002)
(0.002 0.01410810811 0.002)
(0.002 0.01562162162 0.002)
(0.002 0.01713513514 0.002)
(0.002 0.01864864865 0.002)
(0.002 0.02016216216 0.002)
(0.002 0.02167567568 0.002)
(0.002 0.02318918919 0.002)
(0.002 0.0247027027 0.002)
(0.002 0.02621621622 0.002)
(0.002 0.02772972973 0.002)
(0.002 0.02924324324 0.002)
(0.002 0.03075675676 0.002)
(0.002 0.03227027027 0.002)
(0.002 0.03378378378 0.002)
(0.002 0.0352972973 0.002)
(0.002 0.03681081081 0.002)
(0.002 0.03832432432 0.002)
(0.002 0.03983783784 0.002)
(0.002 0.04135135135 0.002)
(0.002 0.04286486486 0.002)
(0.002 0.04437837838 0.002)
(0.002 0.04589189189 0.002)
(0.002 0.04740540541 0.002)
(0.002 0.04891891892 0.002)
(0.002 0.05043243243 0.002)
(0.002 0.05194594595 0.002)
(0.002 0.05345945946 0.002)
(0.002 0.05497297297 0.002)
(0.002 0.05648648649 0.002)
(0.05988280424 0.03152649284 0.002)
(0.05953396392 0.03301720599 0.002)
(0.05896165557 0.03443719838 0.002)
(0.05817929361 0.0357531866 0.002)
(0.05720521594 0.03693432501 0.002)
(0.05606225411 0.03795292871 0.002)
(0.05477719819 0.03878512251 0.002)
(0.05338016878 0.03941140048 0.002)
(0.05190391109 0.0398170832 0.002)
(0.05038302734 0.03999266181 0.002)
(0.04885316575 0.0399340209 0.002)
(0.04735018498 0.03964253495 0.002)
(0.04590931363 0.03912503616 0.002)
(0.0445643245 0.03839365426 0.002)
(0.043346743 0.03746553222 0.002)
(0.0422851082 0.03636242442 0.002)
(0.04140430393 0.03511018679 0.002)
(0.04072497549 0.03373817072 0.002)
(0.04026304576 0.03227853509 0.002)
(0.04002934199 0.03076549253 0.002)
(0.04002934199 0.02923450747 0.002)
(0.04026304576 0.02772146491 0.002)
(0.04072497549 0.02626182928 0.002)
(0.04140430393 0.02488981321 0.002)
(0.0422851082 0.02363757558 0.002)
(0.043346743 0.02253446778 0.002)
(0.0445643245 0.02160634574 0.002)
(0.04590931363 0.02087496384 0.002)
(0.04735018498 0.02035746505 0.002)
(0.04885316575 0.0200659791 0.002)
(0.05038302734 0.02000733819 0.002)
(0.05190391109 0.0201829168 0.002)
(0.05338016878 0.02058859952 0.002)
(0.05477719819 0.02121487749 0.002)
(0.05606225411 0.02204707129 0.002)
(0.05720521594 0.02306567499 0.002)
(0.05817929361 0.0242468134 0.002)
(0.05896165557 0.02556280162 0.002)
(0.05953396392 0.02698279401 0.002)
(0.05988280424 0.02847350716 0.002)
(0.06 0.03 0.001)
(-7.032962696e-18 0.0147624353 0.02434729636)
(-7.175366135e-18 0.01522928396 0.0256299525)
(-7.124706178e-18 0.01401519225 0.02517364818)
(-7.049916206e-18 0.0158660254 0.0245)
(-3.478286387e-18 0.045 0.02432961855)
(-3.629828961e-18 0.045 0.02569459271)
(-3.571992499e-18 0.04598480775 0.02517364818)
(-3.571992499e-18 0.04401519225 0.02517364818)
(0.1 0.015 0.015)
(0.1 0.045 0.015)
(0.1 0.015 0.035)
(0.1 0.045 0.035)
(0 0.02979257174 0.001461665337)
(0 0.03000279257 0.04867149443)
(0 0.02384120219 0.04867105357)
(0 0.03615886374 0.04867143684)
(0 0.02385123845 0.001155512209)
(0 0.03615477149 0.001333009711)
(0 0.01762688441 0.001298227716)
(0 0.04230168317 0.001331543279)
(0 0.01756655312 0.04854532369)
(0 0.04230137275 0.04866695927)
(0 0.01154307628 0.001333212952)
(0 0.01153846154 0.04866765322)
(0 0.04853744895 0.04833158022)
(0 0.0484590179 0.001242799921)
(0 0.001312159703 0.01287878788)
(0 0.05882881428 0.01282958001)
(0 0.001312159703 0.03712121212)
(0 0.05874889205 0.03727435945)
(0 0.001312159703 0.03257575758)
(0 0.05868960436 0.03250549146)
(0 0.001303057318 0.01744636919)
(0 0.05885912493 0.01728555387)
(0 0.001312498518 0.04166443442)
(0 0.05876126599 0.04171308795)
(0 0.001385633545 0.008334220158)
(0 0.05872208407 0.008333769902)
(0 0.001310995106 0.02197915712)
(0 0.05880712284 0.02178617806)
(0 0.001249700311 0.0281703281)
(0 0.05875786133 0.0279772749)
(0 0.006923208878 0.04872446604)
(0 0.05307486317 0.04875889057)
(0 0.006923076923 0.001332346775)
(0 0.05298100206 0.001314988939)
(0 0.001416416061 0.02512836021)
(0 0.05878039785 0.02486163366)
(0 0.02082007846 0.001299778208)
(0 0.0392371239 0.001333080121)
(0 0.0269227374 0.04866811456)
(0 0.03308173579 0.04866938419)
(0 0.02077056538 0.04871975923)
(0 0.03922703846 0.04866952317)
(0 0.02694194739 0.001374612801)
(0 0.03307517203 0.001243406702)
(0 0.04538461538 0.04866765322)
(0 0.01458122916 0.04868918528)
(0 0.04538461538 0.001332346775)
(0 0.01461858155 0.001330784009)
(0 0.001312159703 0.0446969697)
(0 0.05868073229 0.04455852754)
(0 0.0586878403 0.005303030303)
(0 0.001236258831 0.005354619939)
(0 0.05621923608 0.04834943703)
(0 0.003852915662 0.04870321634)
(0 0.05616575405 0.001283699553)
(0 0.003768738532 0.001484909393)
(0 0.05870661289 0.04772212609)
(0 0.001407980173 0.0477004715)
(0 0.05883950391 0.002292498604)
(0 0.001328826121 0.002367673766)
(0 0.001300328223 0.02349976505)
(0 0.002755009793 0.02288800434)
(0 0.002639789769 0.02126749695)
(0 0.003940474043 0.02195598539)
(0 0.003916661474 0.02051196051)
(0 0.005182635297 0.02125002439)
(0 0.005195797006 0.01980660116)
(0 0.005147271176 0.02254321446)
(0 0.006444756149 0.0205298723)
(0 0.00646242651 0.01909272744)
(0 0.007704524985 0.01980547564)
(0 0.007712560537 0.01836121445)
(0 0.008956057206 0.01908763095)
(0 0.008965265781 0.01764519486)
(0 0.01021988449 0.01837192713)
(0 0.01023423404 0.0169311193)
(0 0.008974804618 0.01619997067)
(0 0.01023696114 0.01549214584)
(0 0.01150059528 0.0162212241)
(0 0.01149838298 0.01478043394)
(0 0.01274916373 0.01551017686)
(0 0.01275443371 0.01406426702)
(0 0.01395957166 0.01472522254)
(0 0.01145563402 0.01335329658)
(0 0.01400711454 0.0133403973)
(0 0.01520136909 0.0139804114)
(0 0.01526286958 0.0126155907)
(0 0.01650177954 0.01333138137)
(0 0.01653234234 0.01190592839)
(0 0.01778479667 0.01264833984)
(0 0.01777484555 0.01411033391)
(0 0.01903697979 0.01339547502)
(0 0.0190682958 0.01484327977)
(0 0.0202877802 0.01413485647)
(0 0.0202733895 0.01557477279)
(0 0.02152061738 0.0148699933)
(0 0.02150412486 0.01630392187)
(0 0.02275149169 0.01560202806)
(0 0.02274469694 0.01701698386)
(0 0.02398054366 0.01633141498)
(0 0.02397420755 0.01773875156)
(0 0.02520475437 0.0170549864)
(0 0.02516429672 0.01851631433)
(0 0.02641873303 0.01778794904)
(0 0.02637707973 0.01924662151)
(0 0.02763662791 0.01851541981)
(0 0.02761868251 0.01992811116)
(0 0.02765579841 0.01709190643)
(0 0.02887647369 0.01781599677)
(0 0.02889227224 0.0163945943)
(0 0.03011274971 0.01711824319)
(0 0.03013112314 0.01569532708)
(0 0.0313538163 0.01642292505)
(0 0.0313346304 0.0178422495)
(0 0.03257422986 0.01714993591)
(0 0.03259563186 0.01573020078)
(0 0.03381777413 0.01645769351)
(0 0.03383919335 0.01503369808)
(0 0.03506442596 0.01576461571)
(0 0.03255281849 0.01856666793)
(0 0.03510784677 0.014374938)
(0 0.03631912982 0.01507521027)
(0 0.0227706487 0.01416755)
(0 0.03633546139 0.01363625983)
(0 0.03756822237 0.01437118093)
(0 0.03399000571 0.01365442655)
(0 0.02637562174 0.02067880516)
(0 0.02760136882 0.02133505835)
(0 0.02638460605 0.0220096607)
(0 0.02761318583 0.02273025277)
(0 0.02637639011 0.02341031989)
(0 0.02763828728 0.0241328913)
(0 0.02636960298 0.02480982337)
(0 0.02761145019 0.02552652616)
(0 0.02635300255 0.02621119676)
(0 0.02758818227 0.02692533975)
(0 0.0263345557 0.02761721946)
(0 0.02757535755 0.02833467048)
(0 0.0263172553 0.02903071264)
(0 0.02756025237 0.02975211457)
(0 0.02629730041 0.03045176926)
(0 0.02754850685 0.03117736182)
(0 0.02627921308 0.0318800757)
(0 0.02751160219 0.03260744632)
(0 0.02879354335 0.03190350934)
(0 0.0262465633 0.03328058007)
(0 0.02875485868 0.03333304337)
(0 0.03001660272 0.03262968064)
(0 0.02999476718 0.03406395569)
(0 0.0312433792 0.03335822699)
(0 0.02887244737 0.02624670444)
(0 0.03122459886 0.03478649958)
(0 0.03248509939 0.03408823947)
(0 0.02991531989 0.03548789785)
(0 0.03244064118 0.03550939349)
(0 0.03372422504 0.03481233638)
(0 0.0337393801 0.03337887769)
(0 0.03497627401 0.03410666742)
(0 0.03497218729 0.03554183638)
(0 0.03621341762 0.03483109912)
(0 0.03621418543 0.03627336087)
(0 0.03746095938 0.035557892)
(0 0.02501984015 0.03257766967)
(0 0.02498694093 0.03398574085)
(0 0.02376287794 0.03328170324)
(0 0.02374694205 0.03472128736)
(0 0.02250864911 0.033992063)
(0 0.02249424633 0.03543442789)
(0 0.02125151004 0.03469943639)
(0 0.02121467306 0.03610757348)
(0 0.01998669138 0.03540072902)
(0 0.02231853483 0.03684052037)
(0 0.01997445359 0.0368546573)
(0 0.018718992 0.03609247122)
(0 0.03761335659 0.01297443412)
(0 0.03882627647 0.01367111446)
(0 0.03746071328 0.0370041227)
(0 0.03871748331 0.03628831652)
(0 0.01868439873 0.0375265733)
(0 0.01744871281 0.03677739293)
(0 0.03498864784 0.03267244151)
(0 0.03888190245 0.01228598759)
(0 0.04009266751 0.01297016046)
(0 0.03871043525 0.03773832173)
(0 0.03997319322 0.03701882551)
(0 0.0361948434 0.03772028946)
(0 0.01905713063 0.01194464907)
(0 0.03624953569 0.01646043844)
(0 0.01743299841 0.0382766407)
(0 0.01618001857 0.03751456176)
(0 0.04026723591 0.01148922099)
(0 0.04141883162 0.0123167916)
(0 0.03759113259 0.01156554423)
(0 0.03996565446 0.03847520875)
(0 0.04123088287 0.03775159847)
(0 0.01527520443 0.01117715186)
(0 0.04123294075 0.03629632015)
(0 0.04249425709 0.03702567228)
(0 0.04249380893 0.03848223126)
(0 0.04376000521 0.03775584483)
(0 0.041370214 0.01373978037)
(0 0.04263308123 0.01303322787)
(0 0.04280350292 0.01154493589)
(0 0.04395027817 0.01237188736)
(0 0.04373089658 0.03634359194)
(0 0.04502530904 0.03703224988)
(0 0.04503164443 0.03848305881)
(0 0.04629816188 0.03775497867)
(0 0.04629744919 0.03629142484)
(0 0.04756425659 0.03701669678)
(0 0.0475623183 0.03555568617)
(0 0.04756320821 0.03847052273)
(0 0.01615950187 0.039007809)
(0 0.01489588793 0.03825447617)
(0 0.01491814736 0.03676918068)
(0 0.01363431999 0.037503337)
(0 0.01365227595 0.03603815008)
(0 0.01237615628 0.03675300946)
(0 0.01235402168 0.03821959926)
(0 0.01238894915 0.03528431801)
(0 0.04385441128 0.01376680051)
(0 0.04514391342 0.01307376862)
(0 0.04518239857 0.01164051473)
(0 0.04641417537 0.0123768868)
(0 0.0463880593 0.01382577091)
(0 0.04766253442 0.01312647191)
(0 0.04766015886 0.01166630414)
(0 0.04763567238 0.01458159837)
(0 0.01855588797 0.0389843778)
(0 0.01111978154 0.03600248514)
(0 0.01113061797 0.03453095411)
(0 0.04882768813 0.03627940246)
(0 0.04882738098 0.03481889097)
(0 0.04890833532 0.0138846631)
(0 0.0488786732 0.01534131539)
(0 0.02510995647 0.02830981821)
(0 0.02517646915 0.02272521354)
(0 0.02131753086 0.03320221128)
(0 0.009862772419 0.03525667916)
(0 0.009880400335 0.03379061233)
(0 0.05015602127 0.01463893005)
(0 0.05012390684 0.01610030617)
(0 0.02890473375 0.01496762466)
(0 0.05009358436 0.03554820648)
(0 0.05009105701 0.03408346308)
(0 0.01364975856 0.03456290966)
(0 0.0216099486 0.01775865298)
(0 0.04758248517 0.03412962105)
(0 0.05135848338 0.03481544283)
(0 0.05134983566 0.03335076565)
(0 0.05136014407 0.03628195808)
(0 0.04760076997 0.01603539114)
(0 0.05140311931 0.01539526939)
(0 0.05136519611 0.01685669111)
(0 0.05143419431 0.01393174064)
(0 0.008608791684 0.03451230694)
(0 0.008588155615 0.03597660308)
(0 0.008628462135 0.03304919638)
(0 0.01408782369 0.01621350297)
(0 0.009899366092 0.03233257596)
(0 0.008653189769 0.03159044793)
(0 0.01906109972 0.01629028471)
(0 0.03375514676 0.03195028472)
(0 0.03499364283 0.03124547678)
(0 0.0337764002 0.03052792266)
(0 0.03500584975 0.02982870614)
(0 0.03622413862 0.03054325728)
(0 0.0362342166 0.02913237306)
(0 0.03501942838 0.0284208773)
(0 0.03624268071 0.02772878656)
(0 0.03503328416 0.02701759742)
(0 0.03620426923 0.02632653112)
(0 0.03744912469 0.02984591038)
(0 0.03503702545 0.02561729942)
(0 0.03620639811 0.02492653678)
(0 0.0077278438 0.02117374174)
(0 0.03504532447 0.02421680756)
(0 0.03626386397 0.023526651)
(0 0.0387033813 0.03483950919)
(0 0.007327576577 0.03522850879)
(0 0.007306801973 0.0367012268)
(0 0.0187452288 0.03466588402)
(0 0.02884319795 0.02204241525)
(0 0.05008789911 0.03262233474)
(0 0.05134436537 0.0318911614)
(0 0.05009114722 0.01755823963)
(0 0.05133041213 0.01831323346)
(0 0.01487519774 0.03973227809)
(0 0.03881287608 0.01506117252)
(0 0.05269010735 0.01469218012)
(0 0.05272406629 0.01322232663)
(0 0.01655342552 0.01045527011)
(0 0.01529023458 0.009709635785)
(0 0.01657582106 0.008983913556)
(0 0.01529938209 0.008232545781)
(0 0.01400759629 0.008967892621)
(0 0.01401991574 0.007479990647)
(0 0.01272327343 0.0082198354)
(0 0.0251720312 0.02549643717)
(0 0.008974818262 0.01477293347)
(0 0.01658848485 0.007501916426)
(0 0.01786692399 0.008258264343)
(0 0.01614622193 0.04048537215)
(0 0.01485319747 0.04121396256)
(0 0.01613591488 0.04197189981)
(0 0.05008506502 0.03116835866)
(0 0.05133757887 0.03043442315)
(0 0.006437044257 0.01769463451)
(0 0.02487678021 0.03545596881)
(0 0.03869701338 0.03919545842)
(0 0.03996151812 0.03993759925)
(0 0.03867802361 0.04066439378)
(0 0.03995793619 0.04141131311)
(0 0.03866856241 0.0421435543)
(0 0.03739056965 0.04139127528)
(0 0.05259924287 0.03115639594)
(0 0.05258750219 0.02970264763)
(0 0.05263364251 0.03554510399)
(0 0.05263814798 0.03701778552)
(0 0.03740491688 0.02707835382)
(0 0.01483754007 0.04270371237)
(0 0.01355181712 0.04194232656)
(0 0.009922082382 0.03088768077)
(0 0.00867879915 0.03013832824)
(0 0.0119618449 0.02556807468)
(0 0.007407974756 0.03084388764)
(0 0.007432742527 0.02938458325)
(0 0.03994853856 0.04289560859)
(0 0.04123861483 0.04215796607)
(0 0.0500564695 0.01900411871)
(0 0.05129124712 0.01976115119)
(0 0.0525691585 0.01907077019)
(0 0.05252841529 0.02052330963)
(0 0.05132954165 0.02898381579)
(0 0.05257480114 0.02825394704)
(0 0.03737793142 0.04287667133)
(0 0.03609425551 0.04212097814)
(0 0.01393813375 0.02208447919)
(0 0.01522807724 0.02160176427)
(0 0.05125305174 0.02120962084)
(0 0.05248693426 0.02196922667)
(0 0.03764710089 0.02434950851)
(0 0.03751342136 0.02284345738)
(0 0.01788220682 0.006770960267)
(0 0.01916594232 0.007529683494)
(0 0.05134750424 0.02754109088)
(0 0.03381179789 0.02770730644)
(0 0.03383659711 0.02490803057)
(0 0.05385731837 0.03042036368)
(0 0.05381187547 0.01983179273)
(0 0.02884422341 0.02906277602)
(0 0.03628702588 0.02212513408)
(0 0.03750372607 0.02144887137)
(0 0.03871036512 0.02213818503)
(0 0.03875969619 0.02083047048)
(0 0.04394821956 0.02211541377)
(0 0.04523074006 0.02160702095)
(0 0.04418120601 0.02074802943)
(0 0.01273653539 0.006723665201)
(0 0.01143323726 0.007467485444)
(0 0.0135344113 0.04343649399)
(0 0.01224596297 0.04267326638)
(0 0.006155501439 0.03009315458)
(0 0.006184679529 0.02863382822)
(0 0.007459351997 0.02792769018)
(0 0.03384593287 0.02350574157)
(0 0.01234634421 0.02346791111)
(0 0.03605657571 0.04356534608)
(0 0.03479497743 0.04284514839)
(0 0.05125806854 0.02258646872)
(0 0.01612336972 0.04346476238)
(0 0.01735563304 0.04273940418)
(0 0.05261136936 0.0268816746)
(0 0.04123273211 0.04364813442)
(0 0.0425321109 0.04290706604)
(0 0.041959032 0.02558970763)
(0 0.04217546414 0.02690035459)
(0 0.04546027406 0.02030504379)
(0 0.04439575946 0.01941564403)
(0 0.01663769243 0.006080860815)
(0 0.01918024723 0.006038064414)
(0 0.02046292416 0.006799850566)
(0 0.05383196318 0.02752885356)
(0 0.05386396238 0.0261526254)
(0 0.006037872844 0.03594789188)
(0 0.006016253795 0.03742493798)
(0 0.007291919516 0.0381821298)
(0 0.005995882542 0.03890990584)
(0 0.007278020278 0.03966983823)
(0 0.005975781918 0.04040203499)
(0 0.007262951811 0.04116474354)
(0 0.005956005983 0.04190086115)
(0 0.007248840605 0.04266707048)
(0 0.005936546074 0.04340616755)
(0 0.0114592759 0.005884415284)
(0 0.0101445699 0.00669440817)
(0 0.01013579623 0.008207048291)
(0 0.008841187895 0.007448958556)
(0 0.008832705045 0.008948877281)
(0 0.007540250279 0.008194933594)
(0 0.007535724027 0.009691760721)
(0 0.007545061395 0.006693995819)
(0 0.006239267967 0.007440024433)
(0 0.0062449918 0.005930973283)
(0 0.01015267602 0.00518425892)
(0 0.03262674942 0.02419782935)
(0 0.04310545256 0.01986737183)
(0 0.04330320853 0.01853591932)
(0 0.0141427309 0.02074432327)
(0 0.0154469243 0.02020184429)
(0 0.01217232758 0.02685814098)
(0 0.05398548538 0.01398526092)
(0 0.05402077732 0.012509339)
(0 0.05275031972 0.01174082019)
(0 0.05405446445 0.01102526027)
(0 0.05277803827 0.01025332061)
(0 0.05408823389 0.009534597556)
(0 0.05280571762 0.00875873699)
(0 0.05412169013 0.008036100971)
(0 0.05283707915 0.00725902218)
(0 0.05151956252 0.007983675167)
(0 0.05155001049 0.006482287961)
(0 0.05023197805 0.007208679721)
(0 0.05415550194 0.006531817421)
(0 0.01115977363 0.03162222056)
(0 0.05391616688 0.03627916139)
(0 0.05392165311 0.037757719)
(0 0.0526345766 0.03850164469)
(0 0.05392551507 0.03924399671)
(0 0.05263058229 0.03999033892)
(0 0.0539291994 0.04073648804)
(0 0.05262809189 0.04148645532)
(0 0.0539325139 0.04223661711)
(0 0.05263243071 0.04298795452)
(0 0.05132486146 0.0422363773)
(0 0.05132833578 0.04374043495)
(0 0.05002235886 0.04298753925)
(0 0.05393670378 0.04374265088)
(0 0.02044767515 0.008288408333)
(0 0.02174327964 0.007561295787)
(0 0.02172388374 0.009044391602)
(0 0.02301922803 0.008320036446)
(0 0.0230389574 0.006834283397)
(0 0.02431451112 0.007597378374)
(0 0.02429393146 0.009078097509)
(0 0.02558758996 0.008359685584)
(0 0.02556491207 0.009836650684)
(0 0.02685804765 0.00911984792)
(0 0.02687961547 0.007641878911)
(0 0.02815270977 0.008403021461)
(0 0.02817707548 0.006923423368)
(0 0.02944716729 0.007684957938)
(0 0.02942262364 0.009164788244)
(0 0.03071758391 0.008449039777)
(0 0.03074453213 0.006966155161)
(0 0.03201499301 0.007735161365)
(0 0.02433866257 0.006107757853)
(0 0.03204592692 0.006247256279)
(0 0.03331761349 0.00701880912)
(0 0.03328714742 0.008503312945)
(0 0.03458763451 0.007788996007)
(0 0.03462110551 0.006302320789)
(0 0.03589420759 0.00708182325)
(0 0.0306324746 0.009952494083)
(0 0.02681776102 0.01056461024)
(0 0.0348114149 0.04136343742)
(0 0.03351803174 0.0420925984)
(0 0.03353481517 0.04060886792)
(0 0.03224084433 0.04133712726)
(0 0.03226927514 0.04286046692)
(0 0.0309677294 0.04204464286)
(0 0.03096433385 0.04057742934)
(0 0.02967202148 0.04129970671)
(0 0.02972680382 0.04269160516)
(0 0.02838498576 0.04200972004)
(0 0.02837572958 0.04053179045)
(0 0.02708678497 0.04125371461)
(0 0.02707305176 0.04274615646)
(0 0.0257948773 0.04198263703)
(0 0.02578730605 0.04344536212)
(0 0.0244938879 0.0427023118)
(0 0.02579979648 0.04049083462)
(0 0.007223590377 0.04415582416)
(0 0.02383680675 0.03192495081)
(0 0.02395354665 0.0192615217)
(0 0.03625238726 0.02074143338)
(0 0.03263759317 0.02279389626)
(0 0.0538696558 0.03188331772)
(0 0.006129144974 0.03155675522)
(0 0.05385233496 0.01837090629)
(0 0.006214536327 0.02717608788)
(0 0.007488766457 0.0264810945)
(0 0.02527404442 0.01565472554)
(0 0.02699760971 0.04423519044)
(0 0.0501295311 0.02831286543)
(0 0.03015150723 0.01426411224)
(0 0.05026094911 0.005703412393)
(0 0.04894316653 0.006432080622)
(0 0.01222650704 0.04417358825)
(0 0.02450023468 0.04407825297)
(0 0.02318050875 0.04340440648)
(0 0.02321072229 0.04193375556)
(0 0.03720369547 0.0445528624)
(0 0.01738378582 0.04426206923)
(0 0.008543630276 0.04040796876)
(0 0.03475981861 0.04428297919)
(0 0.04252423036 0.04440463777)
(0 0.04379474159 0.04366126988)
(0 0.02305784049 0.005341860657)
(0 0.0359286595 0.005586723333)
(0 0.03720619207 0.006369143231)
(0 0.01019911707 0.01980640179)
(0 0.0219249877 0.042619912)
(0 0.02169223696 0.04391668685)
(0 0.04999939297 0.02188771116)
(0 0.04204454068 0.01894609024)
(0 0.05002226621 0.04449513093)
(0 0.04872634502 0.04375840359)
(0 0.04242981336 0.0225364746)
(0 0.03076910357 0.005475430793)
(0 0.01278442079 0.005211092057)
(0 0.004911123044 0.03080406005)
(0 0.004851856876 0.03227126581)
(0 0.04809413677 0.02553841692)
(0 0.05510183614 0.01913720445)
(0 0.05514034332 0.01766871531)
(0 0.05506972419 0.02061681603)
(0 0.004754908145 0.03955899993)
(0 0.005915095727 0.04491457236)
(0 0.04225488613 0.01759148694)
(0 0.04096572295 0.01803260155)
(0 0.05531909261 0.01033604996)
(0 0.02554564296 0.01130101199)
(0 0.02193512044 0.0411639914)
(0 0.01652436929 0.02111663365)
(0 0.01675285881 0.01971330161)
(0 0.01785356991 0.0206984584)
(0 0.03744064382 0.03125480429)
(0 0.03866347695 0.03055536606)
(0 0.008822963845 0.01044283107)
(0 0.007524002157 0.01117212251)
(0 0.006240945978 0.0104330219)
(0 0.006230959277 0.01191187122)
(0 0.004947738496 0.01117440965)
(0 0.004946881462 0.01266437277)
(0 0.03455232132 0.009268607775)
(0 0.05522372643 0.03998506894)
(0 0.03727346741 0.00492658298)
(0 0.03852487429 0.005657985643)
(0 0.03848576494 0.007152993106)
(0 0.03979953072 0.006433849385)
(0 0.03980234136 0.004990383977)
(0 0.04110737378 0.005723889589)
(0 0.04107369359 0.007214538074)
(0 0.04237369015 0.006499282153)
(0 0.03131816069 0.01925684073)
(0 0.05513343923 0.03113770004)
(0 0.05515066927 0.03259561466)
(0 0.04118448514 0.04502084207)
(0 0.04891841861 0.007935771438)
(0 0.04762940681 0.007161445773)
(0 0.04765433919 0.005656305265)
(0 0.05505463607 0.02679298167)
(0 0.05506566606 0.02531548704)
(0 0.04875427749 0.04224693712)
(0 0.01610181457 0.04497184827)
(0 0.004979728107 0.006682053431)
(0 0.004990654049 0.005169290899)
(0 0.04636440045 0.006342280291)
(0 0.04633287939 0.007746060754)
(0 0.04238177524 0.005053266026)
(0 0.04382634651 0.04216366155)
(0 0.0127124252 0.009708840518)
(0 0.05134233872 0.03924264655)
(0 0.05147248087 0.0109741287)
(0 0.0515820607 0.0049730894)
(0 0.04092864729 0.02641247912)
(0 0.04112907972 0.02772002193)
(0 0.04240957315 0.02824277712)
(0 0.04481267586 0.02809049608)
(0 0.04629135652 0.02810244036)
(0 0.04568401583 0.02926630457)
(0 0.04375525083 0.01708383078)
(0 0.04068416553 0.02492600954)
(0 0.04375241225 0.04512694939)
(0 0.05152395967 0.026010651)
(0 0.0346427315 0.004860772553)
(0 0.05136601622 0.04518319867)
(0 0.01093452732 0.04340663687)
(0 0.01093514991 0.04491471407)
(0 0.04709122378 0.02921802909)
(0 0.04635255221 0.03045583358)
(0 0.04503789501 0.03051217395)
(0 0.05524133015 0.04298652195)
(0 0.05524604219 0.04449741348)
(0 0.04234419666 0.007991057918)
(0 0.04133202189 0.02928060762)
(0 0.04649462282 0.02110827617)
(0 0.04660063651 0.019723265)
(0 0.02894607425 0.01353150878)
(0 0.00867910209 0.02722618027)
(0 0.008709150109 0.02578724768)
(0 0.01118128936 0.03019050758)
(0 0.01241190801 0.03092026014)
(0 0.04504534095 0.04294681256)
(0 0.04640106403 0.004934088895)
(0 0.004932771873 0.02787847345)
(0 0.004965708061 0.02641420766)
(0 0.02436270436 0.004609559803)
(0 0.01154831418 0.01910066474)
(0 0.04566975748 0.03178062846)
(0 0.04428656829 0.03172299236)
(0 0.04492677692 0.03298747689)
(0 0.04354303486 0.03293447274)
(0 0.04871640309 0.04525326398)
(0 0.01806135863 0.019358703)
(0 0.01916234551 0.02023846723)
(0 0.0189359122 0.02158766743)
(0 0.02023430957 0.02113779318)
(0 0.02000370402 0.0224852338)
(0 0.02129910056 0.02203368063)
(0 0.02105053044 0.02340094281)
(0 0.01705960859 0.0183818844)
(0 0.05520460748 0.03701235746)
(0 0.007516573729 0.02504264287)
(0 0.008705776892 0.02435364794)
(0 0.004640860535 0.04263519231)
(0 0.004742264686 0.03666577983)
(0 0.05635794954 0.01990889283)
(0 0.05528716011 0.01327948093)
(0 0.05544363721 0.007313125433)
(0 0.05547894757 0.005803477736)
(0 0.01421533475 0.01925326023)
(0 0.02065439329 0.04184800453)
(0 0.0121904452 0.04563721239)
(0 0.01977967765 0.02385532244)
(0 0.020806318 0.02476862768)
(0 0.02210733085 0.02430387751)
(0 0.02182901064 0.02570899545)
(0 0.02034489287 0.02615389364)
(0 0.01696211638 0.02738546085)
(0 0.01594142195 0.02827258305)
(0 0.01722293288 0.02871876895)
(0 0.01618688692 0.02953126598)
(0 0.01748484149 0.03002741001)
(0 0.02160822186 0.02704180672)
(0 0.01640984068 0.03085889381)
(0 0.0185379208 0.02917034925)
(0 0.01880018286 0.03050521904)
(0 0.01977622106 0.02965518751)
(0 0.01484699503 0.02911773615)
(0 0.03141393294 0.02348537952)
(0 0.03140601841 0.02489078883)
(0 0.05028806764 0.004190263986)
(0 0.01152655561 0.02052861174)
(0 0.006261190545 0.01337388391)
(0 0.004952379975 0.01414597032)
(0 0.04287685868 0.031740217)
(0 0.0421304327 0.03285838632)
(0 0.03990746821 0.02152285497)
(0 0.003909473099 0.01907615458)
(0 0.01020255751 0.02122524982)
(0 0.02323177984 0.04044910482)
(0 0.03326065897 0.009978117788)
(0 0.03452018797 0.01074025895)
(0 0.04117504391 0.01667386153)
(0 0.03128599349 0.0319267655)
(0 0.03867052235 0.02915141358)
(0 0.03860652894 0.03196616245)
(0 0.02195575308 0.03969172139)
(0 0.04146536366 0.03165037907)
(0 0.006263176893 0.004416109432)
(0 0.00724518505 0.04566982299)
(0 0.03385352498 0.0221120148)
(0 0.05004219398 0.02335795768)
(0 0.03141453726 0.02208082534)
(0 0.01226767153 0.04118032653)
(0 0.004948839265 0.008188550485)
(0 0.0451005475 0.04142458016)
(0 0.04891859691 0.03195374442)
(0 0.0204794257 0.005305421669)
(0 0.01919113093 0.004539299621)
(0 0.05418723981 0.00502105448)
(0 0.05394330041 0.04524407493)
(0 0.02564300944 0.005381400129)
(0 0.03207466969 0.004755911008)
(0 0.03019290261 0.01285362949)
(0 0.05519141685 0.03553650929)
(0 0.004771791306 0.0351927704)
(0 0.05511808282 0.02967728142)
(0 0.05640477608 0.03039257982)
(0 0.05524360908 0.01475233428)
(0 0.02776553643 0.01423234553)
(0 0.02154603766 0.02066553205)
(0 0.05250155782 0.02341158371)
(0 0.05377087882 0.02283974682)
(0 0.04103997814 0.008703742051)
(0 0.022610261 0.02156747211)
(0 0.05551259085 0.004288764463)
(0 0.007690720808 0.01550676692)
(0 0.01740328928 0.04572948621)
(0 0.01868918445 0.045026952)
(0 0.008815643024 0.01193142694)
(0 0.01009989094 0.01118613284)
(0 0.0124014496 0.02951529308)
(0 0.04741251145 0.0445038118)
(0 0.04743908829 0.04595180628)
(0 0.04771831148 0.00421673441)
(0 0.02307151738 0.003840756041)
(0 0.04882993631 0.01822430053)
(0 0.04878729048 0.02260525963)
(0 0.01809534048 0.02549563325)
(0 0.02287734965 0.02662745662)
(0 0.02267122087 0.02794900918)
(0 0.02567434146 0.003877730752)
(0 0.02694979755 0.004655496903)
(0 0.03019525473 0.02418055445)
(0 0.006028018933 0.04640539535)
(0 0.004613069336 0.04565448369)
(0 0.05521797291 0.0459772418)
(0 0.04366981166 0.007326549539)
(0 0.04361233645 0.008774433907)
(0 0.03078607477 0.003988896158)
(0 0.03986037114 0.01717877401)
(0 0.02911243898 0.01209375526)
(0 0.05631480307 0.02138627275)
(0 0.04073730314 0.03272196703)
(0 0.01866605441 0.04644644023)
(0 0.01239444319 0.03235112835)
(0 0.01364156715 0.03164909914)
(0 0.02008449579 0.03101624654)
(0 0.02114132621 0.02989985842)
(0 0.01884160618 0.03177694331)
(0 0.0325715432 0.01998726703)
(0 0.03378844582 0.01930064151)
(0 0.03964652912 0.02588252922)
(0 0.05632148139 0.02898450195)
(0 0.05623204187 0.02612124472)
(0 0.05630127053 0.02454517539)
(0 0.04880887247 0.02120987903)
(0 0.02043323677 0.009768892331)
(0 0.02170269866 0.01052074854)
(0 0.003711093952 0.02711840193)
(0 0.003749251872 0.02854682106)
(0 0.003755098777 0.02571634234)
(0 0.03482283964 0.03988629109)
(0 0.0335533771 0.03913413129)
(0 0.01998498692 0.04578781998)
(0 0.01619504016 0.04644026159)
(0 0.037427851 0.0326769135)
(0 0.0476503516 0.02800928569)
(0 0.04379615984 0.04067767506)
(0 0.01118548742 0.02881354942)
(0 0.003686736581 0.03137323058)
(0 0.00359034766 0.03282885018)
(0 0.003694993568 0.01191956446)
(0 0.003661094428 0.01042724721)
(0 0.007571577595 0.02363374511)
(0 0.003512805638 0.03581668536)
(0 0.01925227219 0.01895481392)
(0 0.003503183134 0.03728962917)
(0 0.05388226147 0.03334281179)
(0 0.0061044433 0.03301763114)
(0 0.05389168592 0.01691194578)
(0 0.01471851069 0.04593017408)
(0 0.03963041597 0.01871592799)
(0 0.03853266878 0.01770086231)
(0 0.03141164468 0.01356420834)
(0 0.03153063965 0.0121408938)
(0 0.05160616708 0.003465279317)
(0 0.05650391998 0.01404873436)
(0 0.0565059202 0.01552906664)
(0 0.03994501256 0.02278847675)
(0 0.004924506258 0.00369952143)
(0 0.02327022238 0.03901527385)
(0 0.05653117201 0.01261201493)
(0 0.02047022692 0.003787863989)
(0 0.03579282984 0.009993950761)
(0 0.003581492412 0.0073050887)
(0 0.01947167684 0.02829289668)
(0 0.02949115371 0.004707332639)
(0 0.01087608158 0.0463756491)
(0 0.04266212749 0.03417751112)
(0 0.003699123488 0.00436291857)
(0 0.01740123836 0.02328877422)
(0 0.01091632424 0.02641462458)
(0 0.026740024 0.01199636263)
(0 0.02550434717 0.01272956353)
(0 0.02427315657 0.01202140341)
(0 0.05643741002 0.03626680897)
(0 0.05646879903 0.03478243052)
(0 0.05634855057 0.03769833442)
(0 0.05417603108 0.003574176277)
(0 0.05667702047 0.006654667792)
(0 0.0450558437 0.005399756335)
(0 0.04541914435 0.003960265034)
(0 0.008500703199 0.04339281714)
(0 0.05649299237 0.04373803297)
(0 0.05639764082 0.04213667477)
(0 0.04196158418 0.02031514892)
(0 0.009669047434 0.04561185935)
(0 0.009412409525 0.04722555755)
(0 0.004976346027 0.02502330117)
(0 0.04268805038 0.02952000064)
(0 0.008909379393 0.02304873809)
(0 0.01014513606 0.02395564823)
(0 0.04632960907 0.04221762973)
(0 0.04632003029 0.04068290866)
(0 0.05031303479 0.002670338546)
(0 0.04892114755 0.03058793862)
(0 0.04616589985 0.04524817509)
(0 0.01920264988 0.003031691725)
(0 0.01775063678 0.003835623644)
(0 0.002357803393 0.01117045945)
(0 0.05772057648 0.01491616317)
(0 0.03924399015 0.02463758812)
(0 0.03219459436 0.003357647126)
(0 0.05661187552 0.008154414999)
(0 0.05765575792 0.0298492922)
(0 0.03577361009 0.01150180426)
(0 0.03307145016 0.01143561007)
(0 0.05389186798 0.04663787846)
(0 0.04615367967 0.04693492379)
(0 0.05763308255 0.03546509467)
(0 0.03816499829 0.01893160402)
(0 0.03718992791 0.01814467231)
(0 0.02950382796 0.003200163888)
(0 0.02002623043 0.04423850584)
(0 0.01290005095 0.01987189038)
(0 0.0128700583 0.01844858133)
(0 0.04869995504 0.0467510496)
(0 0.01157636763 0.02208491799)
(0 0.02152547356 0.03160106898)
(0 0.02234842772 0.03054998152)
(0 0.0141450505 0.01777499924)
(0 0.003664263697 0.02426138867)
(0 0.0214501291 0.02839737614)
(0 0.0469792924 0.03169368053)
(0 0.05362290535 0.02457760559)
(0 0.03991863593 0.02985143423)
(0 0.002415318158 0.02635253943)
(0 0.04870521547 0.02399601673)
(0 0.04939212436 0.0254689964)
(0 0.04896613735 0.02658102269)
(0 0.0508796062 0.02459288421)
(0 0.02698326716 0.003122348771)
(0 0.05504144023 0.02374736421)
(0 0.05762432704 0.03129518103)
(0 0.05629473206 0.02297795713)
(0 0.02423909765 0.01347468832)
(0 0.05757451994 0.02081453783)
(0 0.05760694162 0.01938096875)
(0 0.04104583132 0.02216473191)
(0 0.04112140262 0.02356067977)
(0 0.05777375101 0.03385321924)
(0 0.002452730493 0.00948851957)
(0 0.03017196784 0.02557681568)
(0 0.03139697121 0.02629552707)
(0 0.03015127708 0.02697624871)
(0 0.03138743957 0.02770174192)
(0 0.006220880485 0.002748494994)
(0 0.007641809088 0.003636698488)
(0 0.03992328188 0.02009482359)
(0 0.03847612508 0.02541789471)
(0 0.02567011901 0.002436400681)
(0 0.02832047112 0.002343135902)
(0 0.007689754466 0.01403103373)
(0 0.03013791602 0.02838397172)
(0 0.03137608608 0.02910901851)
(0 0.03013940037 0.02980480426)
(0 0.006343428754 0.01482274769)
(0 0.005015308317 0.0156003894)
(0 0.003674428259 0.01488611414)
(0 0.003724882623 0.01631776591)
(0 0.002438910669 0.01557529788)
(0 0.002495887916 0.01405245733)
(0 0.005015448968 0.01707770602)
(0 0.01555051472 0.01848457094)
(0 0.016294098 0.01719457155)
(0 0.01773156663 0.01709415967)
(0 0.01679543427 0.0161200152)
(0 0.004624797033 0.04730859406)
(0 0.003344689527 0.04630851957)
(0 0.003377141697 0.04485027793)
(0 0.01066437187 0.02532721372)
(0 0.01223869814 0.04722083085)
(0 0.01015386104 0.01263902992)
(0 0.02282571769 0.02013957243)
(0 0.0238884328 0.02083525056)
(0 0.02163933986 0.01921058709)
(0 0.02385731959 0.02236426864)
(0 0.02512561463 0.02003793667)
(0 0.05212701316 0.02468220816)
(0 0.01562464383 0.01607714706)
(0 0.02041874117 0.01124436774)
(0 0.02168142914 0.01199146899)
(0 0.03483669628 0.03840792537)
(0 0.0335718247 0.03766257226)
(0 0.03228724869 0.03838632109)
(0 0.03988790404 0.02845552599)
(0 0.02000557298 0.04731412147)
(0 0.02132632964 0.04651354351)
(0 0.01364517797 0.03309883912)
(0 0.01486004446 0.03243792224)
(0 0.01495695023 0.03119677036)
(0 0.02926431101 0.01063832025)
(0 0.04883321066 0.01972410573)
(0 0.02296719359 0.01127488607)
(0 0.01272564209 0.0212524361)
(0 0.05010420159 0.02975222953)
(0 0.003664858914 0.003013615619)
(0 0.002342352929 0.003600366752)
(0 0.05751573923 0.02388502892)
(0 0.03184825242 0.0107069095)
(0 0.0245286082 0.03974021047)
(0 0.0245530818 0.03827819493)
(0 0.05786428631 0.04297550662)
(0 0.001318537395 0.0204796621)
(0 0.001312566788 0.01895809789)
(0 0.002592753882 0.01827914101)
(0 0.04886230056 0.03340654138)
(0 0.03254257869 0.0312272805)
(0 0.008699933374 0.02867093584)
(0 0.01005427402 0.02780999944)
(0 0.04884816595 0.01679067717)
(0 0.04759122196 0.01745546156)
(0 0.046345675 0.01672207371)
(0 0.04647061884 0.01820075228)
(0 0.04528217641 0.01756341999)
(0 0.0450927409 0.01607954429)
(0 0.04376424809 0.01541481971)
(0 0.03861920364 0.03339970115)
(0 0.01152323086 0.0176723787)
(0 0.03866625895 0.0278161222)
(0 0.02581010217 0.03901646289)
(0 0.02583622545 0.03756243634)
(0 0.02708766841 0.03829841902)
(0 0.02712753316 0.03687001815)
(0 0.0283642046 0.03759501007)
(0 0.02838404196 0.03612137867)
(0 0.02726214785 0.03541858251)
(0 0.05546224001 0.002670616082)
(0 0.0567289849 0.003654153935)
(0 0.04863656801 0.02915065697)
(0 0.006456208575 0.02184760299)
(0 0.02035328547 0.01701302293)
(0 0.01492305491 0.03531008014)
(0 0.01490688179 0.03383253272)
(0 0.01611191419 0.0331302813)
(0 0.01622139613 0.03451080787)
(0 0.01742379095 0.0337239296)
(0 0.01731869762 0.03228133944)
(0 0.01620936017 0.03600036652)
(0 0.04636592726 0.03483963346)
(0 0.04495065495 0.03541342963)
(0 0.02808503924 0.009845024465)
(0 0.03610249838 0.04064081408)
(0 0.05872393875 0.02640470985)
(0 0.05742609494 0.02711266136)
(0 0.02834185838 0.03904739469)
(0 0.02967608303 0.0383458923)
(0 0.05155804674 0.002048720428)
(0 0.04233226889 0.009405272738)
(0 0.04336043327 0.01017049461)
(0 0.04469048195 0.009650841146)
(0 0.04103059667 0.0101713025)
(0 0.03977173373 0.009339991116)
(0 0.03976968054 0.007913384754)
(0 0.03846660044 0.008630559964)
(0 0.03840620095 0.01014235569)
(0 0.03709746795 0.009290715598)
(0 0.03716681797 0.007847298908)
(0 0.02255036412 0.03256724564)
(0 0.01386773363 0.03017517452)
(0 0.04252418085 0.04141839006)
(0 0.01915437289 0.009012240232)
(0 0.01785104729 0.009732352173)
(0 0.05004037408 0.02046609778)
(0 0.02450994534 0.04121647572)
(0 0.03740347658 0.03991950266)
(0 0.0342064138 0.01222257993)
(0 0.009953644286 0.02941850022)
(0 0.02068836558 0.04044486656)
(0 0.01941350053 0.04114158802)
(0 0.02084442192 0.03895413477)
(0 0.01955220772 0.04264222463)
(0 0.02506331848 0.03116161901)
(0 0.01761631629 0.02197656436)
(0 0.03132919294 0.0206695706)
(0 0.03008509917 0.01994968927)
(0 0.03008588378 0.02135782168)
(0 0.03016843041 0.02276846652)
(0 0.02890737592 0.02345215508)
(0 0.02886156728 0.02765495185)
(0 0.01011671945 0.009705417909)
(0 0.01139900139 0.01044571953)
(0 0.01142007549 0.008959057849)
(0 0.0127078624 0.01117591444)
(0 0.008981849872 0.02047325235)
(0 0.04077006565 0.001329233744)
(0 0.04156053829 0.002653693413)
(0 0.04306128306 0.002659838116)
(0 0.04383305155 0.001344075302)
(0 0.04014442355 0.002660519617)
(0 0.0385274387 0.002806312432)
(0 0.0377031733 0.001356212033)
(0 0.03686684587 0.002658868346)
(0 0.03538836362 0.002653355276)
(0 0.0192186 0.001513959979)
(0 0.03769394979 0.04867145634)
(0 0.0384604208 0.04734779321)
(0 0.03999420333 0.04739620071)
(0 0.03926711969 0.04624594684)
(0 0.03776204889 0.0460733603)
(0 0.04076656813 0.04867877508)
(0 0.04156739335 0.04738649763)
(0 0.04306547588 0.04734178234)
(0 0.04384036962 0.04866658511)
(0 0.04455480059 0.04733348087)
(0 0.04692126136 0.04841500412)
(0 0.03694091761 0.04735527466)
(0 0.0354045212 0.04734577126)
(0 0.03631297629 0.04602898842)
(0 0.03472153253 0.0458118511)
(0 0.03387676327 0.04730916975)
(0 0.03313542501 0.04601014021)
(0 0.02230639129 0.04874217388)
(0 0.02285307282 0.04728749977)
(0 0.02456198455 0.047334353)
(0 0.0238305001 0.04612353574)
(0 0.025302373 0.04614329451)
(0 0.02611681669 0.04732991898)
(0 0.02693453609 0.04582299372)
(0 0.01921717293 0.04871267777)
(0 0.02231644799 0.001263009023)
(0 0.0216481161 0.002770915894)
(0 0.03150453717 0.001232646775)
(0 0.03153768988 0.04867198172)
(0 0.03078291735 0.04734043282)
(0 0.02924653864 0.04734497298)
(0 0.03002360115 0.04602108348)
(0 0.02848993363 0.04602425458)
(0 0.02927845392 0.04483978691)
(0 0.03071841948 0.04479941152)
(0 0.02769670389 0.04731043292)
(0 0.0323375258 0.0473308259)
(0 0.03158764325 0.04600819507)
(0 0.03230350511 0.04455568854)
(0 0.02005406408 0.03393511838)
(0 0.02885364123 0.03047893476)
(0 0.03498711771 0.01718231088)
(0 0.03754622355 0.0157273768)
(0 0.01613830278 0.001321543148)
(0 0.01537831195 0.002650779794)
(0 0.0138501176 0.002634347136)
(0 0.01460487656 0.003872054316)
(0 0.01612897747 0.003863012385)
(0 0.0130788991 0.001326847137)
(0 0.0123125036 0.002630648559)
(0 0.0107903193 0.002631159491)
(0 0.01152493574 0.004175384487)
(0 0.01000902083 0.001335055412)
(0 0.009081142126 0.002799362446)
(0 0.01599233007 0.04870913463)
(0 0.05020434411 0.008710020032)
(0 0.04890693328 0.009437846456)
(0 0.05019837734 0.01020907979)
(0 0.0476184261 0.008638647377)
(0 0.0476472609 0.01017233348)
(0 0.04002033368 0.01582331521)
(0 0.04132559847 0.01523630422)
(0 0.03461587049 0.001314168624)
(0 0.03370862326 0.002632437051)
(0 0.03745877536 0.0284427485)
(0 0.008479403935 0.001341698813)
(0 0.01400351942 0.01044126985)
(0 0.05002289184 0.04148300447)
(0 0.04879158366 0.04070802466)
(0 0.05003882291 0.03998299872)
(0 0.001309010647 0.03408545477)
(0 0.001312866907 0.03559641718)
(0 0.001262298172 0.03106132874)
(0 0.001299520438 0.02956686959)
(0 0.002490244092 0.03048914585)
(0 0.01239235046 0.0338142614)
(0 0.0358501208 0.008555089366)
(0 0.006244439521 0.02573879771)
(0 0.02300026469 0.009798929832)
(0 0.04123395393 0.04067808394)
(0 0.01306546155 0.04865788924)
(0 0.01385905055 0.04735503021)
(0 0.04692354863 0.001311627332)
(0 0.0461054109 0.00260493838)
(0 0.02537104936 0.01419682005)
(0 0.05873629532 0.03871157349)
(0 0.001257099081 0.03863362503)
(0 0.001302188046 0.04014876949)
(0 0.002624319573 0.04090637841)
(0 0.002416919268 0.04248056986)
(0 0.002528162693 0.03938663069)
(0 0.03196018506 0.009220839243)
(0 0.05877107837 0.01135899664)
(0 0.05877124271 0.009849721817)
(0 0.05767981207 0.01054530055)
(0 0.02427418356 0.01055182991)
(0 0.03997175578 0.03557023719)
(0 0.04128856436 0.03491623303)
(0 0.04248568635 0.03556727797)
(0 0.005387057184 0.04873431958)
(0 0.05462620423 0.04873905152)
(0 0.005410348145 0.001330869588)
(0 0.05464064386 0.001268499817)
(0 0.02297637515 0.01273349388)
(0 0.0346254422 0.04866596034)
(0 0.03378681319 0.01787715704)
(0 0.02536866193 0.04866724002)
(0 0.03226029943 0.03985854474)
(0 0.03098545947 0.03910172146)
(0 0.03100756679 0.03764176901)
(0 0.03495487106 0.01860631649)
(0 0.03501764969 0.02002460049)
(0 0.05639865419 0.033275138)
(0 0.02966924763 0.03981732249)
(0 0.05870976816 0.04017134138)
(0 0.05746354747 0.03965501039)
(0 0.01 0.04866765322)
(0 0.00849219518 0.04865952967)
(0 0.007572659247 0.04725964161)
(0 0.04999795782 0.04866883228)
(0 0.05153519557 0.04868471996)
(0 0.05083025782 0.0474460758)
(0 0.05248161947 0.04739588213)
(0 0.03009390039 0.01853487194)
(0 0.02885604344 0.01923033042)
(0 0.01824563026 0.02785985881)
(0 0.01922119964 0.02707021222)
(0 0.006243139144 0.008939451555)
(0 0.03250859627 0.03265494581)
(0 0.02846530824 0.04866583582)
(0 0.04000575119 0.03140381844)
(0 0.01357487323 0.04045602914)
(0 0.05742780141 0.04099078507)
(0 0.01095709226 0.04190629985)
(0 0.01100137925 0.04040951199)
(0 0.05149642012 0.009481493548)
(0 0.0501968794 0.01170210848)
(0 0.0400427651 0.03398244472)
(0 0.04510319254 0.01457405236)
(0 0.05133126485 0.04073697021)
(0 0.05006356836 0.03848993452)
(0 0.05145184557 0.01245674962)
(0 0.008561872801 0.03892167977)
(0 0.03261650095 0.02559975255)
(0 0.05135565531 0.03775656303)
(0 0.04362837359 0.0288220185)
(0 0.03379595738 0.02911431035)
(0 0.001312159703 0.04318181818)
(0 0.001269390673 0.006752729496)
(0 0.002626696173 0.006060606061)
(0 0.0586878403 0.006818181818)
(0 0.02523327262 0.02410208867)
(0 0.02420258997 0.02471234386)
(0 0.01737432067 0.04121566731)
(0 0.05873617813 0.04622128853)
(0 0.05752913511 0.0472174257)
(0 0.001312159703 0.04621212121)
(0 0.05873449806 0.003788736561)
(0 0.03261964638 0.02139616887)
(0 0.04458268153 0.002713742262)
(0 0.02508676469 0.02972643423)
(0 0.02385232323 0.02890893897)
(0 0.01941139786 0.02511023547)
(0 0.04099992696 0.004082136352)
(0 0.03506268608 0.02281725523)
(0 0.0251724653 0.02690030511)
(0 0.008516073783 0.0419016702)
(0 0.008580831943 0.03745589763)
(0 0.009834723022 0.03818032838)
(0 0.02237995759 0.02289137939)
(0 0.05667180722 0.005167854089)
(0 0.007567490639 0.005178034441)
(0 0.002614963735 0.01976208551)
(0 0.02644871022 0.01637648998)
(0 0.03382337823 0.02630822958)
(0 0.05639250744 0.04516729967)
(0 0.02561077787 0.006879720515)
(0 0.04419877521 0.03413312517)
(0 0.03350186785 0.0435803779)
(0 0.02030024401 0.01268883614)
(0 0.05263545657 0.044488442)
(0 0.004747053923 0.04105041567)
(0 0.003726667327 0.0133900253)
(0 0.004648942485 0.04416487236)
(0 0.02406447925 0.01490453783)
(0 0.02153561407 0.01343371452)
(0 0.05286819545 0.005751649062)
(0 0.05522698201 0.04148207295)
(0 0.02040540343 0.01979401323)
(0 0.05536572534 0.008807910028)
(0 0.04897689625 0.004934507568)
(0 0.03137690601 0.01499805152)
(0 0.03505225381 0.02142838807)
(0 0.04636101835 0.0153030718)
(0 0.03620993599 0.03339108502)
(0 0.02850119847 0.04361198611)
(0 0.01400412964 0.006048867238)
(0 0.03260532453 0.02700014668)
(0 0.0399508558 0.04426000209)
(0 0.05010931706 0.04615838122)
(0 0.01914365904 0.01048377545)
(0 0.008850820498 0.005943438371)
(0 0.05513337668 0.03848785502)
(0 0.01480503986 0.04423923238)
(0 0.004766187193 0.03807800007)
(0 0.05527602795 0.01185521592)
(0 0.03861575639 0.04360803489)
(0 0.02947238477 0.006200896384)
(0 0.01781561399 0.01119666047)
(0 0.004949005862 0.009684254853)
(0 0.01361282666 0.03897943162)
(0 0.02358776597 0.03619689853)
(0 0.02441752697 0.003214930129)
(0 0.0550690596 0.02215663152)
(0 0.009848656374 0.03672125199)
(0 0.007381551835 0.03230216017)
(0 0.03334827274 0.0055306835)
(0 0.007716588212 0.01694204399)
(0 0.01531237893 0.006771422342)
(0 0.05634719641 0.0184689895)
(0 0.02176033857 0.006070188098)
(0 0.05260942711 0.03261556738)
(0 0.01735091398 0.03972323693)
(0 0.03621414335 0.03196399639)
(0 0.04237828823 0.04599816437)
(0 0.004964492264 0.02933410132)
(0 0.04123073618 0.03920969284)
(0 0.05260780968 0.01761496489)
(0 0.0123186084 0.03969382074)
(0 0.02884183576 0.02063980603)
(0 0.01791087281 0.00535943415)
(0 0.04635416546 0.03325347061)
(0 0.03743979738 0.03845445654)
(0 0.03602628179 0.003998598377)
(0 0.05383243609 0.02896532047)
(0 0.006273345202 0.02440062337)
(0 0.01114282528 0.03307362545)
(0 0.02769729734 0.01568625213)
(0 0.04903370715 0.003482456814)
(0 0.04770202293 0.002651041659)
(0 0.05378948127 0.02132292057)
(0 0.0361004896 0.03917515009)
(0 0.04292150216 0.0211797156)
(0 0.01689204799 0.00264346727)
(0 0.02690791767 0.006159145879)
(0 0.04630521175 0.0392056096)
(0 0.05008969858 0.0370115445)
(0 0.05018637259 0.01318491404)
(0 0.01281265373 0.0169734772)
(0 0.05289397798 0.004249438574)
(0 0.03854306219 0.004310612178)
(0 0.04260299451 0.01454205555)
(0 0.03259324576 0.02840631999)
(0 0.04377212373 0.03920865034)
(0 0.03743912482 0.03411603333)
(0 0.03264295186 0.01430657236)
(0 0.0135145928 0.04492840321)
(0 0.04613954304 0.009391292045)
(0 0.03618950072 0.01933213875)
(0 0.008862760598 0.004437003345)
(0 0.02889946389 0.02485260785)
(0 0.02174791086 0.004519501058)
(0 0.007361498045 0.0337644884)
(0 0.05261547826 0.03408023044)
(0 0.02214824701 0.03826617836)
(0 0.05390037433 0.03481649227)
(0 0.03494257026 0.03697738585)
(0 0.05264266281 0.01615376233)
(0 0.02708365666 0.03977310271)
(0 0.006070059838 0.03448735647)
(0 0.05393943638 0.01544375438)
(0 0.0140277936 0.01190818386)
(0 0.01110570282 0.03746578336)
(0 0.05504879008 0.02824151004)
(0 0.02820603174 0.005435058332)
(0 0.03367861014 0.03624320276)
(0 0.003697906879 0.008883586374)
(0 0.0127176628 0.01262328582)
(0 0.05516536252 0.03405816609)
(0 0.01744340239 0.03523787425)
(0 0.03257282854 0.02981375239)
(0 0.004815644746 0.03370791978)
(0 0.03280885098 0.01288738184)
(0 0.04250849391 0.03994578725)
(0 0.05519057899 0.01621543862)
(0 0.04882216759 0.03773771744)
(0 0.04892710904 0.0124193526)
(0 0.02965610238 0.03689825241)
(0 0.03236039216 0.03693492239)
(0 0.01532792013 0.00526127389)
(0 0.03343121599 0.004122029064)
(0 0.02863769375 0.03474027394)
(0 0.01744142861 0.04707073984)
(0 0.003555456425 0.03428622286)
(0 0.05640223879 0.01698309393)
(0 0.03133084641 0.03051295175)
(0 0.02742634081 0.03399288178)
(0 0.05765443656 0.01639238481)
(0 0.05635989037 0.03186732309)
(0 0.01142231877 0.01190389652)
(0 0.03006911645 0.03120290144)
(0 0.0449204073 0.008224669319)
(0 0.0400641408 0.01440160645)
(0 0.04881142049 0.03921459066)
(0 0.04892278647 0.01093450416)
(0 0.01020906198 0.01407129576)
(0 0.02824242487 0.003910589406)
(0 0.02362676827 0.03044474537)
(0 0.04505428626 0.03994708044)
(0 0.01107143166 0.03893037126)
(0 0.00753325849 0.01262083174)
(0 0.01874287421 0.03324599202)
(0 0.03381717731 0.02070818013)
(0 0.04641477766 0.01094638922)
(0 0.04747560638 0.0231911351)
(0 0.05286988712 0.002832382978)
(0 0.02396343029 0.02754704215)
(0 0.02251503257 0.02935831827)
(0 0.05770202174 0.04870536911)
(0 0.002345323711 0.04882581296)
(0 0.05772022658 0.00143254026)
(0 0.002222598376 0.001238093138)
(0 0.05015412144 0.001289202772)
(0 0.04247324183 0.01616214166)
(0 0.05266130067 0.04594011453)
(0 0.03880674784 0.02344779269)
(0 0.04366231361 0.005833334526)
(0 0.009803154324 0.03965003288)
(0 0.02279124288 0.0185210116)
(0 0.04755799955 0.03995138323)
(0 0.03101439662 0.00256431707)
(0 0.03747740522 0.02010799534)
(0 0.03110077021 0.03620978912)
(0 0.05500742036 0.04737089021)
(0 0.006369756553 0.01627404809)
(0 0.009779487789 0.04113877492)
(0 0.04098941301 0.03057309618)
(0 0.04361959279 0.03034817301)
(0 0.02009434078 0.03246293009)
(0 0.04757351597 0.02184811148)
(0 0.009753111644 0.04264224425)
(0 0.0123034264 0.02816161555)
(0 0.01357887391 0.02872181415)
(0 0.01311067398 0.0038640618)
(0 0.04378590383 0.0041914513)
(0 0.023100907 0.04483032239)
(0 0.04747294272 0.04309361945)
(0 0.008896066211 0.01334442526)
(0 0.0164316169 0.01480476517)
(0 0.04622783584 0.04373768642)
(0 0.005175037114 0.01842291591)
(0 0.01840459447 0.02421169624)
(0 0.009710130997 0.04413210722)
(0 0.01907303431 0.01759361932)
(0 0.008460496205 0.04486698375)
(0 0.0398469989 0.02715608946)
(0 0.02513467733 0.02144185588)
(0 0.04766478878 0.01900020052)
(0 0.02654206038 0.01491798189)
(0 0.01871311377 0.02289134271)
(0 0.05656853647 0.009597975182)
(0 0.04753774046 0.04148341714)
(0 0.0501098245 0.02674850441)
(0 0.04492705764 0.04596819631)
(0 0.03871532592 0.01641500083)
(0 0.02662984618 0.01347934151)
(0 0.02332629906 0.002383782199)
(0 0.01008967538 0.003839351331)
(0 0.04777578548 0.02677569354)
(0 0.0310080125 0.04342627651)
(0 0.002363507785 0.02421502886)
(0 0.003465680947 0.04335734013)
(0 0.04498554802 0.04444818161)
(0 0.02334516891 0.02372227768)
(0 0.02797927233 0.01132350804)
(0 0.02786219869 0.01277613696)
(0 0.02408155806 0.02614912339)
(0 0.05757086973 0.02238913719)
(0 0.04775128248 0.0326824303)
(0 0.001279315081 0.02675182813)
(0 0.02573187866 0.04482112776)
(0 0.0101835577 0.02255661426)
(0 0.01520514189 0.04745269133)
(0 0.03043016988 0.01139766706)
(0 0.05749658053 0.02548840898)
(0 0.02612693718 0.0347359316)
(0 0.0012443354 0.01457545897)
(0 0.05877902161 0.02331527913)
(0 0.05884955035 0.02034774745)
(0 0.002484072997 0.02766781874)
(0 0.02597447894 0.036226838)
(0 0.00382374282 0.01770273524)
(0 0.02042182567 0.02763093998)
(0 0.04760230727 0.03037729785)
(0 0.002717502381 0.01268225889)
(0 0.04766260787 0.02043563966)
(0 0.01858983197 0.04360517869)
(0 0.02468982042 0.03697702612)
(0 0.0009470516014 0.01132500098)
(0 0.02038888065 0.01838745158)
(0 0.001190536505 0.01000252831)
(0 0.05879487428 0.01877073304)
(0 0.02536629796 0.001101910468)
(0 0.03882276572 0.04503167039)
(0 0.02246088025 0.0459989492)
(0 0.05622699203 0.02758540831)
(0 0.008471959492 0.04612677305)
(0 0.04893660194 0.02774473101)
(0 0.0423825156 0.02375032053)
(0 0.002517066904 0.01691327353)
(0 0.02077001122 0.04305306677)
(0 0.00371693441 0.02993572544)
(0 0.02341160884 0.03769346938)
(0 0.01132636793 0.02761158599)
(0 0.04091568326 0.01953144044)
(0 0.008998178721 0.02179672705)
(0 0.03609327637 0.01785644607)
(0 0.002367041593 0.03185080511)
(0 0.0576108021 0.01788028732)
(0 0.01116690692 0.02328411724)
(0 0.002697103764 0.008228396397)
(0 0.009727213176 0.02645975125)
(0 0.05896456061 0.02954545455)
(0 0.01797804671 0.01555410804)
(0 0.01624637322 0.02232852601)
(0 0.02143192853 0.04521430463)
(0 0.04235788548 0.003728077041)
(0 0.01330373185 0.02741543877)
(0 0.04338730728 0.02746189485)
(0 0.007669262511 0.002371720303)
(0 0.002329611478 0.03333273174)
(0 0.05889588073 0.03097157502)
(0 0.003808898394 0.005829270819)
(0 0.001227255802 0.01613137224)
(0 0.0210840996 0.03740588477)
(0 0.001103025701 0.003850204934)
(0 0.0128145362 0.02239546567)
(0 0.01474005438 0.02793222702)
(0 0.0179793621 0.02666565348)
(0 0.04624589043 0.02231892049)
(0 0.04543945274 0.01891635096)
(0 0.03738782637 0.01705079946)
(0 0.03866048031 0.02658599012)
(0 0.01163183462 0.024401893)
(0 0.0589559625 0.01588096364)
(0 0.04076116542 0.04633306991)
(0 0.04222529239 0.03067924155)
(0 0.002331902382 0.03485775128)
(0 0.01978001304 0.03827380699)
(0 0.002498287353 0.0290627848)
(0 0.01777103376 0.03108996112)
(0 0.03368442982 0.04484820739)
(0 0.002301822894 0.0363592735)
(0 0.03531829032 0.01297378798)
(0 0.05739159712 0.03254454326)
(0 0.04500094269 0.006812108461)
(0 0.03736158933 0.02573881825)
(0 0.01332324962 0.04620391242)
(0 0.003084155303 0.04765630719)
(0 0.05896215654 0.01436713128)
(0 0.00773711618 0.02243647694)
(0 0.00232839623 0.03788430546)
(0 0.01961979034 0.03969472146)
(0 0.0365263702 0.01253036609)
(0 0.006107148255 0.04768648333)
(0 0.05876459466 0.03476474019)
(0 0.02304760468 0.02526725408)
(0 0.003584630854 0.03861874769)
(0 0.01078522909 0.04765968293)
(0 0.05771274387 0.01348341518)
(0 0.05760879443 0.03680559743)
(0 0.04358147853 0.03512792754)
(0 0.03591488157 0.04482600533)
(0 0.03689508998 0.01052831006)
(0 0.05678509006 0.002414262572)
(0 0.004792808093 0.002445191966)
(0 0.02029769045 0.002482231362)
(0 0.03957010302 0.03267635656)
(0 0.05769480506 0.01207901477)
(0 0.003578208103 0.04014255175)
(0 0.0562148483 0.03920186231)
(0 0.02839561344 0.001035882808)
(0 0.05621789757 0.04069082202)
(0 0.003578188524 0.04173372589)
(0 0.01810658988 0.002484994164)
(0 0.01844209869 0.04038650506)
(0 0.05755879137 0.02850909888)
(0 0.03463343214 0.00363666266)
(0 0.05647823239 0.01126801681)
(0 0.002469392586 0.004842997846)
(0 0.006336504037 0.02311243802)
(0 0.002353199666 0.04400358688)
(0 0.02153793826 0.04771736373)
(0 0.01851977514 0.04767629747)
(0 0.04538643265 0.03411135377)
(0 0.02804034636 0.04490684235)
(0 0.04379285521 0.04637337149)
(0 0.05905654105 0.04318181818)
(0 0.05773697341 0.009071924276)
(0 0.01817231401 0.01823617227)
(0 0.05741785566 0.04441850099)
(0 0.01514042615 0.01714895835)
(0 0.04458432343 0.02943204616)
(0 0.05883836191 0.03593456624)
(0 0.01843842291 0.04187620104)
(0 0.03902055356 0.0111634736)
(0 0.04094276436 0.02085414248)
(0 0.05757829824 0.03819126148)
(0 0.00232135537 0.04549468563)
(0 0.01591578611 0.03198435185)
(0 0.05153018895 0.04642656552)
(0 0.03744741919 0.003740194862)
(0 0.04755028666 0.0472768728)
(0 0.002551310573 0.002437037415)
(0 0.004951596211 0.02377526707)
(0 0.05888849349 0.04889488272)
(0 0.001111506511 0.04889488272)
(0 0.05888849349 0.00110511728)
(0 0.001063787478 0.001063824629)
(0 0.0577302125 0.007532783694)
(0 0.04442725115 0.01828998064)
(0 0.04961283445 0.04752342769)
(0 0.04137223856 0.03373130844)
(0 0.03960343855 0.003769992911)
(0 0.04921028908 0.002246269659)
(0 0.04172826054 0.02451447164)
(0 0.05400409778 0.002341694331)
(0 0.04158038201 0.01116962904)
(0 0.05749966457 0.0457046408)
(0 0.05625964696 0.04664125009)
(0 0.01384873515 0.004841829898)
(0 0.009590423108 0.02515176327)
(0 0.04661118145 0.003722072039)
(0 0.04676108527 0.02709016617)
(0 0.05774011735 0.00601993176)
(0 0.01680455373 0.004888736173)
(0 0.04419837723 0.01105176451)
(0 0.02437070693 0.02339076461)
(0 0.0577614336 0.004508702451)
(0 0.004017995436 0.02309122446)
(0 0.02991536738 0.0438682613)
(0 0.002275414846 0.04673791172)
(0 0.04534527957 0.01053265223)
(0 0.05784824476 0.00303030303)
(0 0.04007233126 0.02386726798)
(0 0.05899139108 0.03376401381)
(0 0.0323047737 0.002144883134)
(0 0.05142573454 0.02369101235)
(0 0.0419027373 0.02149585504)
(0 0.01648009877 0.04764363022)
(0 0.002702643471 0.02521451679)
(0 0.05154413104 0.0008579423011)
(0 0.01501782113 0.01511838883)
(0 0.03969926416 0.01046126878)
(0 0.002347459507 0.007205509231)
(0 0.05045230157 0.02552795188)
(0 0.05384766213 0.04787693008)
(0 0.01891527842 0.02604072952)
(0 0.04227840093 0.01050181529)
(0 0.02043483371 0.02882945449)
(0 0.03884575189 0.01974610085)
(0 0.04006577128 0.04541333134)
(0 0.04989728038 0.02440695652)
(0 0.02279045997 0.03149603096)
(0 0.02460679181 0.002057911459)
(0 0.03717733904 0.0191492239)
(0 0.05274984198 0.02566095295)
(0 0.02458905857 0.04526565385)
(0 0.04802186791 0.03135826327)
(0 0.01525429509 0.03013268447)
(0.0986878403 0 0.025)
(0.001351494773 0 0.02490395394)
(0.0638462058 0 0.04866763198)
(0.05 0 0.001332346775)
(0.07306565624 0 0.001325832733)
(0.03153846154 0 0.001332346775)
(0.04075762329 0 0.001328360894)
(0.05921947335 0 0.001325823221)
(0.05461538848 0 0.04866764417)
(0.04538463985 0 0.04866764159)
(0.02692247402 0 0.04866480818)
(0.03615388442 0 0.04866763535)
(0.07305888234 0 0.04877241954)
(0.02379324292 0 0.001352110982)
(0.08073099968 0 0.001353326269)
(0.019229091 0 0.0486664859)
(0.08078843283 0 0.04867902634)
(0.001368472091 0 0.01758370284)
(0.09871046815 0 0.01751458885)
(0.09874386579 0 0.03258823286)
(0.001123356996 0 0.03254653272)
(0.01615280401 0 0.00133221545)
(0.06538461538 0 0.001332346775)
(0.08692307692 0 0.001332346775)
(0.01307774763 0 0.04868425967)
(0.08681534866 0 0.0487966545)
(0.001130291883 0 0.01134176805)
(0.09868914117 0 0.01128488499)
(0.09855773638 0 0.03865635455)
(0.001341869338 0 0.03874785473)
(0.009999065839 0 0.001332400282)
(0.0453730687 0 0.001330568011)
(0.05923080455 0 0.04866763529)
(0.03153856488 0 0.0486676028)
(0.05000000803 0 0.04866765791)
(0.05461538462 0 0.001332346775)
(0.0407692611 0 0.04866763979)
(0.03615384615 0 0.001332346775)
(0.06843184874 0 0.0487651348)
(0.0914678161 0 0.04881778598)
(0.09143595773 0 0.001467762682)
(0.008410793992 0 0.04876253315)
(0.001211189076 0 0.006884213338)
(0.001317117678 0 0.04320012908)
(0.09874346653 0 0.0431795313)
(0.09873871275 0 0.0067078036)
(0.005381633403 0 0.00133204984)
(0.01306239038 0 0.001339637791)
(0.005360245834 0 0.04869285798)
(0.09461535327 0 0.04873313922)
(0.09461538462 0 0.001332346775)
(0.01921360995 0 0.001351272274)
(0.01615337254 0 0.04866794421)
(0.08373934314 0 0.04873162359)
(0.08384615385 0 0.001332346775)
(0.077596446 0 0.04873688922)
(0.02230643059 0 0.0486653213)
(0.07764069915 0 0.001365057954)
(0.02692307692 0 0.001332346775)
(0.06230769231 0 0.001332346775)
(0.06846153846 0 0.001332346775)
(0.001339240748 0 0.02045727519)
(0.09875638444 0 0.02198527094)
(0.001353489691 0 0.028170178)
(0.09856203616 0 0.02807344756)
(0.001355900433 0 0.03548003453)
(0.0986878403 0 0.03560606061)
(0.001365194623 0 0.01429521696)
(0.0986878403 0 0.01439393939)
(0.001370110509 0 0.003667668982)
(0.0987108352 0 0.04616823458)
(0.0986878403 0 0.003787878788)
(0.00102019696 0 0.0462104771)
(0.002315521682 0 0.00128658111)
(0.09767615036 0 0.04882027482)
(0.09768404846 0 0.001286677797)
(0.002315951539 0 0.0487133222)
(0.003846553043 0 0.001322916351)
(0.004612029814 0 0.002658027347)
(0.006145317924 0 0.002662518935)
(0.005376376301 0 0.003986600743)
(0.006907045655 0 0.003990712687)
(0.006139159439 0 0.005313934498)
(0.007668177621 0 0.00531747382)
(0.006901004276 0 0.006639470977)
(0.008428928645 0 0.006643283069)
(0.007654457508 0 0.007968508993)
(0.009186172579 0 0.007970001444)
(0.008413218472 0 0.009294112982)
(0.009947791579 0 0.009293841986)
(0.009180669646 0 0.01061427221)
(0.01070706869 0 0.01061871296)
(0.009934808891 0 0.01194198037)
(0.0114670063 0 0.01194319382)
(0.01069393718 0 0.01326712283)
(0.01222599119 0 0.01326829902)
(0.0114535143 0 0.01460480159)
(0.01298549926 0 0.01459536398)
(0.01220161488 0 0.01594569506)
(0.01374619352 0 0.01592186107)
(0.01296716561 0 0.01725683344)
(0.01450782719 0 0.01724490549)
(0.01374038196 0 0.01856668903)
(0.01527202951 0 0.01856584165)
(0.01450365617 0 0.01988947165)
(0.01603313428 0 0.01989201073)
(0.01526512734 0 0.02121461793)
(0.01679455132 0 0.02121788316)
(0.01602646092 0 0.02254051382)
(0.01755632033 0 0.02254461964)
(0.01832479084 0 0.0212213246)
(0.01908699097 0 0.02254879319)
(0.01985572684 0 0.02122456717)
(0.02061832206 0 0.02255284855)
(0.02138742328 0 0.02122808424)
(0.02215031292 0 0.02255680959)
(0.022919821 0 0.02123152975)
(0.0236830382 0 0.02256080582)
(0.02445283031 0 0.02123498893)
(0.02521631445 0 0.02256479036)
(0.02598648426 0 0.02123848008)
(0.02675026526 0 0.02256875859)
(0.02752061329 0 0.02124200206)
(0.02828462602 0 0.02257274495)
(0.02905524882 0 0.02124555475)
(0.02981842335 0 0.02257541627)
(0.03059008418 0 0.02125747515)
(0.03135343712 0 0.02257818987)
(0.03213294849 0 0.02126663657)
(0.03289126107 0 0.02258408816)
(0.03367031117 0 0.02126289062)
(0.03442605172 0 0.02258827991)
(0.03519885746 0 0.02126997619)
(0.03596080494 0 0.02259030687)
(0.03674149122 0 0.02127842829)
(0.03749917574 0 0.02259582881)
(0.03827941034 0 0.02127416599)
(0.03903522549 0 0.02259983085)
(0.0398084094 0 0.02128128011)
(0.04057058029 0 0.02260173211)
(0.04135185038 0 0.02128988407)
(0.04210984664 0 0.02260720812)
(0.04289041194 0 0.02128537998)
(0.04364793902 0 0.02261245194)
(0.04441994685 0 0.02129276419)
(0.04518410236 0 0.02261711187)
(0.04596406867 0 0.0213019968)
(0.04672245538 0 0.02262199599)
(0.04750284678 0 0.02129730408)
(0.04825848761 0 0.02262301114)
(0.04903212995 0 0.02130403697)
(0.04979460883 0 0.02262468613)
(0.050576541 0 0.02131275953)
(0.05133418958 0 0.02263017431)
(0.0521157535 0 0.02130792832)
(0.05287328594 0 0.02263531361)
(0.05364564587 0 0.02131538598)
(0.0544100441 0 0.02263994211)
(0.05519051012 0 0.02132479247)
(0.05594894297 0 0.02264480762)
(0.05672981378 0 0.02131985398)
(0.05748566299 0 0.02264635371)
(0.05825936605 0 0.02131685157)
(0.05902337073 0 0.02264917593)
(0.05979595627 0 0.0213193064)
(0.06056369767 0 0.02265172763)
(0.06133417153 0 0.02132263192)
(0.06209999463 0 0.02265646927)
(0.06287188704 0 0.02132652344)
(0.06363773099 0 0.02266040276)
(0.06441000599 0 0.02133031786)
(0.06517575628 0 0.02266417345)
(0.06594806318 0 0.02133410192)
(0.06671370957 0 0.02266787791)
(0.06748602675 0 0.02133783833)
(0.06825130547 0 0.02267153516)
(0.06902336598 0 0.02134187058)
(0.06978850793 0 0.02267487514)
(0.07056020238 0 0.02134607374)
(0.07132503467 0 0.02267798201)
(0.07209611219 0 0.02135011822)
(0.07286049263 0 0.02268120685)
(0.07363111233 0 0.02135417745)
(0.07439498639 0 0.02268414627)
(0.07516510829 0 0.02135824251)
(0.02444611322 0 0.02388998069)
(0.03365194956 0 0.02390756056)
(0.01831773593 0 0.02387083096)
(0.04287370122 0 0.02393448656)
(0.05209879614 0 0.02395787141)
(0.07055430806 0 0.02400653776)
(0.06133187457 0 0.02398155715)
(0.07592844777 0 0.02268732514)
(0.0766931335 0 0.02136488788)
(0.07745572577 0 0.0226939934)
(0.07669052019 0 0.02401636183)
(0.07821827766 0 0.02402256245)
(0.07745339708 0 0.02534478684)
(0.07823344501 0 0.02139674056)
(0.07898123237 0 0.02535059573)
(0.07821637912 0 0.02667328747)
(0.07974387075 0 0.02667857231)
(0.0789793399 0 0.02800108511)
(0.08050673543 0 0.02800605249)
(0.07974229939 0 0.02932798945)
(0.07593845293 0 0.02004779721)
(0.05750728059 0 0.02000496992)
(0.0812692172 0 0.02933338667)
(0.06980421065 0 0.02002709896)
(0.04828563076 0 0.02000008384)
(0.03906144948 0 0.01997679949)
(0.06365405382 0 0.0200106554)
(0.02983506447 0 0.01994821137)
(0.08128351377 0 0.02670599051)
(0.02368907547 0 0.01991223576)
(0.08050465698 0 0.03065512539)
(0.07897433425 0 0.03065175803)
(0.08203507353 0 0.03065805553)
(0.01451162412 0 0.01459905323)
(0.07973706934 0 0.03197924857)
(0.07820555717 0 0.03197623402)
(0.02904815282 0 0.02389992004)
(0.06594184054 0 0.02399706743)
(0.03826063496 0 0.02391918732)
(0.0344515647 0 0.01996514461)
(0.04748636557 0 0.02395237755)
(0.04367300377 0 0.01998841905)
(0.05671307224 0 0.02397546742)
(0.05289906552 0 0.02001150608)
(0.07896865181 0 0.03330465736)
(0.07743637117 0 0.03330162374)
(0.01449730513 0 0.02253678713)
(0.07819998121 0 0.03463051041)
(0.07666709587 0 0.03462763988)
(0.07973203963 0 0.03463290372)
(0.07896364097 0 0.03595946827)
(0.08049623255 0 0.03596197965)
(0.01222834555 0 0.01062524578)
(0.07590334926 0 0.03329810322)
(0.07513364885 0 0.03462462667)
(0.07436962449 0 0.0332944624)
(0.07359953879 0 0.03462129818)
(0.07436396583 0 0.03595178762)
(0.07282936357 0 0.03594858942)
(0.07206483148 0 0.03461776302)
(0.07129433717 0 0.03594544676)
(0.07052950295 0 0.03461409521)
(0.06976287935 0 0.03593994963)
(0.06899443274 0 0.0346101421)
(0.06822771112 0 0.03593477259)
(0.0674593314 0 0.03460729607)
(0.0666876045 0 0.03593375275)
(0.06592233985 0 0.03460616907)
(0.06515443212 0 0.03593036605)
(0.06438521932 0 0.03460198386)
(0.06361627101 0 0.03592598014)
(0.06284918808 0 0.03459711775)
(0.06207480719 0 0.03592475572)
(0.06131134989 0 0.03459575234)
(0.06054266251 0 0.03592064246)
(0.05977335955 0 0.03459176119)
(0.05900395197 0 0.03591596985)
(0.0582366735 0 0.03458677757)
(0.05746193919 0 0.03591466932)
(0.05669840391 0 0.03458533899)
(0.05592536259 0 0.03590810975)
(0.0551595536 0 0.03458105225)
(0.05438551314 0 0.0359028822)
(0.05362122069 0 0.0345753402)
(0.05284724774 0 0.0359038743)
(0.05208322304 0 0.03457231367)
(0.0513113868 0 0.03589749521)
(0.05054567914 0 0.03456851641)
(0.04977176098 0 0.03589231293)
(0.04900758179 0 0.03456479252)
(0.04823356511 0 0.0358936121)
(0.04746964024 0 0.03456216883)
(0.04669782577 0 0.03588726224)
(0.04593215475 0 0.03455846285)
(0.04515815296 0 0.03588200852)
(0.04439413139 0 0.03455475457)
(0.04362003838 0 0.03588340858)
(0.04285630568 0 0.03455217046)
(0.0420845592 0 0.03587731533)
(0.04131898536 0 0.0345485409)
(0.0405450468 0 0.03587208758)
(0.03978114947 0 0.03454486083)
(0.03900712896 0 0.03587332136)
(0.03824353589 0 0.03454227523)
(0.03747191176 0 0.03586750098)
(0.03670646838 0 0.03453872538)
(0.03593505681 0 0.0358667034)
(0.03516934173 0 0.03453582085)
(0.03439788767 0 0.03586087071)
(0.03363222749 0 0.03453221925)
(0.03286083065 0 0.03585713846)
(0.03209522595 0 0.03452889091)
(0.03132389377 0 0.03585663705)
(0.03055835411 0 0.03452616149)
(0.02978723197 0 0.03585090354)
(0.02902177126 0 0.03452265148)
(0.02825078529 0 0.03584734945)
(0.02748551734 0 0.03451937125)
(0.02671456587 0 0.03584661818)
(0.02594950182 0 0.03451670495)
(0.02517877223 0 0.03584110628)
(0.02441383135 0 0.03451330167)
(0.02364328477 0 0.03583772112)
(0.02287857593 0 0.03451002724)
(0.02210818181 0 0.03583201581)
(0.0213436623 0 0.03450653362)
(0.02057347327 0 0.03583158306)
(0.0198091246 0 0.03450414367)
(0.01903925326 0 0.03582830958)
(0.01827501604 0 0.03450154702)
(0.01750484243 0 0.03582345909)
(0.01674167741 0 0.0344985481)
(0.01597209647 0 0.03582208102)
(0.01521034522 0 0.03449511023)
(0.01444172605 0 0.03581956601)
(0.01367994992 0 0.03449283159)
(0.01291187896 0 0.03581642455)
(0.02441174609 0 0.03715547045)
(0.02902048213 0 0.03716425092)
(0.03363139793 0 0.0371738458)
(0.03823819648 0 0.03719061532)
(0.0428514912 0 0.03720051329)
(0.04746583918 0 0.03721094756)
(0.0520796361 0 0.03722137334)
(0.05669828441 0 0.03723436492)
(0.06131703326 0 0.03724758613)
(0.06593121508 0 0.03725614397)
(0.07052716629 0 0.03727147806)
(0.01218338761 0 0.01860482098)
(0.01215075349 0 0.03449067937)
(0.01520374145 0 0.03714318299)
(0.01980394885 0 0.03714927079)
(0.07972765463 0 0.03728872437)
(0.08126085097 0 0.03729176242)
(0.01291753679 0 0.03316785973)
(0.01139128222 0 0.0331649025)
(0.01138380223 0 0.03581261421)
(0.08049161858 0 0.03861834226)
(0.08202507804 0 0.03862116666)
(0.08279415823 0 0.03729519169)
(0.08355809102 0 0.03862373534)
(0.08432689079 0 0.03729837487)
(0.08509042471 0 0.03862630708)
(0.08585842222 0 0.03730153771)
(0.08662123255 0 0.03862855569)
(0.08738856746 0 0.03730512455)
(0.08815076684 0 0.03863079121)
(0.08891740355 0 0.03730868089)
(0.08815616011 0 0.03598358915)
(0.08967911046 0 0.03863385502)
(0.01215560705 0 0.0318444906)
(0.01063076631 0 0.0318408375)
(0.02057890165 0 0.03317757885)
(0.08968402545 0 0.03598720267)
(0.08892349963 0 0.03466339759)
(0.02672018977 0 0.03318865817)
(0.0313294482 0 0.03319790332)
(0.0359403499 0 0.03320715907)
(0.06822924735 0 0.03328163612)
(0.04055314549 0 0.03321652485)
(0.06362158526 0 0.03327473058)
(0.04516622776 0 0.03322653244)
(0.04978062075 0 0.03323617861)
(0.05439321688 0 0.03325161264)
(0.05900917893 0 0.03326396065)
(0.009919498764 0 0.01462264821)
(0.08891311135 0 0.0399553848)
(0.01139456483 0 0.03052141958)
(0.009868840631 0 0.03051874126)
(0.01292085712 0 0.03052381936)
(0.0904409418 0 0.03995826799)
(0.08278976261 0 0.03994841764)
(0.09044934134 0 0.03466728134)
(0.08968975458 0 0.03334454086)
(0.01063356601 0 0.02919912747)
(0.07668393075 0 0.02667049401)
(0.009106231685 0 0.03184453288)
(0.009108621196 0 0.0291964598)
(0.009873147867 0 0.02787741197)
(0.09121508988 0 0.03334849504)
(0.09045542879 0 0.03202637121)
(0.07895788404 0 0.03861535393)
(0.0896749233 0 0.04127979728)
(0.09120259759 0 0.04128155001)
(0.008346802342 0 0.02787589602)
(0.009112843626 0 0.02655652444)
(0.09197964213 0 0.03203007773)
(0.09122040057 0 0.03070821076)
(0.08969658279 0 0.0307047212)
(0.09046176998 0 0.02938658442)
(0.08893792911 0 0.02938312259)
(0.08970327237 0 0.02806526782)
(0.09122675539 0 0.02806889963)
(0.09047159963 0 0.02674192147)
(0.08894536478 0 0.02674270468)
(0.08971847596 0 0.02541443351)
(0.0881890704 0 0.02542030826)
(0.08895847683 0 0.02409704939)
(0.08743080097 0 0.0241022811)
(0.08819562776 0 0.02278131926)
(0.0897202807 0 0.02278293197)
(0.08896018099 0 0.02146369946)
(0.08743594858 0 0.02146142368)
(0.0882036609 0 0.02013902451)
(0.08667620948 0 0.02013794367)
(0.08744655589 0 0.01881315462)
(0.08591741477 0 0.01881130366)
(0.08668713656 0 0.01748818775)
(0.08515721013 0 0.01748616797)
(0.08592628934 0 0.01616354962)
(0.08439610422 0 0.01616034418)
(0.08516501759 0 0.01483814015)
(0.08363498514 0 0.01483307961)
(0.08669512747 0 0.01484164393)
(0.08593427513 0 0.01351588091)
(0.08746367427 0 0.01352066844)
(0.08670493082 0 0.01219311885)
(0.08823317981 0 0.01219972152)
(0.08899231766 0 0.0135255807)
(0.08976042274 0 0.01220526088)
(0.0890016333 0 0.01087949992)
(0.08972891615 0 0.02014508137)
(0.09052889619 0 0.01088511441)
(0.09051959101 0 0.01353044692)
(0.08976983547 0 0.009559131657)
(0.09129762531 0 0.009564887172)
(0.0851485042 0 0.02013723479)
(0.08286573139 0 0.01615645367)
(0.08210425302 0 0.01482833085)
(0.09197679603 0 0.03467307832)
(0.0919679277 0 0.03996084867)
(0.09200089784 0 0.02673249144)
(0.09053916842 0 0.008238341653)
(0.08900980481 0 0.00823247741)
(0.09206954829 0 0.008243501089)
(0.007632834961 0 0.01063218951)
(0.009952130125 0 0.006651413628)
(0.08509550662 0 0.03597455757)
(0.007580815573 0 0.02919997151)
(0.01751112644 0 0.03317324794)
(0.0920562934 0 0.01089024691)
(0.02364880395 0 0.0331830092)
(0.07287603995 0 0.02003607423)
(0.01214464111 0 0.03713778748)
(0.01061664498 0 0.03713407168)
(0.01137714647 0 0.03845891474)
(0.009849757511 0 0.03845513482)
(0.01061027061 0 0.0397801838)
(0.009082444108 0 0.03977639815)
(0.009089467103 0 0.03713070329)
(0.009842995187 0 0.04110139294)
(0.01137207911 0 0.04110561479)
(0.008315237838 0 0.04109724119)
(0.01060389503 0 0.04242815598)
(0.01213465983 0 0.04243240184)
(0.06672977039 0 0.02001837486)
(0.06057803321 0 0.02000302142)
(0.07972229027 0 0.0399454731)
(0.07818771789 0 0.03994242605)
(0.07895262529 0 0.04127312368)
(0.07741736773 0 0.04127003975)
(0.07130123192 0 0.0332888351)
(0.02675649953 0 0.01991145836)
(0.02138065318 0 0.02388112694)
(0.01525814066 0 0.02386252836)
(0.08287380773 0 0.01350469544)
(0.08134248365 0 0.01349990857)
(0.08211238645 0 0.01217562413)
(0.08057992358 0 0.01217088262)
(0.08135066888 0 0.01084556252)
(0.0798175609 0 0.01084100982)
(0.07904684892 0 0.01216660655)
(0.07828402881 0 0.01083670966)
(0.07751381498 0 0.01216202871)
(0.07675001475 0 0.01083188216)
(0.07597954801 0 0.01215725449)
(0.0752153315 0 0.01082739612)
(0.07444391495 0 0.0121534723)
(0.07367997315 0 0.01082311939)
(0.07290828469 0 0.01214978021)
(0.0721440735 0 0.01081877564)
(0.07137208558 0 0.01214581891)
(0.07060773004 0 0.01081433831)
(0.06983554904 0 0.01214163473)
(0.0690710723 0 0.01080908221)
(0.06829865543 0 0.01213725641)
(0.06753393933 0 0.01080550582)
(0.06676143363 0 0.01213310063)
(0.06599656905 0 0.01080104271)
(0.0652239512 0 0.01212880183)
(0.06445902075 0 0.01079560623)
(0.06368629093 0 0.01212429359)
(0.06292124023 0 0.01079224367)
(0.06214847147 0 0.01212007608)
(0.06138386547 0 0.01078631875)
(0.06061064144 0 0.01211546599)
(0.05984600245 0 0.01078364331)
(0.05907268654 0 0.01211131563)
(0.05830752072 0 0.0107792348)
(0.05753458752 0 0.01210694353)
(0.05676986081 0 0.01077301984)
(0.05599658938 0 0.01210222865)
(0.05523187045 0 0.01077032604)
(0.05445855688 0 0.01209648619)
(0.05369336233 0 0.01076568893)
(0.05292120557 0 0.0120910673)
(0.05215535551 0 0.01075944684)
(0.05138233288 0 0.01208871329)
(0.05061718082 0 0.01075715326)
(0.04984431636 0 0.01208326155)
(0.04907915218 0 0.01075244238)
(0.04830735089 0 0.01207804064)
(0.04754135406 0 0.01074612946)
(0.04676959566 0 0.0120745586)
(0.046003482 0 0.01074363066)
(0.04523095786 0 0.01206998468)
(0.04446549426 0 0.01073913866)
(0.04369433589 0 0.01206515079)
(0.04292786612 0 0.01073281022)
(0.04215652969 0 0.01206143294)
(0.04139013585 0 0.01073026104)
(0.04061822225 0 0.01205702575)
(0.03985237471 0 0.01072593364)
(0.03908225203 0 0.01205248789)
(0.03831506982 0 0.01071952151)
(0.03754427375 0 0.01204833283)
(0.03677756435 0 0.01071686029)
(0.03600501588 0 0.01204327289)
(0.03523990405 0 0.01071260988)
(0.03446732395 0 0.01203866073)
(0.033702583 0 0.01070820095)
(0.03293011761 0 0.01203506653)
(0.03216549353 0 0.0107027101)
(0.03139322719 0 0.01202975317)
(0.03062871327 0 0.01069927179)
(0.02985647436 0 0.01202517741)
(0.02909214978 0 0.01069309025)
(0.02832002793 0 0.01202103234)
(0.02755585382 0 0.01068854866)
(0.02678394502 0 0.01201604079)
(0.0260197973 0 0.01068417057)
(0.02524810628 0 0.01201131235)
(0.02448422141 0 0.01067984994)
(0.02371279901 0 0.01200712782)
(0.02294916012 0 0.01067572568)
(0.0759855547 0 0.009502663122)
(0.07137775005 0 0.009490207808)
(0.05754204903 0 0.009449050619)
(0.05292547756 0 0.009435051946)
(0.04831157331 0 0.009421771917)
(0.04369815585 0 0.009408511183)
(0.03908542926 0 0.009395317868)
(0.06676636241 0 0.009477181581)
(0.03446772409 0 0.009383451978)
(0.02985929436 0 0.009367526685)
(0.02525569911 0 0.009352479194)
(0.02217806994 0 0.01200241969)
(0.0214145656 0 0.01067130129)
(0.08058818093 0 0.009515486401)
(0.06215609883 0 0.009462334568)
(0.08212169281 0 0.009520147195)
(0.03216021089 0 0.01336228759)
(0.03677463938 0 0.01337489738)
(0.04138714455 0 0.01338809359)
(0.04599910624 0 0.01340046901)
(0.05061120969 0 0.01341470712)
(0.05522508419 0 0.01342768085)
(0.08135898997 0 0.008189765243)
(0.02218537198 0 0.009344804732)
(0.0206510533 0 0.009340496857)
(0.02142187679 0 0.008014100664)
(0.0198877059 0 0.00800995875)
(0.01911707542 0 0.009336394608)
(0.01835387451 0 0.008006099282)
(0.07827751624 0 0.01349180624)
(0.08585389193 0 0.03995247464)
(0.08742351527 0 0.02674453586)
(0.0206239985 0 0.0199022263)
(0.08816259794 0 0.03333790979)
(0.08289263974 0 0.008194874534)
(0.01603787243 0 0.01724511687)
(0.0735940845 0 0.03727877901)
(0.007587220768 0 0.02655502945)
(0.008353193576 0 0.02523615476)
(0.07975878801 0 0.02405213971)
(0.02064397006 0 0.01199756962)
(0.02140659543 0 0.01332809808)
(0.007555690041 0 0.03977318656)
(0.02447626133 0 0.01333902692)
(0.0275479915 0 0.01334904863)
(0.08133499002 0 0.01615202493)
(0.07367435099 0 0.01347959151)
(0.07060257817 0 0.01347264692)
(0.05830113683 0 0.01343821797)
(0.06752897891 0 0.01346448616)
(0.06137846497 0 0.01344758627)
(0.06445409751 0 0.01345613231)
(0.09274323833 0 0.03071128659)
(0.09272899574 0 0.0412828776)
(0.09043706183 0 0.04260431041)
(0.08890746894 0 0.04260229108)
(0.07818238733 0 0.04260110516)
(0.07664684275 0 0.04259810456)
(0.07971783971 0 0.04260405826)
(0.08978011166 0 0.006910494337)
(0.08825055597 0 0.006903832801)
(0.006822528624 0 0.02523771396)
(0.007593055695 0 0.02391689064)
(0.006788526544 0 0.04109318634)
(0.007547754383 0 0.04241700166)
(0.006119489418 0 0.007988361833)
(0.006062606391 0 0.02391726602)
(0.006833752874 0 0.02259687331)
(0.08213027819 0 0.006863977428)
(0.08059591315 0 0.006858908812)
(0.008357487541 0 0.02259926176)
(0.00759833307 0 0.02127968216)
(0.01139807331 0 0.02787952003)
(0.07513970936 0 0.03196785588)
(0.02065842266 0 0.006683024361)
(0.02219339427 0 0.006687121608)
(0.01758364594 0 0.009332047408)
(0.01682063416 0 0.00800212515)
(0.0175904901 0 0.00667813982)
(0.01605716619 0 0.006672601009)
(0.01987358714 0 0.01332334253)
(0.09350347196 0 0.03203667981)
(0.09349368313 0 0.03996348548)
(0.009879208307 0 0.02522638088)
(0.01136535833 0 0.04375650097)
(0.0128971404 0 0.04376080326)
(0.01366648185 0 0.04243567828)
(0.01442964705 0 0.04376476886)
(0.01519923423 0 0.04243890789)
(0.01596298062 0 0.04376863402)
(0.01673297003 0 0.04244204295)
(0.01749714826 0 0.04377242033)
(0.0182675404 0 0.04244494884)
(0.01903202061 0 0.0437761361)
(0.019802711 0 0.0424480779)
(0.02056745912 0 0.04377979408)
(0.02133831403 0 0.04245150343)
(0.02210336297 0 0.04378347427)
(0.02287443275 0 0.04245486413)
(0.0236396932 0 0.04378710536)
(0.02441087293 0 0.04245821135)
(0.02515894054 0 0.04378060413)
(0.02594483111 0 0.04245980116)
(0.02671332082 0 0.04379424307)
(0.02748447579 0 0.04246443263)
(0.02828726281 0 0.04377037122)
(0.02902834602 0 0.04246342212)
(0.02979525921 0 0.04374808846)
(0.0305619901 0 0.04246182863)
(0.03136954376 0 0.04372217733)
(0.03210507895 0 0.04245950864)
(0.03291415697 0 0.04376769951)
(0.03364485074 0 0.04246895574)
(0.03441129197 0 0.04375455121)
(0.03517626531 0 0.04247057025)
(0.03598438556 0 0.04373020528)
(0.03671898347 0 0.04246889394)
(0.03752889142 0 0.04377707784)
(0.03825879372 0 0.04247842238)
(0.03902534027 0 0.04376365705)
(0.0397902264 0 0.04248016944)
(0.0405991823 0 0.04373883756)
(0.04133321687 0 0.04247863388)
(0.04214394339 0 0.04378659688)
(0.04287322865 0 0.04248823982)
(0.04363978739 0 0.0437728372)
(0.04440463456 0 0.04249002936)
(0.04521430836 0 0.04374754289)
(0.04594776481 0 0.04248856062)
(0.04675925304 0 0.0437961496)
(0.04748791514 0 0.04249868209)
(0.04825446533 0 0.04378211861)
(0.04901926022 0 0.04250048972)
(0.04982959901 0 0.04375636947)
(0.05056249767 0 0.04249875376)
(0.05137467548 0 0.04380575607)
(0.05210270152 0 0.04250896154)
(0.05286921873 0 0.04379138228)
(0.05363390362 0 0.04251058255)
(0.05444489228 0 0.04376514205)
(0.05517714027 0 0.04250878404)
(0.0559900327 0 0.04381531542)
(0.05671733345 0 0.04251912822)
(0.05748385958 0 0.04380059389)
(0.05824841057 0 0.04252069848)
(0.05906001995 0 0.04377388007)
(0.05979174022 0 0.04251875911)
(0.06060517488 0 0.0438248326)
(0.06133188508 0 0.04252921213)
(0.06209820435 0 0.04380976726)
(0.06286259131 0 0.04253084006)
(0.06367472045 0 0.04378259278)
(0.0644056335 0 0.04252895664)
(0.0652197172 0 0.0438343466)
(0.06594556051 0 0.04253957873)
(0.0667116684 0 0.0438741788)
(0.06747212146 0 0.04255365177)
(0.06823975926 0 0.04388537575)
(0.06900990306 0 0.0425569854)
(0.06977564601 0 0.04389004363)
(0.07054697119 0 0.04256068654)
(0.07131057671 0 0.04389467547)
(0.08280031758 0 0.02934320741)
(0.08356152231 0 0.0306643171)
(0.0896705538 0 0.04392879183)
(0.09120023716 0 0.04392920296)
(0.08813895613 0 0.04392652936)
(0.02063579319 0 0.01465307144)
(0.09426515816 0 0.03071603092)
(0.006055089169 0 0.0265659118)
(0.006076466947 0 0.02127685676)
(0.006839442077 0 0.0199604765)
(0.08902646258 0 0.005584790604)
(0.08751169904 0 0.005556156034)
(0.09055279466 0 0.005588302632)
(0.006029778019 0 0.03977017613)
(0.006021383664 0 0.04241272292)
(0.006780969153 0 0.04373688791)
(0.07894750931 0 0.04393245233)
(0.08048320857 0 0.04393530692)
(0.08975180685 0 0.01484963038)
(0.09127752583 0 0.01485497601)
(0.08279734533 0 0.03198441741)
(0.08209660278 0 0.01748009346)
(0.07362511092 0 0.02401105751)
(0.07588178598 0 0.04126665077)
(0.08748299718 0 0.008223290546)
(0.01750269843 0 0.04111445372)
(0.02210910326 0 0.04112299097)
(0.0267185827 0 0.04113158512)
(0.03133147395 0 0.04114156653)
(0.03594485695 0 0.04115148559)
(0.02142944728 0 0.005355212384)
(0.0229652776 0 0.005359574473)
(0.04055886076 0 0.04116154855)
(0.04517321589 0 0.04117168843)
(0.0497877605 0 0.04118189869)
(0.0682440993 0 0.04122409806)
(0.06363076407 0 0.04121319562)
(0.05440233624 0 0.04119218694)
(0.05901676249 0 0.04120259487)
(0.09425448704 0 0.04128475738)
(0.08056595409 0 0.01747581714)
(0.08132779493 0 0.01880341627)
(0.005318087861 0 0.01995817058)
(0.006080346985 0 0.01864151462)
(0.007602121664 0 0.0186437308)
(0.006842677476 0 0.01732496022)
(0.005254630811 0 0.04373228456)
(0.02441905187 0 0.04503101892)
(0.02910898805 0 0.04492307452)
(0.03373668706 0 0.04493411131)
(0.03835216451 0 0.04494029017)
(0.04296796645 0 0.04494654915)
(0.005321238985 0 0.01732293862)
(0.006083229071 0 0.0160065804)
(0.04758396706 0 0.04495285061)
(0.05220001794 0 0.04495918438)
(0.05681600613 0 0.04496545126)
(0.06143173769 0 0.04497165799)
(0.06595874282 0 0.0451371357)
(0.07054069176 0 0.04522361878)
(0.08136753447 0 0.005532495898)
(0.0798326338 0 0.00552742147)
(0.08290214188 0 0.005537726213)
(0.08890320006 0 0.04525469744)
(0.08737057691 0 0.04525260952)
(0.0866061879 0 0.04392351025)
(0.0858371587 0 0.04525027692)
(0.08507423725 0 0.04392149914)
(0.084305215 0 0.04524905312)
(0.009121370508 0 0.02128205004)
(0.01372962429 0 0.02386307603)
(0.01449011828 0 0.02518477935)
(0.08432774174 0 0.03198947319)
(0.01296304215 0 0.02255114124)
(0.09051088861 0 0.01617280653)
(0.09203556877 0 0.01617716075)
(0.09280163294 0 0.01486061656)
(0.09355912792 0 0.01618191962)
(0.09279340976 0 0.01749797734)
(0.09431546945 0 0.01750291404)
(0.09355096011 0 0.01881787418)
(0.09507173039 0 0.01882252113)
(0.09430776941 0 0.02013701294)
(0.09432428828 0 0.0148662062)
(0.08510170385 0 0.03068086532)
(0.09273298356 0 0.03864202556)
(0.09425736542 0 0.03864480023)
(0.07207626776 0 0.04522776235)
(0.0168426228 0 0.005346169617)
(0.01529600703 0 0.005344284437)
(0.01452418233 0 0.006668713523)
(0.01376042581 0 0.005339046351)
(0.08365495266 0 0.009525047465)
(0.07742374752 0 0.0386119401)
(0.07906091949 0 0.006854569593)
(0.0782970428 0 0.005522700751)
(0.0144355771 0 0.04111074013)
(0.01605107973 0 0.009327575294)
(0.01681419804 0 0.01065774498)
(0.01910335853 0 0.01464817326)
(0.07511099155 0 0.04259496827)
(0.0758761719 0 0.04392676846)
(0.07434592683 0 0.04126314012)
(0.01986535377 0 0.01597766472)
(0.02139784256 0 0.01598270215)
(0.09502517807 0 0.03204407082)
(0.09578678917 0 0.03072541162)
(0.09503394137 0 0.02938511744)
(0.004555776563 0 0.02127416597)
(0.01212763699 0 0.04508600817)
(0.01059611351 0 0.04508048187)
(0.01519270254 0 0.04509500471)
(0.004496169212 0 0.0424088977)
(0.01826116691 0 0.04510384093)
(0.02133212759 0 0.04511204615)
(0.006045148629 0 0.04503982393)
(0.00456218548 0 0.0160048274)
(0.005323683427 0 0.01468806697)
(0.004610094466 0 0.00530978248)
(0.07971292545 0 0.04520255707)
(0.08979878612 0 0.00426168015)
(0.09132532272 0 0.004236497567)
(0.09582771143 0 0.0201411578)
(0.09506408134 0 0.02145530879)
(0.09354568267 0 0.02145225218)
(0.09430049823 0 0.02276994254)
(0.00452344001 0 0.04499488721)
(0.09582053666 0 0.02277302971)
(0.09505736472 0 0.02408765477)
(0.008365097931 0 0.01732637823)
(0.02220087412 0 0.004027066193)
(0.08213940117 0 0.004205913798)
(0.0837024578 0 0.004174234967)
(0.07906913201 0 0.004148379845)
(0.07753317384 0 0.004163534484)
(0.07676089273 0 0.005513869092)
(0.07599671222 0 0.004161347175)
(0.0752243111 0 0.005509144309)
(0.07447367479 0 0.004138831005)
(0.07368954797 0 0.005501687507)
(0.07296408826 0 0.004101143043)
(0.07214995014 0 0.005504924497)
(0.07141695813 0 0.004129099419)
(0.07061760465 0 0.00549345699)
(0.06985360365 0 0.004143235708)
(0.06907455216 0 0.005495946911)
(0.06831059638 0 0.004142915873)
(0.06753677902 0 0.005488291049)
(0.0667717857 0 0.004139952273)
(0.06599864003 0 0.005483539821)
(0.06523355444 0 0.004135601781)
(0.06446049137 0 0.00547901574)
(0.06369537078 0 0.004132510044)
(0.06292229547 0 0.00547474434)
(0.06215715617 0 0.004128236435)
(0.06138406456 0 0.005470313111)
(0.06063196614 0 0.004106068851)
(0.05984797206 0 0.005462867942)
(0.05912058707 0 0.004075561746)
(0.05831452427 0 0.005453523845)
(0.05757449136 0 0.004095705053)
(0.05677574357 0 0.005452295851)
(0.0560233675 0 0.004090771626)
(0.05523520944 0 0.00544824992)
(0.05450683239 0 0.004065984316)
(0.05370014719 0 0.005440416787)
(0.05295977367 0 0.004085115391)
(0.05216093871 0 0.005439264489)
(0.05140833417 0 0.004079975212)
(0.05062028362 0 0.005435191938)
(0.04989165765 0 0.004057418062)
(0.04908518858 0 0.005427718941)
(0.04834475111 0 0.004074765526)
(0.04754602658 0 0.005426322351)
(0.04679328536 0 0.004069245024)
(0.04600539461 0 0.005422142935)
(0.04527653925 0 0.004048869552)
(0.04447031794 0 0.005415007916)
(0.04372982224 0 0.004064416325)
(0.04293123832 0 0.00541335679)
(0.09353708085 0 0.02408418962)
(0.04217837166 0 0.00405852594)
(0.0413906585 0 0.0054090692)
(0.04066155233 0 0.004040329836)
(0.03985562372 0 0.00540226734)
(0.03911506087 0 0.004054063186)
(0.03831666808 0 0.005400352571)
(0.09429413139 0 0.02540234683)
(0.03755145275 0 0.004066554719)
(0.03677421609 0 0.005399058905)
(0.03600840802 0 0.004065831276)
(0.03523464966 0 0.005395663765)
(0.03446895534 0 0.004061797491)
(0.03369616812 0 0.005391346411)
(0.006853455205 0 0.01468473036)
(0.006094100297 0 0.01334958781)
(0.004565491654 0 0.01336622985)
(0.005327606777 0 0.01202427243)
(0.008446574345 0 0.003992401207)
(0.0129622268 0 0.02518544133)
(0.01372247616 0 0.02650650609)
(0.01525054458 0 0.02650965511)
(0.01448268219 0 0.02783157041)
(0.01601176486 0 0.02783546123)
(0.01524153484 0 0.02916099388)
(0.01677267379 0 0.02916298231)
(0.01754173601 0 0.02783924764)
(0.01830343353 0 0.02916719303)
(0.01907266909 0 0.02784297971)
(0.01983484576 0 0.02917162984)
(0.02060462878 0 0.02784686178)
(0.02136717371 0 0.02917616193)
(0.02213727039 0 0.02785081859)
(0.02290022118 0 0.02918070276)
(0.02367069482 0 0.02785475201)
(0.02443390765 0 0.02918517482)
(0.02520461126 0 0.02785878111)
(0.02596811024 0 0.02918964118)
(0.02673908856 0 0.02786280527)
(0.02750278063 0 0.02919405681)
(0.02827392759 0 0.02786686077)
(0.02903801142 0 0.0291996082)
(0.0298092251 0 0.02787109452)
(0.03057360797 0 0.02920415819)
(0.03134491368 0 0.02787525078)
(0.03210904415 0 0.02920721638)
(0.03288072161 0 0.02787915783)
(0.03364515072 0 0.02921155805)
(0.03441696291 0 0.02788326585)
(0.03518154798 0 0.02921590272)
(0.03595349191 0 0.02788736405)
(0.03671813973 0 0.02922022321)
(0.03749017776 0 0.0278914865)
(0.03825491556 0 0.02922452542)
(0.03902702743 0 0.0278956303)
(0.03979186838 0 0.02922824905)
(0.04056407311 0 0.02789969605)
(0.04132896949 0 0.02923228169)
(0.04210125865 0 0.02790379186)
(0.04286623931 0 0.02923630761)
(0.04363856496 0 0.02790790996)
(0.04440361214 0 0.02924059255)
(0.04517599543 0 0.02791208698)
(0.04594107692 0 0.02924471276)
(0.04671351325 0 0.02791623835)
(0.04747865033 0 0.02924864877)
(0.04825111202 0 0.02792036178)
(0.04901629662 0 0.02925262032)
(0.04978879189 0 0.02792450344)
(0.050554 0 0.02925776703)
(0.05132653122 0 0.02792883599)
(0.05209177767 0 0.02926112521)
(0.05286432158 0 0.02793289965)
(0.053629589 0 0.02926677552)
(0.05439989777 0 0.02793860836)
(0.05516705054 0 0.02927147991)
(0.05593729533 0 0.02794570612)
(0.05670475877 0 0.02927625118)
(0.05747729704 0 0.02794919167)
(0.05824293748 0 0.02928043042)
(0.05901559645 0 0.02795071836)
(0.05978087446 0 0.0292841774)
(0.06055350343 0 0.02795446282)
(0.06131865762 0 0.02928815371)
(0.0620911573 0 0.02795864208)
(0.06285623748 0 0.02929223496)
(0.06362862267 0 0.02796294393)
(0.06439354178 0 0.02929636283)
(0.06516581576 0 0.02796727704)
(0.06593060015 0 0.02930041026)
(0.06670273064 0 0.02797163155)
(0.06746737315 0 0.02930441867)
(0.06823930709 0 0.02797599534)
(0.06900376162 0 0.02930843585)
(0.06977551654 0 0.02798042619)
(0.070539693 0 0.02931252655)
(0.0713111966 0 0.02798490885)
(0.07207603641 0 0.0293137963)
(0.07284632913 0 0.02798761741)
(0.08356229758 0 0.03331247012)
(0.08509137262 0 0.0333146757)
(0.01599615711 0 0.03050014117)
(0.09349684025 0 0.0373220597)
(0.09501975138 0 0.03732660183)
(0.0942610981 0 0.03600464095)
(0.03293103879 0 0.004058367432)
(0.03215809546 0 0.00538685247)
(0.03139316039 0 0.004054055663)
(0.03062035329 0 0.005382393221)
(0.02985790746 0 0.004049893149)
(0.02909060577 0 0.005381880657)
(0.0190604872 0 0.03050423373)
(0.006795677859 0 0.03845135796)
(0.005270238455 0 0.03844956173)
(0.006035958648 0 0.03713123292)
(0.004511361486 0 0.03712974875)
(0.005276932919 0 0.03581227257)
(0.02826537621 0 0.03052906063)
(0.02373709645 0 0.0040326717)
(0.02450152039 0 0.005364335271)
(0.02527356281 0 0.004037224112)
(0.02212663249 0 0.0305118328)
(0.09356777009 0 0.01354496328)
(0.09508969237 0 0.01355054662)
(0.004504224786 0 0.03976858544)
(0.01834137987 0 0.01331907955)
(0.03292313996 0 0.006720825229)
(0.02519504674 0 0.0305198462)
(0.03754183049 0 0.006733576532)
(0.04215618649 0 0.006746541134)
(0.0920828769 0 0.005589942018)
(0.092855699 0 0.004237667214)
(0.0936136823 0 0.005594010167)
(0.09442337227 0 0.00422262116)
(0.09514946589 0 0.005596041363)
(0.09437396148 0 0.006923268287)
(0.09433371986 0 0.01222979894)
(0.03287333706 0 0.03053982854)
(0.04677064796 0 0.00675994955)
(0.08125189978 0 0.04260624887)
(0.0934907073 0 0.04260375284)
(0.09501540048 0 0.04260595971)
(0.09425151594 0 0.0439255383)
(0.09577836586 0 0.04128693348)
(0.09577686344 0 0.04392766936)
(0.09506788249 0 0.04521596045)
(0.00679936663 0 0.03581475521)
(0.006040599744 0 0.0344955524)
(0.004519211774 0 0.03449298642)
(0.005282060634 0 0.03317697279)
(0.007566734649 0 0.03449682421)
(0.05138531672 0 0.006773331055)
(0.07744286346 0 0.03064817661)
(0.05600052321 0 0.006786707358)
(0.07817691764 0 0.04525100058)
(0.06061383216 0 0.006801138019)
(0.07445234757 0 0.006840166383)
(0.06522562515 0 0.006814932557)
(0.06983955679 0 0.006829935511)
(0.07980366258 0 0.0161479146)
(0.0790342384 0 0.01747206223)
(0.08364438601 0 0.01218051802)
(0.01990246213 0 0.005358508302)
(0.0390199776 0 0.03055627269)
(0.0881727146 0 0.03070082669)
(0.009124833836 0 0.01864628004)
(0.009877925164 0 0.02260012301)
(0.0129061142 0 0.03846205139)
(0.04363158849 0 0.03056642108)
(0.07827177829 0 0.016143403)
(0.08442491853 0 0.008200555967)
(0.04824504995 0 0.03057693225)
(0.08741303499 0 0.02937886311)
(0.07208304903 0 0.02665892879)
(0.07361771679 0 0.0266632715)
(0.07438067394 0 0.02799317594)
(0.0528567076 0 0.03059387352)
(0.07511873112 0 0.03993584924)
(0.07358375012 0 0.03993211602)
(0.01984171987 0 0.02651815376)
(0.01528143037 0 0.01065221055)
(0.0690113607 0 0.02664942817)
(0.007545415439 0 0.04505968721)
(0.08129721267 0 0.04515631831)
(0.05747123002 0 0.03060821173)
(0.07360643521 0 0.03196474195)
(0.06669553368 0 0.03063171746)
(0.06208453825 0 0.03062017074)
(0.02597496723 0 0.02653308826)
(0.06286365481 0 0.02662928604)
(0.0229071176 0 0.0265262016)
(0.03058055624 0 0.02654497928)
(0.05824760138 0 0.0266228925)
(0.06976860608 0 0.03063984641)
(0.05363314878 0 0.02660960854)
(0.03518804752 0 0.02655668019)
(0.04902250322 0 0.02659304973)
(0.03979822457 0 0.02656866163)
(0.04441032875 0 0.02657982425)
(0.09361086718 0 0.0451814992)
(0.08443966284 0 0.005538068711)
(0.08528034228 0 0.00411981252)
(0.01299327322 0 0.006666162208)
(0.01375518559 0 0.007991320664)
(0.02603561038 0 0.00537027021)
(0.02680479884 0 0.004043296809)
(0.08518779524 0 0.009530083837)
(0.01604519718 0 0.01197920221)
(0.01454419843 0 0.004012502168)
(0.01299574102 0 0.004008905946)
(0.09580582723 0 0.02541033735)
(0.01064698687 0 0.02126938041)
(0.01756713362 0 0.01463251289)
(0.0958366968 0 0.01487659874)
(0.07750191578 0 0.01745992214)
(0.07673891334 0 0.01613799158)
(0.09576903688 0 0.03865477776)
(0.07596892228 0 0.01745980925)
(0.07520542413 0 0.01613428022)
(0.07443510179 0 0.01746103518)
(0.07367125099 0 0.01613125578)
(0.07290047106 0 0.01745737365)
(0.072136311 0 0.01612607345)
(0.07136508822 0 0.01745371395)
(0.07060054579 0 0.01612177245)
(0.0698289867 0 0.01745004873)
(0.06906415717 0 0.01611755349)
(0.06829234563 0 0.01744630732)
(0.06752729233 0 0.0161133916)
(0.06675528707 0 0.01744251585)
(0.06599005118 0 0.01610927118)
(0.06521788103 0 0.01743870156)
(0.06445248209 0 0.01610517241)
(0.01135781659 0 0.04637015288)
(0.06368017748 0 0.0174348688)
(0.06291468395 0 0.01610113004)
(0.06214230339 0 0.01743097969)
(0.06137675986 0 0.0160971245)
(0.0606043417 0 0.01742705373)
(0.05983877384 0 0.01609314117)
(0.05906633564 0 0.01742311013)
(0.05829937816 0 0.01609173408)
(0.0575231131 0 0.01740264287)
(0.05676026129 0 0.01608537361)
(0.05598402144 0 0.01740546494)
(0.05522190036 0 0.01608207183)
(0.05445656969 0 0.0174063995)
(0.05368617536 0 0.01607735955)
(0.05291578781 0 0.01739620194)
(0.05214896 0 0.01607218312)
(0.05137173594 0 0.01739428449)
(0.05060890955 0 0.01606910069)
(0.04984316105 0 0.01739441559)
(0.04907306976 0 0.0160654454)
(0.04830235833 0 0.01738433738)
(0.04753557229 0 0.01606016055)
(0.04675844636 0 0.01738235965)
(0.04599576827 0 0.01605699366)
(0.04522992903 0 0.01738240719)
(0.04445998357 0 0.01605363375)
(0.04368944723 0 0.01737245961)
(0.04292277211 0 0.01604814563)
(0.04214591296 0 0.01737040485)
(0.04138341467 0 0.01604486606)
(0.04061753305 0 0.01737035384)
(0.03984778743 0 0.01604184337)
(0.03907751487 0 0.01736055508)
(0.03831095598 0 0.01603616406)
(0.03753447898 0 0.01735840028)
(0.03677220558 0 0.01603277592)
(0.0360063083 0 0.0173582261)
(0.03523685678 0 0.01603012078)
(0.03446699487 0 0.01734861037)
(0.03369926497 0 0.01602458825)
(0.03292448062 0 0.01734640516)
(0.03216108649 0 0.0160211356)
(0.03139654901 0 0.01734610692)
(0.03062779812 0 0.01601845784)
(0.0298583848 0 0.01733668856)
(0.02909147745 0 0.01601306932)
(0.0283153372 0 0.0173323863)
(0.02755428885 0 0.01600920605)
(0.026776643 0 0.01732432716)
(0.02601921691 0 0.01600466003)
(0.02524151413 0 0.01731959)
(0.02448113771 0 0.01599863714)
(0.02369923854 0 0.01730875012)
(0.09577630567 0 0.03601359433)
(0.09585509901 0 0.01223539241)
(0.09509953924 0 0.01091497472)
(0.09582110523 0 0.01751649767)
(0.07130648543 0 0.04650068175)
(0.09588046674 0 0.006941412137)
(0.09591400218 0 0.004286793477)
(0.07526586624 0 0.002785782776)
(0.07067714983 0 0.002767396651)
(0.00678325525 0 0.04635898874)
(0.05687030673 0 0.002699407187)
(0.05225500501 0 0.002693631035)
(0.003831488894 0 0.01993668543)
(0.04763966453 0 0.002687903853)
(0.007633822547 0 0.0133066552)
(0.04302438135 0 0.002682187246)
(0.00988402846 0 0.01732517773)
(0.009862088785 0 0.04637615324)
(0.03837294568 0 0.002710164064)
(0.03370390703 0 0.002727542077)
(0.09504973516 0 0.02672083703)
(0.09512835639 0 0.008251658793)
(0.09637055175 0 0.00810850443)
(0.09502430899 0 0.03469179565)
(0.09202933578 0 0.01881406267)
(0.08898553875 0 0.01616878809)
(0.08974457172 0 0.01749449476)
(0.09197116052 0 0.03731615632)
(0.0927567411 0 0.02805566036)
(0.08203068899 0 0.03330858219)
(0.08279737032 0 0.03463977291)
(0.02985873359 0 0.01468606938)
(0.08285856424 0 0.01880712428)
(0.08208972547 0 0.02013083957)
(0.03446557393 0 0.01469803076)
(0.03594606817 0 0.03054845066)
(0.02526488429 0 0.006696679561)
(0.02679999548 0 0.006702339564)
(0.07512849353 0 0.03728094164)
(0.03908212308 0 0.0147091521)
(0.07597499063 0 0.01481097079)
(0.02985459164 0 0.006711163945)
(0.04369371032 0 0.0147209927)
(0.0483064941 0 0.01473277684)
(0.08056368661 0 0.02012426617)
(0.08132602015 0 0.0214508156)
(0.08285176541 0 0.02145748505)
(0.08208784129 0 0.02277703963)
(0.08361267072 0 0.02278341179)
(0.08284874084 0 0.02410289318)
(0.08437322058 0 0.02410885225)
(0.08360958819 0 0.0254280298)
(0.08514110413 0 0.02278600868)
(0.08513517183 0 0.02543108331)
(0.08436687427 0 0.02674788968)
(0.0743760331 0 0.03063966742)
(0.05292032903 0 0.01474434037)
(0.08584485595 0 0.04259610632)
(0.08431488125 0 0.04259717725)
(0.0659380926 0 0.02663947957)
(0.09648415671 0 0.03472420145)
(0.003831835403 0 0.01205844273)
(0.004563901554 0 0.01072797437)
(0.01451383377 0 0.0119694152)
(0.01222942077 0 0.007985249805)
(0.07280997091 0 0.04125964484)
(0.07204771124 0 0.03992665712)
(0.07433995948 0 0.0439236822)
(0.07514893471 0 0.04520643362)
(0.003845155631 0 0.01729592148)
(0.02062725874 0 0.01730745473)
(0.01909104381 0 0.01728911663)
(0.00379421005 0 0.03319295263)
(0.004529407691 0 0.03186173843)
(0.006045467739 0 0.03186168442)
(0.0052870162 0 0.0305440182)
(0.003767152491 0 0.03054159091)
(0.004527780821 0 0.0292263586)
(0.07825991813 0 0.01877270248)
(0.09646974339 0 0.02936593544)
(0.03215728101 0 0.01865430419)
(0.03676669243 0 0.01866627064)
(0.04137782063 0 0.01867818852)
(0.06976906107 0 0.04655338085)
(0.0459901719 0 0.01869002011)
(0.05060340551 0 0.01870180622)
(0.05521691644 0 0.01871341647)
(0.01293931819 0 0.04626620468)
(0.09647813557 0 0.02680274673)
(0.07901030265 0 0.04636918968)
(0.08506820319 0 0.04657812013)
(0.08818996098 0 0.04655029363)
(0.0896691654 0 0.04658341701)
(0.08355987841 0 0.04649597461)
(0.07747099837 0 0.04639459024)
(0.003098809923 0 0.0159813062)
(0.0973713667 0 0.03054146276)
(0.096483735 0 0.04527000679)
(0.09594797345 0 0.04647469473)
(0.07285833253 0 0.04644695645)
(0.01067684114 0 0.04756490728)
(0.09662084413 0 0.01092042326)
(0.07064423995 0 0.0476556874)
(0.08900468636 0 0.0477691736)
(0.002780783533 0 0.02908679117)
(0.003769394995 0 0.02790971017)
(0.002302350951 0 0.03061821717)
(0.00278311626 0 0.0212093719)
(0.003751493775 0 0.02257780072)
(0.002368482727 0 0.0226034981)
(0.002794057912 0 0.02404416324)
(0.002812121238 0 0.03461691146)
(0.002834900855 0 0.0134617595)
(0.003149888494 0 0.01070306189)
(0.003806135797 0 0.009418423825)
(0.00238748815 0 0.009475464506)
(0.003046863826 0 0.008101849976)
(0.0937420779 0 0.002787695061)
(0.0905762127 0 0.00289311323)
(0.08906691015 0 0.002928303376)
(0.08297310236 0 0.002811501748)
(0.06759273151 0 0.002738503977)
(0.06451612986 0 0.00273582794)
(0.06141484277 0 0.002773269007)
(0.08990423622 0 0.001488286245)
(0.00533258265 0 0.009352368681)
(0.08139651726 0 0.002835632781)
(0.0306281666 0 0.002718720177)
(0.02910361864 0 0.002709830036)
(0.009128002118 0 0.01600726404)
(0.07834747321 0 0.002710042322)
(0.02604558146 0 0.002706794496)
(0.02298066406 0 0.002698662762)
(0.02143597521 0 0.002694556221)
(0.09742746325 0 0.01220107108)
(0.09781151107 0 0.009922176377)
(0.01219223487 0 0.02650657134)
(0.01370373686 0 0.02917397556)
(0.09736230328 0 0.04393269165)
(0.005289231294 0 0.02790737623)
(0.01066188766 0 0.01596985107)
(0.01064092073 0 0.01863508478)
(0.09277360193 0 0.02539900989)
(0.09201745747 0 0.02408095496)
(0.01140571624 0 0.02260533824)
(0.006808576166 0 0.03054178668)
(0.09576136527 0 0.0280751672)
(0.01143491993 0 0.02517650655)
(0.004530350163 0 0.02659447196)
(0.003070165374 0 0.02658438745)
(0.005298718459 0 0.02525538486)
(0.07978710548 0 0.02142541192)
(0.08131086346 0 0.02407910466)
(0.08282964287 0 0.02672561078)
(0.08664688425 0 0.03069798912)
(0.0957759089 0 0.03337948717)
(0.09738811055 0 0.03336301197)
(0.09426335999 0 0.03336544593)
(0.02216060343 0 0.01730605948)
(0.02293451417 0 0.01598773394)
(0.0942734298 0 0.02805765835)
(0.09124745138 0 0.02540823392)
(0.09360177675 0 0.008247143665)
(0.09614931614 0 0.009494634006)
(0.09216869885 0 0.002854335528)
(0.09652333718 0 0.03200613749)
(0.007577057234 0 0.03185230479)
(0.02525543065 0 0.01467529788)
(0.09439689598 0 0.009564861407)
(0.006917664551 0 0.001333101989)
(0.008457877343 0 0.001332965571)
(0.009224482499 0 0.002663423188)
(0.01075453581 0 0.002674166185)
(0.009971897586 0 0.004001996569)
(0.09281173021 0 0.01222377306)
(0.002831394652 0 0.002769608932)
(0.01680591724 0 0.01330219513)
(0.08821660519 0 0.01749017717)
(0.01757743875 0 0.01198589571)
(0.003843964487 0 0.003983717669)
(0.003121811761 0 0.005306920166)
(0.003887076454 0 0.006633494216)
(0.0961517221 0 0.04875223643)
(0.09615225322 0 0.001323171594)
(0.09712956242 0 0.002861784079)
(0.09534520554 0 0.002761904251)
(0.09301932754 0 0.001407023341)
(0.003843685192 0 0.0486810292)
(0.00304683174 0 0.04747024583)
(0.00456772099 0 0.04745877588)
(0.005377592489 0 0.006640223181)
(0.004598892232 0 0.00800355118)
(0.006851448394 0 0.00931006007)
(0.09655947194 0 0.005690595724)
(0.09649580658 0 0.04257718657)
(0.09737385345 0 0.04111599874)
(0.09646957287 0 0.03990886115)
(0.08897615684 0 0.0188152231)
(0.09500375187 0 0.03995726925)
(0.006813516294 0 0.02788169294)
(0.003773212414 0 0.04373931159)
(0.003045654509 0 0.04495213839)
(0.002736953511 0 0.04246531944)
(0.003699303932 0 0.04109780239)
(0.002371347443 0 0.04105335467)
(0.002773529862 0 0.03963450466)
(0.00373957418 0 0.03845107815)
(0.002990065418 0 0.03712463517)
(0.005256564359 0 0.04109189515)
(0.09274306325 0 0.03335396761)
(0.01451924083 0 0.00931783515)
(0.006859617631 0 0.04873630493)
(0.09306536015 0 0.04870456935)
(0.0921968545 0 0.04753047513)
(0.09382000349 0 0.04757709114)
(0.09655257456 0 0.0135646138)
(0.008321881879 0 0.03845353151)
(0.01597933078 0 0.03317011181)
(0.01674756675 0 0.03184541018)
(0.01521664418 0 0.03184232727)
(0.01828545118 0 0.03183946913)
(0.0144600581 0 0.03050801693)
(0.003754772848 0 0.03581005138)
(0.01834726672 0 0.01066206164)
(0.01152650051 0 0.001340830721)
(0.003802117208 0 0.01468554812)
(0.004572516819 0 0.0186324846)
(0.002851260086 0 0.01848454647)
(0.09283335977 0 0.00956998885)
(0.09050283843 0 0.01882939236)
(0.09125975231 0 0.02013952141)
(0.01444753757 0 0.03316918083)
(0.08441577875 0 0.01085569041)
(0.08662665459 0 0.03597932788)
(0.0858637535 0 0.03465144796)
(0.08433054652 0 0.03464505551)
(0.08662513376 0 0.03332241241)
(0.008341690414 0 0.03052563282)
(0.008350456775 0 0.03317088274)
(0.09198599746 0 0.02938715167)
(0.09645306125 0 0.03739006842)
(0.08590393561 0 0.02410491159)
(0.0904448239 0 0.03731268027)
(0.09121015242 0 0.03599117039)
(0.09273737935 0 0.03599896337)
(0.01373542293 0 0.02121454795)
(0.01220830228 0 0.02120806101)
(0.01295918031 0 0.0199065582)
(0.003127454273 0 0.03186511086)
(0.08594613235 0 0.01086474694)
(0.01459924779 0 0.001337924235)
(0.01536196779 0 0.002670499434)
(0.01690364661 0 0.002670537406)
(0.01768818308 0 0.001335429219)
(0.01843713373 0 0.002686464529)
(0.01763080102 0 0.00402339033)
(0.009856423784 0 0.03580951208)
(0.01062259329 0 0.03448972536)
(0.09657378729 0 0.01883752967)
(0.09732637193 0 0.02015032723)
(0.09797387887 0 0.01891044777)
(0.004498720996 0 0.02394967416)
(0.09652091248 0 0.02142544355)
(0.09735815372 0 0.02276981376)
(0.09651489413 0 0.02412021344)
(0.07515111225 0 0.02666726156)
(0.07591510018 0 0.02799519093)
(0.0950764223 0 0.01618911689)
(0.09650309125 0 0.01626019751)
(0.01463221786 0 0.0486804927)
(0.01533888804 0 0.04740035333)
(0.01684809027 0 0.04739806281)
(0.01767890014 0 0.0486779566)
(0.01837812688 0 0.04739940986)
(0.01991601321 0 0.04739677256)
(0.02075388766 0 0.04867640918)
(0.02145136291 0 0.04739863978)
(0.0229909758 0 0.04739599656)
(0.02383070867 0 0.04867428345)
(0.02456074216 0 0.04741502224)
(0.08538440333 0 0.001331909981)
(0.08609889505 0 0.002745502067)
(0.08454755911 0 0.002752551343)
(0.08679429693 0 0.00417266695)
(0.08228354298 0 0.001422770694)
(0.07988089245 0 0.002703451306)
(0.08524292447 0 0.04876493595)
(0.008408109268 0 0.01194206889)
(0.006857043952 0 0.01199464513)
(0.009167702424 0 0.01329041927)
(0.07744822559 0 0.0279977944)
(0.08589766575 0 0.0267478098)
(0.08512336302 0 0.02805451015)
(0.08223895351 0 0.04871174797)
(0.08144671993 0 0.04748745127)
(0.08438023464 0 0.02146135955)
(0.0836198509 0 0.02013353113)
(0.08590933003 0 0.02146062626)
(0.01832695682 0 0.01595666572)
(0.01988089255 0 0.01066693092)
(0.09284069575 0 0.006920790042)
(0.06747950594 0 0.02400023076)
(0.06901692354 0 0.02400307815)
(0.0229440048 0 0.01333479981)
(0.07918896312 0 0.04872678744)
(0.02211374906 0 0.03317999072)
(0.02135246315 0 0.03184503015)
(0.01981591098 0 0.03184582224)
(0.02288412481 0 0.03185256335)
(0.02442174525 0 0.03185159325)
(0.02537199081 0 0.04867947662)
(0.02614143317 0 0.04739368942)
(0.02764892306 0 0.04736488833)
(0.02681925526 0 0.04620128026)
(0.0284539621 0 0.0486709128)
(0.02919836987 0 0.04737469802)
(0.0152879148 0 0.007996695132)
(0.0836274207 0 0.01748288785)
(0.08202921557 0 0.03596545408)
(0.07209018657 0 0.02400900258)
(0.09350975104 0 0.02938548422)
(0.01294298396 0 0.02784996019)
(0.0644042945 0 0.02399237321)
(0.0697793834 0 0.04122872392)
(0.06901017518 0 0.03990054223)
(0.06747793541 0 0.03989610005)
(0.0682406951 0 0.03858060626)
(0.07130616255 0 0.03064034159)
(0.06670836316 0 0.04121954053)
(0.06594166841 0 0.03988962901)
(0.07592125241 0 0.0253415892)
(0.03138718044 0 0.006714497502)
(0.0321588804 0 0.008048412348)
(0.03369582544 0 0.008051701326)
(0.02825621323 0 0.03319139024)
(0.02749249801 0 0.0318582992)
(0.02902813922 0 0.03186310963)
(0.02980153827 0 0.03053435018)
(0.02595578662 0 0.03185638767)
(0.02979262599 0 0.03319478934)
(0.02908773064 0 0.01335316684)
(0.0122328026 0 0.005338098661)
(0.0682702694 0 0.02002731538)
(0.06517246622 0 0.04121239492)
(0.06440379491 0 0.03988813901)
(0.06286540083 0 0.03988550653)
(0.06362989805 0 0.03857238317)
(0.08366451479 0 0.006868348832)
(0.03369707962 0 0.01336587967)
(0.07609028517 0 0.04871381713)
(0.07460190321 0 0.04874942938)
(0.0752699273 0 0.04759514219)
(0.07613978776 0 0.001342489551)
(0.06209563322 0 0.04120672443)
(0.0613276757 0 0.03987867654)
(0.06055875002 0 0.04120137778)
(0.05978968586 0 0.0398771948)
(0.05825099438 0 0.0398747491)
(0.05901612101 0 0.03856181892)
(0.08048713088 0 0.04127599635)
(0.03286648401 0 0.03320058541)
(0.03210120227 0 0.03186882631)
(0.03440330962 0 0.03320390604)
(0.06519519645 0 0.02001925264)
(0.07054757359 0 0.0266554675)
(0.06286679435 0 0.02398806667)
(0.07598892084 0 0.006847009369)
(0.07980113493 0 0.01879276296)
(0.06362379552 0 0.03062288529)
(0.08737732088 0 0.04259975411)
(0.03747732846 0 0.03321058074)
(0.07458010538 0 0.001346627928)
(0.07680598319 0 0.002751843627)
(0.08202396539 0 0.04391318353)
(0.09128624702 0 0.01221155083)
(0.03600037317 0 0.00672759682)
(0.03677534423 0 0.008059256412)
(0.03901494499 0 0.033213948)
(0.0682322889 0 0.03063601061)
(0.03908074447 0 0.006736822983)
(0.04061691802 0 0.006741106586)
(0.04139052571 0 0.008073537265)
(0.07137948267 0 0.006831790902)
(0.07291630021 0 0.006836501846)
(0.07368397643 0 0.008168209601)
(0.02057336783 0 0.04111973219)
(0.02134388776 0 0.0397936549)
(0.02287659566 0 0.03979658969)
(0.01980517898 0 0.03979278166)
(0.0221104926 0 0.03846840669)
(0.01903722374 0 0.0411177159)
(0.01826897378 0 0.03978892179)
(0.01673703603 0 0.03978711837)
(0.01750212791 0 0.03846352751)
(0.02364474161 0 0.04112647583)
(0.02441521655 0 0.03979884489)
(0.06516071747 0 0.03062781892)
(0.06592779493 0 0.0319554321)
(0.02372867018 0 0.006691522007)
(0.04208978106 0 0.03321990062)
(0.04132386585 0 0.03188789733)
(0.03446272738 0 0.006722410428)
(0.05748116207 0 0.04119636446)
(0.05671299878 0 0.03986815328)
(0.04362726441 0 0.03322397721)
(0.0590110203 0 0.03061117226)
(0.06054852485 0 0.03061613133)
(0.06131459168 0 0.03194755423)
(0.04369331691 0 0.006750945101)
(0.04523232583 0 0.006753144584)
(0.04600417381 0 0.008086542269)
(0.09130995273 0 0.006917733533)
(0.05594423112 0 0.0411910905)
(0.05517516019 0 0.03986670668)
(0.05363647819 0 0.03986427415)
(0.05439758337 0 0.03854893937)
(0.052866662 0 0.04118600619)
(0.05209415816 0 0.03986301285)
(0.05132892925 0 0.04118168521)
(0.05055526823 0 0.03985479502)
(0.04902093446 0 0.03985346216)
(0.04977789236 0 0.03853572078)
(0.02979539227 0 0.04113585324)
(0.03056809833 0 0.03980939271)
(0.03209952878 0 0.03981420004)
(0.0290282636 0 0.03980513558)
(0.03132898785 0 0.03848827855)
(0.02825692233 0 0.04113446119)
(0.02748678097 0 0.03980429389)
(0.02595457865 0 0.03980138698)
(0.0267174535 0 0.03847932618)
(0.06830333487 0 0.006824039148)
(0.06907267268 0 0.008156040135)
(0.06676563917 0 0.006817918296)
(0.03287136807 0 0.0411412276)
(0.03364050858 0 0.03981494187)
(0.03440933436 0 0.04114420206)
(0.03518100798 0 0.03981871459)
(0.03671240085 0 0.03982342418)
(0.03594102483 0 0.03849763734)
(0.03748488029 0 0.0411503966)
(0.03824945907 0 0.03983061873)
(0.03902178208 0 0.04115513422)
(0.03979160451 0 0.03983270548)
(0.04132612281 0 0.03983373866)
(0.04054909502 0 0.03851469589)
(0.04209907592 0 0.04116020384)
(0.04286368483 0 0.03984052981)
(0.04363580934 0 0.0411652204)
(0.04440608173 0 0.03984270962)
(0.04594081136 0 0.03984391687)
(0.04516319819 0 0.03852479902)
(0.04671371624 0 0.04117077284)
(0.04747882478 0 0.03985281334)
(0.0674750408 0 0.02664431125)
(0.04670274947 0 0.03322991638)
(0.04593671218 0 0.0318980534)
(0.04830686562 0 0.006765092994)
(0.04984663744 0 0.006766427902)
(0.05061806507 0 0.008099801694)
(0.06440119441 0 0.02663400942)
(0.04824137993 0 0.0332337139)
(0.06368924255 0 0.006809821565)
(0.06445942044 0 0.008142512931)
(0.06215427566 0 0.006804317315)
(0.05292099222 0 0.006779155953)
(0.05446126069 0 0.00677971576)
(0.0552332577 0 0.008112821539)
(0.08288331093 0 0.01085043162)
(0.04825090856 0 0.0411769504)
(0.05753634199 0 0.006792903918)
(0.05907567778 0 0.006795620965)
(0.05984879291 0 0.008127608269)
(0.05131623435 0 0.03323999047)
(0.05054959011 0 0.03190972386)
(0.05593424997 0 0.03060427479)
(0.05670381204 0 0.03193242184)
(0.02518174886 0 0.04112903705)
(0.06132617452 0 0.02662488)
(0.0597878648 0 0.02662414913)
(0.05901813015 0 0.02530083921)
(0.07752597754 0 0.006849578241)
(0.07829105088 0 0.008180777067)
(0.07441240602 0 0.02004503527)
(0.05439658229 0 0.03059769065)
(0.03364948279 0 0.0265543134)
(0.02904498247 0 0.0265391496)
(0.01911075585 0 0.01199248)
(0.0567635776 0 0.01343275002)
(0.03825890084 0 0.02656631257)
(0.05285282322 0 0.03324562081)
(0.02518497646 0 0.03318494249)
(0.03754349534 0 0.01470647709)
(0.01831022926 0 0.02651524254)
(0.04287010131 0 0.0265782237)
(0.06211937404 0 0.02001149682)
(0.05984121654 0 0.01344258413)
(0.06691818488 0 0.04868390633)
(0.06766771509 0 0.04751507936)
(0.06607338739 0 0.04743522952)
(0.06537039891 0 0.04868700756)
(0.06456201894 0 0.04738881094)
(0.0630887381 0 0.04735619094)
(0.06379494067 0 0.04615871934)
(0.06230847704 0 0.04866888984)
(0.06153862492 0 0.04733531933)
(0.06076939428 0 0.0486678536)
(0.0599627128 0 0.04736822785)
(0.05847558611 0 0.04735250909)
(0.05918222664 0 0.0461516378)
(0.05769468091 0 0.048670505)
(0.05692316492 0 0.04733531455)
(0.05615425084 0 0.0486681231)
(0.05534749221 0 0.04736751455)
(0.05385975197 0 0.04735214437)
(0.05456613587 0 0.04614835101)
(0.05307919366 0 0.04867046779)
(0.05230772713 0 0.0473353573)
(0.05153884711 0 0.04866813521)
(0.05073223626 0 0.04736675147)
(0.04924397273 0 0.04735173162)
(0.04994996256 0 0.0461449784)
(0.04846376713 0 0.04867038519)
(0.04769238211 0 0.04733531531)
(0.04692346526 0 0.04866810615)
(0.04611696998 0 0.04736595036)
(0.04462814437 0 0.04735132881)
(0.04533375036 0 0.04614161114)
(0.04384831335 0 0.04867031587)
(0.04307699867 0 0.04733531929)
(0.0423080711 0 0.04866809524)
(0.04150172304 0 0.04736517269)
(0.04001234003 0 0.04735093829)
(0.04071761921 0 0.04613826209)
(0.03923286889 0 0.04867024649)
(0.03846163903 0 0.04733531737)
(0.03769268129 0 0.04866808152)
(0.03688652565 0 0.04736440381)
(0.03539655737 0 0.04735056815)
(0.03610164821 0 0.04613495755)
(0.03461743339 0 0.04867018546)
(0.03384628656 0 0.04733533583)
(0.03307730734 0 0.04866806946)
(0.03227143582 0 0.04736364838)
(0.03077546462 0 0.04735674176)
(0.03148508855 0 0.04613279876)
(0.06692307692 0 0.001332346775)
(0.06914926997 0 0.002758397386)
(0.05306814186 0 0.001344230386)
(0.05380383286 0 0.002683546574)
(0.05153054636 0 0.001359344182)
(0.04383547244 0 0.001337675579)
(0.04457152061 0 0.002676622905)
(0.04228362085 0 0.001328793323)
(0.03461538462 0 0.001332346775)
(0.05768163001 0 0.001346267497)
(0.05839978554 0 0.002694721311)
(0.05614812918 0 0.00137368368)
(0.06073544912 0 0.001342833694)
(0.06297264935 0 0.002739573623)
(0.0484527646 0 0.001341103714)
(0.04918846045 0 0.002680204121)
(0.04689936962 0 0.001330711619)
(0.06384615385 0 0.001332346775)
(0.06605214147 0 0.00273736756)
(0.0376647174 0 0.00134635669)
(0.03920946691 0 0.001341592492)
(0.03995064957 0 0.002677888406)
(0.07153846154 0 0.001332346775)
(0.07224014446 0 0.002713580188)
(0.06997933569 0 0.001382482426)
(0.08356228134 0 0.03596973444)
(0.05517657814 0 0.02397051078)
(0.05594022973 0 0.02529695144)
(0.04748531103 0 0.0265880839)
(0.04133322303 0 0.02657285642)
(0.04056731304 0 0.02524250138)
(0.05209504518 0 0.02660365274)
(0.04594888952 0 0.02394848535)
(0.04594777369 0 0.02658401114)
(0.05904446061 0 0.02000580339)
(0.0505581467 0 0.02659750896)
(0.04979025549 0 0.02526850763)
(0.03672250202 0 0.02656086934)
(0.03595800192 0 0.02522943945)
(0.03211378227 0 0.02654904961)
(0.03134700736 0 0.0252235728)
(0.05363885233 0 0.02396249383)
(0.02832523529 0 0.009362408689)
(0.06291725744 0 0.01345127886)
(0.08519656396 0 0.006875890465)
(0.07134338378 0 0.02003601311)
(0.02751390558 0 0.02389796547)
(0.02372023286 0 0.00934904678)
(0.02750947426 0 0.02653742126)
(0.06599257719 0 0.01345976809)
(0.04441169151 0 0.02394152354)
(0.0244407712 0 0.02653004189)
(0.01290337918 0 0.04110792162)
(0.01596865298 0 0.04111284516)
(0.01678733662 0 0.02386640555)
(0.06752147189 0 0.04511764568)
(0.07213949502 0 0.01347594556)
(0.07590971849 0 0.03064386104)
(0.08738424317 0 0.03995288234)
(0.06906684086 0 0.01346803637)
(0.01904592182 0 0.03317363481)
(0.03748283081 0 0.03055195479)
(0.07981027403 0 0.01349556397)
(0.02137438509 0 0.02652209711)
(0.02679124981 0 0.009357411303)
(0.06976494496 0 0.03328533239)
(0.07589780251 0 0.03595394592)
(0.01520279564 0 0.03978779164)
(0.09120654971 0 0.03863801734)
(0.06906106282 0 0.04517570344)
(0.03440959308 0 0.03054389861)
(0.02999731066 0 0.04867298795)
(0.01908843149 0 0.01990488229)
(0.02066950962 0 0.004025744363)
(0.02829201972 0 0.01993026484)
(0.08822431923 0 0.01484525518)
(0.07357495936 0 0.04259166687)
(0.09126946396 0 0.01749658641)
(0.03754790486 0 0.009392044221)
(0.02597978822 0 0.02389300197)
(0.08202011907 0 0.0412751273)
(0.07205950202 0 0.03727499699)
(0.02672993308 0 0.03052454861)
(0.07665356751 0 0.03993947971)
(0.02291304986 0 0.02388484665)
(0.08125599991 0 0.03994742055)
(0.01912554336 0 0.006683021171)
(0.07283642924 0 0.03329179028)
(0.02522257003 0 0.01991318536)
(0.07667292815 0 0.03197264242)
(0.08739296659 0 0.03465634746)
(0.001340044968 0 0.01904039648)
(0.07741182437 0 0.04392797152)
(0.001544638217 0 0.02655195528)
(0.08432224689 0 0.03994969783)
(0.009075079576 0 0.04242248916)
(0.009835393702 0 0.04375004045)
(0.02286926101 0 0.04507568056)
(0.02215607868 0 0.01990728086)
(0.02366027969 0 0.0305169522)
(0.09870121014 0 0.02643493053)
(0.098760959 0 0.02349453432)
(0.0987180344 0 0.02965824812)
(0.03679354214 0 0.002729732927)
(0.09196456026 0 0.04260408773)
(0.001300424656 0 0.01284364563)
(0.001557674022 0 0.01595297959)
(0.08440435209 0 0.01351071148)
(0.07819446066 0 0.03728568778)
(0.01979641322 0 0.04510745458)
(0.01984908898 0 0.02387593803)
(0.01678013913 0 0.02651277748)
(0.02059291888 0 0.03050911845)
(0.08061435186 0 0.004158882516)
(0.09873626333 0 0.01585656339)
(0.001288018415 0 0.03401833251)
(0.09876073805 0 0.03409793475)
(0.01216563035 0 0.0291913037)
(0.03363779689 0 0.0318721206)
(0.02217346395 0 0.01466007571)
(0.08057286174 0 0.01482401976)
(0.09278781304 0 0.02013476873)
(0.005296469591 0 0.02259877282)
(0.006049985363 0 0.02922004038)
(0.0774309453 0 0.03595654277)
(0.007559895153 0 0.03713352518)
(0.0935247562 0 0.02672800065)
(0.07982477261 0 0.008184996335)
(0.0175580333 0 0.01989859079)
(0.01063983509 0 0.02655313966)
(0.09871731357 0 0.04024670626)
(0.09869420391 0 0.0370266526)
(0.001529277532 0 0.03711932246)
(0.08126745684 0 0.03198205957)
(0.009113608362 0 0.02391510087)
(0.08817981848 0 0.02806178653)
(0.00836179621 0 0.01996286185)
(0.08049983932 0 0.03330679053)
(0.03133798687 0 0.03053491927)
(0.01672657029 0 0.04509872712)
(0.09278225684 0 0.02276678976)
(0.09125541124 0 0.02277119196)
(0.02295674711 0 0.008018291257)
(0.01679652166 0 0.01857215122)
(0.02371630323 0 0.01466990585)
(0.009196353853 0 0.005322003721)
(0.01752762826 0 0.03050323826)
(0.0889312303 0 0.03202204302)
(0.007614749949 0 0.01600199223)
(0.08666576249 0 0.04648043742)
(0.01365980733 0 0.04508964389)
(0.01527589385 0 0.01592076824)
(0.0904192067 0 0.04524674075)
(0.0986878403 0 0.008333333333)
(0.0920448167 0 0.01353912211)
(0.0790544684 0 0.009511132459)
(0.007683160386 0 0.002662520596)
(0.07671228997 0 0.04518501407)
(0.08517497586 0 0.01218677777)
(0.04215482564 0 0.01471865579)
(0.006810396129 0 0.03317570356)
(0.09358858974 0 0.01089894065)
(0.01367347977 0 0.03714055793)
(0.08745583609 0 0.01616626696)
(0.07515827924 0 0.02401316438)
(0.04216088725 0 0.009405432349)
(0.01601867032 0 0.02518804585)
(0.08438816082 0 0.01880970828)
(0.08126423106 0 0.03463591385)
(0.08824308097 0 0.009552460203)
(0.01213826917 0 0.0397836459)
(0.001546195384 0 0.005297197456)
(0.09875656456 0 0.00523511623)
(0.09875811683 0 0.04468493159)
(0.00147584876 0 0.04484024797)
(0.03517463749 0 0.03187581721)
(0.08814597268 0 0.04127719788)
(0.07821138292 0 0.0293248654)
(0.0752167907 0 0.008172786713)
(0.07904087707 0 0.01481990243)
(0.01368637347 0 0.03184261579)
(0.0743887526 0 0.02533849561)
(0.04677425613 0 0.009418641741)
(0.02601326375 0 0.01334241473)
(0.03525458562 0 0.002727752797)
(0.008320955995 0 0.03581745078)
(0.03671139856 0 0.03187947516)
(0.07520842531 0 0.0134825098)
(0.03056392172 0 0.03186796831)
(0.04676700293 0 0.01473074399)
(0.07666164993 0 0.03728290316)
(0.0513880685 0 0.009431943853)
(0.008386205168 0 0.01465228488)
(0.02449188173 0 0.008022741874)
(0.009879973179 0 0.01995856928)
(0.02678668631 0 0.01467838455)
(0.0706088601 0 0.008159940255)
(0.03978635615 0 0.03188617603)
(0.008307697948 0 0.04374175468)
(0.07752074983 0 0.009506981013)
(0.0136698187 0 0.03978608097)
(0.08747460413 0 0.01087262351)
(0.05600336024 0 0.00944532074)
(0.06599587274 0 0.008146441092)
(0.07750842032 0 0.01481507943)
(0.06061768251 0 0.009458847921)
(0.02832169613 0 0.01468244684)
(0.04055748834 0 0.0305586454)
(0.0260275476 0 0.008027365307)
(0.0382483405 0 0.03188301664)
(0.0175484147 0 0.02519157466)
(0.09274631735 0 0.04391632412)
(0.05137991109 0 0.01474313632)
(0.07589119786 0 0.03860952274)
(0.07285484308 0 0.02533495559)
(0.03062528384 0 0.01335815179)
(0.07674547678 0 0.01348647751)
(0.07675484075 0 0.008176632587)
(0.02755976333 0 0.008033383245)
(0.07444086592 0 0.01480756139)
(0.03139339806 0 0.01469003763)
(0.04439787595 0 0.03189632768)
(0.03307692308 0 0.001327363333)
(0.07667890974 0 0.02932129637)
(0.07445171298 0 0.009499379357)
(0.03292943566 0 0.01469365992)
(0.04516950802 0 0.03056966413)
(0.07435734499 0 0.03860601757)
(0.03523554624 0 0.01337081486)
(0.01907928774 0 0.02519551252)
(0.08740512224 0 0.03201581078)
(0.04209396252 0 0.03056136158)
(0.07361046552 0 0.0293141592)
(0.07131902593 0 0.02533213235)
(0.03600471954 0 0.01470218613)
(0.08595608448 0 0.008211840806)
(0.04901625401 0 0.03190601518)
(0.09350306605 0 0.03468284651)
(0.07282200027 0 0.03860272296)
(0.07284283544 0 0.03063892549)
(0.04285960689 0 0.03189270725)
(0.08666945785 0 0.02278276176)
(0.03831263523 0 0.01337899126)
(0.009074054583 0 0.04506557913)
(0.07514564859 0 0.02931789085)
(0.01443539246 0 0.03846429531)
(0.09202775633 0 0.04519966795)
(0.04292428552 0 0.01339131451)
(0.03984920455 0 0.01338312035)
(0.04753683613 0 0.01340366356)
(0.02061125167 0 0.02519948602)
(0.04061567862 0 0.01471511063)
(0.07207304692 0 0.03196448884)
(0.08586233063 0 0.03200171663)
(0.05215069347 0 0.01341719939)
(0.02536795417 0 0.001334118154)
(0.03217794127 0 0.002722945451)
(0.08661637625 0 0.04127429955)
(0.009093265808 0 0.03449408951)
(0.07290707011 0 0.01480525244)
(0.06978313181 0 0.02532841097)
(0.07129278798 0 0.03859615556)
(0.01298882869 0 0.01195346873)
(0.04446069437 0 0.01339528428)
(0.07291509031 0 0.009494741726)
(0.04670618247 0 0.03057187729)
(0.04522744707 0 0.01472712495)
(0.02214360644 0 0.02520345489)
(0.08278432191 0 0.04259926843)
(0.06984152456 0 0.009486257752)
(0.05746997532 0 0.03326063957)
(0.04747075343 0 0.0319032381)
(0.04907276636 0 0.01340709795)
(0.02453301698 0 0.002693597035)
(0.07137121187 0 0.01480098496)
(0.0721479611 0 0.008163542038)
(0.01597147076 0 0.03846587752)
(0.04983940043 0 0.01473950643)
(0.06746222242 0 0.03195718424)
(0.09049306117 0 0.02145920966)
(0.0497814829 0 0.03057922008)
(0.03 0 0.001323107241)
(0.008344257279 0 0.04632554842)
(0.06669278032 0 0.03328164414)
(0.08599135492 0 0.005526270849)
(0.06208231302 0 0.03327209024)
(0.0698352975 0 0.0147972585)
(0.05368672312 0 0.01341979886)
(0.06745644404 0 0.03725851127)
(0.08666335997 0 0.02542515499)
(0.0544523233 0 0.01475206677)
(0.02367626272 0 0.02520740878)
(0.05131914442 0 0.03058451963)
(0.08508502706 0 0.04127209995)
(0.08673154259 0 0.00688288025)
(0.02224319553 0 0.001361202603)
(0.0652300992 0 0.009473643755)
(0.05599168103 0 0.01475672578)
(0.0705356846 0 0.03196319417)
(0.0682983644 0 0.01479294021)
(0.05753153578 0 0.01476236398)
(0.06824638651 0 0.02532462014)
(0.05208349717 0 0.03191497289)
(0.06676153137 0 0.01478918113)
(0.05907129313 0 0.01476763043)
(0.009867719999 0 0.0331644534)
(0.06899883238 0 0.03196053399)
(0.08671511573 0 0.00954250764)
(0.06061069227 0 0.01477286723)
(0.06522385867 0 0.01478477038)
(0.0621485521 0 0.01477684481)
(0.06830473957 0 0.009481863319)
(0.05362540535 0 0.03192221739)
(0.06368656143 0 0.01478117219)
(0.02521010451 0 0.025211372)
(0.09049094936 0 0.02408907347)
(0.01673725233 0 0.0371434148)
(0.05516406638 0 0.03192816983)
(0.06753477024 0 0.008150580595)
(0.02981479751 0 0.02522208219)
(0.06670904895 0 0.02532048726)
(0.05215426347 0 0.008103905487)
(0.02846153846 0 0.001320926003)
(0.05593150469 0 0.03325653919)
(0.0651564842 0 0.03328095084)
(0.08354788941 0 0.04392303278)
(0.04754026896 0 0.008090545673)
(0.0305834789 0 0.02389962334)
(0.05824118245 0 0.02397349188)
(0.0290897026 0 0.00803691872)
(0.0643905767 0 0.03195124966)
(0.05824158687 0 0.03193636932)
(0.02674430141 0 0.02521526345)
(0.06285290007 0 0.03194811346)
(0.03062507885 0 0.008043118651)
(0.05747380838 0 0.02530141156)
(0.04292669238 0 0.008077262235)
(0.05977816384 0 0.03194114902)
(0.06054446089 0 0.03327017824)
(0.06369290245 0 0.009469643653)
(0.01379372309 0 0.002682243475)
(0.03139901814 0 0.00937803381)
(0.06292420711 0 0.008136775989)
(0.03519055992 0 0.02390989764)
(0.06284430429 0 0.03725111055)
(0.06517182416 0 0.02531615484)
(0.03293334968 0 0.009380414857)
(0.03831336214 0 0.008063877728)
(0.03523569497 0 0.008056279256)
(0.08355272647 0 0.0412736314)
(0.04902090658 0 0.02394792513)
(0.06138581486 0 0.008131837013)
(0.03600735609 0 0.00938675034)
(0.03979994619 0 0.0239216852)
(0.02827926901 0 0.02521863367)
(0.0160870986 0 0.004015760148)
(0.05907920176 0 0.009455141088)
(0.04062233715 0 0.009401446825)
(0.03985155279 0 0.008068684876)
(0.05677274578 0 0.008118900413)
(0.05830913487 0 0.008123204212)
(0.04523623086 0 0.009415988719)
(0.04446514927 0 0.008082065682)
(0.01375266103 0 0.01063653953)
(0.05446478278 0 0.00944346928)
(0.04985051584 0 0.009430250366)
(0.04907898771 0 0.008095648424)
(0.05369333907 0 0.008109019994)
(0.02057109223 0 0.03847063286)
(0.08665609685 0 0.02806152914)
(0.06363440882 0 0.02531155723)
(0.09202066288 0 0.02145395562)
(0.02133997789 0 0.03715014094)
(0.0582356174 0 0.03723964324)
(0.01837825399 0 0.005356153175)
(0.03211804286 0 0.0239008844)
(0.01070550928 0 0.007978730509)
(0.06209869067 0 0.02530945321)
(0.03288328496 0 0.02522827576)
(0.01146523592 0 0.009303295879)
(0.0536223239 0 0.03722416171)
(0.03442022111 0 0.02523102783)
(0.02519284612 0 0.03847570143)
(0.06056118274 0 0.02530555841)
(0.08587560726 0 0.02937063056)
(0.04900758599 0 0.03721335651)
(0.05979345519 0 0.02397662094)
(0.01299168161 0 0.009309914468)
(0.03672596394 0 0.02391249475)
(0.01147077444 0 0.006658845117)
(0.02980716737 0 0.03848391905)
(0.0374899921 0 0.02523859557)
(0.05670624153 0 0.02662193655)
(0.03902916862 0 0.02524282394)
(0.05517103262 0 0.026617063)
(0.03441941528 0 0.03849351898)
(0.0544056413 0 0.0252896841)
(0.01826923494 0 0.03714236068)
(0.04133634994 0 0.02392462708)
(0.04210085386 0 0.02525106562)
(0.0443931111 0 0.03720256681)
(0.05286502707 0 0.02528175809)
(0.05132581603 0 0.02527497791)
(0.04364057423 0 0.02525782115)
(0.04825327325 0 0.02526929309)
(0.05056101882 0 0.02394877203)
(0.0451778693 0 0.02526236961)
(0.04671546228 0 0.02526664223)
(0.0397796247 0 0.03719265416)
(0.02832554637 0 0.006709560695)
(0.02756357732 0 0.005377982153)
(0.02833140668 0 0.00404707525)
(0.08284013223 0 0.04518661258)
(0.02757931742 0 0.002712751101)
(0.01903675945 0 0.03846791588)
(0.01374524423 0 0.01327823749)
(0.01072031449 0 0.005333154486)
(0.01527483298 0 0.01328769674)
(0.02287343391 0 0.03715121835)
(0.02363690166 0 0.03847585095)
(0.01603706868 0 0.01461249774)
(0.08434358824 0 0.02935850502)
(0.02594367946 0 0.03715373383)
(0.01063220552 0 0.02390783007)
(0.08204010384 0 0.02802362879)
(0.0167954275 0 0.01593642292)
(0.02748038283 0 0.0371597483)
(0.06671388044 0 0.03858268383)
(0.07053167277 0 0.03991049031)
(0.02824375201 0 0.03848465131)
(0.01220141285 0 0.02388205061)
(0.07129589075 0 0.04124364819)
(0.08206264383 0 0.02540113917)
(0.01755908441 0 0.01726420443)
(0.0720607754 0 0.04257627515)
(0.0305526373 0 0.03716205707)
(0.07282574781 0 0.04390892707)
(0.03209016776 0 0.03716773703)
(0.08052348537 0 0.02537792368)
(0.03285542051 0 0.03849468431)
(0.07358412682 0 0.04520011573)
(0.03516359918 0 0.03717145399)
(0.06976917672 0 0.03858598652)
(0.03670118515 0 0.03717667237)
(0.08053954527 0 0.02274904672)
(0.01831975279 0 0.01858748595)
(0.03747785616 0 0.03850686378)
(0.06900701722 0 0.03725855537)
(0.03901430599 0 0.0385113589)
(0.06517298886 0 0.03857811889)
(0.07899881454 0 0.02272331579)
(0.06439763181 0 0.03724994855)
(0.04209050182 0 0.03851748593)
(0.04131671979 0 0.03719579203)
(0.06209974109 0 0.03857624182)
(0.06055977372 0 0.03856929208)
(0.05978301862 0 0.03724117113)
(0.04362801148 0 0.03852143408)
(0.05747910602 0 0.03855929206)
(0.05054228362 0 0.03721607963)
(0.05593612548 0 0.03854839841)
(0.05131993024 0 0.03854099142)
(0.05285835166 0 0.03854379214)
(0.04670526759 0 0.0385281955)
(0.05516086548 0 0.03722780939)
(0.04824272406 0 0.03853241598)
(0.01139699977 0 0.01994652165)
(0.07901400527 0 0.02009424108)
(0.0459305658 0 0.03720596328)
(0.01985676657 0 0.01860012889)
(0.02139135202 0 0.01860532635)
(0.02292585885 0 0.01861087662)
(0.07747856486 0 0.02006987871)
(0.09876634044 0 0.01287578366)
(0.001400192015 0 0.008363886793)
(0.003783249058 0 0.02530931314)
(0.01142316749 0 0.01728957718)
(0.03061147209 0 0.01864927863)
(0.03522124106 0 0.01866207524)
(0.03983149347 0 0.01867399448)
(0.04444323427 0 0.0186858359)
(0.04905601335 0 0.01869764063)
(0.08358398164 0 0.02804222531)
(0.05366938057 0 0.01870934356)
(0.097356151 0 0.03617564884)
(0.01149400057 0 0.004017699032)
(0.01226970268 0 0.002683399443)
(0.08829656957 0 0.00424522338)
(0.09873032185 0 0.04166666667)
(0.02445954751 0 0.01862303665)
(0.02599168856 0 0.01862975593)
(0.02752946405 0 0.01863046497)
(0.006080394518 0 0.01068487414)
(0.02907362372 0 0.01863788245)
(0.07672445905 0 0.0187581638)
(0.09874605281 0 0.0310844269)
(0.03137810912 0 0.0199544187)
(0.07519898029 0 0.01873887301)
(0.03290960059 0 0.01995873565)
(0.07366474235 0 0.01873504722)
(0.03368852714 0 0.0186558792)
(0.03598864971 0 0.0199672986)
(0.03751899717 0 0.01997061474)
(0.07212974122 0 0.01873027164)
(0.03829843773 0 0.01866777245)
(0.09737493721 0 0.02558263772)
(0.0405991517 0 0.01997889822)
(0.02072450626 0 0.001371595725)
(0.0705939963 0 0.01872644184)
(0.01916920932 0 0.004037774222)
(0.04212988224 0 0.01998219514)
(0.04290988352 0 0.01867958384)
(0.01994368073 0 0.002701625879)
(0.09742074694 0 0.04645422864)
(0.04521120183 0 0.0199906042)
(0.04674217807 0 0.01999400788)
(0.06905756541 0 0.01872169718)
(0.04752246646 0 0.01869140825)
(0.04982403282 0 0.02000204742)
(0.05135516403 0 0.02000528214)
(0.06752067722 0 0.01871701234)
(0.05443769969 0 0.02001362579)
(0.05596801949 0 0.0200139772)
(0.05213575656 0 0.01870307074)
(0.06598342735 0 0.01871296152)
(0.06444585798 0 0.01870910428)
(0.05674890032 0 0.01870564794)
(0.05829046767 0 0.0187001281)
(0.05983039571 0 0.01870058307)
(0.06290802344 0 0.01870502101)
(0.06136842748 0 0.01870422493)
(0.09740234824 0 0.01501071009)
(0.09713154275 0 0.03866971355)
(0.07376881691 0 0.002703974725)
(0.09871537205 0 0.02030727959)
(0.05992374326 0 0.002692813026)
(0.05532797554 0 0.00270762336)
(0.05071233394 0 0.002700486564)
(0.04609224135 0 0.002690653494)
(0.04147603317 0 0.002686014275)
(0.07917693382 0 0.001355312975)
(0.001255141559 0 0.02961480071)
(0.09709696204 0 0.02809469533)
(0.001273835914 0 0.002263605878)
(0.09861887271 0 0.04764969862)
(0.001386910896 0 0.04759592169)
(0.09872836385 0 0.002288901312)
(0.08837363138 0 0.001539042822)
(0.09743560678 0 0.004554101064)
(0.08759223 0 0.002827180895)
(0.09721478406 0 0.01759084809)
(0.09117652204 0 0.04650805348)
(0.09051638896 0 0.04775151494)
(0.001278377582 0 0.02344009193)
(0.01151180123 0 0.04874942594)
(0.01384911551 0 0.04742162535)
(0.02995093116 0 0.04611117)
(0.02593609407 0 0.0450347806)
(0.001271542959 0 0.04020727137)
(0.03461854632 0 0.0460982831)
(0.03923504511 0 0.04610063975)
(0.04385170357 0 0.04610306205)
(0.07992405555 0 0.04747577067)
(0.04846846678 0 0.04610550498)
(0.05308518927 0 0.04610799725)
(0.05770192388 0 0.04611038864)
(0.09737822714 0 0.007216301381)
(0.06231796958 0 0.04611335147)
(0.07150143662 0 0.04878897282)
(0.07437145871 0 0.04645334589)
(0.002369144474 0 0.01181392142)
(0.003855560571 0 0.04623666463)
(0.001251252105 0 0.02186514866)
(0.005296755411 0 0.0462617266)
(0.002346672268 0 0.03298855134)
(0.006036891551 0 0.04748994013)
(0.002467691434 0 0.01983483572)
(0.007616740037 0 0.04754749639)
(0.00912128021 0 0.04756512841)
(0.01220284046 0 0.04750464202)
(0.009953452761 0 0.0487736658)
(0.00123572914 0 0.04179518543)
(0.01443993931 0 0.04618394594)
(0.001058069584 0 0.009848484848)
(0.001056377817 0 0.03106060606)
(0.002445295628 0 0.04384729451)
(0.01595705969 0 0.04615864212)
(0.01749034227 0 0.04615949545)
(0.01902630676 0 0.04616067292)
(0.002522198372 0 0.006562265115)
(0.002555096545 0 0.004146775151)
(0.002531739326 0 0.01487536207)
(0.02056112731 0 0.04616100319)
(0.02525169953 0 0.04620636911)
(0.02210872706 0 0.04617546376)
(0.02366752656 0 0.04619006028)
(0.03067579586 0 0.0449383288)
(0.0284042975 0 0.04615635408)
(0.03217332442 0 0.04494459314)
(0.0353026452 0 0.04494209566)
(0.02754486975 0 0.04498001729)
(0.03679036573 0 0.04495027068)
(0.03991854651 0 0.04494832962)
(0.03297526037 0 0.04614555167)
(0.002508721067 0 0.02547875461)
(0.04140566643 0 0.04495670045)
(0.04453469825 0 0.04495462453)
(0.03759062987 0 0.04614888971)
(0.04602121533 0 0.0449631799)
(0.002544274351 0 0.01705969132)
(0.04915098563 0 0.0449609701)
(0.04220593513 0 0.04615249661)
(0.05063687638 0 0.04496970952)
(0.05376726347 0 0.04496731679)
(0.05525250532 0 0.04497620155)
(0.04682141754 0 0.04615613499)
(0.05838344078 0 0.04497359023)
(0.05986795601 0 0.04498262951)
(0.002505761836 0 0.03598326275)
(0.05143695856 0 0.04615980658)
(0.002523031293 0 0.02772456033)
(0.06299869305 0 0.04498054769)
(0.06446763555 0 0.04501631316)
(0.05605248951 0 0.04616342144)
(0.002497336751 0 0.03825844143)
(0.06845192189 0 0.04638286532)
(0.06920278185 0 0.04766940303)
(0.06066780409 0 0.04616705381)
(0.07220262167 0 0.04763989425)
(0.07376123491 0 0.04762813592)
(0.06523018756 0 0.04621810961)
(0.06681723777 0 0.04630101086)
(0.06996338453 0 0.04881319968)
(0.07593503665 0 0.04639620541)
(0.08061630813 0 0.04634556669)
(0.08985348658 0 0.04886651105)
(0.09774102033 0 0.04242097768)
(0.08293178013 0 0.04755656287)
(0.09692196436 0 0.0477193172)
(0.082169994 0 0.04637447116)
(0.09774461165 0 0.03484848485)
(0.08429915329 0 0.04753046669)
(0.07675580708 0 0.04756326181)
(0.08592718174 0 0.04761251885)
(0.0783244288 0 0.04754441484)
(0.08745582805 0 0.04767827829)
(0.09290203132 0 0.04639563635)
(0.0882820588 0 0.04885429019)
(0.0953727405 0 0.0476928523)
(0.09773977529 0 0.04536724671)
(0.09775454661 0 0.0319166544)
(0.002365605964 0 0.04623351065)
(0.09451559188 0 0.04640046206)
(0.09776337556 0 0.02424242424)
(0.001130101259 0 0.001123998101)
(0.09886989874 0 0.0488760019)
(0.001130101259 0 0.0488760019)
(0.09886989874 0 0.001123998101)
(0.0977935979 0 0.01361723073)
(0.09774706772 0 0.02125642633)
(0.09910366886 0 0.009848484848)
(0.09766530655 0 0.0270495589)
(0.09765287751 0 0.03762047962)
(0.09770637355 0 0.01650582707)
(0.09775653337 0 0.005963721345)
(0.09764406107 0 0.03973332984)
(0.0973864961 0 0.008658918248)
(0.09764362854 0 0.02914675784)
(0.001993776044 0 0.01055734532)
(0.09915872737 0 0.01893313551)
(0.002060145864 0 0.007504475066)
(0.00196363275 0 0.03175490447)
(0.09763723991 0 0.01108213893)
(0.001001560332 0.03 0.05)
(0.09899843967 0.03 0.05)
(0.09899743835 0.02847817048 0.05)
(0.001002561653 0.02847817048 0.05)
(0.001002561653 0.03152182952 0.05)
(0.09899743835 0.03152182952 0.05)
(0.001004198105 0.02695495495 0.05)
(0.09899580189 0.02695495495 0.05)
(0.09899580189 0.03304504505 0.05)
(0.001004198105 0.03304504505 0.05)
(0.09899411146 0.02543150843 0.05)
(0.001005888545 0.02543150843 0.05)
(0.001005888545 0.03456849157 0.05)
(0.09899411146 0.03456849157 0.05)
(0.001007536116 0.02390802341 0.05)
(0.09899246388 0.02390802341 0.05)
(0.001007536116 0.03609197659 0.05)
(0.09899246388 0.03609197659 0.05)
(0.09899087533 0.02238453197 0.05)
(0.001009124675 0.02238453197 0.05)
(0.001009124675 0.03761546803 0.05)
(0.09899087533 0.03761546803 0.05)
(0.09898934847 0.02086103946 0.05)
(0.001010651532 0.02086103946 0.05)
(0.001010651532 0.03913896054 0.05)
(0.09898934847 0.03913896054 0.05)
(0.001012116238 0.01933754677 0.05)
(0.09898788376 0.01933754677 0.05)
(0.001012116238 0.04066245323 0.05)
(0.09898788376 0.04066245323 0.05)
(0.001013518718 0.01781405405 0.05)
(0.09898648128 0.01781405405 0.05)
(0.09898648128 0.04218594595 0.05)
(0.001013518718 0.04218594595 0.05)
(0.001014858961 0.01629056133 0.05)
(0.09898514104 0.01629056133 0.05)
(0.001014858961 0.04370943867 0.05)
(0.09898514104 0.04370943867 0.05)
(0.001016136963 0.01476706861 0.05)
(0.09898386304 0.01476706861 0.05)
(0.001016136963 0.04523293139 0.05)
(0.09898386304 0.04523293139 0.05)
(0.001017352726 0.01324357588 0.05)
(0.09898264727 0.01324357588 0.05)
(0.09898264727 0.04675642412 0.05)
(0.001017352726 0.04675642412 0.05)
(0.09898149375 0.01172008316 0.05)
(0.001018506248 0.01172008316 0.05)
(0.09898149375 0.04827991684 0.05)
(0.001018506248 0.04827991684 0.05)
(0.001019597529 0.01019659044 0.05)
(0.09898040247 0.01019659044 0.05)
(0.09898040247 0.04980340956 0.05)
(0.001019597529 0.04980340956 0.05)
(0.001020626571 0.008673097713 0.05)
(0.09897937343 0.008673097713 0.05)
(0.001020626571 0.05132690229 0.05)
(0.09897937343 0.05132690229 0.05)
(0.09897840663 0.00714960499 0.05)
(0.001021593371 0.00714960499 0.05)
(0.09897840663 0.05285039501 0.05)
(0.001021593371 0.05285039501 0.05)
(0.09897750207 0.005626112266 0.05)
(0.001022497932 0.005626112266 0.05)
(0.09897750207 0.05437388773 0.05)
(0.001022497932 0.05437388773 0.05)
(0.001023340252 0.004102619543 0.05)
(0.09897665975 0.004102619543 0.05)
(0.001023340252 0.05589738046 0.05)
(0.09897665975 0.05589738046 0.05)
(0.0989720715 0.05743737526 0.05)
(0.09885576923 0.05885576923 0.05)
(0.0989720715 0.00256262474 0.05)
(0.09885576923 0.001144230769 0.05)
(0.001027928504 0.05743737526 0.05)
(0.001144230769 0.05885576923 0.05)
(0.001027928504 0.00256262474 0.05)
(0.001144230769 0.001144230769 0.05)
(0.09747430728 0.001003078006 0.05)
(0.09747430728 0.05899692199 0.05)
(0.002525692721 0.001003078006 0.05)
(0.002525692721 0.05899692199 0.05)
(0.09595870382 0.05902068964 0.05)
(0.004041296181 0.0009793103582 0.05)
(0.004041296181 0.05902068964 0.05)
(0.09595870382 0.0009793103582 0.05)
(0.09442074344 0.0009751151065 0.05)
(0.00557925656 0.0009751151065 0.05)
(0.00557925656 0.05902488489 0.05)
(0.09442074344 0.05902488489 0.05)
(0.09287905691 0.05902580987 0.05)
(0.007120943091 0.05902580987 0.05)
(0.007120943091 0.0009741901304 0.05)
(0.09287905691 0.0009741901304 0.05)
(0.09133674935 0.00097381841 0.05)
(0.008663250647 0.00097381841 0.05)
(0.008663250647 0.05902618159 0.05)
(0.09133674935 0.05902618159 0.05)
(0.01020566171 0.0009735471086 0.05)
(0.01020566171 0.05902645289 0.05)
(0.08979433829 0.05902645289 0.05)
(0.08979433829 0.0009735471086 0.05)
(0.01174809002 0.05902669925 0.05)
(0.08825190998 0.0009733007534 0.05)
(0.01174809002 0.0009733007534 0.05)
(0.08825190998 0.05902669925 0.05)
(0.01329052121 0.0009730667657 0.05)
(0.01329052121 0.05902693323 0.05)
(0.08670947879 0.05902693323 0.05)
(0.08670947879 0.0009730667657 0.05)
(0.01483295287 0.05902715695 0.05)
(0.01483295287 0.0009728430489 0.05)
(0.08516704713 0.0009728430489 0.05)
(0.08516704713 0.05902715695 0.05)
(0.01637538462 0.05902737075 0.05)
(0.01637538462 0.0009726292536 0.05)
(0.08362461538 0.05902737075 0.05)
(0.08362461538 0.0009726292536 0.05)
(0.01791781638 0.0009724253217 0.05)
(0.01791781638 0.05902757468 0.05)
(0.08208218362 0.0009724253217 0.05)
(0.08208218362 0.05902757468 0.05)
(0.01946024814 0.05902776876 0.05)
(0.01946024814 0.0009722312434 0.05)
(0.08053975186 0.05902776876 0.05)
(0.08053975186 0.0009722312434 0.05)
(0.0210026799 0.0009720470171 0.05)
(0.0210026799 0.05902795298 0.05)
(0.0789973201 0.0009720470171 0.05)
(0.0789973201 0.05902795298 0.05)
(0.02254511166 0.0009718726425 0.05)
(0.02254511166 0.05902812736 0.05)
(0.07745488834 0.05902812736 0.05)
(0.07745488834 0.0009718726425 0.05)
(0.02408754342 0.05902829188 0.05)
(0.02408754342 0.0009717081196 0.05)
(0.07591245658 0.0009717081196 0.05)
(0.07591245658 0.05902829188 0.05)
(0.02562997519 0.0009715534484 0.05)
(0.02562997519 0.05902844655 0.05)
(0.07437002481 0.05902844655 0.05)
(0.07437002481 0.0009715534484 0.05)
(0.02717240695 0.05902859137 0.05)
(0.02717240695 0.0009714086288 0.05)
(0.07282759305 0.0009714086288 0.05)
(0.07282759305 0.05902859137 0.05)
(0.02871483871 0.0009712736609 0.05)
(0.02871483871 0.05902872634 0.05)
(0.07128516129 0.05902872634 0.05)
(0.07128516129 0.0009712736609 0.05)
(0.03025727047 0.0009711485447 0.05)
(0.06974272953 0.0009711485447 0.05)
(0.03025727047 0.05902885146 0.05)
(0.06974272953 0.05902885146 0.05)
(0.03179970223 0.0009710332802 0.05)
(0.03179970223 0.05902896672 0.05)
(0.06820029777 0.05902896672 0.05)
(0.06820029777 0.0009710332802 0.05)
(0.033342134 0.05902907213 0.05)
(0.033342134 0.0009709278673 0.05)
(0.066657866 0.0009709278673 0.05)
(0.066657866 0.05902907213 0.05)
(0.03488456576 0.0009708323061 0.05)
(0.03488456576 0.05902916769 0.05)
(0.06511543424 0.05902916769 0.05)
(0.06511543424 0.0009708323061 0.05)
(0.03642699752 0.0009707465966 0.05)
(0.03642699752 0.0590292534 0.05)
(0.06357300248 0.0590292534 0.05)
(0.06357300248 0.0009707465966 0.05)
(0.03796942928 0.0009706707387 0.05)
(0.03796942928 0.05902932926 0.05)
(0.06203057072 0.0009706707387 0.05)
(0.06203057072 0.05902932926 0.05)
(0.03951186104 0.05902939527 0.05)
(0.03951186104 0.0009706047325 0.05)
(0.06048813896 0.05902939527 0.05)
(0.06048813896 0.0009706047325 0.05)
(0.0410542928 0.05902945142 0.05)
(0.0410542928 0.000970548578 0.05)
(0.0589457072 0.05902945142 0.05)
(0.0589457072 0.000970548578 0.05)
(0.05740327543 0.05902949772 0.05)
(0.04259672457 0.0009705022751 0.05)
(0.04259672457 0.05902949772 0.05)
(0.05740327543 0.0009705022751 0.05)
(0.04413915633 0.05902953418 0.05)
(0.04413915633 0.0009704658239 0.05)
(0.05586084367 0.0009704658239 0.05)
(0.05586084367 0.05902953418 0.05)
(0.05431841191 0.05902956078 0.05)
(0.05431841191 0.0009704392244 0.05)
(0.04568158809 0.0009704392244 0.05)
(0.04568158809 0.05902956078 0.05)
(0.04722401985 0.05902957752 0.05)
(0.04722401985 0.0009704224766 0.05)
(0.05277598015 0.05902957752 0.05)
(0.05277598015 0.0009704224766 0.05)
(0.04876645161 0.0009704155804 0.05)
(0.05123354839 0.0009704155804 0.05)
(0.04876645161 0.05902958442 0.05)
(0.05123354839 0.05902958442 0.05)
(0.05 0.05918053347 0.05)
(0.05 0.0008194665295 0.05)
(0.09864065941 0.06 0.02490023061)
(0.001283651802 0.06 0.02518143207)
(0.06384615573 0.06 0.04866763497)
(0.05000000407 0.06 0.0486676466)
(0.07307714906 0.06 0.04866747349)
(0.03155810526 0.06 0.04875124078)
(0.040769249 0.06 0.04866764097)
(0.05769230769 0.06 0.001329603451)
(0.06846166672 0.06 0.001332429429)
(0.04538460107 0.06 0.001332347618)
(0.02692867835 0.06 0.001343571058)
(0.03615390732 0.06 0.001332390439)
(0.02388063994 0.06 0.04875233591)
(0.0761540171 0.06 0.001327152958)
(0.01923076923 0.06 0.001332346775)
(0.08076944958 0.06 0.04866761739)
(0.09878994374 0.06 0.01750778267)
(0.001246590035 0.06 0.032556434)
(0.0988655058 0.06 0.03254584719)
(0.001425809412 0.06 0.01739384554)
(0.01623615653 0.06 0.04872549471)
(0.0838634167 0.06 0.001327402567)
(0.05769232701 0.06 0.04866764589)
(0.05153846154 0.06 0.001330598885)
(0.01308618514 0.06 0.00135099341)
(0.08690707496 0.06 0.04871709415)
(0.001433595817 0.06 0.03857035192)
(0.0988664471 0.06 0.01134202037)
(0.09864561767 0.06 0.03875130387)
(0.001224876283 0.06 0.01136566475)
(0.01004528292 0.06 0.04879742896)
(0.09 0.06 0.001332346775)
(0.06384617207 0.06 0.001328633963)
(0.0453846414 0.06 0.04866764717)
(0.03153859709 0.06 0.0013325661)
(0.0407692408 0.06 0.001332345546)
(0.068461578 0.06 0.04866763792)
(0.03615387129 0.06 0.04866764506)
(0.09156545873 0.06 0.04876653263)
(0.0085636584 0.06 0.001414012105)
(0.001246477176 0.06 0.04315699801)
(0.09878770819 0.06 0.006885043408)
(0.001266601257 0.06 0.006674508847)
(0.09866829302 0.06 0.04319484691)
(0.09461694206 0.06 0.001331465691)
(0.005446794471 0.06 0.04883874872)
(0.01307680809 0.06 0.04872015647)
(0.005419259273 0.06 0.001371936387)
(0.09463182205 0.06 0.04869510693)
(0.08076968452 0.06 0.001332055382)
(0.0192529687 0.06 0.04876167568)
(0.08695568439 0.06 0.001326835615)
(0.01618095545 0.06 0.001356683262)
(0.08384700889 0.06 0.04866777407)
(0.0776925315 0.06 0.04866780349)
(0.02236995782 0.06 0.001381480655)
(0.02693324911 0.06 0.04875665357)
(0.0730771446 0.06 0.001332193801)
(0.05461539526 0.06 0.04866765045)
(0.05461538462 0.06 0.001330097873)
(0.06076924173 0.06 0.04866766211)
(0.06076923077 0.06 0.001329117617)
(0.04846153562 0.06 0.0013311094)
(0.001247397516 0.06 0.0296405435)
(0.001282262265 0.06 0.03554890444)
(0.09865426674 0.06 0.02045820255)
(0.001236970045 0.06 0.02195822907)
(0.09863745032 0.06 0.02817239454)
(0.09863387323 0.06 0.03547716978)
(0.09863122163 0.06 0.01429358184)
(0.001297567207 0.06 0.01437911001)
(0.09862852867 0.06 0.003667804349)
(0.001232505796 0.06 0.0462051748)
(0.09897470852 0.06 0.04619187712)
(0.001312159703 0.06 0.003787878788)
(0.09768017469 0.06 0.001268424249)
(0.002291733567 0.06 0.04851133868)
(0.09768404846 0.06 0.0487133222)
(0.002315523091 0.06 0.001286593921)
(0.09615110024 0.06 0.001319955525)
(0.09538458292 0.06 0.002657270696)
(0.09385221162 0.06 0.00266071162)
(0.09461939115 0.06 0.003985623653)
(0.09308895536 0.06 0.003988072985)
(0.09385535078 0.06 0.005311561899)
(0.09232624936 0.06 0.005313840084)
(0.09309222451 0.06 0.006636397099)
(0.09156399579 0.06 0.006638655923)
(0.09233708917 0.06 0.00796512487)
(0.09080481909 0.06 0.007964498251)
(0.09157661833 0.06 0.00928990682)
(0.0900439903 0.06 0.009288830432)
(0.09080753698 0.06 0.01060936682)
(0.08927952029 0.06 0.01061081666)
(0.09005157136 0.06 0.01193621064)
(0.08851862238 0.06 0.01193480697)
(0.08929091743 0.06 0.01326032792)
(0.08775827514 0.06 0.01325912406)
(0.08852974313 0.06 0.01459578655)
(0.08699603619 0.06 0.01458442388)
(0.08777972347 0.06 0.0159347542)
(0.08623475445 0.06 0.01591042609)
(0.08701223297 0.06 0.0172458065)
(0.08547159041 0.06 0.01723275081)
(0.08623741674 0.06 0.01855554559)
(0.0847057679 0.06 0.01855300097)
(0.08547249548 0.06 0.01987757101)
(0.08394299896 0.06 0.01987822808)
(0.08470936219 0.06 0.02120180774)
(0.08317991876 0.06 0.02120316886)
(0.08394633303 0.06 0.02252675808)
(0.08241643793 0.06 0.02252898888)
(0.08164965453 0.06 0.02120473281)
(0.08088578959 0.06 0.02253123614)
(0.08011870878 0.06 0.02120606744)
(0.07935445032 0.06 0.022533377)
(0.07858699967 0.06 0.02120764315)
(0.07782244588 0.06 0.02253541973)
(0.07705458899 0.06 0.02120917054)
(0.0762897083 0.06 0.02253749837)
(0.07552156977 0.06 0.02121071442)
(0.07475631509 0.06 0.02253965273)
(0.07398788879 0.06 0.02121230526)
(0.07322244776 0.06 0.02254169155)
(0.07245373313 0.06 0.02121390247)
(0.07168808874 0.06 0.0225437099)
(0.07091912286 0.06 0.02121553737)
(0.07015431655 0.06 0.0225444295)
(0.06938418408 0.06 0.02121719235)
(0.06861928981 0.06 0.02254384584)
(0.0678489259 0.06 0.02121821664)
(0.06708270325 0.06 0.02254656458)
(0.06631306344 0.06 0.02122728685)
(0.06554664632 0.06 0.02255187262)
(0.06477045533 0.06 0.02123455924)
(0.0640093606 0.06 0.02255560703)
(0.06323288182 0.06 0.02123009349)
(0.06247409378 0.06 0.02255542296)
(0.06170288129 0.06 0.02122669852)
(0.06093900022 0.06 0.02255379386)
(0.06016749895 0.06 0.02122742779)
(0.05940087169 0.06 0.02255600813)
(0.05863059819 0.06 0.0212286256)
(0.05786366533 0.06 0.02256053201)
(0.05709349012 0.06 0.02123073193)
(0.05632647438 0.06 0.02256291858)
(0.0555562556 0.06 0.02123263561)
(0.05478920478 0.06 0.02256493923)
(0.05401890222 0.06 0.02123445608)
(0.05325176364 0.06 0.02256682258)
(0.05248143157 0.06 0.021236244)
(0.05171422441 0.06 0.02256871596)
(0.05094384383 0.06 0.02123803261)
(0.05017660234 0.06 0.0225705864)
(0.04940617964 0.06 0.02124848475)
(0.04863888655 0.06 0.02257390261)
(0.04786085157 0.06 0.02125634654)
(0.04709982269 0.06 0.02257701327)
(0.04632153549 0.06 0.02125069083)
(0.04556149781 0.06 0.02257783829)
(0.04479088683 0.06 0.02124670852)
(0.04402530817 0.06 0.0225780152)
(0.04325443799 0.06 0.02124727692)
(0.04248728335 0.06 0.02257990416)
(0.04171670941 0.06 0.02125789394)
(0.04094932425 0.06 0.02258321311)
(0.04017093272 0.06 0.02126596113)
(0.03941002836 0.06 0.02258632673)
(0.03863140576 0.06 0.02126003608)
(0.03787155498 0.06 0.02258707178)
(0.03710091084 0.06 0.0212649648)
(0.0363345067 0.06 0.02258930476)
(0.0355595355 0.06 0.02127375072)
(0.03479594894 0.06 0.02259223584)
(0.03402096667 0.06 0.02126794319)
(0.03325822202 0.06 0.02259262476)
(0.03249347406 0.06 0.02126504749)
(0.03172225678 0.06 0.02259220348)
(0.03095394114 0.06 0.02127206671)
(0.03018637702 0.06 0.02259510973)
(0.02941237015 0.06 0.02127231377)
(0.02864980344 0.06 0.02259622891)
(0.0278856738 0.06 0.02127070649)
(0.02711606681 0.06 0.02259663955)
(0.02634725105 0.06 0.02126844026)
(0.02558194568 0.06 0.02259768895)
(0.0248069784 0.06 0.02127488323)
(0.07552497435 0.06 0.02386663967)
(0.06631697505 0.06 0.02387641929)
(0.02941888958 0.06 0.02392248271)
(0.05248464566 0.06 0.02389933475)
(0.04325968194 0.06 0.0239098402)
(0.08165326523 0.06 0.02385468719)
(0.05863449706 0.06 0.02388644465)
(0.03710341205 0.06 0.02391496085)
(0.02404819792 0.06 0.02259959303)
(0.02328038694 0.06 0.0212787182)
(0.02252095813 0.06 0.02260365382)
(0.02328499937 0.06 0.02392670802)
(0.02174024141 0.06 0.02130650339)
(0.0217578407 0.06 0.02393024988)
(0.02252084042 0.06 0.02525309763)
(0.0209937575 0.06 0.02525668615)
(0.02175683975 0.06 0.02657960099)
(0.02022985567 0.06 0.02658307874)
(0.02099272172 0.06 0.02790579503)
(0.01946575748 0.06 0.02790913704)
(0.0202286917 0.06 0.02923166132)
(0.02403315261 0.06 0.01996184429)
(0.01870195083 0.06 0.02923513835)
(0.03325495445 0.06 0.01995669455)
(0.04247324034 0.06 0.01993657237)
(0.07015027538 0.06 0.01988684127)
(0.01869081154 0.06 0.0266072012)
(0.0501636245 0.06 0.01993770904)
(0.05632336765 0.06 0.01990048729)
(0.06246888101 0.06 0.01989942259)
(0.0762869806 0.06 0.01988919088)
(0.01946490665 0.06 0.03055754827)
(0.02099489114 0.06 0.03055603418)
(0.01793496488 0.06 0.03055860551)
(0.08546680224 0.06 0.01458361268)
(0.02023068292 0.06 0.03188224408)
(0.02176176122 0.06 0.03188114592)
(0.02099723538 0.06 0.0332082179)
(0.02252906035 0.06 0.03320707465)
(0.02864582431 0.06 0.01996293025)
(0.07092291233 0.06 0.02386987059)
(0.04787320082 0.06 0.0239048043)
(0.03784529163 0.06 0.01995675206)
(0.02176403259 0.06 0.03453463442)
(0.02329648445 0.06 0.0345336588)
(0.02023242837 0.06 0.03453511973)
(0.08547553125 0.06 0.02252495266)
(0.02099896178 0.06 0.03586227523)
(0.01946740139 0.06 0.03586173772)
(0.08775406053 0.06 0.01061417437)
(0.02406164994 0.06 0.03320543653)
(0.02482950929 0.06 0.0345325415)
(0.02559496432 0.06 0.03320368225)
(0.02636321253 0.06 0.03453110162)
(0.02559734762 0.06 0.03586029798)
(0.02713155784 0.06 0.03585898937)
(0.02789754546 0.06 0.0345294387)
(0.02866622817 0.06 0.03585776262)
(0.02943103605 0.06 0.03452856693)
(0.03019723769 0.06 0.03585439754)
(0.03096557062 0.06 0.03452840539)
(0.03173211081 0.06 0.03585159178)
(0.03250384999 0.06 0.03452437686)
(0.0332724935 0.06 0.03585201358)
(0.03404019891 0.06 0.03452235172)
(0.03480556813 0.06 0.03584992136)
(0.03557633492 0.06 0.03452057484)
(0.03634343114 0.06 0.03584745586)
(0.03711170455 0.06 0.03451979366)
(0.0378846138 0.06 0.0358484853)
(0.03864932586 0.06 0.03452084087)
(0.03941669965 0.06 0.03584640926)
(0.04018757731 0.06 0.03451864783)
(0.04095535322 0.06 0.03584367761)
(0.04172387307 0.06 0.03451567695)
(0.04249721462 0.06 0.03584429493)
(0.04326201262 0.06 0.03451627223)
(0.04403376178 0.06 0.03583966687)
(0.04480118987 0.06 0.03451368749)
(0.04557361636 0.06 0.03583633182)
(0.04633956223 0.06 0.0345097168)
(0.04711186431 0.06 0.03583917103)
(0.04787755463 0.06 0.03450854944)
(0.04864773345 0.06 0.03583468519)
(0.04941508562 0.06 0.03450664723)
(0.05018732919 0.06 0.03583141889)
(0.050953155 0.06 0.03450482324)
(0.05172550069 0.06 0.03583460444)
(0.05249107976 0.06 0.03450409677)
(0.05326125537 0.06 0.03583033516)
(0.05402855596 0.06 0.03450231536)
(0.05480082442 0.06 0.03582708364)
(0.05556657276 0.06 0.03450053817)
(0.05633891645 0.06 0.03583020951)
(0.05710439009 0.06 0.03449982766)
(0.05787449625 0.06 0.03582604729)
(0.05864170828 0.06 0.03449809206)
(0.05941389608 0.06 0.03582279658)
(0.06017952794 0.06 0.03449634199)
(0.0609517783 0.06 0.03582581966)
(0.06171712606 0.06 0.03449564266)
(0.06248710705 0.06 0.03582178121)
(0.06325418313 0.06 0.0344939439)
(0.06402622641 0.06 0.03581853775)
(0.06479170358 0.06 0.03449223051)
(0.06556377954 0.06 0.03582141459)
(0.06632893816 0.06 0.0344915425)
(0.0670987227 0.06 0.03581758906)
(0.0678655841 0.06 0.03448992662)
(0.06863516228 0.06 0.03581855155)
(0.06940227681 0.06 0.03448899392)
(0.0701717967 0.06 0.03581469926)
(0.07093878759 0.06 0.03448731917)
(0.0717082278 0.06 0.03581305508)
(0.07247509587 0.06 0.03448595514)
(0.07324446212 0.06 0.03581421701)
(0.07401125123 0.06 0.03448558703)
(0.07478027847 0.06 0.03581067128)
(0.07554695962 0.06 0.03448404541)
(0.07631577949 0.06 0.03580920079)
(0.07708228628 0.06 0.03448252823)
(0.07785090409 0.06 0.03580536531)
(0.07861712491 0.06 0.03448086704)
(0.079385605 0.06 0.03580678812)
(0.08015159703 0.06 0.03448219298)
(0.0809198205 0.06 0.03580560277)
(0.08168553905 0.06 0.03448161524)
(0.08245379199 0.06 0.03580247603)
(0.08321904757 0.06 0.03447846502)
(0.08398650174 0.06 0.03580273878)
(0.08475082236 0.06 0.03447800306)
(0.08551737406 0.06 0.03580248285)
(0.08628136302 0.06 0.03447739084)
(0.08704707241 0.06 0.03580075569)
(0.07554573141 0.06 0.03712598953)
(0.07093687445 0.06 0.03712910087)
(0.06633096394 0.06 0.03714000886)
(0.0524917483 0.06 0.03715318843)
(0.04787783716 0.06 0.03715768061)
(0.04325929963 0.06 0.03716494327)
(0.03864088589 0.06 0.03717236735)
(0.02943162372 0.06 0.0371845506)
(0.03402722581 0.06 0.03717526019)
(0.08779468541 0.06 0.0185933738)
(0.08781034108 0.06 0.03447679473)
(0.0847528414 0.06 0.03712455103)
(0.02023381193 0.06 0.03719005009)
(0.01870147054 0.06 0.03719000786)
(0.06171860808 0.06 0.03714437572)
(0.08015339596 0.06 0.03712537209)
(0.05710548347 0.06 0.03714877003)
(0.08704508865 0.06 0.03315363508)
(0.08857147999 0.06 0.03315212767)
(0.08857572416 0.06 0.03579982452)
(0.06248416577 0.06 0.03316427249)
(0.03326954885 0.06 0.03319740112)
(0.01946829352 0.06 0.03851832799)
(0.01793520621 0.06 0.0385192026)
(0.01716980143 0.06 0.03718972792)
(0.01640273062 0.06 0.03851955755)
(0.01563717029 0.06 0.03719201224)
(0.01487098319 0.06 0.0385201608)
(0.01410430843 0.06 0.03719536623)
(0.01334030268 0.06 0.03852074464)
(0.01257463186 0.06 0.03719736936)
(0.01181132113 0.06 0.03852111642)
(0.011046267 0.06 0.03719864539)
(0.01180914807 0.06 0.03587556201)
(0.01028366021 0.06 0.03852068611)
(0.08780868797 0.06 0.03183027297)
(0.08933339785 0.06 0.0318284276)
(0.07784881373 0.06 0.03315347575)
(0.07324232256 0.06 0.03315775502)
(0.06863207491 0.06 0.03315943204)
(0.05633391102 0.06 0.03317012184)
(0.04095237062 0.06 0.03319260727)
(0.05018136216 0.06 0.03317550627)
(0.04556799196 0.06 0.03318615704)
(0.01028243164 0.06 0.03587598478)
(0.01104404213 0.06 0.03455448562)
(0.08244411874 0.06 0.0331516828)
(0.09006436483 0.06 0.01461444719)
(0.08857151954 0.06 0.03050794323)
(0.09009695847 0.06 0.03050713678)
(0.01104797562 0.06 0.03984404383)
(0.009520661299 0.06 0.03984347628)
(0.01716917873 0.06 0.03984744712)
(0.009518867358 0.06 0.03455548785)
(0.01027981395 0.06 0.03323473748)
(0.08932846102 0.06 0.02917771527)
(0.09085786152 0.06 0.03183390488)
(0.02328727607 0.06 0.02657859188)
(0.09085787052 0.06 0.02918428127)
(0.09009180504 0.06 0.0278539184)
(0.08779119142 0.06 0.02916123227)
(0.008755533379 0.06 0.03323639314)
(0.009516243141 0.06 0.03191577352)
(0.02100153477 0.06 0.03851740474)
(0.09162037342 0.06 0.02786471158)
(0.09085910698 0.06 0.02654223741)
(0.01028464101 0.06 0.04116703032)
(0.008757569463 0.06 0.04116672119)
(0.01104307113 0.06 0.0319089281)
(0.0102759269 0.06 0.03059377889)
(0.008752451029 0.06 0.03059784657)
(0.009512471129 0.06 0.02927660555)
(0.01103827965 0.06 0.02926777873)
(0.01027139504 0.06 0.027954389)
(0.008748835283 0.06 0.02795841975)
(0.009508140918 0.06 0.02663799513)
(0.01103039754 0.06 0.02663449263)
(0.01026721751 0.06 0.02531729313)
(0.01178978227 0.06 0.02531495573)
(0.01102653903 0.06 0.0239963393)
(0.01254928513 0.06 0.02399724933)
(0.01178506082 0.06 0.02267596619)
(0.01026154815 0.06 0.02267932655)
(0.01102123253 0.06 0.02135663176)
(0.01254536202 0.06 0.02135588503)
(0.0117792529 0.06 0.02003395444)
(0.01330614249 0.06 0.02003338647)
(0.01253871186 0.06 0.01871068549)
(0.01406620074 0.06 0.01870806127)
(0.01329903637 0.06 0.01738635462)
(0.01482752303 0.06 0.01738388583)
(0.01405975301 0.06 0.0160611489)
(0.01558953263 0.06 0.01605876318)
(0.01482188321 0.06 0.01473585842)
(0.01635167622 0.06 0.01473227229)
(0.01329200533 0.06 0.01473842591)
(0.01405398833 0.06 0.01341322073)
(0.01252479629 0.06 0.01341628834)
(0.01328457977 0.06 0.01208983173)
(0.01175655213 0.06 0.01209490477)
(0.01099630078 0.06 0.01341991215)
(0.01022948369 0.06 0.01209900618)
(0.01098942444 0.06 0.01077407338)
(0.01025239248 0.06 0.02003591852)
(0.009462288633 0.06 0.01077824224)
(0.00946915713 0.06 0.01342337799)
(0.01022255431 0.06 0.009453038793)
(0.00869452925 0.06 0.009457183012)
(0.01483360848 0.06 0.02003327125)
(0.01711956314 0.06 0.01605613286)
(0.01788213284 0.06 0.01472894407)
(0.00799491517 0.06 0.03455618309)
(0.007985607002 0.06 0.02664121608)
(0.007993820542 0.06 0.03984552611)
(0.009454407152 0.06 0.008131506067)
(0.01098381018 0.06 0.008127134981)
(0.007923803896 0.06 0.008135029092)
(0.09235526141 0.06 0.0106286608)
(0.09004183722 0.06 0.006642718914)
(0.09238332596 0.06 0.02654532825)
(0.09161927866 0.06 0.02522559298)
(0.09238631387 0.06 0.02919090818)
(0.03249193703 0.06 0.02392118972)
(0.007934957869 0.06 0.01078196531)
(0.06555874638 0.06 0.03316177605)
(0.0594091514 0.06 0.03316688382)
(0.08781289702 0.06 0.03712347476)
(0.08934088669 0.06 0.03712194074)
(0.08857858952 0.06 0.03844563734)
(0.09010613265 0.06 0.03844370759)
(0.0893439617 0.06 0.03976779689)
(0.09087184885 0.06 0.03976587837)
(0.09086809895 0.06 0.03712011363)
(0.09010964592 0.06 0.0410899524)
(0.08858052122 0.06 0.04109228813)
(0.09163744477 0.06 0.04108769532)
(0.08934708455 0.06 0.0424160611)
(0.08781628687 0.06 0.04241819778)
(0.05325838827 0.06 0.0331729715)
(0.01487177031 0.06 0.03586609905)
(0.04017969732 0.06 0.02391121129)
(0.03634358952 0.06 0.03319049873)
(0.02023551055 0.06 0.03984625162)
(0.02176978908 0.06 0.03984514663)
(0.02100326864 0.06 0.04117458279)
(0.02253826268 0.06 0.04117340775)
(0.02177180366 0.06 0.04250311266)
(0.0233069318 0.06 0.04250207629)
(0.02023668572 0.06 0.04250419205)
(0.04555666669 0.06 0.01992106193)
(0.05555948582 0.06 0.02389537307)
(0.05324864749 0.06 0.01990382491)
(0.06324396849 0.06 0.02388509746)
(0.05939752884 0.06 0.01989723212)
(0.06707100402 0.06 0.01991526043)
(0.02866041805 0.06 0.0332028517)
(0.07321954628 0.06 0.01988430349)
(0.07859045684 0.06 0.02386069183)
(0.0847130002 0.06 0.02384976878)
(0.01711396049 0.06 0.01340480396)
(0.018645031 0.06 0.01340147025)
(0.01787629929 0.06 0.01207629796)
(0.01940872182 0.06 0.01207331965)
(0.01863932461 0.06 0.0107474267)
(0.02017125304 0.06 0.01074494372)
(0.02094138923 0.06 0.01207044153)
(0.02170219832 0.06 0.0107419313)
(0.02247381352 0.06 0.01206747919)
(0.02323656516 0.06 0.01073797561)
(0.02400787466 0.06 0.01206413579)
(0.02477206495 0.06 0.01073517189)
(0.02554385112 0.06 0.01206227132)
(0.02630746807 0.06 0.01073216251)
(0.02707782137 0.06 0.0120590008)
(0.0278440728 0.06 0.01072814503)
(0.02861360866 0.06 0.0120553404)
(0.02937900979 0.06 0.01072554302)
(0.0301509137 0.06 0.0120532808)
(0.03091551996 0.06 0.0107229927)
(0.03168625787 0.06 0.01205046662)
(0.03245349849 0.06 0.01071917757)
(0.03322324728 0.06 0.01204665823)
(0.03398944747 0.06 0.01071632154)
(0.03476186334 0.06 0.01204459403)
(0.0355268611 0.06 0.01071404609)
(0.03629795859 0.06 0.01204187936)
(0.037065982 0.06 0.01070993849)
(0.03783391774 0.06 0.01203795037)
(0.03860188584 0.06 0.01070722396)
(0.03937273513 0.06 0.01203587272)
(0.04013959249 0.06 0.01070512166)
(0.04091088164 0.06 0.0120331991)
(0.04167931586 0.06 0.01070111292)
(0.04244917664 0.06 0.0120283124)
(0.04321728509 0.06 0.01069893912)
(0.04398883812 0.06 0.01202610733)
(0.04475567134 0.06 0.01069556921)
(0.04552721371 0.06 0.01202504335)
(0.04629372721 0.06 0.01069349978)
(0.04706531374 0.06 0.01202255203)
(0.04783177742 0.06 0.01068917596)
(0.0486033539 0.06 0.01201774769)
(0.04936981223 0.06 0.01068568934)
(0.05014000384 0.06 0.01201378787)
(0.05090759809 0.06 0.01068248826)
(0.05167774307 0.06 0.0120123006)
(0.05244550352 0.06 0.01067974814)
(0.0532170219 0.06 0.01201021019)
(0.05398374651 0.06 0.01067704814)
(0.0547552179 0.06 0.01200741444)
(0.05552166797 0.06 0.0106741251)
(0.05629313991 0.06 0.01200446149)
(0.05705951068 0.06 0.01067119359)
(0.0578309636 0.06 0.01200147337)
(0.05859730356 0.06 0.0106682567)
(0.05936870897 0.06 0.01199847571)
(0.06013499859 0.06 0.01066533406)
(0.060906368 0.06 0.01199546237)
(0.06167260433 0.06 0.01066240415)
(0.06244394384 0.06 0.01199115337)
(0.06321010893 0.06 0.01065926224)
(0.0639813932 0.06 0.01198787142)
(0.06474749284 0.06 0.01065626561)
(0.06551870891 0.06 0.01198489557)
(0.06628473152 0.06 0.01065434836)
(0.06705585983 0.06 0.01198200918)
(0.06782178634 0.06 0.0106522741)
(0.06859281282 0.06 0.0119802389)
(0.06935861994 0.06 0.0106487395)
(0.07012952774 0.06 0.01197635148)
(0.07089520639 0.06 0.01064569178)
(0.07166598354 0.06 0.01197308076)
(0.0724315215 0.06 0.01064317164)
(0.07320215686 0.06 0.01197018445)
(0.0739675345 0.06 0.01063971477)
(0.07473801517 0.06 0.0119669441)
(0.07550323937 0.06 0.01063647922)
(0.07627335911 0.06 0.01196441698)
(0.07703834011 0.06 0.01063379681)
(0.02399309273 0.06 0.009408448921)
(0.02860691019 0.06 0.009399260651)
(0.03321622668 0.06 0.009389536546)
(0.03782847924 0.06 0.009380280064)
(0.0424452728 0.06 0.009373028315)
(0.06551370391 0.06 0.009326139793)
(0.07012397036 0.06 0.009318928041)
(0.04705807466 0.06 0.009363809925)
(0.07780811375 0.06 0.01196121096)
(0.0785726105 0.06 0.01063100341)
(0.07780324147 0.06 0.009303584181)
(0.07933734191 0.06 0.00930094004)
(0.05321225269 0.06 0.009346608844)
(0.05936362879 0.06 0.009335057992)
(0.01940065266 0.06 0.009419620272)
(0.01786926646 0.06 0.009421715156)
(0.07856810159 0.06 0.007973516627)
(0.08010229225 0.06 0.007970915217)
(0.08087101629 0.06 0.009298913343)
(0.08163610544 0.06 0.007968644382)
(0.06474877562 0.06 0.01331469765)
(0.02631128287 0.06 0.013388619)
(0.03091848919 0.06 0.01338085957)
(0.04783468973 0.06 0.01334863143)
(0.04013841612 0.06 0.01336205741)
(0.03552973949 0.06 0.01337266497)
(0.01863101694 0.06 0.00809335971)
(0.06243884724 0.06 0.009329368868)
(0.05013627294 0.06 0.009352446023)
(0.05628806218 0.06 0.009340816199)
(0.07473279849 0.06 0.009309403958)
(0.02170894882 0.06 0.01339589465)
(0.01410411829 0.06 0.03984615086)
(0.07935227227 0.06 0.01988180831)
(0.01255196519 0.06 0.02663277335)
(0.08394081369 0.06 0.01723086158)
(0.01709938237 0.06 0.008095674742)
(0.02636539331 0.06 0.03718789342)
(0.07934238079 0.06 0.0119579627)
(0.02021785122 0.06 0.02395602205)
(0.09239864972 0.06 0.03976454566)
(0.07857830878 0.06 0.01328764398)
(0.0755069404 0.06 0.013295911)
(0.07243127791 0.06 0.01330130125)
(0.06936069732 0.06 0.01330801269)
(0.01864999082 0.06 0.01605310843)
(0.06167657403 0.06 0.01332189774)
(0.05859939779 0.06 0.01333045169)
(0.05552406055 0.06 0.01333620289)
(0.05244535477 0.06 0.01334082966)
(0.04475644274 0.06 0.01335348936)
(0.007231330288 0.06 0.04116759424)
(0.007994471616 0.06 0.04248855115)
(0.007232599049 0.06 0.0332381634)
(0.007226485168 0.06 0.0279623411)
(0.09314976924 0.06 0.02522951354)
(0.0923808894 0.06 0.02390781326)
(0.09316461611 0.06 0.04108588039)
(0.09240326246 0.06 0.04240857419)
(0.09385704891 0.06 0.007959142551)
(0.01021472569 0.06 0.006804415564)
(0.01174435978 0.06 0.00679926417)
(0.093911324 0.06 0.02391017614)
(0.09314180418 0.06 0.02258884184)
(0.09161804719 0.06 0.02258935209)
(0.09237883782 0.06 0.02127071492)
(0.0178631974 0.06 0.006765839258)
(0.01939285263 0.06 0.006764945581)
(0.0248267297 0.06 0.03187649235)
(0.08240404161 0.06 0.00929695199)
(0.08316943864 0.06 0.007966242373)
(0.08011136139 0.06 0.01328463692)
(0.08240494174 0.06 0.006647304054)
(0.08393892806 0.06 0.006640813976)
(0.07933290311 0.06 0.006643139201)
(0.0777980026 0.06 0.006645718345)
(0.006463698004 0.06 0.02664392029)
(0.006468287959 0.06 0.04248893384)
(0.006472083018 0.06 0.03455732801)
(0.006468978514 0.06 0.03984560786)
(0.007230757451 0.06 0.04380985248)
(0.008756711549 0.06 0.04381051956)
(0.09009463041 0.06 0.0252138553)
(0.0885839981 0.06 0.04374353858)
(0.08705215609 0.06 0.04374569084)
(0.08628443979 0.06 0.04241955441)
(0.08551962121 0.06 0.04374771197)
(0.08475159658 0.06 0.04242053505)
(0.08398625603 0.06 0.04374961124)
(0.08321782972 0.06 0.042421704)
(0.0824520674 0.06 0.04375147616)
(0.08168331101 0.06 0.04242311511)
(0.08091719045 0.06 0.04375335651)
(0.08014813993 0.06 0.04242446205)
(0.07938174299 0.06 0.04375514453)
(0.07861249158 0.06 0.04242589868)
(0.07784582329 0.06 0.04375691447)
(0.07707644248 0.06 0.0424272714)
(0.07630949654 0.06 0.04375862839)
(0.07553993429 0.06 0.04242866765)
(0.07477275877 0.06 0.04371828611)
(0.0740029976 0.06 0.04242309931)
(0.07319926063 0.06 0.0436907558)
(0.07245984562 0.06 0.04241848348)
(0.0716549836 0.06 0.04372860347)
(0.07092046144 0.06 0.04242490647)
(0.07015248461 0.06 0.04371540043)
(0.0693883794 0.06 0.04242475809)
(0.06858466255 0.06 0.04369294976)
(0.0678465258 0.06 0.04242198683)
(0.06704126895 0.06 0.04373248813)
(0.06630721453 0.06 0.04242902983)
(0.0655391975 0.06 0.04371938463)
(0.06477503377 0.06 0.04242903194)
(0.06397081309 0.06 0.04369669337)
(0.06323293364 0.06 0.04242629327)
(0.06242713577 0.06 0.04373671027)
(0.06169330732 0.06 0.0424334919)
(0.06092531978 0.06 0.0437671528)
(0.06016397074 0.06 0.04244340641)
(0.05939475654 0.06 0.04377490834)
(0.05862567865 0.06 0.04244469907)
(0.0578578854 0.06 0.04377744473)
(0.05708781395 0.06 0.04244640863)
(0.0563200137 0.06 0.0437791754)
(0.05554966852 0.06 0.04244790879)
(0.05478191154 0.06 0.04378073592)
(0.05401151957 0.06 0.04244942238)
(0.05324376018 0.06 0.04378226392)
(0.0524733539 0.06 0.04245093416)
(0.05170554245 0.06 0.04373923749)
(0.05093517631 0.06 0.04244502298)
(0.05012886532 0.06 0.04370991868)
(0.04939058568 0.06 0.04244016076)
(0.04858324159 0.06 0.04374978727)
(0.04785009536 0.06 0.04244701334)
(0.04708188296 0.06 0.04373579679)
(0.04631766453 0.06 0.04244684323)
(0.0455120004 0.06 0.04371207833)
(0.04477518989 0.06 0.04244387605)
(0.04396789316 0.06 0.04375359251)
(0.04323537708 0.06 0.04245131924)
(0.04246727163 0.06 0.04373974199)
(0.04170323593 0.06 0.04245129195)
(0.04089729785 0.06 0.0437158674)
(0.04016084441 0.06 0.04244834966)
(0.03935327917 0.06 0.04375776423)
(0.0386211282 0.06 0.04245591395)
(0.03785313682 0.06 0.04374378279)
(0.03708920791 0.06 0.04245592127)
(0.03628310206 0.06 0.04371968214)
(0.03554705442 0.06 0.04245294225)
(0.03473929957 0.06 0.04376191796)
(0.03400762222 0.06 0.04246062029)
(0.03323985375 0.06 0.04379395555)
(0.03247917951 0.06 0.04247104215)
(0.03171028502 0.06 0.04380194078)
(0.03094166822 0.06 0.04247251997)
(0.03017434967 0.06 0.04380445187)
(0.02940676782 0.06 0.04247518392)
(0.02863974942 0.06 0.04380697283)
(0.02100522919 0.06 0.04383323282)
(0.01946964021 0.06 0.04383429291)
(0.01716793473 0.06 0.02923686657)
(0.01640500798 0.06 0.03056011773)
(0.07934780906 0.06 0.01461348453)
(0.09391550955 0.06 0.02655880878)
(0.09390072661 0.06 0.02126977371)
(0.09313936714 0.06 0.0199524401)
(0.09392488679 0.06 0.03976355053)
(0.005704932306 0.06 0.04380898271)
(0.09393021423 0.06 0.0424064856)
(0.09316859949 0.06 0.0437292778)
(0.01023565517 0.06 0.01474315659)
(0.008710064063 0.06 0.01474708753)
(0.007222190317 0.06 0.0253251701)
(0.08627167879 0.06 0.03181833801)
(0.01717068976 0.06 0.031883144)
(0.01564162606 0.06 0.03188385971)
(0.01788729306 0.06 0.01738018617)
(0.02634968102 0.06 0.0239242383)
(0.01632966917 0.06 0.00676908772)
(0.02407343979 0.06 0.04117194964)
(0.01251052933 0.06 0.008119636033)
(0.01097280451 0.06 0.005477646523)
(0.009443807088 0.06 0.00548120163)
(0.08244938021 0.06 0.04109300582)
(0.01249547498 0.06 0.005461856693)
(0.07784349401 0.06 0.0410963651)
(0.07323325342 0.06 0.04109965137)
(0.06862098617 0.06 0.04110359245)
(0.06400761388 0.06 0.04110781899)
(0.05939363386 0.06 0.04111216253)
(0.05477929821 0.06 0.04111662697)
(0.03170909075 0.06 0.0411407784)
(0.05016478484 0.06 0.04112111317)
(0.03632199708 0.06 0.04113536484)
(0.04555024297 0.06 0.04112570965)
(0.0409358843 0.06 0.04113043171)
(0.01941760251 0.06 0.01737734784)
(0.01865457366 0.06 0.01870397961)
(0.07856312692 0.06 0.005319860727)
(0.07702757374 0.06 0.00532337243)
(0.005704984507 0.06 0.02796590124)
(0.005701350228 0.06 0.02532810151)
(0.006459029824 0.06 0.0240098035)
(0.005710639529 0.06 0.03324021568)
(0.09466074379 0.06 0.01995201398)
(0.09390010147 0.06 0.01863440056)
(0.09237830509 0.06 0.01863473673)
(0.09313938832 0.06 0.01731688856)
(0.09469534263 0.06 0.04372669816)
(0.07549700445 0.06 0.0449394448)
(0.0708396762 0.06 0.04491465349)
(0.06622553904 0.06 0.04491716798)
(0.05242808903 0.06 0.04495460869)
(0.04776539334 0.06 0.04492811446)
(0.04315007491 0.06 0.04493071311)
(0.03853515025 0.06 0.04493334514)
(0.03400143617 0.06 0.04508718148)
(0.02940772518 0.06 0.04513671698)
(0.09466084765 0.06 0.01731674657)
(0.09390047491 0.06 0.01599943149)
(0.007993323737 0.06 0.04513420285)
(0.009518089737 0.06 0.04513642843)
(0.01709375375 0.06 0.005438851497)
(0.0278724874 0.06 0.0451387316)
(0.004943331872 0.06 0.04248878516)
(0.004939007038 0.06 0.02401260917)
(0.005693528035 0.06 0.02268834585)
(0.09085577756 0.06 0.02127120494)
(0.08624154861 0.06 0.02385159383)
(0.08547941839 0.06 0.02517284856)
(0.08701023564 0.06 0.02253956441)
(0.009475419017 0.06 0.01606551537)
(0.007950865517 0.06 0.01606847525)
(0.007186067364 0.06 0.01475131394)
(0.006427870729 0.06 0.01607188381)
(0.007191957814 0.06 0.01738852377)
(0.005669998171 0.06 0.01739179305)
(0.00566359366 0.06 0.01475523359)
(0.006433361549 0.06 0.01870768125)
(0.004912286457 0.06 0.01871049148)
(0.01487664388 0.06 0.0305613342)
(0.007234150264 0.06 0.03587504682)
(0.00571210258 0.06 0.03587610713)
(0.01633626888 0.06 0.009424961161)
(0.02253520647 0.06 0.03851596214)
(0.08470332966 0.06 0.00796400822)
(0.08546816478 0.06 0.006635733038)
(0.08470391985 0.06 0.005311433303)
(0.0862332652 0.06 0.005307192484)
(0.0855168401 0.06 0.04109278256)
(0.08088028585 0.06 0.01460999738)
(0.08164362918 0.06 0.01328190615)
(0.08011700691 0.06 0.01593873652)
(0.07858446873 0.06 0.01594228995)
(0.02484234116 0.06 0.04250085836)
(0.02560886915 0.06 0.04117038632)
(0.0240757719 0.06 0.04383130415)
(0.09542143903 0.06 0.0212689694)
(0.09545610042 0.06 0.04240500641)
(0.08782003013 0.06 0.04507186833)
(0.08935158464 0.06 0.04506875724)
(0.0847549088 0.06 0.04507700075)
(0.08168641054 0.06 0.04508203746)
(0.07861542342 0.06 0.0450864394)
(0.06168762584 0.06 0.04506271168)
(0.05862854814 0.06 0.04510897008)
(0.05555232016 0.06 0.04511207673)
(0.09390624985 0.06 0.04503519642)
(0.02023844359 0.06 0.04516358247)
(0.01870282614 0.06 0.04516451516)
(0.0179341626 0.06 0.04383533381)
(0.01716744412 0.06 0.04516519933)
(0.01639913309 0.06 0.04383640031)
(0.01563241913 0.06 0.04516591137)
(0.01486582336 0.06 0.04383672174)
(0.01411466069 0.06 0.04515711163)
(0.01333743686 0.06 0.04383280558)
(0.0954215383 0.06 0.01599955736)
(0.09466165822 0.06 0.01468184109)
(0.09538447367 0.06 0.005310105729)
(0.01020233327 0.06 0.004153430271)
(0.09542855472 0.06 0.0449963583)
(0.008672823713 0.06 0.004145159739)
(0.09161694778 0.06 0.01731642537)
(0.07776046156 0.06 0.003995653827)
(0.004183584766 0.06 0.04380971535)
(0.004941629709 0.06 0.0451289413)
(0.09313151752 0.06 0.01467640889)
(0.09389239891 0.06 0.01334337119)
(0.09542140966 0.06 0.01336108872)
(0.09465997495 0.06 0.01201951735)
(0.08700729319 0.06 0.02517478602)
(0.08624542171 0.06 0.02649550847)
(0.08471735979 0.06 0.02649686273)
(0.08548364026 0.06 0.02781982529)
(0.08395441771 0.06 0.02782173022)
(0.08472144147 0.06 0.02914527377)
(0.08319160056 0.06 0.02914770002)
(0.08242429587 0.06 0.02782350846)
(0.08166095479 0.06 0.02915031952)
(0.08089332036 0.06 0.02782534496)
(0.0801305878 0.06 0.02915232366)
(0.07936157101 0.06 0.0278274113)
(0.07860094073 0.06 0.02915674649)
(0.07782924119 0.06 0.02782943721)
(0.07706719818 0.06 0.02916041506)
(0.07629581261 0.06 0.02783163735)
(0.07553066914 0.06 0.02916345415)
(0.07476136869 0.06 0.02783380636)
(0.07399590397 0.06 0.02916571513)
(0.07322675915 0.06 0.02783586938)
(0.07246134009 0.06 0.0291658894)
(0.07169198439 0.06 0.02783753927)
(0.07092659143 0.06 0.02916795349)
(0.07015675674 0.06 0.02783962043)
(0.06939120547 0.06 0.0291703094)
(0.06862112842 0.06 0.02784172565)
(0.06785513769 0.06 0.02917287121)
(0.0670851686 0.06 0.02784383974)
(0.06631903188 0.06 0.02917525299)
(0.06554891331 0.06 0.02784596116)
(0.06478262408 0.06 0.02917762892)
(0.06401237998 0.06 0.02784808861)
(0.06324601573 0.06 0.02917998127)
(0.06247569237 0.06 0.0278502617)
(0.06170922237 0.06 0.02918231334)
(0.06093879753 0.06 0.02785242918)
(0.06017225303 0.06 0.02918463707)
(0.05940176461 0.06 0.0278546193)
(0.0586351333 0.06 0.02918694875)
(0.05786457401 0.06 0.02785680449)
(0.05709787636 0.06 0.02918925563)
(0.056327248 0.06 0.02785900007)
(0.05556049876 0.06 0.02919154936)
(0.05478981733 0.06 0.02786120023)
(0.05402301707 0.06 0.02919383942)
(0.05325229174 0.06 0.02786340596)
(0.05248544522 0.06 0.02919611871)
(0.05171468791 0.06 0.02786562214)
(0.05094779688 0.06 0.02919673449)
(0.0501793977 0.06 0.02786894203)
(0.04940897749 0.06 0.02919803738)
(0.04864188602 0.06 0.02787393178)
(0.04787107851 0.06 0.02920226444)
(0.04710173943 0.06 0.02787556314)
(0.04633436096 0.06 0.02920561727)
(0.04556605076 0.06 0.02787647668)
(0.04479706847 0.06 0.0292078177)
(0.04402867966 0.06 0.02788114578)
(0.04325891997 0.06 0.02920965515)
(0.04248855367 0.06 0.02788237765)
(0.04172114992 0.06 0.02921243452)
(0.04095038377 0.06 0.02788189585)
(0.04018329705 0.06 0.02921426881)
(0.03941256688 0.06 0.02788363391)
(0.03864562354 0.06 0.02921629333)
(0.03787490285 0.06 0.02788580426)
(0.03710803013 0.06 0.02921845922)
(0.03633740905 0.06 0.02788812061)
(0.03557071547 0.06 0.02922056149)
(0.03480018858 0.06 0.02789239987)
(0.03403363283 0.06 0.02922292216)
(0.03326225393 0.06 0.02789618167)
(0.03249682577 0.06 0.02922529913)
(0.03172560728 0.06 0.02789701231)
(0.03096058464 0.06 0.029227097)
(0.03019078384 0.06 0.02789769732)
(0.02942509441 0.06 0.02922869118)
(0.02865558756 0.06 0.02790038698)
(0.02788926423 0.06 0.02922744353)
(0.02712086416 0.06 0.02790087849)
(0.08089889548 0.06 0.03048134247)
(0.01640665038 0.06 0.03320747982)
(0.01411369389 0.06 0.03188445388)
(0.0763057273 0.06 0.03049614319)
(0.0915590928 0.06 0.003990931345)
(0.09316036259 0.06 0.03844364102)
(0.09468601571 0.06 0.03844376556)
(0.0939216872 0.06 0.03712439355)
(0.09544650421 0.06 0.03712472882)
(0.0946823369 0.06 0.03580630876)
(0.08395891066 0.06 0.03047133081)
(0.006421212413 0.06 0.01343497311)
(0.004899081228 0.06 0.01343895183)
(0.07169729607 0.06 0.03049650755)
(0.09545091532 0.06 0.03976409437)
(0.006470113102 0.06 0.031921586)
(0.004949219522 0.06 0.03192356813)
(0.004190181469 0.06 0.03324076322)
(0.01257594526 0.06 0.03454693137)
(0.007911642289 0.06 0.005486659687)
(0.00714155825 0.06 0.004148814997)
(0.006380391503 0.06 0.005491426252)
(0.005572644167 0.06 0.004134841956)
(0.004845668889 0.06 0.005489538825)
(0.005619536596 0.06 0.006815943132)
(0.005656462598 0.06 0.01211913911)
(0.007215988772 0.06 0.02269044059)
(0.01563253441 0.06 0.04250735435)
(0.0801004304 0.06 0.005330950331)
(0.09315989859 0.06 0.03580696086)
(0.09392028493 0.06 0.03448869466)
(0.09544163197 0.06 0.03448795286)
(0.09468041994 0.06 0.03317105078)
(0.09239379992 0.06 0.03448811397)
(0.02252560968 0.06 0.03055408392)
(0.02177410105 0.06 0.04516254968)
(0.02018097544 0.06 0.01605045248)
(0.02094882239 0.06 0.01737503512)
(0.01634474282 0.06 0.0120801045)
(0.08623371099 0.06 0.007962258829)
(0.07626232922 0.06 0.006648973323)
(0.07549163494 0.06 0.005326354427)
(0.09085557158 0.06 0.01863540396)
(0.08704972135 0.06 0.0384467941)
(0.0900970701 0.06 0.02258865799)
(0.0118121352 0.06 0.04116711688)
(0.02788592056 0.06 0.02657275398)
(0.06708963606 0.06 0.03050362998)
(0.07472622057 0.06 0.006652197134)
(0.07395533259 0.06 0.005329039224)
(0.0731896723 0.06 0.006655973163)
(0.07241872003 0.06 0.00532891223)
(0.02171249576 0.06 0.0160474159)
(0.02635177547 0.06 0.02657527306)
(0.02558711015 0.06 0.02790382022)
(0.06401673097 0.06 0.03050820012)
(0.07165292844 0.06 0.006658567005)
(0.07088173617 0.06 0.00533418518)
(0.06094278887 0.06 0.03051408047)
(0.07011599774 0.06 0.006661700559)
(0.06934453592 0.06 0.005337280607)
(0.06857847479 0.06 0.006665185455)
(0.06780708377 0.06 0.005337469435)
(0.07007468051 0.06 0.004004419741)
(0.02483793405 0.06 0.03984244406)
(0.02637248845 0.06 0.03984065104)
(0.05786853141 0.06 0.03051883731)
(0.08012592689 0.06 0.02649951311)
(0.01556099687 0.06 0.005443059576)
(0.0670418917 0.06 0.006667910989)
(0.06626963356 0.06 0.005342588252)
(0.09240280278 0.06 0.04505237541)
(0.03095606269 0.06 0.02656960368)
(0.06550473409 0.06 0.006670782251)
(0.06473201936 0.06 0.005345499388)
(0.06546116333 0.06 0.004009461683)
(0.06396705348 0.06 0.006673773356)
(0.06319422505 0.06 0.005348486044)
(0.05479376757 0.06 0.03052423215)
(0.06242995651 0.06 0.00667663524)
(0.06165644353 0.06 0.005351028862)
(0.06089228501 0.06 0.006679585732)
(0.06011852233 0.06 0.00535396262)
(0.05935444515 0.06 0.006682615605)
(0.05858051185 0.06 0.005356510688)
(0.01104516175 0.06 0.04249352987)
(0.07399252734 0.06 0.02650634961)
(0.02636027897 0.06 0.03187466458)
(0.0578165078 0.06 0.006685590694)
(0.05704244295 0.06 0.005359461586)
(0.05627851908 0.06 0.006688626914)
(0.05550433134 0.06 0.005362008463)
(0.05171748427 0.06 0.03052467215)
(0.04710541165 0.06 0.03053581598)
(0.05474048014 0.06 0.006691604033)
(0.05396618472 0.06 0.005364966363)
(0.05320240462 0.06 0.00669464004)
(0.05242800944 0.06 0.005367510978)
(0.03019456536 0.06 0.03055595223)
(0.07706058798 0.06 0.02650370511)
(0.03556601387 0.06 0.02656182236)
(0.0516642934 0.06 0.006697615412)
(0.05088981297 0.06 0.005370473858)
(0.05012616149 0.06 0.00670065171)
(0.0493515994 0.06 0.00537301727)
(0.01256441572 0.06 0.04516714227)
(0.0485880078 0.06 0.006703627787)
(0.04781337296 0.06 0.005375983696)
(0.04704771033 0.06 0.006707057192)
(0.04627478288 0.06 0.005378592895)
(0.0455076068 0.06 0.006710872282)
(0.04473616533 0.06 0.005381921189)
(0.0693870837 0.06 0.02651263906)
(0.04397107453 0.06 0.006713656332)
(0.04319814384 0.06 0.005384530115)
(0.04243414003 0.06 0.00671585313)
(0.04166016387 0.06 0.005386873547)
(0.04089430667 0.06 0.006719759795)
(0.04012159609 0.06 0.005389933736)
(0.04242612335 0.06 0.004053081661)
(0.03935522627 0.06 0.006721725136)
(0.0385833391 0.06 0.005392674757)
(0.03781814247 0.06 0.006723856302)
(0.03702547316 0.06 0.00538411785)
(0.03627692604 0.06 0.006726476468)
(0.03547334917 0.06 0.005367653385)
(0.03776726692 0.06 0.004037173799)
(0.03473503488 0.06 0.006725307273)
(0.03395225782 0.06 0.005378211636)
(0.03320097736 0.06 0.006728349737)
(0.03240791407 0.06 0.005387116432)
(0.03166244446 0.06 0.006733848023)
(0.03085922632 0.06 0.005397257032)
(0.03312119264 0.06 0.004009306071)
(0.03012216421 0.06 0.006737898564)
(0.02935568194 0.06 0.005411523822)
(0.02859242109 0.06 0.006742704957)
(0.02781776661 0.06 0.005413439989)
(0.02705519378 0.06 0.006746728003)
(0.02627895255 0.06 0.005414995049)
(0.02853294556 0.06 0.004055808276)
(0.02551531498 0.06 0.006748114529)
(0.02474381204 0.06 0.005420833247)
(0.02397841126 0.06 0.006751155334)
(0.02320738743 0.06 0.005423633688)
(0.02397229204 0.06 0.004091997826)
(0.02243611828 0.06 0.004094739227)
(0.04249165686 0.06 0.03054067765)
(0.04633415229 0.06 0.02654715105)
(0.03480390722 0.06 0.03055266055)
(0.03787864287 0.06 0.03054686777)
(0.05094893166 0.06 0.02654090987)
(0.06170624477 0.06 0.02652248207)
(0.03864176038 0.06 0.02655294911)
(0.06477924667 0.06 0.0265174489)
(0.04171933394 0.06 0.02655521458)
(0.08546598201 0.06 0.009292433523)
(0.02244430387 0.06 0.006756919145)
(0.08241319783 0.06 0.01460124187)
(0.05709457799 0.06 0.0265276618)
(0.05401973516 0.06 0.02653187978)
(0.08317569032 0.06 0.0132736452)
(0.04704087554 0.06 0.004043842047)
(0.08932911609 0.06 0.02125794651)
(0.05011736535 0.06 0.004037716169)
(0.05319380185 0.06 0.004031608423)
(0.0562701477 0.06 0.004025534432)
(0.05934635584 0.06 0.004019494827)
(0.0854649889 0.06 0.003984223059)
(0.08699779284 0.06 0.003983022736)
(0.08391949055 0.06 0.003996685281)
(0.06242234966 0.06 0.004013526515)
(0.02248088714 0.06 0.01736732634)
(0.02324495013 0.06 0.01604397282)
(0.0746865561 0.06 0.003999116404)
(0.004191678101 0.06 0.02533635827)
(0.004154912908 0.06 0.01476719781)
(0.02401351575 0.06 0.01736306007)
(0.02477800338 0.06 0.01604090795)
(0.02554698344 0.06 0.01735885017)
(0.02631178388 0.06 0.01603890209)
(0.02708111014 0.06 0.01735612874)
(0.02784625739 0.06 0.01603537947)
(0.02862338816 0.06 0.01734940922)
(0.02938265743 0.06 0.0160317312)
(0.03016033948 0.06 0.01735483443)
(0.03091708715 0.06 0.01603035524)
(0.03168901319 0.06 0.01734945312)
(0.03245392717 0.06 0.01602757431)
(0.0332323503 0.06 0.01734213236)
(0.03399203889 0.06 0.01602378674)
(0.03477079696 0.06 0.01734770885)
(0.03552787488 0.06 0.01602229243)
(0.03629521656 0.06 0.01734831836)
(0.0370648296 0.06 0.01602087002)
(0.03783053638 0.06 0.01733745782)
(0.03860307175 0.06 0.0160171472)
(0.0393731485 0.06 0.01733640358)
(0.04013999445 0.06 0.01601502987)
(0.04090661119 0.06 0.01734045172)
(0.04167875151 0.06 0.01601206287)
(0.04244391818 0.06 0.01732997561)
(0.04321668283 0.06 0.01600954903)
(0.04399192505 0.06 0.0173231089)
(0.04475465297 0.06 0.01600637803)
(0.04553667441 0.06 0.01732287586)
(0.04629258709 0.06 0.01600454164)
(0.04707063801 0.06 0.01732680755)
(0.04783315561 0.06 0.01600327416)
(0.04859840667 0.06 0.0173287004)
(0.04936979708 0.06 0.01599996526)
(0.05013945935 0.06 0.01732367074)
(0.0509064793 0.06 0.01599658841)
(0.051687408 0.06 0.01731511116)
(0.05244576566 0.06 0.01599454559)
(0.05322703392 0.06 0.01731178068)
(0.05398178546 0.06 0.01599211355)
(0.05476465789 0.06 0.01730925245)
(0.05551943256 0.06 0.0159896373)
(0.05630215371 0.06 0.01730685049)
(0.05705698766 0.06 0.01598716822)
(0.05783952124 0.06 0.01730446584)
(0.05859760097 0.06 0.0159846795)
(0.05937729247 0.06 0.01730208224)
(0.06013652687 0.06 0.01598156639)
(0.0609147375 0.06 0.01729959013)
(0.06167511377 0.06 0.01597827265)
(0.06245192478 0.06 0.01729702639)
(0.06321013109 0.06 0.0159756429)
(0.06398390151 0.06 0.01729956718)
(0.06474569503 0.06 0.01597397142)
(0.06551088023 0.06 0.0173006894)
(0.06627947718 0.06 0.015972472)
(0.0670497058 0.06 0.017296311)
(0.06781744556 0.06 0.01596921934)
(0.06859482661 0.06 0.01728866772)
(0.06935610817 0.06 0.01596631503)
(0.07013248593 0.06 0.01728532936)
(0.07089101345 0.06 0.01596366473)
(0.07166800729 0.06 0.01728274157)
(0.07242615684 0.06 0.015961169)
(0.07320296184 0.06 0.01728031534)
(0.07396115747 0.06 0.01595884642)
(0.07473746334 0.06 0.01727793621)
(0.07549974614 0.06 0.01595495611)
(0.07628047553 0.06 0.01726946282)
(0.02100726934 0.06 0.04644253892)
(0.004170601967 0.06 0.02268379954)
(0.08858826866 0.06 0.04636050125)
(0.004166030111 0.06 0.01738558159)
(0.02864049111 0.06 0.04642223378)
(0.004136197702 0.06 0.01212219194)
(0.004891926058 0.06 0.01080367553)
(0.003483910359 0.06 0.01864788209)
(0.004114958765 0.06 0.006831405828)
(0.004083057213 0.06 0.004174959713)
(0.09316405094 0.06 0.04635404061)
(0.0961489737 0.06 0.01993221155)
(0.01629558529 0.06 0.004091412053)
(0.01784868164 0.06 0.004096728817)
(0.01476583996 0.06 0.004097792483)
(0.09008733636 0.06 0.04636833964)
(0.09235179937 0.06 0.01330092168)
(0.0900974931 0.06 0.01731364081)
(0.08778096724 0.06 0.02650124042)
(0.004170129092 0.06 0.02001670953)
(0.006445286972 0.06 0.02135723261)
(0.004864968071 0.06 0.008141463793)
(0.003279297327 0.06 0.00819541261)
(0.007954762863 0.06 0.01870523903)
(0.006472564414 0.06 0.03719577529)
(0.004951662288 0.06 0.03719387289)
(0.004201862357 0.06 0.03588335133)
(0.03017744755 0.06 0.04646715239)
(0.005707897443 0.06 0.03060616388)
(0.004188189054 0.06 0.03060789328)
(0.01176907229 0.06 0.01738643768)
(0.007973289806 0.06 0.02136983381)
(0.08240704731 0.06 0.01195334473)
(0.08393839296 0.06 0.01194837383)
(0.007995176843 0.06 0.03719738745)
(0.01334471246 0.06 0.03056690774)
(0.01409941598 0.06 0.02924558044)
(0.0179361951 0.06 0.0332074474)
(0.017171912 0.06 0.03453270692)
(0.0171241981 0.06 0.01870574745)
(0.01789163635 0.06 0.02002976205)
(0.01480001958 0.06 0.006776880485)
(0.06705343726 0.06 0.01464147481)
(0.02483140235 0.06 0.0371881681)
(0.07242444191 0.06 0.007987374609)
(0.02401009289 0.06 0.01471754555)
(0.01941767076 0.06 0.02002539159)
(0.01865440381 0.06 0.02135080295)
(0.0171286911 0.06 0.0213551484)
(0.01789159918 0.06 0.02267590739)
(0.01636684052 0.06 0.02268043678)
(0.01712962277 0.06 0.02400069912)
(0.01560525265 0.06 0.02400494352)
(0.01636775582 0.06 0.02532478267)
(0.01483869321 0.06 0.0226814835)
(0.02629396705 0.06 0.008075287958)
(0.0148422976 0.06 0.02532613737)
(0.01561013738 0.06 0.02665087212)
(0.0678136822 0.06 0.007996555793)
(0.09615743495 0.06 0.01205475911)
(0.09542574861 0.06 0.01072332261)
(0.03090196833 0.06 0.008067506699)
(0.02861331918 0.06 0.01470950608)
(0.02559158791 0.06 0.03054805647)
(0.05013805031 0.06 0.01466908746)
(0.03551326743 0.06 0.00806044156)
(0.04474544106 0.06 0.008042013424)
(0.04012895035 0.06 0.008049729886)
(0.03322199121 0.06 0.01470158264)
(0.04244674482 0.06 0.01468377714)
(0.03783132536 0.06 0.01469293627)
(0.08776030839 0.06 0.005310952104)
(0.08852471957 0.06 0.003983221434)
(0.008753432745 0.06 0.04641174243)
(0.007238374651 0.06 0.04644314476)
(0.01023774416 0.06 0.04640800513)
(0.01789519972 0.06 0.04641354912)
(0.01484284639 0.06 0.04640202397)
(0.0225434754 0.06 0.04649222145)
(0.09613837063 0.06 0.01729183756)
(0.07935382167 0.06 0.01726778988)
(0.08088759916 0.06 0.01725589163)
(0.09617068398 0.06 0.03318743804)
(0.09543508902 0.06 0.03185650312)
(0.09391868147 0.06 0.031854802)
(0.09467875284 0.06 0.03053804071)
(0.09619863793 0.06 0.03053746452)
(0.095439541 0.06 0.02922132517)
(0.02714441479 0.06 0.04116885996)
(0.0279081493 0.06 0.03983714305)
(0.02561146103 0.06 0.04383012709)
(0.02480858727 0.06 0.04511752089)
(0.003531638973 0.06 0.03723480916)
(0.004217356705 0.06 0.03851889393)
(0.06475057816 0.06 0.01861324733)
(0.02171755464 0.06 0.0186832864)
(0.02632304408 0.06 0.01865467104)
(0.04783812888 0.06 0.01863884261)
(0.03094045009 0.06 0.01865401961)
(0.04014120471 0.06 0.01864660664)
(0.03554065347 0.06 0.01866043447)
(0.08701387353 0.06 0.04626278132)
(0.02709665836 0.06 0.04637343185)
(0.002588645607 0.06 0.01985204841)
(0.003477812903 0.06 0.04247565609)
(0.004191603071 0.06 0.04116880295)
(0.002599264598 0.06 0.04103640235)
(0.09689040172 0.06 0.01597834772)
(0.003546539082 0.06 0.04515591789)
(0.004171603175 0.06 0.04642163549)
(0.003424220263 0.06 0.010771557)
(0.08927878462 0.06 0.04756648746)
(0.007900864706 0.06 0.04767355302)
(0.02931991644 0.06 0.04760866268)
(0.02167422921 0.06 0.04761545053)
(0.09719593314 0.06 0.02908724613)
(0.09619952138 0.06 0.02790559369)
(0.09767379688 0.06 0.03061993346)
(0.09720062939 0.06 0.02120844955)
(0.09622519256 0.06 0.02257396379)
(0.09761367937 0.06 0.02260165907)
(0.09718822525 0.06 0.02403878594)
(0.09716348867 0.06 0.03461082181)
(0.09715697268 0.06 0.01345873171)
(0.09684143464 0.06 0.0107007701)
(0.09618573149 0.06 0.009414019927)
(0.09764822612 0.06 0.009202378474)
(0.09678461263 0.06 0.007876958729)
(0.006261323711 0.06 0.002746162174)
(0.009435226946 0.06 0.002826253628)
(0.01096054146 0.06 0.002827009926)
(0.01700137605 0.06 0.002715439692)
(0.02319174053 0.06 0.002753621425)
(0.02473351127 0.06 0.002761929876)
(0.09465637897 0.06 0.009344178621)
(0.09085229834 0.06 0.01599253943)
(0.01010066798 0.06 0.001434712483)
(0.02166496828 0.06 0.002765355326)
(0.02090467867 0.06 0.004101526174)
(0.02011895289 0.06 0.002758060663)
(0.08931965595 0.06 0.01595879363)
(0.09467967262 0.06 0.02790138877)
(0.08549577499 0.06 0.03048015442)
(0.0847371425 0.06 0.03181232703)
(0.08933798655 0.06 0.01862350761)
(0.003452026751 0.06 0.02129414645)
(0.08856976676 0.06 0.02259169339)
(0.09315759201 0.06 0.03053498887)
(0.0885583698 0.06 0.02519972716)
(0.02019222672 0.06 0.02132908362)
(0.09544015693 0.06 0.02658940899)
(0.09690983837 0.06 0.0265815636)
(0.09467351118 0.06 0.02524927915)
(0.01866708767 0.06 0.02397980586)
(0.08469574985 0.06 0.00265159352)
(0.01714592318 0.06 0.02662537886)
(0.02390592791 0.06 0.00139272257)
(0.00349970673 0.06 0.03976421578)
(0.08774886861 0.06 0.002656073837)
(0.07782014393 0.06 0.01726677123)
(0.01256145912 0.06 0.02925803728)
(0.07704756708 0.06 0.01594624385)
(0.01257521595 0.06 0.03189833625)
(0.01334274817 0.06 0.03321791643)
(0.007198081106 0.06 0.02002807018)
(0.004934461148 0.06 0.0213442265)
(0.006391401876 0.06 0.008137797569)
(0.01564089122 0.06 0.03453470875)
(0.008726061168 0.06 0.02003930844)
(0.009482534658 0.06 0.01871193243)
(0.004104798405 0.06 0.00946447064)
(0.002589419278 0.06 0.009538581563)
(0.09238711108 0.06 0.03184372144)
(0.08319856488 0.06 0.03180452494)
(0.07472611724 0.06 0.01462984468)
(0.005638937785 0.06 0.009467993298)
(0.01180367669 0.06 0.04382776188)
(0.01257479756 0.06 0.04249644924)
(0.007230577146 0.06 0.03852635968)
(0.0110019992 0.06 0.01606391)
(0.00494638169 0.06 0.02928732485)
(0.003496030695 0.06 0.02924937687)
(0.002617840013 0.06 0.03051326305)
(0.0971660059 0.06 0.002766590047)
(0.006466834051 0.06 0.02928553357)
(0.07165544005 0.06 0.01463407432)
(0.007178454826 0.06 0.01211458382)
(0.09308141951 0.06 0.001332060288)
(0.09154381595 0.06 0.001335499327)
(0.09078925072 0.06 0.00266534399)
(0.003854126192 0.06 0.04873625773)
(0.09615591619 0.06 0.04868151533)
(0.09694054133 0.06 0.04745743612)
(0.09540481268 0.06 0.04746269766)
(0.003843715201 0.06 0.001330938822)
(0.002870952153 0.06 0.002831600015)
(0.004632921983 0.06 0.002697035724)
(0.006998849192 0.06 0.001382159817)
(0.09615150154 0.06 0.003984208624)
(0.09687455159 0.06 0.005307695252)
(0.09608152806 0.06 0.006595486695)
(0.003446726136 0.06 0.005585160261)
(0.004965743934 0.06 0.03982966835)
(0.02321642871 0.06 0.008081466627)
(0.02168205861 0.06 0.008088136032)
(0.01024154536 0.06 0.01738677832)
(0.09460985255 0.06 0.006627459551)
(0.09536252543 0.06 0.007969541012)
(0.09313996531 0.06 0.009308759777)
(0.0931553185 0.06 0.02787364255)
(0.01640475408 0.06 0.03586218628)
(0.01410984879 0.06 0.03453795702)
(0.0961810181 0.06 0.04373582039)
(0.09692047263 0.06 0.04493704161)
(0.09722874876 0.06 0.04245860265)
(0.09625699278 0.06 0.04109402154)
(0.09760030881 0.06 0.04104993353)
(0.09719745484 0.06 0.03963611193)
(0.09621747394 0.06 0.03844732298)
(0.09696784012 0.06 0.03712111985)
(0.09469728761 0.06 0.04108650648)
(0.008757259261 0.06 0.03852165576)
(0.09311700279 0.06 0.04874147895)
(0.09163407342 0.06 0.0384439292)
(0.08317136324 0.06 0.01062399684)
(0.08470159413 0.06 0.01062170586)
(0.08546738432 0.06 0.01194409691)
(0.08163903857 0.06 0.01062729643)
(0.09620427283 0.06 0.03580577446)
(0.09618324409 0.06 0.01468120042)
(0.007989258721 0.06 0.02927903979)
(0.08398268743 0.06 0.03315073399)
(0.08166408097 0.06 0.03182951992)
(0.09540837202 0.06 0.01862668908)
(0.09676124044 0.06 0.01850639101)
(0.004950306968 0.06 0.03455985865)
(0.003502146142 0.06 0.03461040659)
(0.007166173612 0.06 0.009463232233)
(0.01154581648 0.06 0.04875018216)
(0.01237026179 0.06 0.04758538892)
(0.003453922915 0.06 0.01348260352)
(0.09162395124 0.06 0.03051582357)
(0.09161184631 0.06 0.03316120846)
(0.08623915427 0.06 0.0212033742)
(0.08776622576 0.06 0.02119908928)
(0.08701695725 0.06 0.01989547239)
(0.003474580908 0.06 0.03188684356)
(0.09684307198 0.06 0.031862232)
(0.01467066841 0.06 0.04876683307)
(0.09010333471 0.06 0.03579906962)
(0.089338159 0.06 0.03447771736)
(0.01408021022 0.06 0.02664241038)
(0.09547674368 0.06 0.02394424914)
(0.003487410441 0.06 0.02405739196)
(0.002587110974 0.06 0.02269864014)
(0.004944900703 0.06 0.0266473618)
(0.003434815014 0.06 0.02665848677)
(0.00418400161 0.06 0.02796240938)
(0.00276118563 0.06 0.02793545627)
(0.002038809305 0.06 0.02661484081)
(0.01253086047 0.06 0.01606277835)
(0.08231036815 0.06 0.001330969055)
(0.08153846137 0.06 0.002663244671)
(0.08000161995 0.06 0.002663757846)
(0.08309762372 0.06 0.002666261692)
(0.08237602404 0.06 0.004002831632)
(0.07923165169 0.06 0.001326990053)
(0.07769274685 0.06 0.00132520069)
(0.07695200141 0.06 0.002655522782)
(0.01775045208 0.06 0.0487750201)
(0.01462113534 0.06 0.001338952748)
(0.0139173512 0.06 0.002738700272)
(0.01546370721 0.06 0.002723163418)
(0.01322465074 0.06 0.00413240895)
(0.01772228955 0.06 0.001357183003)
(0.08536320537 0.06 0.04868724539)
(0.08464039864 0.06 0.04740439937)
(0.08312997211 0.06 0.04740024996)
(0.08231661016 0.06 0.04867852711)
(0.08159876694 0.06 0.04740160611)
(0.08006089666 0.06 0.04740001556)
(0.09157829697 0.06 0.01193831023)
(0.09312983696 0.06 0.01198975746)
(0.09081735272 0.06 0.01328349604)
(0.004911364981 0.06 0.01607544866)
(0.003496769429 0.06 0.01611766578)
(0.01407501049 0.06 0.02399991984)
(0.08393595822 0.06 0.009294223135)
(0.01716578461 0.06 0.04250673339)
(0.01639792107 0.06 0.04117863179)
(0.01486890306 0.06 0.04117475492)
(0.01101058492 0.06 0.01871095115)
(0.01870097047 0.06 0.04250567957)
(0.06397947566 0.06 0.01464613646)
(0.08165106578 0.06 0.01592632677)
(0.007992444427 0.06 0.03191900013)
(0.007151920553 0.06 0.0068128202)
(0.01560052426 0.06 0.02135748336)
(0.01407172091 0.06 0.02135598645)
(0.01636190143 0.06 0.02003104515)
(0.08699671302 0.06 0.006635936777)
(0.08775952372 0.06 0.007963511002)
(0.03402697216 0.06 0.02392076714)
(0.03325799062 0.06 0.02524566903)
(0.0355636303 0.06 0.02391697947)
(0.01946848711 0.06 0.04117591424)
(0.01556681235 0.06 0.008099460772)
(0.01480353474 0.06 0.009428699307)
(0.01557449663 0.06 0.01075478793)
(0.0140444727 0.06 0.01076232235)
(0.0770406339 0.06 0.01329289358)
(0.02079552377 0.06 0.001352951195)
(0.02539210431 0.06 0.04874324441)
(0.02466175263 0.06 0.0475857236)
(0.07461540897 0.06 0.001326069875)
(0.07387609963 0.06 0.002662958142)
(0.07230850764 0.06 0.002664222712)
(0.01562887314 0.06 0.02924628418)
(0.07938154479 0.06 0.03315080467)
(0.07861538554 0.06 0.03182462165)
(0.07707919076 0.06 0.03182540865)
(0.07784019538 0.06 0.03049003083)
(0.07554195223 0.06 0.03182862707)
(0.07476929693 0.06 0.03049670386)
(0.00874449239 0.06 0.02532125055)
(0.009502462789 0.06 0.02400150166)
(0.01635681004 0.06 0.01738159565)
(0.08625090812 0.06 0.02914250097)
(0.07153888267 0.06 0.001327620068)
(0.07000021277 0.06 0.001326896677)
(0.06923073389 0.06 0.002664834425)
(0.06769238522 0.06 0.002664608006)
(0.02788364878 0.06 0.02392277554)
(0.03095528334 0.06 0.02392128277)
(0.08701181762 0.06 0.02781719374)
(0.0885441724 0.06 0.02782067257)
(0.03017417428 0.06 0.04114322736)
(0.03094500055 0.06 0.03981591398)
(0.03247733394 0.06 0.0398137513)
(0.03171629134 0.06 0.03849705169)
(0.07924099244 0.06 0.04867857258)
(0.07852533309 0.06 0.04740168325)
(0.07698663517 0.06 0.04740003954)
(0.07616496278 0.06 0.0486783091)
(0.07540490905 0.06 0.04738533251)
(0.07462064844 0.06 0.04867768099)
(0.0738315522 0.06 0.04735608949)
(0.07233226024 0.06 0.04736594806)
(0.0731036445 0.06 0.04612725055)
(0.02167689993 0.06 0.005430484699)
(0.02865783681 0.06 0.0305544405)
(0.07016923 0.06 0.03315842946)
(0.06939745261 0.06 0.03182960047)
(0.07170585595 0.06 0.03315759537)
(0.07247057067 0.06 0.03182793648)
(0.02481637835 0.06 0.0239251765)
(0.03326565663 0.06 0.03055158347)
(0.06709516226 0.06 0.03316126441)
(0.02942088856 0.06 0.02657158929)
(0.03478158975 0.06 0.04113315831)
(0.03555138924 0.06 0.03980894198)
(0.03708948895 0.06 0.03980862723)
(0.03632671902 0.06 0.03849429382)
(0.03401384762 0.06 0.03981365077)
(0.06782407965 0.06 0.0133099566)
(0.06402135634 0.06 0.03316353451)
(0.02018073116 0.06 0.01869620626)
(0.008683384445 0.06 0.006808605373)
(0.06013730264 0.06 0.01332613963)
(0.009497899567 0.06 0.02135997316)
(0.0609465941 0.06 0.03316547831)
(0.03939518707 0.06 0.04112813999)
(0.0401651383 0.06 0.03980375269)
(0.04170355606 0.06 0.03980350461)
(0.04094011878 0.06 0.03848947729)
(0.03862750257 0.06 0.03980502446)
(0.07631287002 0.06 0.03315515599)
(0.05706078599 0.06 0.01333287647)
(0.03634125326 0.06 0.03054984119)
(0.05787151672 0.06 0.03316872071)
(0.07937920233 0.06 0.04109521309)
(0.07861046701 0.06 0.03976809924)
(0.07707779798 0.06 0.03976889135)
(0.08014872914 0.06 0.03976908281)
(0.07784557116 0.06 0.0384417906)
(0.08091498035 0.06 0.0410948065)
(0.08168448792 0.06 0.03976670031)
(0.08321621909 0.06 0.03976585305)
(0.0824524205 0.06 0.03844177142)
(0.08398355879 0.06 0.04109223122)
(0.08475078292 0.06 0.03976883579)
(0.07630748291 0.06 0.04109721333)
(0.07553903188 0.06 0.03976914377)
(0.07477057067 0.06 0.04109765462)
(0.07399886344 0.06 0.03976964869)
(0.07246717985 0.06 0.03977161244)
(0.07323812938 0.06 0.03844713253)
(0.0716945027 0.06 0.04109779673)
(0.07092696972 0.06 0.03977024054)
(0.07015666146 0.06 0.04109876653)
(0.06938617568 0.06 0.03977217135)
(0.06785468045 0.06 0.03977511951)
(0.06862683532 0.06 0.03845016432)
(0.06708152362 0.06 0.04110160849)
(0.06631762775 0.06 0.03978074583)
(0.06554499882 0.06 0.04110494732)
(0.06477602138 0.06 0.03978092465)
(0.06324170279 0.06 0.03978010957)
(0.06401944152 0.06 0.03846165582)
(0.03941451092 0.06 0.0305454552)
(0.03864512549 0.06 0.03187073633)
(0.04095175628 0.06 0.03054131144)
(0.0317288651 0.06 0.0305544306)
(0.03096127844 0.06 0.03187928417)
(0.05398482123 0.06 0.01333828959)
(0.008703807882 0.06 0.01210388684)
(0.05479617984 0.06 0.03317180243)
(0.04400945802 0.06 0.04112337027)
(0.04477944046 0.06 0.03979889673)
(0.04631795552 0.06 0.0397987131)
(0.04555846718 0.06 0.03848231092)
(0.04324155122 0.06 0.0398017302)
(0.0669231233 0.06 0.001328189508)
(0.05171930077 0.06 0.03317577093)
(0.06246782132 0.06 0.04110610242)
(0.06170398937 0.06 0.03978541388)
(0.06093095557 0.06 0.04111021174)
(0.0601620928 0.06 0.039785527)
(0.05862777923 0.06 0.03978445006)
(0.05940612806 0.06 0.03846614179)
(0.04862410324 0.06 0.04111894634)
(0.04939833712 0.06 0.03979174976)
(0.05093316321 0.06 0.03979364182)
(0.05017788851 0.06 0.03847471064)
(0.04786078983 0.06 0.03979959277)
(0.0332447773 0.06 0.04113883354)
(0.05785630177 0.06 0.04111421021)
(0.05709037375 0.06 0.03979048471)
(0.05631741237 0.06 0.0411151088)
(0.0555479885 0.06 0.0397901658)
(0.05401338394 0.06 0.03978888897)
(0.05479227762 0.06 0.03847064426)
(0.04402805537 0.06 0.03053908815)
(0.04325822678 0.06 0.03186498236)
(0.04556562985 0.06 0.03053514056)
(0.071542652 0.06 0.04867272592)
(0.07077854103 0.06 0.04736673517)
(0.07000225524 0.06 0.04867372888)
(0.06921385539 0.06 0.04735246464)
(0.0677169328 0.06 0.04736563849)
(0.06848883978 0.06 0.04612785455)
(0.05170302427 0.06 0.04111925947)
(0.05247590871 0.06 0.03979574122)
(0.0532427481 0.06 0.04112014553)
(0.06692723238 0.06 0.04867268529)
(0.06616334003 0.06 0.04736691386)
(0.06538688016 0.06 0.04867374781)
(0.06459832537 0.06 0.04735255661)
(0.06310175346 0.06 0.04736595246)
(0.06387383907 0.06 0.04612913397)
(0.06538463823 0.06 0.001326876105)
(0.06464717351 0.06 0.002663508499)
(0.04629408902 0.06 0.01335272251)
(0.03710408437 0.06 0.02655686256)
(0.03785741863 0.06 0.04113149862)
(0.04247151044 0.06 0.04112694133)
(0.04864494086 0.06 0.03317805332)
(0.04940998226 0.06 0.03185097816)
(0.0470884099 0.06 0.0411241869)
(0.04710745302 0.06 0.03318256066)
(0.07092257531 0.06 0.02650891163)
(0.03864069126 0.06 0.02391203362)
(0.06631811171 0.06 0.02651792623)
(0.06231183285 0.06 0.04867276495)
(0.0615989078 0.06 0.04739678093)
(0.0600659796 0.06 0.04740117566)
(0.05924177088 0.06 0.04867862941)
(0.05853040489 0.06 0.0474039521)
(0.05699070916 0.06 0.04740278987)
(0.05616512319 0.06 0.04867889699)
(0.05545402891 0.06 0.0474046943)
(0.05391409048 0.06 0.04740335299)
(0.05308826726 0.06 0.04867898467)
(0.05232959854 0.06 0.04738807435)
(0.05154399949 0.06 0.04867833143)
(0.05075427692 0.06 0.04735715241)
(0.04925645887 0.06 0.04736768489)
(0.05002816425 0.06 0.04613418266)
(0.04846583678 0.06 0.04867305297)
(0.04770195928 0.06 0.0473684569)
(0.04692540879 0.06 0.04867407912)
(0.04613616218 0.06 0.04735329628)
(0.04464079604 0.06 0.04736734957)
(0.04541219915 0.06 0.04613484266)
(0.04385042974 0.06 0.04867297672)
(0.04308652036 0.06 0.04736867793)
(0.04231000435 0.06 0.04867409568)
(0.04152054919 0.06 0.04735343692)
(0.04002553723 0.06 0.04736769728)
(0.04079680803 0.06 0.04613619179)
(0.03923506179 0.06 0.04867304617)
(0.03847117449 0.06 0.04736903141)
(0.03769463236 0.06 0.04867416826)
(0.03690503045 0.06 0.04735361639)
(0.0354104423 0.06 0.04736800699)
(0.03618177088 0.06 0.0461374758)
(0.03461975424 0.06 0.04867308361)
(0.03390910755 0.06 0.04740083378)
(0.03309140975 0.06 0.04869340159)
(0.03233239312 0.06 0.04750236027)
(0.0586347233 0.06 0.02652816989)
(0.05307692308 0.06 0.001329431741)
(0.05230769231 0.06 0.00266469355)
(0.04230769213 0.06 0.001331862438)
(0.04153846154 0.06 0.002664680777)
(0.0400000254 0.06 0.002664678884)
(0.03923079776 0.06 0.001332350582)
(0.03848466956 0.06 0.002676883938)
(0.03769619941 0.06 0.001334386916)
(0.03694014009 0.06 0.002673763498)
(0.03539730356 0.06 0.002660664429)
(0.03619608895 0.06 0.004009473997)
(0.03461757286 0.06 0.001331771658)
(0.03386584815 0.06 0.002660483997)
(0.03308064704 0.06 0.001331640992)
(0.03231907426 0.06 0.002666012567)
(0.03078185174 0.06 0.00268431124)
(0.03159213243 0.06 0.00404270423)
(0.03000223589 0.06 0.001335853541)
(0.02923117358 0.06 0.002665143407)
(0.02846300955 0.06 0.001334999597)
(0.02773518549 0.06 0.002710262582)
(0.02701474669 0.06 0.004080138531)
(0.04384614959 0.06 0.001331783658)
(0.04461537355 0.06 0.00266468397)
(0.04615381037 0.06 0.002664685661)
(0.04692306992 0.06 0.001330897177)
(0.06230769534 0.06 0.001327489693)
(0.06153846154 0.06 0.00266469355)
(0.05615384615 0.06 0.001328771414)
(0.05538461538 0.06 0.00266469355)
(0.05923076923 0.06 0.001328122203)
(0.05846153846 0.06 0.00266469355)
(0.04999999953 0.06 0.001330101341)
(0.04923076923 0.06 0.00266469355)
(0.04172058708 0.06 0.02390917204)
(0.04479586633 0.06 0.02390634741)
(0.04403085826 0.06 0.02523185309)
(0.04940962324 0.06 0.02390063807)
(0.04864449707 0.06 0.02522595266)
(0.08165753062 0.06 0.02649835341)
(0.01487590975 0.06 0.0332110626)
(0.04633534215 0.06 0.0239035093)
(0.01710673312 0.06 0.01075088224)
(0.05248471845 0.06 0.02653836395)
(0.06017147374 0.06 0.02652473539)
(0.06093898846 0.06 0.02519549523)
(0.06324265444 0.06 0.02651956522)
(0.04401429377 0.06 0.01993433479)
(0.05555722226 0.06 0.02652986021)
(0.04859799344 0.06 0.009358274945)
(0.06785388305 0.06 0.02651470693)
(0.06862240685 0.06 0.02519038737)
(0.05167427858 0.06 0.00934956387)
(0.05094703116 0.06 0.02389972903)
(0.05400839496 0.06 0.04502941395)
(0.05475018442 0.06 0.009343765379)
(0.05325608654 0.06 0.03052389157)
(0.03243726284 0.06 0.04505447301)
(0.02405772397 0.06 0.03055223537)
(0.05170994737 0.06 0.01992143025)
(0.05402212549 0.06 0.02389725665)
(0.03933870576 0.06 0.00405338028)
(0.07245711038 0.06 0.0238699726)
(0.05709044812 0.06 0.04511047371)
(0.07245789029 0.06 0.02650852696)
(0.0401796598 0.06 0.02655392485)
(0.0578258791 0.06 0.009338002193)
(0.07626848647 0.06 0.009306481364)
(0.05633120493 0.06 0.03052175016)
(0.0601666115 0.06 0.04510733633)
(0.08318372094 0.06 0.02385180256)
(0.06397630245 0.06 0.009327308136)
(0.05709675474 0.06 0.02389093579)
(0.08704918914 0.06 0.04109266809)
(0.06090129593 0.06 0.009332316723)
(0.05478607044 0.06 0.01990226478)
(0.07552690898 0.06 0.0265056112)
(0.05786052763 0.06 0.01989899527)
(0.05940573013 0.06 0.03051632908)
(0.02017683868 0.06 0.01339848894)
(0.06862588344 0.06 0.03050079399)
(0.08010586609 0.06 0.01062862829)
(0.06247970408 0.06 0.03051098137)
(0.03480707062 0.06 0.03319338995)
(0.06093435652 0.06 0.01989582403)
(0.07859327778 0.06 0.0265015052)
(0.06478022609 0.06 0.02388084781)
(0.02406394217 0.06 0.03586056526)
(0.06555390058 0.06 0.0305058397)
(0.08088666118 0.06 0.01988456873)
(0.02707044298 0.06 0.009403189521)
(0.06861405593 0.06 0.0199014497)
(0.01176360287 0.06 0.01474074522)
(0.01334094212 0.06 0.03586988084)
(0.07168512633 0.06 0.0198859435)
(0.02330351507 0.06 0.03984413546)
(0.01563563916 0.06 0.03984778384)
(0.00871562272 0.06 0.01738584995)
(0.00571154594 0.06 0.04116489873)
(0.0739910926 0.06 0.02386811935)
(0.03089719521 0.06 0.04509880425)
(0.02637792789 0.06 0.04249948775)
(0.02481930218 0.06 0.02657847799)
(0.02405427937 0.06 0.02790346505)
(0.01793254639 0.06 0.0411776906)
(0.07705807576 0.06 0.023863471)
(0.02254053758 0.06 0.04383231673)
(0.0194241051 0.06 0.04639294063)
(0.08086817665 0.06 0.006651269348)
(0.07475347765 0.06 0.0198870752)
(0.01181013943 0.06 0.03322688921)
(0.02712731281 0.06 0.03320308106)
(0.09881208522 0.06 0.01897741214)
(0.02789957659 0.06 0.03718601826)
(0.02329375581 0.06 0.03187941146)
(0.07707370018 0.06 0.04500965689)
(0.09087593467 0.06 0.04241235636)
(0.09011433633 0.06 0.04373981205)
(0.07782011313 0.06 0.01988455405)
(0.001224940188 0.06 0.02350840375)
(0.09844559272 0.06 0.02655080262)
(0.005678803075 0.06 0.0200262867)
(0.009520306415 0.06 0.03719815799)
(0.01870200965 0.06 0.03984714262)
(0.0163929305 0.06 0.04639888119)
(0.0984604263 0.06 0.01594089916)
(0.09870071801 0.06 0.01282885363)
(0.001244032277 0.06 0.03405841351)
(0.02176634314 0.06 0.03718907776)
(0.001260420293 0.06 0.01899518559)
(0.02252262659 0.06 0.02790426581)
(0.0855157081 0.06 0.03315405732)
(0.01558366396 0.06 0.01340936615)
(0.08015115212 0.06 0.04508374963)
(0.08318754154 0.06 0.02649771437)
(0.08012211079 0.06 0.02385702515)
(0.0870316268 0.06 0.03049007365)
(0.001267158517 0.06 0.04018618421)
(0.001302200436 0.06 0.03695271892)
(0.001226465633 0.06 0.01287665438)
(0.001290298535 0.06 0.01578803902)
(0.09870051424 0.06 0.03401491233)
(0.07781008685 0.06 0.01461897161)
(0.01941319725 0.06 0.01472606895)
(0.09467953834 0.06 0.02259266234)
(0.09391734844 0.06 0.02921320669)
(0.09239771936 0.06 0.03712482077)
(0.007979268205 0.06 0.02400686174)
(0.02253124779 0.06 0.03586129743)
(0.08241652369 0.06 0.01988166189)
(0.08087501938 0.06 0.01195600272)
(0.09845510978 0.06 0.03711810955)
(0.09085998839 0.06 0.02390436538)
(0.09161699162 0.06 0.01995294228)
(0.01870018154 0.06 0.03188195836)
(0.07703325129 0.06 0.00797627509)
(0.0194664238 0.06 0.03320809181)
(0.007845573369 0.06 0.002777093743)
(0.08322102672 0.06 0.04507882153)
(0.002615647772 0.06 0.03327029842)
(0.08242883456 0.06 0.03048078961)
(0.08318060127 0.06 0.01855703392)
(0.01862293036 0.06 0.005436354087)
(0.07626689427 0.06 0.01462712227)
(0.09079805954 0.06 0.005316608757)
(0.09236796554 0.06 0.01599207539)
(0.08628782606 0.06 0.04507354665)
(0.008757641282 0.06 0.03587637466)
(0.08470466205 0.06 0.01590762504)
(0.07477765888 0.06 0.03315761677)
(0.02325945742 0.06 0.04512898176)
(0.006468367899 0.06 0.04512899769)
(0.001576987924 0.06 0.008260842256)
(0.09231912433 0.06 0.002662103259)
(0.007944054557 0.06 0.01343059879)
(0.04087738446 0.06 0.004051688759)
(0.007229833129 0.06 0.03060152832)
(0.0240519273 0.06 0.02525229074)
(0.01481432404 0.06 0.0120849389)
(0.09315202394 0.06 0.03316793188)
(0.08628382747 0.06 0.03712420258)
(0.006411152125 0.06 0.01079176489)
(0.02175817132 0.06 0.02922987996)
(0.01559504031 0.06 0.01870726777)
(0.08395101411 0.06 0.0251743264)
(0.01174920074 0.06 0.009447864496)
(0.08781595111 0.06 0.03976933985)
(0.01870181952 0.06 0.03453356339)
(0.01257566475 0.06 0.03984386826)
(0.07093509222 0.06 0.03182871029)
(0.09845212409 0.06 0.005297889587)
(0.001234721123 0.06 0.04467131277)
(0.001252120941 0.06 0.005196877364)
(0.09850878148 0.06 0.04481988695)
(0.07323093129 0.06 0.03049175351)
(0.00951936672 0.06 0.0424889125)
(0.005717813833 0.06 0.038518363)
(0.07396160174 0.06 0.007982859063)
(0.02094477149 0.06 0.01472334872)
(0.03167869255 0.06 0.009393769648)
(0.07549744796 0.06 0.007979364989)
(0.02477809082 0.06 0.01339013629)
(0.02558385468 0.06 0.02525107625)
(0.07016249715 0.06 0.03049777448)
(0.01793641775 0.06 0.03586057154)
(0.07319666307 0.06 0.009313153511)
(0.09163704617 0.06 0.03580717515)
(0.09159754972 0.06 0.01464331477)
(0.04307692306 0.06 0.002661807919)
(0.08851901583 0.06 0.009290149555)
(0.0232987065 0.06 0.03718823199)
(0.0900978682 0.06 0.01994748096)
(0.09164178316 0.06 0.04373265342)
(0.05167519107 0.06 0.01466924691)
(0.08628293049 0.06 0.03976963065)
(0.06935188304 0.06 0.007992185518)
(0.06786107793 0.06 0.03183150862)
(0.008738409548 0.06 0.02268465625)
(0.02247693187 0.06 0.01472008087)
(0.02711715108 0.06 0.02524922672)
(0.03629022808 0.06 0.009384750687)
(0.07397043525 0.06 0.01329677825)
(0.01251631491 0.06 0.0107686689)
(0.06632565673 0.06 0.03183396818)
(0.06858679188 0.06 0.009322625092)
(0.08242093639 0.06 0.0251759429)
(0.02938089831 0.06 0.01338193458)
(0.02406730561 0.06 0.03851546556)
(0.07166074198 0.06 0.009316660187)
(0.04090540488 0.06 0.009375326423)
(0.005660132202 0.06 0.04641953568)
(0.0439643792 0.06 0.004054301543)
(0.02329010002 0.06 0.02922843814)
(0.07319437108 0.06 0.01463153544)
(0.06478813411 0.06 0.03183529999)
(0.04628030501 0.06 0.008038881033)
(0.02324092909 0.06 0.01339236948)
(0.04398645922 0.06 0.01468141689)
(0.07088920699 0.06 0.007989073923)
(0.02554369918 0.06 0.01471551907)
(0.02865209577 0.06 0.02524749405)
(0.03399060296 0.06 0.01337363963)
(0.0393698551 0.06 0.01469079958)
(0.06325060308 0.06 0.03183687082)
(0.07089731171 0.06 0.01330304347)
(0.08699313254 0.06 0.01193909768)
(0.02560071954 0.06 0.03851388099)
(0.08622914028 0.06 0.01061738734)
(0.06171352722 0.06 0.03183893644)
(0.07012538022 0.06 0.01463567131)
(0.08089001504 0.06 0.02517781334)
(0.04550263285 0.06 0.00405275607)
(0.01334000304 0.06 0.04117218858)
(0.01331085543 0.06 0.02267774839)
(0.0685895247 0.06 0.01463844163)
(0.06705050635 0.06 0.009325989445)
(0.02549366623 0.06 0.00409414281)
(0.02713564103 0.06 0.03851250407)
(0.06017618945 0.06 0.03184076483)
(0.0908742045 0.06 0.04505690342)
(0.0662786219 0.06 0.007997914851)
(0.02482218919 0.06 0.02922669875)
(0.08552086241 0.06 0.03844694035)
(0.06628597347 0.06 0.01331324859)
(0.05863882657 0.06 0.03184269567)
(0.0793582898 0.06 0.02517996429)
(0.06474137926 0.06 0.008000059128)
(0.01410439936 0.06 0.0425047913)
(0.002621058029 0.06 0.01212121212)
(0.01403736057 0.06 0.008109959526)
(0.06551547237 0.06 0.01464366682)
(0.02635534171 0.06 0.02922533515)
(0.0118064442 0.06 0.0305822945)
(0.06320435537 0.06 0.008002908587)
(0.07400545543 0.06 0.03182673212)
(0.09086688469 0.06 0.03448361353)
(0.03018659193 0.06 0.02524615717)
(0.04770252673 0.06 0.002663376462)
(0.02707762518 0.06 0.01471294011)
(0.03014923431 0.06 0.01470714009)
(0.06321202149 0.06 0.01331885105)
(0.05710169282 0.06 0.03184468136)
(0.0616668223 0.06 0.008005821906)
(0.02866330564 0.06 0.03850726828)
(0.04167065967 0.06 0.008046469017)
(0.0624441839 0.06 0.01464847779)
(0.02712362786 0.06 0.03055111462)
(0.06012925889 0.06 0.008008855768)
(0.06090511348 0.06 0.01465280641)
(0.05859145002 0.06 0.008011853313)
(0.05556395287 0.06 0.03184679767)
(0.03705260085 0.06 0.008053803501)
(0.07782590861 0.06 0.02518204397)
(0.02784477783 0.06 0.01338435183)
(0.03172512714 0.06 0.02524485056)
(0.05090854432 0.06 0.01334081898)
(0.05705367382 0.06 0.008014891307)
(0.02789136585 0.06 0.03187715709)
(0.05936783493 0.06 0.01465574788)
(0.02092799207 0.06 0.009416957173)
(0.01179262322 0.06 0.02794603375)
(0.03475944349 0.06 0.01469911016)
(0.05551575033 0.06 0.008017902477)
(0.0224597226 0.06 0.009412485945)
(0.01331475848 0.06 0.02531890767)
(0.0578281156 0.06 0.01465945824)
(0.03243935897 0.06 0.008061626761)
(0.01401943164 0.06 0.005450677011)
(0.03249774661 0.06 0.03717564964)
(0.05402631215 0.06 0.03184828237)
(0.08398416009 0.06 0.03844535209)
(0.0539778506 0.06 0.008020937533)
(0.04857914406 0.06 0.00404964863)
(0.08623133665 0.06 0.01326240275)
(0.0247547788 0.06 0.008078759001)
(0.0524398337 0.06 0.008023950495)
(0.05629097686 0.06 0.01466153895)
(0.05094975589 0.06 0.03184969229)
(0.0255319691 0.06 0.009405503299)
(0.07937076777 0.06 0.0304840514)
(0.08699357223 0.06 0.009289985769)
(0.09160667581 0.06 0.04632303694)
(0.05090184169 0.06 0.008026984564)
(0.01326786265 0.06 0.006786378986)
(0.05475197835 0.06 0.01466482867)
(0.04936375132 0.06 0.008030247971)
(0.02783108076 0.06 0.008072597281)
(0.05248788798 0.06 0.03184921347)
(0.0293654546 0.06 0.008069594092)
(0.04782264043 0.06 0.008033649809)
(0.05321414942 0.06 0.01466664233)
(0.03249277443 0.06 0.02657092315)
(0.04552149529 0.06 0.00937012248)
(0.03013975251 0.06 0.009397008679)
(0.07629319299 0.06 0.02518421984)
(0.04398366751 0.06 0.009372684563)
(0.04320936376 0.06 0.008043695789)
(0.03397563037 0.06 0.00805883816)
(0.02942651366 0.06 0.03187844082)
(0.03936275013 0.06 0.009378110298)
(0.03474970476 0.06 0.009387651336)
(0.03859032116 0.06 0.008050040881)
(0.05017801872 0.06 0.03052474058)
(0.04937270225 0.06 0.01334278115)
(0.01327597575 0.06 0.009440522696)
(0.03168448079 0.06 0.01470516307)
(0.09009466318 0.06 0.0331530376)
(0.03173149831 0.06 0.03320290126)
(0.04860130074 0.06 0.01467428471)
(0.05077940529 0.06 0.00266067503)
(0.04863947514 0.06 0.0305280179)
(0.08470479458 0.06 0.01326605834)
(0.03019605252 0.06 0.03320340838)
(0.04706188925 0.06 0.01467914638)
(0.0324529326 0.06 0.01337615887)
(0.08321965394 0.06 0.03712276799)
(0.04552435338 0.06 0.0146796158)
(0.0801406029 0.06 0.03181582754)
(0.07475916463 0.06 0.02518643387)
(0.04787524311 0.06 0.03185549391)
(0.0424919033 0.06 0.03319106385)
(0.04321713659 0.06 0.01335534261)
(0.03249896051 0.06 0.03187636054)
(0.04167677713 0.06 0.01335909661)
(0.07015457475 0.06 0.02519092431)
(0.03860055398 0.06 0.01336460679)
(0.04090842319 0.06 0.01468713725)
(0.03706267929 0.06 0.0133677253)
(0.03629521377 0.06 0.01469826527)
(0.04633536485 0.06 0.03186005154)
(0.0340289578 0.06 0.02657095064)
(0.06938758519 0.06 0.02386731845)
(0.04479777154 0.06 0.03186307347)
(0.01027964494 0.06 0.04381715109)
(0.08394174155 0.06 0.01459085569)
(0.03403652362 0.06 0.03187370063)
(0.03787995303 0.06 0.03319488512)
(0.08091310399 0.06 0.03315550818)
(0.03711356165 0.06 0.03717398854)
(0.07322492087 0.06 0.02518815311)
(0.05165561521 0.06 0.0040465375)
(0.04402984935 0.06 0.03318920607)
(0.03557396592 0.06 0.03187134861)
(0.04172037676 0.06 0.03186697532)
(0.0401837897 0.06 0.03186920483)
(0.0371113746 0.06 0.0318692977)
(0.04248864693 0.06 0.02523357356)
(0.039416357 0.06 0.03319448704)
(0.03479373363 0.06 0.02524337712)
(0.04710369239 0.06 0.02522679297)
(0.08928209663 0.06 0.0079666455)
(0.07168999732 0.06 0.0251893932)
(0.06171044741 0.06 0.02387834123)
(0.07938457376 0.06 0.03844588586)
(0.04172200065 0.06 0.0371683179)
(0.05385628479 0.06 0.002658000134)
(0.07861746572 0.06 0.03712444095)
(0.0363331878 0.06 0.02523920043)
(0.06785333626 0.06 0.02386782559)
(0.08317908059 0.06 0.01591600886)
(0.04633524832 0.06 0.03715854806)
(0.02015794133 0.06 0.008092758025)
(0.08852037319 0.06 0.006640874947)
(0.06708819398 0.06 0.02519306889)
(0.07476293563 0.06 0.0384452784)
(0.05095000789 0.06 0.03715345671)
(0.05472261619 0.06 0.004036746154)
(0.03787139142 0.06 0.02523625768)
(0.02091794121 0.06 0.006763481085)
(0.06554961433 0.06 0.02519741934)
(0.05556390854 0.06 0.03714911359)
(0.07014868763 0.06 0.03844772854)
(0.06017731263 0.06 0.03714472268)
(0.03940956369 0.06 0.02523385642)
(0.06479005717 0.06 0.03714033032)
(0.06401314023 0.06 0.02519970523)
(0.0624759073 0.06 0.02520011441)
(0.04094958146 0.06 0.02523282546)
(0.02014906217 0.06 0.005435157253)
(0.08241698356 0.06 0.01724174244)
(0.0432604923 0.06 0.02655601134)
(0.06017210088 0.06 0.02387690983)
(0.04480038131 0.06 0.02655245958)
(0.05940570213 0.06 0.02520236271)
(0.05693718654 0.06 0.002658204338)
(0.05786627373 0.06 0.02520736838)
(0.04556664087 0.06 0.02522671476)
(0.04787442088 0.06 0.02654915054)
(0.08168818288 0.06 0.03712075328)
(0.04941408983 0.06 0.02654588007)
(0.05632883695 0.06 0.02520976511)
(0.08928168472 0.06 0.005316213982)
(0.05479140205 0.06 0.02521204265)
(0.05017998523 0.06 0.02521834759)
(0.05325424029 0.06 0.02521444197)
(0.05171717004 0.06 0.02521642053)
(0.08932896038 0.06 0.02652657209)
(0.01937538056 0.06 0.004091295546)
(0.05779912414 0.06 0.004033422419)
(0.08091863169 0.06 0.03844492763)
(0.01854957499 0.06 0.002725175749)
(0.08165500537 0.06 0.01856501902)
(0.06001401756 0.06 0.002655722504)
(0.00261808705 0.06 0.04385814847)
(0.09003886145 0.06 0.003993451397)
(0.08932492486 0.06 0.02389461869)
(0.06087529999 0.06 0.004029962486)
(0.07708404742 0.06 0.03712366336)
(0.08012309817 0.06 0.01857086468)
(0.07632074905 0.06 0.03844740934)
(0.0877697237 0.06 0.02386941292)
(0.06309275119 0.06 0.002653225285)
(0.01793236163 0.06 0.02792350063)
(0.011717762 0.06 0.004157352556)
(0.07705284139 0.06 0.01857905975)
(0.01099290837 0.06 0.04511099235)
(0.06393504227 0.06 0.004013670449)
(0.07858873671 0.06 0.01857427693)
(0.01791362437 0.06 0.02530104016)
(0.07401373513 0.06 0.0371223778)
(0.03324771127 0.06 0.0384988789)
(0.0724769753 0.06 0.03712654837)
(0.01945216466 0.06 0.02528063903)
(0.0661907045 0.06 0.002670515214)
(0.07171180886 0.06 0.0384507636)
(0.02942320199 0.06 0.03982376089)
(0.08848326158 0.06 0.001326797738)
(0.01943879932 0.06 0.02265119927)
(0.02865826213 0.06 0.04115476189)
(0.06703574337 0.06 0.004030447483)
(0.0694047732 0.06 0.03712491795)
(0.02097798625 0.06 0.02262945201)
(0.02789176221 0.06 0.04248634427)
(0.08621218543 0.06 0.002653237262)
(0.06786758023 0.06 0.03712916561)
(0.02712513317 0.06 0.04381800203)
(0.08857914704 0.06 0.01993498758)
(0.06709017913 0.06 0.03845768384)
(0.06854298584 0.06 0.004012904967)
(0.03018765269 0.06 0.03850007599)
(0.02096039455 0.06 0.02000303075)
(0.08541002798 0.06 0.001317674808)
(0.02636625794 0.06 0.04511259276)
(0.06555404848 0.06 0.03846022489)
(0.03095361071 0.06 0.03717461919)
(0.07080013365 0.06 0.002668803868)
(0.06628497917 0.06 0.01861316986)
(0.06325557299 0.06 0.03714113351)
(0.06247812117 0.06 0.0384647675)
(0.06094104202 0.06 0.03846515809)
(0.0831626152 0.06 0.005324288525)
(0.07164778439 0.06 0.004024829585)
(0.03478543694 0.06 0.03849612278)
(0.05864265648 0.06 0.03714549984)
(0.0578645807 0.06 0.03846934962)
(0.03556079571 0.06 0.0371706827)
(0.05632743543 0.06 0.03846975467)
(0.03785672291 0.06 0.03850025475)
(0.0731488334 0.06 0.00400151305)
(0.03939681744 0.06 0.03849500168)
(0.05402910145 0.06 0.03714989936)
(0.0532504349 0.06 0.03847398188)
(0.04247700116 0.06 0.03848927254)
(0.0401748486 0.06 0.03716788235)
(0.05171319192 0.06 0.03847412012)
(0.04710008072 0.06 0.0384784153)
(0.02249678943 0.06 0.01998317779)
(0.04401995295 0.06 0.03848043892)
(0.04864199665 0.06 0.03847383204)
(0.04941379881 0.06 0.03715429735)
(0.07542355301 0.06 0.00266500482)
(0.04479672437 0.06 0.03716037331)
(0.08082959328 0.06 0.00400364455)
(0.07622363013 0.06 0.003994170782)
(0.08855696291 0.06 0.01727831276)
(0.07928640187 0.06 0.003991110867)
(0.07848748055 0.06 0.002659706011)
(0.09887883992 0.06 0.008362238337)
(0.02325398292 0.06 0.01866782381)
(0.04937400154 0.06 0.01863908844)
(0.02713029805 0.06 0.01995656975)
(0.09619420553 0.06 0.02530353433)
(0.01332239291 0.06 0.02794384532)
(0.04168868999 0.06 0.01864078732)
(0.08926510251 0.06 0.002662553631)
(0.08162363022 0.06 0.00532671474)
(0.03707520146 0.06 0.01865111818)
(0.0148486837 0.06 0.02793823674)
(0.03170920729 0.06 0.0199588118)
(0.0755181525 0.06 0.01858884135)
(0.01638514761 0.06 0.02793648877)
(0.0739859579 0.06 0.01859346841)
(0.07245095789 0.06 0.01859545172)
(0.07091549026 0.06 0.01859566374)
(0.06937835602 0.06 0.0185965802)
(0.06783620745 0.06 0.01860201902)
(0.0655263747 0.06 0.01991978791)
(0.06399783888 0.06 0.01991764924)
(0.001222503144 0.06 0.04168506905)
(0.0938945277 0.06 0.01066903277)
(0.06323470232 0.06 0.01860814466)
(0.06170121405 0.06 0.01861103965)
(0.06016476698 0.06 0.0186133411)
(0.001265325118 0.06 0.03106060606)
(0.05862755687 0.06 0.01861546281)
(0.02478290885 0.06 0.01865331176)
(0.02554523455 0.06 0.0199653103)
(0.05709070328 0.06 0.01861773863)
(0.05555323731 0.06 0.01861986913)
(0.05401605913 0.06 0.01862212039)
(0.02787232117 0.06 0.01865777218)
(0.05247496444 0.06 0.01862044639)
(0.05092948608 0.06 0.01862631097)
(0.02939951601 0.06 0.01865806874)
(0.04861588534 0.06 0.01994290686)
(0.0470867681 0.06 0.01994046389)
(0.03017688483 0.06 0.01996303515)
(0.0463201636 0.06 0.01863187561)
(0.04477344005 0.06 0.01862542396)
(0.03247792827 0.06 0.01865358072)
(0.0409253332 0.06 0.01994910484)
(0.0432309179 0.06 0.01863170049)
(0.0393795688 0.06 0.01994960008)
(0.03400701039 0.06 0.01865398256)
(0.0363144953 0.06 0.01996172744)
(0.03860749191 0.06 0.01864632306)
(0.03478293596 0.06 0.01996242215)
(0.02544231165 0.06 0.001439232185)
(0.03466767338 0.06 0.004014298919)
(0.02622468328 0.06 0.00273821284)
(0.03005883526 0.06 0.004042791334)
(0.002738013965 0.06 0.02536308032)
(0.00124303349 0.06 0.02045454545)
(0.0987386918 0.06 0.02967184821)
(0.002634940806 0.06 0.03606950699)
(0.003346467585 0.06 0.04742523784)
(0.006409038758 0.06 0.0477051734)
(0.002604311788 0.06 0.01492833897)
(0.002890980634 0.06 0.03851140263)
(0.001125477155 0.06 0.04766740247)
(0.09872518029 0.06 0.002261101071)
(0.09860868155 0.06 0.04758322684)
(0.001271646403 0.06 0.002285297985)
(0.001255852109 0.06 0.028009856)
(0.09871431721 0.06 0.02343724452)
(0.0124251786 0.06 0.002791244059)
(0.01161862986 0.06 0.001440756911)
(0.09871641279 0.06 0.04020944237)
(0.01327654128 0.06 0.04639553483)
(0.001234996724 0.06 0.009881595404)
(0.0028664953 0.06 0.01737737571)
(0.00257439502 0.06 0.004479323338)
(0.02077152009 0.06 0.04875972123)
(0.07463820145 0.06 0.04611599796)
(0.08616280336 0.06 0.04744105799)
(0.08850970861 0.06 0.04876786304)
(0.07006914339 0.06 0.0461282099)
(0.0654548149 0.06 0.04612945516)
(0.05156370094 0.06 0.04612205891)
(0.02561046026 0.06 0.04638286355)
(0.04699489375 0.06 0.04613523795)
(0.02848198128 0.06 0.04877369945)
(0.04237977726 0.06 0.04613660613)
(0.03776493579 0.06 0.04613797427)
(0.002702707264 0.06 0.006902241259)
(0.09762451469 0.06 0.01181024993)
(0.09467838899 0.06 0.04625228608)
(0.0961384325 0.06 0.04621434455)
(0.09874211153 0.06 0.02186919171)
(0.09763054517 0.06 0.0329865812)
(0.09392936026 0.06 0.04749539043)
(0.09234709304 0.06 0.04754893898)
(0.09083521574 0.06 0.04756626083)
(0.09758295865 0.06 0.01954408083)
(0.08774341896 0.06 0.04751929754)
(0.09003152795 0.06 0.04877785733)
(0.09875136149 0.06 0.04178484783)
(0.08549883898 0.06 0.04620403732)
(0.09754017156 0.06 0.04384125611)
(0.09892497044 0.06 0.03106060606)
(0.08396932439 0.06 0.0461933118)
(0.08243809372 0.06 0.04619237043)
(0.08090302865 0.06 0.04619246658)
(0.07936759579 0.06 0.04619323012)
(0.07391010414 0.06 0.04492664945)
(0.07240135244 0.06 0.04492564167)
(0.09893709488 0.06 0.009848484848)
(0.07783065944 0.06 0.04618708493)
(0.06780356736 0.06 0.04491328275)
(0.06932306232 0.06 0.04491539181)
(0.07625970482 0.06 0.04617046899)
(0.06320226198 0.06 0.04493966987)
(0.0647110776 0.06 0.0449219175)
(0.0715874363 0.06 0.04613807314)
(0.06697550565 0.06 0.0461367188)
(0.04934564353 0.06 0.04492443557)
(0.05088691991 0.06 0.04490748307)
(0.06245471161 0.06 0.04617148041)
(0.0447302121 0.06 0.04492664612)
(0.06092592985 0.06 0.0461822239)
(0.04624943028 0.06 0.04492878605)
(0.05938941324 0.06 0.04618549157)
(0.05785137257 0.06 0.04618633213)
(0.0401154984 0.06 0.04492926783)
(0.05631330106 0.06 0.0461870434)
(0.04163445468 0.06 0.04493139804)
(0.09746445328 0.06 0.01487055217)
(0.05476579327 0.06 0.04619561797)
(0.0355147437 0.06 0.04495704001)
(0.05319053058 0.06 0.04617948605)
(0.09744733223 0.06 0.006517417482)
(0.03702213992 0.06 0.04493821669)
(0.09743827557 0.06 0.004126392843)
(0.03155665609 0.06 0.04632765187)
(0.04851541884 0.06 0.04614301874)
(0.03078250586 0.06 0.04762105788)
(0.02623047452 0.06 0.04757587857)
(0.04389992997 0.06 0.04614413925)
(0.02778379513 0.06 0.04758509332)
(0.0392848507 0.06 0.04614558462)
(0.03476824208 0.06 0.04618268211)
(0.03319150739 0.06 0.04623672301)
(0.09747570426 0.06 0.02547498342)
(0.03002375147 0.06 0.04879244347)
(0.09744342546 0.06 0.01716790814)
(0.006967798752 0.06 0.0489165393)
(0.09747085075 0.06 0.03597193017)
(0.004814693731 0.06 0.04759109814)
(0.0200985139 0.06 0.04760440039)
(0.09747882647 0.06 0.0382645483)
(0.02385958719 0.06 0.04635308641)
(0.01084552194 0.06 0.04758268249)
(0.0974604886 0.06 0.02772881985)
(0.008461538462 0.06 0.048976791)
(0.02310021376 0.06 0.04764615947)
(0.01397844994 0.06 0.047563001)
(0.01166865509 0.06 0.04635624557)
(0.009374064158 0.06 0.0476417005)
(0.02239870116 0.06 0.04880862823)
(0.0185982034 0.06 0.0475760768)
(0.01708441932 0.06 0.04756618178)
(0.01553424518 0.06 0.04757040262)
(0.09761790442 0.06 0.04619481038)
(0.002243996769 0.06 0.03185748902)
(0.002275285645 0.06 0.04548835449)
(0.002217883726 0.06 0.02122812742)
(0.002222118571 0.06 0.04239749636)
(0.002241908306 0.06 0.02424242424)
(0.002259943264 0.06 0.03477847044)
(0.001130101259 0.06 0.0488760019)
(0.09886989874 0.06 0.001123998101)
(0.09889097198 0.06 0.04889689882)
(0.001130101259 0.06 0.001123998101)
(0.00221529228 0.06 0.01363636364)
(0.002216129554 0.06 0.01064881488)
(0.00231098309 0.06 0.03955967147)
(0.003076134528 0.06 0.04628605968)
(0.002319335352 0.06 0.01843572997)
(0.002325848394 0.06 0.02905277651)
(0.002263808735 0.06 0.005834015184)
(0.09802408076 0.06 0.01047636465)
(0.0008618524626 0.06 0.02654175094)
(0.002358671333 0.06 0.03746775792)
(0.002336736893 0.06 0.01632105301)
(0.09800255757 0.06 0.03178166738)
(0.09790934382 0.06 0.007768807286)
(0.002162848025 0.06 0.04694370127)
(0.09790502225 0.06 0.01823972517)
(0.03917400183 0.02684322001 0)
(0.03926062161 0.03343253978 0)
(0.09871290626 0.02081201829 0)
(0.09880157013 0.03921528331 0)
(0.0611996329 0.02918691332 0)
(0.001253435504 0.02074242902 0)
(0.001259252636 0.0392969128 0)
(0.001204153779 0.03000265661 0)
(0.077636175 0.05871498314 0)
(0.07918188725 0.001361068694 0)
(0.02073090638 0.00125263504 0)
(0.02076922557 0.05871623057 0)
(0.09869374344 0.03153846063 0)
(0.06047755923 0.03422283575 0)
(0.05984920529 0.02421613081 0)
(0.02853221687 0.05851166451 0)
(0.0285628862 0.001303447164 0)
(0.07153790925 0.0013327079 0)
(0.0699893229 0.05877050632 0)
(0.08381969548 0.05863479967 0)
(0.09863938812 0.01450902911 0)
(0.01462651511 0.00124040201 0)
(0.01450645327 0.05872582041 0)
(0.09873373037 0.04545582614 0)
(0.04196035449 0.03782794363 0)
(0.04201165736 0.02207776154 0)
(0.001358473464 0.01459108245 0)
(0.001291137035 0.04538459243 0)
(0.08538460909 0.001306422378 0)
(0.06538454587 0.001255624673 0)
(0.0574297711 0.0384513917 0)
(0.03461554413 0.05866773603 0)
(0.03461531125 0.001284207488 0)
(0.0638460633 0.05875730306 0)
(0.05604759894 0.02053149162 0)
(0.0407715066 0.05873397563 0)
(0.04075916758 0.001393173137 0)
(0.05769230769 0.05866765322 0)
(0.0592594943 0.001316506992 0)
(0.04762814873 0.04110325199 0)
(0.04778283582 0.0189337269 0)
(0.05307692695 0.001276388605 0)
(0.05308489753 0.04090190497 0)
(0.08999109926 0.05862947143 0)
(0.05153846154 0.05866765322 0)
(0.04692307692 0.001332346775 0)
(0.008461538462 0.05866765322 0)
(0.09866765322 0.008461538462 0)
(0.008461538788 0.001294844914 0)
(0.04699246647 0.05863797049 0)
(0.09870738471 0.02699179061 0)
(0.001248358578 0.03456232616 0)
(0.001599990123 0.02536470161 0)
(0.09866765322 0.05 0)
(0.00129981136 0.009929882867 0)
(0.001332358698 0.04999995714 0)
(0.09001301343 0.00131818268 0)
(0.0386010726 0.02992400055 0)
(0.04460085144 0.03988404559 0)
(0.04461995186 0.0198108436 0)
(0.05299337148 0.0191072815 0)
(0.09458500819 0.05896752089 0)
(0.001332361584 0.05461536047 0)
(0.001324241455 0.005427060347 0)
(0.094600297 0.001248536008 0)
(0.09884851057 0.05486134638 0)
(0.05 0.001332346775 0)
(0.05611484306 0.001309790215 0)
(0.04384615385 0.001332346775 0)
(0.04376463007 0.05867393609 0)
(0.0546010766 0.05867597995 0)
(0.06076913975 0.05869445857 0)
(0.03768123926 0.001325927222 0)
(0.03769222417 0.05871920025 0)
(0.06694627757 0.05863203837 0)
(0.06846139233 0.001332271479 0)
(0.06230752238 0.001332264429 0)
(0.07461474673 0.001333054757 0)
(0.07307692308 0.05866765322 0)
(0.02535706565 0.001575099271 0)
(0.03153846154 0.001332346775 0)
(0.02533879546 0.05870395694 0)
(0.03160132641 0.05871227881 0)
(0.08081309695 0.05878112032 0)
(0.0986314633 0.03460821204 0)
(0.09871322872 0.02384615264 0)
(0.09867271319 0.04209694132 0)
(0.001332336925 0.04230758391 0)
(0.001252670881 0.01769233534 0)
(0.0176979044 0.001327900709 0)
(0.01772527161 0.05868670235 0)
(0.08708555002 0.05864744889 0)
(0.01147469466 0.001295527508 0)
(0.09852066341 0.01771765389 0)
(0.08230769296 0.001243501015 0)
(0.005298836334 0.001326492591 0)
(0.005351582297 0.05845565748 0)
(0.01148670774 0.05858985916 0)
(0.09874714741 0.01153846237 0)
(0.0987007409 0.005441982189 0)
(0.002256867397 0.05868020965 0)
(0.09768284118 0.05872934445 0)
(0.09761950779 0.001402742433 0)
(0.002320188921 0.001227564756 0)
(0.03863749527 0.03180146722 0)
(0.03769973954 0.03314051596 0)
(0.03822674984 0.03457710822 0)
(0.0367002592 0.03422567301 0)
(0.03716817764 0.03567847468 0)
(0.03566799179 0.03534379683 0)
(0.03613060958 0.03680240667 0)
(0.03463361531 0.03647133577 0)
(0.03417117494 0.0350102356 0)
(0.03313687036 0.03614055557 0)
(0.03267496523 0.03467666898 0)
(0.0316401212 0.03580978872 0)
(0.03117818497 0.03434567119 0)
(0.03014311299 0.03547941604 0)
(0.02968104339 0.03401538563 0)
(0.02864583561 0.03514919054 0)
(0.0281836864 0.03368494977 0)
(0.02714831048 0.034818928 0)
(0.02668560237 0.03335672913 0)
(0.0256504824 0.03448917524 0)
(0.0251876614 0.0330266414 0)
(0.02415240544 0.0341587922 0)
(0.02368955505 0.03269611579 0)
(0.02472493529 0.03156399193 0)
(0.02322674722 0.03123333492 0)
(0.02426505121 0.03010010817 0)
(0.02276439971 0.02977011761 0)
(0.02380285461 0.02863676169 0)
(0.02230150346 0.02830686636 0)
(0.02333869945 0.0271737941 0)
(0.02183825262 0.02684356769 0)
(0.02287554312 0.0257102717 0)
(0.02461529851 0.03562148051 0)
(0.02137504406 0.02537993901 0)
(0.0224120879 0.02424658788 0)
(0.02091167783 0.02391601713 0)
(0.023116974 0.03529105636 0)
(0.02358001976 0.03675405344 0)
(0.02194893343 0.0227825465 0)
(0.0204483627 0.02245190246 0)
(0.03210289119 0.03726957934 0)
(0.02208135864 0.03642350445 0)
(0.02254448938 0.03788683804 0)
(0.02148483982 0.02131865212 0)
(0.01998480334 0.02098770226 0)
(0.02104554881 0.03755624516 0)
(0.02150876123 0.03901984164 0)
(0.02080177225 0.02797737397 0)
(0.02298556537 0.02164864912 0)
(0.02000952828 0.03868918462 0)
(0.0225213747 0.02018529988 0)
(0.02402116588 0.02051558643 0)
(0.02047281699 0.040153011 0)
(0.02196993331 0.04047615094 0)
(0.01894826995 0.02212111023 0)
(0.01848499254 0.02065678873 0)
(0.01897448262 0.03982340075 0)
(0.0185124032 0.038363765 0)
(0.02355763985 0.01905230993 0)
(0.02505722864 0.01938317115 0)
(0.0194368795 0.04128660254 0)
(0.01793769689 0.04095633979 0)
(0.02459427302 0.01791929336 0)
(0.02609361342 0.0182501591 0)
(0.01744810696 0.02179025767 0)
(0.01698516177 0.0203255432 0)
(0.01840055646 0.04242021281 0)
(0.01690193214 0.04209071399 0)
(0.02563078435 0.01678626178 0)
(0.02713004784 0.01711702718 0)
(0.02413264026 0.01645392346 0)
(0.01736191455 0.04354903325 0)
(0.01885209182 0.04387047078 0)
(0.0159477932 0.02145931964 0)
(0.01548486978 0.01999418845 0)
(0.01586484523 0.04322367563 0)
(0.01540370104 0.04176627684 0)
(0.02484147518 0.02750164334 0)
(0.02666709127 0.01565303664 0)
(0.02816646286 0.01598388573 0)
(0.02759286281 0.01858115735 0)
(0.01631970987 0.04468369491 0)
(0.01482746921 0.04435779559 0)
(0.01444739283 0.02112830802 0)
(0.01398374808 0.01966328555 0)
(0.01502142429 0.01852900734 0)
(0.01352009477 0.01819806999 0)
(0.01455761331 0.01706371019 0)
(0.01305646145 0.01673265004 0)
(0.01409406192 0.01559814439 0)
(0.02770364399 0.01452002284 0)
(0.02920287199 0.0148508521 0)
(0.01528413718 0.0458231436 0)
(0.01379051215 0.04549310575 0)
(0.01491085593 0.02259337608 0)
(0.03071956004 0.03287846075 0)
(0.0125927197 0.01526716921 0)
(0.01363024726 0.01413263369 0)
(0.01341033108 0.0222623512 0)
(0.01387400976 0.02372772604 0)
(0.02873978711 0.01338669415 0)
(0.03023926145 0.0137178163 0)
(0.02724123921 0.01305553355 0)
(0.03070228104 0.01518168546 0)
(0.03173858018 0.01404877408 0)
(0.01212888203 0.01380151002 0)
(0.01424929882 0.04695114978 0)
(0.01573089513 0.04727388153 0)
(0.01275348874 0.04662639731 0)
(0.01229339749 0.04517000756 0)
(0.03220159541 0.01551242595 0)
(0.03323764955 0.01437968646 0)
(0.03277483373 0.01291595476 0)
(0.03427391946 0.01324697715 0)
(0.01316648211 0.01266696213 0)
(0.01466778201 0.01299821881 0)
(0.01166510816 0.01233566654 0)
(0.01237348972 0.02339664812 0)
(0.01283705204 0.02486207606 0)
(0.0120190447 0.01786714271 0)
(0.02827670124 0.01192215934 0)
(0.02677771156 0.01159071004 0)
(0.0132063994 0.04808637946 0)
(0.01171497752 0.04775983286 0)
(0.03381111734 0.01178304952 0)
(0.0353103269 0.01211423508 0)
(0.03577462767 0.01357803554 0)
(0.0368104743 0.01244559126 0)
(0.01420407463 0.01153248351 0)
(0.01570535184 0.01186382419 0)
(0.01133641968 0.02453085402 0)
(0.01179990874 0.02599607449 0)
(0.03634692234 0.01098161425 0)
(0.03784612898 0.01131285485 0)
(0.03831007634 0.01277684047 0)
(0.03934544832 0.01164418706 0)
(0.01217111239 0.04922677724 0)
(0.01067828268 0.04889660767 0)
(0.01062744103 0.0134703136 0)
(0.01016361793 0.01200430092 0)
(0.01524167599 0.01039799999 0)
(0.01674292983 0.01072942376 0)
(0.01029936259 0.02566516445 0)
(0.01076284438 0.02713020143 0)
(0.01226358787 0.02746131112 0)
(0.01122658762 0.0285954155 0)
(0.01272724228 0.02892666747 0)
(0.01169026697 0.03006063312 0)
(0.01319089785 0.03039186786 0)
(0.01215399006 0.03152588277 0)
(0.01065318353 0.03119481656 0)
(0.01111698178 0.03266015366 0)
(0.009835484555 0.02420133611 0)
(0.02781361719 0.01045737433 0)
(0.02631419446 0.01012588572 0)
(0.03888250825 0.01018021587 0)
(0.04038169438 0.01051169293 0)
(0.04084427266 0.01197552558 0)
(0.04188065189 0.01084321903 0)
(0.04234303953 0.01230689269 0)
(0.0433795623 0.01117473743 0)
(0.009616016788 0.03232909911 0)
(0.01007986216 0.03379446566 0)
(0.009262525434 0.0268008096 0)
(0.01114025956 0.05036095087 0)
(0.01262459931 0.0506899988 0)
(0.009639776468 0.05002967785 0)
(0.009181720285 0.04856994209 0)
(0.04291714919 0.009710915611 0)
(0.04441557437 0.01004464228 0)
(0.04487825421 0.01150662818 0)
(0.04591451716 0.0103754427 0)
(0.04637680819 0.01183806072 0)
(0.04741274584 0.01070814778 0)
(0.04787954487 0.01215095834 0)
(0.04891236357 0.01103494407 0)
(0.04844285449 0.009576823701 0)
(0.04994679027 0.009907498392 0)
(0.05041002901 0.01136921539 0)
(0.05144606292 0.01023931236 0)
(0.05192260155 0.01163691627 0)
(0.05294658462 0.01056178011 0)
(0.05342367206 0.01195643507 0)
(0.05444593099 0.01088860354 0)
(0.05490822023 0.01234978725 0)
(0.05594204244 0.01122951097 0)
(0.0564037011 0.01269334256 0)
(0.0574392914 0.0115650079 0)
(0.05790120606 0.01302770672 0)
(0.05893723146 0.01189753088 0)
(0.05939906242 0.01336001967 0)
(0.06043532515 0.01222924244 0)
(0.06089719582 0.01369184575 0)
(0.06193347912 0.01256078686 0)
(0.06239556868 0.0140224529 0)
(0.0634316614 0.01289247007 0)
(0.06389113795 0.01436032097 0)
(0.06492953467 0.01322505151 0)
(0.06538865794 0.01469460327 0)
(0.06642765315 0.01355770172 0)
(0.06688899673 0.01502683826 0)
(0.06792651333 0.01388938167 0)
(0.06838818967 0.0153592944 0)
(0.06942537041 0.01422114712 0)
(0.06988759378 0.0156854027 0)
(0.07092431884 0.01455193039 0)
(0.07138492754 0.01602227569 0)
(0.07242310917 0.01488458231 0)
(0.07288368309 0.01635530635 0)
(0.07392221506 0.0152167443 0)
(0.07438428124 0.0166812768 0)
(0.0754218136 0.01554739252 0)
(0.07588394566 0.01701220433 0)
(0.07692135736 0.01587938988 0)
(0.07738346697 0.01734411013 0)
(0.07634608799 0.01847666653 0)
(0.07784552243 0.0188087811 0)
(0.07680756988 0.01994140503 0)
(0.07830726766 0.02027347304 0)
(0.07726947551 0.02140600732 0)
(0.07876919081 0.0217380524 0)
(0.07773205025 0.0228704149 0)
(0.07923136417 0.02320252459 0)
(0.0781941862 0.02433485124 0)
(0.07969341075 0.0246670112 0)
(0.07865617987 0.02579933175 0)
(0.08015549153 0.02613150278 0)
(0.07911298241 0.02726554257 0)
(0.07842101141 0.01621140931 0)
(0.08061669908 0.02759636456 0)
(0.07957394661 0.02873053947 0)
(0.08107849674 0.02906118019 0)
(0.0800391116 0.03019436889 0)
(0.08154112873 0.03052589557 0)
(0.08050176884 0.03165915834 0)
(0.08200352131 0.03199086573 0)
(0.08096579775 0.03312361688 0)
(0.07946115031 0.03279735171 0)
(0.07992710092 0.03425892064 0)
(0.08142805463 0.03458910178 0)
(0.08039024612 0.03572187818 0)
(0.07888992393 0.03539120874 0)
(0.07935243217 0.03685457965 0)
(0.08085249975 0.03718674344 0)
(0.07981456044 0.03831937944 0)
(0.07831467397 0.03798689621 0)
(0.08131459342 0.03865192581 0)
(0.07877662442 0.0394518609 0)
(0.0772769234 0.03911934438 0)
(0.08026859109 0.02206917098 0)
(0.07773878184 0.04058436493 0)
(0.07623918163 0.04025185078 0)
(0.07670099902 0.04171686428 0)
(0.07520149757 0.04138426 0)
(0.08211706034 0.02792809792 0)
(0.07760983061 0.02694123303 0)
(0.07034865964 0.017151248 0)
(0.07473974817 0.03991954908 0)
(0.07370222927 0.04105181067 0)
(0.07416382299 0.04251635817 0)
(0.07266468843 0.04218381128 0)
(0.07820073687 0.04204942596 0)
(0.07312627857 0.04364834521 0)
(0.0716272199 0.04331575357 0)
(0.07324065183 0.03958742802 0)
(0.0720887424 0.04478030328 0)
(0.0705896943 0.04444777126 0)
(0.07795864093 0.01474652005 0)
(0.07945874165 0.01507862325 0)
(0.07012828739 0.0429833872 0)
(0.06909096658 0.04411520655 0)
(0.06955227477 0.04557945402 0)
(0.06805350188 0.04524685448 0)
(0.07623296093 0.02253816019 0)
(0.07345918829 0.01375077536 0)
(0.07899641279 0.01361349446 0)
(0.08049656638 0.01394566489 0)
(0.06851486392 0.0467111948 0)
(0.06701580967 0.04637853135 0)
(0.07358781719 0.04511302735 0)
(0.0686296906 0.04265115811 0)
(0.06896077878 0.01275498121 0)
(0.08003417954 0.01248029853 0)
(0.08153454237 0.01281252765 0)
(0.08199693065 0.014278028 0)
(0.08303495459 0.0131450011 0)
(0.08349739439 0.01461055197 0)
(0.08453548677 0.01347735971 0)
(0.08499793423 0.01494295973 0)
(0.08603618971 0.01380954371 0)
(0.08649867067 0.01527552236 0)
(0.08753674553 0.01414206621 0)
(0.08799928093 0.01560806162 0)
(0.08707446181 0.01267598052 0)
(0.06747734817 0.04784304557 0)
(0.06597836919 0.04751033893 0)
(0.06897624643 0.0481758057 0)
(0.06551704995 0.0460458514 0)
(0.0644793231 0.04717751424 0)
(0.06584975076 0.01617137892 0)
(0.08257289305 0.01167969962 0)
(0.06446497218 0.01175955415 0)
(0.08857475255 0.01300813766 0)
(0.08811275267 0.01154216826 0)
(0.08696109386 0.01674154199 0)
(0.08846166015 0.01707410885 0)
(0.08742361744 0.01820702067 0)
(0.0889241898 0.01853999141 0)
(0.08788609531 0.0196729172 0)
(0.08938653693 0.02000596915 0)
(0.08834842182 0.021139377 0)
(0.06494074129 0.04864202113 0)
(0.06344185053 0.04830915239 0)
(0.06298041465 0.04684480628 0)
(0.06194312462 0.04797628004 0)
(0.08984907824 0.02147197806 0)
(0.08881097598 0.02260477241 0)
(0.05996749566 0.0107644212 0)
(0.09031162279 0.02293784667 0)
(0.08927343725 0.02407067276 0)
(0.0614819625 0.04651221257 0)
(0.06044451409 0.04764342813 0)
(0.06090560754 0.04910756512 0)
(0.05940705487 0.0487746518 0)
(0.08961349827 0.01187429692 0)
(0.08915127022 0.01040826939 0)
(0.08996202361 0.01740549424 0)
(0.09077410429 0.02440382053 0)
(0.08973573595 0.02553733788 0)
(0.05998379063 0.04617948443 0)
(0.06102074694 0.04504857525 0)
(0.05986798145 0.05023910524 0)
(0.05836889578 0.04990601897 0)
(0.0912365613 0.02587000256 0)
(0.09019813168 0.02700358192 0)
(0.05547567371 0.009768136453 0)
(0.06136224281 0.01516143849 0)
(0.09065256305 0.01074077657 0)
(0.09169906957 0.02733611501 0)
(0.09066057934 0.02846975417 0)
(0.01720655881 0.01219513422 0)
(0.01158082622 0.03412548923 0)
(0.01054373012 0.03525991239 0)
(0.01824405785 0.01106080284 0)
(0.01778049905 0.009595061552 0)
(0.09018994867 0.009274332515 0)
(0.08868855818 0.008941878906 0)
(0.009042650675 0.034928917 0)
(0.009506586676 0.03639447682 0)
(0.009125917819 0.01313900016 0)
(0.008662044222 0.0116728838 0)
(0.009699827292 0.01053810137 0)
(0.008198130054 0.01020666887 0)
(0.009235961668 0.009071784676 0)
(0.09111451042 0.01220670608 0)
(0.07853370491 0.01214808295 0)
(0.02735113815 0.008992938422 0)
(0.02585436484 0.008658746981 0)
(0.05097456094 0.008774982791 0)
(0.09134982435 0.02180381717 0)
(0.008005357827 0.03606348467 0)
(0.008469370719 0.03752911243 0)
(0.05882969038 0.05137040439 0)
(0.05733109218 0.05103719585 0)
(0.05686979343 0.04957287368 0)
(0.05583222681 0.05070396823 0)
(0.05537112778 0.04923991978 0)
(0.05433351992 0.05037107213 0)
(0.05387264741 0.04890690413 0)
(0.0528350937 0.05003793758 0)
(0.05237445345 0.04857401693 0)
(0.05133684946 0.04970500662 0)
(0.05087612605 0.04824115457 0)
(0.04983853927 0.04937197745 0)
(0.05029930098 0.0508361179 0)
(0.04880096352 0.05050293266 0)
(0.04834029976 0.0490388346 0)
(0.0473026956 0.05016969452 0)
(0.04684223225 0.04870566951 0)
(0.04580453528 0.04983641177 0)
(0.04534411533 0.04837247614 0)
(0.04430644499 0.04950321453 0)
(0.04384602537 0.04803929247 0)
(0.04280845913 0.04916961936 0)
(0.04234790424 0.0477059964 0)
(0.04131039077 0.04883635853 0)
(0.04085153969 0.04737035675 0)
(0.0398123449 0.04850326749 0)
(0.03935630001 0.04703567917 0)
(0.03831484673 0.04816964957 0)
(0.03785702822 0.04670449433 0)
(0.03681657376 0.04783668591 0)
(0.03635536947 0.04637298834 0)
(0.03531771337 0.04750384076 0)
(0.03486068426 0.04604106158 0)
(0.03382076693 0.04717173614 0)
(0.03428006942 0.04863525271 0)
(0.03278146645 0.04830194906 0)
(0.03232438398 0.04683902698 0)
(0.03128310867 0.04796865141 0)
(0.03082511516 0.04650468531 0)
(0.02978429964 0.04763503311 0)
(0.03024431437 0.04909975664 0)
(0.02874536919 0.04876632438 0)
(0.02932386071 0.04617016575 0)
(0.03877603623 0.04963412585 0)
(0.03740140349 0.04524035816 0)
(0.02920575803 0.05023141409 0)
(0.02770641927 0.04989791694 0)
(0.04327031339 0.05063352094 0)
(0.06032732776 0.05170397129 0)
(0.0303676357 0.04504193997 0)
(0.02886389668 0.04470581065 0)
(0.05491036251 0.04777593663 0)
(0.02816692192 0.05136320682 0)
(0.02666737984 0.0510296398 0)
(0.0262070487 0.04956419284 0)
(0.0251676333 0.05069592502 0)
(0.02966580616 0.05169644933 0)
(0.02470677491 0.04923002636 0)
(0.02366757243 0.05036194415 0)
(0.007734169563 0.008740330417 0)
(0.04394652193 0.00858068308 0)
(0.01010364261 0.05149548551 0)
(0.008602059127 0.05116421661 0)
(0.09216157903 0.02880227698 0)
(0.09112305601 0.02993588857 0)
(0.08962210824 0.02960335461 0)
(0.09008476823 0.03106848261 0)
(0.0915855583 0.03140190244 0)
(0.090547222 0.03253448633 0)
(0.09204803161 0.03286809319 0)
(0.09100941029 0.03400166496 0)
(0.08950827488 0.03366528739 0)
(0.08997072382 0.03513478762 0)
(0.09147173282 0.03546810245 0)
(0.090433058 0.03660158356 0)
(0.08893212542 0.03626888239 0)
(0.08939444504 0.03773518682 0)
(0.09089539837 0.03806795598 0)
(0.08985672154 0.03920149306 0)
(0.09135777532 0.03953429152 0)
(0.09031901732 0.04066786282 0)
(0.08881787235 0.04033515715 0)
(0.08928016764 0.04180149022 0)
(0.09078134477 0.04213430838 0)
(0.08974247551 0.04326788473 0)
(0.08824132367 0.04293504283 0)
(0.08870359021 0.04440145153 0)
(0.08720249312 0.04406852976 0)
(0.08766472199 0.04553500099 0)
(0.08916578556 0.04586796941 0)
(0.08812686291 0.04700148112 0)
(0.08662573402 0.04666853789 0)
(0.0870879603 0.04813508699 0)
(0.08558683063 0.04780210499 0)
(0.08858926744 0.0484677989 0)
(0.08604902903 0.04926863356 0)
(0.08454790761 0.04893565709 0)
(0.0850101001 0.05040220269 0)
(0.08350898828 0.05006918522 0)
(0.08304409948 0.04860011346 0)
(0.08200473692 0.04973316387 0)
(0.08246935811 0.05120216376 0)
(0.08096838892 0.0508689646 0)
(0.08050697084 0.04940324487 0)
(0.07946805079 0.0505365068 0)
(0.02412848641 0.05182806329 0)
(0.02262835189 0.0514941579 0)
(0.08730937709 0.02227135285 0)
(0.02527997585 0.01125800475 0)
(0.0120446887 0.0355907524 0)
(0.05952320302 0.04471598866 0)
(0.06055973045 0.0435854853 0)
(0.0221674549 0.05002791764 0)
(0.0211281546 0.05116016355 0)
(0.04926144446 0.05196736864 0)
(0.09169140225 0.009606885316 0)
(0.09122868922 0.008140259208 0)
(0.07992971779 0.05200282104 0)
(0.07842919544 0.05166977348 0)
(0.0418932115 0.04623483897 0)
(0.05479549451 0.0518349933 0)
(0.07796731495 0.05020356673 0)
(0.07692844876 0.05133679506 0)
(0.0768128773 0.03765755675 0)
(0.02552167686 0.02084614422 0)
(0.04534048665 0.01296976904 0)
(0.04130686009 0.01343892899 0)
(0.07530619655 0.01961537043 0)
(0.05104408539 0.01287550737 0)
(0.01376467755 0.02779394788 0)
(0.08869727835 0.0266709802 0)
(0.0859224107 0.01787357484 0)
(0.01308165725 0.03445650255 0)
(0.08512471616 0.04633557949 0)
(0.08674027179 0.04260218371 0)
(0.07853287681 0.02986881027 0)
(0.08858364977 0.0307368517 0)
(0.09124367314 0.04360082132 0)
(0.08235266825 0.03751909647 0)
(0.02772596572 0.03221722158 0)
(0.007541402972 0.03459784819 0)
(0.01605917568 0.01739452217 0)
(0.06793884361 0.04930784156 0)
(0.06943804734 0.04964069151 0)
(0.06840029646 0.05077300906 0)
(0.06989745912 0.05110668908 0)
(0.09239642116 0.03840081492 0)
(0.07957176715 0.01101476582 0)
(0.07807113175 0.01068251177 0)
(0.07910931275 0.009549071972 0)
(0.07760846992 0.009216792892 0)
(0.07864669378 0.00808319321 0)
(0.0771458462 0.007750951052 0)
(0.07610765655 0.008884550381 0)
(0.07562744652 0.007498074498 0)
(0.074604034 0.008565564 0)
(0.03371152556 0.03354442162 0)
(0.039919096 0.00904746633 0)
(0.08651128752 0.0507351875 0)
(0.085472257 0.05186884206 0)
(0.08697363965 0.05220186425 0)
(0.01987547142 0.02505066302 0)
(0.03370038865 0.01584317524 0)
(0.03266465341 0.01697558262 0)
(0.03416415478 0.01730591603 0)
(0.03312789571 0.01843836716 0)
(0.03462693853 0.01876858667 0)
(0.03359078032 0.01990080683 0)
(0.03509007519 0.02023059294 0)
(0.03405351743 0.02136312152 0)
(0.03612639146 0.01909857616 0)
(0.03255565196 0.02103267476 0)
(0.03301829939 0.02249506896 0)
(0.03152074119 0.02216464204 0)
(0.03198329594 0.02362682112 0)
(0.03048569123 0.02329650568 0)
(0.03094828883 0.0247586845 0)
(0.03244591199 0.02508900355 0)
(0.03141106887 0.02622071544 0)
(0.03290862114 0.02655105116 0)
(0.03509585287 0.03793120227 0)
(0.07934442234 0.01914002619 0)
(0.02404237759 0.03821065841 0)
(0.02219121557 0.03236560964 0)
(0.02910870734 0.03661033621 0)
(0.01952238233 0.01952315246 0)
(0.03841965587 0.008715923312 0)
(0.02885043135 0.009324083966 0)
(0.08014755193 0.008415583398 0)
(0.08119285682 0.02499845446 0)
(0.06886099889 0.05223822758 0)
(0.07035652768 0.05257940076 0)
(0.06736206708 0.05190527341 0)
(0.01870762919 0.01252642882 0)
(0.02058249349 0.03609272573 0)
(0.04626464096 0.05130070165 0)
(0.07093816696 0.04997316876 0)
(0.01928162993 0.009926561276 0)
(0.01881825337 0.008460690683 0)
(0.01731697934 0.008129272232 0)
(0.02990516975 0.04357700855 0)
(0.009970562614 0.03785999679 0)
(0.008933434945 0.03899472769 0)
(0.02840325808 0.04324129934 0)
(0.02736417729 0.0443716268 0)
(0.04488674924 0.04690163658 0)
(0.07412328925 0.007181336293 0)
(0.073102295 0.008238112584 0)
(0.028388205 0.007859300711 0)
(0.02988782471 0.008190354824 0)
(0.03659269151 0.03826157509 0)
(0.03555827874 0.03939259656 0)
(0.03705551647 0.03972265283 0)
(0.04787980127 0.04757487333 0)
(0.007160341696 0.01134152544 0)
(0.09228260619 0.04246712982 0)
(0.09274499168 0.04393380719 0)
(0.09227500208 0.024736218 0)
(0.05836514276 0.01450030878 0)
(0.008772149754 0.007605385296 0)
(0.01027383535 0.007936971925 0)
(0.007270213422 0.007273905121 0)
(0.02712808635 0.05249524445 0)
(0.03945649005 0.007582813808 0)
(0.03795651031 0.007251244146 0)
(0.05191359575 0.04711044202 0)
(0.07263671781 0.006785506238 0)
(0.0716038926 0.00789615046 0)
(0.05779201396 0.05250123142 0)
(0.0230892813 0.05296039726 0)
(0.007432085544 0.03866385997 0)
(0.007896213249 0.04012966825 0)
(0.03555429601 0.02169221008 0)
(0.09273026012 0.008472852189 0)
(0.09226749408 0.007006090004 0)
(0.09076583622 0.006673528427 0)
(0.00906611655 0.05263036296 0)
(0.01056795585 0.05296153954 0)
(0.007564265087 0.05229912408 0)
(0.007100229517 0.05083281721 0)
(0.09319298566 0.009939604649 0)
(0.07739036406 0.05280298316 0)
(0.07113884001 0.006441117698 0)
(0.07010406665 0.007560237981 0)
(0.01835477322 0.006994873944 0)
(0.01985611158 0.007326274288 0)
(0.0168540649 0.006662874717 0)
(0.05541757789 0.01381992015 0)
(0.07968490956 0.006949436482 0)
(0.08118610977 0.00728191153 0)
(0.02942558822 0.006725543489 0)
(0.03092484631 0.007056459992 0)
(0.02792909797 0.006391970702 0)
(0.006503983 0.03573250273 0)
(0.006039949511 0.03426670586 0)
(0.09308662389 0.03173463949 0)
(0.07646658951 0.04987066285 0)
(0.0775052882 0.04873762982 0)
(0.02945038793 0.02442830784 0)
(0.08593444611 0.05333561843 0)
(0.08743593162 0.05366868662 0)
(0.08847508486 0.05253486699 0)
(0.08304154296 0.03085792721 0)
(0.08350394364 0.03232307162 0)
(0.07652581095 0.006269472357 0)
(0.08789209454 0.03739983412 0)
(0.09354908222 0.03320101342 0)
(0.01354547199 0.03592154322 0)
(0.01458227135 0.03478748601 0)
(0.07588957498 0.05246997393 0)
(0.01043471307 0.0393256617 0)
(0.02944126679 0.04211055562 0)
(0.03094768602 0.04245008385 0)
(0.02690396709 0.04290717749 0)
(0.02586556385 0.04403802496 0)
(0.02066734982 0.04969391713 0)
(0.01962787389 0.05082615261 0)
(0.02170663159 0.04856175394 0)
(0.02008871911 0.0522925952 0)
(0.01858815357 0.05195846996 0)
(0.09320014009 0.02766861474 0)
(0.05906260388 0.04325300258 0)
(0.06009886711 0.04212292192 0)
(0.06159587073 0.04245507682 0)
(0.06110082412 0.04096127016 0)
(0.0626261905 0.04131960084 0)
(0.06213021458 0.0398250209 0)
(0.06366004504 0.04018750927 0)
(0.06319901893 0.03872509227 0)
(0.06470379362 0.03906456223 0)
(0.06424172462 0.0376012145 0)
(0.06573943517 0.03793419469 0)
(0.06527878607 0.03647198796 0)
(0.06677558791 0.03680417413 0)
(0.06631498429 0.03534194208 0)
(0.06781147398 0.03567378615 0)
(0.06735104905 0.03421170793 0)
(0.06884763013 0.03454349173 0)
(0.06838713392 0.03308114577 0)
(0.06988432537 0.03341351298 0)
(0.06942342525 0.03195058956 0)
(0.07092083245 0.03228292805 0)
(0.07045983664 0.03082000035 0)
(0.06896246702 0.03048773688 0)
(0.06999859162 0.02935722577 0)
(0.06850149927 0.02902508286 0)
(0.06953752849 0.02789455685 0)
(0.06804055277 0.02756243895 0)
(0.06907669763 0.02643188556 0)
(0.0675796285 0.02609967772 0)
(0.06861578163 0.0249692615 0)
(0.06711867957 0.02463704613 0)
(0.07057396431 0.02676467751 0)
(0.06815480748 0.02350667705 0)
(0.06665770468 0.02317463094 0)
(0.07195746817 0.03115219524 0)
(0.0675127849 0.03013073553 0)
(0.06965209922 0.02383874331 0)
(0.07241849509 0.03261545386 0)
(0.06584639484 0.03389279238 0)
(0.06562169135 0.02430491161 0)
(0.06516066267 0.02284256719 0)
(0.06619665123 0.02171224161 0)
(0.06469958191 0.0213802229 0)
(0.06827491708 0.03713456907 0)
(0.07034689505 0.03487336946 0)
(0.06654350335 0.02722989481 0)
(0.006078188113 0.05189590975 0)
(0.009810126237 0.006470450933 0)
(0.01131191552 0.006802021708 0)
(0.06964778151 0.006148259672 0)
(0.06860517426 0.007233902411 0)
(0.01904913999 0.05342516707 0)
(0.01754841008 0.05309104003 0)
(0.06782293896 0.05337073832 0)
(0.06632377355 0.05303758808 0)
(0.06919108801 0.02237582026 0)
(0.07068878633 0.02270805282 0)
(0.006409646432 0.03979410015 0)
(0.00687628402 0.04125904753 0)
(0.006493192502 0.05322974715 0)
(0.07345536429 0.031484502 0)
(0.07391647383 0.03294810094 0)
(0.03187389741 0.0276825881 0)
(0.03337102765 0.02801298083 0)
(0.03037643141 0.02735248779 0)
(0.08281476415 0.03898455141 0)
(0.08743068984 0.03593400355 0)
(0.06814975158 0.005909619351 0)
(0.06710402092 0.006925337724 0)
(0.08893746301 0.05400176746 0)
(0.08997670565 0.05286784645 0)
(0.09043908936 0.0543348574 0)
(0.09147835914 0.05320090096 0)
(0.008363365445 0.04159461385 0)
(0.00732646839 0.04272943144 0)
(0.09371285021 0.00733340957 0)
(0.07639154203 0.05397291672 0)
(0.07791386208 0.05436073097 0)
(0.006232206349 0.008408934053 0)
(0.03899382592 0.006117825597 0)
(0.03749354046 0.005786148605 0)
(0.03645615355 0.006919771691 0)
(0.09180468647 0.005539252664 0)
(0.07485735449 0.05360926686 0)
(0.05802620724 0.04438329369 0)
(0.05756562484 0.04292076199 0)
(0.05652945673 0.04405064717 0)
(0.03394316842 0.02541989459 0)
(0.02391002012 0.02457803016 0)
(0.0153747666 0.02406074003 0)
(0.09101595711 0.05173387662 0)
(0.09251765433 0.0520669075 0)
(0.09205494641 0.05059998647 0)
(0.0929800865 0.05353397168 0)
(0.09401941238 0.0523999274 0)
(0.06412873566 0.0416569885 0)
(0.06966702938 0.04151920065 0)
(0.08245804269 0.01574253149 0)
(0.009589779797 0.01460507297 0)
(0.008088224477 0.01427377615 0)
(0.008552115511 0.01573987133 0)
(0.007050483763 0.01540857634 0)
(0.007514409038 0.01687470777 0)
(0.08177659868 0.0401173115 0)
(0.08661177014 0.0112098055 0)
(0.01190982297 0.02193223346 0)
(0.009152212977 0.03086367247 0)
(0.07716279407 0.04318203264 0)
(0.07866273128 0.04351465085 0)
(0.07299408455 0.03002131102 0)
(0.03324184549 0.04976651173 0)
(0.040494094 0.00644960734 0)
(0.06390303658 0.04977384225 0)
(0.03474077482 0.05009985798 0)
(0.03370254238 0.05123149552 0)
(0.03520208507 0.05156491624 0)
(0.03416340741 0.05269686503 0)
(0.03566331441 0.05303034091 0)
(0.05076035318 0.052300599 0)
(0.04972212588 0.05343230023 0)
(0.05122172744 0.05376557804 0)
(0.07206750791 0.009357919626 0)
(0.0360210693 0.0408540945 0)
(0.03751829802 0.04118403489 0)
(0.06756667385 0.008364010331 0)
(0.06606632819 0.008031577295 0)
(0.06560230356 0.006573193147 0)
(0.06456590211 0.007696182823 0)
(0.0641033725 0.006230424279 0)
(0.06306592834 0.007361815264 0)
(0.06263117966 0.005823846195 0)
(0.06157039104 0.007017028895 0)
(0.09378402485 0.0428000022 0)
(0.005768208867 0.006942440538 0)
(0.02020660442 0.04822773114 0)
(0.01708747349 0.05162423402 0)
(0.02124615117 0.04709496457 0)
(0.09424645782 0.04426674065 0)
(0.09320734741 0.04540061869 0)
(0.06113643458 0.005477311841 0)
(0.06007198058 0.006680512951 0)
(0.01604759239 0.05275685677 0)
(0.01650857881 0.05422378389 0)
(0.01501744881 0.05390877725 0)
(0.006012747594 0.01654341209 0)
(0.006476699709 0.01800954674 0)
(0.007978310449 0.01834081698 0)
(0.006940664588 0.0194756356 0)
(0.006806286819 0.005807356123 0)
(0.0807233008 0.005815519032 0)
(0.08222464719 0.00614800422 0)
(0.08268739282 0.007614458118 0)
(0.08372596588 0.00648053357 0)
(0.09470890234 0.04573358685 0)
(0.005600902607 0.05048944301 0)
(0.01945190251 0.005802321415 0)
(0.02091273756 0.00619034216 0)
(0.02136061447 0.007657528781 0)
(0.02239894176 0.006523110566 0)
(0.005548750448 0.01507720154 0)
(0.009530247739 0.05409661755 0)
(0.01104665916 0.05444101307 0)
(0.03598900549 0.005472868887 0)
(0.09448187451 0.05386704752 0)
(0.005791355859 0.04243844007 0)
(0.006286550872 0.04387677531 0)
(0.007787388797 0.04419642703 0)
(0.006750090158 0.04533346591 0)
(0.03462436223 0.05416256191 0)
(0.0331243872 0.0538289422 0)
(0.03612433769 0.05449607544 0)
(0.03716336591 0.05336376546 0)
(0.03762444982 0.0548295443 0)
(0.03866331956 0.05369716838 0)
(0.005304197145 0.00547585023 0)
(0.06412471873 0.02397259741 0)
(0.05960626498 0.005230080386 0)
(0.05856704984 0.006361940445 0)
(0.090323474 0.005225511633 0)
(0.06158145129 0.03833684606 0)
(0.005438984855 0.01914440326 0)
(0.005903015926 0.0206105092 0)
(0.03046288567 0.005591519955 0)
(0.07385606787 0.005604557825 0)
(0.07536043178 0.05511333092 0)
(0.07382076451 0.05474472661 0)
(0.09552122146 0.05273296318 0)
(0.09505829879 0.05126619184 0)
(0.05018326763 0.05489761929 0)
(0.04868340142 0.05456418893 0)
(0.06677970165 0.05449907446 0)
(0.0652840583 0.05416977679 0)
(0.06827469499 0.05482371915 0)
(0.004678057947 0.05163924465 0)
(0.05810023913 0.004914446095 0)
(0.05706501428 0.006034953543 0)
(0.02194444118 0.005065228616 0)
(0.02343592571 0.005390260189 0)
(0.06573563871 0.02024977671 0)
(0.06423857739 0.01991794595 0)
(0.063202655 0.02104827965 0)
(0.06274163302 0.01958617003 0)
(0.06170601454 0.02071647813 0)
(0.06124503125 0.01925455735 0)
(0.06020959334 0.0203846269 0)
(0.05974863599 0.01892293928 0)
(0.09458781524 0.0320672669 0)
(0.07022754773 0.02124470579 0)
(0.07172550737 0.02157695008 0)
(0.07218673743 0.02304050452 0)
(0.07495362272 0.03181686233 0)
(0.07762367871 0.04465160244 0)
(0.0791235888 0.04498504822 0)
(0.08016271119 0.0438480426 0)
(0.0323365623 0.02914428907 0)
(0.03383352466 0.02947436219 0)
(0.03486781311 0.02834337677 0)
(0.07600494091 0.04840470789 0)
(0.08062486372 0.04531430392 0)
(0.08166153022 0.04418074248 0)
(0.08327541597 0.04045344225 0)
(0.09344252921 0.055001082 0)
(0.05168308342 0.0552309672 0)
(0.03452365676 0.04052403874 0)
(0.07541381235 0.03327982634 0)
(0.07437782793 0.03441000638 0)
(0.02898665209 0.02296704929 0)
(0.02795210754 0.02409828177 0)
(0.03162907138 0.01810822998 0)
(0.07438987965 0.05213792918 0)
(0.08454100577 0.03119034034 0)
(0.08500322932 0.03265574058 0)
(0.06620161448 0.03939622844 0)
(0.01767029163 0.0136606702 0)
(0.01917122284 0.01399181086 0)
(0.0202083982 0.01285775933 0)
(0.01374031682 0.01006659226 0)
(0.07506916219 0.01002022379 0)
(0.008442240575 0.01980679403 0)
(0.02632590739 0.04550285876 0)
(0.02482699293 0.04516919739 0)
(0.03231174765 0.01145192645 0)
(0.03334803244 0.01031957851 0)
(0.0206718376 0.01432303812 0)
(0.01963479268 0.0154569682 0)
(0.07255022189 0.04624516341 0)
(0.09366979123 0.04686725522 0)
(0.09517135253 0.04720050082 0)
(0.0841886572 0.007946997376 0)
(0.08522736634 0.006813034741 0)
(0.0349865082 0.04198604684 0)
(0.03495555803 0.00659171831 0)
(0.03448965365 0.005145387374 0)
(0.01504604249 0.03625234388 0)
(0.01608263195 0.03511829647 0)
(0.01561903993 0.0336536981 0)
(0.01711912732 0.03398452825 0)
(0.01665568725 0.03252009563 0)
(0.01400929944 0.03738641075 0)
(0.01815551435 0.03285099328 0)
(0.01769212384 0.03138669976 0)
(0.03048207013 0.04098272501 0)
(0.02898082046 0.0406465188 0)
(0.08385292398 0.03785157583 0)
(0.02170901152 0.01318910334 0)
(0.09494434002 0.05533420129 0)
(0.03855262679 0.04005254938 0)
(0.03901541803 0.04151386582 0)
(0.08476465725 0.005346454621 0)
(0.0862661647 0.005679033914 0)
(0.01084283685 0.005359579154 0)
(0.01234918311 0.005670986626 0)
(0.02540525333 0.04257335813 0)
(0.08639673198 0.0548024991 0)
(0.08489518582 0.0544693899 0)
(0.03912455972 0.05516301958 0)
(0.04016344828 0.05403062532 0)
(0.005006124421 0.03540485259 0)
(0.004480652817 0.03397972457 0)
(0.005566371753 0.03280824913 0)
(0.005253620866 0.04500779695 0)
(0.005712470526 0.04646684481 0)
(0.09498368662 0.03355480593 0)
(0.004730138825 0.008077542992 0)
(0.06373350947 0.004694553279 0)
(0.06378240654 0.03614024919 0)
(0.02297081523 0.003930890826 0)
(0.03525826709 0.02982722389 0)
(0.03359328191 0.05525928241 0)
(0.03209820039 0.05490215252 0)
(0.04003127777 0.004984283381 0)
(0.04153177649 0.005316138863 0)
(0.07059934008 0.005114419025 0)
(0.02447036101 0.004262654271 0)
(0.004055280489 0.03248216546 0)
(0.005107848677 0.03133980251 0)
(0.03863664284 0.03600312781 0)
(0.04914457105 0.05602996242 0)
(0.04766237073 0.05561600404 0)
(0.05660088471 0.004641258819 0)
(0.05556457435 0.005713644083 0)
(0.04062470008 0.05549648552 0)
(0.04166361698 0.05436406421 0)
(0.05504583565 0.004131371919 0)
(0.05406446077 0.005369172586 0)
(0.05606914668 0.04258836741 0)
(0.05502972836 0.04371863153 0)
(0.004510908676 0.01621213608 0)
(0.0100112825 0.05557841804 0)
(0.06574010489 0.05563122187 0)
(0.06425702627 0.05524682712 0)
(0.06378680912 0.0538277242 0)
(0.06275999524 0.05490360551 0)
(0.09528554084 0.04313283632 0)
(0.09482284955 0.04166640623 0)
(0.01547408 0.05536290107 0)
(0.04013534726 0.0404261999 0)
(0.04052255506 0.04187014805 0)
(0.08174982657 0.004735999999 0)
(0.04212488322 0.05582997462 0)
(0.04316091175 0.05469540471 0)
(0.08940407215 0.05544951698 0)
(0.08025837072 0.004358108806 0)
(0.006342354288 0.004340718529 0)
(0.09136580684 0.004094307912 0)
(0.09284766371 0.004408608341 0)
(0.004840179351 0.004009191638 0)
(0.06061563209 0.003986196891 0)
(0.06228430459 0.01811787395 0)
(0.0712642341 0.02011344008 0)
(0.06976789545 0.01977513608 0)
(0.01692333043 0.055720302 0)
(0.07958655958 0.04644579 0)
(0.05452717218 0.006836359801 0)
(0.05902926912 0.007826671802 0)
(0.03947994052 0.04297977534 0)
(0.06352831498 0.008826515556 0)
(0.04097745616 0.04331022564 0)
(0.04200962952 0.04217328057 0)
(0.04247300624 0.04363556451 0)
(0.03279917656 0.03060569839 0)
(0.03130211975 0.03027562916 0)
(0.05698966637 0.04551315769 0)
(0.0764509767 0.03214819526 0)
(0.07599040599 0.030685767 0)
(0.03970232034 0.05256499729 0)
(0.06458575079 0.02543471196 0)
(0.06308943166 0.02510282673 0)
(0.06356236962 0.02650905857 0)
(0.04280504143 0.01377023215 0)
(0.04176926358 0.01490185149 0)
(0.04326679767 0.01523311898 0)
(0.04223130301 0.01636444828 0)
(0.04073393743 0.01603335813 0)
(0.0411958981 0.01749555144 0)
(0.03969883414 0.01716466262 0)
(0.04016100188 0.01862652923 0)
(0.04372842844 0.01669538185 0)
(0.04165777181 0.01895740492 0)
(0.06216692586 0.02217835219 0)
(0.04476377422 0.01556443871 0)
(0.04522551025 0.01702647506 0)
(0.0462606116 0.0158957966 0)
(0.07427556147 0.03845702624 0)
(0.07277659547 0.03812422738 0)
(0.07174161506 0.03925524061 0)
(0.05041574795 0.0467776611 0)
(0.0514528682 0.04564736844 0)
(0.04995573452 0.04531468848 0)
(0.05099232491 0.04418482583 0)
(0.04938513712 0.04371490958 0)
(0.05295019295 0.04597985957 0)
(0.01619223172 0.0310553701 0)
(0.01722887051 0.02992226001 0)
(0.01872852361 0.03025327194 0)
(0.07334644906 0.01781570301 0)
(0.0770329342 0.011815821 0)
(0.03520223131 0.01617311014 0)
(0.01826510801 0.02878902882 0)
(0.01676555258 0.02845798277 0)
(0.0178018681 0.02732468307 0)
(0.0881195821 0.02926627656 0)
(0.03923648558 0.01570248457 0)
(0.03820137566 0.01683400302 0)
(0.02644345239 0.04144252395 0)
(0.04845918764 0.04498170843 0)
(0.07496626451 0.04953755422 0)
(0.01281345085 0.007134303206 0)
(0.08570155856 0.04373559182 0)
(0.02124562505 0.01172376902 0)
(0.02576864271 0.0304259492 0)
(0.02841521029 0.02556059148 0)
(0.026915655 0.02523053389 0)
(0.02737972213 0.02669273013 0)
(0.005194325875 0.009543924201 0)
(0.09090219023 0.05579872224 0)
(0.09216822363 0.04653426978 0)
(0.0940004877 0.03467105845 0)
(0.09543294437 0.03502692718 0)
(0.08339069292 0.036386178 0)
(0.01791189033 0.02325580344 0)
(0.007844404231 0.004672296489 0)
(0.07992044677 0.01654331286 0)
(0.008495210755 0.0552343661 0)
(0.09366271069 0.0291348658 0)
(0.09468093999 0.0280075766 0)
(0.08407936845 0.0297249026 0)
(0.01550946551 0.03771669181 0)
(0.005467144138 0.03686789023 0)
(0.003969239889 0.03654040518 0)
(0.09423537703 0.02653585608 0)
(0.02274698818 0.04743024332 0)
(0.02228686305 0.04596381891 0)
(0.03621810003 0.03284097457 0)
(0.02205898023 0.01872089695 0)
(0.0944589165 0.03613911952 0)
(0.09595930481 0.03647369996 0)
(0.09493129418 0.03760253802 0)
(0.02054971474 0.0537591517 0)
(0.01951465921 0.05487183614 0)
(0.02101158433 0.05522250042 0)
(0.004429777096 0.03800312925 0)
(0.09508107011 0.02949358572 0)
(0.02458967881 0.05329429989 0)
(0.01477828961 0.008931976865 0)
(0.0821226981 0.04565522872 0)
(0.0310571543 0.02070312449 0)
(0.01385156333 0.00599932297 0)
(0.01338791048 0.004532812349 0)
(0.01488977146 0.004863860403 0)
(0.04718666526 0.05421728549 0)
(0.02355028602 0.05442684723 0)
(0.02505084514 0.05476085932 0)
(0.02401134637 0.05589352222 0)
(0.01630233674 0.02699355401 0)
(0.07322366653 0.02190923798 0)
(0.07368485963 0.02337297558 0)
(0.07264789684 0.02450398629 0)
(0.07414604231 0.02483670122 0)
(0.07310899801 0.02596771974 0)
(0.0746071896 0.02630046252 0)
(0.09413220392 0.0483340102 0)
(0.05272116713 0.05409880601 0)
(0.05321661198 0.05561529945 0)
(0.05422681571 0.05444052764 0)
(0.03541927656 0.008053730003 0)
(0.08568967394 0.0082794156 0)
(0.02113487431 0.01578825582 0)
(0.09563386954 0.04866733575 0)
(0.02645198058 0.02376886215 0)
(0.03392074234 0.0077230104 0)
(0.08465110474 0.009413312429 0)
(0.08926834242 0.00634516098 0)
(0.08884711226 0.004940622059 0)
(0.06652907743 0.009490285168 0)
(0.06802881754 0.009822952441 0)
(0.07127985259 0.03779216244 0)
(0.07024285641 0.03892399678 0)
(0.02285870268 0.007989339564 0)
(0.05302871239 0.006502284173 0)
(0.05255926694 0.005061314446 0)
(0.05152797326 0.006174176081 0)
(0.05104473817 0.00479454402 0)
(0.05002350317 0.005854449363 0)
(0.04954130773 0.004475561702 0)
(0.04852185261 0.005526871927 0)
(0.02493388866 0.005722556739 0)
(0.02597170583 0.004587734443 0)
(0.07587849775 0.03473853818 0)
(0.04617911521 0.05521529787 0)
(0.0175853344 0.03544494841 0)
(0.04352394724 0.04243151998 0)
(0.04397267254 0.04395253265 0)
(0.04500542548 0.04282624625 0)
(0.04546727428 0.04429172848 0)
(0.07231072222 0.03666273412 0)
(0.01447352563 0.03884913416 0)
(0.04569415799 0.05386887113 0)
(0.03002395048 0.03951875862 0)
(0.0285267001 0.03918539618 0)
(0.03152616785 0.03985749122 0)
(0.006640369807 0.04936898049 0)
(0.008252376958 0.04565981594 0)
(0.009288492252 0.04452616158 0)
(0.005176289162 0.04902726384 0)
(0.02494499778 0.04110868911 0)
(0.02598479315 0.03997921441 0)
(0.01974490232 0.04676676891 0)
(0.0155924393 0.05129528591 0)
(0.08538057494 0.05592907182 0)
(0.0837147614 0.05579481204 0)
(0.08337012616 0.05416823477 0)
(0.08235438699 0.05527001067 0)
(0.01871133148 0.04789893436 0)
(0.02390842352 0.04224110723 0)
(0.05474900421 0.05596201424 0)
(0.05573317588 0.05477748519 0)
(0.004210492367 0.04613594612 0)
(0.01662592723 0.05016539284 0)
(0.01206998226 0.053292602 0)
(0.01253417076 0.05475890091 0)
(0.03658556447 0.05596210285 0)
(0.004401254582 0.02027931614 0)
(0.00486530856 0.02174547333 0)
(0.006367034213 0.02207668537 0)
(0.005329371025 0.02321165235 0)
(0.003827589013 0.02288043676 0)
(0.004291718235 0.02434659985 0)
(0.005793443095 0.02467777098 0)
(0.004755848876 0.0258127008 0)
(0.006257484901 0.02614376351 0)
(0.005219944679 0.02727874307 0)
(0.003770415592 0.02693117359 0)
(0.006723155932 0.02760777115 0)
(0.004191506045 0.02840900865 0)
(0.05951110808 0.04051058235 0)
(0.09665990363 0.04753762957 0)
(0.05710512346 0.04145862988 0)
(0.0370305721 0.004320728286 0)
(0.04805556533 0.004076749887 0)
(0.04702371063 0.005184705122 0)
(0.04748752067 0.006645564356 0)
(0.04598830581 0.006309245026 0)
(0.04552491851 0.004845526311 0)
(0.04449795456 0.005980298018 0)
(0.0440331781 0.004516245542 0)
(0.03636434562 0.02867354286 0)
(0.03590205711 0.02721268656 0)
(0.09599450477 0.02690118562 0)
(0.09531930349 0.02540658622 0)
(0.003794990844 0.04475500234 0)
(0.08578173901 0.004112097755 0)
(0.08403835836 0.003920149306 0)
(0.09249094245 0.002733291924 0)
(0.004073523519 0.01473735725 0)
(0.005089249049 0.01360951375 0)
(0.003614677986 0.01326928676 0)
(0.05620091781 0.05622223567 0)
(0.05722351474 0.05509911787 0)
(0.003955440523 0.01880978743 0)
(0.03968032107 0.03899262899 0)
(0.05063660976 0.0427242976 0)
(0.07428700683 0.05619431125 0)
(0.07278023441 0.0558523722 0)
(0.07579836577 0.0565581638 0)
(0.02552020938 0.056191411 0)
(0.02655173793 0.05508750829 0)
(0.04362511278 0.05616341898 0)
(0.0961539081 0.03244890133 0)
(0.05754864112 0.003669453462 0)
(0.06527459979 0.01878724635 0)
(0.06677177699 0.0191190272 0)
(0.07704406768 0.04726736881 0)
(0.0965279366 0.05160913351 0)
(0.07564434357 0.02516923527 0)
(0.07404972484 0.04657782552 0)
(0.07301181178 0.04771022631 0)
(0.08523797409 0.04226600686 0)
(0.08627779104 0.04113546833 0)
(0.07231070629 0.05440318765 0)
(0.07127362017 0.05553339987 0)
(0.03348853795 0.04165583841 0)
(0.03395067878 0.04311734734 0)
(0.03994123416 0.04443700425 0)
(0.01733894059 0.02585871876 0)
(0.06816829626 0.04118740151 0)
(0.06713102491 0.04231890149 0)
(0.03773903706 0.01537169058 0)
(0.007295606572 0.0250081015 0)
(0.0200977539 0.01692268842 0)
(0.01859783512 0.01659091826 0)
(0.06699250188 0.01095505779 0)
(0.01365479471 0.03185723505 0)
(0.009479787205 0.01867212255 0)
(0.0218210145 0.009123603975 0)
(0.01297261885 0.03852052973 0)
(0.01343674012 0.03998310651 0)
(0.09285892337 0.03986711997 0)
(0.008114906225 0.03199796667 0)
(0.00765107056 0.0305324685 0)
(0.09055347186 0.05026701556 0)
(0.01005366996 0.01607109897 0)
(0.05349386817 0.007968959945 0)
(0.08188842746 0.05380841701 0)
(0.08085253718 0.05493768509 0)
(0.02528748922 0.04663414962 0)
(0.06540213268 0.05010675848 0)
(0.06436422219 0.05123878454 0)
(0.03184907594 0.009987993274 0)
(0.0424523377 0.008247583831 0)
(0.08396620929 0.03378847914 0)
(0.08546642132 0.03412077653 0)
(0.08650327624 0.03298952521 0)
(0.008688757264 0.02939826509 0)
(0.07612468073 0.04431490543 0)
(0.02331998933 0.009456364925 0)
(0.08557924527 0.03005981047 0)
(0.08511730433 0.02859211067 0)
(0.02678620668 0.04696767438 0)
(0.009943970819 0.02013758714 0)
(0.008906281255 0.0212722926 0)
(0.004626867636 0.01214278581 0)
(0.04269836119 0.05322973552 0)
(0.03220337549 0.05089798675 0)
(0.03081249213 0.01112074953 0)
(0.08120063566 0.04271477554 0)
(0.07151212592 0.04737743467 0)
(0.06286516299 0.05090565735 0)
(0.09159209491 0.04913335669 0)
(0.0362401755 0.05043302075 0)
(0.0622881406 0.05349154793 0)
(0.06124802811 0.05462417181 0)
(0.06170643658 0.05610354448 0)
(0.06020588989 0.05577032556 0)
(0.03162702222 0.05348556527 0)
(0.03058754546 0.05461614091 0)
(0.0311868154 0.05621424107 0)
(0.02957068671 0.05577755429 0)
(0.08488986108 0.03671908289 0)
(0.08535244346 0.03818925278 0)
(0.04645829171 0.007776830238 0)
(0.05974743955 0.05430078898 0)
(0.0735699834 0.02743152233 0)
(0.0750661527 0.02776367229 0)
(0.02909111866 0.05429449956 0)
(0.08269759702 0.04305203947 0)
(0.02274547948 0.01205633071 0)
(0.02320914514 0.01352158556 0)
(0.03196128005 0.005923181394 0)
(0.03149869973 0.004456954439 0)
(0.03000082089 0.004125380197 0)
(0.03544594195 0.0434471105 0)
(0.01597625762 0.03917430024 0)
(0.0464367608 0.04322495932 0)
(0.07484307975 0.03586764451 0)
(0.06203708711 0.02621431514 0)
(0.009755176812 0.04598553694 0)
(0.05871322874 0.02005288981 0)
(0.05826931903 0.01858595336 0)
(0.0592905776 0.01746034211 0)
(0.05779599961 0.01712262742 0)
(0.05679945269 0.01822535105 0)
(0.05629499136 0.01679821631 0)
(0.05916191515 0.02159764726 0)
(0.04059283156 0.02006044611 0)
(0.03912145154 0.01975272783 0)
(0.03956884407 0.02120069209 0)
(0.03808798475 0.02088432615 0)
(0.0385011901 0.02231948678 0)
(0.05202775301 0.04305505453 0)
(0.08689419011 0.05618488092 0)
(0.09637995866 0.03795229582 0)
(0.09538840903 0.03907034705 0)
(0.01825748508 0.04645573373 0)
(0.0151394662 0.04985603677 0)
(0.04105279488 0.003905664365 0)
(0.03942799381 0.003554852986 0)
(0.05518967568 0.01809373841 0)
(0.05457997452 0.01634202638 0)
(0.05562020036 0.04114113136 0)
(0.02702458276 0.05650555628 0)
(0.09740318146 0.03700133384 0)
(0.04507519357 0.003468454878 0)
(0.003089717575 0.01183157044 0)
(0.0198262369 0.05627800296 0)
(0.03956372364 0.05654086027 0)
(0.003642678013 0.03103463154 0)
(0.002543723869 0.03213485964 0)
(0.003838206249 0.005132935617 0)
(0.003489282375 0.003674579241 0)
(0.003740555162 0.009270913337 0)
(0.003338843494 0.007849723837 0)
(0.002664038647 0.02806030972 0)
(0.05208378112 0.003615482126 0)
(0.02151585984 0.003638035456 0)
(0.02131003214 0.05659268479 0)
(0.09687288112 0.02558341173 0)
(0.09630512067 0.02424481098 0)
(0.09481988302 0.02393147951 0)
(0.09592587111 0.02276543046 0)
(0.09436500259 0.02246139409 0)
(0.09547883323 0.02130544411 0)
(0.09390621108 0.02099534976 0)
(0.09494546901 0.01986134403 0)
(0.09342651685 0.01953441412 0)
(0.09446814689 0.01839948311 0)
(0.09296445418 0.01806787376 0)
(0.09400306205 0.01693366864 0)
(0.09550459135 0.01726620992 0)
(0.09504142506 0.0157996806 0)
(0.09353978878 0.01546716066 0)
(0.09457847061 0.0143330491 0)
(0.09192561039 0.01920308119 0)
(0.09307672704 0.01400175059 0)
(0.09203804075 0.0151355025 0)
(0.09411552188 0.01286781064 0)
(0.09561725363 0.01319912104 0)
(0.09515433328 0.01173370329 0)
(0.09646631512 0.01615645144 0)
(0.02261465075 0.002517062354 0)
(0.09624305328 0.04202487788 0)
(0.09677172815 0.04349424219 0)
(0.09642941528 0.0201994723 0)
(0.09391782598 0.05641026598 0)
(0.09547241511 0.05678603187 0)
(0.09642573846 0.05567461968 0)
(0.03735010231 0.03088697998 0)
(0.0812773367 0.05636042931 0)
(0.07982567253 0.0561088403 0)
(0.07181453314 0.05714047282 0)
(0.01592969745 0.05682387245 0)
(0.01450210912 0.05639374003 0)
(0.002822804862 0.01576118637 0)
(0.002927185399 0.03767141798 0)
(0.003439296416 0.03913429626 0)
(0.07023848043 0.05664162945 0)
(0.09702094574 0.05304286816 0)
(0.05779340062 0.05635435612 0)
(0.09402036481 0.003338263952 0)
(0.09434559183 0.004737634072 0)
(0.09543502088 0.003642419733 0)
(0.09604141783 0.005214907411 0)
(0.096908934 0.003900982426 0)
(0.02987614601 0.05726296903 0)
(0.0073280299 0.003512227997 0)
(0.008632360412 0.003611185075 0)
(0.08152487156 0.003441210806 0)
(0.06452983078 0.05654849609 0)
(0.09657036938 0.01202316916 0)
(0.09619323761 0.01059773545 0)
(0.03749471626 0.02747044317 0)
(0.03690691585 0.02601927817 0)
(0.01441519542 0.003446896155 0)
(0.01591694686 0.003779330806 0)
(0.01298650464 0.003057554067 0)
(0.04610828384 0.04177684448 0)
(0.05209325455 0.05666254485 0)
(0.03952916238 0.02522776521 0)
(0.04020262112 0.02391481974 0)
(0.06136816086 0.0305930077 0)
(0.06259229962 0.02987621964 0)
(0.06278803381 0.03124824726 0)
(0.06394512973 0.03046530063 0)
(0.06412047589 0.03195505363 0)
(0.0626652445 0.03273135492 0)
(0.0636809817 0.02892597152 0)
(0.06517061735 0.03092334218 0)
(0.05988723581 0.03563667323 0)
(0.06141828866 0.03514062259 0)
(0.05928889897 0.03708760896 0)
(0.04320877907 0.03892290387 0)
(0.04085474464 0.03682470068 0)
(0.04926456084 0.01863308481 0)
(0.04835434633 0.01747946667 0)
(0.04975706149 0.01714766378 0)
(0.04886439603 0.01602373141 0)
(0.05034020073 0.01572793112 0)
(0.05126128924 0.01710109425 0)
(0.05185606815 0.01543024049 0)
(0.04936663826 0.01466513875 0)
(0.04632029647 0.01932833279 0)
(0.04318536947 0.02100143051 0)
(0.04300271796 0.04072195533 0)
(0.008876598775 0.0566060039 0)
(0.007459976101 0.05633920135 0)
(0.002789868544 0.02401545761 0)
(0.002325729495 0.02254916483 0)
(0.0745453985 0.05760234038 0)
(0.09809820724 0.05196819272 0)
(0.04765153407 0.01487858013 0)
(0.06155030385 0.02472803692 0)
(0.04414030135 0.01817279466 0)
(0.04258611299 0.057296126 0)
(0.01047933987 0.05714953607 0)
(0.05286093219 0.01658742747 0)
(0.05335787862 0.01512015725 0)
(0.002502718124 0.03628883237 0)
(0.06277577222 0.02758879013 0)
(0.05232575285 0.01398691772 0)
(0.0478195451 0.05716059842 0)
(0.04960618462 0.05749609343 0)
(0.0414377924 0.03939219808 0)
(0.05154347275 0.01873917068 0)
(0.06100876819 0.03282453053 0)
(0.002142378433 0.01306503068 0)
(0.09725013488 0.01354894898 0)
(0.05462105612 0.01969187555 0)
(0.05631827712 0.03924350181 0)
(0.097359699 0.04907952737 0)
(0.09820511574 0.04779367072 0)
(0.09677323764 0.03944811466 0)
(0.04927116382 0.002922632931 0)
(0.04350178491 0.002841210817 0)
(0.02550921452 0.003120148243 0)
(0.02699766951 0.003510498736 0)
(0.04918500203 0.0412766931 0)
(0.04837892066 0.04250557386 0)
(0.06101253942 0.03680508685 0)
(0.04669907193 0.01761065958 0)
(0.05778020802 0.04012886264 0)
(0.05895933372 0.03872167195 0)
(0.002727370466 0.02005253132 0)
(0.05742566391 0.02135028636 0)
(0.08977504862 0.0569235672 0)
(0.09128620414 0.05726465996 0)
(0.08855121533 0.05786996373 0)
(0.05151697069 0.04129854616 0)
(0.03105968247 0.00276380421 0)
(0.03262356596 0.003373032204 0)
(0.06602977692 0.05723217209 0)
(0.09707520907 0.05725838285 0)
(0.09642372371 0.002468812187 0)
(0.08611425713 0.057319791 0)
(0.02953469459 0.002659029281 0)
(0.09689171054 0.01759990087 0)
(0.06428810386 0.03346414812 0)
(0.06303894213 0.03460602634 0)
(0.0800575217 0.002751146297 0)
(0.07882226506 0.004031315472 0)
(0.04307894189 0.01937076654 0)
(0.03888842471 0.02829783974 0)
(0.02461846726 0.057335075 0)
(0.07604455563 0.05801759792 0)
(0.07731094618 0.05711440973 0)
(0.07877852883 0.05738812431 0)
(0.0769175864 0.05555243086 0)
(0.06046864258 0.03934172189 0)
(0.05583395523 0.01533653092 0)
(0.05882900614 0.01597824121 0)
(0.0663110622 0.01765154441 0)
(0.06780914846 0.01798432963 0)
(0.06481196841 0.01731988 0)
(0.06433923496 0.01585625463 0)
(0.004404565121 0.002581473798 0)
(0.07080366589 0.0186464199 0)
(0.07230196363 0.01897878238 0)
(0.06032627457 0.01631326159 0)
(0.03967533086 0.03483698161 0)
(0.07749036992 0.03101438239 0)
(0.07081110585 0.05406723167 0)
(0.09792121939 0.05603883894 0)
(0.0317648043 0.0317371907 0)
(0.03026375865 0.0314094044 0)
(0.02980426106 0.02994586338 0)
(0.07658385101 0.04579281246 0)
(0.02876909561 0.03107766762 0)
(0.02830736254 0.02961529892 0)
(0.07854365154 0.04760458779 0)
(0.07702456291 0.02954988196 0)
(0.04293270305 0.04509838733 0)
(0.03245190405 0.04278659916 0)
(0.03291155663 0.04424803952 0)
(0.08696707205 0.03445482408 0)
(0.05048953852 0.007304131078 0)
(0.03302561087 0.04019292981 0)
(0.04796837137 0.008113000399 0)
(0.02587892612 0.0263651615 0)
(0.02634498129 0.02782722638 0)
(0.05498946282 0.008299170791 0)
(0.03326182632 0.03206720799 0)
(0.03844363116 0.04410711993 0)
(0.06734906009 0.01651271881 0)
(0.07795490881 0.03247180211 0)
(0.02726760395 0.03075293198 0)
(0.06978100662 0.03746033672 0)
(0.03704528789 0.02201507686 0)
(0.03749266333 0.02348044435 0)
(0.03763000761 0.01942691184 0)
(0.01976489998 0.02911991878 0)
(0.02022811088 0.03058396236 0)
(0.09079897833 0.002641517445 0)
(0.06849089532 0.01128641576 0)
(0.06953005262 0.01015429323 0)
(0.06116898769 0.02757035383 0)
(0.0188387375 0.02618905166 0)
(0.03670294515 0.01650328328 0)
(0.08661765757 0.02892638086 0)
(0.08615393403 0.02745932322 0)
(0.08465493797 0.02712614456 0)
(0.08569196927 0.02599333885 0)
(0.08419255233 0.02566075534 0)
(0.08522973906 0.02452786378 0)
(0.08373018534 0.02419549657 0)
(0.08476757824 0.02306248529 0)
(0.0832679316 0.02273033452 0)
(0.08430509009 0.02159730226 0)
(0.08280556379 0.02126511638 0)
(0.08384301754 0.02013258272 0)
(0.08234332007 0.01980003282 0)
(0.08338118477 0.01866923244 0)
(0.0853439205 0.02046684888 0)
(0.08673072799 0.02486384641 0)
(0.08188077643 0.01833737407 0)
(0.08708060256 0.03039841379 0)
(0.08800516786 0.03332010526 0)
(0.01583885119 0.02552796503 0)
(0.02746682318 0.00493313101 0)
(0.04694525413 0.04469083514 0)
(0.04592273221 0.04577712147 0)
(0.0747228815 0.02223850357 0)
(0.07426519528 0.02076013253 0)
(0.08477653436 0.04079951245 0)
(0.08581542913 0.03966344553 0)
(0.01687548388 0.02439386317 0)
(0.08419982049 0.0433999961 0)
(0.03140984715 0.04391344199 0)
(0.06920560656 0.04005597665 0)
(0.06770713269 0.03972397299 0)
(0.08130605709 0.02093463902 0)
(0.07070436878 0.04038749065 0)
(0.01433813314 0.02519426269 0)
(0.08223013395 0.02386317939 0)
(0.02159662987 0.01725535296 0)
(0.01098163169 0.01900230843 0)
(0.07184236406 0.0175063391 0)
(0.07380675864 0.01928546188 0)
(0.01526552824 0.02812653244 0)
(0.0389018114 0.04556970309 0)
(0.06506101317 0.02683259698 0)
(0.04267210743 0.01784272461 0)
(0.07805922063 0.02840768567 0)
(0.01906008932 0.01805760578 0)
(0.01756025526 0.01772587788 0)
(0.01709676765 0.01626013128 0)
(0.01559537466 0.01592915689 0)
(0.04384204283 0.01263837605 0)
(0.0463829813 0.04724050978 0)
(0.08315481861 0.0267940358 0)
(0.01469181423 0.03072396141 0)
(0.06366368256 0.0225103453 0)
(0.03810515917 0.03860322325 0)
(0.03932245539 0.03739152056 0)
(0.04690177631 0.01329849364 0)
(0.04338990702 0.04656759583 0)
(0.06074201226 0.02183711055 0)
(0.06113145976 0.02330809484 0)
(0.03980873258 0.01310777087 0)
(0.05687665054 0.01416830106 0)
(0.01638923792 0.005204335721 0)
(0.01747450256 0.003968766376 0)
(0.05986315409 0.01483418592 0)
(0.06183401879 0.01662668369 0)
(0.05640843214 0.04810878204 0)
(0.05594751883 0.04664500279 0)
(0.0544501982 0.04631222525 0)
(0.05790729906 0.0484415644 0)
(0.05341271663 0.04744280612 0)
(0.05399003464 0.04484918719 0)
(0.07116582567 0.04185155605 0)
(0.0412008883 0.05289824473 0)
(0.04073763177 0.05143230093 0)
(0.03923822509 0.05109904217 0)
(0.03820130183 0.05223146109 0)
(0.04937824481 0.04790817266 0)
(0.05438368401 0.04205536144 0)
(0.05894569194 0.04731058325 0)
(0.07899448495 0.03133072686 0)
(0.03623935242 0.01504102419 0)
(0.05854366001 0.04174912949 0)
(0.04899579528 0.006982680995 0)
(0.04942311739 0.0124151392 0)
(0.06272416194 0.03727314278 0)
(0.06251880367 0.04538090666 0)
(0.0640175886 0.0457132459 0)
(0.06505520038 0.04458175311 0)
(0.06355557341 0.0442495506 0)
(0.06655436212 0.04491431972 0)
(0.06609210323 0.04345026607 0)
(0.07207170297 0.02709803377 0)
(0.06797931882 0.0315999296 0)
(0.06701471611 0.02867810343 0)
(0.0653140924 0.02839276701 0)
(0.07576736933 0.02107907578 0)
(0.05602867858 0.00716855184 0)
(0.05752919354 0.007497558789 0)
(0.05799391637 0.008963873767 0)
(0.05949015245 0.00929474278 0)
(0.06053107287 0.008156434573 0)
(0.06203060078 0.008491016673 0)
(0.06249293467 0.009959224392 0)
(0.06399072496 0.01029045464 0)
(0.06502888414 0.009159051726 0)
(0.02655686934 0.01971389937 0)
(0.02805590762 0.02004451863 0)
(0.02909265675 0.01891157114 0)
(0.02955559135 0.0203749034 0)
(0.02702207885 0.02117643713 0)
(0.02862929414 0.01744810289 0)
(0.03012810002 0.01777967408 0)
(0.02966570605 0.01631507574 0)
(0.06262108707 0.02363337557 0)
(0.05378781365 0.01355641377 0)
(0.0334807531 0.02395750151 0)
(0.03498016898 0.02428793372 0)
(0.03451586618 0.02282621538 0)
(0.03601277003 0.02315284687 0)
(0.03646982094 0.02460535879 0)
(0.03790844152 0.02488244855 0)
(0.06695127678 0.03275278709 0)
(0.0735676275 0.009692016391 0)
(0.07253078829 0.01081975617 0)
(0.0710308086 0.01048744781 0)
(0.07149385317 0.01195209031 0)
(0.07299309179 0.01228382114 0)
(0.07056715484 0.009024120265 0)
(0.07785058902 0.03652459229 0)
(0.0773825122 0.0350660384 0)
(0.03198699614 0.04132094458 0)
(0.06475826962 0.03498619101 0)
(0.0515384969 0.001267097299 0)
(0.05094840966 0.00253564078 0)
(0.04845309868 0.001410587903 0)
(0.0453845099 0.001278073287 0)
(0.04538443371 0.05866775812 0)
(0.04611678898 0.05738988266 0)
(0.04853059802 0.05868075105 0)
(0.05307450226 0.05875083993 0)
(0.05362015149 0.05726812654 0)
(0.05609979889 0.05869733306 0)
(0.0546088539 0.001319103248 0)
(0.05375986237 0.002739164569 0)
(0.05539193717 0.002592741537 0)
(0.05249034621 0.04451697162 0)
(0.05352659323 0.04338703779 0)
(0.02437739188 0.02603861155 0)
(0.02541466959 0.02490268359 0)
(0.02495319104 0.023436557 0)
(0.04234949482 0.001347967835 0)
(0.03566562816 0.0176355442 0)
(0.05926594777 0.05869257371 0)
(0.06020126639 0.05723874171 0)
(0.05768971414 0.001319547228 0)
(0.03912858859 0.001291946059 0)
(0.03923110822 0.05879685343 0)
(0.09331658694 0.02360058727 0)
(0.0342820878 0.03094370937 0)
(0.03588098426 0.03131106126 0)
(0.0623076315 0.05871382998 0)
(0.0630767502 0.0573357409 0)
(0.06077154973 0.001333850735 0)
(0.06151062345 0.002667113052 0)
(0.0632059212 0.002654643377 0)
(0.06230732707 0.003995941906 0)
(0.06462981528 0.003419178259 0)
(0.05998698275 0.00263854896 0)
(0.06386759613 0.001241182696 0)
(0.0361519625 0.001323111323 0)
(0.03517918332 0.002567871681 0)
(0.03686624031 0.002795621566 0)
(0.03615383281 0.05868765105 0)
(0.03533831744 0.05713475833 0)
(0.03368592001 0.05736207369 0)
(0.03306903301 0.05867357046 0)
(0.03230881096 0.05733532457 0)
(0.01431477356 0.007465785208 0)
(0.02345183796 0.02311195878 0)
(0.03543461154 0.02573790387 0)
(0.06536778334 0.05874901497 0)
(0.06775899503 0.05737394382 0)
(0.01862184828 0.03431087704 0)
(0.01965772101 0.03317718605 0)
(0.01919206822 0.03171650522 0)
(0.01327680738 0.008600483421 0)
(0.01223898556 0.009735069964 0)
(0.02530835349 0.02896309421 0)
(0.03307681492 0.001283140216 0)
(0.06692306555 0.001319405377 0)
(0.06769224782 0.002662067974 0)
(0.06920086321 0.002647033029 0)
(0.06843518044 0.003869860468 0)
(0.06695656655 0.003972309336 0)
(0.06999472737 0.001329447566 0)
(0.07074462351 0.002626493649 0)
(0.07230638398 0.002665128463 0)
(0.07307628626 0.001333139143 0)
(0.07383134979 0.00269019589 0)
(0.07538118851 0.002669529372 0)
(0.07461417202 0.003998027442 0)
(0.07611479317 0.00397649675 0)
(0.07686154388 0.002632145465 0)
(0.07545499495 0.005231364663 0)
(0.07302888825 0.00408939581 0)
(0.06598538942 0.002690404126 0)
(0.02378754598 0.04629956716 0)
(0.02332791506 0.04483394861 0)
(0.02182934191 0.04449681287 0)
(0.02079048432 0.04563955596 0)
(0.04579916806 0.01443388134 0)
(0.07484561986 0.0181477805 0)
(0.07577618785 0.03878922101 0)
(0.07151649983 0.05868148283 0)
(0.02320742184 0.04889611085 0)
(0.02031998225 0.008792165944 0)
(0.08915820591 0.02813431792 0)
(0.06759194155 0.0437827844 0)
(0.06563230338 0.04198621488 0)
(0.08466117314 0.0448652856 0)
(0.07614286165 0.00132824858 0)
(0.07765699755 0.00132306219 0)
(0.03473721772 0.01471050347 0)
(0.07657014399 0.0103503081 0)
(0.07553252444 0.0114839329 0)
(0.075995414 0.01294910709 0)
(0.07403151508 0.01115276127 0)
(0.08731669089 0.04000136913 0)
(0.08685376862 0.03853395802 0)
(0.02703590935 0.001310388435 0)
(0.02688324751 0.05872217382 0)
(0.02217184027 0.01465458241 0)
(0.02367275493 0.01498543299 0)
(0.02470838069 0.01385482204 0)
(0.02228243736 0.01059011996 0)
(0.03138698059 0.008522490611 0)
(0.07749602862 0.0132813014 0)
(0.01654774731 0.03657979422 0)
(0.08408528448 0.04746877743 0)
(0.0825821003 0.04712712476 0)
(0.08362341987 0.04600289636 0)
(0.08108123165 0.04678349803 0)
(0.08154350895 0.04825857559 0)
(0.08546039188 0.01640869387 0)
(0.02794210154 0.04177644085 0)
(0.09009059712 0.04880061742 0)
(0.09869204589 0.03307571104 0)
(0.09734979478 0.03369113385 0)
(0.09849410778 0.02548174037 0)
(0.07715385158 0.02547383012 0)
(0.07669248836 0.02400927328 0)
(0.09866770652 0.0223076 0)
(0.09721559338 0.02153379734 0)
(0.006831108375 0.02354269784 0)
(0.007868725067 0.02240719415 0)
(0.03691980212 0.008384586289 0)
(0.01040776067 0.02160327807 0)
(0.07335320712 0.0532723947 0)
(0.07288934833 0.05179941927 0)
(0.07392798548 0.05066994892 0)
(0.07542812381 0.05100381069 0)
(0.07346572913 0.04920461235 0)
(0.01411857812 0.03332257497 0)
(0.00901594365 0.01720604851 0)
(0.01616910229 0.01332938013 0)
(0.08684774954 0.0208070656 0)
(0.01261780469 0.03299130637 0)
(0.08846936413 0.03479955777 0)
(0.03670137046 0.05189820819 0)
(0.02389671062 0.006855731421 0)
(0.02539344047 0.007190782916 0)
(0.09871524766 0.04069374004 0)
(0.08314983259 0.009080701021 0)
(0.0816485388 0.008748012796 0)
(0.001296398206 0.01923507676 0)
(0.001301441164 0.04081256665 0)
(0.002640702994 0.04157792567 0)
(0.002568189282 0.04303312876 0)
(0.004047330226 0.04229077912 0)
(0.003836641546 0.04059510341 0)
(0.001268155805 0.04383884249 0)
(0.09868859133 0.01939484669 0)
(0.09239104261 0.02066847553 0)
(0.02887830048 0.02702263115 0)
(0.08823490343 0.02520499739 0)
(0.01812716911 0.05049321438 0)
(0.008333605797 0.02387181646 0)
(0.01051760158 0.01753671417 0)
(0.0088256743 0.04306083331 0)
(0.009862626513 0.04192615878 0)
(0.01032633041 0.04338852105 0)
(0.01136401824 0.04225383991 0)
(0.01089919253 0.04079072271 0)
(0.01240033898 0.04112230314 0)
(0.01286637604 0.04258050018 0)
(0.009398257624 0.04046025883 0)
(0.08231057861 0.05873444688 0)
(0.08307684271 0.05733543168 0)
(0.09250104454 0.01660133762 0)
(0.09100004809 0.01627033444 0)
(0.09053700498 0.01480539169 0)
(0.08039084978 0.05347010627 0)
(0.08395895671 0.01607506025 0)
(0.08951428264 0.05140102028 0)
(0.007404660271 0.02094151849 0)
(0.02384625031 0.001332291084 0)
(0.07566324643 0.04284921087 0)
(0.09867208967 0.03000002696 0)
(0.09718347791 0.03091023745 0)
(0.09737498076 0.02922470006 0)
(0.09868166235 0.02847198371 0)
(0.09740199459 0.02775469864 0)
(0.06078788713 0.05316519764 0)
(0.001341717229 0.02704169601 0)
(0.001448488439 0.0376371492 0)
(0.001297072392 0.03305003128 0)
(0.002664495909 0.03384615385 0)
(0.08361212287 0.01054678336 0)
(0.06205723284 0.04391777941 0)
(0.08442908432 0.05300789555 0)
(0.01922533333 0.001318289409 0)
(0.01988965037 0.002553858415 0)
(0.01841245373 0.002633945295 0)
(0.01923080872 0.003996711572 0)
(0.01923625912 0.05872992811 0)
(0.01873431915 0.0574482301 0)
(0.09840919018 0.04372874761 0)
(0.001332342372 0.01615383853 0)
(0.08077067148 0.00124789976 0)
(0.04891878729 0.04644460634 0)
(0.09869043454 0.01603341109 0)
(0.01652224869 0.01886036728 0)
(0.03221612398 0.03320396119 0)
(0.02229030305 0.05871488628 0)
(0.0311656381 0.01664495168 0)
(0.06608504446 0.0257564732 0)
(0.0790055318 0.04906497409 0)
(0.01616777935 0.001279706467 0)
(0.01608179668 0.05846071108 0)
(0.0883552655 0.03886783305 0)
(0.07220322984 0.04071955621 0)
(0.08384614985 0.001287295882 0)
(0.08294272697 0.00262963653 0)
(0.08292650584 0.05267635988 0)
(0.04822345044 0.05309675541 0)
(0.01248305155 0.01933249076 0)
(0.013008219 0.05868859049 0)
(0.01230769888 0.05733531838 0)
(0.01 0.05850673029 0)
(0.01156786163 0.05589394332 0)
(0.01300658913 0.001477602747 0)
(0.0274834489 0.04031287391 0)
(0.02702762986 0.03885107962 0)
(0.001325468463 0.046923035 0)
(0.002664646794 0.04615384615 0)
(0.002581861082 0.04775421093 0)
(0.001317395186 0.04847183899 0)
(0.002642117912 0.04930042239 0)
(0.002664673631 0.05076916575 0)
(0.001332365927 0.05153840032 0)
(0.002575033288 0.05230762292 0)
(0.001317416169 0.05307690211 0)
(0.002647241268 0.05384613636 0)
(0.002661739137 0.05538460173 0)
(0.003968391996 0.05461538307 0)
(0.004017416597 0.05610921986 0)
(0.005329209364 0.05538471457 0)
(0.002793531366 0.05714811941 0)
(0.005329141881 0.05692307395 0)
(0.003946513693 0.05292346054 0)
(0.0917059033 0.04506761534 0)
(0.01100763614 0.03672523175 0)
(0.09866765564 0.01307692727 0)
(0.0861633995 0.04520142092 0)
(0.009989372767 0.001263845719 0)
(0.01076923077 0.002664685897 0)
(0.08692303824 0.001328020481 0)
(0.08615384615 0.002664652499 0)
(0.08769220251 0.002627747344 0)
(0.08846364783 0.001323107255 0)
(0.08923208593 0.002570827825 0)
(0.09871569642 0.01000000008 0)
(0.09715570255 0.009364804358 0)
(0.0973054092 0.007714694948 0)
(0.09594345627 0.008402230197 0)
(0.09601817505 0.006914112271 0)
(0.09737787022 0.006194703123 0)
(0.00123355226 0.008445601176 0)
(0.00124113863 0.006948450607 0)
(0.001375798663 0.0115709145 0)
(0.006965608322 0.0587106018 0)
(0.006862868381 0.001272057225 0)
(0.003707615495 0.05861808653 0)
(0.09594095264 0.05846336828 0)
(0.0932769201 0.05876006653 0)
(0.09849146278 0.003898088717 0)
(0.001236598676 0.003911826262 0)
(0.09310495017 0.001233938196 0)
(0.08801274244 0.05106809947 0)
(0.08396938228 0.05153777486 0)
(0.01109133746 0.01493612143 0)
(0.01641148282 0.02292556001 0)
(0.07554410715 0.04693455999 0)
(0.07808210843 0.04613320976 0)
(0.09867527892 0.006943178761 0)
(0.05225925452 0.05263365982 0)
(0.06873023952 0.02091204048 0)
(0.01767082014 0.04903942575 0)
(0.07114990364 0.02417140789 0)
(0.07923228793 0.005487066678 0)
(0.09355634967 0.0509332041 0)
(0.005687742979 0.028740601 0)
(0.06332613628 0.0523710196 0)
(0.006109877313 0.002739876062 0)
(0.01974491641 0.01139223593 0)
(0.09594853325 0.05420737178 0)
(0.001332317439 0.05615379534 0)
(0.08777899139 0.04146879294 0)
(0.07149597321 0.02968967534 0)
(0.007760063671 0.02647321071 0)
(0.004011598455 0.05020016576 0)
(0.09297123908 0.03580176706 0)
(0.09328813388 0.005862802248 0)
(0.09619167398 0.0460682612 0)
(0.00830824121 0.006138956505 0)
(0.0198966818 0.04273836845 0)
(0.004290628575 0.006626345646 0)
(0.06906698996 0.008693252776 0)
(0.08189039287 0.0360540129 0)
(0.02922299596 0.03254591749 0)
(0.007216408003 0.04679093489 0)
(0.08361727831 0.02825960652 0)
(0.09441320189 0.008811574245 0)
(0.08027653631 0.03978445061 0)
(0.0919409043 0.05466742936 0)
(0.02507874379 0.03707685809 0)
(0.09250833062 0.03433528325 0)
(0.03716510659 0.01796566984 0)
(0.007624330996 0.01280768472 0)
(0.0797007314 0.04238197792 0)
(0.08765021681 0.01007600832 0)
(0.09215372159 0.01107319664 0)
(0.006696346876 0.009875235236 0)
(0.00802324059 0.05373180344 0)
(0.07287988805 0.03407645268 0)
(0.01916728735 0.04935978077 0)
(0.08672807859 0.007145536036 0)
(0.08557381979 0.01234400728 0)
(0.08790376352 0.05511693627 0)
(0.01455791527 0.05244880222 0)
(0.09020470178 0.04473435461 0)
(0.01180187203 0.003963280833 0)
(0.09605593106 0.01468305974 0)
(0.08972820682 0.007808733783 0)
(0.0957414609 0.04460102831 0)
(0.01159555689 0.05182844888 0)
(0.07105110919 0.04591216335 0)
(0.004977975335 0.01767771396 0)
(0.008141968311 0.04970163381 0)
(0.003254146681 0.02548161182 0)
(0.01515535766 0.03218882254 0)
(0.003363548741 0.02141425433 0)
(0.09262411943 0.03026844667 0)
(0.006587314209 0.01394219802 0)
(0.08060990732 0.009881412981 0)
(0.09182012307 0.04100069859 0)
(0.08095807997 0.01541024492 0)
(0.026225628 0.03189184432 0)
(0.09592180555 0.0187412591 0)
(0.04741812397 0.04611827575 0)
(0.01270275319 0.01120112794 0)
(0.08246595369 0.03345603578 0)
(0.0843147887 0.03932045454 0)
(0.01663289551 0.01479481845 0)
(0.08755032675 0.04960154949 0)
(0.02093345423 0.0416052239 0)
(0.06769377037 0.02204401336 0)
(0.006968089649 0.03719810944 0)
(0.05526054755 0.05330334545 0)
(0.01627941085 0.009263660246 0)
(0.09273706779 0.02620253811 0)
(0.02161886642 0.03496073469 0)
(0.01147163222 0.03819044339 0)
(0.09240172599 0.05608257457 0)
(0.08320527327 0.005084259735 0)
(0.01513156569 0.01446371819 0)
(0.02991327051 0.02589050079 0)
(0.02436734325 0.04370426426 0)
(0.02300558504 0.03934103856 0)
(0.07888257345 0.01767575857 0)
(0.01813396757 0.01512588621 0)
(0.02611406492 0.0359472085 0)
(0.0645926805 0.04311914511 0)
(0.09066694818 0.04620087533 0)
(0.008578707967 0.03346343494 0)
(0.01250866582 0.0370556585 0)
(0.009298387741 0.005044337404 0)
(0.0101894885 0.02972952393 0)
(0.08257924166 0.0293929929 0)
(0.02158906099 0.05262653694 0)
(0.01800689938 0.05453934899 0)
(0.05549049528 0.04518116729 0)
(0.04199021749 0.006782633471 0)
(0.09378387006 0.02506887753 0)
(0.07450502416 0.04807153286 0)
(0.006817908199 0.05486138909 0)
(0.01330111721 0.02632832778 0)
(0.07815939887 0.006615149333 0)
(0.01941194536 0.02358525675 0)
(0.0933213429 0.04133354499 0)
(0.07449208601 0.03035390062 0)
(0.07518309024 0.02370550226 0)
(0.03440454983 0.02687964896 0)
(0.07923863833 0.04091690257 0)
(0.06240417814 0.04944052168 0)
(0.02102190829 0.01985445314 0)
(0.03765928935 0.03712338801 0)
(0.02078226968 0.01025833666 0)
(0.06377848466 0.01845436161 0)
(0.02562839321 0.05216165716 0)
(0.03406090023 0.03906234777 0)
(0.08165488163 0.02646327681 0)
(0.09193385148 0.03693461091 0)
(0.07610538595 0.02663304183 0)
(0.0195491294 0.03722848891 0)
(0.02782487471 0.04583653967 0)
(0.02265497857 0.03382897461 0)
(0.00351975312 0.01730758677 0)
(0.08107207705 0.01134707684 0)
(0.03174311396 0.04943320538 0)
(0.01294689488 0.02079757692 0)
(0.0584855614 0.04584674006 0)
(0.0386629629 0.01829508406 0)
(0.07276455426 0.02043733416 0)
(0.03083928677 0.02881414366 0)
(0.002667785423 0.006345877664 0)
(0.03484749254 0.01065061787 0)
(0.02761173653 0.03627806424 0)
(0.01193559682 0.03965558184 0)
(0.05744573937 0.0469778254 0)
(0.07462540685 0.04398126212 0)
(0.004915529262 0.03946079011 0)
(0.04141829975 0.0093794204 0)
(0.03520269321 0.03389790258 0)
(0.0306061637 0.03693907089 0)
(0.04430212928 0.01410197845 0)
(0.06643978938 0.04897489221 0)
(0.007075863488 0.03313350312 0)
(0.09411147159 0.03060543118 0)
(0.06078814046 0.01778260966 0)
(0.03577832237 0.04896814499 0)
(0.01073743226 0.009403360287 0)
(0.04027157326 0.01457078355 0)
(0.03738316133 0.009848878368 0)
(0.04656901453 0.003778549257 0)
(0.03209276859 0.01957058115 0)
(0.06309267185 0.04278708184 0)
(0.01155513914 0.01640181609 0)
(0.05733624444 0.01563881469 0)
(0.01120131015 0.0108697994 0)
(0.07011311744 0.02530160602 0)
(0.0379814291 0.04264614422 0)
(0.03804712361 0.05624587195 0)
(0.03648343948 0.04231561545 0)
(0.03848966396 0.004739532226 0)
(0.06514123157 0.005094399087 0)
(0.031275498 0.0125848749 0)
(0.07138232992 0.03374379576 0)
(0.08292825734 0.03492114267 0)
(0.05179758244 0.05116904596 0)
(0.08905178138 0.04993435019 0)
(0.03659582027 0.02055765307 0)
(0.04476711263 0.05096700707 0)
(0.03508542028 0.05562832046 0)
(0.09181304051 0.02326963278 0)
(0.04143619751 0.04476842799 0)
(0.005937045353 0.03833131319 0)
(0.02608935751 0.05362638717 0)
(0.08269290344 0.02532905552 0)
(0.03266439188 0.05236171887 0)
(0.04776284175 0.05163384337 0)
(0.01177540449 0.008268701752 0)
(0.04107925339 0.05680839972 0)
(0.07001356382 0.04704397545 0)
(0.0777208448 0.005150776219 0)
(0.06723278938 0.02058128845 0)
(0.006122846524 0.0124764356 0)
(0.009726232706 0.02826471368 0)
(0.0814308778 0.05233573549 0)
(0.07495929489 0.01408274983 0)
(0.05059535505 0.05632027859 0)
(0.07645875823 0.01441441013 0)
(0.09562649021 0.03093378249 0)
(0.0934314924 0.03726873894 0)
(0.0444328487 0.04542542325 0)
(0.006613250462 0.03166748489 0)
(0.09285695135 0.02213320943 0)
(0.03359915044 0.03760127177 0)
(0.08962812368 0.04733426816 0)
(0.09389575908 0.03873426118 0)
(0.02205021068 0.05409244812 0)
(0.08442849521 0.03525350267 0)
(0.02828517443 0.04730127459 0)
(0.005659570625 0.01100975779 0)
(0.03727642952 0.04930104178 0)
(0.06690116743 0.05043983956 0)
(0.08073061452 0.02353396059 0)
(0.06136632578 0.05057240152 0)
(0.07449589627 0.01261681722 0)
(0.06666961581 0.04085638785 0)
(0.015728616 0.02959082153 0)
(0.07890111012 0.05315163478 0)
(0.0272462913 0.04843290626 0)
(0.08592787041 0.03558923895 0)
(0.0908877395 0.02033768508 0)
(0.02977607885 0.012253852 0)
(0.02126539326 0.02944059628 0)
(0.0807386603 0.04124957301 0)
(0.04095556017 0.007914760628 0)
(0.07161093053 0.02563457187 0)
(0.02172873615 0.03090261279 0)
(0.01930117557 0.02765465003 0)
(0.02931288332 0.01078901754 0)
(0.08211089528 0.01021394777 0)
(0.07938139244 0.05467596956 0)
(0.01581603532 0.007797308461 0)
(0.09435818917 0.04020082439 0)
(0.08176846369 0.02239903189 0)
(0.03070460638 0.05056449882 0)
(0.03877405003 0.01424021717 0)
(0.065166018 0.04052464853 0)
(0.02033862261 0.02651513761 0)
(0.04672626829 0.05275819225 0)
(0.004165016108 0.01069049378 0)
(0.01422800632 0.02925892529 0)
(0.0224843432 0.0555423328 0)
(0.06931131739 0.01829214507 0)
(0.02934195884 0.02848404727 0)
(0.09042492989 0.01887142707 0)
(0.02069041564 0.03204691796 0)
(0.01535257442 0.006332247913 0)
(0.06586305389 0.05157192228 0)
(0.0257471533 0.04809895486 0)
(0.01837541151 0.02472222613 0)
(0.07196046837 0.01341933632 0)
(0.03588354345 0.009517763505 0)
(0.07508625647 0.04544913033 0)
(0.08223650013 0.04158392674 0)
(0.03059255706 0.01924134737 0)
(0.05329639957 0.05150225118 0)
(0.09146301845 0.01773659139 0)
(0.07046105594 0.01308727199 0)
(0.06182683009 0.05203496589 0)
(0.09582116753 0.04054681448 0)
(0.08407336182 0.01201211653 0)
(0.03034994801 0.009655781623 0)
(0.04461723372 0.05733658405 0)
(0.07980665253 0.02060402308 0)
(0.04522977085 0.05242471149 0)
(0.02784365374 0.02815442379 0)
(0.02424776608 0.04776482423 0)
(0.09112933141 0.04766695645 0)
(0.01795921497 0.005438313957 0)
(0.02287130007 0.05723222774 0)
(0.06827052787 0.01944399449 0)
(0.06999511227 0.01161922312 0)
(0.03116504899 0.05202809663 0)
(0.06723742089 0.03826551112 0)
(0.07047519873 0.04850864974 0)
(0.06482496041 0.05270328961 0)
(0.07103495578 0.028227437 0)
(0.01480177401 0.02666076497 0)
(0.09263077958 0.0480002364 0)
(0.0114455221 0.02046757913 0)
(0.080844002 0.01946965659 0)
(0.08949925284 0.01594007824 0)
(0.02055962399 0.01838902495 0)
(0.09309320153 0.04946659801 0)
(0.03773865366 0.05076603418 0)
(0.03002083539 0.02183539576 0)
(0.03012723614 0.05315810515 0)
(0.03438395256 0.009187023042 0)
(0.03727514938 0.01390927033 0)
(0.09459495223 0.04979978546 0)
(0.01802252165 0.01919155589 0)
(0.03256421401 0.03872927682 0)
(0.08903687866 0.01447377087 0)
(0.02852160839 0.02150614861 0)
(0.06874328743 0.0385949993 0)
(0.07197413589 0.04884091545 0)
(0.02309559689 0.01758697589 0)
(0.03694236027 0.04377805668 0)
(0.08511218757 0.01087880169 0)
(0.09609669318 0.05013275996 0)
(0.06884899484 0.01683085644 0)
(0.01087327385 0.02306658608 0)
(0.02263341813 0.01612007867 0)
(0.02862776214 0.05282770988 0)
(0.0537599465 0.05296893057 0)
(0.02286991081 0.04336994922 0)
(0.06746319843 0.01242462557 0)
(0.009370670189 0.02273641748 0)
(0.08615069505 0.009744931086 0)
(0.07242949326 0.05033108338 0)
(0.01701020449 0.03804310954 0)
(0.02516914876 0.01532232496 0)
(0.06596405869 0.01209230582 0)
(0.08442189398 0.01753953153 0)
(0.04027373757 0.04996643078 0)
(0.08718915678 0.008611150748 0)
(0.06549476963 0.01062154553 0)
(0.02620569235 0.01418875953 0)
(0.07253259006 0.02856022487 0)
(0.08638584444 0.01933796409 0)
(0.05629469506 0.05216904251 0)
(0.08822786618 0.00747724266 0)
(0.04177286853 0.05030089458 0)
(0.08038166211 0.01800657288 0)
(0.02680817512 0.02928885576 0)
(0.008797774769 0.02533673981 0)
(0.08580473717 0.02193183003 0)
(0.09007519261 0.0133400025 0)
(0.07185183706 0.05293263172 0)
(0.07403031873 0.02889282284 0)
(0.02378176663 0.0109244945 0)
(0.0877732061 0.006022261967 0)
(0.08626720856 0.02339714799 0)
(0.03288498613 0.008855565536 0)
(0.09157550138 0.01367130161 0)
(0.04223536218 0.05176505287 0)
(0.06931134994 0.03600332852 0)
(0.08734209933 0.004650307612 0)
(0.06296666137 0.0114294759 0)
(0.05675930608 0.0536355321 0)
(0.08777334466 0.0237350083 0)
(0.0926143311 0.01253743093 0)
(0.02448659761 0.02197760568 0)
(0.06932103586 0.05370170027 0)
(0.02748744659 0.02263768373 0)
(0.0275895286 0.05395927627 0)
(0.07552659487 0.0292241682 0)
(0.008225992849 0.02793553359 0)
(0.03242222114 0.007389111804 0)
(0.01390301872 0.04144255187 0)
(0.06146819987 0.01109763634 0)
(0.0871933948 0.02633074103 0)
(0.03590243681 0.04490913049 0)
(0.09365289992 0.01140355876 0)
(0.07081579295 0.03633212787 0)
(0.05928868997 0.05283311737 0)
(0.06977552646 0.05516590684 0)
(0.08488304532 0.01900328908 0)
(0.08141940885 0.01687433629 0)
(0.09469142154 0.01026933474 0)
(0.03345758879 0.0062602892 0)
(0.08765667546 0.0277980033 0)
(0.007190555644 0.02906980466 0)
(0.02481753463 0.009790987951 0)
(0.03301067273 0.004803111562 0)
(0.03410912281 0.003727538025 0)
(0.02435625507 0.008323308066 0)
(0.02805632805 0.05541921987 0)
(0.0829200439 0.01720634434 0)
(0.06099666794 0.009625715054 0)
(0.006149735979 0.03020401344 0)
(0.02574362937 0.01272326443 0)
(0.0437325426 0.05209631737 0)
(0.02851031362 0.0568909245 0)
(0.01079265567 0.04484677004 0)
(0.08604135051 0.03152617675 0)
(0.02689102535 0.007524687043 0)
(0.06331877877 0.01698618511 0)
(0.02424472953 0.01238975033 0)
(0.02598804482 0.0223078174 0)
(0.08904737111 0.03219709339 0)
(0.05847088332 0.01043537379 0)
(0.03475598522 0.03243081317 0)
(0.02643099691 0.006058477142 0)
(0.004654267641 0.02987847639 0)
(0.003261979281 0.02956745697 0)
(0.05697309991 0.01010286223 0)
(0.05825419523 0.05396732922 0)
(0.02896529784 0.005259690101 0)
(0.02116085493 0.03350153899 0)
(0.04039671571 0.04590266837 0)
(0.0564981955 0.008629065931 0)
(0.07530905352 0.03732786275 0)
(0.08639112132 0.03706089505 0)
(0.06285771499 0.0154910715 0)
(0.03336689733 0.04570867546 0)
(0.07634610159 0.03619703881 0)
(0.05397695048 0.009441222026 0)
(0.03440636596 0.04457856082 0)
(0.07184458032 0.03520189148 0)
(0.0201248191 0.03463505796 0)
(0.07691780365 0.03360635374 0)
(0.05247828353 0.00911027578 0)
(0.09707512151 0.03529640821 0)
(0.08754356967 0.03186136102 0)
(0.05872242047 0.05540572884 0)
(0.01908819301 0.03576845218 0)
(0.0784222333 0.03393194589 0)
(0.03186973211 0.04537625753 0)
(0.05199943033 0.00763423594 0)
(0.01747959645 0.03949821978 0)
(0.08373730701 0.04192582064 0)
(0.0284936452 0.003843021776 0)
(0.04419514461 0.05355675059 0)
(0.0180488353 0.03690475971 0)
(0.08004288434 0.04791249727 0)
(0.08315897 0.04452305562 0)
(0.0494737471 0.008445724117 0)
(0.04467147248 0.05494826511 0)
(0.01436710132 0.04290115268 0)
(0.03106629612 0.0383957135 0)
(0.07655604288 0.02809896448 0)
(0.07334314134 0.03553450165 0)
(0.0164427389 0.04063217391 0)
(0.04694112152 0.00924554166 0)
(0.0738096923 0.03699566611 0)
(0.01493942946 0.04030672284 0)
(0.04544294403 0.008913885266 0)
(0.0112575556 0.04630445391 0)
(0.04496852097 0.007446899359 0)
(0.02956992571 0.03806211402 0)
(0.01333318506 0.0440354958 0)
(0.01182984546 0.04371089912 0)
(0.02807086985 0.03773040457 0)
(0.06051686724 0.02587907206 0)
(0.09740323412 0.02321887666 0)
(0.07139112363 0.05145080766 0)
(0.04347723344 0.007115642823 0)
(0.01022333214 0.04743944213 0)
(0.0087196974 0.04711295616 0)
(0.007682323615 0.0482434429 0)
(0.006184486904 0.04791346611 0)
(0.02657719417 0.03739874962 0)
(0.004739718795 0.04756630253 0)
(0.06846408969 0.05871632806 0)
(0.02553955016 0.03852835965 0)
(0.02450242717 0.03966036803 0)
(0.04300784802 0.005655759179 0)
(0.02346407624 0.04079226876 0)
(0.04253627126 0.004170698222 0)
(0.09876506 0.03768745139 0)
(0.02242844875 0.04192445971 0)
(0.09724168222 0.04494828471 0)
(0.003514877907 0.03512598522 0)
(0.01677386893 0.04613513972 0)
(0.02138603242 0.04305302146 0)
(0.01930289563 0.04531728907 0)
(0.02034733152 0.04418517545 0)
(0.001293980423 0.02370953491 0)
(0.01366004852 0.04953895578 0)
(0.01781132765 0.04500189358 0)
(0.024032594 0.002817718396 0)
(0.01721677889 0.04758930885 0)
(0.01306690177 0.05217011653 0)
(0.06662034411 0.005320172389 0)
(0.01618036946 0.04871852512 0)
(0.06721529003 0.05594108316 0)
(0.004814042948 0.04359619935 0)
(0.01354168273 0.05360579729 0)
(0.04468817915 0.04136160531 0)
(0.01469441292 0.04840415474 0)
(0.01684793803 0.002576906741 0)
(0.01412038469 0.0509874375 0)
(0.01400367751 0.0550555848 0)
(0.02380186226 0.05866435766 0)
(0.05083504244 0.01434711219 0)
(0.03013743061 0.05868640465 0)
(0.09158080124 0.001321155041 0)
(0.05874994808 0.02304387832 0)
(0.06609072784 0.02982569713 0)
(0.03695507154 0.05739918972 0)
(0.09165079822 0.05870189545 0)
(0.0205163344 0.004758502595 0)
(0.03011595413 0.001343104572 0)
(0.04179167446 0.002715675767 0)
(0.03841527223 0.002541880578 0)
(0.04227536261 0.05875411883 0)
(0.001242274968 0.02848887092 0)
(0.0721571562 0.005347333697 0)
(0.09474405557 0.006203100536 0)
(0.09765081705 0.04643084129 0)
(0.00126215689 0.05768105759 0)
(0.09874728507 0.002341759484 0)
(0.001435366794 0.002357081977 0)
(0.06873422147 0.05622776064 0)
(0.04757093326 0.002658815179 0)
(0.001228549098 0.03151588216 0)
(0.005312797891 0.0409730434 0)
(0.05911994572 0.003859514224 0)
(0.05532828558 0.05738024547 0)
(0.002679681054 0.01041013138 0)
(0.03891804728 0.02377707423 0)
(0.09866762935 0.05749237556 0)
(0.07837107716 0.002616910398 0)
(0.09870814411 0.03615197718 0)
(0.07325769839 0.05723248241 0)
(0.05722362827 0.01966996056 0)
(0.08537932935 0.05869018586 0)
(0.03561062961 0.004005002637 0)
(0.04852536273 0.01349146797 0)
(0.04142160844 0.04091675639 0)
(0.08838602517 0.05648710304 0)
(0.002509685023 0.01833673132 0)
(0.003812051503 0.001242170477 0)
(0.05435067181 0.040455974 0)
(0.01849727775 0.05590396483 0)
(0.09730373819 0.04096940759 0)
(0.01306873459 0.05613799628 0)
(0.09614075367 0.02854892096 0)
(0.09854412381 0.05343646405 0)
(0.05373597896 0.0177181006 0)
(0.0655128125 0.03236477833 0)
(0.08450202658 0.05712034056 0)
(0.07148946744 0.003937346735 0)
(0.05350264137 0.004183301129 0)
(0.01009591003 0.00382851406 0)
(0.07836885279 0.05591248495 0)
(0.005229729614 0.05389795039 0)
(0.0846153663 0.002509199448 0)
(0.09761459403 0.03233288886 0)
(0.06161224489 0.05761726313 0)
(0.05006393014 0.05876827945 0)
(0.08987390462 0.003854887782 0)
(0.002802371653 0.0142847887 0)
(0.05247900892 0.0178506149 0)
(0.06173621016 0.03385379038 0)
(0.03736641343 0.02963213736 0)
(0.06026217319 0.03805858714 0)
(0.08025826026 0.05742289716 0)
(0.0973431107 0.01898497633 0)
(0.04189898988 0.02046968176 0)
(0.09740738828 0.05455756941 0)
(0.09755065072 0.05061707655 0)
(0.09610740111 0.001174374493 0)
(0.06994773952 0.003857522641 0)
(0.04756599199 0.01637764688 0)
(0.06932571985 0.05757914412 0)
(0.09753359666 0.01091405003 0)
(0.09743089777 0.01520030259 0)
(0.0153089762 0.002438197725 0)
(0.02224558323 0.001184717618 0)
(0.001189251801 0.03606364103 0)
(0.02611880949 0.05750526025 0)
(0.002493065744 0.0400651188 0)
(0.002501188828 0.004698796006 0)
(0.01717149109 0.05737778965 0)
(0.0583823975 0.002555600726 0)
(0.0460230142 0.002462658399 0)
(0.03858151802 0.05757557628 0)
(0.00381664086 0.04853532978 0)
(0.05853770494 0.05747196604 0)
(0.002464226009 0.0445557485 0)
(0.05694206925 0.0574656316 0)
(0.04618589301 0.04042911139 0)
(0.05588852929 0.01923174321 0)
(0.0406511336 0.03808579839 0)
(0.09292070206 0.05735328787 0)
(0.02788920792 0.00252484898 0)
(0.09755771448 0.02447499848 0)
(0.04055053334 0.002635340225 0)
(0.05682323938 0.00250549992 0)
(0.07740545413 0.003919721285 0)
(0.03987291024 0.02255690871 0)
(0.00295857289 0.002384500709 0)
(0.04787619929 0.0436579951 0)
(0.0530045501 0.04219448304 0)
(0.001118318465 0.02223964844 0)
(0.06653625636 0.03126621164 0)
(0.03370739485 0.002396561154 0)
(0.002329020805 0.03057449667 0)
(0.01369081514 0.05747307584 0)
(0.07477719234 0.05892096574 0)
(0.05462564311 0.01488407863 0)
(0.04087305238 0.02151539988 0)
(0.09891793263 0.0467052984 0)
(0.00779431967 0.05761844782 0)
(0.002404113622 0.008999927648 0)
(0.02016839058 0.05761109542 0)
(0.004174429342 0.05743137842 0)
(0.04524888491 0.05621203293 0)
(0.07927864203 0.05884832858 0)
(0.09497820313 0.007610990169 0)
(0.0816970022 0.05750523163 0)
(0.03273008657 0.05616646459 0)
(0.06239526774 0.03599302555 0)
(0.002528677417 0.02653268121 0)
(0.05094971379 0.05761414158 0)
(0.0522814954 0.002286754676 0)
(0.08835924446 0.003680778744 0)
(0.08270248935 0.003937155681 0)
(0.00923077238 0.002328015998 0)
(0.006464258132 0.0574702797 0)
(0.06407884582 0.02764983684 0)
(0.09766173692 0.0385465179 0)
(0.06326600781 0.05602764282 0)
(0.08740624755 0.05730183752 0)
(0.09762314512 0.002832856842 0)
(0.002306476944 0.01692307032 0)
(0.04722501885 0.04224600981 0)
(0.04540102637 0.01838982113 0)
(0.09631103177 0.02991177912 0)
(0.06574057847 0.004025609667 0)
(0.01397605063 0.002319304563 0)
(0.09745728882 0.04244813215 0)
(0.09517203687 0.002381822312 0)
(0.06907868707 0.004944391611 0)
(0.05245595079 0.01277760035 0)
(0.09752297288 0.004948738382 0)
(0.00626326084 0.05615393523 0)
(0.02752241044 0.05763653966 0)
(0.04465460478 0.002264094039 0)
(0.07076920959 0.05774469643 0)
(0.03812997653 0.02612568881 0)
(0.09887376799 0.001126232012 0)
(0.001126232012 0.05887376799 0)
(0.001126232012 0.001126232012 0)
(0.02125212077 0.002452554948 0)
(0.04009559643 0.05773746335 0)
(0.09888160113 0.05888160113 0)
(0.09615157963 0.0339927012 0)
(0.09887896451 0.04882754035 0)
(0.08846153846 0.05909037278 0)
(0.01494217433 0.05757544396 0)
(0.0009021721999 0.01307692308 0)
(0.03111280831 0.05757484451 0)
(0.0499295655 0.01354049776 0)
(0.07654220073 0.005110683405 0)
(0.02645278521 0.002413382846 0)
(0.09760647808 0.02025672513 0)
(0.01198415043 0.002478033428 0)
(0.005162711825 0.05268329048 0)
(0.09440676864 0.05764913073 0)
(0.0991125347 0.05615384615 0)
(0.09564856814 0.009541318024 0)
(0.03639512777 0.03027112233 0)
(0.09779429202 0.01230769578 0)
(0.06461527965 0.002204563697 0)
(0.06483215 0.02962868803 0)
(0.05996955291 0.02281111282 0)
(0.09760056862 0.016604984 0)
(0.09890122712 0.05113389969 0)
(0.03997869553 0.03603330349 0)
(0.05925011749 0.05645724482 0)
(0.002338345422 0.03866441974 0)
(0.03230766605 0.002191826628 0)
(0.05406194534 0.01869032975 0)
(0.09754451226 0.02655754122 0)
(0.07615384615 0.05914780481 0)
(0.05545255835 0.03996710613 0)
(0.05613262112 0.00352698578 0)
(0.002340405552 0.03509519091 0)
(0.07507692496 0.006428950195 0)
(0.002324201913 0.003405356839 0)
(0.05230765861 0.05782562556 0)
(0.02151782622 0.05780880562 0)
(0.04671266237 0.05634653749 0)
(0.003628812668 0.04715909632 0)
(0.03798294539 0.003651792814 0)
(0.082445898 0.05639706441 0)
(0.05810488801 0.02227441967 0)
(0.03716033102 0.03205331826 0)
(0.003689567341 0.04354444433 0)
(0.08692303464 0.003486173655 0)
(0.002219095223 0.02142167721 0)
(0.09385437033 0.002159069546 0)
(0.03415824199 0.05625863544 0)
(0.05036841308 0.04158983592 0)
(0.06154260232 0.03178472665 0)
(0.05044188233 0.01832567034 0)
(0.05052158171 0.003718269097 0)
(0.03776176441 0.02864707536 0)
(0.007732409882 0.002301629104 0)
(0.00914771738 0.05779319631 0)
(0.04116497555 0.02310570779 0)
(0.05817763805 0.03745451568 0)
(0.04952304718 0.04242121179 0)
(0.002105341058 0.02922982742 0)
(0.06353553496 0.003668451717 0)
(0.08152577365 0.002225251359 0)
(0.0978483748 0.03992256264 0)
(0.06459223384 0.05779705034 0)
(0.00348922871 0.05154604608 0)
(0.002138455916 0.007698973734 0)
(0.03954041989 0.002361193062 0)
(0.06228558697 0.02866777812 0)
(0.05650002185 0.04048027686 0)
(0.0204067395 0.003633766631 0)
(0.04152036128 0.0579173906 0)
(0.06773287925 0.004776196341 0)
(0.1 0.0300629005 0.001495458059)
(0.1 0.02999067263 0.04857170026)
(0.1 0.001264717766 0.02494190897)
(0.1 0.05873633966 0.02494316576)
(0.1 0.02388539102 0.04862921499)
(0.1 0.03618427201 0.04865488969)
(0.1 0.03623612925 0.00151454511)
(0.1 0.02385458689 0.001328156853)
(0.1 0.04693894914 0.01656273311)
(0.1 0.0461387663 0.0175841109)
(0.1 0.01306105086 0.01656273311)
(0.1 0.0138612337 0.0175841109)
(0.1 0.04695626086 0.03654598974)
(0.1 0.01304373914 0.03654598974)
(0.1 0.001354835338 0.00843309582)
(0.1 0.05864525478 0.008433095874)
(0.1 0.0125727191 0.01776901693)
(0.1 0.01339143844 0.01879799319)
(0.1 0.0474272809 0.01776901693)
(0.1 0.04660856156 0.01879799319)
(0.1 0.001312159703 0.02954545455)
(0.1 0.0586878403 0.02954545455)
(0.1 0.04607547471 0.01276675376)
(0.1 0.01392452529 0.01276675376)
(0.1 0.05874822434 0.04159549327)
(0.1 0.001252884679 0.04159421315)
(0.1 0.01508063627 0.01219156346)
(0.1 0.04489691088 0.01217864884)
(0.1 0.01258410765 0.01447091671)
(0.1 0.04741586109 0.01447164797)
(0.1 0.0192317742 0.04867237551)
(0.1 0.04080465093 0.04865704181)
(0.1 0.01224008207 0.03555112678)
(0.1 0.04775991793 0.03555112678)
(0.1 0.01501081877 0.03749343831)
(0.1 0.01625109244 0.0375220437)
(0.1 0.04498918123 0.03749343831)
(0.1 0.04370824691 0.03749852774)
(0.1 0.0120861001 0.01899290784)
(0.1 0.01291176223 0.02002453077)
(0.1 0.0479138999 0.01899290784)
(0.1 0.04708823777 0.02002453077)
(0.1 0.05003801014 0.0486183851)
(0.1 0.009862278778 0.04852627038)
(0.1 0.04578512048 0.01982629815)
(0.1 0.04626311014 0.02105319282)
(0.1 0.04496272605 0.02085450921)
(0.1 0.04607547471 0.03276675376)
(0.1 0.04496812092 0.0321963197)
(0.1 0.04754280301 0.02123354089)
(0.1 0.01421429618 0.01982401208)
(0.1 0.01373698095 0.02105216772)
(0.1 0.01503663363 0.02085164285)
(0.1 0.01392452529 0.03276675376)
(0.1 0.01506941385 0.03219907113)
(0.1 0.01232277433 0.02139340881)
(0.1 0.05 0.001332346775)
(0.1 0.01007764838 0.001221779764)
(0.1 0.01175431571 0.03675655656)
(0.1 0.04824568429 0.03675655656)
(0.1 0.01125973664 0.0179511746)
(0.1 0.04874019144 0.0179516831)
(0.1 0.01926064641 0.001297703895)
(0.1 0.04065288876 0.001289820877)
(0.1 0.04599014425 0.03146627624)
(0.1 0.04488070818 0.03089506352)
(0.1 0.01401611154 0.03146673481)
(0.1 0.01519064138 0.03090043638)
(0.1 0.04907198329 0.03571481311)
(0.1 0.01092801671 0.03571481311)
(0.1 0.0156429456 0.03863798729)
(0.1 0.01691151254 0.03867517354)
(0.1 0.04434997228 0.03863151148)
(0.1 0.04301679448 0.03863106782)
(0.1 0.001106361627 0.01296438652)
(0.1 0.05889363837 0.01296438652)
(0.1 0.04598722853 0.01145008946)
(0.1 0.01401277147 0.01145008946)
(0.1 0.01521528179 0.01086775526)
(0.1 0.04478097701 0.01086560216)
(0.1 0.0104319355 0.03696306183)
(0.1 0.0495680645 0.03696306183)
(0.1 0.001255411659 0.02054383644)
(0.1 0.05874348058 0.02054512791)
(0.1 0.0458980334 0.03016317137)
(0.1 0.04705069136 0.03070668506)
(0.1 0.04472179622 0.02959798159)
(0.1 0.04361825605 0.0305377421)
(0.1 0.01741778199 0.03444815701)
(0.1 0.04258333493 0.03444841197)
(0.1 0.04353104995 0.02906734854)
(0.1 0.04245262519 0.02976961839)
(0.1 0.0423846888 0.0285184295)
(0.1 0.04129720476 0.02918039107)
(0.1 0.04120401121 0.02797031451)
(0.1 0.04012408609 0.02861405464)
(0.1 0.03999746088 0.02736370347)
(0.1 0.03894271617 0.02804428682)
(0.1 0.03879488281 0.0268437156)
(0.1 0.03776235608 0.02748524049)
(0.1 0.03759805165 0.02632130779)
(0.1 0.03656854608 0.02695830253)
(0.1 0.03645028093 0.02569940088)
(0.1 0.03539470268 0.0263912057)
(0.1 0.03529638341 0.02509112543)
(0.1 0.0355051996 0.02766608873)
(0.1 0.03422359636 0.02581893487)
(0.1 0.03412571633 0.02451806664)
(0.1 0.03305019137 0.02525170067)
(0.1 0.03295188591 0.02395170009)
(0.1 0.0318757806 0.0246865316)
(0.1 0.03177725418 0.02338677197)
(0.1 0.03070090402 0.02412185571)
(0.1 0.03079555019 0.02541616324)
(0.1 0.03060249291 0.02282206838)
(0.1 0.01741706529 0.01444832038)
(0.1 0.04259513193 0.01448907224)
(0.1 0.0296236045 0.02485612311)
(0.1 0.0297180786 0.02615052504)
(0.1 0.02854659086 0.02559111708)
(0.1 0.02864493125 0.02689115644)
(0.1 0.03167894417 0.02208710602)
(0.1 0.03052182389 0.02152100946)
(0.1 0.03158358506 0.02078690945)
(0.1 0.03042602496 0.02022023415)
(0.1 0.03148752956 0.01948515677)
(0.1 0.03034702403 0.01897314796)
(0.1 0.03139410653 0.01818904545)
(0.1 0.03008177035 0.0177085214)
(0.1 0.0312732806 0.01688470889)
(0.1 0.03013492297 0.01630675725)
(0.1 0.02922641269 0.01965744846)
(0.1 0.03114700775 0.01555033548)
(0.1 0.03001044502 0.0149937597)
(0.1 0.02747046391 0.02632729532)
(0.1 0.02756894903 0.02762741745)
(0.1 0.03104788896 0.01421200652)
(0.1 0.02990134867 0.01364068904)
(0.1 0.0263939954 0.02706287979)
(0.1 0.02649156851 0.02836341262)
(0.1 0.02766948999 0.02892906686)
(0.1 0.02660140725 0.02966642797)
(0.1 0.02779981883 0.03023252488)
(0.1 0.02670552164 0.03097416708)
(0.1 0.02790779129 0.03154252216)
(0.1 0.02679340109 0.03228820608)
(0.1 0.02798201995 0.03286148367)
(0.1 0.02688259944 0.03361155831)
(0.1 0.02808639859 0.03418699173)
(0.1 0.02697602211 0.03494421654)
(0.1 0.02820045931 0.03552892273)
(0.1 0.02706616142 0.0363003584)
(0.1 0.02830044559 0.03688800584)
(0.1 0.02943403566 0.03611327141)
(0.1 0.02955225557 0.03745303055)
(0.1 0.03067432113 0.03669789544)
(0.1 0.03647579479 0.02434911801)
(0.1 0.03100794803 0.01285027243)
(0.1 0.02912679274 0.01580214365)
(0.1 0.01772413443 0.01571603762)
(0.1 0.02977724286 0.01224482903)
(0.1 0.03079524339 0.03804189814)
(0.1 0.02629550876 0.02576276958)
(0.1 0.02521982595 0.02649578097)
(0.1 0.0251133004 0.02521183367)
(0.1 0.02404315921 0.02593299483)
(0.1 0.03255590655 0.01878875267)
(0.1 0.02393630117 0.02464933585)
(0.1 0.03191914543 0.0372871131)
(0.1 0.02716830644 0.03766551713)
(0.1 0.01866770043 0.01483119775)
(0.1 0.04227817202 0.01567546583)
(0.1 0.0228653987 0.025371341)
(0.1 0.03091148171 0.01147080948)
(0.1 0.03215696539 0.01207388758)
(0.1 0.02966276103 0.01087046742)
(0.1 0.02852285352 0.01164959485)
(0.1 0.01896473475 0.01608835502)
(0.1 0.03204247719 0.03863119304)
(0.1 0.03918337429 0.02930738415)
(0.1 0.02301348454 0.02671084169)
(0.1 0.03314301318 0.03784724352)
(0.1 0.04133609507 0.01483129914)
(0.1 0.04103913311 0.01610083583)
(0.1 0.03205660174 0.01069009232)
(0.1 0.03336169538 0.03934813991)
(0.1 0.01411490082 0.03016414333)
(0.1 0.01295250698 0.03070692348)
(0.1 0.01529247219 0.02959818804)
(0.1 0.03330762102 0.01129654443)
(0.1 0.01991745495 0.01521259673)
(0.1 0.01962330259 0.01393866405)
(0.1 0.02021449469 0.01647227839)
(0.1 0.05041187933 0.03590673257)
(0.1 0.009588120674 0.03590673257)
(0.1 0.0284066843 0.01026848065)
(0.1 0.04550938363 0.04855056052)
(0.1 0.01447439888 0.04836016847)
(0.1 0.04589697616 0.01010756046)
(0.1 0.04712791315 0.01072200257)
(0.1 0.01410241017 0.01010893965)
(0.1 0.01287412695 0.01071635046)
(0.1 0.03304864079 0.0365070644)
(0.1 0.03103889139 0.03932453823)
(0.1 0.02559754034 0.03171562051)
(0.1 0.02592709527 0.03707000772)
(0.1 0.02606104225 0.03837575214)
(0.1 0.03426396895 0.03706283769)
(0.1 0.04696907852 0.02941551515)
(0.1 0.04814265677 0.02996556019)
(0.1 0.01303432001 0.02941468356)
(0.1 0.0118584427 0.02996546133)
(0.1 0.04368871594 0.03979464597)
(0.1 0.04233940257 0.0397967961)
(0.1 0.01629811697 0.03980319108)
(0.1 0.01764673076 0.03980573081)
(0.1 0.0153211647 0.009517738482)
(0.1 0.04467816332 0.009517196538)
(0.1 0.009091059012 0.03717206258)
(0.1 0.009945987933 0.03823654934)
(0.1 0.05090894099 0.03717206258)
(0.1 0.05005401207 0.03823654934)
(0.1 0.03320937098 0.00990522972)
(0.1 0.03446165438 0.01051851515)
(0.1 0.02276652528 0.02407045922)
(0.1 0.02168935578 0.02480460685)
(0.1 0.04806140003 0.02865982323)
(0.1 0.04926780095 0.02924993201)
(0.1 0.01194005941 0.02865863477)
(0.1 0.01073219905 0.02924993201)
(0.1 0.02725730742 0.01105946854)
(0.1 0.02714103736 0.009676061744)
(0.1 0.02914905795 0.03208052135)
(0.1 0.04918293713 0.02791705143)
(0.1 0.01082663056 0.02790086375)
(0.1 0.03417319154 0.03573094998)
(0.1 0.03455752696 0.01190216501)
(0.1 0.04702622022 0.009343651963)
(0.1 0.04826538384 0.009957420342)
(0.1 0.01297401752 0.009342939811)
(0.1 0.01173672464 0.009952089636)
(0.1 0.009604448437 0.02849365668)
(0.1 0.009702284114 0.02712995431)
(0.1 0.05039714618 0.02849635463)
(0.1 0.05030890072 0.02714909151)
(0.1 0.02117005267 0.0155964395)
(0.1 0.02146289046 0.0168760549)
(0.1 0.0517318347 0.03607396581)
(0.1 0.0082681653 0.03607396581)
(0.1 0.0163717719 0.03033440266)
(0.1 0.02049848994 0.0177711576)
(0.1 0.05462399091 0.001321379113)
(0.1 0.005372687418 0.00131772442)
(0.1 0.05453179455 0.04873052706)
(0.1 0.005435584722 0.04877787935)
(0.1 0.04166858794 0.03862005344)
(0.1 0.0409811069 0.03979444245)
(0.1 0.01823822859 0.03844033071)
(0.1 0.01901905622 0.0397935808)
(0.1 0.04301759637 0.04097856705)
(0.1 0.04438710573 0.04097014605)
(0.1 0.01697773839 0.04098176125)
(0.1 0.01560964934 0.04097216216)
(0.1 0.03571442268 0.01112968538)
(0.1 0.03561761724 0.009745667837)
(0.1 0.01456033126 0.02207744657)
(0.1 0.03981628534 0.02601593347)
(0.1 0.008638499143 0.0384737394)
(0.1 0.009468083457 0.03953909567)
(0.1 0.05136150086 0.0384737394)
(0.1 0.05056009925 0.03952844926)
(0.1 0.03687210855 0.01035753381)
(0.1 0.03677585336 0.008966033711)
(0.1 0.02601934828 0.01040194058)
(0.1 0.02587998686 0.009063486129)
(0.1 0.01459773806 0.001393599568)
(0.1 0.04523664745 0.001498349374)
(0.1 0.04539847358 0.0220449391)
(0.1 0.02386478936 0.02337940035)
(0.1 0.02825728936 0.008890260126)
(0.1 0.02476220345 0.009775760488)
(0.1 0.02461904955 0.008440332457)
(0.1 0.0234654972 0.009222289477)
(0.1 0.008465718183 0.02772925945)
(0.1 0.008569518246 0.02634340331)
(0.1 0.008381074918 0.02900770471)
(0.1 0.05153641172 0.02773289864)
(0.1 0.05143491714 0.02634993239)
(0.1 0.05161474653 0.02901055146)
(0.1 0.02334340287 0.007836837108)
(0.1 0.01647093813 0.02903161761)
(0.1 0.0175501628 0.02976830372)
(0.1 0.04816816052 0.008565494311)
(0.1 0.04941685426 0.009178551831)
(0.1 0.01182823743 0.008569149898)
(0.1 0.0105752551 0.009186685097)
(0.1 0.03540178993 0.03631125814)
(0.1 0.008136016975 0.03977695374)
(0.1 0.0089137517 0.04083249216)
(0.1 0.05186868014 0.03977517934)
(0.1 0.05109095241 0.04082911645)
(0.1 0.00126349323 0.03414597778)
(0.1 0.05873650677 0.03414597778)
(0.1 0.03529116392 0.0349614413)
(0.1 0.04171983835 0.01330428199)
(0.1 0.01582343002 0.02186519267)
(0.1 0.02242475879 0.01598450227)
(0.1 0.02271698395 0.01726774033)
(0.1 0.02218011513 0.008638775109)
(0.1 0.03577839714 0.01246243859)
(0.1 0.007563215346 0.04106787817)
(0.1 0.05243678465 0.04106787817)
(0.1 0.01969626458 0.03860909606)
(0.1 0.02039044338 0.03979183617)
(0.1 0.01049795309 0.01056884058)
(0.1 0.009329418646 0.009797280841)
(0.1 0.009243369862 0.01119626269)
(0.1 0.009429049827 0.008389532041)
(0.1 0.008069824368 0.01041868902)
(0.1 0.007955667095 0.01177509655)
(0.1 0.04950828903 0.01057685126)
(0.1 0.05066938062 0.009797089042)
(0.1 0.05075741253 0.01119823625)
(0.1 0.0505671857 0.008397277844)
(0.1 0.05193010591 0.01041898598)
(0.1 0.05204445168 0.01177547498)
(0.1 0.03802757607 0.009582219894)
(0.1 0.03794135141 0.008181123953)
(0.1 0.04413521341 0.0218733574)
(0.1 0.04370949737 0.04217363098)
(0.1 0.04510329599 0.04216071811)
(0.1 0.01628909337 0.04217499234)
(0.1 0.01488426919 0.04216379237)
(0.1 0.0215908115 0.02350196068)
(0.1 0.03668450115 0.007558005274)
(0.1 0.0365007521 0.03553716548)
(0.1 0.04345861211 0.02771296789)
(0.1 0.01537709764 0.02310168065)
(0.1 0.05160168142 0.04216122228)
(0.1 0.05297368172 0.04240538149)
(0.1 0.008390978203 0.04215871689)
(0.1 0.007025094884 0.04240496393)
(0.1 0.05339398768 0.03988928734)
(0.1 0.006606683341 0.03988954082)
(0.1 0.0220626405 0.007232495734)
(0.1 0.03407072339 0.03438419271)
(0.1 0.007314457203 0.02695479653)
(0.1 0.007419662723 0.02555208735)
(0.1 0.05268663701 0.02695649124)
(0.1 0.05258347514 0.02555619099)
(0.1 0.00130497557 0.03711563965)
(0.1 0.05869502443 0.03711563965)
(0.1 0.03517777982 0.03361692175)
(0.1 0.03395478718 0.03304110143)
(0.1 0.03308501771 0.001328218034)
(0.1 0.03307692308 0.04866765322)
(0.1 0.02692754653 0.04863037562)
(0.1 0.05876458816 0.01591410458)
(0.1 0.001235411835 0.01591410458)
(0.1 0.02691899553 0.001305458766)
(0.1 0.05883531565 0.005373797227)
(0.1 0.001165353564 0.005375125579)
(0.1 0.03535304163 0.03773576799)
(0.1 0.0478193473 0.02720626386)
(0.1 0.03314911606 0.02655027339)
(0.1 0.02624945332 0.02449812745)
(0.1 0.01644590839 0.01028991044)
(0.1 0.01655633658 0.008923652157)
(0.1 0.03400896803 0.02323914829)
(0.1 0.02982088035 0.02745728045)
(0.1 0.01408119463 0.02330201064)
(0.1 0.02579708463 0.03435691623)
(0.1 0.04923427064 0.01919544504)
(0.1 0.05007150491 0.01813651917)
(0.1 0.05057221694 0.01940278495)
(0.1 0.05141622314 0.01839138167)
(0.1 0.05193421123 0.01962452062)
(0.1 0.05278867626 0.01859759237)
(0.1 0.01076206699 0.01917170166)
(0.1 0.009926104616 0.01813093132)
(0.1 0.009421916918 0.01937586929)
(0.1 0.008582400756 0.01838596442)
(0.1 0.008068186686 0.01961248016)
(0.1 0.007211494043 0.01859468275)
(0.1 0.001326439769 0.04476075925)
(0.1 0.05867356023 0.04476075925)
(0.1 0.01971396452 0.04098442548)
(0.1 0.02109965032 0.04098345901)
(0.1 0.02040415842 0.04219815884)
(0.1 0.02181774513 0.04219384842)
(0.1 0.04231846211 0.04217440369)
(0.1 0.046918374 0.007957247432)
(0.1 0.03249602035 0.01609472531)
(0.1 0.04807575403 0.007163404267)
(0.1 0.02571091234 0.007649811375)
(0.1 0.01542536147 0.00814512812)
(0.1 0.01667343521 0.007538274017)
(0.1 0.01769124222 0.02827297433)
(0.1 0.01871028122 0.02920633578)
(0.1 0.03785714973 0.006762211908)
(0.1 0.03904662193 0.007387326435)
(0.1 0.01083803892 0.03059285541)
(0.1 0.04915950553 0.03059422147)
(0.1 0.006791180304 0.0110386025)
(0.1 0.006714242023 0.01246566652)
(0.1 0.006890297049 0.009621337479)
(0.1 0.05320882787 0.01103871507)
(0.1 0.05328575798 0.01246566652)
(0.1 0.05310949543 0.009621310428)
(0.1 0.04366385061 0.02065617706)
(0.1 0.04280221786 0.02172877164)
(0.1 0.02606707085 0.01190217079)
(0.1 0.04301799283 0.04339484146)
(0.1 0.04160743777 0.04340071513)
(0.1 0.006684820001 0.01983908316)
(0.1 0.05331560803 0.01984157484)
(0.1 0.02051218747 0.02423838889)
(0.1 0.02041356685 0.02293493505)
(0.1 0.02214094936 0.01478145302)
(0.1 0.01540988202 0.02833423411)
(0.1 0.02368096859 0.0163737501)
(0.1 0.02397413245 0.01765709702)
(0.1 0.02110173239 0.04343160468)
(0.1 0.02253477272 0.04342535787)
(0.1 0.0400810202 0.01521336164)
(0.1 0.03978567514 0.01649396378)
(0.1 0.02303789968 0.01850365656)
(0.1 0.02427080105 0.01893069151)
(0.1 0.05111868046 0.02085709784)
(0.1 0.008903855024 0.02082363702)
(0.1 0.01552195719 0.006744080932)
(0.1 0.0163352487 0.02065684955)
(0.1 0.008937010857 0.01709308597)
(0.1 0.05106188043 0.01709518092)
(0.1 0.04680800368 0.006543621094)
(0.1 0.05018620397 0.0257594267)
(0.1 0.0098107638 0.02574486417)
(0.1 0.05206726307 0.04352748296)
(0.1 0.05040381617 0.04315892491)
(0.1 0.05349907382 0.04376329712)
(0.1 0.007932203002 0.04353252403)
(0.1 0.009551859741 0.04314656919)
(0.1 0.006500633296 0.04376406771)
(0.1 0.02106461465 0.03860010697)
(0.1 0.02041419804 0.03749655098)
(0.1 0.01862605699 0.03050574831)
(0.1 0.01980440217 0.02993893861)
(0.1 0.01970782862 0.0312416099)
(0.1 0.04145397967 0.03040368339)
(0.1 0.01558389012 0.04339159911)
(0.1 0.04330864547 0.02290425246)
(0.1 0.0423620658 0.02046750461)
(0.1 0.04155055535 0.02148226911)
(0.1 0.008746152587 0.03482101209)
(0.1 0.007409513479 0.03498821274)
(0.1 0.05125384741 0.03482101209)
(0.1 0.05259048652 0.03498821274)
(0.1 0.01679059016 0.006130887968)
(0.1 0.02088796831 0.03067528501)
(0.1 0.02078892984 0.03198268654)
(0.1 0.005812034362 0.01872001531)
(0.1 0.05418796564 0.01872001531)
(0.1 0.04355351109 0.01028941387)
(0.1 0.04344136069 0.008934263331)
(0.1 0.01415613775 0.04337892518)
(0.1 0.04577952835 0.04094827689)
(0.1 0.01421467915 0.04094243421)
(0.1 0.04030971113 0.03861062028)
(0.1 0.03961605544 0.0397888871)
(0.1 0.02323673744 0.006420444297)
(0.1 0.03506840999 0.03228195633)
(0.1 0.03385303846 0.03170242827)
(0.1 0.03627644241 0.0328509654)
(0.1 0.03883193081 0.01562462112)
(0.1 0.03852992614 0.0168842387)
(0.1 0.03757495026 0.01601531728)
(0.1 0.03727377866 0.01727231751)
(0.1 0.03823367748 0.0181607157)
(0.1 0.03698069074 0.01854786852)
(0.1 0.03794093593 0.01943843674)
(0.1 0.02195343734 0.005813209973)
(0.1 0.03657807053 0.006129990903)
(0.1 0.006421562081 0.01727298895)
(0.1 0.0535784553 0.01727328585)
(0.1 0.006148721417 0.02617153714)
(0.1 0.006048939406 0.02758077343)
(0.1 0.006253868525 0.02476365097)
(0.1 0.05385198393 0.02617250354)
(0.1 0.05395136052 0.02758121695)
(0.1 0.05374677201 0.02476449597)
(0.1 0.02235782242 0.009943129003)
(0.1 0.0232419086 0.0421803707)
(0.1 0.02396818445 0.04341576535)
(0.1 0.0377681725 0.005326431198)
(0.1 0.007892750091 0.03371747066)
(0.1 0.006507686461 0.03391862424)
(0.1 0.006077717897 0.03541370023)
(0.1 0.05210724991 0.03371747066)
(0.1 0.05349231354 0.03391862424)
(0.1 0.0539222821 0.03541370023)
(0.1 0.01194900069 0.02730897158)
(0.1 0.02523136998 0.01804479635)
(0.1 0.01768383582 0.009707111055)
(0.1 0.05439957821 0.01025726752)
(0.1 0.05430216785 0.00881318224)
(0.1 0.005600398056 0.01025725734)
(0.1 0.005697596343 0.008813280356)
(0.1 0.0391861429 0.01433457432)
(0.1 0.04798382937 0.005741412922)
(0.1 0.03668936332 0.01982494607)
(0.1 0.02552166515 0.0193253863)
(0.1 0.03764913906 0.02071537693)
(0.1 0.03282047964 0.03380131039)
(0.1 0.02167247617 0.03746752601)
(0.1 0.02946063401 0.02221002033)
(0.1 0.02182377881 0.04467669516)
(0.1 0.02037210382 0.04467883153)
(0.1 0.05259574845 0.04488006275)
(0.1 0.007423408781 0.04489272372)
(0.1 0.02543024787 0.02924239457)
(0.1 0.02104701038 0.03624346757)
(0.1 0.02466505792 0.04217205973)
(0.1 0.02540373637 0.04340224792)
(0.1 0.02611212985 0.04215029537)
(0.1 0.02684371852 0.0433914468)
(0.1 0.03194831292 0.00929339895)
(0.1 0.03311377224 0.008500140837)
(0.1 0.03183864321 0.007884243103)
(0.1 0.02061114374 0.02554113281)
(0.1 0.0194333757 0.02497544151)
(0.1 0.009102094757 0.01266892708)
(0.1 0.05089841615 0.01267009039)
(0.1 0.03301254465 0.007089383863)
(0.1 0.03171686831 0.006452070296)
(0.1 0.04237074243 0.009702326659)
(0.1 0.01798720525 0.0169101894)
(0.1 0.04231505007 0.04463301879)
(0.1 0.04088389073 0.04463656642)
(0.1 0.04374602243 0.04462709543)
(0.1 0.04019884327 0.04339782366)
(0.1 0.03944873527 0.04463705116)
(0.1 0.03878765372 0.04338506791)
(0.1 0.03805535091 0.04469853045)
(0.1 0.03733365372 0.04338393101)
(0.1 0.03651313651 0.0448649093)
(0.1 0.03583003326 0.04339731892)
(0.1 0.03510124909 0.04461043367)
(0.1 0.03437598995 0.04335099718)
(0.1 0.03364732411 0.04460562265)
(0.1 0.032926849 0.04334322049)
(0.1 0.032193023 0.04459921827)
(0.1 0.03145663275 0.04333591029)
(0.1 0.0307370292 0.04459084943)
(0.1 0.03662576167 0.04212615627)
(0.1 0.03289755953 0.005656033164)
(0.1 0.04650567442 0.04214230679)
(0.1 0.01490645619 0.02432983422)
(0.1 0.02756698923 0.04214548626)
(0.1 0.02149313515 0.02219779574)
(0.1 0.02031449603 0.02163060826)
(0.1 0.005325491717 0.02000809178)
(0.1 0.05467457962 0.02000850706)
(0.1 0.005590134636 0.04262272211)
(0.1 0.0544098757 0.04262345893)
(0.1 0.03630593186 0.01637714881)
(0.1 0.01158293952 0.03430404933)
(0.1 0.04841706048 0.03430404933)
(0.1 0.0179568588 0.006942537175)
(0.1 0.01807760005 0.005516306273)
(0.1 0.007022563165 0.03261391118)
(0.1 0.005622731977 0.03281881151)
(0.1 0.05297743684 0.03261391118)
(0.1 0.05437726802 0.03281881151)
(0.1 0.03616705001 0.03152431767)
(0.1 0.03737094255 0.0320919081)
(0.1 0.02240047038 0.0362333626)
(0.1 0.004866211812 0.02678973502)
(0.1 0.05513395573 0.02678997001)
(0.1 0.0156137589 0.005326527603)
(0.1 0.01432296589 0.00595133395)
(0.1 0.02235196217 0.03863142924)
(0.1 0.05560472678 0.01889371409)
(0.1 0.004395285106 0.01889364488)
(0.1 0.0101430343 0.04075019)
(0.1 0.02469296684 0.04467104322)
(0.1 0.004744057938 0.02817819267)
(0.1 0.05525601021 0.02817832547)
(0.1 0.02197195813 0.0314144909)
(0.1 0.02207018306 0.03010623229)
(0.1 0.04670620806 0.005138789178)
(0.1 0.04551449425 0.005928006549)
(0.1 0.01486799365 0.04462629457)
(0.1 0.01342940401 0.04461466686)
(0.1 0.01629277731 0.04462132197)
(0.1 0.04303481649 0.0458841536)
(0.1 0.03159899916 0.005026597532)
(0.1 0.03040131988 0.005827580053)
(0.1 0.02187438804 0.03272719607)
(0.1 0.03458199337 0.01321660109)
(0.1 0.005051400428 0.04399121186)
(0.1 0.05494855248 0.04399120623)
(0.1 0.05247484219 0.02415061838)
(0.1 0.007528893817 0.02415511509)
(0.1 0.04910518188 0.0393530742)
(0.1 0.04214713716 0.01701617272)
(0.1 0.04095283246 0.03746556613)
(0.1 0.0396364651 0.03743445971)
(0.1 0.01683630677 0.02277846152)
(0.1 0.03916491629 0.01904624091)
(0.1 0.01252096064 0.03769253451)
(0.1 0.01759857597 0.01102884937)
(0.1 0.04033262909 0.03631972963)
(0.1 0.03812036639 0.01096955977)
(0.1 0.01879604962 0.01050661189)
(0.1 0.03877701719 0.04592490369)
(0.1 0.02311044426 0.005029793226)
(0.1 0.02180823452 0.00443396171)
(0.1 0.04220335462 0.008331903402)
(0.1 0.006146714105 0.03150567512)
(0.1 0.004736076913 0.03170556993)
(0.1 0.05385327953 0.03150571924)
(0.1 0.05526392115 0.03170558333)
(0.1 0.02648749278 0.01843429403)
(0.1 0.02619583215 0.01714942615)
(0.1 0.01979083891 0.02871621426)
(0.1 0.02070057765 0.03329859562)
(0.1 0.01360099122 0.02453073339)
(0.1 0.04790432326 0.004325711113)
(0.1 0.0491905149 0.004939403394)
(0.1 0.05361802266 0.02339868527)
(0.1 0.05490033994 0.02397322459)
(0.1 0.006382706767 0.02339929389)
(0.1 0.00510007096 0.02397319779)
(0.1 0.01272059261 0.04335653866)
(0.1 0.01194356998 0.04457982413)
(0.1 0.01268781387 0.04586775973)
(0.1 0.02456818816 0.02018243308)
(0.1 0.02581093674 0.02060033548)
(0.1 0.03639864981 0.02110125585)
(0.1 0.03549379186 0.02022418248)
(0.1 0.003608819341 0.02741154595)
(0.1 0.0563916043 0.0274115797)
(0.1 0.02104077021 0.04597095443)
(0.1 0.03646401829 0.004687784373)
(0.1 0.03767633212 0.003870557205)
(0.1 0.03897006191 0.004520244074)
(0.1 0.01771682569 0.03569557482)
(0.1 0.01709231099 0.03343117255)
(0.1 0.04285343278 0.03319969858)
(0.1 0.04167357962 0.03350910092)
(0.1 0.02737941386 0.0389769445)
(0.1 0.04538375084 0.004489952239)
(0.1 0.04421553684 0.005303448486)
(0.1 0.04403014178 0.003856476583)
(0.1 0.04288912995 0.004679278932)
(0.1 0.02094319331 0.008034331633)
(0.1 0.01442277486 0.004511202527)
(0.1 0.01311922556 0.005137547535)
(0.1 0.01570335614 0.003906558419)
(0.1 0.05560627638 0.009458654697)
(0.1 0.05551461842 0.008004172645)
(0.1 0.05420172246 0.007362559587)
(0.1 0.05541975062 0.006540785488)
(0.1 0.05409027568 0.005889431114)
(0.1 0.05532453277 0.005061686432)
(0.1 0.0556975951 0.01091036737)
(0.1 0.0539883923 0.004407713746)
(0.1 0.05275285384 0.005239309198)
(0.1 0.05264868256 0.00375486872)
(0.1 0.00439368036 0.009458669353)
(0.1 0.004485618988 0.008004388257)
(0.1 0.005798277541 0.007362559587)
(0.1 0.004580722232 0.006542005022)
(0.1 0.005908804932 0.005891418366)
(0.1 0.004675738948 0.005064605976)
(0.1 0.004302393736 0.01091036811)
(0.1 0.006010454361 0.004411564033)
(0.1 0.00724450939 0.005242246856)
(0.1 0.007348531066 0.003759326005)
(0.1 0.008545804222 0.004642032264)
(0.1 0.01118268122 0.0458319745)
(0.1 0.03920740966 0.01020340263)
(0.1 0.04318624128 0.0194376896)
(0.1 0.01321793066 0.003685225758)
(0.1 0.01195327955 0.004329391491)
(0.1 0.03145992076 0.04586604773)
(0.1 0.0299733873 0.04586010413)
(0.1 0.01442836614 0.0255594492)
(0.1 0.01573086362 0.02535872817)
(0.1 0.05766699207 0.001440879842)
(0.1 0.05761940627 0.04856522344)
(0.1 0.002380593731 0.04856522344)
(0.1 0.002333472785 0.001442140013)
(0.1 0.04444752753 0.045854181)
(0.1 0.03934755741 0.01157792453)
(0.1 0.02135668143 0.02089567923)
(0.1 0.01963911847 0.04593699811)
(0.1 0.02020920149 0.02032610382)
(0.1 0.01913369309 0.02106376867)
(0.1 0.01903431301 0.0197585646)
(0.1 0.03056575345 0.03533757533)
(0.1 0.03220365348 0.04208809852)
(0.1 0.03062518541 0.04209725914)
(0.1 0.03028345774 0.004391235404)
(0.1 0.02908146499 0.005200357035)
(0.1 0.05579502446 0.0330380594)
(0.1 0.05669519466 0.03190881943)
(0.1 0.004204975223 0.03303805716)
(0.1 0.003304805143 0.0319088181)
(0.1 0.03436952606 0.04587299988)
(0.1 0.03735947685 0.02198913833)
(0.1 0.0386079405 0.02160511799)
(0.1 0.03831841068 0.02287819955)
(0.1 0.03748327381 0.03341791942)
(0.1 0.0385735308 0.03265779006)
(0.1 0.03866814929 0.03395335018)
(0.1 0.02393112405 0.04094999808)
(0.1 0.009260306394 0.03353494123)
(0.1 0.05073969361 0.03353494123)
(0.1 0.02846549691 0.02431621547)
(0.1 0.03281431066 0.02134914548)
(0.1 0.02897266373 0.003731996426)
(0.1 0.02776625143 0.004490233564)
(0.1 0.02898513829 0.02944635519)
(0.1 0.01282752488 0.02352098151)
(0.1 0.04747558763 0.0376943495)
(0.1 0.01190448614 0.005785230839)
(0.1 0.004174580214 0.04285636205)
(0.1 0.004720872989 0.04149594587)
(0.1 0.05582554669 0.0428564315)
(0.1 0.05527929753 0.04149613542)
(0.1 0.02256605916 0.04593262944)
(0.1 0.02441773334 0.005616279192)
(0.1 0.02412621998 0.004017935149)
(0.1 0.04517331072 0.04461030314)
(0.1 0.04599270261 0.04601965959)
(0.1 0.04665152631 0.04460037614)
(0.1 0.04748752403 0.04583658773)
(0.1 0.01765780215 0.04217188914)
(0.1 0.01556243673 0.04607323325)
(0.1 0.01229071946 0.02473386148)
(0.1 0.0114003619 0.023664891)
(0.1 0.03671108252 0.01508125186)
(0.1 0.03539391084 0.01542200107)
(0.1 0.035048447 0.01675676927)
(0.1 0.02315384521 0.03084415174)
(0.1 0.04189301746 0.01923932903)
(0.1 0.01860915271 0.03475174646)
(0.1 0.03289229593 0.004034459886)
(0.1 0.01952083715 0.02626232853)
(0.1 0.01836041184 0.02565204495)
(0.1 0.04246449949 0.01107101067)
(0.1 0.0390499658 0.03632412455)
(0.1 0.03836558391 0.03744314484)
(0.1 0.04808007063 0.04457398804)
(0.1 0.04886018436 0.04581921938)
(0.1 0.0278907167 0.00598787544)
(0.1 0.003720859836 0.02603537779)
(0.1 0.05627941781 0.02603541718)
(0.1 0.028284892 0.04337820263)
(0.1 0.02757489457 0.04463936679)
(0.1 0.0274473796 0.01756522501)
(0.1 0.01196061662 0.04712824196)
(0.1 0.01896133071 0.0446423126)
(0.1 0.02166047798 0.0473001638)
(0.1 0.02252058166 0.0214952429)
(0.1 0.04274844425 0.003221299924)
(0.1 0.01817409163 0.04592990924)
(0.1 0.02322165631 0.02953438827)
(0.1 0.02208580206 0.02880508011)
(0.1 0.05690124454 0.01013800772)
(0.1 0.003098746388 0.01013801028)
(0.1 0.003814099572 0.0203164537)
(0.1 0.05618557671 0.02031656658)
(0.1 0.03954518478 0.02251740441)
(0.1 0.04718806667 0.04092427856)
(0.1 0.04791566095 0.04212732768)
(0.1 0.05468870907 0.02239753853)
(0.1 0.05609971155 0.02321673858)
(0.1 0.005311453829 0.02239762164)
(0.1 0.003900814774 0.02321552308)
(0.1 0.02483972824 0.03775043116)
(0.1 0.02462830839 0.03636752672)
(0.1 0.003747850739 0.03037164506)
(0.1 0.05625213514 0.03037170189)
(0.1 0.03927452743 0.02376975781)
(0.1 0.04049925242 0.02341089198)
(0.1 0.04815856722 0.04711836656)
(0.1 0.03820405724 0.01225092028)
(0.1 0.01944163622 0.006338429296)
(0.1 0.01939199506 0.0048550757)
(0.1 0.01819375213 0.004067040146)
(0.1 0.005980637772 0.02906771176)
(0.1 0.05401940099 0.02906784881)
(0.1 0.03724487888 0.03080446906)
(0.1 0.03601310702 0.03019976107)
(0.1 0.04153361192 0.00408074436)
(0.1 0.041657379 0.00551832796)
(0.1 0.007552648342 0.03135549972)
(0.1 0.05243934911 0.03136167162)
(0.1 0.05234091588 0.02279556513)
(0.1 0.05116290446 0.02350043793)
(0.1 0.007659375984 0.0227958527)
(0.1 0.008795343212 0.0235463612)
(0.1 0.03887153393 0.003080801582)
(0.1 0.01191385527 0.002890827634)
(0.1 0.0207234434 0.02683443284)
(0.1 0.008451538709 0.006079573941)
(0.1 0.04028444083 0.04097971115)
(0.1 0.03891310357 0.04097931179)
(0.1 0.03822929989 0.03977276152)
(0.1 0.02178523669 0.03402656424)
(0.1 0.02297262836 0.03346905384)
(0.1 0.01868967935 0.01185571014)
(0.1 0.01987979194 0.01126978084)
(0.1 0.04453946913 0.008151702945)
(0.1 0.02613139983 0.03969154249)
(0.1 0.0361589672 0.02232328381)
(0.1 0.01826723891 0.02440078559)
(0.1 0.03066394184 0.008685700786)
(0.1 0.03428124729 0.007721416177)
(0.1 0.01304510593 0.00796103651)
(0.1 0.01889928312 0.009193037641)
(0.1 0.05710286725 0.01902190687)
(0.1 0.0565256256 0.01776281728)
(0.1 0.002897043686 0.01902183062)
(0.1 0.003474361537 0.01776279303)
(0.1 0.01081520428 0.003527582354)
(0.1 0.004739430899 0.003621308473)
(0.1 0.05526083193 0.003617241711)
(0.1 0.05651556763 0.004244837578)
(0.1 0.003485417911 0.004248611726)
(0.1 0.04376638191 0.04714931395)
(0.1 0.04637990519 0.03977365643)
(0.1 0.02482818941 0.02139648862)
(0.1 0.02609325839 0.02186668878)
(0.1 0.02705764977 0.02099452192)
(0.1 0.02730176644 0.02232747318)
(0.1 0.04232258972 0.03574425249)
(0.1 0.03527554879 0.005502772324)
(0.1 0.03523638147 0.004094634365)
(0.1 0.01709105324 0.01316731959)
(0.1 0.003642329696 0.04418332058)
(0.1 0.004527744631 0.04537140144)
(0.1 0.05635768361 0.04418333122)
(0.1 0.05547224974 0.04537140227)
(0.1 0.01432284916 0.03862104426)
(0.1 0.021188805 0.01971437571)
(0.1 0.00333793264 0.007099932145)
(0.1 0.05666318461 0.007098625302)
(0.1 0.04909213905 0.003591069782)
(0.1 0.04778828114 0.002781869778)
(0.1 0.0369672778 0.02948547402)
(0.1 0.04107785714 0.009224769123)
(0.1 0.05145843975 0.004651213041)
(0.1 0.05159047636 0.006133473214)
(0.1 0.0193693972 0.003613177343)
(0.1 0.01854425666 0.03184693309)
(0.1 0.02716374824 0.01625158717)
(0.1 0.02590124838 0.01585888017)
(0.1 0.02684388989 0.01491490306)
(0.1 0.02559472404 0.0145563865)
(0.1 0.002808438363 0.04549751134)
(0.1 0.003939193486 0.04665987845)
(0.1 0.00540005078 0.04642792057)
(0.1 0.05719156273 0.04549751297)
(0.1 0.05606080597 0.04665987874)
(0.1 0.05456514762 0.04640317833)
(0.1 0.00853743825 0.003103351544)
(0.1 0.007449073652 0.002317149755)
(0.1 0.05131035585 0.003327670321)
(0.1 0.05223916086 0.002439604861)
(0.1 0.02662805698 0.005371557286)
(0.1 0.02642852289 0.003936154479)
(0.1 0.003081360319 0.01158124464)
(0.1 0.004232396325 0.01237699751)
(0.1 0.05691863631 0.01158124409)
(0.1 0.05576760125 0.0123769973)
(0.1 0.03968912424 0.03322230365)
(0.1 0.03960696888 0.03193927703)
(0.1 0.04232016332 0.04713739976)
(0.1 0.01898611446 0.03600614206)
(0.1 0.04048940956 0.0107067065)
(0.1 0.04199870218 0.03226702149)
(0.1 0.04004888789 0.02119238061)
(0.1 0.05773080378 0.01792211266)
(0.1 0.002269175836 0.01792209256)
(0.1 0.009691213174 0.005557414083)
(0.1 0.01276499806 0.0334153332)
(0.1 0.04723500194 0.0334153332)
(0.1 0.02657895369 0.01364163677)
(0.1 0.02779250024 0.01399612074)
(0.1 0.00244223813 0.02682570431)
(0.1 0.05755863963 0.02682660296)
(0.1 0.04112282264 0.007819786606)
(0.1 0.03977858165 0.03441144035)
(0.1 0.02062161478 0.03470359706)
(0.1 0.01127746876 0.04333207946)
(0.1 0.01206382885 0.04211563961)
(0.1 0.03800061782 0.02413394886)
(0.1 0.02519266538 0.01323580223)
(0.1 0.02451509365 0.01193080322)
(0.1 0.02387768648 0.01307160299)
(0.1 0.02326815203 0.01188008055)
(0.1 0.02254892359 0.0129453974)
(0.1 0.02195574381 0.01189665017)
(0.1 0.02114791018 0.0129603554)
(0.1 0.002663248145 0.04305630461)
(0.1 0.05733675185 0.04305630461)
(0.1 0.01512976902 0.02654790746)
(0.1 0.01643019351 0.02647746397)
(0.1 0.0139533048 0.02678918329)
(0.1 0.02800258665 0.01887303772)
(0.1 0.0134320571 0.04715592645)
(0.1 0.02317227046 0.02814058818)
(0.1 0.04050343818 0.01238369817)
(0.1 0.02431321315 0.03009225847)
(0.1 0.04316405707 0.03190843947)
(0.1 0.03401842083 0.01580953568)
(0.1 0.03375075065 0.01712739138)
(0.1 0.03307632008 0.01480469104)
(0.1 0.0346689309 0.01820498944)
(0.1 0.01840214218 0.02699723346)
(0.1 0.0289945217 0.04212325389)
(0.1 0.02827909952 0.04097013958)
(0.1 0.01802490878 0.03696147178)
(0.1 0.01772369723 0.02051323139)
(0.1 0.01791819925 0.01900588823)
(0.1 0.01801900156 0.02187565524)
(0.1 0.01904472577 0.01846253416)
(0.1 0.003506815136 0.02885511996)
(0.1 0.0564933031 0.02885512761)
(0.1 0.04853452171 0.04079711011)
(0.1 0.0297194038 0.04092800589)
(0.1 0.02883906004 0.0396681975)
(0.1 0.05387133898 0.02112065069)
(0.1 0.006128717341 0.02112041057)
(0.1 0.003542954431 0.002723996116)
(0.1 0.002253725536 0.003320817384)
(0.1 0.05645780149 0.002720813078)
(0.1 0.05774737992 0.003317201504)
(0.1 0.04930375045 0.0420049577)
(0.1 0.04391424127 0.002406767762)
(0.1 0.04280542143 0.001725869342)
(0.1 0.03757307216 0.002395221155)
(0.1 0.05823361722 0.0107614886)
(0.1 0.001766382784 0.0107614886)
(0.1 0.02877293937 0.01777320145)
(0.1 0.02355635966 0.0372324924)
(0.1 0.02289431343 0.03499026415)
(0.1 0.02398055182 0.03426982141)
(0.1 0.0240331474 0.03293853511)
(0.1 0.05745521317 0.03334723608)
(0.1 0.05614572915 0.0343848509)
(0.1 0.05825839329 0.03197206763)
(0.1 0.002544786756 0.03334723557)
(0.1 0.00385427078 0.03438485044)
(0.1 0.001741606661 0.03197206732)
(0.1 0.03073212109 0.04720899866)
(0.1 0.02922106634 0.04716330685)
(0.1 0.03224241448 0.04725880608)
(0.1 0.05696382171 0.01303617354)
(0.1 0.05583945214 0.01384651201)
(0.1 0.05717146332 0.01435340412)
(0.1 0.05620204606 0.01538215452)
(0.1 0.05461910648 0.01468057745)
(0.1 0.05482133918 0.01614334289)
(0.1 0.05339456057 0.01565507904)
(0.1 0.05232597114 0.01652072708)
(0.1 0.05205557869 0.01516950239)
(0.1 0.05310698898 0.0139867391)
(0.1 0.003036177596 0.01303617363)
(0.1 0.004160547344 0.01384651206)
(0.1 0.002828536533 0.01435340414)
(0.1 0.003797953848 0.01538215453)
(0.1 0.005380893423 0.01468057746)
(0.1 0.005178663687 0.01614329341)
(0.1 0.006605442786 0.01565502131)
(0.1 0.007673826523 0.01652049076)
(0.1 0.007944172891 0.01516939848)
(0.1 0.006892975996 0.013986716)
(0.1 0.05750716814 0.04700781639)
(0.1 0.002492831857 0.04700781639)
(0.1 0.02827395166 0.02160461185)
(0.1 0.04957894321 0.04454941032)
(0.1 0.05026072589 0.04589743679)
(0.1 0.02987307133 0.04335517266)
(0.1 0.01705113888 0.02515258014)
(0.1 0.04020585438 0.02468432521)
(0.1 0.04146326189 0.02429281852)
(0.1 0.04185509939 0.02285943038)
(0.1 0.04117894959 0.02555082971)
(0.1 0.04242482595 0.02517670654)
(0.1 0.04208796968 0.02618502954)
(0.1 0.043306066 0.02626586478)
(0.1 0.0436415205 0.02487011051)
(0.1 0.04463919225 0.02570106429)
(0.1 0.0449327164 0.0242607987)
(0.1 0.04590685535 0.0252682334)
(0.1 0.04565005588 0.02648651094)
(0.1 0.04631570845 0.02390169741)
(0.1 0.04719612048 0.0248805018)
(0.1 0.04756252125 0.02352582072)
(0.1 0.04842789397 0.02448474189)
(0.1 0.04880652332 0.02328358129)
(0.1 0.0498653983 0.02431059341)
(0.1 0.04810006069 0.02579188888)
(0.1 0.02497524584 0.02263686566)
(0.1 0.04271109388 0.01821679274)
(0.1 0.04401890802 0.01843217532)
(0.1 0.0105071825 0.04712629789)
(0.1 0.009695582701 0.045847563)
(0.1 0.009047331348 0.04722944079)
(0.1 0.008370925606 0.04864743053)
(0.1 0.007582137704 0.04738931406)
(0.1 0.01829335053 0.002605230142)
(0.1 0.03124129144 0.04071865718)
(0.1 0.03292105432 0.04084452493)
(0.1 0.009552966809 0.006985657662)
(0.1 0.02913791406 0.04461357382)
(0.1 0.05109880919 0.02215185725)
(0.1 0.008920593197 0.02224767186)
(0.1 0.01007891195 0.0229469342)
(0.1 0.01012707684 0.02161078677)
(0.1 0.009938988697 0.02431609408)
(0.1 0.03896761532 0.001496635716)
(0.1 0.02846264063 0.04855674779)
(0.1 0.02768275299 0.04721445474)
(0.1 0.02615468711 0.04728243842)
(0.1 0.03752179151 0.04097078234)
(0.1 0.03683433541 0.03975687026)
(0.1 0.02739875231 0.01249179292)
(0.1 0.03016574648 0.003030256553)
(0.1 0.01289027136 0.04849841688)
(0.1 0.03589312778 0.01387272697)
(0.1 0.0371670682 0.01401776333)
(0.1 0.01068335717 0.04201534053)
(0.1 0.03887948933 0.02493564272)
(0.1 0.02539837262 0.04864213172)
(0.1 0.02467975237 0.04727124576)
(0.1 0.02540802298 0.04599344338)
(0.1 0.04210204725 0.00693118708)
(0.1 0.03692506854 0.01166984903)
(0.1 0.01033865104 0.04448428426)
(0.1 0.008693600619 0.02492590387)
(0.1 0.03942652234 0.01295292756)
(0.1 0.01314560923 0.002225858262)
(0.1 0.0223656587 0.04862775127)
(0.1 0.02080065879 0.0486647083)
(0.1 0.03339481206 0.01262520026)
(0.1 0.005463839899 0.01318596576)
(0.1 0.05453615686 0.0131859677)
(0.1 0.05288938651 0.006724764066)
(0.1 0.007116698262 0.006716687743)
(0.1 0.02538400399 0.001301714463)
(0.1 0.0246454477 0.002587255664)
(0.1 0.02324071426 0.002627489619)
(0.1 0.02235659238 0.001330532614)
(0.1 0.02168977216 0.002813254091)
(0.1 0.02086631884 0.001327353958)
(0.1 0.0346073221 0.001327691878)
(0.1 0.03369819384 0.002604245663)
(0.1 0.03232385418 0.002591525838)
(0.1 0.03162879825 0.001307243319)
(0.1 0.03151984239 0.0486178597)
(0.1 0.03373958424 0.04727789335)
(0.1 0.03461879956 0.04864889163)
(0.1 0.03537453672 0.04708026983)
(0.1 0.03699010148 0.04740660624)
(0.1 0.008418017029 0.01384972571)
(0.1 0.009257944041 0.01488442192)
(0.1 0.05158210379 0.01384990012)
(0.1 0.05074205187 0.01488485494)
(0.1 0.03364420164 0.04208761087)
(0.1 0.03448380046 0.04061219706)
(0.1 0.03485723203 0.0392551538)
(0.1 0.03508591208 0.04205957414)
(0.1 0.03605611372 0.040881947)
(0.1 0.04292933661 0.04834185897)
(0.1 0.02843325658 0.00131871288)
(0.1 0.02767410327 0.002774149248)
(0.1 0.02111198035 0.009370935849)
(0.1 0.03180761059 0.03592389189)
(0.1 0.0316872386 0.03456473971)
(0.1 0.03044586273 0.03398986746)
(0.1 0.03159008932 0.03321071603)
(0.1 0.03273643892 0.03244601333)
(0.1 0.0326631085 0.03110411987)
(0.1 0.03377537514 0.03037982558)
(0.1 0.03259213567 0.0297814644)
(0.1 0.03148138134 0.03049939888)
(0.1 0.03142030336 0.0291909147)
(0.1 0.03359963959 0.02903114086)
(0.1 0.0302749428 0.02996315972)
(0.1 0.03031957472 0.03129821691)
(0.1 0.03036840164 0.03263734378)
(0.1 0.02931600295 0.03476450774)
(0.1 0.02252142756 0.04095180072)
(0.1 0.001338877792 0.01442779205)
(0.1 0.0586611222 0.01442779205)
(0.1 0.0587345174 0.03561525)
(0.1 0.05742669386 0.03638152468)
(0.1 0.0574016388 0.03785603369)
(0.1 0.05611275341 0.03713444639)
(0.1 0.05611137899 0.03859947523)
(0.1 0.05484967457 0.03784895933)
(0.1 0.05739970734 0.03937959239)
(0.1 0.05479002913 0.03924792123)
(0.1 0.001265482597 0.03561525)
(0.1 0.002573306144 0.03638152468)
(0.1 0.002598361202 0.03785603369)
(0.1 0.003887246592 0.03713444639)
(0.1 0.003888799311 0.03859918569)
(0.1 0.005150355146 0.03784891107)
(0.1 0.002601566016 0.03937801695)
(0.1 0.005210295681 0.03924761764)
(0.1 0.02920362776 0.006657179951)
(0.1 0.03843386951 0.03138372114)
(0.1 0.05131392361 0.02493628995)
(0.1 0.008409081261 0.03243173949)
(0.1 0.009715176112 0.03229541075)
(0.1 0.008871517297 0.03124217045)
(0.1 0.01058093621 0.03331912434)
(0.1 0.01110294491 0.03201615303)
(0.1 0.0515863828 0.03243714212)
(0.1 0.05027822692 0.03230203476)
(0.1 0.05111785535 0.03124834369)
(0.1 0.04941796429 0.03332022834)
(0.1 0.04889516115 0.03201740606)
(0.1 0.03231012084 0.01359922132)
(0.1 0.03940217652 0.03065818772)
(0.1 0.01467659788 0.01861010123)
(0.1 0.01549274667 0.0196432736)
(0.1 0.01585943406 0.01839095979)
(0.1 0.05879978085 0.006841959635)
(0.1 0.001200746478 0.006842606561)
(0.1 0.0423276904 0.03725877671)
(0.1 0.03923076923 0.04866765322)
(0.1 0.0397684062 0.04724528747)
(0.1 0.01768960016 0.0486822595)
(0.1 0.01612845134 0.04862884051)
(0.1 0.01689733787 0.04712505435)
(0.1 0.01619673626 0.001233821905)
(0.1 0.04691991885 0.001355647425)
(0.1 0.0463246259 0.002502718283)
(0.1 0.04848882005 0.001295248798)
(0.1 0.04703209835 0.04836810271)
(0.1 0.04860592339 0.04852017367)
(0.1 0.04612587324 0.04736275483)
(0.1 0.01172288426 0.001372723439)
(0.1 0.04960547609 0.01198316376)
(0.1 0.04960223199 0.01330543337)
(0.1 0.04842177453 0.01267520619)
(0.1 0.04836294646 0.01133887552)
(0.1 0.01039817971 0.01197540222)
(0.1 0.01039990886 0.01330069007)
(0.1 0.01158085582 0.01266520841)
(0.1 0.01164024655 0.01133113807)
(0.1 0.05153439819 0.04867033816)
(0.1 0.05088873517 0.04726272331)
(0.1 0.05228430279 0.04735819727)
(0.1 0.05301622825 0.04870337341)
(0.1 0.001225250978 0.02783585962)
(0.1 0.05877527967 0.02783598184)
(0.1 0.001283716425 0.02197967925)
(0.1 0.00260509785 0.02121209092)
(0.1 0.001280902918 0.02347316832)
(0.1 0.002580325459 0.02406166037)
(0.1 0.0586878403 0.02196969697)
(0.1 0.05739277546 0.02121212121)
(0.1 0.05871528616 0.02347411842)
(0.1 0.05741988474 0.02406461573)
(0.1 0.001294227406 0.04013410698)
(0.1 0.002482838557 0.04083588448)
(0.1 0.003939331747 0.04022286304)
(0.1 0.05870652312 0.04013458757)
(0.1 0.05751803862 0.0408367201)
(0.1 0.05604511789 0.04025962531)
(0.1 0.05603777575 0.04875997913)
(0.1 0.003956787461 0.04876787118)
(0.1 0.02908546704 0.03076879476)
(0.1 0.05609645793 0.02180385371)
(0.1 0.003903619749 0.02180199446)
(0.1 0.04437706091 0.006742328169)
(0.1 0.01550287612 0.04741255009)
(0.1 0.04368684755 0.01161161616)
(0.1 0.0427193735 0.01234857065)
(0.1 0.04532383901 0.01861862897)
(0.1 0.03294051224 0.03515185038)
(0.1 0.04678683161 0.02816729261)
(0.1 0.01320420732 0.02794194805)
(0.1 0.03240967723 0.02843905505)
(0.1 0.03127950237 0.02788489601)
(0.1 0.01619846249 0.02409377563)
(0.1 0.01643722942 0.01180764408)
(0.1 0.03948486012 0.01777523082)
(0.1 0.04056045412 0.01882515437)
(0.1 0.04074696944 0.01739520932)
(0.1 0.03600104968 0.01768231392)
(0.1 0.03908064056 0.008811112576)
(0.1 0.006992145737 0.008181446672)
(0.1 0.02182043687 0.01804814081)
(0.1 0.02681600243 0.01972512178)
(0.1 0.05300866672 0.0081827811)
(0.1 0.02333191422 0.01964328336)
(0.1 0.02615862057 0.02319264376)
(0.1 0.01627431385 0.03163651413)
(0.1 0.04449011424 0.01963757972)
(0.1 0.0112440135 0.02227047914)
(0.1 0.01087151618 0.0265184145)
(0.1 0.03766886 0.03863485676)
(0.1 0.001300719285 0.03862443118)
(0.1 0.05869952165 0.03862467595)
(0.1 0.03638811474 0.034189724)
(0.1 0.0445485097 0.02299256258)
(0.1 0.03495821321 0.03095576112)
(0.1 0.03519322283 0.02146348967)
(0.1 0.03412249559 0.02055123267)
(0.1 0.04106776293 0.02020718189)
(0.1 0.03572851891 0.01893478997)
(0.1 0.01747771044 0.03104157237)
(0.1 0.01922839603 0.02238041791)
(0.1 0.02953755422 0.02355816241)
(0.1 0.03642825319 0.03699203857)
(0.1 0.02739661526 0.02505637316)
(0.1 0.03198508551 0.02594783925)
(0.1 0.01656929996 0.02772746361)
(0.1 0.0217985571 0.02611143068)
(0.1 0.02093963239 0.02940453327)
(0.1 0.03516643933 0.02386263157)
(0.1 0.03889952968 0.0203293573)
(0.1 0.02188851646 0.02740622887)
(0.1 0.02315039979 0.03976243874)
(0.1 0.02455595179 0.03978545613)
(0.1 0.03285364632 0.02265166952)
(0.1 0.01933444809 0.02367224121)
(0.1 0.04458299751 0.02831216297)
(0.1 0.02265627795 0.02277995405)
(0.1 0.02304063319 0.03216229257)
(0.1 0.02011610723 0.01902153454)
(0.1 0.03834260997 0.04737363236)
(0.1 0.03432382435 0.02711477051)
(0.1 0.02532364773 0.0278895115)
(0.1 0.01969981324 0.04341229469)
(0.1 0.01815779931 0.02312456144)
(0.1 0.03272424736 0.02004692764)
(0.1 0.03375926013 0.01926163044)
(0.1 0.0497015522 0.02045614899)
(0.1 0.03756975299 0.03472627405)
(0.1 0.03633957111 0.04612592251)
(0.1 0.02882726839 0.02816455888)
(0.1 0.02588987594 0.03568468824)
(0.1 0.01347396663 0.04213770358)
(0.1 0.0128453604 0.04091825821)
(0.1 0.01091402243 0.03936576625)
(0.1 0.02808640392 0.007449241153)
(0.1 0.04666590973 0.02246272997)
(0.1 0.0200075803 0.04738795921)
(0.1 0.01281523897 0.01203701268)
(0.1 0.05493930203 0.03640773648)
(0.1 0.05370458587 0.03700033402)
(0.1 0.053580387 0.03835663649)
(0.1 0.005060702922 0.03640772843)
(0.1 0.006295418262 0.03700032732)
(0.1 0.006419784614 0.03835661898)
(0.1 0.04562021085 0.03864467695)
(0.1 0.02493744717 0.01676014966)
(0.1 0.02569615454 0.03302995006)
(0.1 0.01833588782 0.03329321472)
(0.1 0.03895548382 0.0385929631)
(0.1 0.04105003763 0.03502164295)
(0.1 0.01960929342 0.03258954509)
(0.1 0.04576104531 0.02889659872)
(0.1 0.02438577883 0.03151064222)
(0.1 0.01318779938 0.02571310642)
(0.1 0.02339696976 0.01514276487)
(0.1 0.03399796598 0.02197836253)
(0.1 0.03248112861 0.01748365983)
(0.1 0.01421454376 0.02886294464)
(0.1 0.03436726581 0.009125785743)
(0.1 0.05261056065 0.02091404322)
(0.1 0.007393690117 0.02090600371)
(0.1 0.04718497348 0.01204178629)
(0.1 0.04923593686 0.006377746293)
(0.1 0.03054254817 0.007268077069)
(0.1 0.01326293248 0.02227751598)
(0.1 0.01979731537 0.01260995628)
(0.1 0.03673595355 0.02817422274)
(0.1 0.04958393307 0.01692905444)
(0.1 0.01041550336 0.01692733825)
(0.1 0.01261524017 0.03208114466)
(0.1 0.04738583986 0.0320812241)
(0.1 0.04685843545 0.0261281899)
(0.1 0.02089908596 0.01433634028)
(0.1 0.005306576088 0.03037813273)
(0.1 0.05469341688 0.03037819434)
(0.1 0.02176308298 0.03978684514)
(0.1 0.005963736282 0.04510009269)
(0.1 0.05402712729 0.04512179308)
(0.1 0.004879745016 0.01756360071)
(0.1 0.0551202582 0.01756367402)
(0.1 0.03903134251 0.005954551043)
(0.1 0.02849373681 0.03822345091)
(0.1 0.02810119368 0.02025001467)
(0.1 0.01841638015 0.01329100818)
(0.1 0.03475467452 0.02960514657)
(0.1 0.01849929495 0.04736503298)
(0.1 0.008879380514 0.04463531655)
(0.1 0.04777831822 0.03970419427)
(0.1 0.03707382442 0.02322511091)
(0.1 0.03079856805 0.01008441259)
(0.1 0.04838915247 0.02022402131)
(0.1 0.01159060161 0.02019225806)
(0.1 0.05702941191 0.008596798149)
(0.1 0.002970877123 0.008597018041)
(0.1 0.02840105791 0.04588752653)
(0.1 0.03153424671 0.03184067264)
(0.1 0.05391201417 0.002726271513)
(0.1 0.02078196418 0.006623562307)
(0.1 0.02326221344 0.04466911953)
(0.1 0.01903911885 0.007837892954)
(0.1 0.04037550951 0.01383669047)
(0.1 0.03294196544 0.04591343133)
(0.1 0.02613001776 0.04466722854)
(0.1 0.02689190555 0.04594740973)
(0.1 0.04026633672 0.0458773508)
(0.1 0.006042845396 0.002710528286)
(0.1 0.005510553665 0.01168837021)
(0.1 0.05448944634 0.01168837021)
(0.1 0.05765504924 0.03074997559)
(0.1 0.002344949543 0.03074997062)
(0.1 0.03639700871 0.003184857951)
(0.1 0.01011441202 0.03460011211)
(0.1 0.04988540473 0.03460029611)
(0.1 0.05653827327 0.005663028086)
(0.1 0.02920716226 0.03342306172)
(0.1 0.05384619038 0.04128661931)
(0.1 0.006153809617 0.04128661931)
(0.1 0.01175737388 0.01674674887)
(0.1 0.01101028687 0.01576099615)
(0.1 0.04824293037 0.01674742411)
(0.1 0.04899059234 0.01576294628)
(0.1 0.002611181414 0.01660339503)
(0.1 0.05738881382 0.01660340136)
(0.1 0.003462893678 0.005665893116)
(0.1 0.01779894971 0.008334513708)
(0.1 0.01104106947 0.02514469783)
(0.1 0.04165754676 0.04097363258)
(0.1 0.0241487093 0.02721942459)
(0.1 0.02447593798 0.007041543758)
(0.1 0.03441178355 0.01448964119)
(0.1 0.02463943911 0.01549409722)
(0.1 0.04873181507 0.03794633748)
(0.1 0.01690050251 0.004709933539)
(0.1 0.004997960375 0.0253881658)
(0.1 0.05500258919 0.0253885053)
(0.1 0.01834172074 0.04098044287)
(0.1 0.05049737463 0.03002148925)
(0.1 0.009494011728 0.03001692855)
(0.1 0.05274335619 0.02828942261)
(0.1 0.007256541183 0.02828796241)
(0.1 0.01126974356 0.0379413956)
(0.1 0.008165734028 0.008993628155)
(0.1 0.05183339986 0.00899516378)
(0.1 0.01696530734 0.04337584023)
(0.1 0.0444166926 0.04337791638)
(0.1 0.05480636793 0.03412858692)
(0.1 0.005193632002 0.03412858647)
(0.1 0.01414478899 0.04586341549)
(0.1 0.04026932051 0.005093332008)
(0.1 0.04931719433 0.007788943695)
(0.1 0.05325189462 0.03032933555)
(0.1 0.006741976541 0.03032647587)
(0.1 0.04579160884 0.008737364693)
(0.1 0.01419598689 0.00874069043)
(0.1 0.01447095073 0.003049000219)
(0.1 0.04503423972 0.03979381896)
(0.1 0.03768872801 0.04868379692)
(0.1 0.01494280739 0.0397875312)
(0.1 0.0416565261 0.04585365209)
(0.1 0.03552836652 0.008341917573)
(0.1 0.01306234185 0.006555568559)
(0.1 0.01362254509 0.03976618464)
(0.1 0.01236841473 0.03971953035)
(0.1 0.02954000885 0.009487074474)
(0.1 0.007613489377 0.03742901949)
(0.1 0.05238653573 0.03742902295)
(0.1 0.008283668539 0.007553482882)
(0.1 0.04584581198 0.04336954838)
(0.1 0.02837219298 0.02302269145)
(0.1 0.003938459043 0.001305411717)
(0.1 0.05172326202 0.007579612037)
(0.1 0.04094614353 0.04219004831)
(0.1 0.05606144652 0.001304811451)
(0.1 0.001310521745 0.04623302281)
(0.1 0.05868947844 0.04623302308)
(0.1 0.02536547787 0.04094864498)
(0.1 0.05110628051 0.04467151877)
(0.1 0.03090625732 0.02667755285)
(0.1 0.0176744615 0.001213481289)
(0.1 0.01188375033 0.007200821472)
(0.1 0.04139176805 0.00249905314)
(0.1 0.04566739182 0.007344364292)
(0.1 0.01695677953 0.003334075136)
(0.1 0.002592412863 0.0226240194)
(0.1 0.0487944169 0.02137563118)
(0.1 0.02375046247 0.02209875685)
(0.1 0.05740199269 0.0226235241)
(0.1 0.0287010225 0.01306340964)
(0.1 0.01902798082 0.04217982546)
(0.1 0.02397614977 0.04595120233)
(0.1 0.03770396997 0.03625225695)
(0.1 0.04725890182 0.04334426528)
(0.1 0.04449868389 0.02699784286)
(0.1 0.006923076923 0.04874690658)
(0.1 0.03021121771 0.0286537338)
(0.1 0.03542009141 0.006933138469)
(0.1 0.008471234433 0.001466523896)
(0.1 0.04015685328 0.003717022134)
(0.1 0.01429599802 0.00736348697)
(0.1 0.03957742782 0.0421637642)
(0.1 0.05154197714 0.001215106431)
(0.1 0.02683419812 0.04099836095)
(0.1 0.001430538855 0.04314019343)
(0.1 0.05856965702 0.04314041271)
(0.1 0.02938230332 0.00807292226)
(0.1 0.02368840233 0.01064358299)
(0.1 0.03812656534 0.04216816892)
(0.1 0.04875685721 0.04329314566)
(0.1 0.02552634389 0.03049516423)
(0.1 0.02610378209 0.002555959514)
(0.1 0.04354830149 0.01729237776)
(0.1 0.03416043607 0.006308238746)
(0.1 0.05002544798 0.02286791414)
(0.1 0.001115278674 0.002368534162)
(0.1 0.05888529957 0.002367376562)
(0.1 0.02318891483 0.04728536793)
(0.1 0.001216770441 0.04769170708)
(0.1 0.05878322959 0.04769170713)
(0.1 0.05045789925 0.006978886158)
(0.1 0.05313275671 0.04620670072)
(0.1 0.04270341335 0.02396135886)
(0.1 0.04330133035 0.007535362892)
(0.1 0.04037057968 0.006614209193)
(0.1 0.01957827996 0.03387423067)
(0.1 0.02067780946 0.005305850988)
(0.1 0.02696778866 0.008241477876)
(0.1 0.05621888635 0.03572668938)
(0.1 0.003781114468 0.03572668796)
(0.1 0.01068243911 0.007804395131)
(0.1 0.01832063936 0.04338512665)
(0.1 0.04912558239 0.0265609327)
(0.1 0.01508749797 0.01743753977)
(0.1 0.05171142492 0.0460461066)
(0.1 0.02504961844 0.02392803445)
(0.1 0.0448909339 0.01743851466)
(0.1 0.03404591726 0.004859112915)
(0.1 0.02125561089 0.01077676278)
(0.1 0.0168393521 0.01657701105)
(0.1 0.01706733877 0.01791492061)
(0.1 0.01923826211 0.01728206218)
(0.1 0.04853844919 0.01395479037)
(0.1 0.02374530864 0.03851641819)
(0.1 0.02396506971 0.03539356767)
(0.1 0.01146439618 0.01394835632)
(0.1 0.02938436671 0.02092978219)
(0.1 0.02431170307 0.01424465624)
(0.1 0.05618234261 0.02468495492)
(0.1 0.04386467182 0.01284473768)
(0.1 0.003817983036 0.02468418497)
(0.1 0.01917690212 0.03739623833)
(0.1 0.01968581455 0.02751858276)
(0.1 0.04314468948 0.006120792425)
(0.1 0.04082911528 0.03250313641)
(0.1 0.02680194515 0.006830920208)
(0.1 0.04774118971 0.01563387573)
(0.1 0.01225936036 0.01563253878)
(0.1 0.05863235065 0.01898211343)
(0.1 0.001367502431 0.01898194371)
(0.1 0.04624330843 0.03756633693)
(0.1 0.01374424135 0.03756703537)
(0.1 0.01671569936 0.01945958817)
(0.1 0.006879179774 0.04615323084)
(0.1 0.0102870106 0.02035399042)
(0.1 0.03141474125 0.003583722199)
(0.1 0.008292022882 0.045967604)
(0.1 0.02734191775 0.02380367372)
(0.1 0.04242229621 0.03100244541)
(0.1 0.02085234129 0.02811417869)
(0.1 0.01759914517 0.04462500708)
(0.1 0.05751675703 0.03489465645)
(0.1 0.002483243025 0.03489465625)
(0.1 0.04100126342 0.0267119206)
(0.1 0.03504142107 0.002744303823)
(0.1 0.01138287872 0.04854653785)
(0.1 0.03631259046 0.03859888932)
(0.1 0.02830713041 0.01659109064)
(0.1 0.02174972913 0.03523945112)
(0.1 0.01269939611 0.0133255022)
(0.1 0.01999837957 0.009991086947)
(0.1 0.05032898258 0.005574510327)
(0.1 0.0473015467 0.01332915831)
(0.1 0.04946869103 0.0472060508)
(0.1 0.04984020387 0.04072389415)
(0.1 0.0242682908 0.0286864276)
(0.1 0.0439869184 0.03274613522)
(0.1 0.01600055439 0.03292232741)
(0.1 0.01688072468 0.04579553176)
(0.1 0.01204324218 0.0260324002)
(0.1 0.001079743181 0.03087774092)
(0.1 0.05892025657 0.03087774198)
(0.1 0.04324906191 0.03643735833)
(0.1 0.02556252902 0.006238686511)
(0.1 0.01689657871 0.03659215371)
(0.1 0.04720942389 0.0345338112)
(0.1 0.01279057611 0.0345338112)
(0.1 0.01595633323 0.01294625849)
(0.1 0.03996138864 0.01991247458)
(0.1 0.03798845432 0.01474957104)
(0.1 0.01155941525 0.04093531579)
(0.1 0.04069979596 0.0222924753)
(0.1 0.04809300364 0.0223708119)
(0.1 0.02972293937 0.03868900993)
(0.1 0.0039883811 0.01669104734)
(0.1 0.05601161657 0.01669107801)
(0.1 0.03572703178 0.02887412866)
(0.1 0.04668140077 0.00382484856)
(0.1 0.05798901206 0.009555575036)
(0.1 0.002011061955 0.009555619518)
(0.1 0.01577292201 0.002540251197)
(0.1 0.04560753462 0.02772346863)
(0.1 0.0502443994 0.004169767901)
(0.1 0.02001481893 0.03567659973)
(0.1 0.04002319203 0.002416223008)
(0.1 0.04998745906 0.02167536946)
(0.1 0.03510369738 0.02270495956)
(0.1 0.03450375342 0.02824467876)
(0.1 0.0379748796 0.02878592775)
(0.1 0.01186901371 0.03109715647)
(0.1 0.0481311332 0.03109752204)
(0.1 0.05377651954 0.04749740537)
(0.1 0.03422131003 0.03826230032)
(0.1 0.0382010761 0.03007086064)
(0.1 0.001256678948 0.02634416015)
(0.1 0.05874372856 0.02634454695)
(0.1 0.02541538165 0.004790073929)
(0.1 0.03871592391 0.03516665029)
(0.1 0.03334009432 0.02769030012)
(0.1 0.04392972357 0.001126197296)
(0.1 0.02354063643 0.02083148433)
(0.1 0.04161173441 0.01813853164)
(0.1 0.03214978134 0.03979776575)
(0.1 0.02891470026 0.01443915542)
(0.1 0.04034998393 0.02991948742)
(0.1 0.05026161231 0.01592524242)
(0.1 0.03216831589 0.02712104124)
(0.1 0.006735508752 0.001225080372)
(0.1 0.009737711679 0.01592383113)
(0.1 0.05314488108 0.001259032353)
(0.1 0.01694755926 0.02155561054)
(0.1 0.04053588724 0.03114073456)
(0.1 0.05188147613 0.03025735247)
(0.1 0.03752806416 0.02515242106)
(0.1 0.01728891181 0.02384136907)
(0.1 0.03760550476 0.001100614133)
(0.1 0.008103347626 0.03025348128)
(0.1 0.006198072323 0.04761167148)
(0.1 0.02054827482 0.003923992163)
(0.1 0.02235850699 0.02029094897)
(0.1 0.02301624571 0.0139851184)
(0.1 0.02902395557 0.002468382249)
(0.1 0.01046049071 0.01462542588)
(0.1 0.04954122432 0.01462966276)
(0.1 0.05654372831 0.04177726106)
(0.1 0.03354126953 0.01376570535)
(0.1 0.03349379838 0.0182071616)
(0.1 0.003456249796 0.04177584022)
(0.1 0.02035244053 0.002522633147)
(0.1 0.03750296453 0.04606575076)
(0.1 0.04142772672 0.03641416834)
(0.1 0.01078663051 0.006419017617)
(0.1 0.0554244506 0.02939652712)
(0.1 0.004575516707 0.02939641899)
(0.1 0.01451155292 0.02771455412)
(0.1 0.01739143783 0.03226182996)
(0.1 0.01880548152 0.0281347167)
(0.1 0.05756640727 0.02834173394)
(0.1 0.05286714498 0.03618104715)
(0.1 0.007132860863 0.03618104512)
(0.1 0.002433917781 0.02834155689)
(0.1 0.01763324046 0.01219739918)
(0.1 0.02002339602 0.008691342226)
(0.1 0.04500442381 0.04714300712)
(0.1 0.001171081794 0.01719722152)
(0.1 0.05882891074 0.01719723003)
(0.1 0.04509342651 0.003068780988)
(0.1 0.04294525367 0.01341028557)
(0.1 0.01168763327 0.03303733565)
(0.1 0.04831236673 0.03303733565)
(0.1 0.03823050323 0.01349667486)
(0.1 0.05901654227 0.003787878788)
(0.1 0.001164690678 0.00393024137)
(0.1 0.01312401554 0.0009984362537)
(0.1 0.04157146125 0.01171308066)
(0.1 0.05329189077 0.02214755979)
(0.1 0.006708583563 0.02214693868)
(0.1 0.02802479363 0.01533250011)
(0.1 0.03690582646 0.01287831194)
(0.1 0.01084064224 0.004982542766)
(0.1 0.01317677471 0.03868643782)
(0.1 0.04914102786 0.02538151671)
(0.1 0.01731265281 0.02711310442)
(0.1 0.002513800529 0.02548216609)
(0.1 0.0574867255 0.02548321725)
(0.1 0.01083011752 0.002287656767)
(0.1 0.01113909322 0.02118734753)
(0.1 0.004689331933 0.00234860975)
(0.1 0.005304514665 0.04047038451)
(0.1 0.05469548534 0.04047038451)
(0.1 0.02085251756 0.01186642006)
(0.1 0.05531220233 0.00234579667)
(0.1 0.002550110939 0.02957490012)
(0.1 0.05744991134 0.02957491295)
(0.1 0.009675216257 0.004039715609)
(0.1 0.04415030561 0.04853079009)
(0.1 0.02288180558 0.003818717842)
(0.1 0.0249445838 0.03506910381)
(0.1 0.004896676442 0.02112891443)
(0.1 0.05510333246 0.02112942331)
(0.1 0.04690661506 0.03867627459)
(0.1 0.05044671751 0.0418306572)
(0.1 0.04111445051 0.04717061365)
(0.1 0.0161008897 0.0173343769)
(0.1 0.04315403985 0.01629910568)
(0.1 0.007513101176 0.03877837983)
(0.1 0.05248689882 0.03877837983)
(0.1 0.04159479397 0.01048357872)
(0.1 0.002374198966 0.04412761784)
(0.1 0.05762584309 0.04412766415)
(0.1 0.04229686526 0.02728633978)
(0.1 0.002295974235 0.004773279913)
(0.1 0.04557226357 0.02313254555)
(0.1 0.05773539236 0.004746937872)
(0.1 0.04934959361 0.002331318369)
(0.1 0.05223988075 0.01292941066)
(0.1 0.007760156501 0.01292932011)
(0.1 0.031979983 0.01481620012)
(0.1 0.05522860084 0.04761077744)
(0.1 0.004759700614 0.04763390272)
(0.1 0.04062325065 0.03381039286)
(0.1 0.03479444426 0.0194070587)
(0.1 0.002258698409 0.00616169019)
(0.1 0.05774580715 0.006156916308)
(0.1 0.02533968709 0.003572434378)
(0.1 0.02500322102 0.01090761379)
(0.1 0.04189496346 0.04810955656)
(0.1 0.001121155033 0.001114914241)
(0.1 0.00103720949 0.01173817724)
(0.1 0.05896279051 0.01173817724)
(0.1 0.05888088316 0.001112844692)
(0.1 0.05888332469 0.0488896344)
(0.1 0.001116675315 0.0488896344)
(0.1 0.04654444097 0.02714234519)
(0.1 0.0438448895 0.0237781063)
(0.1 0.01288232145 0.02676232977)
(0.1 0.0122583541 0.02259903837)
(0.1 0.009504536144 0.04181224915)
(0.1 0.02935211109 0.01696892073)
(0.1 0.03996045222 0.009402623845)
(0.1 0.002193280536 0.007520669954)
(0.1 0.05780759627 0.007520163817)
(0.1 0.02212191613 0.01915083543)
(0.1 0.009662351483 0.002491842102)
(0.1 0.05135766082 0.01598748898)
(0.1 0.008641478075 0.01598689093)
(0.1 0.01819237824 0.0179377757)
(0.1 0.05761143019 0.0201001731)
(0.1 0.002388212859 0.02007785827)
(0.1 0.05891326228 0.0329661999)
(0.1 0.001086737722 0.0329661999)
(0.1 0.02186839248 0.01375285956)
(0.1 0.0009801737658 0.009734877618)
(0.1 0.05901984968 0.009734871271)
(0.1 0.007776030916 0.01760975286)
(0.1 0.05222383896 0.01761032319)
(0.1 0.04410864684 0.03160758826)
(0.1 0.02755009243 0.04008405701)
(0.1 0.04794236005 0.03867443344)
(0.1 0.02490590609 0.03368114197)
(0.1 0.05520651351 0.03521231278)
(0.1 0.004793487614 0.03521231071)
(0.1 0.05016376481 0.003113787145)
(0.1 0.03609662093 0.02336284151)
(0.1 0.02263416389 0.01103908518)
(0.1 0.03407349102 0.003739847973)
(0.1 0.007292715608 0.02938866721)
(0.1 0.05268771932 0.02938993829)
(0.1 0.00236185535 0.01538876929)
(0.1 0.05763814393 0.01538877019)
(0.1 0.03117058082 0.002414677988)
(0.1 0.03978542762 0.03544871755)
(0.1 0.03578508116 0.03976610191)
(0.1 0.02930482452 0.0186213377)
(0.1 0.04000630454 0.008119184846)
(0.1 0.002370281187 0.04198952133)
(0.1 0.05762998093 0.04198977617)
(0.1 0.01727342785 0.03768859728)
(0.1 0.01691142045 0.00214413179)
(0.1 0.00946286423 0.01385044131)
(0.1 0.01204998321 0.0386811329)
(0.1 0.0505386723 0.01385217065)
(0.1 0.01980965684 0.03661387018)
(0.1 0.01749961594 0.02622474291)
(0.1 0.0250847095 0.03880628005)
(0.1 0.03732073237 0.03760820491)
(0.1 0.02009042375 0.007389447217)
(0.1 0.03011231721 0.03986568175)
(0.1 0.05656330127 0.04770160059)
(0.1 0.003434950168 0.04770476559)
(0.1 0.04703413124 0.04691013276)
(0.1 0.02343438357 0.03615495922)
(0.1 0.009960061397 0.03124992958)
(0.1 0.00206067414 0.01227968013)
(0.1 0.05793932538 0.01227968005)
(0.1 0.01160573478 0.01492005645)
(0.1 0.04839641344 0.01492472151)
(0.1 0.05002910342 0.03125593417)
(0.1 0.04152750768 0.03143622171)
(0.1 0.03544335393 0.04565315177)
(0.1 0.02105049997 0.01871794595)
(0.1 0.05080234316 0.002201659025)
(0.1 0.01566180967 0.02739307443)
(0.1 0.01960969821 0.0348159218)
(0.1 0.02267804931 0.03764639958)
(0.1 0.01453928424 0.04692525228)
(0.1 0.04204886712 0.04902169147)
(0.1 0.03852422385 0.02589787164)
(0.1 0.002055281059 0.01355771436)
(0.1 0.05794471884 0.01355771435)
(0.1 0.05202865901 0.02181596047)
(0.1 0.007971427825 0.02181595653)
(0.1 0.04183791531 0.001064754709)
(0.1 0.04914137018 0.02231466159)
(0.1 0.02498391436 0.03242252518)
(0.074 0.002 0.003340942561)
(0.05696774194 0.002 0.04865905744)
(0.04306966882 0.002 0.003296547964)
(0.03374193548 0.002 0.003340942561)
(0.06470967742 0.002 0.003340942561)
(0.026 0.002 0.04865905744)
(0.04767741935 0.002 0.04865905744)
(0.03838709677 0.002 0.04865905744)
(0.06935483871 0.002 0.04865905744)
(0.05230921966 0.002 0.003283411584)
(0.02601336098 0.002 0.003283411584)
(0.09659639013 0.002 0.02595050335)
(0.00340360987 0.002 0.02595050335)
(0.07709677419 0.002 0.04865905744)
(0.01825806452 0.002 0.003340942561)
(0.09652837297 0.002 0.01805480314)
(0.01825806452 0.002 0.04865905744)
(0.09659122212 0.002 0.03380234852)
(0.003471627034 0.002 0.01805480314)
(0.08174193548 0.002 0.003340942561)
(0.003545522263 0.002 0.03378769919)
(0.05851612903 0.002 0.003340942561)
(0.03219354839 0.002 0.04865905744)
(0.06316129032 0.002 0.04865905744)
(0.08329032258 0.002 0.04865905744)
(0.09655444269 0.002 0.01224859968)
(0.01206451613 0.002 0.04865905744)
(0.01206451613 0.002 0.003340942561)
(0.09665905744 0.002 0.03993548387)
(0.08794884485 0.002 0.003283411584)
(0.003472822889 0.002 0.01224673637)
(0.003340942561 0.002 0.03993548387)
(0.04767741935 0.002 0.003340942561)
(0.05232258065 0.002 0.04865905744)
(0.08793548387 0.002 0.04865905744)
(0.03838709677 0.002 0.003225511189)
(0.04303225806 0.002 0.04865905744)
(0.06934147773 0.002 0.003283411584)
(0.09258064516 0.002 0.04865905744)
(0.003376717489 0.002 0.04460093141)
(0.09261805592 0.002 0.003249631832)
(0.007456765593 0.002 0.003249631832)
(0.09662419145 0.002 0.04459489342)
(0.007419354839 0.002 0.04865905744)
(0.09652571076 0.002 0.007261499027)
(0.00347428924 0.002 0.007261499027)
(0.07711013518 0.002 0.003283411584)
(0.09652356775 0.002 0.03671425919)
(0.09652437024 0.002 0.02303992033)
(0.003335901459 0.002 0.03684744112)
(0.05541935484 0.002 0.003340942561)
(0.08019354839 0.002 0.04865905744)
(0.074 0.002 0.04865905744)
(0.0966236561 0.002 0.01515209782)
(0.09652492087 0.002 0.02886962523)
(0.06006451613 0.002 0.04865905744)
(0.003475629757 0.002 0.02303992033)
(0.003475079133 0.002 0.02886962523)
(0.02135483871 0.002 0.003340942561)
(0.01516129032 0.002 0.04865905744)
(0.003403609477 0.002 0.01515023451)
(0.03064516129 0.002 0.003340942561)
(0.06161290323 0.002 0.003340942561)
(0.01516129032 0.002 0.003340942561)
(0.02909677419 0.002 0.04865905744)
(0.02290322581 0.002 0.04865905744)
(0.08483870968 0.002 0.003340942561)
(0.03529032258 0.002 0.04865905744)
(0.06625806452 0.002 0.04865905744)
(0.09561753528 0.002 0.04869363153)
(0.09663624336 0.002 0.004361442096)
(0.003363756641 0.002 0.004361442096)
(0.003402369932 0.002 0.04753523775)
(0.09411905158 0.002 0.04866481979)
(0.09335317526 0.002 0.04731907527)
(0.09180617437 0.002 0.04731827494)
(0.09258032171 0.002 0.04597735906)
(0.09103215795 0.002 0.04597723012)
(0.09181415856 0.002 0.04463178015)
(0.09025933232 0.002 0.04463549779)
(0.0910415314 0.002 0.04328993323)
(0.08948562782 0.002 0.04329427287)
(0.09025990288 0.002 0.04195328326)
(0.08870967742 0.002 0.04195434464)
(0.08948417736 0.002 0.04061322518)
(0.08793553494 0.002 0.04061337259)
(0.088709737 0.002 0.03927242512)
(0.08716129512 0.002 0.03927245674)
(0.0879354946 0.002 0.03793151076)
(0.08638709936 0.002 0.03793151546)
(0.08716129254 0.002 0.03659057311)
(0.08561290343 0.002 0.03659057427)
(0.08638709718 0.002 0.0352496316)
(0.08483870978 0.002 0.03524963177)
(0.08561290331 0.002 0.03390868922)
(0.08406451614 0.002 0.03390868927)
(0.08483870969 0.002 0.0325677467)
(0.08329032258 0.002 0.03256774671)
(0.08406451613 0.002 0.03122680415)
(0.08251612903 0.002 0.03122680415)
(0.08329032258 0.002 0.02988586159)
(0.08174193548 0.002 0.02988586159)
(0.08251612903 0.002 0.02854491903)
(0.08096774194 0.002 0.02854491903)
(0.08019354839 0.002 0.02988586159)
(0.07941935484 0.002 0.02854491903)
(0.07864516129 0.002 0.02988586159)
(0.07787096774 0.002 0.02854491903)
(0.07709677419 0.002 0.02988586159)
(0.07632258065 0.002 0.02854491903)
(0.0755483871 0.002 0.02988586159)
(0.07477419355 0.002 0.02854491903)
(0.074 0.002 0.02988586159)
(0.07322580645 0.002 0.02854491903)
(0.0724516129 0.002 0.02988586159)
(0.07167741935 0.002 0.02854491903)
(0.07090322581 0.002 0.02988586159)
(0.07012903226 0.002 0.02854491903)
(0.06935483871 0.002 0.02988586159)
(0.06858064516 0.002 0.02854491903)
(0.06780645161 0.002 0.02988586159)
(0.06703225806 0.002 0.02854491903)
(0.06625806452 0.002 0.02988586159)
(0.06548387097 0.002 0.02854491903)
(0.06470967742 0.002 0.02988586159)
(0.06393548387 0.002 0.02854491903)
(0.06316129032 0.002 0.02988586159)
(0.06238709677 0.002 0.02854491903)
(0.06161290323 0.002 0.02988586159)
(0.06083870968 0.002 0.02854491903)
(0.06006451613 0.002 0.02988586159)
(0.05929032258 0.002 0.02854491903)
(0.05851612903 0.002 0.02988586159)
(0.05774193548 0.002 0.02854491903)
(0.05696774194 0.002 0.02988586159)
(0.05619354839 0.002 0.02854491903)
(0.05541935484 0.002 0.02988586159)
(0.05464516129 0.002 0.02854491903)
(0.05387096774 0.002 0.02988586159)
(0.05309677419 0.002 0.02854491903)
(0.05232258065 0.002 0.02988586159)
(0.0515483871 0.002 0.02854491903)
(0.05077419355 0.002 0.02988586159)
(0.05 0.002 0.02854491903)
(0.04922580645 0.002 0.02988586159)
(0.0484516129 0.002 0.02854491903)
(0.04767741935 0.002 0.02988586159)
(0.04690322581 0.002 0.02854491903)
(0.04612903226 0.002 0.02988586159)
(0.04535483871 0.002 0.02854491903)
(0.04458064516 0.002 0.02988586159)
(0.04380645161 0.002 0.02854491903)
(0.04303225806 0.002 0.02988586159)
(0.04225806452 0.002 0.02854491903)
(0.04148387097 0.002 0.02988586159)
(0.04070967742 0.002 0.02854491903)
(0.03993548387 0.002 0.02988586159)
(0.03916129032 0.002 0.02854491903)
(0.03838709677 0.002 0.02988586159)
(0.03761290323 0.002 0.02854491903)
(0.03683870968 0.002 0.02988586159)
(0.03606451613 0.002 0.02854491903)
(0.03529032258 0.002 0.02988586159)
(0.03451612903 0.002 0.02854491903)
(0.03374193548 0.002 0.02988586159)
(0.03296774194 0.002 0.02854491903)
(0.03219354839 0.002 0.02988586159)
(0.03141935484 0.002 0.02854491903)
(0.03064516129 0.002 0.02988586159)
(0.02987096774 0.002 0.02854491903)
(0.02909677419 0.002 0.02988586159)
(0.02832258065 0.002 0.02854491903)
(0.0275483871 0.002 0.02988586159)
(0.02677419355 0.002 0.02854491903)
(0.026 0.002 0.02988586159)
(0.02909677419 0.002 0.02720397647)
(0.03683870968 0.002 0.02720397647)
(0.04612903226 0.002 0.02720397647)
(0.05387096774 0.002 0.02720397647)
(0.06006451613 0.002 0.02720397647)
(0.06780645161 0.002 0.02720397647)
(0.08019354839 0.002 0.02720397647)
(0.074 0.002 0.02720397647)
(0.02522580645 0.002 0.02854491903)
(0.0244516129 0.002 0.02988586159)
(0.02367741935 0.002 0.02854491903)
(0.02290322581 0.002 0.02988586159)
(0.02212903226 0.002 0.02854491903)
(0.02290322581 0.002 0.02720397647)
(0.02135483871 0.002 0.02988586159)
(0.02135483871 0.002 0.02720397647)
(0.02212903226 0.002 0.02586303391)
(0.02058064516 0.002 0.02586303391)
(0.02135483871 0.002 0.02452209135)
(0.01980645161 0.002 0.02452209135)
(0.02058064516 0.002 0.02318114879)
(0.07167741935 0.002 0.03122680415)
(0.05464516129 0.002 0.03122680415)
(0.04535483871 0.002 0.03122680415)
(0.06548387097 0.002 0.03122680415)
(0.03916129032 0.002 0.03122680415)
(0.03296774194 0.002 0.03122680415)
(0.02677419355 0.002 0.03122680415)
(0.0832903226 0.002 0.03524963182)
(0.01903225806 0.002 0.02318114879)
(0.01980645161 0.002 0.02184020623)
(0.02135483871 0.002 0.02184020623)
(0.02058064516 0.002 0.02049926366)
(0.02212903226 0.002 0.02049926366)
(0.01903225806 0.002 0.02049926366)
(0.01980645161 0.002 0.0191583211)
(0.01825806452 0.002 0.02452209135)
(0.01825806452 0.002 0.0191583211)
(0.06083870968 0.002 0.03122680415)
(0.04148387097 0.002 0.02720397647)
(0.02212903226 0.002 0.03122680415)
(0.02058064516 0.002 0.03122680415)
(0.02135483871 0.002 0.03256774671)
(0.01980645161 0.002 0.03256774671)
(0.05 0.002 0.03122680415)
(0.02058064516 0.002 0.03390868927)
(0.01903225806 0.002 0.03390868927)
(0.01903225806 0.002 0.01781737854)
(0.01748387097 0.002 0.01781737854)
(0.01980645161 0.002 0.03524963183)
(0.01825806452 0.002 0.03524963183)
(0.01748387097 0.002 0.03390868927)
(0.01670967742 0.002 0.03524963183)
(0.01593548387 0.002 0.03390868927)
(0.08406451613 0.002 0.02854491903)
(0.01825806452 0.002 0.01647643598)
(0.01980645161 0.002 0.01647643598)
(0.01670967742 0.002 0.01647643598)
(0.01593548387 0.002 0.01781737854)
(0.07632258065 0.002 0.03122680415)
(0.01516129032 0.002 0.01647643598)
(0.01516129032 0.002 0.03524963183)
(0.01438709677 0.002 0.01781737854)
(0.02135483871 0.002 0.03524963183)
(0.02058064516 0.002 0.03659057439)
(0.02212903226 0.002 0.03659057439)
(0.08561290446 0.002 0.0392724588)
(0.01593548387 0.002 0.03659057439)
(0.01438709677 0.002 0.03390868927)
(0.01748387097 0.002 0.01513549342)
(0.01438709677 0.002 0.03659057439)
(0.01361290323 0.002 0.01647643598)
(0.08638709679 0.002 0.0325677467)
(0.02135483871 0.002 0.03793151695)
(0.02290322581 0.002 0.03793151695)
(0.01516129032 0.002 0.03793151695)
(0.01361290323 0.002 0.03793151695)
(0.01283870968 0.002 0.01781737854)
(0.02212903226 0.002 0.03927245951)
(0.02367741935 0.002 0.03927245951)
(0.01438709677 0.002 0.03927245951)
(0.01283870968 0.002 0.03927245951)
(0.01206451613 0.002 0.03793151695)
(0.01206451613 0.002 0.01647643598)
(0.01283870968 0.002 0.01513549342)
(0.01516129032 0.002 0.03256774671)
(0.01361290323 0.002 0.03256774671)
(0.01129032258 0.002 0.01781737854)
(0.01206451613 0.002 0.0191583211)
(0.01129032258 0.002 0.01513549342)
(0.01206451613 0.002 0.01379455086)
(0.01129032258 0.002 0.03927245951)
(0.01438709677 0.002 0.03122680415)
(0.01283870968 0.002 0.03122680415)
(0.01361290323 0.002 0.02988586159)
(0.01206451613 0.002 0.02988586159)
(0.01283870968 0.002 0.02854491903)
(0.0244516129 0.002 0.03793151695)
(0.02522580645 0.002 0.03927245951)
(0.026 0.002 0.03793151695)
(0.02677419355 0.002 0.03927245951)
(0.0275483871 0.002 0.03793151695)
(0.02832258065 0.002 0.03927245951)
(0.02909677419 0.002 0.03793151695)
(0.02987096774 0.002 0.03927245951)
(0.03064516129 0.002 0.03793151695)
(0.03141935484 0.002 0.03927245951)
(0.03219354839 0.002 0.03793151695)
(0.03296774194 0.002 0.03927245951)
(0.03374193548 0.002 0.03793151695)
(0.03451612903 0.002 0.03927245951)
(0.03529032258 0.002 0.03793151695)
(0.03606451613 0.002 0.03927245951)
(0.03683870968 0.002 0.03793151695)
(0.03761290323 0.002 0.03927245951)
(0.03838709677 0.002 0.03793151695)
(0.03916129032 0.002 0.03927245951)
(0.03993548387 0.002 0.03793151695)
(0.04070967742 0.002 0.03927245951)
(0.04148387097 0.002 0.03793151695)
(0.04225806452 0.002 0.03927245951)
(0.04303225806 0.002 0.03793151695)
(0.04380645161 0.002 0.03927245951)
(0.04458064516 0.002 0.03793151695)
(0.04535483871 0.002 0.03927245951)
(0.04612903226 0.002 0.03793151695)
(0.04690322581 0.002 0.03927245951)
(0.04767741935 0.002 0.03793151695)
(0.0484516129 0.002 0.03927245951)
(0.04922580645 0.002 0.03793151695)
(0.05 0.002 0.03927245951)
(0.05077419355 0.002 0.03793151695)
(0.0515483871 0.002 0.03927245951)
(0.05232258065 0.002 0.03793151695)
(0.05309677419 0.002 0.03927245951)
(0.05387096774 0.002 0.03793151695)
(0.05464516129 0.002 0.03927245951)
(0.05541935484 0.002 0.03793151695)
(0.05619354839 0.002 0.03927245951)
(0.05696774194 0.002 0.03793151695)
(0.05774193548 0.002 0.03927245951)
(0.05851612903 0.002 0.03793151695)
(0.05929032258 0.002 0.03927245951)
(0.06006451613 0.002 0.03793151695)
(0.06083870968 0.002 0.03927245951)
(0.06161290323 0.002 0.03793151695)
(0.06238709677 0.002 0.03927245951)
(0.06316129032 0.002 0.03793151695)
(0.06393548387 0.002 0.03927245951)
(0.06470967742 0.002 0.03793151695)
(0.06548387097 0.002 0.03927245951)
(0.06625806452 0.002 0.03793151695)
(0.06703225806 0.002 0.03927245951)
(0.06780645161 0.002 0.03793151695)
(0.06858064516 0.002 0.03927245951)
(0.06935483871 0.002 0.03793151695)
(0.07012903226 0.002 0.03927245951)
(0.07090322581 0.002 0.03793151695)
(0.07167741935 0.002 0.03927245951)
(0.0724516129 0.002 0.03793151695)
(0.07322580645 0.002 0.03927245951)
(0.074 0.002 0.03793151695)
(0.07477419355 0.002 0.03927245951)
(0.08870967958 0.002 0.03659057315)
(0.01129032258 0.002 0.02854491903)
(0.01129032258 0.002 0.03122680415)
(0.07090322581 0.002 0.04061340208)
(0.0755483871 0.002 0.03793151695)
(0.07632258065 0.002 0.03927245951)
(0.0755483871 0.002 0.04061340208)
(0.07709677419 0.002 0.04061340208)
(0.06470967742 0.002 0.04061340208)
(0.05851612903 0.002 0.04061340208)
(0.05387096774 0.002 0.04061340208)
(0.04922580645 0.002 0.04061340208)
(0.04458064516 0.002 0.04061340208)
(0.03993548387 0.002 0.04061340208)
(0.03374193548 0.002 0.04061340208)
(0.0275483871 0.002 0.04061340208)
(0.01361290323 0.002 0.04061340208)
(0.01516129032 0.002 0.04061340208)
(0.01051612903 0.002 0.0191583211)
(0.01206451613 0.002 0.02720397647)
(0.02290322581 0.002 0.04061340208)
(0.01051612903 0.002 0.03793151695)
(0.01051612903 0.002 0.02720397647)
(0.01051612903 0.002 0.01379455086)
(0.01129032258 0.002 0.0124536083)
(0.01283870968 0.002 0.0124536083)
(0.01206451613 0.002 0.01111266574)
(0.01361290323 0.002 0.01111266574)
(0.01051612903 0.002 0.01111266574)
(0.08793577668 0.002 0.04329511814)
(0.009741935484 0.002 0.03927245951)
(0.06161290323 0.002 0.04061340208)
(0.07090322581 0.002 0.02720397647)
(0.07709677419 0.002 0.02720397647)
(0.009741935484 0.002 0.02854491903)
(0.02367741935 0.002 0.02586303391)
(0.04922580645 0.002 0.02720397647)
(0.06470967742 0.002 0.02720397647)
(0.009741935484 0.002 0.01781737854)
(0.03219354839 0.002 0.02720397647)
(0.01980645161 0.002 0.02988586159)
(0.02135483871 0.002 0.04061340208)
(0.03064516129 0.002 0.04061340208)
(0.05696774194 0.002 0.02720397647)
(0.01129032258 0.002 0.02049926366)
(0.009741935484 0.002 0.02049926366)
(0.01748387097 0.002 0.02318114879)
(0.01051612903 0.002 0.04061340208)
(0.02987096774 0.002 0.03122680415)
(0.03606451613 0.002 0.03122680415)
(0.09025812551 0.002 0.0392724243)
(0.07941935484 0.002 0.03122680415)
(0.04225806452 0.002 0.03659057439)
(0.07632258065 0.002 0.04195434464)
(0.07787096774 0.002 0.04195434464)
(0.07864516129 0.002 0.04061340208)
(0.07941935484 0.002 0.04195434464)
(0.08329032258 0.002 0.02720397647)
(0.08483870968 0.002 0.02720397647)
(0.08406451613 0.002 0.02586303391)
(0.08561290323 0.002 0.02586303391)
(0.08483870968 0.002 0.02452209135)
(0.08638709677 0.002 0.02452209135)
(0.08561290323 0.002 0.02318114879)
(0.08406451613 0.002 0.02318114879)
(0.08483870968 0.002 0.02184020623)
(0.08329032258 0.002 0.02184020623)
(0.08406451613 0.002 0.02049926366)
(0.08251612903 0.002 0.02049926366)
(0.08329032258 0.002 0.0191583211)
(0.08174193548 0.002 0.0191583211)
(0.08251612903 0.002 0.01781737854)
(0.08096774194 0.002 0.01781737854)
(0.08406451613 0.002 0.01781737854)
(0.08329032258 0.002 0.01647643598)
(0.08483870968 0.002 0.01647643598)
(0.08406451613 0.002 0.01513549342)
(0.08561290323 0.002 0.01513549342)
(0.08638709677 0.002 0.02184020623)
(0.08483870968 0.002 0.01379455086)
(0.08329032258 0.002 0.01379455086)
(0.08638709677 0.002 0.01379455086)
(0.08019354839 0.002 0.0191583211)
(0.07941935484 0.002 0.01781737854)
(0.07864516129 0.002 0.0191583211)
(0.07787096774 0.002 0.01781737854)
(0.07709677419 0.002 0.0191583211)
(0.07632258065 0.002 0.01781737854)
(0.07709677419 0.002 0.01647643598)
(0.0755483871 0.002 0.01647643598)
(0.07477419355 0.002 0.01781737854)
(0.074 0.002 0.01647643598)
(0.07322580645 0.002 0.01781737854)
(0.0724516129 0.002 0.01647643598)
(0.07167741935 0.002 0.01781737854)
(0.07090322581 0.002 0.01647643598)
(0.07167741935 0.002 0.01513549342)
(0.07012903226 0.002 0.01513549342)
(0.06935483871 0.002 0.01647643598)
(0.06858064516 0.002 0.01513549342)
(0.06780645161 0.002 0.01647643598)
(0.06703225806 0.002 0.01513549342)
(0.06625806452 0.002 0.01647643598)
(0.06548387097 0.002 0.01513549342)
(0.06470967742 0.002 0.01647643598)
(0.06393548387 0.002 0.01513549342)
(0.06316129032 0.002 0.01647643598)
(0.06238709677 0.002 0.01513549342)
(0.06161290323 0.002 0.01647643598)
(0.06083870968 0.002 0.01513549342)
(0.06006451613 0.002 0.01647643598)
(0.05929032258 0.002 0.01513549342)
(0.05851612903 0.002 0.01647643598)
(0.05774193548 0.002 0.01513549342)
(0.05696774194 0.002 0.01647643598)
(0.05619354839 0.002 0.01513549342)
(0.05541935484 0.002 0.01647643598)
(0.05464516129 0.002 0.01513549342)
(0.05387096774 0.002 0.01647643598)
(0.05309677419 0.002 0.01513549342)
(0.05232258065 0.002 0.01647643598)
(0.0515483871 0.002 0.01513549342)
(0.05077419355 0.002 0.01647643598)
(0.05 0.002 0.01513549342)
(0.04922580645 0.002 0.01647643598)
(0.0484516129 0.002 0.01513549342)
(0.04767741935 0.002 0.01647643598)
(0.04690322581 0.002 0.01513549342)
(0.04612903226 0.002 0.01647643598)
(0.04535483871 0.002 0.01513549342)
(0.04458064516 0.002 0.01647643598)
(0.04380645161 0.002 0.01513549342)
(0.04303225806 0.002 0.01647643598)
(0.04225806452 0.002 0.01513549342)
(0.04148387097 0.002 0.01647643598)
(0.04070967742 0.002 0.01513549342)
(0.03993548387 0.002 0.01647643598)
(0.03916129032 0.002 0.01513549342)
(0.03838709677 0.002 0.01647643598)
(0.03761290323 0.002 0.01513549342)
(0.03683870968 0.002 0.01647643598)
(0.03606451613 0.002 0.01513549342)
(0.03529032258 0.002 0.01647643598)
(0.03451612903 0.002 0.01513549342)
(0.03374193548 0.002 0.01647643598)
(0.03296774194 0.002 0.01513549342)
(0.07632258065 0.002 0.01513549342)
(0.03219354839 0.002 0.01647643598)
(0.03141935484 0.002 0.01513549342)
(0.03683870968 0.002 0.01379455086)
(0.04148387097 0.002 0.01379455086)
(0.04612903226 0.002 0.01379455086)
(0.05077419355 0.002 0.01379455086)
(0.06780645161 0.002 0.01379455086)
(0.03219354839 0.002 0.01379455086)
(0.03064516129 0.002 0.01379455086)
(0.05696774194 0.002 0.01379455086)
(0.06316129032 0.002 0.01379455086)
(0.08716129032 0.002 0.02586303391)
(0.08716129032 0.002 0.01513549342)
(0.03451612903 0.002 0.01781737854)
(0.03916129032 0.002 0.01781737854)
(0.04380645161 0.002 0.01781737854)
(0.0515483871 0.002 0.01781737854)
(0.06238709677 0.002 0.01781737854)
(0.02987096774 0.002 0.01513549342)
(0.02909677419 0.002 0.01379455086)
(0.05619354839 0.002 0.01781737854)
(0.06703225806 0.002 0.01781737854)
(0.08793548387 0.002 0.01379455086)
(0.02987096774 0.002 0.0124536083)
(0.02832258065 0.002 0.0124536083)
(0.08406451613 0.002 0.0124536083)
(0.08251612903 0.002 0.0124536083)
(0.08870967742 0.002 0.01513549342)
(0.02832258065 0.002 0.01513549342)
(0.0724516129 0.002 0.0191583211)
(0.02909677419 0.002 0.01111266574)
(0.0275483871 0.002 0.01111266574)
(0.08329032258 0.002 0.01111266574)
(0.08174193548 0.002 0.01111266574)
(0.08948387097 0.002 0.01379455086)
(0.08870967742 0.002 0.0124536083)
(0.02832258065 0.002 0.009771723179)
(0.02677419355 0.002 0.009771723179)
(0.026 0.002 0.01111266574)
(0.02987096774 0.002 0.009771723179)
(0.02522580645 0.002 0.009771723179)
(0.0244516129 0.002 0.01111266574)
(0.02367741935 0.002 0.009771723179)
(0.09025806452 0.002 0.01513549342)
(0.09025806452 0.002 0.0124536083)
(0.08948387097 0.002 0.01111266574)
(0.02290322581 0.002 0.01111266574)
(0.02212903226 0.002 0.009771723179)
(0.02367741935 0.002 0.0124536083)
(0.08793548387 0.002 0.02452209135)
(0.08870967742 0.002 0.02586303391)
(0.08948387097 0.002 0.02452209135)
(0.09025806452 0.002 0.02586303391)
(0.05929032258 0.002 0.01781737854)
(0.07090322581 0.002 0.01379455086)
(0.02909677419 0.002 0.01647643598)
(0.0275483871 0.002 0.01647643598)
(0.02832258065 0.002 0.01781737854)
(0.04690322581 0.002 0.01781737854)
(0.08948387097 0.002 0.02720397647)
(0.05387096774 0.002 0.01379455086)
(0.08948387097 0.002 0.01647643598)
(0.07941935484 0.002 0.02049926366)
(0.06006451613 0.002 0.01379455086)
(0.05774193548 0.002 0.03659057439)
(0.03683870968 0.002 0.04061340208)
(0.07709677419 0.002 0.03793151695)
(0.06858064516 0.002 0.03122680415)
(0.06780645161 0.002 0.04061340208)
(0.02212903226 0.002 0.04195434464)
(0.02058064516 0.002 0.04195434464)
(0.01438709677 0.002 0.04195434464)
(0.09103225806 0.002 0.01111266574)
(0.09025806452 0.002 0.009771723179)
(0.08870967742 0.002 0.009771723179)
(0.01129032258 0.002 0.009771723179)
(0.009741935484 0.002 0.009771723179)
(0.08251612903 0.002 0.009771723179)
(0.08096774194 0.002 0.009771723179)
(0.008967741935 0.002 0.04061340208)
(0.009741935484 0.002 0.04195434464)
(0.09103225806 0.002 0.02720397647)
(0.09025806452 0.002 0.02854491903)
(0.09103225806 0.002 0.01647643598)
(0.09025806452 0.002 0.01781737854)
(0.09103225806 0.002 0.02452209135)
(0.008967741935 0.002 0.01111266574)
(0.008967741935 0.002 0.02720397647)
(0.008967741935 0.002 0.03793151695)
(0.02135483871 0.002 0.01111266574)
(0.02058064516 0.002 0.009771723179)
(0.01438709677 0.002 0.02854491903)
(0.02522580645 0.002 0.03659057439)
(0.02832258065 0.002 0.03659057439)
(0.03141935484 0.002 0.03659057439)
(0.009741935484 0.002 0.03659057439)
(0.03451612903 0.002 0.03659057439)
(0.03761290323 0.002 0.03659057439)
(0.0515483871 0.002 0.03659057439)
(0.07864516129 0.002 0.0432952872)
(0.08019354839 0.002 0.0432952872)
(0.04690322581 0.002 0.03659057439)
(0.08019354839 0.002 0.01111266574)
(0.07941935484 0.002 0.009771723179)
(0.06393548387 0.002 0.03659057439)
(0.08019354839 0.002 0.04061340208)
(0.07322580645 0.002 0.03659057439)
(0.06703225806 0.002 0.03659057439)
(0.07012903226 0.002 0.03659057439)
(0.02135483871 0.002 0.0432952872)
(0.02290322581 0.002 0.0432952872)
(0.01980645161 0.002 0.0432952872)
(0.008193548387 0.002 0.04195434464)
(0.008967741935 0.002 0.0432952872)
(0.01051612903 0.002 0.008430780618)
(0.01206451613 0.002 0.008430780618)
(0.008967741935 0.002 0.008430780618)
(0.0244516129 0.002 0.008430780618)
(0.02909677419 0.002 0.008430780618)
(0.03064516129 0.002 0.008430780618)
(0.08019354839 0.002 0.008430780618)
(0.07864516129 0.002 0.008430780618)
(0.07787096774 0.002 0.009771723179)
(0.07709677419 0.002 0.008430780618)
(0.07632258065 0.002 0.009771723179)
(0.0755483871 0.002 0.008430780618)
(0.07477419355 0.002 0.009771723179)
(0.074 0.002 0.008430780618)
(0.08948387097 0.002 0.008430780618)
(0.08793548387 0.002 0.008430780618)
(0.09103225806 0.002 0.008430780618)
(0.09180645161 0.002 0.0124536083)
(0.02677419355 0.002 0.01781737854)
(0.0275483871 0.002 0.0191583211)
(0.02909677419 0.002 0.0191583211)
(0.02832258065 0.002 0.02049926366)
(0.02987096774 0.002 0.02049926366)
(0.02909677419 0.002 0.02184020623)
(0.03064516129 0.002 0.02184020623)
(0.0275483871 0.002 0.02184020623)
(0.09025806452 0.002 0.02318114879)
(0.01129032258 0.002 0.02586303391)
(0.01283870968 0.002 0.02586303391)
(0.01283870968 0.002 0.02049926366)
(0.04225806452 0.002 0.03122680415)
(0.05464516129 0.002 0.03659057439)
(0.05774193548 0.002 0.03122680415)
(0.06083870968 0.002 0.03659057439)
(0.07632258065 0.002 0.03659057439)
(0.07787096774 0.002 0.03659057439)
(0.008193548387 0.002 0.03659057439)
(0.09181608111 0.002 0.04194434025)
(0.09180645161 0.002 0.02318114879)
(0.09180645161 0.002 0.01781737854)
(0.09180645161 0.002 0.02854491903)
(0.09103225806 0.002 0.02988586159)
(0.008193548387 0.002 0.02854491903)
(0.02135483871 0.002 0.008430780618)
(0.01980645161 0.002 0.008430780618)
(0.01903225806 0.002 0.009771723179)
(0.01825806452 0.002 0.008430780618)
(0.07090322581 0.002 0.0191583211)
(0.07167741935 0.002 0.02049926366)
(0.07012903226 0.002 0.02049926366)
(0.07090322581 0.002 0.02184020623)
(0.06935483871 0.002 0.02184020623)
(0.0724516129 0.002 0.02184020623)
(0.08870967742 0.002 0.02854491903)
(0.01980645161 0.002 0.04061340208)
(0.02290322581 0.002 0.02184020623)
(0.03141935484 0.002 0.009771723179)
(0.03219354839 0.002 0.008430780618)
(0.03296774194 0.002 0.009771723179)
(0.03374193548 0.002 0.008430780618)
(0.03451612903 0.002 0.009771723179)
(0.03529032258 0.002 0.008430780618)
(0.02290322581 0.002 0.03256774671)
(0.026 0.002 0.01647643598)
(0.03606451613 0.002 0.009771723179)
(0.03683870968 0.002 0.008430780618)
(0.03761290323 0.002 0.009771723179)
(0.03838709677 0.002 0.008430780618)
(0.08174193548 0.002 0.01379455086)
(0.03916129032 0.002 0.009771723179)
(0.03993548387 0.002 0.008430780618)
(0.04070967742 0.002 0.009771723179)
(0.04148387097 0.002 0.008430780618)
(0.04225806452 0.002 0.009771723179)
(0.04303225806 0.002 0.008430780618)
(0.08870967742 0.002 0.01781737854)
(0.04380645161 0.002 0.009771723179)
(0.04458064516 0.002 0.008430780618)
(0.07477419355 0.002 0.04195434464)
(0.0755483871 0.002 0.0432952872)
(0.074 0.002 0.0432952872)
(0.01051612903 0.002 0.0432952872)
(0.04535483871 0.002 0.009771723179)
(0.04612903226 0.002 0.008430780618)
(0.04690322581 0.002 0.009771723179)
(0.04767741935 0.002 0.008430780618)
(0.008967741935 0.002 0.03524963183)
(0.0484516129 0.002 0.009771723179)
(0.04922580645 0.002 0.008430780618)
(0.08251612903 0.002 0.02318114879)
(0.0724516129 0.002 0.01379455086)
(0.05 0.002 0.009771723179)
(0.05077419355 0.002 0.008430780618)
(0.0515483871 0.002 0.009771723179)
(0.05232258065 0.002 0.008430780618)
(0.07322580645 0.002 0.009771723179)
(0.0724516129 0.002 0.008430780618)
(0.07167741935 0.002 0.009771723179)
(0.07090322581 0.002 0.008430780618)
(0.07012903226 0.002 0.009771723179)
(0.06935483871 0.002 0.008430780618)
(0.06858064516 0.002 0.009771723179)
(0.06780645161 0.002 0.008430780618)
(0.06703225806 0.002 0.009771723179)
(0.06625806452 0.002 0.008430780618)
(0.06548387097 0.002 0.009771723179)
(0.06470967742 0.002 0.008430780618)
(0.06393548387 0.002 0.009771723179)
(0.06316129032 0.002 0.008430780618)
(0.06238709677 0.002 0.009771723179)
(0.06161290323 0.002 0.008430780618)
(0.06083870968 0.002 0.009771723179)
(0.06006451613 0.002 0.008430780618)
(0.05929032258 0.002 0.009771723179)
(0.05851612903 0.002 0.008430780618)
(0.05774193548 0.002 0.009771723179)
(0.05696774194 0.002 0.008430780618)
(0.05309677419 0.002 0.009771723179)
(0.02058064516 0.002 0.04463622976)
(0.009741935484 0.002 0.04463622976)
(0.01129032258 0.002 0.04463622976)
(0.01903225806 0.002 0.04463622976)
(0.008193548387 0.002 0.04463622976)
(0.09258064516 0.002 0.01111266574)
(0.009741935484 0.002 0.007089838058)
(0.03606451613 0.002 0.007089838058)
(0.05 0.002 0.007089838058)
(0.04070967742 0.002 0.007089838058)
(0.04537354409 0.002 0.007123497489)
(0.06703225806 0.002 0.007089838058)
(0.07167741935 0.002 0.007089838058)
(0.07941935484 0.002 0.007089838058)
(0.09025806452 0.002 0.007089838058)
(0.09258064516 0.002 0.02988586159)
(0.09180645161 0.002 0.03122680415)
(0.008193548387 0.002 0.007089838058)
(0.007419354839 0.002 0.008430780618)
(0.08096774194 0.002 0.007089838058)
(0.09180645161 0.002 0.007089838058)
(0.007444515833 0.002 0.03794604366)
(0.007419354839 0.002 0.03524963183)
(0.008193548387 0.002 0.03390868927)
(0.09258064516 0.002 0.02452209135)
(0.09258064516 0.002 0.01647643598)
(0.007419228292 0.002 0.02720404953)
(0.008193527296 0.002 0.02586304608)
(0.09334659317 0.002 0.03122404589)
(0.09257753686 0.002 0.03256828815)
(0.09103174001 0.002 0.03256783695)
(0.09180584722 0.002 0.03390879455)
(0.02832258065 0.002 0.02318114879)
(0.02522580645 0.002 0.01781737854)
(0.0244516129 0.002 0.01647643598)
(0.02677419355 0.002 0.02318114879)
(0.01748387097 0.002 0.009771723179)
(0.01670967742 0.002 0.008430780618)
(0.01825806452 0.002 0.01111266574)
(0.08406451613 0.002 0.009771723179)
(0.08948387097 0.002 0.0191583211)
(0.07012903226 0.002 0.02318114879)
(0.06858064516 0.002 0.02318114879)
(0.06780645161 0.002 0.02184020623)
(0.06703225806 0.002 0.02318114879)
(0.06625806452 0.002 0.02184020623)
(0.06548387097 0.002 0.02318114879)
(0.06470967742 0.002 0.02184020623)
(0.06393548387 0.002 0.02318114879)
(0.06316129032 0.002 0.02184020623)
(0.06238709677 0.002 0.02318114879)
(0.06161290323 0.002 0.02184020623)
(0.06083870968 0.002 0.02318114879)
(0.06006451613 0.002 0.02184020623)
(0.05929032258 0.002 0.02318114879)
(0.05851612903 0.002 0.02184020623)
(0.05774193548 0.002 0.02318114879)
(0.05696774194 0.002 0.02184020623)
(0.05619354839 0.002 0.02318114879)
(0.05541935484 0.002 0.02184020623)
(0.05464516129 0.002 0.02318114879)
(0.05387096774 0.002 0.02184020623)
(0.05309677419 0.002 0.02318114879)
(0.05232258065 0.002 0.02184020623)
(0.0515483871 0.002 0.02318114879)
(0.05077419355 0.002 0.02184020623)
(0.05 0.002 0.02318114879)
(0.04922580645 0.002 0.02184020623)
(0.0484516129 0.002 0.02318114879)
(0.04767741935 0.002 0.02184020623)
(0.04690322581 0.002 0.02318114879)
(0.04612903226 0.002 0.02184020623)
(0.04535483871 0.002 0.02318114879)
(0.04458064516 0.002 0.02184020623)
(0.04380645161 0.002 0.02318114879)
(0.04303225806 0.002 0.02184020623)
(0.04225806452 0.002 0.02318114879)
(0.04148387097 0.002 0.02184020623)
(0.04070967742 0.002 0.02318114879)
(0.03993548387 0.002 0.02184020623)
(0.03916129032 0.002 0.02318114879)
(0.03838709677 0.002 0.02184020623)
(0.03761290323 0.002 0.02318114879)
(0.03683870968 0.002 0.02184020623)
(0.03606451613 0.002 0.02318114879)
(0.03529032258 0.002 0.02184020623)
(0.03451612903 0.002 0.02318114879)
(0.01670967742 0.002 0.02452209135)
(0.01748387097 0.002 0.02586303391)
(0.01593548387 0.002 0.03122680415)
(0.01593548387 0.002 0.04195434464)
(0.01516129032 0.002 0.0432952872)
(0.01438709677 0.002 0.0124536083)
(0.03141935484 0.002 0.02049926366)
(0.01670967742 0.002 0.03793151695)
(0.01593548387 0.002 0.02318114879)
(0.01206451613 0.002 0.02452209135)
(0.07941935484 0.002 0.04463622976)
(0.08096774194 0.002 0.04463622976)
(0.08174193548 0.002 0.0432952872)
(0.08251612903 0.002 0.04463622976)
(0.08329032258 0.002 0.0432952872)
(0.08406451613 0.002 0.04463622976)
(0.01051612903 0.002 0.03524963183)
(0.07787096774 0.002 0.01513549342)
(0.07477419355 0.002 0.04463622976)
(0.07322580645 0.002 0.04463622976)
(0.0755483871 0.002 0.01111266574)
(0.07709677419 0.002 0.03524963183)
(0.07864516129 0.002 0.03524963183)
(0.07941935484 0.002 0.03659057439)
(0.01748387097 0.002 0.007089838058)
(0.01593548387 0.002 0.007089838058)
(0.02058064516 0.002 0.007089838058)
(0.02987096774 0.002 0.007089838058)
(0.02832258065 0.002 0.007089838058)
(0.03296774194 0.002 0.007089838058)
(0.05774193548 0.002 0.007089838058)
(0.05619354839 0.002 0.007089838058)
(0.0608200043 0.002 0.007123465294)
(0.06393548387 0.002 0.007089838058)
(0.07632258065 0.002 0.007089838058)
(0.09335034795 0.002 0.02854765789)
(0.09335483871 0.002 0.0124536083)
(0.00664516129 0.002 0.007089838058)
(0.09335248588 0.002 0.03390979821)
(0.09258015229 0.002 0.0352498342)
(0.006645010138 0.002 0.02586312118)
(0.007419326131 0.002 0.02452210792)
(0.09335483871 0.002 0.04463622976)
(0.00664516129 0.002 0.03390868927)
(0.007419354839 0.002 0.03256774671)
(0.09335483871 0.002 0.02318114879)
(0.09258064516 0.002 0.02184020623)
(0.006649630959 0.002 0.02854767007)
(0.09335483871 0.002 0.01781737854)
(0.0059102319 0.002 0.03259041588)
(0.02367741935 0.002 0.01781737854)
(0.03761290323 0.002 0.02049926366)
(0.02367741935 0.002 0.02049926366)
(0.04225806452 0.002 0.02049926366)
(0.0275483871 0.002 0.02452209135)
(0.02909677419 0.002 0.02452209135)
(0.04535483871 0.002 0.02049926366)
(0.05 0.002 0.02049926366)
(0.05309677419 0.002 0.02049926366)
(0.02290322581 0.002 0.01647643598)
(0.05774193548 0.002 0.02049926366)
(0.06083870968 0.002 0.02049926366)
(0.06393548387 0.002 0.02049926366)
(0.08716129032 0.002 0.009771723179)
(0.06625806452 0.002 0.01111266574)
(0.07632258065 0.002 0.04463622976)
(0.09025796907 0.002 0.0339087059)
(0.007419354839 0.002 0.04061340208)
(0.00664516129 0.002 0.04195434464)
(0.08174193548 0.002 0.03256774671)
(0.01516129032 0.002 0.008430780618)
(0.01438709677 0.002 0.007089838058)
(0.06935483871 0.002 0.02452209135)
(0.026 0.002 0.02720397647)
(0.08329032258 0.002 0.008430780618)
(0.08483870968 0.002 0.008430780618)
(0.08406451613 0.002 0.007089838058)
(0.08561290323 0.002 0.007089838058)
(0.01593548387 0.002 0.02586303391)
(0.01670967742 0.002 0.02720397647)
(0.03529032258 0.002 0.01111266574)
(0.09258064516 0.002 0.008430780618)
(0.09335483871 0.002 0.007089838058)
(0.009741935484 0.002 0.01513549342)
(0.008967741935 0.002 0.01379455086)
(0.008193548387 0.002 0.01513549342)
(0.007419354839 0.002 0.01379455086)
(0.00664516129 0.002 0.01513549342)
(0.007419354839 0.002 0.01647643598)
(0.02212903226 0.002 0.007089838058)
(0.01670967742 0.002 0.04061340208)
(0.01825806452 0.002 0.02720397647)
(0.07709677419 0.002 0.01379455086)
(0.01670967742 0.002 0.02184020623)
(0.08561290323 0.002 0.01781737854)
(0.02290322581 0.002 0.03524963183)
(0.07090322581 0.002 0.02452209135)
(0.02522580645 0.002 0.01513549342)
(0.01748387097 0.002 0.02854491903)
(0.01516129032 0.002 0.0191583211)
(0.01980645161 0.002 0.03793151695)
(0.01051612903 0.002 0.02452209135)
(0.08793548387 0.002 0.0191583211)
(0.08019354839 0.002 0.01647643598)
(0.03993548387 0.002 0.01111266574)
(0.06625806452 0.002 0.02452209135)
(0.04458064516 0.002 0.01111266574)
(0.08251612903 0.002 0.04195434464)
(0.06161290323 0.002 0.02452209135)
(0.08561290323 0.002 0.02854491903)
(0.04922580645 0.002 0.01111266574)
(0.0755483871 0.002 0.03524963183)
(0.008967741935 0.002 0.02988586159)
(0.08251612903 0.002 0.02586303391)
(0.07864516129 0.002 0.01379455086)
(0.08948376872 0.002 0.03256776452)
(0.0724516129 0.002 0.0432952872)
(0.07167741935 0.002 0.04463622976)
(0.05851612903 0.002 0.02452209135)
(0.08174193548 0.002 0.04597717232)
(0.08870967742 0.002 0.02049926366)
(0.08948406558 0.002 0.04597705996)
(0.05541935484 0.002 0.02452209135)
(0.05077419355 0.002 0.02452209135)
(0.07090322581 0.002 0.0432952872)
(0.07012903226 0.002 0.04463622976)
(0.07090322581 0.002 0.04597717232)
(0.05851612903 0.002 0.01111266574)
(0.05696774194 0.002 0.01111266574)
(0.05232258065 0.002 0.01111266574)
(0.08483870968 0.002 0.0432952872)
(0.06161290323 0.002 0.01111266574)
(0.06935483871 0.002 0.0432952872)
(0.06858064516 0.002 0.04463622976)
(0.0755483871 0.002 0.04597717232)
(0.07709677419 0.002 0.04597717232)
(0.06935483871 0.002 0.01111266574)
(0.0755483871 0.002 0.01379455086)
(0.06780645161 0.002 0.0432952872)
(0.06703225806 0.002 0.04463622976)
(0.06780645161 0.002 0.04597717232)
(0.07787096774 0.002 0.03390868927)
(0.04767741935 0.002 0.02452209135)
(0.05387096774 0.002 0.01111266574)
(0.04303225806 0.002 0.02452209135)
(0.06625806452 0.002 0.04597717232)
(0.06548387097 0.002 0.04463622976)
(0.06470967742 0.002 0.04597717232)
(0.06393548387 0.002 0.04463622976)
(0.08019354839 0.002 0.03524963183)
(0.03838709677 0.002 0.02452209135)
(0.06316129032 0.002 0.04597717232)
(0.06238709677 0.002 0.04463622976)
(0.06161290323 0.002 0.04597717232)
(0.06083870968 0.002 0.04463622976)
(0.06316129032 0.002 0.0432952872)
(0.08096774194 0.002 0.03659057439)
(0.03529032258 0.002 0.02452209135)
(0.06006451613 0.002 0.04597717232)
(0.05929032258 0.002 0.04463622976)
(0.05851612903 0.002 0.04597717232)
(0.05774193548 0.002 0.04463622976)
(0.06006451613 0.002 0.0432952872)
(0.03374193548 0.002 0.02452209135)
(0.08561290323 0.002 0.04463622976)
(0.08483870968 0.002 0.04597717232)
(0.08638709677 0.002 0.04597717232)
(0.05696774194 0.002 0.04597717232)
(0.05619354839 0.002 0.04463622976)
(0.05541935484 0.002 0.04597717232)
(0.05464516129 0.002 0.04463622976)
(0.05696774194 0.002 0.0432952872)
(0.05387096774 0.002 0.04597717232)
(0.05309677419 0.002 0.04463622976)
(0.05232258065 0.002 0.04597717232)
(0.0515483871 0.002 0.04463622976)
(0.05077419355 0.002 0.04597717232)
(0.05 0.002 0.04463622976)
(0.05232258065 0.002 0.0432952872)
(0.04922580645 0.002 0.04597717232)
(0.0484516129 0.002 0.04463622976)
(0.04767741935 0.002 0.04597717232)
(0.04690322581 0.002 0.04463622976)
(0.04612903226 0.002 0.04597717232)
(0.04535483871 0.002 0.04463622976)
(0.04767741935 0.002 0.0432952872)
(0.04458064516 0.002 0.04597717232)
(0.04380645161 0.002 0.04463622976)
(0.04303225806 0.002 0.04597717232)
(0.04225806452 0.002 0.04463622976)
(0.04148387097 0.002 0.04597717232)
(0.04070967742 0.002 0.04463622976)
(0.04303225806 0.002 0.0432952872)
(0.03993548387 0.002 0.04597717232)
(0.03916129032 0.002 0.04463622976)
(0.03838709677 0.002 0.04597717232)
(0.03761290323 0.002 0.04463622976)
(0.03838709677 0.002 0.0432952872)
(0.03683870968 0.002 0.0432952872)
(0.03606451613 0.002 0.04463622976)
(0.03529032258 0.002 0.0432952872)
(0.03451612903 0.002 0.04463622976)
(0.03374193548 0.002 0.0432952872)
(0.03296774194 0.002 0.04463622976)
(0.03219354839 0.002 0.0432952872)
(0.03141935484 0.002 0.04463622976)
(0.03064516129 0.002 0.0432952872)
(0.02987096774 0.002 0.04463622976)
(0.02909677419 0.002 0.0432952872)
(0.02832258065 0.002 0.04463622976)
(0.0275483871 0.002 0.0432952872)
(0.02677419355 0.002 0.04463622976)
(0.026 0.002 0.0432952872)
(0.02522580645 0.002 0.04463622976)
(0.03374193548 0.002 0.04597717232)
(0.03064516129 0.002 0.04597717232)
(0.0275483871 0.002 0.04597717232)
(0.01980645161 0.002 0.04597717232)
(0.008967741935 0.002 0.04597717232)
(0.02135483871 0.002 0.04597717232)
(0.01825806452 0.002 0.04597717232)
(0.007419354839 0.002 0.04597717232)
(0.00664516129 0.002 0.04463622976)
(0.09412903226 0.002 0.02184020623)
(0.005904581172 0.002 0.008411373895)
(0.006650763529 0.002 0.009768488725)
(0.09412903226 0.002 0.008430780618)
(0.005870967742 0.002 0.01647643598)
(0.00664516129 0.002 0.01781737854)
(0.09412903226 0.002 0.01111266574)
(0.005870967742 0.002 0.01379455086)
(0.005870967742 0.002 0.04597717232)
(0.02909677419 0.002 0.005771755373)
(0.008986447313 0.002 0.005759695052)
(0.08019354839 0.002 0.005771755373)
(0.09103225806 0.002 0.005771755373)
(0.01670967742 0.002 0.005748895497)
(0.05696774194 0.002 0.005748895497)
(0.005870937765 0.002 0.02452210865)
(0.00664516129 0.002 0.02318114879)
(0.008193543603 0.002 0.02318115155)
(0.007419354041 0.002 0.02184020669)
(0.005906501419 0.002 0.02186072176)
(0.09412855798 0.002 0.03524985038)
(0.09335467752 0.002 0.03659064455)
(0.0918063426 0.002 0.03659061981)
(0.09258060013 0.002 0.03793153622)
(0.09409240902 0.002 0.03791040726)
(0.09334872733 0.002 0.03926894444)
(0.005781574048 0.002 0.0353650885)
(0.0105192466 0.002 0.005773555299)
(0.02756709247 0.002 0.005763505031)
(0.07866386667 0.002 0.005763505031)
(0.08950257635 0.002 0.005763505031)
(0.004877508611 0.002 0.009758810079)
(0.09412903226 0.002 0.02452209135)
(0.09412903226 0.002 0.01647643598)
(0.05541935484 0.002 0.005748895497)
(0.01825806452 0.002 0.005748895497)
(0.03064516129 0.002 0.005761780112)
(0.05851612903 0.002 0.005748895497)
(0.08174193548 0.002 0.005761780112)
(0.03296774194 0.002 0.02318114879)
(0.03219354839 0.002 0.02452209135)
(0.01516129032 0.002 0.01111266574)
(0.01593548387 0.002 0.0124536083)
(0.02212903226 0.002 0.01781737854)
(0.026 0.002 0.02452209135)
(0.08561290323 0.002 0.04731811488)
(0.06703225806 0.002 0.02049926366)
(0.09335496526 0.002 0.02586310697)
(0.09258064516 0.002 0.0191583211)
(0.09412903226 0.002 0.0191583211)
(0.06935483871 0.002 0.0191583211)
(0.01361290323 0.002 0.02452209135)
(0.02677731111 0.002 0.00709227298)
(0.02602234253 0.002 0.005785363476)
(0.07941935484 0.002 0.03927245951)
(0.08096774194 0.002 0.03927245951)
(0.01670967742 0.002 0.0432952872)
(0.01593548387 0.002 0.04463622976)
(0.01438709677 0.002 0.04463622976)
(0.00664516129 0.002 0.0124536083)
(0.01516129032 0.002 0.01379455086)
(0.03219354839 0.002 0.01111266574)
(0.01283870968 0.002 0.02318114879)
(0.01051612903 0.002 0.02184020623)
(0.09025806452 0.002 0.02049926366)
(0.01516129032 0.002 0.02184020623)
(0.006651083437 0.002 0.020502683)
(0.004877620508 0.002 0.02052912351)
(0.01283870968 0.002 0.04195434464)
(0.09335483871 0.002 0.01513549342)
(0.01283870968 0.002 0.03390868927)
(0.006651705317 0.002 0.03123058235)
(0.004880071736 0.002 0.03130289985)
(0.008967741935 0.002 0.03256774671)
(0.08870967742 0.002 0.03390868927)
(0.07787096774 0.002 0.0124536083)
(0.0724516129 0.002 0.01111266574)
(0.05464516129 0.002 0.009771723179)
(0.05464516129 0.002 0.007089838058)
(0.05387096774 0.002 0.005748895497)
(0.05464516129 0.002 0.04731811488)
(0.05 0.002 0.04731811488)
(0.026 0.002 0.02184020623)
(0.03451612903 0.002 0.02586303391)
(0.04535483871 0.002 0.04731811488)
(0.04070967742 0.002 0.04731811488)
(0.02058064516 0.002 0.04731811488)
(0.01516129032 0.002 0.04597717232)
(0.01361290323 0.002 0.04597717232)
(0.00589876004 0.002 0.04062944797)
(0.005117578749 0.002 0.04196653775)
(0.009782983395 0.002 0.004505173557)
(0.02135483871 0.002 0.005748895497)
(0.02290322581 0.002 0.005748895497)
(0.02836310896 0.002 0.004505508566)
(0.07945988316 0.002 0.004505508566)
(0.08483870968 0.002 0.005748895497)
(0.08638709677 0.002 0.005748895497)
(0.09029859283 0.002 0.004505508566)
(0.0951203839 0.002 0.03922528295)
(0.09412903226 0.002 0.04061340208)
(0.09490322581 0.002 0.0124536083)
(0.09490322581 0.002 0.007089838058)
(0.09414773764 0.002 0.005759695052)
(0.005096774194 0.002 0.007089838058)
(0.005870967742 0.002 0.005771755373)
(0.005096774194 0.002 0.01781737854)
(0.005096774194 0.002 0.0124536083)
(0.0949204457 0.002 0.03387929319)
(0.09567240081 0.002 0.03525444138)
(0.09568161223 0.002 0.03238305878)
(0.09490322581 0.002 0.01513549342)
(0.09492740915 0.002 0.02588843435)
(0.09567741935 0.002 0.02452209135)
(0.09567012448 0.002 0.02731743267)
(0.005072581757 0.002 0.0258884396)
(0.004322580645 0.002 0.02452209135)
(0.004329874433 0.002 0.0273174333)
(0.005057803976 0.002 0.0446303467)
(0.004306976002 0.002 0.04603180589)
(0.005082492221 0.002 0.04737071398)
(0.004322580645 0.002 0.005748895497)
(0.005091516781 0.002 0.004429253881)
(0.09567741935 0.002 0.005748895497)
(0.09492535598 0.002 0.00442825141)
(0.09567563596 0.002 0.01651787054)
(0.004326392377 0.002 0.01376276698)
(0.09569027649 0.002 0.01373287555)
(0.004328323298 0.002 0.01653422254)
(0.004330678959 0.002 0.04324543245)
(0.09412650233 0.002 0.0272302537)
(0.005873467269 0.002 0.02723027125)
(0.03141935484 0.002 0.02318114879)
(0.03219354839 0.002 0.02184020623)
(0.03296774194 0.002 0.02049926366)
(0.03219354839 0.002 0.0191583211)
(0.01438709677 0.002 0.009771723179)
(0.02290322581 0.002 0.0191583211)
(0.02832258065 0.002 0.02586303391)
(0.02987096774 0.002 0.02586303391)
(0.0244516129 0.002 0.0191583211)
(0.08406451613 0.002 0.04731811488)
(0.01361290323 0.002 0.008430780618)
(0.01283870968 0.002 0.007089838058)
(0.01361290323 0.002 0.005748895497)
(0.01206465138 0.002 0.005761858201)
(0.01593548387 0.002 0.009771723179)
(0.0948715832 0.002 0.03658739536)
(0.08716129032 0.002 0.007089838058)
(0.08795730681 0.002 0.005784957656)
(0.09489130444 0.002 0.04732499768)
(0.09657364834 0.002 0.04747802492)
(0.09567741935 0.002 0.04597717232)
(0.09412671421 0.002 0.04597851064)
(0.09494973966 0.002 0.04461804538)
(0.09572825478 0.002 0.04315036981)
(0.09417656178 0.002 0.04325329982)
(0.09493728781 0.002 0.04186823075)
(0.09261837958 0.002 0.04327152028)
(0.08716129032 0.002 0.04731811488)
(0.09490322581 0.002 0.02318114879)
(0.02135483871 0.002 0.01647643598)
(0.02212903226 0.002 0.01513549342)
(0.02058064516 0.002 0.01513549342)
(0.02135483871 0.002 0.01379455086)
(0.01980645161 0.002 0.01379455086)
(0.01903225806 0.002 0.01513549342)
(0.01825806452 0.002 0.01379455086)
(0.06625806452 0.002 0.0432952872)
(0.06470967742 0.002 0.0432952872)
(0.08638709677 0.002 0.008430780618)
(0.08561290323 0.002 0.009771723179)
(0.08638709677 0.002 0.01111266574)
(0.074 0.002 0.04597717232)
(0.0902580376 0.002 0.03122680884)
(0.08870965589 0.002 0.0312268079)
(0.07477419355 0.002 0.007089838058)
(0.0755483871 0.002 0.005748895497)
(0.074 0.002 0.005748895497)
(0.08406451613 0.002 0.04195434464)
(0.08329032258 0.002 0.04061340208)
(0.08561290323 0.002 0.04195434464)
(0.03374193548 0.002 0.02184020623)
(0.08948387097 0.002 0.02184020623)
(0.09103224256 0.002 0.03793152186)
(0.05929032258 0.002 0.02049926366)
(0.05851612903 0.002 0.0191583211)
(0.05696774194 0.002 0.0191583211)
(0.06006451613 0.002 0.0191583211)
(0.06161290323 0.002 0.0191583211)
(0.06935483871 0.002 0.04597717232)
(0.03993548387 0.002 0.0432952872)
(0.08483870968 0.002 0.04865905744)
(0.09413117511 0.002 0.01378427164)
(0.06548387097 0.002 0.01781737854)
(0.06625806452 0.002 0.0191583211)
(0.06470967742 0.002 0.0191583211)
(0.06161290323 0.002 0.0432952872)
(0.06548387097 0.002 0.02049926366)
(0.0515483871 0.002 0.02049926366)
(0.05077419355 0.002 0.0191583211)
(0.04922580645 0.002 0.0191583211)
(0.05 0.002 0.01781737854)
(0.05232258065 0.002 0.0191583211)
(0.05387096774 0.002 0.0191583211)
(0.05309677419 0.002 0.01781737854)
(0.07322580645 0.002 0.02049926366)
(0.074 0.002 0.02184020623)
(0.07322580645 0.002 0.02318114879)
(0.07477419355 0.002 0.02318114879)
(0.0755483871 0.002 0.02184020623)
(0.07632258065 0.002 0.02318114879)
(0.0755483871 0.002 0.02452209135)
(0.07709677419 0.002 0.02452209135)
(0.07787096774 0.002 0.02318114879)
(0.07864516129 0.002 0.02452209135)
(0.07941935484 0.002 0.02318114879)
(0.08019354839 0.002 0.02452209135)
(0.07941935484 0.002 0.02586303391)
(0.074 0.002 0.02452209135)
(0.06858064516 0.002 0.02049926366)
(0.08096774194 0.002 0.02318114879)
(0.06858064516 0.002 0.007089838058)
(0.06778774624 0.002 0.005759695052)
(0.06623624158 0.002 0.005808411109)
(0.06933301577 0.002 0.005784322659)
(0.06696938721 0.002 0.004522978792)
(0.05541935484 0.002 0.008430780618)
(0.09180645161 0.002 0.01513549342)
(0.06316129032 0.002 0.01111266574)
(0.06238709677 0.002 0.0124536083)
(0.08716129032 0.002 0.02318114879)
(0.09408828643 0.002 0.02988228244)
(0.005869289851 0.002 0.04328802975)
(0.00349112414 0.002 0.04176037682)
(0.074 0.002 0.01111266574)
(0.08561290323 0.002 0.03122680415)
(0.08483870968 0.002 0.02988586159)
(0.08638709678 0.002 0.02988586159)
(0.06316129032 0.002 0.04061340208)
(0.04458064516 0.002 0.0432952872)
(0.05 0.002 0.03659057439)
(0.05077419355 0.002 0.03524963183)
(0.04922580645 0.002 0.03524963183)
(0.05232258065 0.002 0.03524963183)
(0.0515483871 0.002 0.03390868927)
(0.05309677419 0.002 0.03390868927)
(0.05232258065 0.002 0.03256774671)
(0.05 0.002 0.03390868927)
(0.0484516129 0.002 0.03390868927)
(0.04767741935 0.002 0.03524963183)
(0.04690322581 0.002 0.03390868927)
(0.04767741935 0.002 0.03256774671)
(0.04612903226 0.002 0.03524963183)
(0.04535483871 0.002 0.03390868927)
(0.04458064516 0.002 0.03524963183)
(0.04380645161 0.002 0.03390868927)
(0.04303225806 0.002 0.03524963183)
(0.04225806452 0.002 0.03390868927)
(0.04148387097 0.002 0.03524963183)
(0.04070967742 0.002 0.03390868927)
(0.03993548387 0.002 0.03524963183)
(0.03916129032 0.002 0.03390868927)
(0.03838709677 0.002 0.03524963183)
(0.03761290323 0.002 0.03390868927)
(0.03683870968 0.002 0.03524963183)
(0.03606451613 0.002 0.03390868927)
(0.03529032258 0.002 0.03524963183)
(0.03451612903 0.002 0.03390868927)
(0.03374193548 0.002 0.03524963183)
(0.03296774194 0.002 0.03390868927)
(0.03219354839 0.002 0.03524963183)
(0.03141935484 0.002 0.03390868927)
(0.03064516129 0.002 0.03524963183)
(0.02987096774 0.002 0.03390868927)
(0.02909677419 0.002 0.03524963183)
(0.02832258065 0.002 0.03390868927)
(0.0275483871 0.002 0.03524963183)
(0.02677419355 0.002 0.03390868927)
(0.026 0.002 0.03524963183)
(0.02522580645 0.002 0.03390868927)
(0.04070967742 0.002 0.03659057439)
(0.07477419355 0.002 0.04731811488)
(0.0515483871 0.002 0.007089838058)
(0.05075548817 0.002 0.005759695052)
(0.04922268889 0.002 0.005773555299)
(0.04995895209 0.002 0.004505173557)
(0.03916129032 0.002 0.02049926366)
(0.03838709677 0.002 0.0191583211)
(0.03683870968 0.002 0.0191583211)
(0.03993548387 0.002 0.0191583211)
(0.04070967742 0.002 0.01781737854)
(0.03761290323 0.002 0.01781737854)
(0.03451612903 0.002 0.02049926366)
(0.06780645161 0.002 0.01111266574)
(0.06703225806 0.002 0.0124536083)
(0.06548387097 0.002 0.0124536083)
(0.07090322581 0.002 0.01111266574)
(0.07322580645 0.002 0.007089838058)
(0.0724516129 0.002 0.005748895497)
(0.04922580645 0.002 0.0432952872)
(0.04225806452 0.002 0.007089838058)
(0.04148387097 0.002 0.005771755373)
(0.03995418925 0.002 0.005763505031)
(0.04305096344 0.002 0.005833281039)
(0.04075020574 0.002 0.004505508566)
(0.01903225806 0.002 0.04195434464)
(0.06935483871 0.002 0.02720397647)
(0.06858064516 0.002 0.03659057439)
(0.06780645161 0.002 0.03524963183)
(0.06625806452 0.002 0.03524963183)
(0.06703225806 0.002 0.03390868927)
(0.06548387097 0.002 0.03390868927)
(0.06858064516 0.002 0.03390868927)
(0.06935483871 0.002 0.03524963183)
(0.07090322581 0.002 0.03524963183)
(0.07012903226 0.002 0.03390868927)
(0.07167741935 0.002 0.03390868927)
(0.009741935484 0.002 0.03390868927)
(0.09103225806 0.002 0.0191583211)
(0.07787096774 0.002 0.04463622976)
(0.0755483871 0.002 0.02720397647)
(0.07477419355 0.002 0.01513549342)
(0.06780645161 0.002 0.0191583211)
(0.04535483871 0.002 0.03659057439)
(0.06316129032 0.002 0.0191583211)
(0.08793548387 0.002 0.02720397647)
(0.08871643214 0.002 0.00709828334)
(0.08096774194 0.002 0.02049926366)
(0.07941935484 0.002 0.03390868927)
(0.01593548387 0.002 0.02854491903)
(0.04380645161 0.002 0.02049926366)
(0.04303225806 0.002 0.0191583211)
(0.0484516129 0.002 0.02049926366)
(0.04767741935 0.002 0.0191583211)
(0.08019354839 0.002 0.04597717232)
(0.08096774194 0.002 0.04731811488)
(0.07864516129 0.002 0.04597717232)
(0.07787096774 0.002 0.04731811488)
(0.02522580645 0.002 0.02318114879)
(0.0244516129 0.002 0.02452209135)
(0.08174193548 0.002 0.04061340208)
(0.08251612903 0.002 0.03927245951)
(0.08406451618 0.002 0.03659057436)
(0.04148387097 0.002 0.04061340208)
(0.05232258065 0.002 0.04061340208)
(0.06083870968 0.002 0.01781737854)
(0.006679147833 0.002 0.03929208165)
(0.004921849465 0.002 0.03922648116)
(0.07632258065 0.002 0.03390868927)
(0.07477419355 0.002 0.03390868927)
(0.02135483871 0.002 0.0191583211)
(0.08483871036 0.002 0.03793151656)
(0.08948385542 0.002 0.0352496344)
(0.04303225806 0.002 0.04061340208)
(0.03219354839 0.002 0.04061340208)
(0.06780645161 0.002 0.02452209135)
(0.03529032258 0.002 0.04597717232)
(0.0244516129 0.002 0.03524963183)
(0.01438709677 0.002 0.02586303391)
(0.04845109331 0.002 0.007093948025)
(0.04769551854 0.002 0.005810145377)
(0.0484516129 0.002 0.03659057439)
(0.06625806452 0.002 0.04061340208)
(0.02909677419 0.002 0.04597717232)
(0.04458064516 0.002 0.0191583211)
(0.04612903226 0.002 0.0191583211)
(0.06780645161 0.002 0.04865905744)
(0.02522580645 0.002 0.007089838058)
(0.02445351278 0.002 0.005775290069)
(0.0918064727 0.002 0.02586304608)
(0.09257949965 0.002 0.02720882669)
(0.08329032258 0.002 0.04597717232)
(0.08251612903 0.002 0.04731811488)
(0.04612903226 0.002 0.02452209135)
(0.0244516129 0.002 0.04061340208)
(0.026 0.002 0.04061340208)
(0.07554952323 0.002 0.003312756918)
(0.08638709677 0.002 0.01647643598)
(0.02987096774 0.002 0.03659057439)
(0.06161290323 0.002 0.04865905744)
(0.04458064516 0.002 0.02720397647)
(0.05077419355 0.002 0.0432952872)
(0.03064516129 0.002 0.0191583211)
(0.03451612903 0.002 0.007089838058)
(0.03529032258 0.002 0.005771755373)
(0.0368200043 0.002 0.005763505031)
(0.03602398781 0.002 0.004505508566)
(0.03374193548 0.002 0.005761780112)
(0.03219354839 0.002 0.005761897953)
(0.06393548387 0.002 0.03122680415)
(0.008194535279 0.002 0.02049983363)
(0.06935483871 0.002 0.01379455086)
(0.01516129032 0.002 0.02720397647)
(0.05929032258 0.002 0.03122680415)
(0.05851612903 0.002 0.03256774671)
(0.05696774194 0.002 0.03256774671)
(0.05774193548 0.002 0.03390868927)
(0.05619354839 0.002 0.03390868927)
(0.05929032258 0.002 0.03390868927)
(0.06006451613 0.002 0.03256774671)
(0.06161290323 0.002 0.03256774671)
(0.06083870968 0.002 0.03390868927)
(0.06238709677 0.002 0.03390868927)
(0.06316129032 0.002 0.03256774671)
(0.01438709677 0.002 0.02318114879)
(0.02600051959 0.002 0.008431186439)
(0.06316129032 0.002 0.02452209135)
(0.06238709677 0.002 0.02586303391)
(0.06006451613 0.002 0.04061340208)
(0.07787096774 0.002 0.02049926366)
(0.008197140925 0.002 0.03927453367)
(0.08561290323 0.002 0.02049926366)
(0.03838709677 0.002 0.02720397647)
(0.05774193548 0.002 0.01781737854)
(0.08096774194 0.002 0.03122680415)
(0.04767741935 0.002 0.02720397647)
(0.03219354839 0.002 0.04597717232)
(0.08329032258 0.002 0.003340942561)
(0.00741907519 0.002 0.04329407762)
(0.03451612903 0.002 0.03122680415)
(0.05541935484 0.002 0.04061340208)
(0.05464516129 0.002 0.04195434464)
(0.03606451613 0.002 0.03659057439)
(0.02987096774 0.002 0.02318114879)
(0.01670967742 0.002 0.04597717232)
(0.07322580645 0.002 0.03122680415)
(0.08096774194 0.002 0.02586303391)
(0.02212903226 0.002 0.04463622976)
(0.02290322581 0.002 0.04597717232)
(0.0244516129 0.002 0.02720397647)
(0.04303225806 0.002 0.02720397647)
(0.074 0.002 0.0191583211)
(0.04303225806 0.002 0.01379455086)
(0.04225806452 0.002 0.0124536083)
(0.06316129032 0.002 0.003340942561)
(0.06238709677 0.002 0.004681885121)
(0.06082534869 0.002 0.004624354144)
(0.06393548387 0.002 0.004681885121)
(0.003340942561 0.002 0.03529032258)
(0.08948387097 0.002 0.04865905744)
(0.07090322581 0.002 0.04865905744)
(0.02522580645 0.002 0.02586303391)
(0.05696774194 0.002 0.02452209135)
(0.03374193548 0.002 0.0191583211)
(0.03296774194 0.002 0.01781737854)
(0.03683870968 0.002 0.02452209135)
(0.02909677419 0.002 0.04061340208)
(0.07477419355 0.002 0.03122680415)
(0.05696774194 0.002 0.04061340208)
(0.03374193548 0.002 0.01379455086)
(0.03993548387 0.002 0.02452209135)
(0.04148387097 0.002 0.02452209135)
(0.05541935484 0.002 0.02720397647)
(0.01670967742 0.002 0.02988586159)
(0.01670967742 0.002 0.01111266574)
(0.05541935484 0.002 0.01379455086)
(0.03374193548 0.002 0.04865905744)
(0.09666807049 0.002 0.01977678994)
(0.0965027581 0.002 0.03083025291)
(0.09663602775 0.002 0.03840274062)
(0.04070967742 0.002 0.03122680415)
(0.03838709677 0.002 0.01379455086)
(0.03761290323 0.002 0.0124536083)
(0.08096774194 0.002 0.04195434464)
(0.02367741935 0.002 0.01513549342)
(0.04148387097 0.002 0.0432952872)
(0.0538698316 0.002 0.003312756918)
(0.02367741935 0.002 0.03659057439)
(0.01825806452 0.002 0.0432952872)
(0.01670967742 0.002 0.03256774671)
(0.01825806452 0.002 0.03256774671)
(0.01903225806 0.002 0.03122680415)
(0.04922580645 0.002 0.01379455086)
(0.04767741935 0.002 0.01379455086)
(0.04690322581 0.002 0.0124536083)
(0.0275483871 0.002 0.04865905744)
(0.01051612903 0.002 0.02988586159)
(0.02212903226 0.002 0.02318114879)
(0.01670967742 0.002 0.04865905744)
(0.04460558566 0.002 0.003322743907)
(0.04613318901 0.002 0.003315049575)
(0.04539709901 0.002 0.004583225786)
(0.03141935484 0.002 0.03122680415)
(0.04381268674 0.002 0.007132372096)
(0.003340942561 0.002 0.03064516129)
(0.09180645161 0.002 0.02049926366)
(0.07090208967 0.002 0.003312756918)
(0.07245156361 0.002 0.003327835269)
(0.0275483871 0.002 0.02720397647)
(0.01980645161 0.002 0.005748895497)
(0.01903225806 0.002 0.007089838058)
(0.02290322581 0.002 0.003340942561)
(0.02445274904 0.002 0.003312756918)
(0.03064516129 0.002 0.02720397647)
(0.01903225806 0.002 0.02586303391)
(0.01516129032 0.002 0.02988586159)
(0.03064516129 0.002 0.01647643598)
(0.01825806452 0.002 0.04061340208)
(0.03916440789 0.002 0.00709227298)
(0.04692797868 0.002 0.007117140825)
(0.003340942561 0.002 0.01980645161)
(0.003340942561 0.002 0.02135483871)
(0.008967741935 0.002 0.01647643598)
(0.04458064516 0.002 0.01379455086)
(0.04535483871 0.002 0.01781737854)
(0.06238596064 0.002 0.007108518781)
(0.08251612903 0.002 0.01513549342)
(0.03683870968 0.002 0.04865905744)
(0.03064516129 0.002 0.04865905744)
(0.0244516129 0.002 0.04865905744)
(0.02522580645 0.002 0.04731811488)
(0.04380645161 0.002 0.03122680415)
(0.008967741935 0.002 0.04865905744)
(0.01748387097 0.002 0.03659057439)
(0.01593548387 0.002 0.01513549342)
(0.01438709677 0.002 0.01513549342)
(0.01206451613 0.002 0.03256774671)
(0.01903225806 0.002 0.02854491903)
(0.03606451613 0.002 0.0124536083)
(0.008194482093 0.002 0.009771184103)
(0.01980645161 0.002 0.01111266574)
(0.007441177779 0.002 0.005788164833)
(0.06703225806 0.002 0.03122680415)
(0.06625806452 0.002 0.02720397647)
(0.01361290323 0.002 0.01379455086)
(0.01051612903 0.002 0.01647643598)
(0.008193548387 0.002 0.01781737854)
(0.02987096774 0.002 0.01781737854)
(0.01516129032 0.002 0.005748895497)
(0.05851612903 0.002 0.04865905744)
(0.01670967742 0.002 0.003340942561)
(0.02290322581 0.002 0.008430780618)
(0.008193548387 0.002 0.0124536083)
(0.007420444163 0.002 0.01111203682)
(0.01051612903 0.002 0.04865905744)
(0.01129032258 0.002 0.04731811488)
(0.0755483871 0.002 0.0191583211)
(0.01748387097 0.002 0.03122680415)
(0.01980645161 0.002 0.003340942561)
(0.07864516129 0.002 0.02720397647)
(0.0724516129 0.002 0.02720397647)
(0.07167741935 0.002 0.02586303391)
(0.03529032258 0.002 0.04061340208)
(0.07477419355 0.002 0.02049926366)
(0.003380096434 0.002 0.03839941715)
(0.004652266802 0.002 0.03758658545)
(0.03219354839 0.002 0.003340942561)
(0.01670967742 0.002 0.0191583211)
(0.003340942561 0.002 0.008967741935)
(0.003340942561 0.002 0.01051612903)
(0.005870967742 0.002 0.01111266574)
(0.01361290323 0.002 0.04865905744)
(0.01361290323 0.002 0.003340942561)
(0.03296774194 0.002 0.0124536083)
(0.03141935484 0.002 0.0124536083)
(0.009741935484 0.002 0.0124536083)
(0.01748387097 0.002 0.02049926366)
(0.03064516129 0.002 0.01111266574)
(0.02522580645 0.002 0.0124536083)
(0.09654438545 0.002 0.04165870875)
(0.0275483871 0.002 0.01379455086)
(0.01129086472 0.002 0.007096108475)
(0.005153747672 0.002 0.03388155932)
(0.01593548387 0.002 0.03927245951)
(0.005074236988 0.002 0.01514228405)
(0.09666246202 0.002 0.0213450553)
(0.09518380118 0.002 0.02053737664)
(0.01825806452 0.002 0.02184020623)
(0.02754899329 0.002 0.008431254075)
(0.01516129032 0.002 0.02452209135)
(0.02367741935 0.002 0.03122680415)
(0.02212903226 0.002 0.03390868927)
(0.01283870968 0.002 0.009771723179)
(0.01748387097 0.002 0.04463622976)
(0.09667025225 0.002 0.01053524435)
(0.09666496944 0.002 0.008964750502)
(0.09518413101 0.002 0.009757944385)
(0.01361290323 0.002 0.0191583211)
(0.005096774194 0.002 0.02318114879)
(0.05696774194 0.002 0.003340942561)
(0.02522580645 0.002 0.03122680415)
(0.03529032258 0.002 0.01379455086)
(0.01361290323 0.002 0.0432952872)
(0.05232258065 0.002 0.01379455086)
(0.04767741935 0.002 0.04061340208)
(0.02832258065 0.002 0.03122680415)
(0.03141935484 0.002 0.007089838058)
(0.003387450359 0.002 0.03213776981)
(0.01361290323 0.002 0.02720397647)
(0.0724516129 0.002 0.04597717232)
(0.07012903226 0.002 0.01781737854)
(0.01206451613 0.002 0.04061340208)
(0.023677736 0.002 0.007094237153)
(0.02367741935 0.002 0.04195434464)
(0.008967905487 0.002 0.02184030176)
(0.05619354839 0.002 0.03659057439)
(0.05851612903 0.002 0.02720397647)
(0.01438709677 0.002 0.02049926366)
(0.02677419355 0.002 0.01513549342)
(0.02677419355 0.002 0.0124536083)
(0.01748387097 0.002 0.04195434464)
(0.02058064516 0.002 0.03927245951)
(0.03374193548 0.002 0.01111266574)
(0.02058064516 0.002 0.02854491903)
(0.03683870968 0.002 0.04597717232)
(0.08638823291 0.002 0.003312756918)
(0.01361290323 0.002 0.03524963183)
(0.01825806452 0.002 0.03793151695)
(0.01903225806 0.002 0.03927245951)
(0.01361290323 0.002 0.02184020623)
(0.05926849964 0.002 0.007106242152)
(0.009741931969 0.002 0.02586303594)
(0.065481273 0.002 0.007113251733)
(0.06548387097 0.002 0.03659057439)
(0.0244516129 0.002 0.01379455086)
(0.026 0.002 0.01379455086)
(0.05851612903 0.002 0.01379455086)
(0.05929032258 0.002 0.0124536083)
(0.08871026277 0.002 0.04463589181)
(0.02290322581 0.002 0.01379455086)
(0.02677419355 0.002 0.02049926366)
(0.02212903226 0.002 0.0124536083)
(0.08483870968 0.002 0.0191583211)
(0.08174193548 0.002 0.04865905744)
(0.04458064516 0.002 0.02452209135)
(0.08329032258 0.002 0.02452209135)
(0.04612903226 0.002 0.0432952872)
(0.08096774194 0.002 0.01513549342)
(0.008967906417 0.002 0.0191584161)
(0.03683870968 0.002 0.01111266574)
(0.02058064516 0.002 0.01781737854)
(0.08096774194 0.002 0.0124536083)
(0.06470967742 0.002 0.04865905744)
(0.06161290323 0.002 0.02720397647)
(0.03993548387 0.002 0.02720397647)
(0.03141935484 0.002 0.01781737854)
(0.05387096774 0.002 0.02452209135)
(0.01980645161 0.002 0.02720397647)
(0.01593548387 0.002 0.02049926366)
(0.03451612903 0.002 0.0124536083)
(0.074 0.002 0.04061340208)
(0.0724516129 0.002 0.04061340208)
(0.008967732252 0.002 0.02452209694)
(0.04380645161 0.002 0.03659057439)
(0.07864516129 0.002 0.03793151695)
(0.05929032258 0.002 0.03659057439)
(0.03296774194 0.002 0.03659057439)
(0.01129032258 0.002 0.03659057439)
(0.04690322581 0.002 0.02049926366)
(0.009741960331 0.002 0.0231811661)
(0.03761290323 0.002 0.03122680415)
(0.08174193548 0.002 0.01647643598)
(0.02677419355 0.002 0.03659057439)
(0.05077419355 0.002 0.02720397647)
(0.05232258065 0.002 0.02720397647)
(0.04612903226 0.002 0.04061340208)
(0.07787096774 0.002 0.03122680415)
(0.05077419355 0.002 0.04061340208)
(0.04148387097 0.002 0.01111266574)
(0.03993548387 0.002 0.01379455086)
(0.01903225806 0.002 0.03659057439)
(0.01283870968 0.002 0.03659057439)
(0.07477419355 0.002 0.03659057439)
(0.04070967742 0.002 0.0124536083)
(0.05619354839 0.002 0.02049926366)
(0.06006451613 0.002 0.02452209135)
(0.01206451613 0.002 0.02184020623)
(0.074 0.002 0.03524963183)
(0.01206451613 0.002 0.03524963183)
(0.07632258065 0.002 0.02049926366)
(0.007420533759 0.002 0.01915900182)
(0.0515483871 0.002 0.03122680415)
(0.005870967742 0.002 0.0191583211)
(0.03838709677 0.002 0.01111266574)
(0.03838709677 0.002 0.04061340208)
(0.03761030526 0.002 0.0070926788)
(0.08174193548 0.002 0.008430780618)
(0.01129032672 0.002 0.02318115167)
(0.09103423061 0.002 0.04061152243)
(0.074 0.002 0.01379455086)
(0.02058064516 0.002 0.0124536083)
(0.03916129032 0.002 0.0124536083)
(0.09180645161 0.002 0.009771723179)
(0.04303225806 0.002 0.01111266574)
(0.06238709677 0.002 0.03659057439)
(0.01825806452 0.002 0.02988586159)
(0.08638709677 0.002 0.02720397647)
(0.01903225806 0.002 0.0124536083)
(0.006732004014 0.002 0.03666957403)
(0.04535483871 0.002 0.0124536083)
(0.06470967742 0.002 0.02452209135)
(0.03916129032 0.002 0.03659057439)
(0.0724516129 0.002 0.04865905744)
(0.08174193548 0.002 0.02720397647)
(0.07787096774 0.002 0.03927245951)
(0.08870967742 0.002 0.02318114879)
(0.05619354839 0.002 0.03122680415)
(0.01129032258 0.002 0.04195434464)
(0.08561290323 0.002 0.0124536083)
(0.07012903226 0.002 0.03122680415)
(0.04070967742 0.002 0.02049926366)
(0.07632258065 0.002 0.0124536083)
(0.06393548387 0.002 0.02586303391)
(0.04922580645 0.002 0.02452209135)
(0.01283870968 0.002 0.04463622976)
(0.07477419355 0.002 0.02586303391)
(0.05309677419 0.002 0.03659057439)
(0.04380645161 0.002 0.0124536083)
(0.05077419355 0.002 0.01111266574)
(0.0724516129 0.002 0.02452209135)
(0.0600622893 0.002 0.003308494188)
(0.07322580645 0.002 0.04195434464)
(0.05232258065 0.002 0.02452209135)
(0.07941935484 0.002 0.04731811488)
(0.06393548387 0.002 0.01781737854)
(0.06858064516 0.002 0.01781737854)
(0.03838714096 0.002 0.005762848676)
(0.005868797894 0.002 0.02989981591)
(0.007420828813 0.002 0.02988927552)
(0.008194035389 0.002 0.03122724099)
(0.06238709677 0.002 0.02049926366)
(0.08716129041 0.002 0.03390868922)
(0.08716129032 0.002 0.01781737854)
(0.07864516129 0.002 0.01111266574)
(0.08793548387 0.002 0.01647643598)
(0.08793548209 0.002 0.03524963179)
(0.05541935484 0.002 0.03256774671)
(0.06238709677 0.002 0.03122680415)
(0.07864516129 0.002 0.01647643598)
(0.04612903226 0.002 0.01111266574)
(0.08019354839 0.002 0.03793151695)
(0.07787096774 0.002 0.02586303391)
(0.07322580645 0.002 0.01513549342)
(0.009742016651 0.002 0.03122687696)
(0.01129032258 0.002 0.03390868927)
(0.06316129032 0.002 0.02720397647)
(0.01748387097 0.002 0.03927245951)
(0.08793548387 0.002 0.02184020623)
(0.01051614256 0.002 0.03256775885)
(0.0926024681 0.002 0.005788164833)
(0.09103225806 0.002 0.01379455086)
(0.08251612904 0.002 0.03390868927)
(0.08251612903 0.002 0.007091985494)
(0.08716129032 0.002 0.02049926366)
(0.08638709677 0.002 0.0191583211)
(0.06548387097 0.002 0.02586303391)
(0.06083870968 0.002 0.02586303391)
(0.07632258065 0.002 0.02586303391)
(0.04767741935 0.002 0.01111266574)
(0.01206451613 0.002 0.0432952872)
(0.07709677419 0.002 0.0432952872)
(0.08793548387 0.002 0.01111266574)
(0.07941935484 0.002 0.01513549342)
(0.06935483871 0.002 0.04061340208)
(0.05851612903 0.002 0.0432952872)
(0.07322580645 0.002 0.02586303391)
(0.08948387097 0.002 0.02988586159)
(0.08793548028 0.002 0.02988586221)
(0.07167741935 0.002 0.02318114879)
(0.07167741935 0.002 0.04195434464)
(0.05387096774 0.002 0.03524963183)
(0.05929032258 0.002 0.02586303391)
(0.03606451613 0.002 0.02049926366)
(0.09103225806 0.002 0.02184020623)
(0.09103221186 0.002 0.04865908412)
(0.0778740853 0.002 0.00709227298)
(0.08329032258 0.002 0.005761432124)
(0.01670967742 0.002 0.01379455086)
(0.09340165624 0.002 0.009769426713)
(0.06858064516 0.002 0.02586303391)
(0.07167741935 0.002 0.03659057439)
(0.06703225806 0.002 0.02586303391)
(0.07012903226 0.002 0.04195434464)
(0.08483870968 0.002 0.01111266574)
(0.08716128972 0.002 0.02854491913)
(0.0701253951 0.002 0.007095742585)
(0.0484516129 0.002 0.0124536083)
(0.06470967742 0.002 0.03524963183)
(0.07012903226 0.002 0.02586303391)
(0.09025806452 0.002 0.04731811488)
(0.0925810023 0.002 0.01379283766)
(0.01748387097 0.002 0.0124536083)
(0.05774193548 0.002 0.02586303391)
(0.07864516129 0.002 0.04865905744)
(0.07709677419 0.002 0.01111266574)
(0.07709677419 0.002 0.02184020623)
(0.05619354839 0.002 0.02586303391)
(0.05541935484 0.002 0.03524963183)
(0.05774193548 0.002 0.0124536083)
(0.07864516129 0.002 0.02184020623)
(0.08793546326 0.002 0.03256775029)
(0.05 0.002 0.0124536083)
(0.04690322581 0.002 0.03122680415)
(0.05309677419 0.002 0.02586303391)
(0.09340160127 0.002 0.02050561583)
(0.06470967742 0.002 0.01111266574)
(0.05696774194 0.002 0.03524963183)
(0.06006451613 0.002 0.01111266574)
(0.07322580645 0.002 0.03390868927)
(0.05464516129 0.002 0.02586303391)
(0.05387096774 0.002 0.03256774671)
(0.08019354839 0.002 0.01379455086)
(0.08174193548 0.002 0.03793151695)
(0.05464516129 0.002 0.02049926366)
(0.05619354839 0.002 0.0124536083)
(0.08716129032 0.002 0.0124536083)
(0.05464516129 0.002 0.03390868927)
(0.0515483871 0.002 0.0124536083)
(0.03529032258 0.002 0.0191583211)
(0.0724516129 0.002 0.03524963183)
(0.07090106083 0.002 0.00577570365)
(0.09103220092 0.002 0.03524964798)
(0.05309677419 0.002 0.03122680415)
(0.06161290323 0.002 0.01379455086)
(0.05851612903 0.002 0.03524963183)
(0.07941935484 0.002 0.0124536083)
(0.06470967742 0.002 0.01379455086)
(0.06006451613 0.002 0.03524963183)
(0.05464516129 0.002 0.0124536083)
(0.06935483871 0.002 0.03256774671)
(0.02367741935 0.002 0.04463622976)
(0.06161290323 0.002 0.03524963183)
(0.07711911673 0.002 0.005785363476)
(0.05077419355 0.002 0.03256774671)
(0.07322580645 0.002 0.0124536083)
(0.08174193548 0.002 0.02184020623)
(0.07167741935 0.002 0.0124536083)
(0.02290322581 0.002 0.02452209135)
(0.07632258065 0.002 0.04731811488)
(0.05309677419 0.002 0.0124536083)
(0.06858064516 0.002 0.04195434464)
(0.08948389063 0.002 0.03793150493)
(0.0515483871 0.002 0.02586303391)
(0.0755483871 0.002 0.04865905744)
(0.08716128271 0.002 0.03122680547)
(0.08174193548 0.002 0.02452209135)
(0.06858064516 0.002 0.0124536083)
(0.05541935484 0.002 0.01111266574)
(0.04922580645 0.002 0.03256774671)
(0.06316129032 0.002 0.03524963183)
(0.0484516129 0.002 0.01781737854)
(0.08019354839 0.002 0.02184020623)
(0.06393548387 0.002 0.03390868927)
(0.05619354839 0.002 0.009771723179)
(0.09490322581 0.002 0.01781737854)
(0.06470967742 0.002 0.03256774671)
(0.07322580645 0.002 0.04731811488)
(0.05 0.002 0.02586303391)
(0.04148387097 0.002 0.0191583211)
(0.0484516129 0.002 0.03122680415)
(0.074 0.002 0.03256774671)
(0.02677419355 0.002 0.02586303391)
(0.03606451613 0.002 0.01781737854)
(0.07477419355 0.002 0.0124536083)
(0.04612903226 0.002 0.03256774671)
(0.07167741935 0.002 0.04731811488)
(0.06858064516 0.002 0.04731811488)
(0.0724516129 0.002 0.03256774671)
(0.07012903226 0.002 0.0124536083)
(0.07709677419 0.002 0.03256774671)
(0.09025803528 0.002 0.03659058369)
(0.0755483871 0.002 0.03256774671)
(0.06625806452 0.002 0.01379455086)
(0.05541935484 0.002 0.0191583211)
(0.06083870968 0.002 0.0124536083)
(0.09180576188 0.002 0.03927155855)
(0.07090322581 0.002 0.03256774671)
(0.06625806452 0.002 0.03256774671)
(0.08638714558 0.002 0.04329525902)
(0.05309677419 0.002 0.007089838058)
(0.07864516129 0.002 0.03256774671)
(0.04458064516 0.002 0.03256774671)
(0.05387096774 0.002 0.008430780618)
(0.0523007577 0.002 0.005784322659)
(0.06548387097 0.002 0.04731811488)
(0.07012903226 0.002 0.04731811488)
(0.0484516129 0.002 0.02586303391)
(0.06393548387 0.002 0.04731811488)
(0.04225806452 0.002 0.01781737854)
(0.026 0.002 0.0191583211)
(0.06703225806 0.002 0.04731811488)
(0.06393548387 0.002 0.0124536083)
(0.08019354839 0.002 0.03256774671)
(0.04303225806 0.002 0.03256774671)
(0.06703225806 0.002 0.04195434464)
(0.09258064516 0.002 0.04061340208)
(0.08870970986 0.002 0.04731809615)
(0.08174193549 0.002 0.03524963183)
(0.06780645161 0.002 0.03256774671)
(0.06238709677 0.002 0.04731811488)
(0.04690322581 0.002 0.02586303391)
(0.08096774194 0.002 0.03390868927)
(0.06548387097 0.002 0.04195434464)
(0.04148387097 0.002 0.03256774671)
(0.08716135577 0.002 0.04195430685)
(0.05387096774 0.002 0.04865905744)
(0.08251612905 0.002 0.03659057439)
(0.04535483871 0.002 0.02586303391)
(0.08638709677 0.002 0.04865905744)
(0.06393548387 0.002 0.04195434464)
(0.06083870968 0.002 0.04731811488)
(0.03993548387 0.002 0.03256774671)
(0.06238709677 0.002 0.04195434464)
(0.05387096774 0.002 0.0432952872)
(0.04380645161 0.002 0.02586303391)
(0.05929032258 0.002 0.04731811488)
(0.08406451645 0.002 0.03927245933)
(0.05774193548 0.002 0.04195434464)
(0.08638710422 0.002 0.04061339778)
(0.05774193548 0.002 0.04731811488)
(0.05929032258 0.002 0.04195434464)
(0.03838709677 0.002 0.03256774671)
(0.08329032276 0.002 0.03793151685)
(0.05619354839 0.002 0.04195434464)
(0.08483871118 0.002 0.04061340121)
(0.04922580645 0.002 0.04865905744)
(0.05541935484 0.002 0.0432952872)
(0.05619354839 0.002 0.04731811488)
(0.03683870968 0.002 0.03256774671)
(0.06083870968 0.002 0.04195434464)
(0.04225806452 0.002 0.02586303391)
(0.05309677419 0.002 0.04195434464)
(0.04070967742 0.002 0.02586303391)
(0.0515483871 0.002 0.04195434464)
(0.0244516129 0.002 0.0432952872)
(0.05464516129 0.002 0.01781737854)
(0.05541935484 0.002 0.04865905744)
(0.02522580645 0.002 0.04195434464)
(0.03529032258 0.002 0.03256774671)
(0.05 0.002 0.04195434464)
(0.02677419355 0.002 0.04195434464)
(0.03916129032 0.002 0.02586303391)
(0.08716144482 0.002 0.04463614056)
(0.02832258065 0.002 0.04195434464)
(0.0484516129 0.002 0.04195434464)
(0.02987096774 0.002 0.04195434464)
(0.04690322581 0.002 0.04195434464)
(0.05309677419 0.002 0.04731811488)
(0.03141935484 0.002 0.04195434464)
(0.04458064516 0.002 0.04865905744)
(0.04535483871 0.002 0.04195434464)
(0.03296774194 0.002 0.04195434464)
(0.08793564502 0.002 0.04597707928)
(0.03374193548 0.002 0.03256774671)
(0.0515483871 0.002 0.04731811488)
(0.03916129032 0.002 0.04195434464)
(0.03451612903 0.002 0.04195434464)
(0.04380645161 0.002 0.04195434464)
(0.04225806452 0.002 0.04195434464)
(0.03606451613 0.002 0.04195434464)
(0.03761290323 0.002 0.02586303391)
(0.05077419355 0.002 0.04865905744)
(0.03374193548 0.002 0.02720397647)
(0.04070967742 0.002 0.04195434464)
(0.03761290323 0.002 0.04195434464)
(0.03219354839 0.002 0.03256774671)
(0.03606451613 0.002 0.02586303391)
(0.0484516129 0.002 0.04731811488)
(0.03529032258 0.002 0.02720397647)
(0.03141935484 0.002 0.02586303391)
(0.03993548387 0.002 0.04865905744)
(0.03064516129 0.002 0.03256774671)
(0.04690322581 0.002 0.04731811488)
(0.03296774194 0.002 0.02586303391)
(0.04612903226 0.002 0.04865905744)
(0.02909677419 0.002 0.03256774671)
(0.04380645161 0.002 0.04731811488)
(0.0244516129 0.002 0.03256774671)
(0.0275483871 0.002 0.03256774671)
(0.04225806452 0.002 0.04731811488)
(0.02367741935 0.002 0.03390868927)
(0.04148387097 0.002 0.04865905744)
(0.026 0.002 0.03256774671)
(0.03916129032 0.002 0.04731811488)
(0.03761290323 0.002 0.04731811488)
(0.03606451613 0.002 0.04731811488)
(0.02522580645 0.002 0.02049926366)
(0.0244516129 0.002 0.02184020623)
(0.03451612903 0.002 0.04731811488)
(0.02367741935 0.002 0.02318114879)
(0.03296774194 0.002 0.04731811488)
(0.02677419355 0.002 0.04731811488)
(0.03141935484 0.002 0.04731811488)
(0.026 0.002 0.04597717232)
(0.02987096774 0.002 0.04731811488)
(0.02832258065 0.002 0.04731811488)
(0.03064516129 0.002 0.02452209135)
(0.01980645161 0.002 0.04865905744)
(0.0244516129 0.002 0.04597717232)
(0.02367741935 0.002 0.04731811488)
(0.01283870968 0.002 0.04731811488)
(0.02212903226 0.002 0.04731811488)
(0.02135483871 0.002 0.04865905744)
(0.01903225806 0.002 0.04731811488)
(0.01748387097 0.002 0.04731811488)
(0.01593548387 0.002 0.04731811488)
(0.01438709677 0.002 0.04731811488)
(0.01206451613 0.002 0.04597717232)
(0.01051612903 0.002 0.04597717232)
(0.009741935484 0.002 0.04731811488)
(0.008193548387 0.002 0.04731811488)
(0.006642780961 0.002 0.0473268814)
(0.005880845687 0.002 0.04867659141)
(0.09412380511 0.002 0.03252812198)
(0.09337633128 0.002 0.04192736587)
(0.005114066029 0.002 0.02862263058)
(0.0948787726 0.002 0.02861970328)
(0.09487591809 0.002 0.03111978829)
(0.00452060218 0.002 0.0361450946)
(0.004377533018 0.002 0.04872259557)
(0.005901054373 0.002 0.003252629993)
(0.01052297035 0.002 0.003265835269)
(0.008213379551 0.002 0.004508593462)
(0.02910352891 0.002 0.003265891104)
(0.03758715148 0.002 0.00448434615)
(0.04149686081 0.002 0.003258492004)
(0.06002603437 0.002 0.005831715157)
(0.04382700443 0.002 0.004577827607)
(0.05153256423 0.002 0.004513550864)
(0.06856118514 0.002 0.004516518403)
(0.08020030311 0.002 0.003265891104)
(0.09104524791 0.002 0.003250672649)
(0.02679001642 0.002 0.004514415165)
(0.03528356786 0.002 0.003265891104)
(0.04921896513 0.002 0.003265835269)
(0.04614633521 0.002 0.005844131683)
(0.03916687801 0.002 0.004490917153)
(0.06620515255 0.002 0.003279469168)
(0.06543542297 0.002 0.004595327644)
(0.07788679061 0.002 0.004514415165)
(0.08872541369 0.002 0.004514347528)
(0.09337151692 0.002 0.004495773104)
(0.004349613568 0.002 0.003189919715)
(0.095658213 0.002 0.003181611522)
(0.01283870968 0.002 0.004544919029)
(0.01438709677 0.002 0.004544919029)
(0.01593548387 0.002 0.004544919029)
(0.01748387097 0.002 0.004544919029)
(0.01903225806 0.002 0.004544919029)
(0.02058064516 0.002 0.004544919029)
(0.02212903226 0.002 0.004544919029)
(0.02367792536 0.002 0.004544620517)
(0.02523498452 0.002 0.004535976288)
(0.03141935484 0.002 0.004544919029)
(0.03296774194 0.002 0.004544919029)
(0.06160095585 0.002 0.005875966681)
(0.05464516129 0.002 0.004544919029)
(0.05308808371 0.002 0.004531309425)
(0.05619354839 0.002 0.004544919029)
(0.06315910974 0.002 0.005887358086)
(0.05774193548 0.002 0.004544886835)
(0.07011937475 0.002 0.00453627204)
(0.07633135773 0.002 0.004531626945)
(0.07477419355 0.002 0.004544919029)
(0.07322580645 0.002 0.004544919029)
(0.07167525137 0.002 0.004541063734)
(0.08251612903 0.002 0.004544919029)
(0.08406451613 0.002 0.004544919029)
(0.08561290323 0.002 0.004544919029)
(0.08716996638 0.002 0.004531548035)
(0.008985263794 0.002 0.003254872353)
(0.00666247697 0.002 0.004500004896)
(0.02756113158 0.002 0.003261537736)
(0.03994533485 0.002 0.003246738152)
(0.03451612903 0.002 0.004545112194)
(0.0484516129 0.002 0.004545112194)
(0.04691686234 0.002 0.004573101196)
(0.07865790577 0.002 0.003261537736)
(0.06470967742 0.002 0.005886054755)
(0.01129032258 0.002 0.004545112194)
(0.0894976402 0.002 0.003258990055)
(0.09412903226 0.002 0.003203783303)
(0.02987096774 0.002 0.004545112194)
(0.03682653721 0.002 0.003246876168)
(0.04460127215 0.002 0.00584905595)
(0.05076134803 0.002 0.003261328546)
(0.04227976237 0.002 0.004540568759)
(0.05928797679 0.002 0.004550406361)
(0.06778168431 0.002 0.003267062991)
(0.08096774194 0.002 0.004545112194)
(0.09182802329 0.002 0.00451025106)
(0.006011564354 0.002 0.03798564338)
(0.004535560546 0.002 0.0407053832)
(0.09537413122 0.002 0.02986433043)
(0.004500105049 0.002 0.02987020213)
(0.09550287767 0.002 0.01905754942)
(0.004506093611 0.002 0.01906162745)
(0.09549651768 0.002 0.0406568768)
(0.09548989852 0.002 0.01122093095)
(0.004521173788 0.002 0.01121922633)
(0.09548141386 0.002 0.008300962518)
(0.004538819155 0.002 0.008297852599)
(0.004539493688 0.002 0.02199315062)
(0.0954805783 0.002 0.02198874146)
(0.09544879433 0.002 0.03776801708)
(0.004575404786 0.002 0.03274006881)
(0.0969458343 0.002 0.03223793768)
(0.09695055681 0.002 0.0275483871)
(0.003049443191 0.002 0.0275483871)
(0.09695603049 0.002 0.01670967742)
(0.003043121546 0.002 0.01668938525)
(0.003039361341 0.002 0.01361290323)
(0.003017212685 0.002 0.04608520791)
(0.09696597248 0.002 0.04611148717)
(0.09696453395 0.002 0.005870967742)
(0.003035466055 0.002 0.005870967742)
(0.09696164642 0.002 0.02447413809)
(0.00303835358 0.002 0.02447413809)
(0.09696738549 0.002 0.03529032258)
(0.09697936634 0.002 0.04309369762)
(0.003039704118 0.002 0.04313425136)
(0.09698921826 0.002 0.01365502656)
(0.09686650198 0.002 0.04886650198)
(0.003133498025 0.002 0.04886650198)
(0.004476964614 0.002 0.03491921575)
(0.003096192321 0.002 0.003096192321)
(0.09690380768 0.002 0.003096192321)
(0.00553960228 0.002 0.03675039719)
(0.098 0.02839608278 0.04864834058)
(0.098 0.03313545383 0.003359404722)
(0.098 0.003332018733 0.02578763012)
(0.098 0.05665906739 0.02599801534)
(0.098 0.02544346532 0.003225104386)
(0.098 0.03602821559 0.04888866706)
(0.098 0.02086929027 0.04897325231)
(0.098 0.04051494874 0.003203946417)
(0.098 0.003340942561 0.01825806452)
(0.098 0.05665679999 0.03361471173)
(0.098 0.003265214185 0.03355629982)
(0.098 0.05667064743 0.01821389434)
(0.098 0.01789469293 0.003343109386)
(0.098 0.04224059873 0.04865839021)
(0.098 0.01484510902 0.0488625137)
(0.098 0.04666689169 0.003131605507)
(0.098 0.003515710841 0.01195022242)
(0.098 0.05665736438 0.03981399838)
(0.098 0.003418614288 0.0397907979)
(0.098 0.05665897393 0.01206310665)
(0.098 0.04836125258 0.04864724327)
(0.098 0.01184271516 0.003249367313)
(0.098 0.01040042095 0.04879063784)
(0.098 0.05111499718 0.003215828927)
(0.098 0.05660531417 0.04436474726)
(0.098 0.003340942561 0.007419354839)
(0.098 0.003493215722 0.04473368474)
(0.098 0.05665950759 0.007414856212)
(0.098 0.05283349352 0.04869233302)
(0.098 0.007310127547 0.003358434919)
(0.098 0.003340942561 0.03683870968)
(0.098 0.05665905744 0.03683870968)
(0.098 0.05665998219 0.02135416114)
(0.098 0.05667261095 0.01509703621)
(0.098 0.003474550617 0.03086468198)
(0.098 0.0566720367 0.03055306119)
(0.098 0.00338758512 0.02131852658)
(0.098 0.00354339214 0.01503182076)
(0.098 0.03607558878 0.003125244568)
(0.098 0.02543643873 0.04888260436)
(0.098 0.02979572248 0.003136465852)
(0.098 0.03166260093 0.04865313701)
(0.098 0.02243911278 0.003239999489)
(0.098 0.03896448355 0.04865488217)
(0.098 0.01781435715 0.04864535037)
(0.098 0.04370955982 0.00336261857)
(0.098 0.007161083822 0.04879122789)
(0.098 0.04513651899 0.04868685189)
(0.098 0.01479214653 0.003331054451)
(0.098 0.05433071088 0.003375979619)
(0.098 0.0564874109 0.04759615168)
(0.098 0.003302976789 0.004384603364)
(0.098 0.003303453965 0.04761393007)
(0.098 0.05672443083 0.004333439145)
(0.098 0.05667238675 0.005872215175)
(0.098 0.05532621372 0.006642188506)
(0.098 0.05532107335 0.008181043165)
(0.098 0.05399096415 0.007408486542)
(0.098 0.05398619604 0.008944429777)
(0.098 0.05266001003 0.008171630815)
(0.098 0.05265402344 0.009705988955)
(0.098 0.0513291422 0.008934040582)
(0.098 0.05132291156 0.01046717493)
(0.098 0.04999272082 0.009685513663)
(0.098 0.04999167101 0.01122623829)
(0.098 0.04866219095 0.01044475646)
(0.098 0.04866190998 0.01198573048)
(0.098 0.04733953539 0.01121550399)
(0.098 0.04732761963 0.01273488721)
(0.098 0.04600516249 0.01196299293)
(0.098 0.04600332522 0.0134994332)
(0.098 0.04467825034 0.01272121731)
(0.098 0.04467270975 0.01424956544)
(0.098 0.04334556675 0.01347603312)
(0.098 0.04335301693 0.01501811112)
(0.098 0.04201989227 0.01423706981)
(0.098 0.04202818549 0.01577584748)
(0.098 0.04071393574 0.01501178769)
(0.098 0.04070744755 0.01653561803)
(0.098 0.03937994646 0.0157526671)
(0.098 0.039383117 0.01728987418)
(0.098 0.03804466915 0.01648989826)
(0.098 0.03805833408 0.01804246272)
(0.098 0.03673130398 0.01725871146)
(0.098 0.03673740551 0.01879988145)
(0.098 0.03542024801 0.01802992618)
(0.098 0.03541815784 0.01955908412)
(0.098 0.03409940644 0.01878529134)
(0.098 0.03409697155 0.02031462547)
(0.098 0.03278005757 0.01954448934)
(0.098 0.03277592874 0.02107118717)
(0.098 0.03408978089 0.02183486875)
(0.098 0.03146038797 0.02030448898)
(0.098 0.03145492318 0.02182850884)
(0.098 0.03013851055 0.02106128422)
(0.098 0.03013231103 0.02258530895)
(0.098 0.02881535658 0.02181727962)
(0.098 0.02880957601 0.02334202418)
(0.098 0.02749181846 0.0225737677)
(0.098 0.02748608657 0.0240989551)
(0.098 0.02880318256 0.02486660864)
(0.098 0.02748030855 0.02562354709)
(0.098 0.02879283661 0.02639056215)
(0.098 0.02747408762 0.02714732808)
(0.098 0.02616814322 0.02333119424)
(0.098 0.03937859603 0.01881604153)
(0.098 0.02878872355 0.02791415215)
(0.098 0.02746875419 0.02867059373)
(0.098 0.02878032935 0.02943700783)
(0.098 0.02747024791 0.03020684757)
(0.098 0.02614852945 0.02942919822)
(0.098 0.02617390852 0.02180516781)
(0.098 0.02484958783 0.02256299408)
(0.098 0.02485573214 0.02103668618)
(0.098 0.02353062097 0.02179465953)
(0.098 0.02879454937 0.03097523897)
(0.098 0.026150707 0.03096615013)
(0.098 0.02482723057 0.03018658405)
(0.098 0.02353654135 0.02026746706)
(0.098 0.02221109899 0.02102602277)
(0.098 0.02482857075 0.03172308151)
(0.098 0.02350454606 0.03094343004)
(0.098 0.02350574491 0.0324805611)
(0.098 0.02218086619 0.03170053303)
(0.098 0.02221695356 0.01949824332)
(0.098 0.02089112906 0.02025739978)
(0.098 0.03009702792 0.03019289074)
(0.098 0.0300991852 0.03172609897)
(0.098 0.03141486967 0.03095480246)
(0.098 0.03141016837 0.03248929327)
(0.098 0.03273069617 0.03173594789)
(0.098 0.03146481704 0.01877874639)
(0.098 0.02218464055 0.03323925622)
(0.098 0.02085709641 0.0324582029)
(0.098 0.03272508378 0.03325784663)
(0.098 0.03404283663 0.03249033365)
(0.098 0.02089693235 0.01872909076)
(0.098 0.01957044628 0.01948853344)
(0.098 0.0235047657 0.03403544958)
(0.098 0.03404140037 0.03402599406)
(0.098 0.03536248422 0.03325488759)
(0.098 0.0208693203 0.03400650182)
(0.098 0.01953366931 0.03321736014)
(0.098 0.0195764716 0.0179594539)
(0.098 0.02222281234 0.01797070869)
(0.098 0.04466819465 0.01574405231)
(0.098 0.01952431897 0.03473945901)
(0.098 0.03271868854 0.03478379108)
(0.098 0.03535909181 0.03479681051)
(0.098 0.03668067044 0.03403561024)
(0.098 0.01824973317 0.01871850015)
(0.098 0.01824336978 0.02024820972)
(0.098 0.01820550828 0.03397162599)
(0.098 0.01825606993 0.01718975522)
(0.098 0.0366836119 0.03248831527)
(0.098 0.0380013465 0.03326836442)
(0.098 0.03799906755 0.03480808764)
(0.098 0.03932369515 0.03404632631)
(0.098 0.03932623305 0.03251178771)
(0.098 0.04064931836 0.03328694483)
(0.098 0.04065496695 0.0317575564)
(0.098 0.04064223549 0.03482142378)
(0.098 0.04197674866 0.03252966485)
(0.098 0.04198258146 0.03099884867)
(0.098 0.03539439435 0.01645799633)
(0.098 0.01820504614 0.03551373488)
(0.098 0.01821140316 0.03244205241)
(0.098 0.01692129684 0.01947797154)
(0.098 0.01691472692 0.02100882633)
(0.098 0.0168803809 0.03473115971)
(0.098 0.01954562079 0.03630263475)
(0.098 0.04330534206 0.0317709053)
(0.098 0.04331046488 0.03023700464)
(0.098 0.01687960834 0.03627662656)
(0.098 0.01555336385 0.03549052798)
(0.098 0.01554657116 0.03702158133)
(0.098 0.01559143992 0.02023788953)
(0.098 0.01558842504 0.02176383048)
(0.098 0.04463409135 0.03101053275)
(0.098 0.04462825687 0.03254293107)
(0.098 0.04463743475 0.02947100825)
(0.098 0.03938943678 0.01423644132)
(0.098 0.0419873312 0.02946585051)
(0.098 0.01422427413 0.03624867301)
(0.098 0.01423028446 0.03471660751)
(0.098 0.01421897177 0.03777793415)
(0.098 0.01426094242 0.02099708964)
(0.098 0.01426716973 0.01946447749)
(0.098 0.01426804023 0.0225191965)
(0.098 0.01553930125 0.03854752829)
(0.098 0.04595795868 0.03178103781)
(0.098 0.04595232194 0.03331603329)
(0.098 0.016929745 0.02252265069)
(0.098 0.04864200953 0.0134899218)
(0.098 0.01421911452 0.03931588371)
(0.098 0.01289335482 0.03853910794)
(0.098 0.01293481102 0.02022549235)
(0.098 0.0129411327 0.01869080428)
(0.098 0.04728384853 0.03255267843)
(0.098 0.04727781941 0.03408942996)
(0.098 0.02218669636 0.0301701712)
(0.098 0.04331405667 0.01190789889)
(0.098 0.01289399873 0.04007775429)
(0.098 0.01557012121 0.04010662299)
(0.098 0.03272784725 0.03017776987)
(0.098 0.01160800008 0.01945254807)
(0.098 0.01161465331 0.0179163229)
(0.098 0.01156685453 0.03929947243)
(0.098 0.01156177824 0.04082896609)
(0.098 0.04861089743 0.03332665512)
(0.098 0.04861663489 0.03178890496)
(0.098 0.04860435446 0.03486279758)
(0.098 0.04727131112 0.03562520017)
(0.098 0.048596948 0.03639853031)
(0.098 0.04726508669 0.03715986414)
(0.098 0.04858944206 0.03793293177)
(0.098 0.04725867168 0.0386936104)
(0.098 0.04858232765 0.03946637745)
(0.098 0.04725763364 0.04023520775)
(0.098 0.0485772492 0.04100285523)
(0.098 0.04593143422 0.03945594024)
(0.098 0.04593062768 0.04099546552)
(0.098 0.0446026031 0.04021373666)
(0.098 0.01294721343 0.01715499105)
(0.098 0.01162198523 0.0163804387)
(0.098 0.01295401771 0.01561899488)
(0.098 0.01162966624 0.01484508243)
(0.098 0.01296084648 0.0140845263)
(0.098 0.01163762469 0.01331184133)
(0.098 0.01296727116 0.01255202199)
(0.098 0.01164568069 0.01178016604)
(0.098 0.012973824 0.01102137275)
(0.098 0.0142947714 0.01179212439)
(0.098 0.02220757646 0.02255154817)
(0.098 0.01165356896 0.01025034953)
(0.098 0.01430092316 0.01026370468)
(0.098 0.01562022974 0.01103283302)
(0.098 0.04459871835 0.04174244851)
(0.098 0.04327668281 0.04097067697)
(0.098 0.01032527758 0.01100809253)
(0.098 0.01028712469 0.01713962791)
(0.098 0.01033250401 0.009478589608)
(0.098 0.04991716831 0.03871427396)
(0.098 0.01023793973 0.04005834892)
(0.098 0.01024265585 0.03852674515)
(0.098 0.01023391342 0.04158819277)
(0.098 0.01155557824 0.04235606536)
(0.098 0.04994486875 0.03256415695)
(0.098 0.04995108387 0.03102550999)
(0.098 0.04732315074 0.009659770825)
(0.098 0.01958271061 0.01643147332)
(0.098 0.02486111129 0.01950903276)
(0.098 0.03011430575 0.02561407669)
(0.098 0.0103059813 0.01407001463)
(0.098 0.03932837769 0.03096235737)
(0.098 0.01559789569 0.009556719288)
(0.098 0.01693921843 0.01028341696)
(0.098 0.03011153199 0.0332606367)
(0.098 0.05131654702 0.01200001694)
(0.098 0.03673428852 0.02032722854)
(0.098 0.04202507762 0.01730413088)
(0.098 0.04993133062 0.03564001585)
(0.098 0.01160161649 0.02098904213)
(0.098 0.0102731532 0.02021507982)
(0.098 0.01026702157 0.02175360114)
(0.098 0.02615978078 0.02638067735)
(0.098 0.04593517336 0.04254278846)
(0.098 0.04327318603 0.04249698232)
(0.098 0.04195683554 0.04173031358)
(0.098 0.01022994696 0.0431162113)
(0.098 0.008907819515 0.04234935304)
(0.098 0.009004325513 0.01023660874)
(0.098 0.04195157152 0.04325318991)
(0.098 0.04063617276 0.04248684717)
(0.098 0.04063614844 0.0409593177)
(0.098 0.03932008999 0.04172100103)
(0.098 0.01433743453 0.008813210635)
(0.098 0.05000400423 0.008163861912)
(0.098 0.03931761837 0.04324390642)
(0.098 0.0380019407 0.04247839547)
(0.098 0.03799984518 0.04094990031)
(0.098 0.03668545472 0.04171261768)
(0.098 0.01155073209 0.04388287654)
(0.098 0.03668406067 0.04323473513)
(0.098 0.03536729243 0.04246915822)
(0.098 0.03536536762 0.04094100153)
(0.098 0.03405211348 0.04170436903)
(0.098 0.03404886007 0.04322499238)
(0.098 0.03273739229 0.04246309295)
(0.098 0.03273942791 0.04094256936)
(0.098 0.03142376285 0.04169883825)
(0.098 0.03142584804 0.04017949196)
(0.098 0.03010981585 0.04093572968)
(0.098 0.03011181993 0.03941622479)
(0.098 0.02879381351 0.0401726008)
(0.098 0.02879563985 0.04169303688)
(0.098 0.02747605921 0.04092966389)
(0.098 0.027478835 0.03940923058)
(0.098 0.02616050996 0.04016640395)
(0.098 0.02615687824 0.04168669386)
(0.098 0.02484207978 0.0409236228)
(0.098 0.02483876595 0.04244363264)
(0.098 0.02352395529 0.0416807761)
(0.098 0.0235206428 0.04320061786)
(0.098 0.02220594663 0.04243784424)
(0.098 0.03142509966 0.04322083962)
(0.098 0.02615323756 0.04320655103)
(0.098 0.01693005974 0.008839924765)
(0.098 0.01826116476 0.00953715495)
(0.098 0.009002791635 0.008721647902)
(0.098 0.0235276296 0.04016026497)
(0.098 0.01826255611 0.01105330696)
(0.098 0.01958301435 0.01028537978)
(0.098 0.01957625629 0.008744625334)
(0.098 0.02090195294 0.009510430548)
(0.098 0.02089812644 0.01104802483)
(0.098 0.02221882634 0.01029092793)
(0.098 0.02221399624 0.01181548139)
(0.098 0.02353464617 0.01105929087)
(0.098 0.02353564878 0.01259147261)
(0.098 0.02485126304 0.01182683285)
(0.098 0.02480973858 0.01038193929)
(0.098 0.02616293006 0.01108234289)
(0.098 0.02617097869 0.01260329219)
(0.098 0.02748485045 0.01183806526)
(0.098 0.02752216303 0.01037448079)
(0.098 0.02880967895 0.01108851361)
(0.098 0.02880767908 0.01261176668)
(0.098 0.03012080992 0.01184562658)
(0.098 0.03012441477 0.01032421411)
(0.098 0.03143750438 0.01108641948)
(0.098 0.03144167425 0.009566657891)
(0.098 0.03275491425 0.01032969205)
(0.098 0.03015508889 0.008850100697)
(0.098 0.03275918019 0.008810591411)
(0.098 0.03407244889 0.009573798425)
(0.098 0.02219864353 0.008622038704)
(0.098 0.03406815172 0.01109286329)
(0.098 0.03538584857 0.01033689175)
(0.098 0.03539009956 0.008817961535)
(0.098 0.03670347907 0.009580930352)
(0.098 0.03144054849 0.01261775619)
(0.098 0.04460234624 0.03867663042)
(0.098 0.008912297766 0.03928814452)
(0.098 0.008923699489 0.0377656235)
(0.098 0.008937371124 0.02097850385)
(0.098 0.008931207749 0.02251774454)
(0.098 0.01026123934 0.02329275882)
(0.098 0.008925279922 0.0240572079)
(0.098 0.01025321742 0.0248318787)
(0.098 0.008919313964 0.02559651075)
(0.098 0.01024696387 0.02637108906)
(0.098 0.008913441257 0.02713566239)
(0.098 0.01024323183 0.02790993698)
(0.098 0.01158073472 0.02712862215)
(0.098 0.008909217734 0.0286746021)
(0.098 0.01023798261 0.02944877371)
(0.098 0.008904005984 0.0302133746)
(0.098 0.01022868495 0.03098763462)
(0.098 0.01156864788 0.03021253341)
(0.098 0.008896710667 0.03175190147)
(0.098 0.05128097876 0.03180123307)
(0.098 0.05128685055 0.03026151765)
(0.098 0.04995659908 0.02948678567)
(0.098 0.05129242701 0.02872207738)
(0.098 0.04996190581 0.02794770461)
(0.098 0.05128631742 0.02718281463)
(0.098 0.04996571065 0.02640875884)
(0.098 0.05130305985 0.02564380847)
(0.098 0.04996085985 0.0248702798)
(0.098 0.04863649565 0.02563455096)
(0.098 0.04864176867 0.02409775881)
(0.098 0.04997011603 0.02337493521)
(0.098 0.04731107643 0.02486090017)
(0.098 0.04731658895 0.02332589799)
(0.098 0.04598602286 0.02408832322)
(0.098 0.04599131199 0.02255470463)
(0.098 0.04466168536 0.02331680753)
(0.098 0.04731450792 0.0217924835)
(0.098 0.04599533146 0.02102218237)
(0.098 0.04731775848 0.02025997952)
(0.098 0.03670763365 0.008062098365)
(0.098 0.03802110849 0.008825097984)
(0.098 0.02616372494 0.03864557755)
(0.098 0.02748267358 0.03788815043)
(0.098 0.01561959064 0.01257191948)
(0.098 0.008903964475 0.04387824808)
(0.098 0.04326624555 0.04401972295)
(0.098 0.03273853093 0.03941536125)
(0.098 0.03538182454 0.01185636025)
(0.098 0.007688590135 0.009482558176)
(0.098 0.007674477993 0.01100044695)
(0.098 0.02220300434 0.04395766428)
(0.098 0.02088815155 0.04319516178)
(0.098 0.02089108055 0.04167449088)
(0.098 0.01957245964 0.04243215871)
(0.098 0.01956971342 0.04395283995)
(0.098 0.01825389445 0.04318994337)
(0.098 0.01957535448 0.04091069934)
(0.098 0.04465568658 0.02484851441)
(0.098 0.04333272866 0.02407738909)
(0.098 0.04333887797 0.02254586716)
(0.098 0.04201064884 0.02330588918)
(0.098 0.04200507345 0.02483616134)
(0.098 0.04068385309 0.02406662174)
(0.098 0.04067796718 0.02559460898)
(0.098 0.03935760558 0.02482433413)
(0.098 0.03935191982 0.02635270856)
(0.098 0.03803243501 0.02558253947)
(0.098 0.0380268066 0.02710983318)
(0.098 0.03670862015 0.02634193853)
(0.098 0.03670244754 0.02786716484)
(0.098 0.03538463986 0.02709955637)
(0.098 0.01291181259 0.04313764897)
(0.098 0.01028883244 0.007960806741)
(0.098 0.02881801289 0.02029058664)
(0.098 0.02615905188 0.03251566622)
(0.098 0.04462101542 0.03407652622)
(0.098 0.01023225752 0.03251478736)
(0.098 0.007559534389 0.008032394656)
(0.098 0.007643562861 0.02320123357)
(0.098 0.007632107146 0.02790066526)
(0.098 0.01025274022 0.03699880576)
(0.098 0.008899779485 0.03327547037)
(0.098 0.03802533204 0.007305929175)
(0.098 0.03933911339 0.00806878135)
(0.098 0.03933484007 0.009588670701)
(0.098 0.04065309195 0.008832244902)
(0.098 0.05262875311 0.02795712314)
(0.098 0.03539419732 0.00729915455)
(0.098 0.00758049973 0.04311024388)
(0.098 0.0075855237 0.03851900262)
(0.098 0.007589442642 0.03698039753)
(0.098 0.01289521906 0.04465632276)
(0.098 0.02351685336 0.04471987895)
(0.098 0.00738285048 0.03251237113)
(0.098 0.04065728644 0.007312246737)
(0.098 0.04197132452 0.008075606912)
(0.098 0.007576677463 0.04464044881)
(0.098 0.04194575641 0.04477477301)
(0.098 0.01825102455 0.04471047756)
(0.098 0.01693711369 0.04394437334)
(0.098 0.02616712328 0.03712425615)
(0.098 0.02089322455 0.01257337544)
(0.098 0.01826279835 0.01566163332)
(0.098 0.02747821101 0.03636652165)
(0.098 0.04730482268 0.02640050091)
(0.098 0.01693566616 0.0164199367)
(0.098 0.05261789681 0.03103654018)
(0.098 0.05261167998 0.0325777815)
(0.098 0.03671410914 0.02481392208)
(0.098 0.03936359172 0.02329522603)
(0.098 0.04201729396 0.02177316346)
(0.098 0.04599986569 0.01949028091)
(0.098 0.04732874944 0.01872785889)
(0.098 0.04864724486 0.01952462986)
(0.098 0.04865861815 0.01796880126)
(0.098 0.04998503343 0.01876747373)
(0.098 0.04999071386 0.01720638209)
(0.098 0.05133323034 0.01800386922)
(0.098 0.05133236105 0.01967222578)
(0.098 0.05132577123 0.01644192308)
(0.098 0.05267003121 0.01723989614)
(0.098 0.05266040481 0.01567667608)
(0.098 0.01691597633 0.04545652597)
(0.098 0.006358018158 0.01024243282)
(0.098 0.04325891579 0.04554109444)
(0.098 0.041975516 0.006555481079)
(0.098 0.04329056898 0.007318425056)
(0.098 0.05266385163 0.006638838368)
(0.098 0.00890130289 0.0454050604)
(0.098 0.00634218365 0.01176112026)
(0.098 0.0195671999 0.0454723718)
(0.098 0.04064928719 0.01035273517)
(0.098 0.0393401276 0.01112416405)
(0.098 0.01689273343 0.03934368242)
(0.098 0.02615408327 0.03560079406)
(0.098 0.02483226213 0.03636537546)
(0.098 0.04328624642 0.008839767684)
(0.098 0.04462307549 0.008094897718)
(0.098 0.04461271713 0.00656287922)
(0.098 0.04594805665 0.007335625277)
(0.098 0.04199806414 0.02636477296)
(0.098 0.05398403289 0.01049387353)
(0.098 0.0353753944 0.02862983265)
(0.098 0.03405781564 0.02786296322)
(0.098 0.0340667609 0.02633350487)
(0.098 0.0366955563 0.02939315302)
(0.098 0.03934319503 0.02788642839)
(0.098 0.0459391715 0.0363868438)
(0.098 0.01428630604 0.0148571072)
(0.098 0.04862708066 0.02871280733)
(0.098 0.01155168531 0.04540824862)
(0.098 0.01286921209 0.04617343854)
(0.098 0.04467274812 0.02025141735)
(0.098 0.02220018445 0.04547646263)
(0.098 0.03144736262 0.02333954462)
(0.098 0.04457921235 0.04478730284)
(0.098 0.01159726717 0.02405919193)
(0.098 0.02879274049 0.03712320756)
(0.098 0.02485158101 0.02408684394)
(0.098 0.03406385774 0.01261238638)
(0.098 0.03537774388 0.01337636261)
(0.098 0.03406676059 0.01413242677)
(0.098 0.008944005701 0.01943940227)
(0.098 0.007606795619 0.0202032217)
(0.098 0.007613216015 0.01866274249)
(0.098 0.02089493233 0.04015285653)
(0.098 0.01957923706 0.03938968854)
(0.098 0.02089880785 0.03863013179)
(0.098 0.02483850952 0.02865604336)
(0.098 0.03669581896 0.01261983345)
(0.098 0.006257182677 0.01942710742)
(0.098 0.006261191667 0.01788513357)
(0.098 0.007616741279 0.01712108426)
(0.098 0.006285079578 0.01634344854)
(0.098 0.007627834084 0.01558303564)
(0.098 0.006282463953 0.02094017748)
(0.098 0.02747793964 0.03484420831)
(0.098 0.007582732779 0.04005117894)
(0.098 0.01290495183 0.0354773544)
(0.098 0.01291600387 0.03395498978)
(0.098 0.01423844202 0.03318525893)
(0.098 0.0076651699 0.01252674031)
(0.098 0.04733897935 0.01719558264)
(0.098 0.00633338158 0.01480680816)
(0.098 0.02351291753 0.04623847384)
(0.098 0.02484023957 0.04548120475)
(0.098 0.032748412 0.0270904088)
(0.098 0.006254942093 0.03774489079)
(0.098 0.006248752502 0.03620500659)
(0.098 0.04466161961 0.01874225993)
(0.098 0.01025440656 0.03401405954)
(0.098 0.0539813616 0.01644970212)
(0.098 0.05397984593 0.01494663169)
(0.098 0.05400165062 0.01810767175)
(0.098 0.04333326399 0.0195057085)
(0.098 0.05130618769 0.01492959769)
(0.098 0.0062867711 0.04381019694)
(0.098 0.006190110642 0.04531602861)
(0.098 0.006259638277 0.04233002356)
(0.098 0.0539395715 0.03181242063)
(0.098 0.05395590372 0.03027016149)
(0.098 0.05393205478 0.0333545244)
(0.098 0.05260407505 0.03411965798)
(0.098 0.05392478842 0.0348966257)
(0.098 0.05259723867 0.03566163959)
(0.098 0.05391869696 0.03643835171)
(0.098 0.05259045985 0.03720314942)
(0.098 0.05391162949 0.03797955172)
(0.098 0.05258370515 0.03874417121)
(0.098 0.05390559219 0.03951997913)
(0.098 0.0525762624 0.04028361659)
(0.098 0.05389825411 0.04105928274)
(0.098 0.05257086251 0.04182312731)
(0.098 0.05389827307 0.04259727259)
(0.098 0.05256465381 0.0433580406)
(0.098 0.05123632085 0.04257887379)
(0.098 0.05123384106 0.04411804346)
(0.098 0.05255571063 0.04488970984)
(0.098 0.05122710847 0.04564725426)
(0.098 0.04990796283 0.04487810102)
(0.098 0.04990219421 0.04640408928)
(0.098 0.0485846017 0.045635414)
(0.098 0.04858995043 0.04411056456)
(0.098 0.04065377071 0.01188663914)
(0.098 0.04463483033 0.009625071675)
(0.098 0.03669239369 0.01414035261)
(0.098 0.01420828814 0.04542071232)
(0.098 0.01693796499 0.04242615931)
(0.098 0.01561856907 0.04318504467)
(0.098 0.03536553899 0.03016810195)
(0.098 0.04726606862 0.04486668201)
(0.098 0.04727115709 0.04634893972)
(0.098 0.01694297603 0.01489149495)
(0.098 0.01826948139 0.01413403891)
(0.098 0.05525559712 0.04187014637)
(0.098 0.04592644804 0.005832060211)
(0.098 0.04725031503 0.006569667484)
(0.098 0.04068700454 0.0058384453)
(0.098 0.03275712731 0.02557874793)
(0.098 0.03407568479 0.02482232286)
(0.098 0.01291760432 0.03245353222)
(0.098 0.01425018852 0.03166772563)
(0.098 0.01556802135 0.03242345762)
(0.098 0.01557547001 0.03089320245)
(0.098 0.01425219579 0.03014975142)
(0.098 0.01558466796 0.02936433386)
(0.098 0.01690524147 0.03013103237)
(0.098 0.0169128532 0.02860006339)
(0.098 0.01559252132 0.02782791941)
(0.098 0.01692021751 0.02706781237)
(0.098 0.01824206001 0.02784019342)
(0.098 0.01825001904 0.02630980495)
(0.098 0.01957087855 0.02708176346)
(0.098 0.01957893758 0.02555211823)
(0.098 0.0208991039 0.02632402566)
(0.098 0.01559815646 0.02629518112)
(0.098 0.01956285182 0.02861065456)
(0.098 0.01426451405 0.02707185326)
(0.098 0.01427627831 0.02552571444)
(0.098 0.01825839781 0.02478000722)
(0.098 0.01958616255 0.02402760482)
(0.098 0.01561059182 0.02478159616)
(0.098 0.041910451 0.04624439107)
(0.098 0.04062208635 0.0455211993)
(0.098 0.008924734379 0.03475413075)
(0.098 0.04455241226 0.04629268902)
(0.098 0.04200749251 0.005093694027)
(0.098 0.05251095637 0.04635701651)
(0.098 0.05386654778 0.04565278527)
(0.098 0.04061104984 0.046960448)
(0.098 0.03933452771 0.04621974501)
(0.098 0.004943379085 0.04306663128)
(0.098 0.004958107926 0.04161285882)
(0.098 0.01144245097 0.04679716779)
(0.098 0.01267179568 0.04763805129)
(0.098 0.0222016397 0.04698005285)
(0.098 0.02357353197 0.04765928599)
(0.098 0.05370870904 0.0472954472)
(0.098 0.004987060335 0.01102158847)
(0.098 0.00488715169 0.009528047244)
(0.098 0.00492034763 0.01714090728)
(0.098 0.04453267271 0.004831628685)
(0.098 0.004914549581 0.02022392488)
(0.098 0.05519368154 0.04643545612)
(0.098 0.04728578353 0.005153787006)
(0.098 0.04856386684 0.005808915061)
(0.098 0.04851693858 0.004391964755)
(0.098 0.04988239216 0.005051346075)
(0.098 0.05522760352 0.04341435862)
(0.098 0.05525296159 0.0387563178)
(0.098 0.005024065257 0.01260127718)
(0.098 0.05526842195 0.03567385848)
(0.098 0.05528252561 0.03269221562)
(0.098 0.003511383953 0.01034186192)
(0.098 0.05531983161 0.01721717778)
(0.098 0.003617596239 0.01350224717)
(0.098 0.04862042939 0.007350583794)
(0.098 0.005015925153 0.02181759365)
(0.098 0.003564676489 0.0229953663)
(0.098 0.00522754788 0.02332413253)
(0.098 0.004244340045 0.02439288822)
(0.098 0.005733050101 0.02472657913)
(0.098 0.04197152416 0.01112364467)
(0.098 0.03801171173 0.01338353715)
(0.098 0.01825357047 0.04014336259)
(0.098 0.02615110853 0.03406981317)
(0.098 0.02748689205 0.03329912121)
(0.098 0.01292931778 0.0263407036)
(0.098 0.0327375334 0.0286164547)
(0.098 0.03142232935 0.02784543392)
(0.098 0.01957059007 0.03786320168)
(0.098 0.02089236278 0.03709598752)
(0.098 0.02222059563 0.03787166296)
(0.098 0.02221557132 0.03635224695)
(0.098 0.01822835126 0.03710379433)
(0.098 0.03668956575 0.03091726484)
(0.098 0.04726776696 0.04333615206)
(0.098 0.01560156002 0.04165636216)
(0.098 0.01427255964 0.04240469594)
(0.098 0.04197661252 0.01265710169)
(0.098 0.04859623792 0.04258566953)
(0.098 0.02088315351 0.03555600215)
(0.098 0.003590514403 0.04233030454)
(0.098 0.00492285694 0.03697141736)
(0.098 0.004927310277 0.03542987801)
(0.098 0.006294467314 0.03474421501)
(0.098 0.004884905441 0.03860961593)
(0.098 0.004932719652 0.03388762375)
(0.098 0.03141590914 0.02936883778)
(0.098 0.03800833381 0.03017124902)
(0.098 0.03536450755 0.03168960509)
(0.098 0.01694520434 0.01335400306)
(0.098 0.01826792506 0.0125929666)
(0.098 0.03802131113 0.01492484112)
(0.098 0.05124836434 0.03950862029)
(0.098 0.0156145601 0.01564782243)
(0.098 0.01560574917 0.01717600629)
(0.098 0.05665787087 0.008959642928)
(0.098 0.04592720197 0.04560642292)
(0.098 0.0459106662 0.04726904389)
(0.098 0.05665812154 0.01051062019)
(0.098 0.05532002147 0.0112808976)
(0.098 0.05532289046 0.01279435552)
(0.098 0.05396510893 0.01199649664)
(0.098 0.05522369149 0.004848867987)
(0.098 0.04593175037 0.04407540111)
(0.098 0.003426066586 0.01975934139)
(0.098 0.003357716057 0.04614364766)
(0.098 0.0045788317 0.04689498306)
(0.098 0.004486294956 0.04856690053)
(0.098 0.005989403379 0.04765619217)
(0.098 0.004682850805 0.04541450479)
(0.098 0.003331396009 0.005880682568)
(0.098 0.004663400697 0.005109526093)
(0.098 0.004497822225 0.003432917028)
(0.098 0.005957418451 0.004323338741)
(0.098 0.005983931314 0.00585169989)
(0.098 0.007319766601 0.005044789537)
(0.098 0.008749062111 0.00421084175)
(0.098 0.00873253746 0.00572010784)
(0.098 0.0100144331 0.00487586006)
(0.098 0.0101726141 0.006424584153)
(0.098 0.01139549131 0.005582789131)
(0.098 0.003384606979 0.03529032258)
(0.098 0.004271131198 0.0323867937)
(0.098 0.005772924382 0.032499139)
(0.098 0.005128021774 0.03118047451)
(0.098 0.004663557405 0.02966671721)
(0.098 0.006265113651 0.02999258488)
(0.098 0.005637620107 0.02844617456)
(0.098 0.004379206394 0.02807664643)
(0.098 0.005305834161 0.02701873103)
(0.098 0.05126066541 0.03641973293)
(0.098 0.0512418937 0.04104614507)
(0.098 0.02484329797 0.03329572245)
(0.098 0.02483488149 0.03483417983)
(0.098 0.05133519606 0.007401203128)
(0.098 0.05133996136 0.005901836231)
(0.098 0.0526726946 0.005145792389)
(0.098 0.04995764167 0.0066129577)
(0.098 0.04863898169 0.008862768395)
(0.098 0.05398814204 0.005874711193)
(0.098 0.02879636769 0.03404360227)
(0.098 0.02748001796 0.03174079401)
(0.098 0.04334209898 0.02101717591)
(0.098 0.0420068773 0.02026731596)
(0.098 0.04068142735 0.0210247675)
(0.098 0.05117502897 0.04710156166)
(0.098 0.04981386882 0.04785047534)
(0.098 0.04857987228 0.04716128299)
(0.098 0.008957076092 0.01636169778)
(0.098 0.05667391238 0.01357311001)
(0.098 0.01021130709 0.0461433657)
(0.098 0.01167647503 0.008666798793)
(0.098 0.01158096571 0.00706486025)
(0.098 0.01282007027 0.006090212488)
(0.098 0.0131471404 0.007663822797)
(0.098 0.01426107642 0.006528417014)
(0.098 0.01407993935 0.004827371073)
(0.098 0.0153931683 0.005578516763)
(0.098 0.0155922356 0.006914453529)
(0.098 0.01678925515 0.005995634344)
(0.098 0.01657574013 0.004572677288)
(0.098 0.01801397228 0.005026976612)
(0.098 0.01936981706 0.004165372427)
(0.098 0.01941061421 0.005647323307)
(0.098 0.02063456154 0.00478364027)
(0.098 0.02075504744 0.006290131459)
(0.098 0.02196408176 0.005479003075)
(0.098 0.02211555881 0.006985601883)
(0.098 0.02335721855 0.006079438393)
(0.098 0.02363083297 0.007909565303)
(0.098 0.02476316322 0.006753130785)
(0.098 0.02528648236 0.008204138612)
(0.098 0.02622261696 0.007273581879)
(0.098 0.02603044645 0.005853594586)
(0.098 0.02737656339 0.006457673776)
(0.098 0.02726271292 0.004988098956)
(0.098 0.02870532881 0.005487605611)
(0.098 0.0275451474 0.007841312952)
(0.098 0.02852169611 0.004079941376)
(0.098 0.02084205753 0.007883668647)
(0.098 0.01950867559 0.007170886307)
(0.098 0.0270971049 0.00342542768)
(0.098 0.01299197069 0.009474434171)
(0.098 0.004657230273 0.006621778418)
(0.098 0.006084402999 0.00731732667)
(0.098 0.007622249701 0.04605477189)
(0.098 0.008888130772 0.04686456535)
(0.098 0.01290629477 0.04161633116)
(0.098 0.01424339854 0.04087148874)
(0.098 0.04726864888 0.04179894049)
(0.098 0.04601306805 0.01044144529)
(0.098 0.04600340251 0.008902841753)
(0.098 0.04465477668 0.0111697103)
(0.098 0.0141432202 0.04683000915)
(0.098 0.01549883061 0.04618053276)
(0.098 0.003340221779 0.0383883452)
(0.098 0.04068782164 0.0225373371)
(0.098 0.03935721194 0.02178580404)
(0.098 0.03803315922 0.02254285027)
(0.098 0.0393175855 0.04475285)
(0.098 0.03800180571 0.04550740657)
(0.098 0.03811579302 0.04720714122)
(0.098 0.03672093399 0.04626702178)
(0.098 0.03668532222 0.04475676377)
(0.098 0.03537336997 0.04550962517)
(0.098 0.03535785597 0.04691687887)
(0.098 0.03405219062 0.04624706671)
(0.098 0.03413454178 0.04766062336)
(0.098 0.03260415259 0.04721877681)
(0.098 0.03271900399 0.04553437642)
(0.098 0.03142643452 0.04625708206)
(0.098 0.03142455679 0.04474706358)
(0.098 0.0301140199 0.04549695418)
(0.098 0.03009005899 0.04694686721)
(0.098 0.02882148001 0.0461959188)
(0.098 0.02880750639 0.04472515538)
(0.098 0.0274931073 0.04547685895)
(0.098 0.02757422984 0.0471917728)
(0.098 0.02618751663 0.04624266475)
(0.098 0.02749141047 0.04396947317)
(0.098 0.02880973722 0.0432157046)
(0.098 0.01157077168 0.0286807445)
(0.098 0.01290692052 0.02791963674)
(0.098 0.02085510531 0.04618336652)
(0.098 0.04594545667 0.0348505611)
(0.098 0.04461227208 0.03560929013)
(0.098 0.04329021927 0.03483452925)
(0.098 0.04328058155 0.03636565381)
(0.098 0.04460703616 0.03714265634)
(0.098 0.04327571226 0.03789840325)
(0.098 0.04195311403 0.0371242804)
(0.098 0.04195043159 0.03865827199)
(0.098 0.04062815945 0.03788223878)
(0.098 0.04062414388 0.03941315657)
(0.098 0.03930842407 0.03864466514)
(0.098 0.03931135186 0.03711341281)
(0.098 0.03798765227 0.03786940852)
(0.098 0.03798703838 0.0394028678)
(0.098 0.03667052382 0.03863317533)
(0.098 0.03667220952 0.03710183609)
(0.098 0.03535004475 0.03785711681)
(0.098 0.03535061655 0.03939096358)
(0.098 0.03535526026 0.03633239471)
(0.098 0.0340330615 0.03708748166)
(0.098 0.04326706583 0.03943005341)
(0.098 0.03403708872 0.03555829328)
(0.098 0.03270718385 0.03630696778)
(0.098 0.0314015482 0.0355350356)
(0.098 0.03138216846 0.03705589331)
(0.098 0.03270157681 0.03783289962)
(0.098 0.03667673844 0.03556978534)
(0.098 0.03009587627 0.03633102894)
(0.098 0.04466700898 0.02178469249)
(0.098 0.03803676109 0.02405601134)
(0.098 0.03671075428 0.02330328516)
(0.098 0.03538962135 0.02406677191)
(0.098 0.0566619678 0.01979911631)
(0.098 0.05532145153 0.02057912975)
(0.098 0.05532079535 0.02212558954)
(0.098 0.0539832157 0.02135289277)
(0.098 0.05398244235 0.02289652258)
(0.098 0.05266275076 0.02209734566)
(0.098 0.05532001806 0.02367063428)
(0.098 0.05399699577 0.02441288942)
(0.098 0.05399630871 0.01977316233)
(0.098 0.05531667797 0.02521325185)
(0.098 0.05400057036 0.02587164799)
(0.098 0.05266376603 0.02054084005)
(0.098 0.05132914277 0.0212257272)
(0.098 0.04997222399 0.02035022939)
(0.098 0.05532082855 0.01903309362)
(0.098 0.05266622466 0.01888961088)
(0.098 0.04329538114 0.00579671969)
(0.098 0.02090269305 0.01720087019)
(0.098 0.0222286374 0.01644405124)
(0.098 0.02354725488 0.0172125387)
(0.098 0.02355342359 0.0156875117)
(0.098 0.02487074344 0.01645517019)
(0.098 0.02222998912 0.014909028)
(0.098 0.02487055172 0.01492104964)
(0.098 0.02619250143 0.0156968637)
(0.098 0.02618798369 0.01722273355)
(0.098 0.02750970482 0.01646495552)
(0.098 0.02750870304 0.01493111422)
(0.098 0.02883048167 0.01570697661)
(0.098 0.02882508038 0.0172343821)
(0.098 0.03014782316 0.01647812945)
(0.098 0.03014543932 0.01494143055)
(0.098 0.03146642588 0.01570509385)
(0.098 0.03144955625 0.01414712935)
(0.098 0.03146352421 0.01724172403)
(0.098 0.03277440966 0.01645738246)
(0.098 0.04862202932 0.03025061734)
(0.098 0.04729385434 0.02947852731)
(0.098 0.04729914258 0.02793990904)
(0.098 0.03277858202 0.01800633744)
(0.098 0.03014496065 0.01801000371)
(0.098 0.02881980428 0.01876185269)
(0.098 0.01826921477 0.04618749366)
(0.098 0.01698362401 0.04717299239)
(0.098 0.01953268892 0.04691701066)
(0.098 0.01159688734 0.02252696685)
(0.098 0.01959439983 0.01337616741)
(0.098 0.003426139852 0.0166092046)
(0.098 0.04596682152 0.02870542375)
(0.098 0.04597299489 0.02716666984)
(0.098 0.04464198953 0.02793248373)
(0.098 0.0446491507 0.02638985272)
(0.098 0.04331942068 0.02715138761)
(0.098 0.04331284204 0.02869442435)
(0.098 0.04199213569 0.02791567325)
(0.098 0.0406641867 0.02869593202)
(0.098 0.04863252634 0.02717403862)
(0.098 0.02354163863 0.01873954653)
(0.098 0.03800195068 0.03171886253)
(0.098 0.03403590491 0.02941430609)
(0.098 0.02349668723 0.009585689395)
(0.098 0.0460001773 0.01797300385)
(0.098 0.03934739442 0.006557271923)
(0.098 0.03803025759 0.005788988178)
(0.098 0.03946092834 0.00518039375)
(0.098 0.03824117892 0.004338860412)
(0.098 0.03677026733 0.005139021959)
(0.098 0.04990061367 0.04178360559)
(0.098 0.02484098748 0.04396266704)
(0.098 0.03145046933 0.008055677806)
(0.098 0.03276360001 0.007293958568)
(0.098 0.03145169212 0.006531717617)
(0.098 0.03274223884 0.005818521941)
(0.098 0.03146213517 0.005077998785)
(0.098 0.03013105627 0.005887263423)
(0.098 0.03407670674 0.006544425689)
(0.098 0.03397377981 0.004822272628)
(0.098 0.02481583337 0.04687754885)
(0.098 0.02090902597 0.01567295897)
(0.098 0.02091440462 0.01414102529)
(0.098 0.01958880346 0.01490288287)
(0.098 0.02747324852 0.04245001169)
(0.098 0.02089080792 0.02785219092)
(0.098 0.02221814342 0.02709426031)
(0.098 0.02222698335 0.02556727063)
(0.098 0.02354169137 0.02634790357)
(0.098 0.02221098774 0.02862311596)
(0.098 0.04311092093 0.04721922406)
(0.098 0.04997360142 0.01569889668)
(0.098 0.04196170116 0.03559316721)
(0.098 0.004848587706 0.01874448591)
(0.098 0.02886020735 0.009647492618)
(0.098 0.03012140822 0.02409743697)
(0.098 0.02467664677 0.005311982424)
(0.098 0.04597996828 0.02562510622)
(0.098 0.012945233 0.0232804316)
(0.098 0.03672154171 0.006562291929)
(0.098 0.03537229837 0.005799568666)
(0.098 0.0261788786 0.0202788439)
(0.098 0.0261824175 0.01874960388)
(0.098 0.04065710847 0.03021395297)
(0.098 0.01823438274 0.02937032528)
(0.098 0.01955566591 0.0301409369)
(0.098 0.0235407183 0.01413244247)
(0.098 0.04865326383 0.01645094906)
(0.098 0.04731700762 0.01570310971)
(0.098 0.05667352186 0.02906486761)
(0.098 0.05666195608 0.02754360551)
(0.098 0.05534007197 0.02819509231)
(0.098 0.05534104829 0.02669724839)
(0.098 0.04593514944 0.03792100777)
(0.098 0.05267019684 0.02354841096)
(0.098 0.03538990603 0.02557966944)
(0.098 0.03407603878 0.008056648363)
(0.098 0.02610196003 0.009551376721)
(0.098 0.02090593449 0.02479754833)
(0.098 0.0261782008 0.01414232754)
(0.098 0.04728931458 0.03101704409)
(0.098 0.03536908737 0.04399118201)
(0.098 0.02881458776 0.01415122883)
(0.098 0.03276863946 0.02257968511)
(0.098 0.03014040801 0.007458594508)
(0.098 0.02616774983 0.04472323661)
(0.098 0.01825184611 0.02176633522)
(0.098 0.0142921514 0.01332973424)
(0.098 0.05263209809 0.01417763383)
(0.098 0.03541043423 0.02107848027)
(0.098 0.0486304239 0.02258373254)
(0.098 0.05666019255 0.02290125974)
(0.098 0.02088055983 0.04470631116)
(0.098 0.04063559792 0.03635347711)
(0.098 0.03931767983 0.03558111676)
(0.098 0.05127441341 0.03334127552)
(0.098 0.02486519157 0.0179814376)
(0.098 0.0380562094 0.01957168339)
(0.098 0.04458969432 0.043264373)
(0.098 0.02485789356 0.01336956955)
(0.098 0.01022482313 0.04463900177)
(0.098 0.03147791562 0.003516231046)
(0.098 0.03004972684 0.04846246014)
(0.098 0.02695663889 0.04869954579)
(0.098 0.0345938668 0.003289527859)
(0.098 0.04332728882 0.02560736838)
(0.098 0.01822762405 0.03089907103)
(0.098 0.01694245405 0.01181474101)
(0.098 0.03014108223 0.01953449377)
(0.098 0.02749416664 0.01337963245)
(0.098 0.04070143534 0.01806005775)
(0.098 0.02616831261 0.02485587641)
(0.098 0.02879591668 0.03865092397)
(0.098 0.01956662652 0.02101577446)
(0.098 0.04063179848 0.04400546097)
(0.098 0.01693214678 0.0255455681)
(0.098 0.04067124476 0.02713502069)
(0.098 0.0248476622 0.03788192679)
(0.098 0.03537902741 0.01490328737)
(0.098 0.0327518605 0.01185113938)
(0.098 0.04998127633 0.01275086802)
(0.098 0.04333974739 0.01652701018)
(0.098 0.03408701101 0.01723149594)
(0.098 0.02749611384 0.02104785425)
(0.098 0.02394810612 0.003190513912)
(0.098 0.05665937315 0.02444714244)
(0.098 0.04329929896 0.03330324307)
(0.098 0.03799411658 0.03634060786)
(0.098 0.03012977014 0.01338582303)
(0.098 0.04060509336 0.04847106526)
(0.098 0.03750575135 0.04872371727)
(0.098 0.01957852997 0.0118115468)
(0.098 0.03669929241 0.01110006863)
(0.098 0.0393720439 0.01270212051)
(0.098 0.01944662218 0.04850074093)
(0.098 0.01634875913 0.0487001317)
(0.098 0.04206102322 0.003531576566)
(0.098 0.01031755701 0.0125385213)
(0.098 0.03801692435 0.02863850022)
(0.098 0.01289851153 0.03700861353)
(0.098 0.03402834243 0.03861021163)
(0.098 0.03010124667 0.0378730494)
(0.098 0.02484556215 0.0394030885)
(0.098 0.004957828614 0.015566021)
(0.098 0.03801846339 0.0103468884)
(0.098 0.04516614413 0.003299258833)
(0.098 0.03141205109 0.03401484063)
(0.098 0.02220935173 0.04091807611)
(0.098 0.05388285252 0.04413734131)
(0.098 0.007569557419 0.03089683912)
(0.098 0.01555962822 0.03395819422)
(0.098 0.02615770737 0.02790373904)
(0.098 0.04369410015 0.04869371901)
(0.098 0.01333534972 0.003327773385)
(0.098 0.01689643337 0.03166029645)
(0.098 0.007378696359 0.02478751441)
(0.098 0.04196983728 0.03406032969)
(0.098 0.01825559006 0.04166804315)
(0.098 0.02353318454 0.02331613852)
(0.098 0.05263909558 0.01122496752)
(0.098 0.01427293788 0.0179311372)
(0.098 0.04196912774 0.009597272508)
(0.098 0.03671051662 0.01569584786)
(0.098 0.0526125839 0.02949653165)
(0.098 0.01953619069 0.03168606067)
(0.098 0.0102794973 0.01867735216)
(0.098 0.007634707228 0.02639804113)
(0.098 0.02221532365 0.01334968643)
(0.098 0.05269504542 0.003555175475)
(0.098 0.0466619655 0.04869708701)
(0.098 0.01016800212 0.003374245346)
(0.098 0.01292938833 0.02175915261)
(0.098 0.01692802879 0.01794841101)
(0.098 0.02086396764 0.03092599792)
(0.098 0.008910225503 0.04081944858)
(0.098 0.007627647287 0.02169673898)
(0.098 0.04993861479 0.03410169804)
(0.098 0.01561889083 0.01411211619)
(0.098 0.03800154755 0.04399774056)
(0.098 0.008969063022 0.01482613879)
(0.098 0.02088907836 0.02178093401)
(0.098 0.05532121936 0.009728417865)
(0.098 0.00894961018 0.01790031781)
(0.098 0.04991180261 0.04334793991)
(0.098 0.03404878821 0.04017304554)
(0.098 0.006248382321 0.03929566693)
(0.098 0.03141555839 0.03863801941)
(0.098 0.01427670475 0.0163922479)
(0.098 0.01029514943 0.01560383337)
(0.098 0.02221338478 0.03939511084)
(0.098 0.04990975553 0.04025062912)
(0.098 0.03407357362 0.01567103409)
(0.098 0.008836338758 0.04847733805)
(0.098 0.0327594896 0.01337500585)
(0.098 0.0208811343 0.02938062531)
(0.098 0.05425843557 0.04871858711)
(0.098 0.03667647438 0.04017175437)
(0.098 0.01689211976 0.03782091953)
(0.098 0.05126772299 0.03488066999)
(0.098 0.03802290967 0.01187943537)
(0.098 0.01559869468 0.01870711556)
(0.098 0.02750394978 0.01799250126)
(0.098 0.03931261499 0.04018181809)
(0.098 0.01691859003 0.04089070543)
(0.098 0.05125588545 0.03796151978)
(0.098 0.0235152098 0.02940959281)
(0.098 0.02353198761 0.0386384369)
(0.098 0.04992523997 0.0371778341)
(0.098 0.04195188468 0.04019363171)
(0.098 0.01157196555 0.03776865501)
(0.098 0.04330509367 0.01037722762)
(0.098 0.008997184179 0.01176597644)
(0.098 0.034052438 0.04475026946)
(0.098 0.02353018742 0.02787825159)
(0.098 0.04596324587 0.030243929)
(0.098 0.01688689588 0.03319779773)
(0.098 0.02749953287 0.01952057074)
(0.098 0.03273455847 0.04399010574)
(0.098 0.02221807975 0.0348227589)
(0.098 0.007584507237 0.04158050522)
(0.098 0.02352864171 0.03712459556)
(0.098 0.01158663314 0.03624780809)
(0.098 0.03011643102 0.04398170101)
(0.098 0.007579853004 0.02943918232)
(0.098 0.03011436808 0.04245483139)
(0.098 0.0406951051 0.01346728635)
(0.098 0.01824468685 0.03861692612)
(0.098 0.05118029742 0.04865600153)
(0.098 0.01157197472 0.0256064995)
(0.098 0.008986357151 0.0132968516)
(0.098 0.006260140352 0.04081810544)
(0.098 0.01825643392 0.008031126044)
(0.098 0.03933089434 0.02941587548)
(0.098 0.01425445119 0.02861882172)
(0.098 0.01291737066 0.02941937369)
(0.098 0.0207686025 0.003337825117)
(0.098 0.004923846034 0.0402046542)
(0.098 0.007646224205 0.01405663976)
(0.098 0.01157260246 0.03173396829)
(0.098 0.01159595056 0.03474241869)
(0.098 0.006359498642 0.01329384468)
(0.098 0.02485091077 0.02713253334)
(0.098 0.05660944016 0.04598523547)
(0.098 0.03403800124 0.03096258391)
(0.098 0.04963764369 0.003402804246)
(0.098 0.01561649919 0.04468536581)
(0.098 0.03009385785 0.0286607012)
(0.098 0.0248578331 0.02561024472)
(0.098 0.03011103804 0.02712452296)
(0.098 0.03142915397 0.02634837484)
(0.098 0.01428230579 0.04391803294)
(0.098 0.04601259673 0.01645006494)
(0.098 0.02353934184 0.02483576861)
(0.098 0.05521759796 0.04497362361)
(0.098 0.0222195777 0.02406267619)
(0.098 0.04727635527 0.008089803177)
(0.098 0.01957668498 0.02252043601)
(0.098 0.02089913842 0.02329321395)
(0.098 0.01826602953 0.02327695157)
(0.098 0.0169393399 0.02403169416)
(0.098 0.05664402134 0.04283262647)
(0.098 0.01560674543 0.02327419236)
(0.098 0.03407089407 0.02332380528)
(0.098 0.04863534841 0.02106541191)
(0.098 0.03275690327 0.02408019409)
(0.098 0.03143771019 0.02484306253)
(0.098 0.01429211882 0.02402753903)
(0.098 0.03276503593 0.01491467873)
(0.098 0.02879475738 0.03250758202)
(0.098 0.05526515091 0.04035860007)
(0.098 0.03009553626 0.03479899975)
(0.098 0.0353953616 0.02256821556)
(0.098 0.05666946219 0.03830850341)
(0.098 0.02352236702 0.03558910105)
(0.098 0.02236134357 0.04866356141)
(0.098 0.02878944523 0.03558459475)
(0.098 0.01186209596 0.04887554965)
(0.098 0.01294682765 0.02480245587)
(0.098 0.03905535128 0.003113408619)
(0.098 0.05522786058 0.0372456753)
(0.098 0.0232544788 0.004520433867)
(0.098 0.0566866446 0.03523551041)
(0.098 0.03802271692 0.02104728977)
(0.098 0.0367051363 0.02180446197)
(0.098 0.05527075902 0.03421229111)
(0.098 0.0288124299 0.006908725531)
(0.098 0.05663952574 0.03204893182)
(0.098 0.03934681326 0.02028947217)
(0.098 0.05667418808 0.01663431155)
(0.098 0.04067174583 0.01953409587)
(0.098 0.05531531345 0.01574158118)
(0.098 0.007551023155 0.03545333049)
(0.098 0.05531892575 0.03117788013)
(0.098 0.01291310161 0.03093948078)
(0.098 0.04199732944 0.01877707858)
(0.098 0.01243065181 0.004565564583)
(0.098 0.05392261918 0.02875696163)
(0.098 0.04332516206 0.01801754425)
(0.098 0.05260310187 0.02645154662)
(0.098 0.01158147088 0.03323562598)
(0.098 0.05127429051 0.02414057278)
(0.098 0.04466791629 0.01724232258)
(0.098 0.0459704878 0.01496918255)
(0.098 0.01027276292 0.03551333706)
(0.098 0.03316598165 0.0487496116)
(0.098 0.008951976353 0.03627806102)
(0.098 0.047296753 0.01421353368)
(0.098 0.01817156703 0.006544016885)
(0.098 0.04862452095 0.01497075251)
(0.098 0.007601002064 0.03397857287)
(0.098 0.05566887598 0.04875653384)
(0.098 0.05571529393 0.0032778096)
(0.098 0.04994984704 0.0142135181)
(0.098 0.00744116471 0.006538843281)
(0.098 0.04999035949 0.02188876055)
(0.098 0.05127424134 0.01345308849)
(0.098 0.05260409936 0.01269957244)
(0.098 0.00886624579 0.007233064095)
(0.098 0.00619881823 0.008779132711)
(0.098 0.004647581594 0.008075345351)
(0.098 0.05531486883 0.01427288475)
(0.098 0.0539698186 0.01348126248)
(0.098 0.003360983017 0.008871775856)
(0.098 0.003287418245 0.0290197206)
(0.098 0.01630152753 0.003223778434)
(0.098 0.005057528392 0.01407333312)
(0.098 0.01530151934 0.04762791186)
(0.098 0.004782293243 0.02570543046)
(0.098 0.05135961657 0.02272237313)
(0.098 0.04618213396 0.004371745191)
(0.098 0.05268878474 0.02502850058)
(0.098 0.01686673767 0.007434010254)
(0.098 0.05403323319 0.02734720022)
(0.098 0.03562097004 0.004354892873)
(0.098 0.006371614507 0.02241945146)
(0.098 0.05531384653 0.02966967073)
(0.098 0.0259225393 0.04765926679)
(0.098 0.05663702229 0.04130718554)
(0.098 0.03648179107 0.04768157069)
(0.098 0.01335135135 0.04891850337)
(0.098 0.02594895304 0.004498676552)
(0.098 0.05378205688 0.004560105333)
(0.098 0.03756756757 0.003056759461)
(0.098 0.04816216216 0.003054618318)
(0.098 0.003207195055 0.02731672962)
(0.098 0.0444457109 0.0476068175)
(0.098 0.05143552798 0.004547706887)
(0.098 0.007492696139 0.04740281413)
(0.098 0.04312122588 0.004523247508)
(0.098 0.02394594595 0.04896270353)
(0.098 0.03454054054 0.0489651324)
(0.098 0.01840930141 0.0474847176)
(0.098 0.04740540541 0.04766129697)
(0.098 0.01007306083 0.04743543759)
(0.098 0.03257669163 0.00451749282)
(0.098 0.02898631569 0.04748907191)
(0.098 0.005840869945 0.04900286412)
(0.098 0.005861391318 0.003035549185)
(0.098 0.006423693541 0.03141628173)
(0.098 0.04082136951 0.004546537658)
(0.098 0.03009757651 0.004529437674)
(0.098 0.003015183649 0.03219354839)
(0.098 0.006568664996 0.02730708758)
(0.098 0.006395942357 0.02584127445)
(0.098 0.02886823028 0.008308212223)
(0.098 0.02071221895 0.04746381654)
(0.098 0.03952618949 0.04750265633)
(0.098 0.01111034501 0.004315874107)
(0.098 0.03125411155 0.04748089896)
(0.098 0.0155926524 0.008225069407)
(0.098 0.05506342261 0.04776043519)
(0.098 0.003028207053 0.02441582209)
(0.098 0.008810810811 0.002967774192)
(0.098 0.04169562277 0.04751070372)
(0.098 0.003481847109 0.04115105957)
(0.098 0.006470894341 0.02369178222)
(0.098 0.01940540541 0.002926558215)
(0.098 0.0216934829 0.004249205422)
(0.098 0.05685398806 0.04885960442)
(0.098 0.0568881546 0.003112160361)
(0.098 0.003130194266 0.0488607797)
(0.098 0.003130194266 0.003139220303)
(0.098 0.02755679278 0.009025850077)
(0.098 0.01534716797 0.004393808177)
(0.098 0.04970918504 0.04906010899)
(0.098 0.02848648649 0.002902361657)
(0.098 0.006550565929 0.04651605907)
(0.098 0.05232588384 0.04757486595)
(0.098 0.00505069511 0.04428017346)
(0.098 0.003815560864 0.04364344913)
(0.098 0.0064593529 0.03352444238)
(0.098 0.02651415667 0.008394387221)
(0.098 0.004199078793 0.02675232319)
(0.098 0.01398957306 0.04802129145)
(0.098 0.01456735366 0.00764559659)
(0.098 0.03694001917 0.003953721558)
(0.098 0.04745944029 0.003996202788)
(0.098 0.02465349646 0.04803433037)
(0.098 0.05049421859 0.004069121566)
(0.098 0.0247027027 0.004092894356)
(0.098 0.02462708092 0.009187194471)
(0.098 0.01128996488 0.04790736883)
(0.098 0.03523688656 0.04805363902)
(0.098 0.005558357431 0.04629982069)
(0.098 0.03961875536 0.004076629371)
(0.098 0.006805593481 0.02867076232)
(0.05696774194 0.058 0.04865905744)
(0.04303225806 0.058 0.003340942561)
(0.0724516129 0.058 0.003340942561)
(0.003403737749 0.058 0.02605869975)
(0.03374193548 0.058 0.04865905744)
(0.06316129032 0.058 0.003340942561)
(0.0275483871 0.058 0.003340942561)
(0.04767741935 0.058 0.04865905744)
(0.05232258065 0.058 0.003340942561)
(0.06784386237 0.058 0.04875036817)
(0.09659527758 0.058 0.02605869975)
(0.03529032258 0.058 0.003340942561)
(0.026 0.058 0.04865905744)
(0.0755483871 0.058 0.04865905744)
(0.08019354839 0.058 0.003340942561)
(0.01980645161 0.058 0.003340942561)
(0.01825806452 0.058 0.04865905744)
(0.09656059495 0.058 0.03390508604)
(0.09659122212 0.058 0.01819765148)
(0.003476149381 0.058 0.0181645308)
(0.00344873239 0.058 0.03394167236)
(0.08174193548 0.058 0.04865905744)
(0.03995418925 0.058 0.04866985699)
(0.08638709677 0.058 0.003340942561)
(0.01361290323 0.058 0.003340942561)
(0.01206451613 0.058 0.04865905744)
(0.08794884485 0.058 0.04871658842)
(0.09665905744 0.058 0.01206451613)
(0.003340942561 0.058 0.01206451613)
(0.09652717711 0.058 0.03975326363)
(0.003448603274 0.058 0.03979198531)
(0.05233594163 0.058 0.04871658842)
(0.06780645161 0.058 0.003340942561)
(0.04767741935 0.058 0.003340942561)
(0.05851612903 0.058 0.003340942561)
(0.06317465131 0.058 0.04871658842)
(0.09103225806 0.058 0.003340942561)
(0.008967741935 0.058 0.003340942561)
(0.09646079082 0.058 0.0447068275)
(0.00347428924 0.058 0.04473850097)
(0.09662328251 0.058 0.007399068589)
(0.003387912049 0.058 0.00739279327)
(0.09258064516 0.058 0.04865905744)
(0.007456765593 0.058 0.04875036817)
(0.09664760615 0.058 0.0368415876)
(0.05541935484 0.058 0.003340942561)
(0.07864516129 0.058 0.04865905744)
(0.09652130455 0.058 0.02310913071)
(0.03219354839 0.058 0.003340942561)
(0.03993548387 0.058 0.003340942561)
(0.003340942561 0.058 0.03683870968)
(0.04458064516 0.058 0.04865905744)
(0.03683870968 0.058 0.04865905744)
(0.09652356775 0.058 0.01528574081)
(0.09657155109 0.058 0.02899516041)
(0.003471249321 0.058 0.02314186286)
(0.003428448908 0.058 0.02899516041)
(0.02911547957 0.058 0.04866985699)
(0.01516129032 0.058 0.04865905744)
(0.01670967742 0.058 0.003340942561)
(0.00347643225 0.058 0.01528574081)
(0.0244516129 0.058 0.003340942561)
(0.02290322581 0.058 0.04865905744)
(0.06006451613 0.058 0.04865905744)
(0.0755483871 0.058 0.003340942561)
(0.08483870968 0.058 0.04865905744)
(0.0724516129 0.058 0.04865905744)
(0.08329032258 0.058 0.003340942561)
(0.09411637726 0.058 0.003333636196)
(0.005883622737 0.058 0.003333636196)
(0.09561753528 0.058 0.04869363153)
(0.003363756641 0.058 0.0476385579)
(0.09659763007 0.058 0.004464762249)
(0.003402369932 0.058 0.004464762249)
(0.07709677419 0.058 0.003340942561)
(0.07632258065 0.058 0.004681885121)
(0.07787096774 0.058 0.004681885121)
(0.07709677419 0.058 0.006022827682)
(0.07864516129 0.058 0.006022827682)
(0.07787096774 0.058 0.007363770243)
(0.07941935484 0.058 0.007363770243)
(0.07864516129 0.058 0.008704712803)
(0.07709677419 0.058 0.008704712803)
(0.07787096774 0.058 0.01004565536)
(0.07632258065 0.058 0.01004565536)
(0.07709677419 0.058 0.01138659792)
(0.0755483871 0.058 0.01138659792)
(0.07632258065 0.058 0.01272754049)
(0.07477419355 0.058 0.01272754049)
(0.0755483871 0.058 0.01406848305)
(0.074 0.058 0.01406848305)
(0.07477419355 0.058 0.01540942561)
(0.07322580645 0.058 0.01540942561)
(0.074 0.058 0.01675036817)
(0.0724516129 0.058 0.01675036817)
(0.07322580645 0.058 0.01809131073)
(0.07167741935 0.058 0.01809131073)
(0.0724516129 0.058 0.01943225329)
(0.07090322581 0.058 0.01943225329)
(0.07167741935 0.058 0.02077319585)
(0.07012903226 0.058 0.02077319585)
(0.07090322581 0.058 0.02211413841)
(0.06935483871 0.058 0.02211413841)
(0.0724516129 0.058 0.02211413841)
(0.07012903226 0.058 0.02345508097)
(0.06858064516 0.058 0.02345508097)
(0.06780645161 0.058 0.02211413841)
(0.06703225806 0.058 0.02345508097)
(0.06625806452 0.058 0.02211413841)
(0.06548387097 0.058 0.02345508097)
(0.06470967742 0.058 0.02211413841)
(0.06393548387 0.058 0.02345508097)
(0.06316129032 0.058 0.02211413841)
(0.06238709677 0.058 0.02345508097)
(0.06161290323 0.058 0.02211413841)
(0.06083870968 0.058 0.02345508097)
(0.06006451613 0.058 0.02211413841)
(0.05929032258 0.058 0.02345508097)
(0.05851612903 0.058 0.02211413841)
(0.05774193548 0.058 0.02345508097)
(0.05696774194 0.058 0.02211413841)
(0.05619354839 0.058 0.02345508097)
(0.05541935484 0.058 0.02211413841)
(0.05464516129 0.058 0.02345508097)
(0.05387096774 0.058 0.02211413841)
(0.05309677419 0.058 0.02345508097)
(0.05232258065 0.058 0.02211413841)
(0.0515483871 0.058 0.02345508097)
(0.05077419355 0.058 0.02211413841)
(0.05 0.058 0.02345508097)
(0.04922580645 0.058 0.02211413841)
(0.0484516129 0.058 0.02345508097)
(0.04767741935 0.058 0.02211413841)
(0.04690322581 0.058 0.02345508097)
(0.04612903226 0.058 0.02211413841)
(0.04535483871 0.058 0.02345508097)
(0.04458064516 0.058 0.02211413841)
(0.04380645161 0.058 0.02345508097)
(0.04303225806 0.058 0.02211413841)
(0.04225806452 0.058 0.02345508097)
(0.04148387097 0.058 0.02211413841)
(0.04070967742 0.058 0.02345508097)
(0.03993548387 0.058 0.02211413841)
(0.03916129032 0.058 0.02345508097)
(0.03838709677 0.058 0.02211413841)
(0.03761290323 0.058 0.02345508097)
(0.03683870968 0.058 0.02211413841)
(0.03606451613 0.058 0.02345508097)
(0.03529032258 0.058 0.02211413841)
(0.03451612903 0.058 0.02345508097)
(0.03374193548 0.058 0.02211413841)
(0.03296774194 0.058 0.02345508097)
(0.03219354839 0.058 0.02211413841)
(0.03141935484 0.058 0.02345508097)
(0.03064516129 0.058 0.02211413841)
(0.02987096774 0.058 0.02345508097)
(0.02909677419 0.058 0.02211413841)
(0.02832258065 0.058 0.02345508097)
(0.0275483871 0.058 0.02211413841)
(0.02677419355 0.058 0.02345508097)
(0.026 0.058 0.02211413841)
(0.03219354839 0.058 0.02479602353)
(0.04303225806 0.058 0.02479602353)
(0.05077419355 0.058 0.02479602353)
(0.06625806452 0.058 0.02479602353)
(0.05851612903 0.058 0.02479602353)
(0.02522580645 0.058 0.02345508097)
(0.026 0.058 0.02479602353)
(0.0244516129 0.058 0.02211413841)
(0.0244516129 0.058 0.02479602353)
(0.0755483871 0.058 0.01675036817)
(0.02522580645 0.058 0.02613696609)
(0.02367741935 0.058 0.02613696609)
(0.0244516129 0.058 0.02747790865)
(0.02290322581 0.058 0.02747790865)
(0.02367741935 0.058 0.02881885121)
(0.02212903226 0.058 0.02881885121)
(0.07864516129 0.058 0.01138659792)
(0.02135483871 0.058 0.02747790865)
(0.02290322581 0.058 0.03015979377)
(0.02135483871 0.058 0.03015979377)
(0.06083870968 0.058 0.02077319585)
(0.05 0.058 0.02077319585)
(0.03761290323 0.058 0.02077319585)
(0.02987096774 0.058 0.02077319585)
(0.0244516129 0.058 0.03015979377)
(0.04380645161 0.058 0.02077319585)
(0.02212903226 0.058 0.03150073634)
(0.02058064516 0.058 0.03150073634)
(0.07167741935 0.058 0.01540942561)
(0.02135483871 0.058 0.0328416789)
(0.01980645161 0.058 0.0328416789)
(0.03683870968 0.058 0.02479602353)
(0.05619354839 0.058 0.02077319585)
(0.02522580645 0.058 0.02077319585)
(0.02367741935 0.058 0.02077319585)
(0.0244516129 0.058 0.01943225329)
(0.02290322581 0.058 0.01943225329)
(0.01903225806 0.058 0.03150073634)
(0.01825806452 0.058 0.0328416789)
(0.01748387097 0.058 0.03150073634)
(0.02058064516 0.058 0.03418262146)
(0.02212903226 0.058 0.03418262146)
(0.02367741935 0.058 0.01809131073)
(0.02212903226 0.058 0.01809131073)
(0.01670967742 0.058 0.0328416789)
(0.02290322581 0.058 0.01675036817)
(0.02135483871 0.058 0.01675036817)
(0.02058064516 0.058 0.01809131073)
(0.01980645161 0.058 0.01675036817)
(0.01903225806 0.058 0.01809131073)
(0.01825806452 0.058 0.01675036817)
(0.01748387097 0.058 0.01809131073)
(0.01670967742 0.058 0.01675036817)
(0.01593548387 0.058 0.01809131073)
(0.01593548387 0.058 0.03150073634)
(0.02135483871 0.058 0.03552356402)
(0.02290322581 0.058 0.03552356402)
(0.01516129032 0.058 0.01675036817)
(0.01516129032 0.058 0.0328416789)
(0.02212903226 0.058 0.01540942561)
(0.02367741935 0.058 0.01540942561)
(0.01593548387 0.058 0.03418262146)
(0.01593548387 0.058 0.01540942561)
(0.01438709677 0.058 0.01809131073)
(0.01516129032 0.058 0.01943225329)
(0.02212903226 0.058 0.03686450658)
(0.02367741935 0.058 0.03686450658)
(0.01438709677 0.058 0.01540942561)
(0.01438709677 0.058 0.03150073634)
(0.01438709677 0.058 0.03418262146)
(0.01516129032 0.058 0.03552356402)
(0.06548387097 0.058 0.02077319585)
(0.01361290323 0.058 0.03552356402)
(0.01438709677 0.058 0.03686450658)
(0.01361290323 0.058 0.01943225329)
(0.02290322581 0.058 0.01406848305)
(0.0244516129 0.058 0.01406848305)
(0.01516129032 0.058 0.01406848305)
(0.01361290323 0.058 0.01406848305)
(0.074 0.058 0.01138659792)
(0.01516129032 0.058 0.03015979377)
(0.01361290323 0.058 0.03015979377)
(0.02290322581 0.058 0.03820544914)
(0.0244516129 0.058 0.03820544914)
(0.02522580645 0.058 0.03686450658)
(0.026 0.058 0.03820544914)
(0.02677419355 0.058 0.03686450658)
(0.0275483871 0.058 0.03820544914)
(0.02832258065 0.058 0.03686450658)
(0.02909677419 0.058 0.03820544914)
(0.02987096774 0.058 0.03686450658)
(0.03064516129 0.058 0.03820544914)
(0.03141935484 0.058 0.03686450658)
(0.03219354839 0.058 0.03820544914)
(0.03296774194 0.058 0.03686450658)
(0.03374193548 0.058 0.03820544914)
(0.03451612903 0.058 0.03686450658)
(0.03529032258 0.058 0.03820544914)
(0.03606451613 0.058 0.03686450658)
(0.03683870968 0.058 0.03820544914)
(0.03761290323 0.058 0.03686450658)
(0.03838709677 0.058 0.03820544914)
(0.03916129032 0.058 0.03686450658)
(0.03993548387 0.058 0.03820544914)
(0.04070967742 0.058 0.03686450658)
(0.04148387097 0.058 0.03820544914)
(0.04225806452 0.058 0.03686450658)
(0.04303225806 0.058 0.03820544914)
(0.04380645161 0.058 0.03686450658)
(0.04458064516 0.058 0.03820544914)
(0.04535483871 0.058 0.03686450658)
(0.04612903226 0.058 0.03820544914)
(0.04690322581 0.058 0.03686450658)
(0.04767741935 0.058 0.03820544914)
(0.0484516129 0.058 0.03686450658)
(0.04922580645 0.058 0.03820544914)
(0.05 0.058 0.03686450658)
(0.05077419355 0.058 0.03820544914)
(0.0515483871 0.058 0.03686450658)
(0.05232258065 0.058 0.03820544914)
(0.05309677419 0.058 0.03686450658)
(0.05387096774 0.058 0.03820544914)
(0.05464516129 0.058 0.03686450658)
(0.05541935484 0.058 0.03820544914)
(0.05619354839 0.058 0.03686450658)
(0.05696774194 0.058 0.03820544914)
(0.05774193548 0.058 0.03686450658)
(0.05851612903 0.058 0.03820544914)
(0.05929032258 0.058 0.03686450658)
(0.06006451613 0.058 0.03820544914)
(0.06083870968 0.058 0.03686450658)
(0.06161290323 0.058 0.03820544914)
(0.06238709677 0.058 0.03686450658)
(0.06316129032 0.058 0.03820544914)
(0.06393548387 0.058 0.03686450658)
(0.06470967742 0.058 0.03820544914)
(0.06548387097 0.058 0.03686450658)
(0.06625806452 0.058 0.03820544914)
(0.06703225806 0.058 0.03686450658)
(0.06780645161 0.058 0.03820544914)
(0.06858064516 0.058 0.03686450658)
(0.06935483871 0.058 0.03820544914)
(0.07012903226 0.058 0.03686450658)
(0.07090322581 0.058 0.03820544914)
(0.07167741935 0.058 0.03686450658)
(0.0724516129 0.058 0.03820544914)
(0.07322580645 0.058 0.03686450658)
(0.074 0.058 0.03820544914)
(0.07477419355 0.058 0.03686450658)
(0.0755483871 0.058 0.03820544914)
(0.07632258065 0.058 0.03686450658)
(0.0755483871 0.058 0.03552356402)
(0.07709677419 0.058 0.03552356402)
(0.07787096774 0.058 0.03686450658)
(0.07864516129 0.058 0.03552356402)
(0.07941935484 0.058 0.03686450658)
(0.08019354839 0.058 0.03552356402)
(0.07941935484 0.058 0.03418262146)
(0.08096774194 0.058 0.03418262146)
(0.08174193548 0.058 0.03552356402)
(0.08019354839 0.058 0.0328416789)
(0.08174193548 0.058 0.0328416789)
(0.08096774194 0.058 0.03150073634)
(0.08251612903 0.058 0.03150073634)
(0.08174193548 0.058 0.03015979377)
(0.08329032258 0.058 0.03015979377)
(0.08251612903 0.058 0.02881885121)
(0.08406451613 0.058 0.03150073634)
(0.08406451613 0.058 0.02881885121)
(0.08329032258 0.058 0.02747790865)
(0.08483870968 0.058 0.02747790865)
(0.08406451613 0.058 0.02613696609)
(0.07090322581 0.058 0.03552356402)
(0.07941935484 0.058 0.03150073634)
(0.08561290323 0.058 0.02613696609)
(0.08483870968 0.058 0.02479602353)
(0.08329032258 0.058 0.02479602353)
(0.08406451613 0.058 0.02345508097)
(0.08561290323 0.058 0.02345508097)
(0.08483870968 0.058 0.02211413841)
(0.06161290323 0.058 0.03552356402)
(0.05387096774 0.058 0.03552356402)
(0.04767741935 0.058 0.03552356402)
(0.03993548387 0.058 0.03552356402)
(0.08638709677 0.058 0.02211413841)
(0.08561290323 0.058 0.02077319585)
(0.08638709677 0.058 0.02747790865)
(0.03374193548 0.058 0.03552356402)
(0.06625806452 0.058 0.03552356402)
(0.01283870968 0.058 0.03686450658)
(0.01361290323 0.058 0.03820544914)
(0.08716129032 0.058 0.02077319585)
(0.08638709677 0.058 0.01943225329)
(0.08251612903 0.058 0.02345508097)
(0.08483870968 0.058 0.01943225329)
(0.08561290323 0.058 0.01809131073)
(0.08716129032 0.058 0.01809131073)
(0.08638709677 0.058 0.01675036817)
(0.03141935484 0.058 0.0395463917)
(0.04225806452 0.058 0.0395463917)
(0.05 0.058 0.0395463917)
(0.05464516129 0.058 0.0395463917)
(0.06548387097 0.058 0.0395463917)
(0.07012903226 0.058 0.0395463917)
(0.01438709677 0.058 0.02077319585)
(0.01283870968 0.058 0.02077319585)
(0.02367741935 0.058 0.01272754049)
(0.02522580645 0.058 0.01272754049)
(0.01438709677 0.058 0.01272754049)
(0.01283870968 0.058 0.01272754049)
(0.08793548387 0.058 0.02211413841)
(0.01206451613 0.058 0.01406848305)
(0.08793548387 0.058 0.01675036817)
(0.08716129032 0.058 0.01540942561)
(0.01206451613 0.058 0.03820544914)
(0.01206451613 0.058 0.03552356402)
(0.02522580645 0.058 0.0395463917)
(0.01283870968 0.058 0.0395463917)
(0.01438709677 0.058 0.0395463917)
(0.03606451613 0.058 0.0395463917)
(0.05929032258 0.058 0.0395463917)
(0.07477419355 0.058 0.0395463917)
(0.08406451613 0.058 0.01809131073)
(0.08870967742 0.058 0.01540942561)
(0.08793548387 0.058 0.01406848305)
(0.01129032258 0.058 0.0395463917)
(0.01129032258 0.058 0.01272754049)
(0.02909677419 0.058 0.03552356402)
(0.02212903226 0.058 0.01272754049)
(0.026 0.058 0.01406848305)
(0.02677419355 0.058 0.01272754049)
(0.0275483871 0.058 0.01406848305)
(0.02832258065 0.058 0.01272754049)
(0.02909677419 0.058 0.01406848305)
(0.02987096774 0.058 0.01272754049)
(0.03064516129 0.058 0.01406848305)
(0.03141935484 0.058 0.01272754049)
(0.03219354839 0.058 0.01406848305)
(0.03296774194 0.058 0.01272754049)
(0.03374193548 0.058 0.01406848305)
(0.03451612903 0.058 0.01272754049)
(0.03529032258 0.058 0.01406848305)
(0.03606451613 0.058 0.01272754049)
(0.03683870968 0.058 0.01406848305)
(0.03761290323 0.058 0.01272754049)
(0.03838709677 0.058 0.01406848305)
(0.03916129032 0.058 0.01272754049)
(0.03993548387 0.058 0.01406848305)
(0.04070967742 0.058 0.01272754049)
(0.04148387097 0.058 0.01406848305)
(0.04225806452 0.058 0.01272754049)
(0.04303225806 0.058 0.01406848305)
(0.04380645161 0.058 0.01272754049)
(0.04458064516 0.058 0.01406848305)
(0.04535483871 0.058 0.01272754049)
(0.04612903226 0.058 0.01406848305)
(0.04690322581 0.058 0.01272754049)
(0.04767741935 0.058 0.01406848305)
(0.0484516129 0.058 0.01272754049)
(0.04922580645 0.058 0.01406848305)
(0.05 0.058 0.01272754049)
(0.05077419355 0.058 0.01406848305)
(0.0515483871 0.058 0.01272754049)
(0.05232258065 0.058 0.01406848305)
(0.05309677419 0.058 0.01272754049)
(0.05387096774 0.058 0.01406848305)
(0.05464516129 0.058 0.01272754049)
(0.05541935484 0.058 0.01406848305)
(0.05619354839 0.058 0.01272754049)
(0.05696774194 0.058 0.01406848305)
(0.05774193548 0.058 0.01272754049)
(0.05851612903 0.058 0.01406848305)
(0.05929032258 0.058 0.01272754049)
(0.06006451613 0.058 0.01406848305)
(0.06083870968 0.058 0.01272754049)
(0.06161290323 0.058 0.01406848305)
(0.06238709677 0.058 0.01272754049)
(0.06316129032 0.058 0.01406848305)
(0.06393548387 0.058 0.01272754049)
(0.08638709677 0.058 0.01406848305)
(0.08716129032 0.058 0.01272754049)
(0.08870967742 0.058 0.01272754049)
(0.08793548387 0.058 0.01138659792)
(0.06161290323 0.058 0.01138659792)
(0.05696774194 0.058 0.01138659792)
(0.05077419355 0.058 0.01138659792)
(0.04612903226 0.058 0.01138659792)
(0.03838709677 0.058 0.01138659792)
(0.03064516129 0.058 0.01138659792)
(0.02290322581 0.058 0.01138659792)
(0.02135483871 0.058 0.01138659792)
(0.01206451613 0.058 0.01138659792)
(0.08948387097 0.058 0.01138659792)
(0.01051612903 0.058 0.01138659792)
(0.08638709677 0.058 0.01138659792)
(0.01438709677 0.058 0.02881885121)
(0.01283870968 0.058 0.02881885121)
(0.01361290323 0.058 0.04088733426)
(0.01516129032 0.058 0.04088733426)
(0.01206451613 0.058 0.01943225329)
(0.01129032258 0.058 0.02077319585)
(0.01206451613 0.058 0.03015979377)
(0.01129032258 0.058 0.02881885121)
(0.01051612903 0.058 0.03015979377)
(0.01051612903 0.058 0.01406848305)
(0.01051612903 0.058 0.01943225329)
(0.08948387097 0.058 0.01675036817)
(0.08870967742 0.058 0.01004565536)
(0.06470967742 0.058 0.01406848305)
(0.06548387097 0.058 0.01272754049)
(0.02212903226 0.058 0.01004565536)
(0.02058064516 0.058 0.01004565536)
(0.01129032258 0.058 0.01004565536)
(0.009741935484 0.058 0.02881885121)
(0.09025806452 0.058 0.01004565536)
(0.009741935484 0.058 0.01004565536)
(0.009741935484 0.058 0.02077319585)
(0.08174193548 0.058 0.02747790865)
(0.09025806452 0.058 0.01272754049)
(0.05851612903 0.058 0.03552356402)
(0.05387096774 0.058 0.02479602353)
(0.02135483871 0.058 0.03820544914)
(0.03993548387 0.058 0.02479602353)
(0.04303225806 0.058 0.03552356402)
(0.08019354839 0.058 0.008704712803)
(0.04535483871 0.058 0.0395463917)
(0.07864516129 0.058 0.03820544914)
(0.03529032258 0.058 0.01138659792)
(0.06316129032 0.058 0.02479602353)
(0.08019354839 0.058 0.03820544914)
(0.07941935484 0.058 0.0395463917)
(0.08096774194 0.058 0.0395463917)
(0.08019354839 0.058 0.04088733426)
(0.08174193548 0.058 0.04088733426)
(0.08251612903 0.058 0.0395463917)
(0.08329032258 0.058 0.04088733426)
(0.08406451613 0.058 0.0395463917)
(0.08483870968 0.058 0.04088733426)
(0.08561290323 0.058 0.0395463917)
(0.08638709677 0.058 0.04088733426)
(0.08716129032 0.058 0.0395463917)
(0.08793548387 0.058 0.04088733426)
(0.08870967742 0.058 0.0395463917)
(0.08793548387 0.058 0.03820544914)
(0.08948387097 0.058 0.04088733426)
(0.08948387097 0.058 0.03820544914)
(0.08870967742 0.058 0.03686450658)
(0.09025806452 0.058 0.03686450658)
(0.08948387097 0.058 0.03552356402)
(0.02677419355 0.058 0.02613696609)
(0.0275483871 0.058 0.01138659792)
(0.01283870968 0.058 0.01004565536)
(0.01051612903 0.058 0.03820544914)
(0.009741935484 0.058 0.0395463917)
(0.01051612903 0.058 0.04088733426)
(0.01593548387 0.058 0.02077319585)
(0.074 0.058 0.01943225329)
(0.03296774194 0.058 0.02077319585)
(0.02290322581 0.058 0.02211413841)
(0.04070967742 0.058 0.01540942561)
(0.04690322581 0.058 0.02077319585)
(0.02832258065 0.058 0.0395463917)
(0.04303225806 0.058 0.01138659792)
(0.04612903226 0.058 0.02479602353)
(0.01516129032 0.058 0.02211413841)
(0.01670967742 0.058 0.02211413841)
(0.05309677419 0.058 0.02077319585)
(0.02212903226 0.058 0.0395463917)
(0.01206451613 0.058 0.02211413841)
(0.05077419355 0.058 0.03552356402)
(0.07709677419 0.058 0.01406848305)
(0.06935483871 0.058 0.02479602353)
(0.0755483871 0.058 0.008704712803)
(0.06470967742 0.058 0.01138659792)
(0.06625806452 0.058 0.01138659792)
(0.06548387097 0.058 0.01004565536)
(0.06703225806 0.058 0.01004565536)
(0.06238709677 0.058 0.0395463917)
(0.03916129032 0.058 0.0395463917)
(0.07012903226 0.058 0.01809131073)
(0.07090322581 0.058 0.02479602353)
(0.07012903226 0.058 0.02613696609)
(0.07167741935 0.058 0.02613696609)
(0.07090322581 0.058 0.02747790865)
(0.0724516129 0.058 0.02747790865)
(0.07167741935 0.058 0.02881885121)
(0.07012903226 0.058 0.02881885121)
(0.07322580645 0.058 0.02881885121)
(0.074 0.058 0.02747790865)
(0.03683870968 0.058 0.03552356402)
(0.05387096774 0.058 0.01138659792)
(0.008967741935 0.058 0.03015979377)
(0.008967741935 0.058 0.04088733426)
(0.009741935484 0.058 0.04222827682)
(0.01438709677 0.058 0.04222827682)
(0.01593548387 0.058 0.04222827682)
(0.08096774194 0.058 0.04222827682)
(0.07941935484 0.058 0.04222827682)
(0.08406451613 0.058 0.04222827682)
(0.08716129032 0.058 0.04222827682)
(0.09103225806 0.058 0.03552356402)
(0.09025806452 0.058 0.03418262146)
(0.09103225806 0.058 0.03820544914)
(0.008967741935 0.058 0.01138659792)
(0.008967741935 0.058 0.03820544914)
(0.008967741935 0.058 0.01943225329)
(0.08948387097 0.058 0.008704712803)
(0.08793548387 0.058 0.008704712803)
(0.09103225806 0.058 0.008704712803)
(0.0724516129 0.058 0.03015979377)
(0.01593548387 0.058 0.0395463917)
(0.074 0.058 0.03015979377)
(0.08793548387 0.058 0.03552356402)
(0.03606451613 0.058 0.01540942561)
(0.02832258065 0.058 0.01540942561)
(0.03141935484 0.058 0.01540942561)
(0.026 0.058 0.03552356402)
(0.0484516129 0.058 0.01540942561)
(0.04535483871 0.058 0.01540942561)
(0.01593548387 0.058 0.02881885121)
(0.06780645161 0.058 0.01138659792)
(0.06858064516 0.058 0.01004565536)
(0.05929032258 0.058 0.01540942561)
(0.05464516129 0.058 0.01540942561)
(0.0515483871 0.058 0.01540942561)
(0.01361290323 0.058 0.02747790865)
(0.06625806452 0.058 0.01406848305)
(0.06393548387 0.058 0.01540942561)
(0.01051612903 0.058 0.02747790865)
(0.008967741935 0.058 0.02747790865)
(0.06625806452 0.058 0.008704712803)
(0.06470967742 0.058 0.008704712803)
(0.02135483871 0.058 0.008704712803)
(0.01980645161 0.058 0.008704712803)
(0.02290322581 0.058 0.008704712803)
(0.01206451613 0.058 0.008704712803)
(0.01361290323 0.058 0.008704712803)
(0.008193548387 0.058 0.01004565536)
(0.08019354839 0.058 0.04356921938)
(0.07864516129 0.058 0.04356921938)
(0.008193548387 0.058 0.04222827682)
(0.008967741935 0.058 0.04356921938)
(0.01903225806 0.058 0.01004565536)
(0.04070967742 0.058 0.02077319585)
(0.008967741935 0.058 0.008704712803)
(0.008193548387 0.058 0.02077319585)
(0.008967741935 0.058 0.02211413841)
(0.09180645161 0.058 0.01004565536)
(0.09180645161 0.058 0.03418262146)
(0.09103225806 0.058 0.0328416789)
(0.08948387097 0.058 0.0328416789)
(0.09025806452 0.058 0.03150073634)
(0.09180645161 0.058 0.03150073634)
(0.09103225806 0.058 0.03015979377)
(0.01516129032 0.058 0.04356921938)
(0.01670967742 0.058 0.04356921938)
(0.01748387097 0.058 0.04222827682)
(0.01825806452 0.058 0.04356921938)
(0.08096774194 0.058 0.007363770243)
(0.08174193548 0.058 0.008704712803)
(0.08251612903 0.058 0.007363770243)
(0.08870967742 0.058 0.007363770243)
(0.08870967742 0.058 0.02077319585)
(0.08948387097 0.058 0.02211413841)
(0.09025806452 0.058 0.02077319585)
(0.09103225806 0.058 0.02211413841)
(0.09025806452 0.058 0.02345508097)
(0.09180645161 0.058 0.02345508097)
(0.09180645161 0.058 0.02077319585)
(0.09103225806 0.058 0.02479602353)
(0.07322580645 0.058 0.03150073634)
(0.07167741935 0.058 0.03150073634)
(0.08329032258 0.058 0.01943225329)
(0.08251612903 0.058 0.01809131073)
(0.08174193548 0.058 0.01943225329)
(0.08096774194 0.058 0.01809131073)
(0.08174193548 0.058 0.01675036817)
(0.08019354839 0.058 0.01943225329)
(0.01361290323 0.058 0.04356921938)
(0.01980645161 0.058 0.03552356402)
(0.07632258065 0.058 0.03418262146)
(0.009741935484 0.058 0.03150073634)
(0.008193548387 0.058 0.03150073634)
(0.008967741935 0.058 0.0328416789)
(0.01670967742 0.058 0.01406848305)
(0.01825806452 0.058 0.008704712803)
(0.01980645161 0.058 0.01943225329)
(0.026 0.058 0.01943225329)
(0.01593548387 0.058 0.02345508097)
(0.01748387097 0.058 0.02345508097)
(0.06935483871 0.058 0.01138659792)
(0.07012903226 0.058 0.01004565536)
(0.06935483871 0.058 0.008704712803)
(0.07090322581 0.058 0.008704712803)
(0.07012903226 0.058 0.007363770243)
(0.08483870968 0.058 0.03820544914)
(0.08870967742 0.058 0.03150073634)
(0.08716129032 0.058 0.007363770243)
(0.07167741935 0.058 0.007363770243)
(0.06548387097 0.058 0.007363770243)
(0.06393548387 0.058 0.007363770243)
(0.02212903226 0.058 0.007363770243)
(0.02367741935 0.058 0.007363770243)
(0.09258064516 0.058 0.03552356402)
(0.09258064516 0.058 0.008704712803)
(0.007419354839 0.058 0.008704712803)
(0.09258064516 0.058 0.02479602353)
(0.007419354839 0.058 0.01943225329)
(0.008193548387 0.058 0.01809131073)
(0.09257243065 0.058 0.03015505112)
(0.00742756935 0.058 0.03015505112)
(0.007419354839 0.058 0.04356921938)
(0.007433666623 0.058 0.04087907135)
(0.007419354839 0.058 0.0328416789)
(0.007419354839 0.058 0.02211413841)
(0.007419354839 0.058 0.01138659792)
(0.09180645161 0.058 0.007363770243)
(0.08329032258 0.058 0.008704712803)
(0.08251612903 0.058 0.01004565536)
(0.08019354839 0.058 0.01675036817)
(0.08096774194 0.058 0.01540942561)
(0.01903225806 0.058 0.04222827682)
(0.01980645161 0.058 0.04356921938)
(0.008193548387 0.058 0.03418262146)
(0.01748387097 0.058 0.01004565536)
(0.01129032258 0.058 0.01540942561)
(0.02058064516 0.058 0.01272754049)
(0.0244516129 0.058 0.008704712803)
(0.02522580645 0.058 0.007363770243)
(0.01670967742 0.058 0.02479602353)
(0.01825806452 0.058 0.02479602353)
(0.01903225806 0.058 0.02345508097)
(0.009741935484 0.058 0.02613696609)
(0.008193548387 0.058 0.02613696609)
(0.07787096774 0.058 0.04222827682)
(0.07709677419 0.058 0.04356921938)
(0.09180508253 0.058 0.02881806077)
(0.08948387097 0.058 0.02479602353)
(0.08251612903 0.058 0.01540942561)
(0.08174193548 0.058 0.01406848305)
(0.09025783634 0.058 0.02881871947)
(0.01903225806 0.058 0.007363770243)
(0.01748387097 0.058 0.007363770243)
(0.01283870968 0.058 0.007363770243)
(0.008193548387 0.058 0.007363770243)
(0.09329617511 0.058 0.03147855618)
(0.09335483871 0.058 0.01004565536)
(0.01438709677 0.058 0.04491016194)
(0.01283870968 0.058 0.04491016194)
(0.01748387097 0.058 0.04491016194)
(0.008193548387 0.058 0.04491016194)
(0.07787096774 0.058 0.04491016194)
(0.07632258065 0.058 0.04491016194)
(0.0755483871 0.058 0.04356921938)
(0.07477419355 0.058 0.04491016194)
(0.074 0.058 0.04356921938)
(0.07322580645 0.058 0.04491016194)
(0.0724516129 0.058 0.04356921938)
(0.07167741935 0.058 0.04491016194)
(0.07090322581 0.058 0.04356921938)
(0.07012903226 0.058 0.04491016194)
(0.06935483871 0.058 0.04356921938)
(0.06858064516 0.058 0.04491016194)
(0.06780645161 0.058 0.04356921938)
(0.06703225806 0.058 0.04491016194)
(0.06625806452 0.058 0.04356921938)
(0.06548387097 0.058 0.04491016194)
(0.06470967742 0.058 0.04356921938)
(0.06393548387 0.058 0.04491016194)
(0.06316129032 0.058 0.04356921938)
(0.06238709677 0.058 0.04491016194)
(0.06161290323 0.058 0.04356921938)
(0.06083870968 0.058 0.04491016194)
(0.06006451613 0.058 0.04356921938)
(0.05929032258 0.058 0.04491016194)
(0.05851612903 0.058 0.04356921938)
(0.05774193548 0.058 0.04491016194)
(0.05696774194 0.058 0.04356921938)
(0.05619354839 0.058 0.04491016194)
(0.05541935484 0.058 0.04356921938)
(0.05464516129 0.058 0.04491016194)
(0.05387096774 0.058 0.04356921938)
(0.05309677419 0.058 0.04491016194)
(0.05232258065 0.058 0.04356921938)
(0.0515483871 0.058 0.04491016194)
(0.05077419355 0.058 0.04356921938)
(0.05 0.058 0.04491016194)
(0.04922580645 0.058 0.04356921938)
(0.0484516129 0.058 0.04491016194)
(0.04767741935 0.058 0.04356921938)
(0.04690322581 0.058 0.04491016194)
(0.04612903226 0.058 0.04356921938)
(0.04535483871 0.058 0.04491016194)
(0.04458064516 0.058 0.04356921938)
(0.04380645161 0.058 0.04491016194)
(0.04303225806 0.058 0.04356921938)
(0.04227676989 0.058 0.04489936239)
(0.04148698853 0.058 0.04356741946)
(0.04073201995 0.058 0.0448744026)
(0.03993764885 0.058 0.04356602557)
(0.03916537491 0.058 0.04488080987)
(0.03838813837 0.058 0.04356379507)
(0.03761375759 0.058 0.04490436588)
(0.03683902567 0.058 0.04356734932)
(0.03606471119 0.058 0.04490888425)
(0.03529040776 0.058 0.04356869476)
(0.03451617574 0.058 0.04490986156)
(0.03374195746 0.058 0.04356908188)
(0.03296775338 0.058 0.04491008896)
(0.03219355396 0.058 0.0435691843)
(0.03143806305 0.058 0.04489934438)
(0.03064828025 0.058 0.04356741061)
(0.02989331098 0.058 0.04487439812)
(0.02909893935 0.058 0.04356602443)
(0.02832666538 0.058 0.04488080894)
(0.02754942874 0.058 0.04356379472)
(0.02677504795 0.058 0.04490436567)
(0.02600031601 0.058 0.04356734923)
(0.02522600152 0.058 0.0449088842)
(0.02445169808 0.058 0.04356869473)
(0.02367746606 0.058 0.04490986154)
(0.006639897155 0.058 0.03418262146)
(0.00664516129 0.058 0.04491016194)
(0.09334502693 0.058 0.02881318638)
(0.00664516129 0.058 0.01809131073)
(0.007419354839 0.058 0.01675036817)
(0.00664516129 0.058 0.007363770243)
(0.09335483871 0.058 0.007363770243)
(0.09333233799 0.058 0.02346807177)
(0.005870967742 0.058 0.008704712803)
(0.005854187473 0.058 0.01940274433)
(0.08793548387 0.058 0.006022827682)
(0.08638709677 0.058 0.006022827682)
(0.07477419355 0.058 0.03150073634)
(0.0755483871 0.058 0.03015979377)
(0.0724516129 0.058 0.0328416789)
(0.08793548387 0.058 0.0328416789)
(0.07090322581 0.058 0.0328416789)
(0.09258064516 0.058 0.006022827682)
(0.07090322581 0.058 0.01138659792)
(0.08174193548 0.058 0.02479602353)
(0.08096774194 0.058 0.02345508097)
(0.08019354839 0.058 0.02479602353)
(0.07941935484 0.058 0.02345508097)
(0.07864516129 0.058 0.02479602353)
(0.07787096774 0.058 0.02345508097)
(0.07709677419 0.058 0.02479602353)
(0.07787096774 0.058 0.02613696609)
(0.07632258065 0.058 0.02345508097)
(0.07709677419 0.058 0.02211413841)
(0.09103225806 0.058 0.01943225329)
(0.09257891112 0.058 0.01943125214)
(0.08174193548 0.058 0.006022827682)
(0.09331705707 0.058 0.02076031087)
(0.09258064516 0.058 0.01138659792)
(0.09180616261 0.058 0.01809114387)
(0.09335276749 0.058 0.01809011491)
(0.09258025179 0.058 0.01675014105)
(0.08019354839 0.058 0.01406848305)
(0.08174193548 0.058 0.04356921938)
(0.08096774194 0.058 0.04491016194)
(0.08251612903 0.058 0.04491016194)
(0.06858064516 0.058 0.007363770243)
(0.05774193548 0.058 0.04222827682)
(0.06316129032 0.058 0.008704712803)
(0.06238709677 0.058 0.007363770243)
(0.01670967742 0.058 0.03552356402)
(0.02367741935 0.058 0.03418262146)
(0.009741935484 0.058 0.04491016194)
(0.07012903226 0.058 0.01272754049)
(0.09025806452 0.058 0.01540942561)
(0.007418477483 0.058 0.03552356402)
(0.06858064516 0.058 0.04222827682)
(0.008967703872 0.058 0.03552356402)
(0.02290324779 0.058 0.04356908187)
(0.008193548387 0.058 0.01272754049)
(0.00664516129 0.058 0.01272754049)
(0.01129032258 0.058 0.007363770243)
(0.01438709677 0.058 0.01004565536)
(0.02290322581 0.058 0.02479602353)
(0.01903225806 0.058 0.01540942561)
(0.07322580645 0.058 0.04222827682)
(0.02909677419 0.058 0.02479602353)
(0.01438709677 0.058 0.02345508097)
(0.01051612903 0.058 0.0328416789)
(0.01438709677 0.058 0.007363770243)
(0.01129032258 0.058 0.02613696609)
(0.07090322581 0.058 0.006022827682)
(0.0724516129 0.058 0.006022827682)
(0.026 0.058 0.008704712803)
(0.02677419355 0.058 0.007363770243)
(0.01825806452 0.058 0.01138659792)
(0.01825806452 0.058 0.03015979377)
(0.01980645161 0.058 0.02479602353)
(0.01903225806 0.058 0.02613696609)
(0.0275483871 0.058 0.008704712803)
(0.02832258065 0.058 0.007363770243)
(0.05309677419 0.058 0.04222827682)
(0.007419354839 0.058 0.02747790865)
(0.00664516129 0.058 0.02613696609)
(0.06161290323 0.058 0.008704712803)
(0.06083870968 0.058 0.007363770243)
(0.06006451613 0.058 0.008704712803)
(0.05929032258 0.058 0.007363770243)
(0.07012903226 0.058 0.03150073634)
(0.06935483871 0.058 0.0328416789)
(0.06858064516 0.058 0.03150073634)
(0.06780645161 0.058 0.0328416789)
(0.06703225806 0.058 0.03150073634)
(0.06625806452 0.058 0.0328416789)
(0.06548387097 0.058 0.03150073634)
(0.06625806452 0.058 0.03015979377)
(0.06470967742 0.058 0.03015979377)
(0.06393548387 0.058 0.03150073634)
(0.06316129032 0.058 0.03015979377)
(0.06238709677 0.058 0.03150073634)
(0.06161290323 0.058 0.03015979377)
(0.06083870968 0.058 0.03150073634)
(0.06006451613 0.058 0.03015979377)
(0.06083870968 0.058 0.02881885121)
(0.05929032258 0.058 0.02881885121)
(0.05851612903 0.058 0.03015979377)
(0.05774193548 0.058 0.02881885121)
(0.05696774194 0.058 0.03015979377)
(0.05619354839 0.058 0.02881885121)
(0.05541935484 0.058 0.03015979377)
(0.05464516129 0.058 0.02881885121)
(0.05387096774 0.058 0.03015979377)
(0.05309677419 0.058 0.02881885121)
(0.05232258065 0.058 0.03015979377)
(0.0515483871 0.058 0.02881885121)
(0.05077419355 0.058 0.03015979377)
(0.05 0.058 0.02881885121)
(0.04922580645 0.058 0.03015979377)
(0.0484516129 0.058 0.02881885121)
(0.04767741935 0.058 0.03015979377)
(0.04690322581 0.058 0.02881885121)
(0.04612903226 0.058 0.03015979377)
(0.04535483871 0.058 0.02881885121)
(0.04458064516 0.058 0.03015979377)
(0.04380645161 0.058 0.02881885121)
(0.04303225806 0.058 0.03015979377)
(0.04225806452 0.058 0.02881885121)
(0.04148387097 0.058 0.03015979377)
(0.04070967742 0.058 0.02881885121)
(0.03993548387 0.058 0.03015979377)
(0.03916129032 0.058 0.02881885121)
(0.03838709677 0.058 0.03015979377)
(0.03761290323 0.058 0.02881885121)
(0.03683870968 0.058 0.03015979377)
(0.03606451613 0.058 0.02881885121)
(0.03529032258 0.058 0.03015979377)
(0.03451612903 0.058 0.02881885121)
(0.03374193548 0.058 0.03015979377)
(0.03296774194 0.058 0.02881885121)
(0.03219354839 0.058 0.03015979377)
(0.03141935484 0.058 0.02881885121)
(0.03064516129 0.058 0.03015979377)
(0.05619354839 0.058 0.03150073634)
(0.04535483871 0.058 0.03150073634)
(0.03141935484 0.058 0.03150073634)
(0.02987096774 0.058 0.03150073634)
(0.02909677419 0.058 0.03015979377)
(0.02832258065 0.058 0.03150073634)
(0.06393548387 0.058 0.02881885121)
(0.0515483871 0.058 0.03150073634)
(0.0484516129 0.058 0.03150073634)
(0.04070967742 0.058 0.03150073634)
(0.03761290323 0.058 0.03150073634)
(0.03451612903 0.058 0.03150073634)
(0.03374193548 0.058 0.02747790865)
(0.03838709677 0.058 0.02747790865)
(0.04148387097 0.058 0.02747790865)
(0.04767741935 0.058 0.02747790865)
(0.04458064516 0.058 0.02747790865)
(0.05232258065 0.058 0.02747790865)
(0.05541935484 0.058 0.02747790865)
(0.06006451613 0.058 0.02747790865)
(0.06316129032 0.058 0.0328416789)
(0.02909677419 0.058 0.008704712803)
(0.02987096774 0.058 0.007363770243)
(0.02058064516 0.058 0.0395463917)
(0.01980645161 0.058 0.03820544914)
(0.01825806452 0.058 0.04088733426)
(0.06858064516 0.058 0.02613696609)
(0.0724516129 0.058 0.02479602353)
(0.0275483871 0.058 0.03015979377)
(0.02677419355 0.058 0.03150073634)
(0.02832258065 0.058 0.02881885121)
(0.0755483871 0.058 0.02211413841)
(0.07632258065 0.058 0.0395463917)
(0.05851612903 0.058 0.008704712803)
(0.05774193548 0.058 0.007363770243)
(0.07632258065 0.058 0.02077319585)
(0.06083870968 0.058 0.04222827682)
(0.0755483871 0.058 0.006022827682)
(0.03064516129 0.058 0.008704712803)
(0.03141935484 0.058 0.007363770243)
(0.03219354839 0.058 0.008704712803)
(0.03296774194 0.058 0.007363770243)
(0.08638709677 0.058 0.008704712803)
(0.03374193548 0.058 0.008704712803)
(0.03451612903 0.058 0.007363770243)
(0.01051612903 0.058 0.02479602353)
(0.0484516129 0.058 0.04222827682)
(0.08329032258 0.058 0.006022827682)
(0.06161290323 0.058 0.02747790865)
(0.0724516129 0.058 0.008704712803)
(0.03529032258 0.058 0.008704712803)
(0.03606451613 0.058 0.007363770243)
(0.03683870968 0.058 0.008704712803)
(0.03761290323 0.058 0.007363770243)
(0.07632258065 0.058 0.03150073634)
(0.07709677419 0.058 0.03015979377)
(0.06393548387 0.058 0.04222827682)
(0.08716129032 0.058 0.03150073634)
(0.08793548387 0.058 0.03015979377)
(0.07632258065 0.058 0.02881885121)
(0.09333783402 0.058 0.03419243912)
(0.08638709677 0.058 0.0328416789)
(0.03838709677 0.058 0.008704712803)
(0.03916129032 0.058 0.007363770243)
(0.03993548387 0.058 0.008704712803)
(0.04070967742 0.058 0.007363770243)
(0.04148387097 0.058 0.008704712803)
(0.04225806452 0.058 0.007363770243)
(0.08096774194 0.058 0.01272754049)
(0.08251612903 0.058 0.01272754049)
(0.04303225806 0.058 0.008704712803)
(0.04380645161 0.058 0.007363770243)
(0.04458064516 0.058 0.008704712803)
(0.04535483871 0.058 0.007363770243)
(0.0755483871 0.058 0.02479602353)
(0.04612903226 0.058 0.008704712803)
(0.04690322581 0.058 0.007363770243)
(0.04767741935 0.058 0.008704712803)
(0.0484516129 0.058 0.007363770243)
(0.04922580645 0.058 0.008704712803)
(0.05 0.058 0.007363770243)
(0.08948387097 0.058 0.006022827682)
(0.05696774194 0.058 0.008704712803)
(0.05619354839 0.058 0.007363770243)
(0.05541935484 0.058 0.008704712803)
(0.05464516129 0.058 0.007363770243)
(0.05387096774 0.058 0.008704712803)
(0.05309677419 0.058 0.007363770243)
(0.05232258065 0.058 0.008704712803)
(0.06161290323 0.058 0.006022827682)
(0.04380645161 0.058 0.04222827682)
(0.03064516129 0.058 0.0328416789)
(0.03451614689 0.058 0.04222816647)
(0.06470967742 0.058 0.006022827682)
(0.06625806452 0.058 0.006022827682)
(0.04071055784 0.058 0.04222744453)
(0.0275483871 0.058 0.0328416789)
(0.03219354839 0.058 0.0328416789)
(0.03761306484 0.058 0.04222740844)
(0.05696774194 0.058 0.006022827682)
(0.02987184843 0.058 0.04222744287)
(0.04612903226 0.058 0.006022827682)
(0.02677435517 0.058 0.04222740839)
(0.07787096774 0.058 0.02881885121)
(0.02367743721 0.058 0.04222816646)
(0.05387096774 0.058 0.006022827682)
(0.02135483871 0.058 0.04088733426)
(0.04922580645 0.058 0.006022827682)
(0.05077419355 0.058 0.006022827682)
(0.02212904371 0.058 0.04491008896)
(0.03838709677 0.058 0.006022827682)
(0.04148387097 0.058 0.006022827682)
(0.03064516129 0.058 0.006022827682)
(0.03374193548 0.058 0.006022827682)
(0.02290322581 0.058 0.006022827682)
(0.026 0.058 0.006022827682)
(0.01206451613 0.058 0.006022827682)
(0.01825806452 0.058 0.006022827682)
(0.02135483871 0.058 0.006022827682)
(0.007419354839 0.058 0.006022827682)
(0.01051612903 0.058 0.006022827682)
(0.01670967742 0.058 0.006022827682)
(0.005909009559 0.058 0.04359118283)
(0.09412903226 0.058 0.006022827682)
(0.005870967742 0.058 0.006022827682)
(0.005897227028 0.058 0.03285774379)
(0.0321992297 0.058 0.04623594472)
(0.04303793875 0.058 0.04623594867)
(0.05077419355 0.058 0.0462511045)
(0.05541935484 0.058 0.04622824463)
(0.06625806452 0.058 0.04622824463)
(0.07090322581 0.058 0.04622824463)
(0.008986447313 0.058 0.04624030495)
(0.0244516129 0.058 0.0462511045)
(0.01361290323 0.058 0.0462511045)
(0.02756233607 0.058 0.04618938909)
(0.03529032258 0.058 0.0462511045)
(0.03840104573 0.058 0.04618938922)
(0.04612903226 0.058 0.0462511045)
(0.05851612903 0.058 0.0462511045)
(0.06161290323 0.058 0.0462511045)
(0.074 0.058 0.0462511045)
(0.07709677419 0.058 0.0462511045)
(0.005870967742 0.058 0.02747790865)
(0.09412862149 0.058 0.01675013101)
(0.09335470469 0.058 0.01540934823)
(0.005870967742 0.058 0.01675036817)
(0.0105192466 0.058 0.0462264447)
(0.00589876004 0.058 0.01137055203)
(0.09412903226 0.058 0.03552356402)
(0.09335483871 0.058 0.03686450658)
(0.005850676176 0.058 0.03552143839)
(0.006641633137 0.058 0.03686415231)
(0.01516129032 0.058 0.0462511045)
(0.07864516129 0.058 0.0462511045)
(0.09412528214 0.058 0.02479818866)
(0.08870967742 0.058 0.004681885121)
(0.02677419355 0.058 0.02881885121)
(0.06083870968 0.058 0.02613696609)
(0.07787096774 0.058 0.02077319585)
(0.07709677419 0.058 0.01943225329)
(0.08406451613 0.058 0.01004565536)
(0.06858064516 0.058 0.03418262146)
(0.07167741935 0.058 0.01272754049)
(0.01206451613 0.058 0.04356921938)
(0.07477419355 0.058 0.03418262146)
(0.09025806452 0.058 0.02613696609)
(0.08251612903 0.058 0.02077319585)
(0.01670967742 0.058 0.01138659792)
(0.01129032258 0.058 0.01809131073)
(0.08019354839 0.058 0.02211413841)
(0.02058064516 0.058 0.02345508097)
(0.01980645161 0.058 0.02211413841)
(0.00664516129 0.058 0.01540942561)
(0.01748387097 0.058 0.02077319585)
(0.02522580645 0.058 0.01004565536)
(0.008193548387 0.058 0.01540942561)
(0.05929032258 0.058 0.01004565536)
(0.03296774194 0.058 0.01004565536)
(0.01206451613 0.058 0.02479602353)
(0.008193548387 0.058 0.02345508097)
(0.00664516129 0.058 0.02345508097)
(0.005870967742 0.058 0.02211413841)
(0.0755483871 0.058 0.04088733426)
(0.08870967742 0.058 0.02613696609)
(0.08793548387 0.058 0.02479602353)
(0.08638709677 0.058 0.03015979377)
(0.09257878168 0.058 0.02747683277)
(0.09412708638 0.058 0.0274767852)
(0.04070967742 0.058 0.01004565536)
(0.0484516129 0.058 0.01004565536)
(0.026 0.058 0.0328416789)
(0.06548387097 0.058 0.004681885121)
(0.03141935484 0.058 0.03418262146)
(0.05 0.058 0.004681885121)
(0.02212903226 0.058 0.004681885121)
(0.01129032258 0.058 0.004681885121)
(0.09410123996 0.058 0.01137055203)
(0.09488242125 0.058 0.01003346225)
(0.09335020666 0.058 0.01272486617)
(0.009782983395 0.058 0.04749482644)
(0.08174193548 0.058 0.0462511045)
(0.08329032258 0.058 0.0462511045)
(0.08406451613 0.058 0.04491016194)
(0.08483870968 0.058 0.0462511045)
(0.08561290323 0.058 0.04491016194)
(0.08638709677 0.058 0.0462511045)
(0.08716129032 0.058 0.04491016194)
(0.08795418925 0.058 0.04621747727)
(0.08871279498 0.058 0.0449045574)
(0.0895062135 0.058 0.04623376632)
(0.09026230787 0.058 0.04490633816)
(0.09105539442 0.058 0.04618986182)
(0.09180877982 0.058 0.04489296588)
(0.09103281687 0.058 0.04356743198)
(0.09255424262 0.058 0.04355053415)
(0.09329347148 0.058 0.04481951572)
(0.09180214432 0.058 0.04222486472)
(0.09332283669 0.058 0.04220907261)
(0.09257459361 0.058 0.04088356488)
(0.09409143652 0.058 0.04086546113)
(0.09507259021 0.058 0.04223603927)
(0.09334756416 0.058 0.03954211795)
(0.09032176046 0.058 0.04747564359)
(0.09512387793 0.058 0.01276098197)
(0.004875460353 0.058 0.01276136401)
(0.005110668489 0.058 0.02340536026)
(0.09483824143 0.058 0.02337723419)
(0.09490322581 0.058 0.0395463917)
(0.005096774194 0.058 0.04491016194)
(0.005870967742 0.058 0.04622824463)
(0.0948855414 0.058 0.03413633386)
(0.09489538809 0.058 0.02886277413)
(0.09567653359 0.058 0.02751312878)
(0.09550590196 0.058 0.03023359256)
(0.09490322581 0.058 0.01540942561)
(0.09566954141 0.058 0.01674065618)
(0.005096774194 0.058 0.01540942561)
(0.004341618711 0.058 0.01673517559)
(0.09494992643 0.058 0.03686068675)
(0.005044226302 0.058 0.03685766815)
(0.005861621734 0.058 0.03820425036)
(0.004310205114 0.058 0.03825228332)
(0.00512190052 0.058 0.03961379805)
(0.004499577681 0.058 0.04103199056)
(0.005071922254 0.058 0.0261239217)
(0.004317529707 0.058 0.02750382147)
(0.005101810474 0.058 0.02886822431)
(0.004439261072 0.058 0.03027526816)
(0.09494219602 0.058 0.007369653301)
(0.095693024 0.058 0.005968194114)
(0.004322580645 0.058 0.0462511045)
(0.005091516781 0.058 0.04757074612)
(0.004291004781 0.058 0.03543873877)
(0.09566932104 0.058 0.008754567551)
(0.005065189383 0.058 0.03418262146)
(0.09565425625 0.058 0.02465530539)
(0.09547707449 0.058 0.02187435132)
(0.004327070627 0.058 0.02470094494)
(0.09335272954 0.058 0.004680667394)
(0.09025806452 0.058 0.004681885121)
(0.02522580645 0.058 0.03150073634)
(0.0275483871 0.058 0.02747790865)
(0.02909677419 0.058 0.02747790865)
(0.07864516129 0.058 0.03015979377)
(0.07941935484 0.058 0.02881885121)
(0.08251612903 0.058 0.004681885121)
(0.08406451613 0.058 0.004681885121)
(0.08948387097 0.058 0.003340942561)
(0.09180587346 0.058 0.03954604275)
(0.09413560327 0.058 0.03820410021)
(0.09568000774 0.058 0.03822108637)
(0.09569587511 0.058 0.03542626347)
(0.09546777295 0.058 0.03265594574)
(0.09103159377 0.058 0.04088687687)
(0.05929032258 0.058 0.02613696609)
(0.07941935484 0.058 0.004681885121)
(0.09491504709 0.058 0.004627865334)
(0.0755483871 0.058 0.0328416789)
(0.07709677419 0.058 0.0328416789)
(0.0918056796 0.058 0.01272709477)
(0.07477419355 0.058 0.004681885121)
(0.08948519092 0.058 0.04356735009)
(0.09491919023 0.058 0.01811907057)
(0.09555447874 0.058 0.01946037353)
(0.06238709677 0.058 0.02613696609)
(0.07167741935 0.058 0.03418262146)
(0.02832258065 0.058 0.02613696609)
(0.02987096774 0.058 0.02613696609)
(0.074 0.058 0.0328416789)
(0.07941935484 0.058 0.01540942561)
(0.07864516129 0.058 0.01675036817)
(0.07864516129 0.058 0.01406848305)
(0.07941935484 0.058 0.01809131073)
(0.07787096774 0.058 0.01809131073)
(0.08716129032 0.058 0.004681885121)
(0.07477419355 0.058 0.02077319585)
(0.06006451613 0.058 0.006022827682)
(0.06083870968 0.058 0.004681885121)
(0.09025801635 0.058 0.01809128292)
(0.06006451613 0.058 0.02479602353)
(0.05774193548 0.058 0.02613696609)
(0.05464516129 0.058 0.04222827682)
(0.06780645161 0.058 0.03552356402)
(0.08716129032 0.058 0.03418262146)
(0.08561290323 0.058 0.03418262146)
(0.07864516129 0.058 0.01943225329)
(0.07632258065 0.058 0.01809131073)
(0.0724516129 0.058 0.01138659792)
(0.05077419355 0.058 0.008704712803)
(0.0647283828 0.058 0.04623649497)
(0.06552439929 0.058 0.04749449143)
(0.05696774194 0.058 0.02479602353)
(0.05619354839 0.058 0.02613696609)
(0.08019354839 0.058 0.03015979377)
(0.06935483871 0.058 0.02747790865)
(0.06780645161 0.058 0.02747790865)
(0.06858064516 0.058 0.02881885121)
(0.026 0.058 0.02747790865)
(0.08329032258 0.058 0.0328416789)
(0.06703225806 0.058 0.04222827682)
(0.06780645161 0.058 0.04088733426)
(0.05696774194 0.058 0.02747790865)
(0.05464516129 0.058 0.02613696609)
(0.05851612903 0.058 0.006022827682)
(0.08948386294 0.058 0.01943224865)
(0.07941935484 0.058 0.01272754049)
(0.08019354839 0.058 0.01138659792)
(0.08329032258 0.058 0.01138659792)
(0.05464516129 0.058 0.03150073634)
(0.05541935484 0.058 0.0328416789)
(0.05696774194 0.058 0.0328416789)
(0.05387096774 0.058 0.0328416789)
(0.05619354839 0.058 0.03418262146)
(0.06703225806 0.058 0.007363770243)
(0.08561290323 0.058 0.01540942561)
(0.08483870968 0.058 0.01406848305)
(0.07787096774 0.058 0.01272754049)
(0.07709677419 0.058 0.01675036817)
(0.0755483871 0.058 0.01943225329)
(0.07864516129 0.058 0.003340942561)
(0.08096774194 0.058 0.02613696609)
(0.06161290323 0.058 0.0328416789)
(0.06006451613 0.058 0.0328416789)
(0.06937354409 0.058 0.04623649497)
(0.07016956058 0.058 0.04749449143)
(0.06703225806 0.058 0.02881885121)
(0.06625806452 0.058 0.02747790865)
(0.06780645161 0.058 0.03015979377)
(0.06935483871 0.058 0.03015979377)
(0.05234128602 0.058 0.04621747727)
(0.05077419355 0.058 0.02747790865)
(0.0515483871 0.058 0.02613696609)
(0.05 0.058 0.02613696609)
(0.04922580645 0.058 0.02479602353)
(0.03142002238 0.058 0.04222783052)
(0.06935483871 0.058 0.01943225329)
(0.06858064516 0.058 0.01809131073)
(0.06935483871 0.058 0.01675036817)
(0.06780645161 0.058 0.01675036817)
(0.06703225806 0.058 0.01809131073)
(0.06858064516 0.058 0.01540942561)
(0.06625806452 0.058 0.01675036817)
(0.06548387097 0.058 0.01809131073)
(0.06625806452 0.058 0.01943225329)
(0.06858064516 0.058 0.02077319585)
(0.07167741935 0.058 0.01004565536)
(0.01129032258 0.058 0.04222827682)
(0.0910321294 0.058 0.01138652364)
(0.0910321294 0.058 0.01406840876)
(0.09180634227 0.058 0.01540936248)
(0.04767741935 0.058 0.006022827682)
(0.05541935484 0.058 0.006022827682)
(0.03296786076 0.058 0.04222815528)
(0.03374195826 0.058 0.04088729561)
(0.05309677419 0.058 0.01540942561)
(0.05232258065 0.058 0.01675036817)
(0.05077419355 0.058 0.01675036817)
(0.0515483871 0.058 0.01809131073)
(0.05 0.058 0.01809131073)
(0.05309677419 0.058 0.01809131073)
(0.05387096774 0.058 0.01675036817)
(0.05541935484 0.058 0.01675036817)
(0.05464516129 0.058 0.01809131073)
(0.05619354839 0.058 0.01809131073)
(0.05696774194 0.058 0.01675036817)
(0.05774193548 0.058 0.01809131073)
(0.05851612903 0.058 0.01675036817)
(0.05929032258 0.058 0.01809131073)
(0.05851612903 0.058 0.01943225329)
(0.06006451613 0.058 0.01675036817)
(0.06083870968 0.058 0.01809131073)
(0.06161290323 0.058 0.01675036817)
(0.06238709677 0.058 0.01809131073)
(0.06316129032 0.058 0.01675036817)
(0.06393548387 0.058 0.01809131073)
(0.06316129032 0.058 0.01943225329)
(0.06083870968 0.058 0.01540942561)
(0.05232258065 0.058 0.01943225329)
(0.06548387097 0.058 0.04222827682)
(0.06470967742 0.058 0.04088733426)
(0.01903225806 0.058 0.04491016194)
(0.01825806452 0.058 0.0462511045)
(0.01980645161 0.058 0.0462511045)
(0.08174193548 0.058 0.003340942561)
(0.08096774194 0.058 0.004681885121)
(0.09412903226 0.058 0.01406848305)
(0.08096774194 0.058 0.03686450658)
(0.08251612903 0.058 0.03686450658)
(0.08329032258 0.058 0.03552356402)
(0.08174193548 0.058 0.03820544914)
(0.08870967742 0.058 0.02345508097)
(0.05 0.058 0.04222827682)
(0.08096774194 0.058 0.02077319585)
(0.06006451613 0.058 0.0462511045)
(0.06238709677 0.058 0.01004565536)
(0.09411905158 0.058 0.04866481979)
(0.09491028706 0.058 0.04733563717)
(0.09657636014 0.058 0.04747954485)
(0.09564112536 0.058 0.04605712058)
(0.09339176289 0.058 0.04736639025)
(0.006687843788 0.058 0.04223363944)
(0.04225806452 0.058 0.03150073634)
(0.04148387097 0.058 0.0328416789)
(0.04303225806 0.058 0.0328416789)
(0.03993548387 0.058 0.0328416789)
(0.04380645161 0.058 0.03150073634)
(0.04458064516 0.058 0.0328416789)
(0.04612903226 0.058 0.0328416789)
(0.04535483871 0.058 0.03418262146)
(0.08638709677 0.058 0.03552356402)
(0.08716129032 0.058 0.03686450658)
(0.08561290323 0.058 0.03686450658)
(0.07632258065 0.058 0.02613696609)
(0.04303225806 0.058 0.006022827682)
(0.05774193548 0.058 0.03150073634)
(0.08870967742 0.058 0.03418262146)
(0.04225873085 0.058 0.04222783812)
(0.07012903226 0.058 0.03418262146)
(0.0724516129 0.058 0.03552356402)
(0.07941935484 0.058 0.01004565536)
(0.074 0.058 0.02211413841)
(0.04767741935 0.058 0.0462511045)
(0.026 0.058 0.03015979377)
(0.02367741935 0.058 0.03150073634)
(0.03529032258 0.058 0.006022827682)
(0.01903225806 0.058 0.03418262146)
(0.01825806452 0.058 0.03552356402)
(0.07477419355 0.058 0.01004565536)
(0.0275483871 0.058 0.006022827682)
(0.06238709677 0.058 0.01540942561)
(0.01283870968 0.058 0.04222827682)
(0.05696774194 0.058 0.04623821989)
(0.01206465138 0.058 0.0462381418)
(0.03529032258 0.058 0.02747790865)
(0.03451612903 0.058 0.02613696609)
(0.03296774194 0.058 0.02613696609)
(0.03606451613 0.058 0.02613696609)
(0.03374193548 0.058 0.02479602353)
(0.03219354839 0.058 0.02747790865)
(0.05232258065 0.058 0.02479602353)
(0.06318311326 0.058 0.04621504234)
(0.04612903226 0.058 0.02747790865)
(0.04535483871 0.058 0.02613696609)
(0.04380645161 0.058 0.02613696609)
(0.04690322581 0.058 0.02613696609)
(0.06703225806 0.058 0.02077319585)
(0.09180645161 0.058 0.03686450658)
(0.03374193548 0.058 0.0462511045)
(0.08019354839 0.058 0.04865905744)
(0.07167741935 0.058 0.04222827682)
(0.0724516129 0.058 0.04088733426)
(0.07012903226 0.058 0.04222827682)
(0.04922580645 0.058 0.02747790865)
(0.06161403936 0.058 0.04868724308)
(0.06006451613 0.058 0.03552356402)
(0.09254809739 0.058 0.02212714684)
(0.03838709677 0.058 0.003340942561)
(0.03838709677 0.058 0.03552356402)
(0.03761290323 0.058 0.03418262146)
(0.03606451613 0.058 0.03418262146)
(0.03761290323 0.058 0.0395463917)
(0.03916199842 0.058 0.04222655702)
(0.09025795887 0.058 0.03954632313)
(0.04922580645 0.058 0.03552356402)
(0.05 0.058 0.03418262146)
(0.0515483871 0.058 0.03418262146)
(0.0484516129 0.058 0.03418262146)
(0.03296774194 0.058 0.01540942561)
(0.03219354839 0.058 0.01675036817)
(0.03374193548 0.058 0.01675036817)
(0.03064516129 0.058 0.01675036817)
(0.03141935484 0.058 0.01809131073)
(0.02987096774 0.058 0.01809131073)
(0.0244516129 0.058 0.03552356402)
(0.0484516129 0.058 0.0395463917)
(0.08561290323 0.058 0.007363770243)
(0.05619354839 0.058 0.04222827682)
(0.05696774194 0.058 0.04088733426)
(0.05851612903 0.058 0.04088733426)
(0.0484516129 0.058 0.02077319585)
(0.04767741935 0.058 0.01943225329)
(0.04612903226 0.058 0.01943225329)
(0.04690322581 0.058 0.01809131073)
(0.04535483871 0.058 0.01809131073)
(0.04458064516 0.058 0.01943225329)
(0.04380645161 0.058 0.01809131073)
(0.04303225806 0.058 0.01943225329)
(0.04225806452 0.058 0.01809131073)
(0.04303225806 0.058 0.01675036817)
(0.04148387097 0.058 0.01943225329)
(0.04070967742 0.058 0.01809131073)
(0.03993548387 0.058 0.01943225329)
(0.03916129032 0.058 0.01809131073)
(0.03838709677 0.058 0.01943225329)
(0.03761290323 0.058 0.01809131073)
(0.03838709677 0.058 0.01675036817)
(0.03683870968 0.058 0.01943225329)
(0.03606451613 0.058 0.01809131073)
(0.03529032258 0.058 0.01943225329)
(0.03916129032 0.058 0.02077319585)
(0.04535483871 0.058 0.02077319585)
(0.06083870968 0.058 0.0395463917)
(0.06161290323 0.058 0.04088733426)
(0.02832258065 0.058 0.02077319585)
(0.01748387097 0.058 0.03418262146)
(0.01748387097 0.058 0.03686450658)
(0.04380645161 0.058 0.0395463917)
(0.05541935484 0.058 0.01138659792)
(0.05619354839 0.058 0.01540942561)
(0.02290322581 0.058 0.0462511045)
(0.0275483871 0.058 0.03552356402)
(0.03683870968 0.058 0.02747790865)
(0.03761290323 0.058 0.02613696609)
(0.03916129032 0.058 0.02613696609)
(0.01670967742 0.058 0.008704712803)
(0.05389279068 0.058 0.04623089043)
(0.0546862092 0.058 0.04749355734)
(0.07787096774 0.058 0.01540942561)
(0.08329032258 0.058 0.04865905744)
(0.074 0.058 0.008704712803)
(0.06316129032 0.058 0.006022827682)
(0.08174193548 0.058 0.02211413841)
(0.07709677419 0.058 0.04865905744)
(0.02522580645 0.058 0.01809131073)
(0.02677419355 0.058 0.01809131073)
(0.026 0.058 0.01675036817)
(0.02522580645 0.058 0.01540942561)
(0.01051612903 0.058 0.02211413841)
(0.05 0.058 0.03150073634)
(0.09257818447 0.058 0.003339521879)
(0.04148387097 0.058 0.03552356402)
(0.02058064516 0.058 0.04222827682)
(0.04225806452 0.058 0.02077319585)
(0.02212903226 0.058 0.02077319585)
(0.07787096774 0.058 0.03418262146)
(0.00974192914 0.058 0.03686450658)
(0.08638709677 0.058 0.04356921938)
(0.01980645161 0.058 0.04088733426)
(0.03838709677 0.058 0.02479602353)
(0.04070967742 0.058 0.02613696609)
(0.04690322581 0.058 0.0395463917)
(0.04612903226 0.058 0.04088733426)
(0.06703225806 0.058 0.03418262146)
(0.06548387097 0.058 0.03418262146)
(0.02909677419 0.058 0.01138659792)
(0.0244516129 0.058 0.01675036817)
(0.03529032258 0.058 0.04865905744)
(0.03064516129 0.058 0.003340942561)
(0.026 0.058 0.003340942561)
(0.04612903226 0.058 0.04865905744)
(0.05387096774 0.058 0.003340942561)
(0.02058064516 0.058 0.03686450658)
(0.05309677419 0.058 0.0395463917)
(0.01748387097 0.058 0.01272754049)
(0.02757021004 0.058 0.0486944846)
(0.02058064516 0.058 0.02881885121)
(0.008967741935 0.058 0.01675036817)
(0.01670967742 0.058 0.04865905744)
(0.01748387097 0.058 0.02613696609)
(0.01825806452 0.058 0.02747790865)
(0.01593548387 0.058 0.02613696609)
(0.04458064516 0.058 0.003340942561)
(0.04612903226 0.058 0.003340942561)
(0.02135483871 0.058 0.01406848305)
(0.08251612903 0.058 0.04222827682)
(0.0275483871 0.058 0.01675036817)
(0.02677419355 0.058 0.01540942561)
(0.02909677419 0.058 0.003340942561)
(0.01748387097 0.058 0.01540942561)
(0.01670967742 0.058 0.01943225329)
(0.02832328883 0.058 0.04222655649)
(0.05077532969 0.058 0.04868724308)
(0.04922585574 0.058 0.04867216473)
(0.01825806452 0.058 0.003340942561)
(0.05696774194 0.058 0.003340942561)
(0.01129032258 0.058 0.03686450658)
(0.01051612903 0.058 0.03552356402)
(0.01825806452 0.058 0.02211413841)
(0.003340942561 0.058 0.01980645161)
(0.003330270581 0.058 0.02139461155)
(0.004814131452 0.058 0.0206656897)
(0.07090322581 0.058 0.003340942561)
(0.06935483871 0.058 0.003340942561)
(0.06858064516 0.058 0.004681885121)
(0.07167741935 0.058 0.004681885121)
(0.07322580645 0.058 0.004681885121)
(0.0515483871 0.058 0.0395463917)
(0.03683870968 0.058 0.01138659792)
(0.0244516129 0.058 0.006022827682)
(0.006672426806 0.058 0.03150556259)
(0.005070028352 0.058 0.007368607414)
(0.004310879158 0.058 0.005966973913)
(0.004322580645 0.058 0.008704712803)
(0.01129032258 0.058 0.03418262146)
(0.01283870968 0.058 0.03418262146)
(0.01361290323 0.058 0.006022827682)
(0.02058064516 0.058 0.01540942561)
(0.03451612903 0.058 0.01540942561)
(0.05851612903 0.058 0.0328416789)
(0.04148698853 0.058 0.04868371724)
(0.04075072533 0.058 0.0474153355)
(0.03064827885 0.058 0.04868371724)
(0.02991201565 0.058 0.0474153355)
(0.03219368364 0.058 0.04867202014)
(0.0244516129 0.058 0.04865905744)
(0.02135483871 0.058 0.04865905744)
(0.01980645161 0.058 0.04865905744)
(0.01516129032 0.058 0.003340942561)
(0.03064516129 0.058 0.02479602353)
(0.01283870968 0.058 0.01540942561)
(0.01361290323 0.058 0.01675036817)
(0.01206451613 0.058 0.01675036817)
(0.0244516129 0.058 0.01138659792)
(0.02367741935 0.058 0.01004565536)
(0.09413071015 0.058 0.008711970251)
(0.09650887586 0.058 0.01023962318)
(0.04690322581 0.058 0.03150073634)
(0.02909677419 0.058 0.006022827682)
(0.03374193548 0.058 0.003340942561)
(0.03141935484 0.058 0.02077319585)
(0.06470967742 0.058 0.03552356402)
(0.06316129032 0.058 0.03552356402)
(0.09663644371 0.058 0.01359562425)
(0.003363477518 0.058 0.01359566973)
(0.01980645161 0.058 0.01406848305)
(0.008967741935 0.058 0.006022827682)
(0.009741935484 0.058 0.007363770243)
(0.005129198541 0.058 0.01002693516)
(0.00349849804 0.058 0.01021640532)
(0.02677419355 0.058 0.0395463917)
(0.01903225806 0.058 0.02077319585)
(0.01593548387 0.058 0.01004565536)
(0.04458064516 0.058 0.0462511045)
(0.02909677419 0.058 0.0328416789)
(0.0275483871 0.058 0.02479602353)
(0.03840891971 0.058 0.0486944846)
(0.007421464005 0.058 0.003339724833)
(0.01051612903 0.058 0.008704712803)
(0.08019354839 0.058 0.0462511045)
(0.07941935484 0.058 0.04491016194)
(0.02367741935 0.058 0.02345508097)
(0.01361290323 0.058 0.01138659792)
(0.01361290323 0.058 0.04865905744)
(0.01670967742 0.058 0.03015979377)
(0.01516129032 0.058 0.01138659792)
(0.006647773771 0.058 0.01004414705)
(0.01283870968 0.058 0.03150073634)
(0.009741935484 0.058 0.01272754049)
(0.01825806452 0.058 0.01406848305)
(0.01903225806 0.058 0.01272754049)
(0.03451612903 0.058 0.02077319585)
(0.09665905744 0.058 0.04148387097)
(0.09660622514 0.058 0.04304465772)
(0.09534310058 0.058 0.04366104078)
(0.03374193548 0.058 0.01943225329)
(0.01206451613 0.058 0.02747790865)
(0.01283870968 0.058 0.02613696609)
(0.03219354839 0.058 0.01943225329)
(0.03296774194 0.058 0.03150073634)
(0.03374193548 0.058 0.0328416789)
(0.02058064516 0.058 0.007363770243)
(0.006595257455 0.058 0.02075036)
(0.02135483871 0.058 0.02479602353)
(0.008967741935 0.058 0.01406848305)
(0.005121369726 0.058 0.01807031804)
(0.01516129032 0.058 0.006022827682)
(0.01283870968 0.058 0.01809131073)
(0.02987096774 0.058 0.01540942561)
(0.04458064516 0.058 0.01138659792)
(0.05851612903 0.058 0.01138659792)
(0.05387096774 0.058 0.02747790865)
(0.01361290323 0.058 0.02211413841)
(0.01206451613 0.058 0.04088733426)
(0.05851612903 0.058 0.04865905744)
(0.04148387097 0.058 0.003340942561)
(0.03606451613 0.058 0.02077319585)
(0.008195933685 0.058 0.03954501455)
(0.01516129032 0.058 0.008704712803)
(0.07709677419 0.058 0.03820544914)
(0.02135483871 0.058 0.01943225329)
(0.01980645161 0.058 0.01138659792)
(0.01980645161 0.058 0.006022827682)
(0.04303239332 0.058 0.04867202014)
(0.003190136487 0.058 0.03220834103)
(0.03064516129 0.058 0.01943225329)
(0.01129032258 0.058 0.03150073634)
(0.06470967742 0.058 0.02479602353)
(0.06548387097 0.058 0.02613696609)
(0.06393548387 0.058 0.02613696609)
(0.009741935484 0.058 0.01809131073)
(0.01206451613 0.058 0.0328416789)
(0.01825806452 0.058 0.01943225329)
(0.03219354839 0.058 0.006022827682)
(0.04922580645 0.058 0.0462511045)
(0.04458064516 0.058 0.02479602353)
(0.026 0.058 0.01138659792)
(0.02677419355 0.058 0.02077319585)
(0.003209004906 0.058 0.04302345842)
(0.04148387097 0.058 0.02479602353)
(0.08483870968 0.058 0.01138659792)
(0.02600127538 0.058 0.04622196151)
(0.02522590323 0.058 0.04222771456)
(0.007419354839 0.058 0.01406848305)
(0.005870967742 0.058 0.01406848305)
(0.03683870968 0.058 0.003340942561)
(0.01670967742 0.058 0.04088733426)
(0.09103211808 0.058 0.01675028735)
(0.008194917472 0.058 0.02881806077)
(0.08483870968 0.058 0.01675036817)
(0.02367741935 0.058 0.0395463917)
(0.02212903226 0.058 0.02613696609)
(0.06703225806 0.058 0.01272754049)
(0.03683998505 0.058 0.04622196154)
(0.08638709677 0.058 0.02479602353)
(0.08716129032 0.058 0.02345508097)
(0.0724516129 0.058 0.04623821989)
(0.08483870968 0.058 0.003340942561)
(0.01361290323 0.058 0.0328416789)
(0.01593548387 0.058 0.01272754049)
(0.08329032258 0.058 0.04356921938)
(0.01903225806 0.058 0.0395463917)
(0.03993548387 0.058 0.006022827682)
(0.02832258065 0.058 0.01809131073)
(0.01516129032 0.058 0.02479602353)
(0.02058064516 0.058 0.02077319585)
(0.04690322581 0.058 0.01540942561)
(0.01593548387 0.058 0.04491016194)
(0.05232258065 0.058 0.03552356402)
(0.08251612903 0.058 0.03418262146)
(0.05464516129 0.058 0.02077319585)
(0.02909677419 0.058 0.01943225329)
(0.074 0.058 0.04865905744)
(0.02212903226 0.058 0.02345508097)
(0.07167741935 0.058 0.0395463917)
(0.01516129032 0.058 0.03820544914)
(0.02909677419 0.058 0.01675036817)
(0.0275483871 0.058 0.01943225329)
(0.008192806734 0.058 0.03686444753)
(0.009741935484 0.058 0.01540942561)
(0.01980645161 0.058 0.03015979377)
(0.07090322581 0.058 0.01406848305)
(0.02987096774 0.058 0.0395463917)
(0.01051612903 0.058 0.01675036817)
(0.04612903226 0.058 0.01675036817)
(0.07477419355 0.058 0.04222827682)
(0.01980645161 0.058 0.02747790865)
(0.06548387097 0.058 0.02881885121)
(0.06470967742 0.058 0.0328416789)
(0.08793548387 0.058 0.04356921938)
(0.08870989741 0.058 0.04222796527)
(0.07090322581 0.058 0.03015979377)
(0.01670967742 0.058 0.0462511045)
(0.07864516129 0.058 0.04088733426)
(0.02832258065 0.058 0.01004565536)
(0.08948384952 0.058 0.01406847067)
(0.0515483871 0.058 0.04222827682)
(0.01593548387 0.058 0.007363770243)
(0.07477419355 0.058 0.02881885121)
(0.08019354839 0.058 0.006022827682)
(0.007441177779 0.058 0.04621183517)
(0.03916129032 0.058 0.03150073634)
(0.03993548387 0.058 0.02747790865)
(0.06161290323 0.058 0.02479602353)
(0.07477419355 0.058 0.01809131073)
(0.08251612903 0.058 0.02613696609)
(0.08638823291 0.058 0.04868724308)
(0.08406451613 0.058 0.02077319585)
(0.074 0.058 0.006022827682)
(0.006649042908 0.058 0.02881978562)
(0.04070967742 0.058 0.0395463917)
(0.03296774194 0.058 0.01809131073)
(0.03141935484 0.058 0.02613696609)
(0.009741935484 0.058 0.02345508097)
(0.02987096774 0.058 0.02881885121)
(0.006659250351 0.058 0.03954722385)
(0.07632258065 0.058 0.007363770243)
(0.04148387097 0.058 0.01675036817)
(0.01593548387 0.058 0.03686450658)
(0.06316129032 0.058 0.01138659792)
(0.08716129032 0.058 0.02881885121)
(0.02135483871 0.058 0.02211413841)
(0.007419831263 0.058 0.03820508962)
(0.07941935484 0.058 0.02077319585)
(0.01748387097 0.058 0.02881885121)
(0.074 0.058 0.03552356402)
(0.02677419355 0.058 0.01004565536)
(0.0360646129 0.058 0.04222771458)
(0.04458064516 0.058 0.006022827682)
(0.02058064516 0.058 0.02613696609)
(0.04767741935 0.058 0.01675036817)
(0.01051612903 0.058 0.04356921938)
(0.00974192914 0.058 0.03418262146)
(0.03606451613 0.058 0.03150073634)
(0.07167741935 0.058 0.02345508097)
(0.05541935484 0.058 0.02479602353)
(0.05851612903 0.058 0.02747790865)
(0.08870966805 0.058 0.01809130532)
(0.05774193548 0.058 0.01540942561)
(0.01903225806 0.058 0.03686450658)
(0.04380645161 0.058 0.01540942561)
(0.09258043155 0.058 0.03820445387)
(0.03761290323 0.058 0.01540942561)
(0.01670967742 0.058 0.02747790865)
(0.01748387097 0.058 0.0395463917)
(0.08948383294 0.058 0.0274778867)
(0.05309677419 0.058 0.03150073634)
(0.02290322581 0.058 0.0328416789)
(0.05232258065 0.058 0.01138659792)
(0.04458064516 0.058 0.01675036817)
(0.04225806452 0.058 0.01540942561)
(0.03683870968 0.058 0.006022827682)
(0.01903225806 0.058 0.02881885121)
(0.07090322581 0.058 0.01675036817)
(0.05929032258 0.058 0.03150073634)
(0.08793548097 0.058 0.01943225162)
(0.03683870968 0.058 0.01675036817)
(0.05619354839 0.058 0.0395463917)
(0.06083870968 0.058 0.01004565536)
(0.03064516129 0.058 0.02747790865)
(0.01516129032 0.058 0.02747790865)
(0.01438709677 0.058 0.02613696609)
(0.03993548387 0.058 0.01675036817)
(0.08638709677 0.058 0.03820544914)
(0.07322580645 0.058 0.02613696609)
(0.074 0.058 0.02479602353)
(0.08716129032 0.058 0.01004565536)
(0.01670967742 0.058 0.03820544914)
(0.08483870968 0.058 0.03015979377)
(0.07709677419 0.058 0.04088733426)
(0.06780645161 0.058 0.02479602353)
(0.0755483871 0.058 0.0462511045)
(0.07941935484 0.058 0.02613696609)
(0.07632258065 0.058 0.01540942561)
(0.06780645161 0.058 0.008704712803)
(0.04922580645 0.058 0.01943225329)
(0.05774193548 0.058 0.0395463917)
(0.03374193548 0.058 0.01138659792)
(0.03916129032 0.058 0.01540942561)
(0.03451612903 0.058 0.01809131073)
(0.05 0.058 0.01540942561)
(0.03141935484 0.058 0.01004565536)
(0.07322580645 0.058 0.0395463917)
(0.02987096774 0.058 0.01004565536)
(0.03529032258 0.058 0.01675036817)
(0.06238709677 0.058 0.02881885121)
(0.08096774194 0.058 0.01004565536)
(0.06935483871 0.058 0.03552356402)
(0.01361290323 0.058 0.02479602353)
(0.07322580645 0.058 0.02077319585)
(0.08561290323 0.058 0.04222827682)
(0.08483870968 0.058 0.04356921938)
(0.06393548387 0.058 0.0395463917)
(0.04767741935 0.058 0.02479602353)
(0.03529032258 0.058 0.02479602353)
(0.06393548387 0.058 0.01004565536)
(0.05232258065 0.058 0.006022827682)
(0.0515483871 0.058 0.007363770243)
(0.03219354839 0.058 0.01138659792)
(0.06858064516 0.058 0.0395463917)
(0.04303225806 0.058 0.02747790865)
(0.03451612903 0.058 0.01004565536)
(0.01129086472 0.058 0.04490389152)
(0.0724516129 0.058 0.01406848305)
(0.07322580645 0.058 0.01004565536)
(0.01283870968 0.058 0.02345508097)
(0.06006451613 0.058 0.04088733426)
(0.07632258065 0.058 0.04222827682)
(0.01129032258 0.058 0.02345508097)
(0.08870963305 0.058 0.0288188256)
(0.08406451613 0.058 0.007363770243)
(0.06316129032 0.058 0.02747790865)
(0.0484516129 0.058 0.02613696609)
(0.05309677419 0.058 0.02613696609)
(0.08406451613 0.058 0.03418262146)
(0.08561290323 0.058 0.02881885121)
(0.06703225806 0.058 0.02613696609)
(0.08329032258 0.058 0.01675036817)
(0.08948382554 0.058 0.03015976755)
(0.08329032258 0.058 0.02211413841)
(0.08329032258 0.058 0.03820544914)
(0.06780645161 0.058 0.006022827682)
(0.008967741935 0.058 0.02479602353)
(0.007419354839 0.058 0.02479602353)
(0.01825806452 0.058 0.03820544914)
(0.06006451613 0.058 0.01138659792)
(0.08793548387 0.058 0.003340942561)
(0.06238709677 0.058 0.04222827682)
(0.03606451613 0.058 0.01004565536)
(0.05077419355 0.058 0.01943225329)
(0.06703225806 0.058 0.01540942561)
(0.005870197782 0.058 0.02477723262)
(0.06780645161 0.058 0.01943225329)
(0.0879354803 0.058 0.02747790659)
(0.09103204555 0.058 0.02747778596)
(0.03529032258 0.058 0.03552356402)
(0.06780645161 0.058 0.01406848305)
(0.06548387097 0.058 0.01540942561)
(0.09025806452 0.058 0.007363770243)
(0.07322580645 0.058 0.03418262146)
(0.0515483871 0.058 0.02077319585)
(0.05929032258 0.058 0.04222827682)
(0.05774193548 0.058 0.01004565536)
(0.03761290323 0.058 0.01004565536)
(0.07787096774 0.058 0.0395463917)
(0.04148387097 0.058 0.01138659792)
(0.02058064707 0.058 0.04491014978)
(0.06470967742 0.058 0.01675036817)
(0.03916129032 0.058 0.01004565536)
(0.08561290323 0.058 0.01272754049)
(0.05541935484 0.058 0.04088733426)
(0.04225806452 0.058 0.01004565536)
(0.074 0.058 0.04088733426)
(0.04922580645 0.058 0.01675036817)
(0.03993548387 0.058 0.01138659792)
(0.02135483871 0.058 0.0462511045)
(0.04225806452 0.058 0.02613696609)
(0.06393548387 0.058 0.03418262146)
(0.06238709677 0.058 0.03418262146)
(0.07322580645 0.058 0.01272754049)
(0.09255102909 0.058 0.03284943614)
(0.09180610561 0.058 0.02613676633)
(0.04380645161 0.058 0.01004565536)
(0.05387096774 0.058 0.04088733426)
(0.08406451613 0.058 0.01540942561)
(0.06782827455 0.058 0.04621120017)
(0.07012903226 0.058 0.004681885121)
(0.04535483871 0.058 0.01004565536)
(0.05929032258 0.058 0.02077319585)
(0.04690322581 0.058 0.01004565536)
(0.05 0.058 0.01004565536)
(0.05541935484 0.058 0.01943225329)
(0.08561290323 0.058 0.03150073634)
(0.04922580645 0.058 0.01138659792)
(0.04767741935 0.058 0.01138659792)
(0.08561290323 0.058 0.004681885121)
(0.06703225806 0.058 0.0395463917)
(0.05619354839 0.058 0.01004565536)
(0.0484516129 0.058 0.01809131073)
(0.07864516129 0.058 0.02211413841)
(0.06935483871 0.058 0.04088733426)
(0.08483870968 0.058 0.0328416789)
(0.05541935484 0.058 0.03552356402)
(0.08483870968 0.058 0.006022827682)
(0.08716128973 0.058 0.02613696575)
(0.06625806452 0.058 0.04088733426)
(0.0515483871 0.058 0.01004565536)
(0.07477419355 0.058 0.02613696609)
(0.06935483871 0.058 0.006022827682)
(0.05464516129 0.058 0.03418262146)
(0.07090322581 0.058 0.04088733426)
(0.06083870968 0.058 0.03418262146)
(0.08329032258 0.058 0.01406848305)
(0.05387096774 0.058 0.01943225329)
(0.07477419355 0.058 0.007363770243)
(0.07322580645 0.058 0.007363770243)
(0.07012903226 0.058 0.01540942561)
(0.05309677419 0.058 0.03418262146)
(0.074 0.058 0.003340942561)
(0.05232258065 0.058 0.04088733426)
(0.05696774194 0.058 0.01943225329)
(0.09025806452 0.058 0.04222827682)
(0.09335483871 0.058 0.02613696609)
(0.07864516129 0.058 0.0328416789)
(0.06703225806 0.058 0.004681885121)
(0.04535483871 0.058 0.04222827682)
(0.07477419355 0.058 0.02345508097)
(0.06470967742 0.058 0.02747790865)
(0.09103225806 0.058 0.006022827682)
(0.05309677419 0.058 0.01004565536)
(0.05464516129 0.058 0.01004565536)
(0.08019354839 0.058 0.02747790865)
(0.06393548387 0.058 0.02077319585)
(0.08483870968 0.058 0.008704712803)
(0.05774193548 0.058 0.03418262146)
(0.04922580645 0.058 0.04088733426)
(0.08406451613 0.058 0.01272754049)
(0.08561290323 0.058 0.01004565536)
(0.07864516129 0.058 0.02747790865)
(0.05696774194 0.058 0.03552356402)
(0.06006451613 0.058 0.01943225329)
(0.06470967742 0.058 0.01943225329)
(0.06625806452 0.058 0.003340942561)
(0.06316129032 0.058 0.04088733426)
(0.07787096774 0.058 0.03150073634)
(0.08406451613 0.058 0.03686450658)
(0.05077419355 0.058 0.04088733426)
(0.05774193548 0.058 0.02077319585)
(0.06858064516 0.058 0.01272754049)
(0.04458064516 0.058 0.03552356402)
(0.05929032258 0.058 0.03418262146)
(0.07322580645 0.058 0.02345508097)
(0.04767741935 0.058 0.04088733426)
(0.06161290323 0.058 0.01943225329)
(0.05232258065 0.058 0.0328416789)
(0.04690322581 0.058 0.04222827682)
(0.08096774194 0.058 0.02881885121)
(0.06238709677 0.058 0.02077319585)
(0.03838709677 0.058 0.0328416789)
(0.04458064516 0.058 0.04088733426)
(0.0755483871 0.058 0.02747790865)
(0.08483870968 0.058 0.03552356402)
(0.03451612903 0.058 0.03418262146)
(0.09492221244 0.058 0.02610651231)
(0.05077419355 0.058 0.0328416789)
(0.06935483871 0.058 0.01406848305)
(0.04303236912 0.058 0.04088726114)
(0.06238709677 0.058 0.004681885121)
(0.07709677419 0.058 0.02747790865)
(0.06470967742 0.058 0.003340942561)
(0.04690322581 0.058 0.03418262146)
(0.04922580645 0.058 0.0328416789)
(0.08174193548 0.058 0.01138659792)
(0.03064516129 0.058 0.03552356402)
(0.04148414727 0.058 0.04088711024)
(0.02522580645 0.058 0.02881885121)
(0.03916129032 0.058 0.03418262146)
(0.04612903226 0.058 0.03552356402)
(0.04225806452 0.058 0.03418262146)
(0.04767741935 0.058 0.0328416789)
(0.09257968248 0.058 0.01406792724)
(0.04380645161 0.058 0.03418262146)
(0.04070967742 0.058 0.03418262146)
(0.09180568997 0.058 0.004681445386)
(0.0244516129 0.058 0.0328416789)
(0.03529032258 0.058 0.0328416789)
(0.06393548387 0.058 0.004681885121)
(0.06161290323 0.058 0.003340942561)
(0.03296774194 0.058 0.03418262146)
(0.03993579468 0.058 0.04088687158)
(0.03529034548 0.058 0.04088721572)
(0.03219354839 0.058 0.03552356402)
(0.02987096774 0.058 0.03418262146)
(0.03683870968 0.058 0.0328416789)
(0.02832258065 0.058 0.03418262146)
(0.03451612903 0.058 0.0395463917)
(0.02677419355 0.058 0.03418262146)
(0.02522580645 0.058 0.03418262146)
(0.03683870968 0.058 0.04088733426)
(0.03838723731 0.058 0.04088697106)
(0.06006451613 0.058 0.003340942561)
(0.0515483871 0.058 0.004681885121)
(0.03296774573 0.058 0.03954638526)
(0.05929032258 0.058 0.004681885121)
(0.03064541933 0.058 0.04088712088)
(0.03219372688 0.058 0.04088719654)
(0.0213548446 0.058 0.04356918227)
(0.05619354839 0.058 0.004681885121)
(0.02909708201 0.058 0.04088687298)
(0.05077419355 0.058 0.003340942561)
(0.02754852729 0.058 0.04088697116)
(0.02600006643 0.058 0.04088703529)
(0.02445164308 0.058 0.04088717233)
(0.02290323381 0.058 0.04088728888)
(0.05774193548 0.058 0.004681885121)
(0.05309677419 0.058 0.004681885121)
(0.02212904121 0.058 0.04222822176)
(0.04922580645 0.058 0.003340942561)
(0.05464516129 0.058 0.004681885121)
(0.0484516129 0.058 0.004681885121)
(0.04690322581 0.058 0.004681885121)
(0.04535483871 0.058 0.004681885121)
(0.04380645161 0.058 0.004681885121)
(0.04225806452 0.058 0.004681885121)
(0.04070967742 0.058 0.004681885121)
(0.03916129032 0.058 0.004681885121)
(0.03761290323 0.058 0.004681885121)
(0.03606451613 0.058 0.004681885121)
(0.03451612903 0.058 0.004681885121)
(0.03296774194 0.058 0.004681885121)
(0.03141935484 0.058 0.004681885121)
(0.02987096774 0.058 0.004681885121)
(0.02832258065 0.058 0.004681885121)
(0.02367741935 0.058 0.004681885121)
(0.02677419355 0.058 0.004681885121)
(0.02290322581 0.058 0.003340942561)
(0.02522580645 0.058 0.004681885121)
(0.02135483871 0.058 0.003340942561)
(0.02058064516 0.058 0.004681885121)
(0.01903225806 0.058 0.004681885121)
(0.01283870968 0.058 0.004681885121)
(0.01748387097 0.058 0.004681885121)
(0.01593548387 0.058 0.004681885121)
(0.01438709677 0.058 0.004681885121)
(0.01206451613 0.058 0.003340942561)
(0.01051612903 0.058 0.003340942561)
(0.009741935484 0.058 0.004681885121)
(0.005085251912 0.058 0.004627864922)
(0.008193899915 0.058 0.004681682167)
(0.006645760192 0.058 0.004671427247)
(0.09409101387 0.058 0.01941434521)
(0.09405428278 0.058 0.03014751806)
(0.005915593941 0.058 0.03016387971)
(0.09563023448 0.058 0.003270572892)
(0.004369801116 0.058 0.003270572843)
(0.09681208876 0.058 0.02134791382)
(0.005249772608 0.058 0.031513095)
(0.005946281744 0.058 0.04088669488)
(0.09403737337 0.058 0.03281143604)
(0.005901054373 0.058 0.04874737001)
(0.01052297035 0.058 0.04873416473)
(0.02833850151 0.058 0.0474230154)
(0.03917721119 0.058 0.04742301542)
(0.05542619616 0.058 0.04873395321)
(0.06627105436 0.058 0.04874932735)
(0.07090998053 0.058 0.0487341089)
(0.008213379551 0.058 0.04749140654)
(0.0306597914 0.058 0.04616570702)
(0.09108526826 0.058 0.04872036683)
(0.0918764537 0.058 0.04740228227)
(0.09407090978 0.058 0.04608903281)
(0.04149850039 0.058 0.04616571142)
(0.05311259706 0.058 0.04748496852)
(0.06395122014 0.058 0.04748565247)
(0.06860038973 0.058 0.04749060987)
(0.08872936156 0.058 0.04748246221)
(0.004349613568 0.058 0.04881008028)
(0.005274986581 0.058 0.04226622836)
(0.02212903226 0.058 0.04745508097)
(0.02367741935 0.058 0.04745508097)
(0.02522580645 0.058 0.04745508097)
(0.02678302158 0.058 0.04744049817)
(0.01283870968 0.058 0.04745508097)
(0.01438709677 0.058 0.04745508097)
(0.01593548387 0.058 0.04745508097)
(0.01748387097 0.058 0.04745508097)
(0.02058064516 0.058 0.04745508097)
(0.01903225806 0.058 0.04745508097)
(0.03296774194 0.058 0.04745508097)
(0.03451612903 0.058 0.04745508097)
(0.03606451613 0.058 0.04745508097)
(0.03762173125 0.058 0.0474404982)
(0.04380645161 0.058 0.04745508097)
(0.04535483871 0.058 0.04745508097)
(0.04690322581 0.058 0.04745508097)
(0.0484516129 0.058 0.04745508097)
(0.05 0.058 0.04745508097)
(0.05155655799 0.058 0.04746874379)
(0.05774193548 0.058 0.04745508097)
(0.05929032258 0.058 0.04745508097)
(0.06083870968 0.058 0.04745508097)
(0.06239577283 0.058 0.04746845196)
(0.07477419355 0.058 0.04745508097)
(0.07322580645 0.058 0.04745508097)
(0.07632258065 0.058 0.04745508097)
(0.07787096774 0.058 0.04745508097)
(0.07941935484 0.058 0.04745508097)
(0.08096774194 0.058 0.04745508097)
(0.08251612903 0.058 0.04745508097)
(0.08406451613 0.058 0.04745508097)
(0.08561290323 0.058 0.04745508097)
(0.08717010476 0.058 0.04746832607)
(0.008985263794 0.058 0.04874512765)
(0.03141935484 0.058 0.04745527414)
(0.04225806452 0.058 0.04745527414)
(0.05388381326 0.058 0.04873817792)
(0.00666247697 0.058 0.0474999951)
(0.01129032258 0.058 0.04745488781)
(0.06472344666 0.058 0.04874100995)
(0.02911543683 0.058 0.04615810901)
(0.0693722451 0.058 0.04874492973)
(0.03995414625 0.058 0.04615811067)
(0.08950882951 0.058 0.04873251017)
(0.05619354839 0.058 0.04745488781)
(0.0670543408 0.058 0.0474873736)
(0.07167741935 0.058 0.04745488781)
(0.09258279535 0.058 0.04612667479)
(0.09680204887 0.058 0.03219354839)
(0.09403835167 0.058 0.0220825076)
(0.003172533485 0.058 0.04148387097)
(0.09473599435 0.058 0.02069662673)
(0.0940007256 0.058 0.0435153127)
(0.004548571907 0.058 0.01128795453)
(0.09547097194 0.058 0.01129282582)
(0.004487546483 0.058 0.02212903226)
(0.004491122643 0.058 0.03274789707)
(0.09470956989 0.058 0.03145870371)
(0.09545069742 0.058 0.04077700534)
(0.003117959735 0.058 0.03064516129)
(0.09683809243 0.058 0.03066785091)
(0.004512528204 0.058 0.04351706174)
(0.09546322949 0.058 0.01422405114)
(0.004536622411 0.058 0.01422413664)
(0.09687483676 0.058 0.01983774449)
(0.09694656519 0.058 0.02448574535)
(0.004535245784 0.058 0.01926324517)
(0.003055363659 0.058 0.0244516129)
(0.09696063866 0.058 0.03838709677)
(0.00301995019 0.058 0.03833143437)
(0.09698278732 0.058 0.005914792087)
(0.09694340442 0.058 0.04610851742)
(0.003020232228 0.058 0.005913292983)
(0.003035466055 0.058 0.04612903226)
(0.09696769294 0.058 0.02754041033)
(0.003033327395 0.058 0.0275483871)
(0.09696738549 0.058 0.01670967742)
(0.003032614508 0.058 0.01670967742)
(0.003049210317 0.058 0.00885682571)
(0.09700254949 0.058 0.03529032258)
(0.002996261873 0.058 0.03529032258)
(0.09696029588 0.058 0.008865748638)
(0.09460816673 0.058 0.04484158791)
(0.09686650198 0.058 0.04886650198)
(0.09686650198 0.058 0.003133498025)
(0.003133498025 0.058 0.003133498025)
(0.09587360178 0.058 0.03143714124)
(0.003096192321 0.058 0.04890380768)
(0.004101451567 0.058 0.04220330451)
(0.004086042799 0.058 0.03141311844)
(0.09593799027 0.058 0.02058787187)
(0.002 0.02839608278 0.04864834058)
(0.002 0.03313545383 0.003359404722)
(0.002 0.003332018733 0.02578763012)
(0.002 0.05665906739 0.02599801534)
(0.002 0.02544346532 0.003225104386)
(0.002 0.03602821559 0.04888866706)
(0.002 0.02086929027 0.04897325231)
(0.002 0.04051494874 0.003203946417)
(0.002 0.003340942561 0.01825806452)
(0.002 0.05665679999 0.03361471173)
(0.002 0.003265214185 0.03355629982)
(0.002 0.05667064743 0.01821389434)
(0.002 0.01789469293 0.003343109386)
(0.002 0.04224059873 0.04865839021)
(0.002 0.01484510902 0.0488625137)
(0.002 0.04666689169 0.003131605507)
(0.002 0.003515710841 0.01195022242)
(0.002 0.05665736438 0.03981399838)
(0.002 0.003418614288 0.0397907979)
(0.002 0.05665897393 0.01206310665)
(0.002 0.04836125258 0.04864724327)
(0.002 0.01184271516 0.003249367313)
(0.002 0.01040042095 0.04879063784)
(0.002 0.05111499718 0.003215828927)
(0.002 0.05660531417 0.04436474726)
(0.002 0.003340942561 0.007419354839)
(0.002 0.003493215722 0.04473368474)
(0.002 0.05665950759 0.007414856212)
(0.002 0.05283349352 0.04869233302)
(0.002 0.007310127547 0.003358434919)
(0.002 0.003340942561 0.03683870968)
(0.002 0.05665905744 0.03683870968)
(0.002 0.05665998219 0.02135416114)
(0.002 0.05667261095 0.01509703621)
(0.002 0.003474550617 0.03086468198)
(0.002 0.0566720367 0.03055306119)
(0.002 0.00338758512 0.02131852658)
(0.002 0.00354339214 0.01503182076)
(0.002 0.03607558878 0.003125244568)
(0.002 0.02543643873 0.04888260436)
(0.002 0.02979572248 0.003136465852)
(0.002 0.03166260093 0.04865313701)
(0.002 0.02243911278 0.003239999489)
(0.002 0.03896448355 0.04865488217)
(0.002 0.01781435715 0.04864535037)
(0.002 0.04370955982 0.00336261857)
(0.002 0.007161083822 0.04879122789)
(0.002 0.04513651899 0.04868685189)
(0.002 0.01479214653 0.003331054451)
(0.002 0.05433071088 0.003375979619)
(0.002 0.0564874109 0.04759615168)
(0.002 0.003302976789 0.004384603364)
(0.002 0.003303453965 0.04761393007)
(0.002 0.05672443083 0.004333439145)
(0.002 0.05667238675 0.005872215175)
(0.002 0.05532621372 0.006642188506)
(0.002 0.05532107335 0.008181043165)
(0.002 0.05399096415 0.007408486542)
(0.002 0.05398619604 0.008944429777)
(0.002 0.05266001003 0.008171630815)
(0.002 0.05265402344 0.009705988955)
(0.002 0.0513291422 0.008934040582)
(0.002 0.05132291156 0.01046717493)
(0.002 0.04999272082 0.009685513663)
(0.002 0.04999167101 0.01122623829)
(0.002 0.04866219095 0.01044475646)
(0.002 0.04866190998 0.01198573048)
(0.002 0.04733953539 0.01121550399)
(0.002 0.04732761963 0.01273488721)
(0.002 0.04600516249 0.01196299293)
(0.002 0.04600332522 0.0134994332)
(0.002 0.04467825034 0.01272121731)
(0.002 0.04467270975 0.01424956544)
(0.002 0.04334556675 0.01347603312)
(0.002 0.04335301693 0.01501811112)
(0.002 0.04201989227 0.01423706981)
(0.002 0.04202818549 0.01577584748)
(0.002 0.04071393574 0.01501178769)
(0.002 0.04070744755 0.01653561803)
(0.002 0.03937994646 0.0157526671)
(0.002 0.039383117 0.01728987418)
(0.002 0.03804466915 0.01648989826)
(0.002 0.03805833408 0.01804246272)
(0.002 0.03673130398 0.01725871146)
(0.002 0.03673740551 0.01879988145)
(0.002 0.03542024801 0.01802992618)
(0.002 0.03541815784 0.01955908412)
(0.002 0.03409940644 0.01878529134)
(0.002 0.03409697155 0.02031462547)
(0.002 0.03278005757 0.01954448934)
(0.002 0.03277592874 0.02107118717)
(0.002 0.03408978089 0.02183486875)
(0.002 0.03146038797 0.02030448898)
(0.002 0.03145492318 0.02182850884)
(0.002 0.03013851055 0.02106128422)
(0.002 0.03013231103 0.02258530895)
(0.002 0.02881535658 0.02181727962)
(0.002 0.02880957601 0.02334202418)
(0.002 0.02749181846 0.0225737677)
(0.002 0.02748608657 0.0240989551)
(0.002 0.02880318256 0.02486660864)
(0.002 0.02748030855 0.02562354709)
(0.002 0.02879283661 0.02639056215)
(0.002 0.02747408762 0.02714732808)
(0.002 0.02616814322 0.02333119424)
(0.002 0.03937859603 0.01881604153)
(0.002 0.02878872355 0.02791415215)
(0.002 0.02746875419 0.02867059373)
(0.002 0.02878032935 0.02943700783)
(0.002 0.02747024791 0.03020684757)
(0.002 0.02614852945 0.02942919822)
(0.002 0.02617390852 0.02180516781)
(0.002 0.02484958783 0.02256299408)
(0.002 0.02485573214 0.02103668618)
(0.002 0.02353062097 0.02179465953)
(0.002 0.02879454937 0.03097523897)
(0.002 0.026150707 0.03096615013)
(0.002 0.02482723057 0.03018658405)
(0.002 0.02353654135 0.02026746706)
(0.002 0.02221109899 0.02102602277)
(0.002 0.02482857075 0.03172308151)
(0.002 0.02350454606 0.03094343004)
(0.002 0.02350574491 0.0324805611)
(0.002 0.02218086619 0.03170053303)
(0.002 0.02221695356 0.01949824332)
(0.002 0.02089112906 0.02025739978)
(0.002 0.03009702792 0.03019289074)
(0.002 0.0300991852 0.03172609897)
(0.002 0.03141486967 0.03095480246)
(0.002 0.03141016837 0.03248929327)
(0.002 0.03273069617 0.03173594789)
(0.002 0.03146481704 0.01877874639)
(0.002 0.02218464055 0.03323925622)
(0.002 0.02085709641 0.0324582029)
(0.002 0.03272508378 0.03325784663)
(0.002 0.03404283663 0.03249033365)
(0.002 0.02089693235 0.01872909076)
(0.002 0.01957044628 0.01948853344)
(0.002 0.0235047657 0.03403544958)
(0.002 0.03404140037 0.03402599406)
(0.002 0.03536248422 0.03325488759)
(0.002 0.0208693203 0.03400650182)
(0.002 0.01953366931 0.03321736014)
(0.002 0.0195764716 0.0179594539)
(0.002 0.02222281234 0.01797070869)
(0.002 0.04466819465 0.01574405231)
(0.002 0.01952431897 0.03473945901)
(0.002 0.03271868854 0.03478379108)
(0.002 0.03535909181 0.03479681051)
(0.002 0.03668067044 0.03403561024)
(0.002 0.01824973317 0.01871850015)
(0.002 0.01824336978 0.02024820972)
(0.002 0.01820550828 0.03397162599)
(0.002 0.01825606993 0.01718975522)
(0.002 0.0366836119 0.03248831527)
(0.002 0.0380013465 0.03326836442)
(0.002 0.03799906755 0.03480808764)
(0.002 0.03932369515 0.03404632631)
(0.002 0.03932623305 0.03251178771)
(0.002 0.04064931836 0.03328694483)
(0.002 0.04065496695 0.0317575564)
(0.002 0.04064223549 0.03482142378)
(0.002 0.04197674866 0.03252966485)
(0.002 0.04198258146 0.03099884867)
(0.002 0.03539439435 0.01645799633)
(0.002 0.01820504614 0.03551373488)
(0.002 0.01821140316 0.03244205241)
(0.002 0.01692129684 0.01947797154)
(0.002 0.01691472692 0.02100882633)
(0.002 0.0168803809 0.03473115971)
(0.002 0.01954562079 0.03630263475)
(0.002 0.04330534206 0.0317709053)
(0.002 0.04331046488 0.03023700464)
(0.002 0.01687960834 0.03627662656)
(0.002 0.01555336385 0.03549052798)
(0.002 0.01554657116 0.03702158133)
(0.002 0.01559143992 0.02023788953)
(0.002 0.01558842504 0.02176383048)
(0.002 0.04463409135 0.03101053275)
(0.002 0.04462825687 0.03254293107)
(0.002 0.04463743475 0.02947100825)
(0.002 0.03938943678 0.01423644132)
(0.002 0.0419873312 0.02946585051)
(0.002 0.01422427413 0.03624867301)
(0.002 0.01423028446 0.03471660751)
(0.002 0.01421897177 0.03777793415)
(0.002 0.01426094242 0.02099708964)
(0.002 0.01426716973 0.01946447749)
(0.002 0.01426804023 0.0225191965)
(0.002 0.01553930125 0.03854752829)
(0.002 0.04595795868 0.03178103781)
(0.002 0.04595232194 0.03331603329)
(0.002 0.016929745 0.02252265069)
(0.002 0.04864200953 0.0134899218)
(0.002 0.01421911452 0.03931588371)
(0.002 0.01289335482 0.03853910794)
(0.002 0.01293481102 0.02022549235)
(0.002 0.0129411327 0.01869080428)
(0.002 0.04728384853 0.03255267843)
(0.002 0.04727781941 0.03408942996)
(0.002 0.02218669636 0.0301701712)
(0.002 0.04331405667 0.01190789889)
(0.002 0.01289399873 0.04007775429)
(0.002 0.01557012121 0.04010662299)
(0.002 0.03272784725 0.03017776987)
(0.002 0.01160800008 0.01945254807)
(0.002 0.01161465331 0.0179163229)
(0.002 0.01156685453 0.03929947243)
(0.002 0.01156177824 0.04082896609)
(0.002 0.04861089743 0.03332665512)
(0.002 0.04861663489 0.03178890496)
(0.002 0.04860435446 0.03486279758)
(0.002 0.04727131112 0.03562520017)
(0.002 0.048596948 0.03639853031)
(0.002 0.04726508669 0.03715986414)
(0.002 0.04858944206 0.03793293177)
(0.002 0.04725867168 0.0386936104)
(0.002 0.04858232765 0.03946637745)
(0.002 0.04725763364 0.04023520775)
(0.002 0.0485772492 0.04100285523)
(0.002 0.04593143422 0.03945594024)
(0.002 0.04593062768 0.04099546552)
(0.002 0.0446026031 0.04021373666)
(0.002 0.01294721343 0.01715499105)
(0.002 0.01162198523 0.0163804387)
(0.002 0.01295401771 0.01561899488)
(0.002 0.01162966624 0.01484508243)
(0.002 0.01296084648 0.0140845263)
(0.002 0.01163762469 0.01331184133)
(0.002 0.01296727116 0.01255202199)
(0.002 0.01164568069 0.01178016604)
(0.002 0.012973824 0.01102137275)
(0.002 0.0142947714 0.01179212439)
(0.002 0.02220757646 0.02255154817)
(0.002 0.01165356896 0.01025034953)
(0.002 0.01430092316 0.01026370468)
(0.002 0.01562022974 0.01103283302)
(0.002 0.04459871835 0.04174244851)
(0.002 0.04327668281 0.04097067697)
(0.002 0.01032527758 0.01100809253)
(0.002 0.01028712469 0.01713962791)
(0.002 0.01033250401 0.009478589608)
(0.002 0.04991716831 0.03871427396)
(0.002 0.01023793973 0.04005834892)
(0.002 0.01024265585 0.03852674515)
(0.002 0.01023391342 0.04158819277)
(0.002 0.01155557824 0.04235606536)
(0.002 0.04994486875 0.03256415695)
(0.002 0.04995108387 0.03102550999)
(0.002 0.04732315074 0.009659770825)
(0.002 0.01958271061 0.01643147332)
(0.002 0.02486111129 0.01950903276)
(0.002 0.03011430575 0.02561407669)
(0.002 0.0103059813 0.01407001463)
(0.002 0.03932837769 0.03096235737)
(0.002 0.01559789569 0.009556719288)
(0.002 0.01693921843 0.01028341696)
(0.002 0.03011153199 0.0332606367)
(0.002 0.05131654702 0.01200001694)
(0.002 0.03673428852 0.02032722854)
(0.002 0.04202507762 0.01730413088)
(0.002 0.04993133062 0.03564001585)
(0.002 0.01160161649 0.02098904213)
(0.002 0.0102731532 0.02021507982)
(0.002 0.01026702157 0.02175360114)
(0.002 0.02615978078 0.02638067735)
(0.002 0.04593517336 0.04254278846)
(0.002 0.04327318603 0.04249698232)
(0.002 0.04195683554 0.04173031358)
(0.002 0.01022994696 0.0431162113)
(0.002 0.008907819515 0.04234935304)
(0.002 0.009004325513 0.01023660874)
(0.002 0.04195157152 0.04325318991)
(0.002 0.04063617276 0.04248684717)
(0.002 0.04063614844 0.0409593177)
(0.002 0.03932008999 0.04172100103)
(0.002 0.01433743453 0.008813210635)
(0.002 0.05000400423 0.008163861912)
(0.002 0.03931761837 0.04324390642)
(0.002 0.0380019407 0.04247839547)
(0.002 0.03799984518 0.04094990031)
(0.002 0.03668545472 0.04171261768)
(0.002 0.01155073209 0.04388287654)
(0.002 0.03668406067 0.04323473513)
(0.002 0.03536729243 0.04246915822)
(0.002 0.03536536762 0.04094100153)
(0.002 0.03405211348 0.04170436903)
(0.002 0.03404886007 0.04322499238)
(0.002 0.03273739229 0.04246309295)
(0.002 0.03273942791 0.04094256936)
(0.002 0.03142376285 0.04169883825)
(0.002 0.03142584804 0.04017949196)
(0.002 0.03010981585 0.04093572968)
(0.002 0.03011181993 0.03941622479)
(0.002 0.02879381351 0.0401726008)
(0.002 0.02879563985 0.04169303688)
(0.002 0.02747605921 0.04092966389)
(0.002 0.027478835 0.03940923058)
(0.002 0.02616050996 0.04016640395)
(0.002 0.02615687824 0.04168669386)
(0.002 0.02484207978 0.0409236228)
(0.002 0.02483876595 0.04244363264)
(0.002 0.02352395529 0.0416807761)
(0.002 0.0235206428 0.04320061786)
(0.002 0.02220594663 0.04243784424)
(0.002 0.03142509966 0.04322083962)
(0.002 0.02615323756 0.04320655103)
(0.002 0.01693005974 0.008839924765)
(0.002 0.01826116476 0.00953715495)
(0.002 0.009002791635 0.008721647902)
(0.002 0.0235276296 0.04016026497)
(0.002 0.01826255611 0.01105330696)
(0.002 0.01958301435 0.01028537978)
(0.002 0.01957625629 0.008744625334)
(0.002 0.02090195294 0.009510430548)
(0.002 0.02089812644 0.01104802483)
(0.002 0.02221882634 0.01029092793)
(0.002 0.02221399624 0.01181548139)
(0.002 0.02353464617 0.01105929087)
(0.002 0.02353564878 0.01259147261)
(0.002 0.02485126304 0.01182683285)
(0.002 0.02480973858 0.01038193929)
(0.002 0.02616293006 0.01108234289)
(0.002 0.02617097869 0.01260329219)
(0.002 0.02748485045 0.01183806526)
(0.002 0.02752216303 0.01037448079)
(0.002 0.02880967895 0.01108851361)
(0.002 0.02880767908 0.01261176668)
(0.002 0.03012080992 0.01184562658)
(0.002 0.03012441477 0.01032421411)
(0.002 0.03143750438 0.01108641948)
(0.002 0.03144167425 0.009566657891)
(0.002 0.03275491425 0.01032969205)
(0.002 0.03015508889 0.008850100697)
(0.002 0.03275918019 0.008810591411)
(0.002 0.03407244889 0.009573798425)
(0.002 0.02219864353 0.008622038704)
(0.002 0.03406815172 0.01109286329)
(0.002 0.03538584857 0.01033689175)
(0.002 0.03539009956 0.008817961535)
(0.002 0.03670347907 0.009580930352)
(0.002 0.03144054849 0.01261775619)
(0.002 0.04460234624 0.03867663042)
(0.002 0.008912297766 0.03928814452)
(0.002 0.008923699489 0.0377656235)
(0.002 0.008937371124 0.02097850385)
(0.002 0.008931207749 0.02251774454)
(0.002 0.01026123934 0.02329275882)
(0.002 0.008925279922 0.0240572079)
(0.002 0.01025321742 0.0248318787)
(0.002 0.008919313964 0.02559651075)
(0.002 0.01024696387 0.02637108906)
(0.002 0.008913441257 0.02713566239)
(0.002 0.01024323183 0.02790993698)
(0.002 0.01158073472 0.02712862215)
(0.002 0.008909217734 0.0286746021)
(0.002 0.01023798261 0.02944877371)
(0.002 0.008904005984 0.0302133746)
(0.002 0.01022868495 0.03098763462)
(0.002 0.01156864788 0.03021253341)
(0.002 0.008896710667 0.03175190147)
(0.002 0.05128097876 0.03180123307)
(0.002 0.05128685055 0.03026151765)
(0.002 0.04995659908 0.02948678567)
(0.002 0.05129242701 0.02872207738)
(0.002 0.04996190581 0.02794770461)
(0.002 0.05128631742 0.02718281463)
(0.002 0.04996571065 0.02640875884)
(0.002 0.05130305985 0.02564380847)
(0.002 0.04996085985 0.0248702798)
(0.002 0.04863649565 0.02563455096)
(0.002 0.04864176867 0.02409775881)
(0.002 0.04997011603 0.02337493521)
(0.002 0.04731107643 0.02486090017)
(0.002 0.04731658895 0.02332589799)
(0.002 0.04598602286 0.02408832322)
(0.002 0.04599131199 0.02255470463)
(0.002 0.04466168536 0.02331680753)
(0.002 0.04731450792 0.0217924835)
(0.002 0.04599533146 0.02102218237)
(0.002 0.04731775848 0.02025997952)
(0.002 0.03670763365 0.008062098365)
(0.002 0.03802110849 0.008825097984)
(0.002 0.02616372494 0.03864557755)
(0.002 0.02748267358 0.03788815043)
(0.002 0.01561959064 0.01257191948)
(0.002 0.008903964475 0.04387824808)
(0.002 0.04326624555 0.04401972295)
(0.002 0.03273853093 0.03941536125)
(0.002 0.03538182454 0.01185636025)
(0.002 0.007688590135 0.009482558176)
(0.002 0.007674477993 0.01100044695)
(0.002 0.02220300434 0.04395766428)
(0.002 0.02088815155 0.04319516178)
(0.002 0.02089108055 0.04167449088)
(0.002 0.01957245964 0.04243215871)
(0.002 0.01956971342 0.04395283995)
(0.002 0.01825389445 0.04318994337)
(0.002 0.01957535448 0.04091069934)
(0.002 0.04465568658 0.02484851441)
(0.002 0.04333272866 0.02407738909)
(0.002 0.04333887797 0.02254586716)
(0.002 0.04201064884 0.02330588918)
(0.002 0.04200507345 0.02483616134)
(0.002 0.04068385309 0.02406662174)
(0.002 0.04067796718 0.02559460898)
(0.002 0.03935760558 0.02482433413)
(0.002 0.03935191982 0.02635270856)
(0.002 0.03803243501 0.02558253947)
(0.002 0.0380268066 0.02710983318)
(0.002 0.03670862015 0.02634193853)
(0.002 0.03670244754 0.02786716484)
(0.002 0.03538463986 0.02709955637)
(0.002 0.01291181259 0.04313764897)
(0.002 0.01028883244 0.007960806741)
(0.002 0.02881801289 0.02029058664)
(0.002 0.02615905188 0.03251566622)
(0.002 0.04462101542 0.03407652622)
(0.002 0.01023225752 0.03251478736)
(0.002 0.007559534389 0.008032394656)
(0.002 0.007643562861 0.02320123357)
(0.002 0.007632107146 0.02790066526)
(0.002 0.01025274022 0.03699880576)
(0.002 0.008899779485 0.03327547037)
(0.002 0.03802533204 0.007305929175)
(0.002 0.03933911339 0.00806878135)
(0.002 0.03933484007 0.009588670701)
(0.002 0.04065309195 0.008832244902)
(0.002 0.05262875311 0.02795712314)
(0.002 0.03539419732 0.00729915455)
(0.002 0.00758049973 0.04311024388)
(0.002 0.0075855237 0.03851900262)
(0.002 0.007589442642 0.03698039753)
(0.002 0.01289521906 0.04465632276)
(0.002 0.02351685336 0.04471987895)
(0.002 0.00738285048 0.03251237113)
(0.002 0.04065728644 0.007312246737)
(0.002 0.04197132452 0.008075606912)
(0.002 0.007576677463 0.04464044881)
(0.002 0.04194575641 0.04477477301)
(0.002 0.01825102455 0.04471047756)
(0.002 0.01693711369 0.04394437334)
(0.002 0.02616712328 0.03712425615)
(0.002 0.02089322455 0.01257337544)
(0.002 0.01826279835 0.01566163332)
(0.002 0.02747821101 0.03636652165)
(0.002 0.04730482268 0.02640050091)
(0.002 0.01693566616 0.0164199367)
(0.002 0.05261789681 0.03103654018)
(0.002 0.05261167998 0.0325777815)
(0.002 0.03671410914 0.02481392208)
(0.002 0.03936359172 0.02329522603)
(0.002 0.04201729396 0.02177316346)
(0.002 0.04599986569 0.01949028091)
(0.002 0.04732874944 0.01872785889)
(0.002 0.04864724486 0.01952462986)
(0.002 0.04865861815 0.01796880126)
(0.002 0.04998503343 0.01876747373)
(0.002 0.04999071386 0.01720638209)
(0.002 0.05133323034 0.01800386922)
(0.002 0.05133236105 0.01967222578)
(0.002 0.05132577123 0.01644192308)
(0.002 0.05267003121 0.01723989614)
(0.002 0.05266040481 0.01567667608)
(0.002 0.01691597633 0.04545652597)
(0.002 0.006358018158 0.01024243282)
(0.002 0.04325891579 0.04554109444)
(0.002 0.041975516 0.006555481079)
(0.002 0.04329056898 0.007318425056)
(0.002 0.05266385163 0.006638838368)
(0.002 0.00890130289 0.0454050604)
(0.002 0.00634218365 0.01176112026)
(0.002 0.0195671999 0.0454723718)
(0.002 0.04064928719 0.01035273517)
(0.002 0.0393401276 0.01112416405)
(0.002 0.01689273343 0.03934368242)
(0.002 0.02615408327 0.03560079406)
(0.002 0.02483226213 0.03636537546)
(0.002 0.04328624642 0.008839767684)
(0.002 0.04462307549 0.008094897718)
(0.002 0.04461271713 0.00656287922)
(0.002 0.04594805665 0.007335625277)
(0.002 0.04199806414 0.02636477296)
(0.002 0.05398403289 0.01049387353)
(0.002 0.0353753944 0.02862983265)
(0.002 0.03405781564 0.02786296322)
(0.002 0.0340667609 0.02633350487)
(0.002 0.0366955563 0.02939315302)
(0.002 0.03934319503 0.02788642839)
(0.002 0.0459391715 0.0363868438)
(0.002 0.01428630604 0.0148571072)
(0.002 0.04862708066 0.02871280733)
(0.002 0.01155168531 0.04540824862)
(0.002 0.01286921209 0.04617343854)
(0.002 0.04467274812 0.02025141735)
(0.002 0.02220018445 0.04547646263)
(0.002 0.03144736262 0.02333954462)
(0.002 0.04457921235 0.04478730284)
(0.002 0.01159726717 0.02405919193)
(0.002 0.02879274049 0.03712320756)
(0.002 0.02485158101 0.02408684394)
(0.002 0.03406385774 0.01261238638)
(0.002 0.03537774388 0.01337636261)
(0.002 0.03406676059 0.01413242677)
(0.002 0.008944005701 0.01943940227)
(0.002 0.007606795619 0.0202032217)
(0.002 0.007613216015 0.01866274249)
(0.002 0.02089493233 0.04015285653)
(0.002 0.01957923706 0.03938968854)
(0.002 0.02089880785 0.03863013179)
(0.002 0.02483850952 0.02865604336)
(0.002 0.03669581896 0.01261983345)
(0.002 0.006257182677 0.01942710742)
(0.002 0.006261191667 0.01788513357)
(0.002 0.007616741279 0.01712108426)
(0.002 0.006285079578 0.01634344854)
(0.002 0.007627834084 0.01558303564)
(0.002 0.006282463953 0.02094017748)
(0.002 0.02747793964 0.03484420831)
(0.002 0.007582732779 0.04005117894)
(0.002 0.01290495183 0.0354773544)
(0.002 0.01291600387 0.03395498978)
(0.002 0.01423844202 0.03318525893)
(0.002 0.0076651699 0.01252674031)
(0.002 0.04733897935 0.01719558264)
(0.002 0.00633338158 0.01480680816)
(0.002 0.02351291753 0.04623847384)
(0.002 0.02484023957 0.04548120475)
(0.002 0.032748412 0.0270904088)
(0.002 0.006254942093 0.03774489079)
(0.002 0.006248752502 0.03620500659)
(0.002 0.04466161961 0.01874225993)
(0.002 0.01025440656 0.03401405954)
(0.002 0.0539813616 0.01644970212)
(0.002 0.05397984593 0.01494663169)
(0.002 0.05400165062 0.01810767175)
(0.002 0.04333326399 0.0195057085)
(0.002 0.05130618769 0.01492959769)
(0.002 0.0062867711 0.04381019694)
(0.002 0.006190110642 0.04531602861)
(0.002 0.006259638277 0.04233002356)
(0.002 0.0539395715 0.03181242063)
(0.002 0.05395590372 0.03027016149)
(0.002 0.05393205478 0.0333545244)
(0.002 0.05260407505 0.03411965798)
(0.002 0.05392478842 0.0348966257)
(0.002 0.05259723867 0.03566163959)
(0.002 0.05391869696 0.03643835171)
(0.002 0.05259045985 0.03720314942)
(0.002 0.05391162949 0.03797955172)
(0.002 0.05258370515 0.03874417121)
(0.002 0.05390559219 0.03951997913)
(0.002 0.0525762624 0.04028361659)
(0.002 0.05389825411 0.04105928274)
(0.002 0.05257086251 0.04182312731)
(0.002 0.05389827307 0.04259727259)
(0.002 0.05256465381 0.0433580406)
(0.002 0.05123632085 0.04257887379)
(0.002 0.05123384106 0.04411804346)
(0.002 0.05255571063 0.04488970984)
(0.002 0.05122710847 0.04564725426)
(0.002 0.04990796283 0.04487810102)
(0.002 0.04990219421 0.04640408928)
(0.002 0.0485846017 0.045635414)
(0.002 0.04858995043 0.04411056456)
(0.002 0.04065377071 0.01188663914)
(0.002 0.04463483033 0.009625071675)
(0.002 0.03669239369 0.01414035261)
(0.002 0.01420828814 0.04542071232)
(0.002 0.01693796499 0.04242615931)
(0.002 0.01561856907 0.04318504467)
(0.002 0.03536553899 0.03016810195)
(0.002 0.04726606862 0.04486668201)
(0.002 0.04727115709 0.04634893972)
(0.002 0.01694297603 0.01489149495)
(0.002 0.01826948139 0.01413403891)
(0.002 0.05525559712 0.04187014637)
(0.002 0.04592644804 0.005832060211)
(0.002 0.04725031503 0.006569667484)
(0.002 0.04068700454 0.0058384453)
(0.002 0.03275712731 0.02557874793)
(0.002 0.03407568479 0.02482232286)
(0.002 0.01291760432 0.03245353222)
(0.002 0.01425018852 0.03166772563)
(0.002 0.01556802135 0.03242345762)
(0.002 0.01557547001 0.03089320245)
(0.002 0.01425219579 0.03014975142)
(0.002 0.01558466796 0.02936433386)
(0.002 0.01690524147 0.03013103237)
(0.002 0.0169128532 0.02860006339)
(0.002 0.01559252132 0.02782791941)
(0.002 0.01692021751 0.02706781237)
(0.002 0.01824206001 0.02784019342)
(0.002 0.01825001904 0.02630980495)
(0.002 0.01957087855 0.02708176346)
(0.002 0.01957893758 0.02555211823)
(0.002 0.0208991039 0.02632402566)
(0.002 0.01559815646 0.02629518112)
(0.002 0.01956285182 0.02861065456)
(0.002 0.01426451405 0.02707185326)
(0.002 0.01427627831 0.02552571444)
(0.002 0.01825839781 0.02478000722)
(0.002 0.01958616255 0.02402760482)
(0.002 0.01561059182 0.02478159616)
(0.002 0.041910451 0.04624439107)
(0.002 0.04062208635 0.0455211993)
(0.002 0.008924734379 0.03475413075)
(0.002 0.04455241226 0.04629268902)
(0.002 0.04200749251 0.005093694027)
(0.002 0.05251095637 0.04635701651)
(0.002 0.05386654778 0.04565278527)
(0.002 0.04061104984 0.046960448)
(0.002 0.03933452771 0.04621974501)
(0.002 0.004943379085 0.04306663128)
(0.002 0.004958107926 0.04161285882)
(0.002 0.01144245097 0.04679716779)
(0.002 0.01267179568 0.04763805129)
(0.002 0.0222016397 0.04698005285)
(0.002 0.02357353197 0.04765928599)
(0.002 0.05370870904 0.0472954472)
(0.002 0.004987060335 0.01102158847)
(0.002 0.00488715169 0.009528047244)
(0.002 0.00492034763 0.01714090728)
(0.002 0.04453267271 0.004831628685)
(0.002 0.004914549581 0.02022392488)
(0.002 0.05519368154 0.04643545612)
(0.002 0.04728578353 0.005153787006)
(0.002 0.04856386684 0.005808915061)
(0.002 0.04851693858 0.004391964755)
(0.002 0.04988239216 0.005051346075)
(0.002 0.05522760352 0.04341435862)
(0.002 0.05525296159 0.0387563178)
(0.002 0.005024065257 0.01260127718)
(0.002 0.05526842195 0.03567385848)
(0.002 0.05528252561 0.03269221562)
(0.002 0.003511383953 0.01034186192)
(0.002 0.05531983161 0.01721717778)
(0.002 0.003617596239 0.01350224717)
(0.002 0.04862042939 0.007350583794)
(0.002 0.005015925153 0.02181759365)
(0.002 0.003564676489 0.0229953663)
(0.002 0.00522754788 0.02332413253)
(0.002 0.004244340045 0.02439288822)
(0.002 0.005733050101 0.02472657913)
(0.002 0.04197152416 0.01112364467)
(0.002 0.03801171173 0.01338353715)
(0.002 0.01825357047 0.04014336259)
(0.002 0.02615110853 0.03406981317)
(0.002 0.02748689205 0.03329912121)
(0.002 0.01292931778 0.0263407036)
(0.002 0.0327375334 0.0286164547)
(0.002 0.03142232935 0.02784543392)
(0.002 0.01957059007 0.03786320168)
(0.002 0.02089236278 0.03709598752)
(0.002 0.02222059563 0.03787166296)
(0.002 0.02221557132 0.03635224695)
(0.002 0.01822835126 0.03710379433)
(0.002 0.03668956575 0.03091726484)
(0.002 0.04726776696 0.04333615206)
(0.002 0.01560156002 0.04165636216)
(0.002 0.01427255964 0.04240469594)
(0.002 0.04197661252 0.01265710169)
(0.002 0.04859623792 0.04258566953)
(0.002 0.02088315351 0.03555600215)
(0.002 0.003590514403 0.04233030454)
(0.002 0.00492285694 0.03697141736)
(0.002 0.004927310277 0.03542987801)
(0.002 0.006294467314 0.03474421501)
(0.002 0.004884905441 0.03860961593)
(0.002 0.004932719652 0.03388762375)
(0.002 0.03141590914 0.02936883778)
(0.002 0.03800833381 0.03017124902)
(0.002 0.03536450755 0.03168960509)
(0.002 0.01694520434 0.01335400306)
(0.002 0.01826792506 0.0125929666)
(0.002 0.03802131113 0.01492484112)
(0.002 0.05124836434 0.03950862029)
(0.002 0.0156145601 0.01564782243)
(0.002 0.01560574917 0.01717600629)
(0.002 0.05665787087 0.008959642928)
(0.002 0.04592720197 0.04560642292)
(0.002 0.0459106662 0.04726904389)
(0.002 0.05665812154 0.01051062019)
(0.002 0.05532002147 0.0112808976)
(0.002 0.05532289046 0.01279435552)
(0.002 0.05396510893 0.01199649664)
(0.002 0.05522369149 0.004848867987)
(0.002 0.04593175037 0.04407540111)
(0.002 0.003426066586 0.01975934139)
(0.002 0.003357716057 0.04614364766)
(0.002 0.0045788317 0.04689498306)
(0.002 0.004486294956 0.04856690053)
(0.002 0.005989403379 0.04765619217)
(0.002 0.004682850805 0.04541450479)
(0.002 0.003331396009 0.005880682568)
(0.002 0.004663400697 0.005109526093)
(0.002 0.004497822225 0.003432917028)
(0.002 0.005957418451 0.004323338741)
(0.002 0.005983931314 0.00585169989)
(0.002 0.007319766601 0.005044789537)
(0.002 0.008749062111 0.00421084175)
(0.002 0.00873253746 0.00572010784)
(0.002 0.0100144331 0.00487586006)
(0.002 0.0101726141 0.006424584153)
(0.002 0.01139549131 0.005582789131)
(0.002 0.003384606979 0.03529032258)
(0.002 0.004271131198 0.0323867937)
(0.002 0.005772924382 0.032499139)
(0.002 0.005128021774 0.03118047451)
(0.002 0.004663557405 0.02966671721)
(0.002 0.006265113651 0.02999258488)
(0.002 0.005637620107 0.02844617456)
(0.002 0.004379206394 0.02807664643)
(0.002 0.005305834161 0.02701873103)
(0.002 0.05126066541 0.03641973293)
(0.002 0.0512418937 0.04104614507)
(0.002 0.02484329797 0.03329572245)
(0.002 0.02483488149 0.03483417983)
(0.002 0.05133519606 0.007401203128)
(0.002 0.05133996136 0.005901836231)
(0.002 0.0526726946 0.005145792389)
(0.002 0.04995764167 0.0066129577)
(0.002 0.04863898169 0.008862768395)
(0.002 0.05398814204 0.005874711193)
(0.002 0.02879636769 0.03404360227)
(0.002 0.02748001796 0.03174079401)
(0.002 0.04334209898 0.02101717591)
(0.002 0.0420068773 0.02026731596)
(0.002 0.04068142735 0.0210247675)
(0.002 0.05117502897 0.04710156166)
(0.002 0.04981386882 0.04785047534)
(0.002 0.04857987228 0.04716128299)
(0.002 0.008957076092 0.01636169778)
(0.002 0.05667391238 0.01357311001)
(0.002 0.01021130709 0.0461433657)
(0.002 0.01167647503 0.008666798793)
(0.002 0.01158096571 0.00706486025)
(0.002 0.01282007027 0.006090212488)
(0.002 0.0131471404 0.007663822797)
(0.002 0.01426107642 0.006528417014)
(0.002 0.01407993935 0.004827371073)
(0.002 0.0153931683 0.005578516763)
(0.002 0.0155922356 0.006914453529)
(0.002 0.01678925515 0.005995634344)
(0.002 0.01657574013 0.004572677288)
(0.002 0.01801397228 0.005026976612)
(0.002 0.01936981706 0.004165372427)
(0.002 0.01941061421 0.005647323307)
(0.002 0.02063456154 0.00478364027)
(0.002 0.02075504744 0.006290131459)
(0.002 0.02196408176 0.005479003075)
(0.002 0.02211555881 0.006985601883)
(0.002 0.02335721855 0.006079438393)
(0.002 0.02363083297 0.007909565303)
(0.002 0.02476316322 0.006753130785)
(0.002 0.02528648236 0.008204138612)
(0.002 0.02622261696 0.007273581879)
(0.002 0.02603044645 0.005853594586)
(0.002 0.02737656339 0.006457673776)
(0.002 0.02726271292 0.004988098956)
(0.002 0.02870532881 0.005487605611)
(0.002 0.0275451474 0.007841312952)
(0.002 0.02852169611 0.004079941376)
(0.002 0.02084205753 0.007883668647)
(0.002 0.01950867559 0.007170886307)
(0.002 0.0270971049 0.00342542768)
(0.002 0.01299197069 0.009474434171)
(0.002 0.004657230273 0.006621778418)
(0.002 0.006084402999 0.00731732667)
(0.002 0.007622249701 0.04605477189)
(0.002 0.008888130772 0.04686456535)
(0.002 0.01290629477 0.04161633116)
(0.002 0.01424339854 0.04087148874)
(0.002 0.04726864888 0.04179894049)
(0.002 0.04601306805 0.01044144529)
(0.002 0.04600340251 0.008902841753)
(0.002 0.04465477668 0.0111697103)
(0.002 0.0141432202 0.04683000915)
(0.002 0.01549883061 0.04618053276)
(0.002 0.003340221779 0.0383883452)
(0.002 0.04068782164 0.0225373371)
(0.002 0.03935721194 0.02178580404)
(0.002 0.03803315922 0.02254285027)
(0.002 0.0393175855 0.04475285)
(0.002 0.03800180571 0.04550740657)
(0.002 0.03811579302 0.04720714122)
(0.002 0.03672093399 0.04626702178)
(0.002 0.03668532222 0.04475676377)
(0.002 0.03537336997 0.04550962517)
(0.002 0.03535785597 0.04691687887)
(0.002 0.03405219062 0.04624706671)
(0.002 0.03413454178 0.04766062336)
(0.002 0.03260415259 0.04721877681)
(0.002 0.03271900399 0.04553437642)
(0.002 0.03142643452 0.04625708206)
(0.002 0.03142455679 0.04474706358)
(0.002 0.0301140199 0.04549695418)
(0.002 0.03009005899 0.04694686721)
(0.002 0.02882148001 0.0461959188)
(0.002 0.02880750639 0.04472515538)
(0.002 0.0274931073 0.04547685895)
(0.002 0.02757422984 0.0471917728)
(0.002 0.02618751663 0.04624266475)
(0.002 0.02749141047 0.04396947317)
(0.002 0.02880973722 0.0432157046)
(0.002 0.01157077168 0.0286807445)
(0.002 0.01290692052 0.02791963674)
(0.002 0.02085510531 0.04618336652)
(0.002 0.04594545667 0.0348505611)
(0.002 0.04461227208 0.03560929013)
(0.002 0.04329021927 0.03483452925)
(0.002 0.04328058155 0.03636565381)
(0.002 0.04460703616 0.03714265634)
(0.002 0.04327571226 0.03789840325)
(0.002 0.04195311403 0.0371242804)
(0.002 0.04195043159 0.03865827199)
(0.002 0.04062815945 0.03788223878)
(0.002 0.04062414388 0.03941315657)
(0.002 0.03930842407 0.03864466514)
(0.002 0.03931135186 0.03711341281)
(0.002 0.03798765227 0.03786940852)
(0.002 0.03798703838 0.0394028678)
(0.002 0.03667052382 0.03863317533)
(0.002 0.03667220952 0.03710183609)
(0.002 0.03535004475 0.03785711681)
(0.002 0.03535061655 0.03939096358)
(0.002 0.03535526026 0.03633239471)
(0.002 0.0340330615 0.03708748166)
(0.002 0.04326706583 0.03943005341)
(0.002 0.03403708872 0.03555829328)
(0.002 0.03270718385 0.03630696778)
(0.002 0.0314015482 0.0355350356)
(0.002 0.03138216846 0.03705589331)
(0.002 0.03270157681 0.03783289962)
(0.002 0.03667673844 0.03556978534)
(0.002 0.03009587627 0.03633102894)
(0.002 0.04466700898 0.02178469249)
(0.002 0.03803676109 0.02405601134)
(0.002 0.03671075428 0.02330328516)
(0.002 0.03538962135 0.02406677191)
(0.002 0.0566619678 0.01979911631)
(0.002 0.05532145153 0.02057912975)
(0.002 0.05532079535 0.02212558954)
(0.002 0.0539832157 0.02135289277)
(0.002 0.05398244235 0.02289652258)
(0.002 0.05266275076 0.02209734566)
(0.002 0.05532001806 0.02367063428)
(0.002 0.05399699577 0.02441288942)
(0.002 0.05399630871 0.01977316233)
(0.002 0.05531667797 0.02521325185)
(0.002 0.05400057036 0.02587164799)
(0.002 0.05266376603 0.02054084005)
(0.002 0.05132914277 0.0212257272)
(0.002 0.04997222399 0.02035022939)
(0.002 0.05532082855 0.01903309362)
(0.002 0.05266622466 0.01888961088)
(0.002 0.04329538114 0.00579671969)
(0.002 0.02090269305 0.01720087019)
(0.002 0.0222286374 0.01644405124)
(0.002 0.02354725488 0.0172125387)
(0.002 0.02355342359 0.0156875117)
(0.002 0.02487074344 0.01645517019)
(0.002 0.02222998912 0.014909028)
(0.002 0.02487055172 0.01492104964)
(0.002 0.02619250143 0.0156968637)
(0.002 0.02618798369 0.01722273355)
(0.002 0.02750970482 0.01646495552)
(0.002 0.02750870304 0.01493111422)
(0.002 0.02883048167 0.01570697661)
(0.002 0.02882508038 0.0172343821)
(0.002 0.03014782316 0.01647812945)
(0.002 0.03014543932 0.01494143055)
(0.002 0.03146642588 0.01570509385)
(0.002 0.03144955625 0.01414712935)
(0.002 0.03146352421 0.01724172403)
(0.002 0.03277440966 0.01645738246)
(0.002 0.04862202932 0.03025061734)
(0.002 0.04729385434 0.02947852731)
(0.002 0.04729914258 0.02793990904)
(0.002 0.03277858202 0.01800633744)
(0.002 0.03014496065 0.01801000371)
(0.002 0.02881980428 0.01876185269)
(0.002 0.01826921477 0.04618749366)
(0.002 0.01698362401 0.04717299239)
(0.002 0.01953268892 0.04691701066)
(0.002 0.01159688734 0.02252696685)
(0.002 0.01959439983 0.01337616741)
(0.002 0.003426139852 0.0166092046)
(0.002 0.04596682152 0.02870542375)
(0.002 0.04597299489 0.02716666984)
(0.002 0.04464198953 0.02793248373)
(0.002 0.0446491507 0.02638985272)
(0.002 0.04331942068 0.02715138761)
(0.002 0.04331284204 0.02869442435)
(0.002 0.04199213569 0.02791567325)
(0.002 0.0406641867 0.02869593202)
(0.002 0.04863252634 0.02717403862)
(0.002 0.02354163863 0.01873954653)
(0.002 0.03800195068 0.03171886253)
(0.002 0.03403590491 0.02941430609)
(0.002 0.02349668723 0.009585689395)
(0.002 0.0460001773 0.01797300385)
(0.002 0.03934739442 0.006557271923)
(0.002 0.03803025759 0.005788988178)
(0.002 0.03946092834 0.00518039375)
(0.002 0.03824117892 0.004338860412)
(0.002 0.03677026733 0.005139021959)
(0.002 0.04990061367 0.04178360559)
(0.002 0.02484098748 0.04396266704)
(0.002 0.03145046933 0.008055677806)
(0.002 0.03276360001 0.007293958568)
(0.002 0.03145169212 0.006531717617)
(0.002 0.03274223884 0.005818521941)
(0.002 0.03146213517 0.005077998785)
(0.002 0.03013105627 0.005887263423)
(0.002 0.03407670674 0.006544425689)
(0.002 0.03397377981 0.004822272628)
(0.002 0.02481583337 0.04687754885)
(0.002 0.02090902597 0.01567295897)
(0.002 0.02091440462 0.01414102529)
(0.002 0.01958880346 0.01490288287)
(0.002 0.02747324852 0.04245001169)
(0.002 0.02089080792 0.02785219092)
(0.002 0.02221814342 0.02709426031)
(0.002 0.02222698335 0.02556727063)
(0.002 0.02354169137 0.02634790357)
(0.002 0.02221098774 0.02862311596)
(0.002 0.04311092093 0.04721922406)
(0.002 0.04997360142 0.01569889668)
(0.002 0.04196170116 0.03559316721)
(0.002 0.004848587706 0.01874448591)
(0.002 0.02886020735 0.009647492618)
(0.002 0.03012140822 0.02409743697)
(0.002 0.02467664677 0.005311982424)
(0.002 0.04597996828 0.02562510622)
(0.002 0.012945233 0.0232804316)
(0.002 0.03672154171 0.006562291929)
(0.002 0.03537229837 0.005799568666)
(0.002 0.0261788786 0.0202788439)
(0.002 0.0261824175 0.01874960388)
(0.002 0.04065710847 0.03021395297)
(0.002 0.01823438274 0.02937032528)
(0.002 0.01955566591 0.0301409369)
(0.002 0.0235407183 0.01413244247)
(0.002 0.04865326383 0.01645094906)
(0.002 0.04731700762 0.01570310971)
(0.002 0.05667352186 0.02906486761)
(0.002 0.05666195608 0.02754360551)
(0.002 0.05534007197 0.02819509231)
(0.002 0.05534104829 0.02669724839)
(0.002 0.04593514944 0.03792100777)
(0.002 0.05267019684 0.02354841096)
(0.002 0.03538990603 0.02557966944)
(0.002 0.03407603878 0.008056648363)
(0.002 0.02610196003 0.009551376721)
(0.002 0.02090593449 0.02479754833)
(0.002 0.0261782008 0.01414232754)
(0.002 0.04728931458 0.03101704409)
(0.002 0.03536908737 0.04399118201)
(0.002 0.02881458776 0.01415122883)
(0.002 0.03276863946 0.02257968511)
(0.002 0.03014040801 0.007458594508)
(0.002 0.02616774983 0.04472323661)
(0.002 0.01825184611 0.02176633522)
(0.002 0.0142921514 0.01332973424)
(0.002 0.05263209809 0.01417763383)
(0.002 0.03541043423 0.02107848027)
(0.002 0.0486304239 0.02258373254)
(0.002 0.05666019255 0.02290125974)
(0.002 0.02088055983 0.04470631116)
(0.002 0.04063559792 0.03635347711)
(0.002 0.03931767983 0.03558111676)
(0.002 0.05127441341 0.03334127552)
(0.002 0.02486519157 0.0179814376)
(0.002 0.0380562094 0.01957168339)
(0.002 0.04458969432 0.043264373)
(0.002 0.02485789356 0.01336956955)
(0.002 0.01022482313 0.04463900177)
(0.002 0.03147791562 0.003516231046)
(0.002 0.03004972684 0.04846246014)
(0.002 0.02695663889 0.04869954579)
(0.002 0.0345938668 0.003289527859)
(0.002 0.04332728882 0.02560736838)
(0.002 0.01822762405 0.03089907103)
(0.002 0.01694245405 0.01181474101)
(0.002 0.03014108223 0.01953449377)
(0.002 0.02749416664 0.01337963245)
(0.002 0.04070143534 0.01806005775)
(0.002 0.02616831261 0.02485587641)
(0.002 0.02879591668 0.03865092397)
(0.002 0.01956662652 0.02101577446)
(0.002 0.04063179848 0.04400546097)
(0.002 0.01693214678 0.0255455681)
(0.002 0.04067124476 0.02713502069)
(0.002 0.0248476622 0.03788192679)
(0.002 0.03537902741 0.01490328737)
(0.002 0.0327518605 0.01185113938)
(0.002 0.04998127633 0.01275086802)
(0.002 0.04333974739 0.01652701018)
(0.002 0.03408701101 0.01723149594)
(0.002 0.02749611384 0.02104785425)
(0.002 0.02394810612 0.003190513912)
(0.002 0.05665937315 0.02444714244)
(0.002 0.04329929896 0.03330324307)
(0.002 0.03799411658 0.03634060786)
(0.002 0.03012977014 0.01338582303)
(0.002 0.04060509336 0.04847106526)
(0.002 0.03750575135 0.04872371727)
(0.002 0.01957852997 0.0118115468)
(0.002 0.03669929241 0.01110006863)
(0.002 0.0393720439 0.01270212051)
(0.002 0.01944662218 0.04850074093)
(0.002 0.01634875913 0.0487001317)
(0.002 0.04206102322 0.003531576566)
(0.002 0.01031755701 0.0125385213)
(0.002 0.03801692435 0.02863850022)
(0.002 0.01289851153 0.03700861353)
(0.002 0.03402834243 0.03861021163)
(0.002 0.03010124667 0.0378730494)
(0.002 0.02484556215 0.0394030885)
(0.002 0.004957828614 0.015566021)
(0.002 0.03801846339 0.0103468884)
(0.002 0.04516614413 0.003299258833)
(0.002 0.03141205109 0.03401484063)
(0.002 0.02220935173 0.04091807611)
(0.002 0.05388285252 0.04413734131)
(0.002 0.007569557419 0.03089683912)
(0.002 0.01555962822 0.03395819422)
(0.002 0.02615770737 0.02790373904)
(0.002 0.04369410015 0.04869371901)
(0.002 0.01333534972 0.003327773385)
(0.002 0.01689643337 0.03166029645)
(0.002 0.007378696359 0.02478751441)
(0.002 0.04196983728 0.03406032969)
(0.002 0.01825559006 0.04166804315)
(0.002 0.02353318454 0.02331613852)
(0.002 0.05263909558 0.01122496752)
(0.002 0.01427293788 0.0179311372)
(0.002 0.04196912774 0.009597272508)
(0.002 0.03671051662 0.01569584786)
(0.002 0.0526125839 0.02949653165)
(0.002 0.01953619069 0.03168606067)
(0.002 0.0102794973 0.01867735216)
(0.002 0.007634707228 0.02639804113)
(0.002 0.02221532365 0.01334968643)
(0.002 0.05269504542 0.003555175475)
(0.002 0.0466619655 0.04869708701)
(0.002 0.01016800212 0.003374245346)
(0.002 0.01292938833 0.02175915261)
(0.002 0.01692802879 0.01794841101)
(0.002 0.02086396764 0.03092599792)
(0.002 0.008910225503 0.04081944858)
(0.002 0.007627647287 0.02169673898)
(0.002 0.04993861479 0.03410169804)
(0.002 0.01561889083 0.01411211619)
(0.002 0.03800154755 0.04399774056)
(0.002 0.008969063022 0.01482613879)
(0.002 0.02088907836 0.02178093401)
(0.002 0.05532121936 0.009728417865)
(0.002 0.00894961018 0.01790031781)
(0.002 0.04991180261 0.04334793991)
(0.002 0.03404878821 0.04017304554)
(0.002 0.006248382321 0.03929566693)
(0.002 0.03141555839 0.03863801941)
(0.002 0.01427670475 0.0163922479)
(0.002 0.01029514943 0.01560383337)
(0.002 0.02221338478 0.03939511084)
(0.002 0.04990975553 0.04025062912)
(0.002 0.03407357362 0.01567103409)
(0.002 0.008836338758 0.04847733805)
(0.002 0.0327594896 0.01337500585)
(0.002 0.0208811343 0.02938062531)
(0.002 0.05425843557 0.04871858711)
(0.002 0.03667647438 0.04017175437)
(0.002 0.01689211976 0.03782091953)
(0.002 0.05126772299 0.03488066999)
(0.002 0.03802290967 0.01187943537)
(0.002 0.01559869468 0.01870711556)
(0.002 0.02750394978 0.01799250126)
(0.002 0.03931261499 0.04018181809)
(0.002 0.01691859003 0.04089070543)
(0.002 0.05125588545 0.03796151978)
(0.002 0.0235152098 0.02940959281)
(0.002 0.02353198761 0.0386384369)
(0.002 0.04992523997 0.0371778341)
(0.002 0.04195188468 0.04019363171)
(0.002 0.01157196555 0.03776865501)
(0.002 0.04330509367 0.01037722762)
(0.002 0.008997184179 0.01176597644)
(0.002 0.034052438 0.04475026946)
(0.002 0.02353018742 0.02787825159)
(0.002 0.04596324587 0.030243929)
(0.002 0.01688689588 0.03319779773)
(0.002 0.02749953287 0.01952057074)
(0.002 0.03273455847 0.04399010574)
(0.002 0.02221807975 0.0348227589)
(0.002 0.007584507237 0.04158050522)
(0.002 0.02352864171 0.03712459556)
(0.002 0.01158663314 0.03624780809)
(0.002 0.03011643102 0.04398170101)
(0.002 0.007579853004 0.02943918232)
(0.002 0.03011436808 0.04245483139)
(0.002 0.0406951051 0.01346728635)
(0.002 0.01824468685 0.03861692612)
(0.002 0.05118029742 0.04865600153)
(0.002 0.01157197472 0.0256064995)
(0.002 0.008986357151 0.0132968516)
(0.002 0.006260140352 0.04081810544)
(0.002 0.01825643392 0.008031126044)
(0.002 0.03933089434 0.02941587548)
(0.002 0.01425445119 0.02861882172)
(0.002 0.01291737066 0.02941937369)
(0.002 0.0207686025 0.003337825117)
(0.002 0.004923846034 0.0402046542)
(0.002 0.007646224205 0.01405663976)
(0.002 0.01157260246 0.03173396829)
(0.002 0.01159595056 0.03474241869)
(0.002 0.006359498642 0.01329384468)
(0.002 0.02485091077 0.02713253334)
(0.002 0.05660944016 0.04598523547)
(0.002 0.03403800124 0.03096258391)
(0.002 0.04963764369 0.003402804246)
(0.002 0.01561649919 0.04468536581)
(0.002 0.03009385785 0.0286607012)
(0.002 0.0248578331 0.02561024472)
(0.002 0.03011103804 0.02712452296)
(0.002 0.03142915397 0.02634837484)
(0.002 0.01428230579 0.04391803294)
(0.002 0.04601259673 0.01645006494)
(0.002 0.02353934184 0.02483576861)
(0.002 0.05521759796 0.04497362361)
(0.002 0.0222195777 0.02406267619)
(0.002 0.04727635527 0.008089803177)
(0.002 0.01957668498 0.02252043601)
(0.002 0.02089913842 0.02329321395)
(0.002 0.01826602953 0.02327695157)
(0.002 0.0169393399 0.02403169416)
(0.002 0.05664402134 0.04283262647)
(0.002 0.01560674543 0.02327419236)
(0.002 0.03407089407 0.02332380528)
(0.002 0.04863534841 0.02106541191)
(0.002 0.03275690327 0.02408019409)
(0.002 0.03143771019 0.02484306253)
(0.002 0.01429211882 0.02402753903)
(0.002 0.03276503593 0.01491467873)
(0.002 0.02879475738 0.03250758202)
(0.002 0.05526515091 0.04035860007)
(0.002 0.03009553626 0.03479899975)
(0.002 0.0353953616 0.02256821556)
(0.002 0.05666946219 0.03830850341)
(0.002 0.02352236702 0.03558910105)
(0.002 0.02236134357 0.04866356141)
(0.002 0.02878944523 0.03558459475)
(0.002 0.01186209596 0.04887554965)
(0.002 0.01294682765 0.02480245587)
(0.002 0.03905535128 0.003113408619)
(0.002 0.05522786058 0.0372456753)
(0.002 0.0232544788 0.004520433867)
(0.002 0.0566866446 0.03523551041)
(0.002 0.03802271692 0.02104728977)
(0.002 0.0367051363 0.02180446197)
(0.002 0.05527075902 0.03421229111)
(0.002 0.0288124299 0.006908725531)
(0.002 0.05663952574 0.03204893182)
(0.002 0.03934681326 0.02028947217)
(0.002 0.05667418808 0.01663431155)
(0.002 0.04067174583 0.01953409587)
(0.002 0.05531531345 0.01574158118)
(0.002 0.007551023155 0.03545333049)
(0.002 0.05531892575 0.03117788013)
(0.002 0.01291310161 0.03093948078)
(0.002 0.04199732944 0.01877707858)
(0.002 0.01243065181 0.004565564583)
(0.002 0.05392261918 0.02875696163)
(0.002 0.04332516206 0.01801754425)
(0.002 0.05260310187 0.02645154662)
(0.002 0.01158147088 0.03323562598)
(0.002 0.05127429051 0.02414057278)
(0.002 0.04466791629 0.01724232258)
(0.002 0.0459704878 0.01496918255)
(0.002 0.01027276292 0.03551333706)
(0.002 0.03316598165 0.0487496116)
(0.002 0.008951976353 0.03627806102)
(0.002 0.047296753 0.01421353368)
(0.002 0.01817156703 0.006544016885)
(0.002 0.04862452095 0.01497075251)
(0.002 0.007601002064 0.03397857287)
(0.002 0.05566887598 0.04875653384)
(0.002 0.05571529393 0.0032778096)
(0.002 0.04994984704 0.0142135181)
(0.002 0.00744116471 0.006538843281)
(0.002 0.04999035949 0.02188876055)
(0.002 0.05127424134 0.01345308849)
(0.002 0.05260409936 0.01269957244)
(0.002 0.00886624579 0.007233064095)
(0.002 0.00619881823 0.008779132711)
(0.002 0.004647581594 0.008075345351)
(0.002 0.05531486883 0.01427288475)
(0.002 0.0539698186 0.01348126248)
(0.002 0.003360983017 0.008871775856)
(0.002 0.003287418245 0.0290197206)
(0.002 0.01630152753 0.003223778434)
(0.002 0.005057528392 0.01407333312)
(0.002 0.01530151934 0.04762791186)
(0.002 0.004782293243 0.02570543046)
(0.002 0.05135961657 0.02272237313)
(0.002 0.04618213396 0.004371745191)
(0.002 0.05268878474 0.02502850058)
(0.002 0.01686673767 0.007434010254)
(0.002 0.05403323319 0.02734720022)
(0.002 0.03562097004 0.004354892873)
(0.002 0.006371614507 0.02241945146)
(0.002 0.05531384653 0.02966967073)
(0.002 0.0259225393 0.04765926679)
(0.002 0.05663702229 0.04130718554)
(0.002 0.03648179107 0.04768157069)
(0.002 0.01335135135 0.04891850337)
(0.002 0.02594895304 0.004498676552)
(0.002 0.05378205688 0.004560105333)
(0.002 0.03756756757 0.003056759461)
(0.002 0.04816216216 0.003054618318)
(0.002 0.003207195055 0.02731672962)
(0.002 0.0444457109 0.0476068175)
(0.002 0.05143552798 0.004547706887)
(0.002 0.007492696139 0.04740281413)
(0.002 0.04312122588 0.004523247508)
(0.002 0.02394594595 0.04896270353)
(0.002 0.03454054054 0.0489651324)
(0.002 0.01840930141 0.0474847176)
(0.002 0.04740540541 0.04766129697)
(0.002 0.01007306083 0.04743543759)
(0.002 0.03257669163 0.00451749282)
(0.002 0.02898631569 0.04748907191)
(0.002 0.005840869945 0.04900286412)
(0.002 0.005861391318 0.003035549185)
(0.002 0.006423693541 0.03141628173)
(0.002 0.04082136951 0.004546537658)
(0.002 0.03009757651 0.004529437674)
(0.002 0.003015183649 0.03219354839)
(0.002 0.006568664996 0.02730708758)
(0.002 0.006395942357 0.02584127445)
(0.002 0.02886823028 0.008308212223)
(0.002 0.02071221895 0.04746381654)
(0.002 0.03952618949 0.04750265633)
(0.002 0.01111034501 0.004315874107)
(0.002 0.03125411155 0.04748089896)
(0.002 0.0155926524 0.008225069407)
(0.002 0.05506342261 0.04776043519)
(0.002 0.003028207053 0.02441582209)
(0.002 0.008810810811 0.002967774192)
(0.002 0.04169562277 0.04751070372)
(0.002 0.003481847109 0.04115105957)
(0.002 0.006470894341 0.02369178222)
(0.002 0.01940540541 0.002926558215)
(0.002 0.0216934829 0.004249205422)
(0.002 0.05685398806 0.04885960442)
(0.002 0.0568881546 0.003112160361)
(0.002 0.003130194266 0.0488607797)
(0.002 0.003130194266 0.003139220303)
(0.002 0.02755679278 0.009025850077)
(0.002 0.01534716797 0.004393808177)
(0.002 0.04970918504 0.04906010899)
(0.002 0.02848648649 0.002902361657)
(0.002 0.006550565929 0.04651605907)
(0.002 0.05232588384 0.04757486595)
(0.002 0.00505069511 0.04428017346)
(0.002 0.003815560864 0.04364344913)
(0.002 0.0064593529 0.03352444238)
(0.002 0.02651415667 0.008394387221)
(0.002 0.004199078793 0.02675232319)
(0.002 0.01398957306 0.04802129145)
(0.002 0.01456735366 0.00764559659)
(0.002 0.03694001917 0.003953721558)
(0.002 0.04745944029 0.003996202788)
(0.002 0.02465349646 0.04803433037)
(0.002 0.05049421859 0.004069121566)
(0.002 0.0247027027 0.004092894356)
(0.002 0.02462708092 0.009187194471)
(0.002 0.01128996488 0.04790736883)
(0.002 0.03523688656 0.04805363902)
(0.002 0.005558357431 0.04629982069)
(0.002 0.03961875536 0.004076629371)
(0.002 0.006805593481 0.02867076232)
(0.05665331475 0.02253451925 0.0009997964645)
(0.0577148918 0.02363757558 0.0009995694312)
(0.05859569607 0.02488981321 0.0009995694312)
(0.05409075259 0.02087499352 0.001000203535)
(0.05927502093 0.0262618204 0.0009999685207)
(0.0577148918 0.03636242442 0.0009996873603)
(0.04961704039 0.02000733559 0.001000140581)
(0.05543571427 0.02160637085 0.001)
(0.05264983454 0.02035747041 0.001000326498)
(0.05114685988 0.02006598206 0.001000278823)
(0.05859569609 0.03511018675 0.0009995960087)
(0.05973695424 0.02772146491 0.001000430569)
(0.04661990852 0.02058857176 0.0009998594192)
(0.05927502451 0.03373817071 0.0009995865062)
(0.04522280181 0.03878512251 0.00100031264)
(0.04809613426 0.02018290801 0.001)
(0.05409054957 0.03912509749 0.0009999685235)
(0.04661982238 0.03941139731 0.0009999843535)
(0.05665320269 0.03746558061 0.0009998435901)
(0.05264963415 0.03964258466 0.001)
(0.04279472711 0.03693426583 0.001000140581)
(0.04046601419 0.0330171368 0.001000203535)
(0.05114668533 0.03993403809 0.001000031476)
(0.04182070639 0.0242468134 0.0009996873603)
(0.04809601147 0.03981706818 0.0009999622711)
(0.04393774589 0.02204707129 0.0009996873603)
(0.04103834441 0.02556280166 0.0009995960087)
(0.04 0.02999985009 0.0009999685235)
(0.0401171842 0.03152641802 0.001000068756)
(0.0401172244 0.02847332178 0.001)
(0.04393772051 0.03795290936 0.001000212587)
(0.04046605941 0.0269827203 0.0009998070852)
(0.04279478406 0.02306567499 0.000999718657)
(0.04103829754 0.03443710367 0.001000112811)
(0.04182067105 0.03575313636 0.001000101257)
(0.05543561207 0.03839369534 0.0009999249191)
(0.04522282985 0.02121486224 0.000999787413)
(0.05973695424 0.03227853509 0.0009995694312)
(0.04961689501 0.03999265883 0.0009999975015)
(0.05994513975 0.02895396209 0.001000171353)
(0.05994038433 0.03109030243 0.001)
(0.09659601657 0.02249541109 0.002)
(0.09677054159 0.03774450157 0.002)
(0.003300848287 0.0222938059 0.002)
(0.003390915262 0.03776551225 0.002)
(0.003310741152 0.03 0.002)
(0.09668925885 0.03 0.002)
(0.03923024079 0.02670735207 0.002)
(0.03913203772 0.0332777832 0.002)
(0.06095591944 0.02734011276 0.002)
(0.06098140093 0.03241768041 0.002)
(0.07864643705 0.003340784014 0.002)
(0.07889066738 0.05680600616 0.002)
(0.02131757329 0.003319288941 0.002)
(0.02135291318 0.05665876173 0.002)
(0.0275544211 0.003289578043 0.002)
(0.02759468219 0.0566709013 0.002)
(0.07245207773 0.003340710938 0.002)
(0.0724516129 0.05665905744 0.002)
(0.003275226341 0.04340812249 0.002)
(0.00341654208 0.01640935101 0.002)
(0.09668925885 0.04362162162 0.002)
(0.09674716971 0.01652657368 0.002)
(0.05861514068 0.02274111083 0.002)
(0.05895264967 0.03720659917 0.002)
(0.04186060623 0.03783338102 0.002)
(0.04198965518 0.0219747061 0.002)
(0.01523104269 0.05670892991 0.002)
(0.01518707629 0.003216189208 0.002)
(0.08476735122 0.0032124075 0.002)
(0.08484535659 0.0567908651 0.002)
(0.06599962048 0.003171341095 0.002)
(0.06633210525 0.05670073852 0.002)
(0.03360584174 0.0564680812 0.002)
(0.0336056525 0.00344699633 0.002)
(0.06005770462 0.003227400304 0.002)
(0.06014324898 0.05665164285 0.002)
(0.03992627534 0.05661736237 0.002)
(0.03993080938 0.003291626173 0.002)
(0.05289134337 0.01929584145 0.002)
(0.05298632092 0.04101158568 0.002)
(0.04620703925 0.01936354567 0.002)
(0.04628017755 0.0406382915 0.002)
(0.0490580164 0.05661825694 0.002)
(0.04922580645 0.003340942561 0.002)
(0.01060486883 0.003610282728 0.002)
(0.01046626687 0.05669893452 0.002)
(0.08948387097 0.003340942561 0.002)
(0.08950969451 0.05667419836 0.002)
(0.05390078866 0.003323429889 0.002)
(0.05387096774 0.05665905744 0.002)
(0.0446745022 0.003363835779 0.002)
(0.04467087654 0.0565517837 0.002)
(0.003265822793 0.04822732437 0.002)
(0.003135330645 0.01188072087 0.002)
(0.09681922017 0.01171971783 0.002)
(0.0968206528 0.04816707809 0.002)
(0.03875032637 0.0300103326 0.002)
(0.05594510782 0.02051690915 0.002)
(0.05614042712 0.03948191669 0.002)
(0.04941905073 0.04127838726 0.002)
(0.04944541625 0.01875130731 0.002)
(0.003280418833 0.05283776211 0.002)
(0.003166831916 0.006989102237 0.002)
(0.09656023775 0.007261233959 0.002)
(0.09670147697 0.05275493501 0.002)
(0.007417537217 0.00327391196 0.002)
(0.007419354839 0.05665905744 0.002)
(0.09257783484 0.003275443244 0.002)
(0.09258064516 0.05665905744 0.002)
(0.01825916312 0.00333974345 0.002)
(0.08158539343 0.05656859564 0.002)
(0.08172931288 0.00330995361 0.002)
(0.02450855826 0.00330806367 0.002)
(0.01825806776 0.05666936106 0.002)
(0.02457520208 0.05643661785 0.002)
(0.0570196732 0.003333639136 0.002)
(0.05701179142 0.05651027288 0.002)
(0.06938086054 0.003309421765 0.002)
(0.06935530747 0.05665926409 0.002)
(0.07554850789 0.003339909907 0.002)
(0.07550124706 0.05670508732 0.002)
(0.03687306132 0.003321954349 0.002)
(0.03683870968 0.05665905744 0.002)
(0.03084492188 0.003494320522 0.002)
(0.03064515442 0.05672485499 0.002)
(0.06327908872 0.003434075544 0.002)
(0.06316675145 0.05672521787 0.002)
(0.09687133048 0.02552044417 0.002)
(0.09661861533 0.01933653974 0.002)
(0.09645825199 0.03448879348 0.002)
(0.003310741152 0.01940540541 0.002)
(0.003208424608 0.03451428884 0.002)
(0.003071288667 0.04037445758 0.002)
(0.003164578762 0.02563277335 0.002)
(0.09678331235 0.04060899721 0.002)
(0.004384623366 0.05669717809 0.002)
(0.09567279362 0.0567678761 0.002)
(0.004352301808 0.003443726462 0.002)
(0.09569235695 0.003422171432 0.002)
(0.03863597495 0.0316815186 0.002)
(0.03769072052 0.03282717961 0.002)
(0.03797485872 0.03435095401 0.002)
(0.0365344949 0.03384706928 0.002)
(0.03681912165 0.03535346752 0.002)
(0.03537985439 0.03485016485 0.002)
(0.03566683638 0.03635287752 0.002)
(0.03422333432 0.03584846535 0.002)
(0.03393612371 0.0343505045 0.002)
(0.03277944168 0.03534495781 0.002)
(0.03249272176 0.03384612203 0.002)
(0.03133574696 0.03484074754 0.002)
(0.03104929756 0.03334183259 0.002)
(0.0298923821 0.0343366688 0.002)
(0.02960604859 0.03283821988 0.002)
(0.02844965422 0.03383261754 0.002)
(0.02816444914 0.03233189129 0.002)
(0.02700772377 0.03332823163 0.002)
(0.02672266854 0.03182827158 0.002)
(0.02556026474 0.03281791323 0.002)
(0.02527038811 0.03131762308 0.002)
(0.02585022775 0.03432356028 0.002)
(0.02440262485 0.03381319767 0.002)
(0.02469330377 0.03531973234 0.002)
(0.02643568292 0.03032724861 0.002)
(0.02498582954 0.02982169941 0.002)
(0.02615023602 0.02882809759 0.002)
(0.02471102874 0.02832619373 0.002)
(0.025867009 0.02732939126 0.002)
(0.02442557273 0.02682638866 0.002)
(0.02558220508 0.02582909524 0.002)
(0.02413978029 0.02532568904 0.002)
(0.02529719253 0.0243278676 0.002)
(0.02385370128 0.0238241443 0.002)
(0.03306536813 0.03684676316 0.002)
(0.02324627772 0.03481022873 0.002)
(0.02353687441 0.03631658235 0.002)
(0.02297129024 0.02631598167 0.002)
(0.02501200413 0.02282553901 0.002)
(0.02356700928 0.02232148868 0.002)
(0.02208960721 0.03580713451 0.002)
(0.02238030128 0.03731378157 0.002)
(0.02472650602 0.02132205972 0.002)
(0.02328035288 0.02081763166 0.002)
(0.02093835013 0.03681036348 0.002)
(0.0212239878 0.03831218108 0.002)
(0.02266695693 0.03881610215 0.002)
(0.02150898926 0.03981408818 0.002)
(0.022952437 0.04031874552 0.002)
(0.02006577707 0.03931028748 0.002)
(0.02444077769 0.01981733646 0.002)
(0.02299427448 0.01931293873 0.002)
(0.02183387209 0.02031334115 0.002)
(0.02154685564 0.01881053357 0.002)
(0.02038749915 0.01980949369 0.002)
(0.02010039713 0.01830699936 0.002)
(0.02588716737 0.02032225776 0.002)
(0.02035022546 0.04081169438 0.002)
(0.0189410919 0.01930461286 0.002)
(0.0186552064 0.01780115385 0.002)
(0.01890699557 0.04030809697 0.002)
(0.0256014625 0.01881648171 0.002)
(0.02705010909 0.01932297112 0.002)
(0.01919173423 0.04180981027 0.002)
(0.02676307627 0.01781533749 0.002)
(0.02821261932 0.01832208266 0.002)
(0.01774801295 0.04130204038 0.002)
(0.01746061951 0.03978960655 0.002)
(0.01749564827 0.01879984413 0.002)
(0.01721004451 0.01729761034 0.002)
(0.01803209093 0.04280605418 0.002)
(0.01947002909 0.04331219577 0.002)
(0.02063641118 0.03529044349 0.002)
(0.02792522225 0.01681336748 0.002)
(0.02937480344 0.01731931568 0.002)
(0.01981647455 0.0168070138 0.002)
(0.01658607512 0.04228887076 0.002)
(0.0168748425 0.04380626066 0.002)
(0.0160521315 0.01829704083 0.002)
(0.01633788968 0.01979911907 0.002)
(0.01576562849 0.01679454197 0.002)
(0.02908787123 0.01581054323 0.002)
(0.03053772148 0.01631674395 0.002)
(0.02763976296 0.01530712106 0.002)
(0.02966614968 0.01882969524 0.002)
(0.02702452766 0.02633248444 0.002)
(0.01543108623 0.04330192694 0.002)
(0.01571477107 0.04480283059 0.002)
(0.0302511968 0.01480723223 0.002)
(0.03170243836 0.01531373817 0.002)
(0.01489799232 0.01929891551 0.002)
(0.0151803413 0.02079629521 0.002)
(0.01426393359 0.04429139321 0.002)
(0.01397546309 0.04276845322 0.002)
(0.01455581591 0.04580091425 0.002)
(0.01599374868 0.04630575872 0.002)
(0.013742803 0.02029719248 0.002)
(0.01402525997 0.02179286122 0.002)
(0.03141542635 0.0138032993 0.002)
(0.03286690312 0.0143102302 0.002)
(0.03315375058 0.01582048328 0.002)
(0.03431889813 0.01481776116 0.002)
(0.03403195105 0.01330672252 0.002)
(0.03548433115 0.01381446365 0.002)
(0.01310315362 0.04528850997 0.002)
(0.01339665767 0.0467987553 0.002)
(0.01258008071 0.02128557764 0.002)
(0.01287027864 0.02278868978 0.002)
(0.01230567952 0.0197815837 0.002)
(0.01430977587 0.0232902034 0.002)
(0.0131565061 0.02428719774 0.002)
(0.01459437468 0.02478743371 0.002)
(0.01344113288 0.02578271884 0.002)
(0.01487874122 0.02628374285 0.002)
(0.01372505911 0.02727815183 0.002)
(0.01228710989 0.02677910562 0.002)
(0.01257176381 0.02827306593 0.002)
(0.03460499953 0.01632812088 0.002)
(0.01400895285 0.02877368189 0.002)
(0.01285574693 0.02976779967 0.002)
(0.03221708134 0.03235513906 0.002)
(0.03519722021 0.01230263654 0.002)
(0.03664949223 0.0128101626 0.002)
(0.01195253691 0.04629525776 0.002)
(0.0122397849 0.04779872063 0.002)
(0.0114201345 0.02227893204 0.002)
(0.01429287323 0.03026910229 0.002)
(0.01313977871 0.03126281565 0.002)
(0.01170290797 0.03076139627 0.002)
(0.01198646834 0.03225662063 0.002)
(0.01342360697 0.03275818655 0.002)
(0.01226995963 0.03375224404 0.002)
(0.0363627099 0.01129850572 0.002)
(0.03781605259 0.01180587546 0.002)
(0.03810250268 0.01331797055 0.002)
(0.03926895519 0.01231400568 0.002)
(0.0395553534 0.01382593827 0.002)
(0.04072149359 0.01282218765 0.002)
(0.04043552961 0.01130984397 0.002)
(0.04188900369 0.01181827415 0.002)
(0.03491211471 0.01079358225 0.002)
(0.01055030264 0.03175450934 0.002)
(0.01079516725 0.04729488112 0.002)
(0.01051124991 0.04579395309 0.002)
(0.01107950108 0.04879813123 0.002)
(0.01252619917 0.04930289874 0.002)
(0.04160248356 0.01030508836 0.002)
(0.04305611345 0.01081395401 0.002)
(0.04334246275 0.01232694107 0.002)
(0.0445095105 0.01132298625 0.002)
(0.01603286108 0.02528915619 0.002)
(0.04479496051 0.01283559301 0.002)
(0.04596222832 0.01183201336 0.002)
(0.04567701591 0.01031916442 0.002)
(0.04713014311 0.01082819651 0.002)
(0.047415207 0.01234113976 0.002)
(0.048583083 0.01133764404 0.002)
(0.01370770725 0.03425438406 0.002)
(0.01255380923 0.03524798494 0.002)
(0.02067423753 0.02131352974 0.002)
(0.04362534113 0.01384003588 0.002)
(0.01026672662 0.03026065497 0.002)
(0.03017805871 0.03583678863 0.002)
(0.02294962856 0.03329797782 0.002)
(0.01111644939 0.03474600061 0.002)
(0.01139991553 0.03624132165 0.002)
(0.009962695758 0.0357405058 0.002)
(0.01024612214 0.0372349481 0.002)
(0.02354933193 0.02931884592 0.002)
(0.03752738706 0.01029420664 0.002)
(0.01631716762 0.02678603033 0.002)
(0.0148616464 0.03326010609 0.002)
(0.0299673694 0.01330110829 0.002)
(0.02734225009 0.02083111802 0.002)
(0.02270867952 0.01781338353 0.002)
(0.02932591774 0.0313447068 0.002)
(0.02411153771 0.03931994797 0.002)
(0.02439719603 0.04082357688 0.002)
(0.01692379746 0.01579476718 0.002)
(0.01547775061 0.01529078682 0.002)
(0.01663757173 0.01429030262 0.002)
(0.01518999171 0.0137860742 0.002)
(0.01635105441 0.012784555 0.002)
(0.01490266956 0.01228115156 0.002)
(0.01374213931 0.01328205316 0.002)
(0.01345441467 0.01177786238 0.002)
(0.01229489972 0.01277844533 0.002)
(0.01200741615 0.0112740705 0.002)
(0.01606479498 0.01127919674 0.002)
(0.01751396728 0.01178282513 0.002)
(0.01084918092 0.01227526657 0.002)
(0.01056095672 0.010771339 0.002)
(0.01172014976 0.009768815669 0.002)
(0.01722770218 0.01027467244 0.002)
(0.01867837842 0.01077976726 0.002)
(0.0111362599 0.01377746367 0.002)
(0.009692391031 0.01327564619 0.002)
(0.00997848917 0.01477438343 0.002)
(0.01027204923 0.009266330485 0.002)
(0.02555711749 0.03982349898 0.002)
(0.02584347998 0.04132799717 0.002)
(0.02468271408 0.0423285828 0.002)
(0.02612988432 0.04283336534 0.002)
(0.02496809806 0.04383497385 0.002)
(0.02641682086 0.04434037917 0.002)
(0.02525395639 0.04534279141 0.002)
(0.0267043927 0.04584824345 0.002)
(0.02786580411 0.04484559524 0.002)
(0.02815466269 0.04635411001 0.002)
(0.02931725221 0.04535081652 0.002)
(0.02960622842 0.04686066588 0.002)
(0.0307704818 0.04585655313 0.002)
(0.03105825018 0.04736730729 0.002)
(0.03222344378 0.04636230886 0.002)
(0.02553950064 0.04684999087 0.002)
(0.03251089899 0.04787393587 0.002)
(0.03367595081 0.04686892562 0.002)
(0.03396391401 0.0483807752 0.002)
(0.03512909187 0.04737539646 0.002)
(0.03484110948 0.04586418097 0.002)
(0.03629383871 0.04637032798 0.002)
(0.03658217283 0.0478813939 0.002)
(0.03774705547 0.04687638564 0.002)
(0.03803533952 0.04838778183 0.002)
(0.0392006036 0.04738240819 0.002)
(0.03948887248 0.04889421149 0.002)
(0.04065395384 0.0478882982 0.002)
(0.03600678426 0.04486075246 0.002)
(0.04036555931 0.0463768004 0.002)
(0.04181833032 0.04688267893 0.002)
(0.04210739472 0.04839386303 0.002)
(0.04327169838 0.0473882834 0.002)
(0.04356089539 0.04889975958 0.002)
(0.04472631151 0.04789426429 0.002)
(0.02989048574 0.04837157797 0.002)
(0.04501517768 0.04940522507 0.002)
(0.04618073067 0.04839999593 0.002)
(0.03048255129 0.04434649305 0.002)
(0.04646957845 0.04991131936 0.002)
(0.0476351636 0.04890559432 0.002)
(0.04153003979 0.04537155811 0.002)
(0.03832402974 0.04990026401 0.002)
(0.04792471458 0.05041634073 0.002)
(0.04909025192 0.04941137546 0.002)
(0.04937718994 0.05092235261 0.002)
(0.0505442399 0.04991665196 0.002)
(0.05025793857 0.04840339759 0.002)
(0.05171095599 0.04891013422 0.002)
(0.05199805038 0.05042294465 0.002)
(0.05316514665 0.04941557209 0.002)
(0.05287735216 0.04790246545 0.002)
(0.05433091795 0.04840823301 0.002)
(0.05462006949 0.04992108143 0.002)
(0.05578575469 0.04891317899 0.002)
(0.05549632975 0.04740066568 0.002)
(0.05695048406 0.0479053923 0.002)
(0.05724092524 0.04941790616 0.002)
(0.05840523148 0.04840957171 0.002)
(0.05811449967 0.04689764668 0.002)
(0.05956907399 0.0474014704 0.002)
(0.0592777048 0.0458903066 0.002)
(0.06073192162 0.04639384527 0.002)
(0.06102344817 0.04790501008 0.002)
(0.06218663209 0.04689713671 0.002)
(0.06189544811 0.04538600015 0.002)
(0.06334287901 0.04588178641 0.002)
(0.06305644344 0.04437803514 0.002)
(0.06450787553 0.04487757992 0.002)
(0.06421930619 0.04337153933 0.002)
(0.06566562764 0.04386685067 0.002)
(0.06538025257 0.04236496768 0.002)
(0.06682653335 0.04286115973 0.002)
(0.06654083368 0.04135970721 0.002)
(0.06798977869 0.04185952473 0.002)
(0.0677009016 0.04035586782 0.002)
(0.06914559431 0.04085186843 0.002)
(0.06885938238 0.03935187394 0.002)
(0.07030739061 0.03985248847 0.002)
(0.07001889855 0.03835064185 0.002)
(0.07146513811 0.03885023037 0.002)
(0.07117603872 0.0373483012 0.002)
(0.07262148047 0.03784796208 0.002)
(0.07233233422 0.03634676041 0.002)
(0.07377723918 0.03684592915 0.002)
(0.07348787046 0.03534484769 0.002)
(0.07493273098 0.03584401854 0.002)
(0.0746433768 0.03434312566 0.002)
(0.0752208812 0.03734309425 0.002)
(0.07608788861 0.03484209923 0.002)
(0.07579824771 0.03334101231 0.002)
(0.07724285567 0.03384042351 0.002)
(0.07695328419 0.03233979374 0.002)
(0.07839740788 0.03283925574 0.002)
(0.078108217 0.03133898914 0.002)
(0.07666381205 0.03083923318 0.002)
(0.07781926649 0.02983837815 0.002)
(0.07637427632 0.02933821586 0.002)
(0.077530039 0.02833688703 0.002)
(0.07608449551 0.02783654603 0.002)
(0.07724093128 0.02683464584 0.002)
(0.07579232459 0.02633404716 0.002)
(0.07695158542 0.02533178479 0.002)
(0.07550131779 0.02483043691 0.002)
(0.07666212862 0.02382739693 0.002)
(0.07521308461 0.02332602917 0.002)
(0.07637238996 0.0223226194 0.002)
(0.07492386084 0.02182118072 0.002)
(0.07782106871 0.02282396681 0.002)
(0.07753126198 0.02131916963 0.002)
(0.07897468244 0.02883997803 0.002)
(0.07897867832 0.02182085744 0.002)
(0.07868961526 0.02031582688 0.002)
(0.07058368031 0.04134796078 0.002)
(0.08013553034 0.02081865184 0.002)
(0.07984857591 0.01931388908 0.002)
(0.08129423156 0.01981541799 0.002)
(0.07868682466 0.03433924412 0.002)
(0.07840047792 0.01881542592 0.002)
(0.07984069889 0.0333386927 0.002)
(0.08013102439 0.03483518769 0.002)
(0.08128359745 0.03383787629 0.002)
(0.08157362376 0.03533286464 0.002)
(0.08100700767 0.01831081792 0.002)
(0.08245248189 0.01881139514 0.002)
(0.08274029019 0.02031920327 0.002)
(0.08272516994 0.03433678301 0.002)
(0.08301415986 0.03583321443 0.002)
(0.08216466824 0.01730775196 0.002)
(0.07463082789 0.02733790311 0.002)
(0.0670912358 0.04434748211 0.002)
(0.07376464405 0.02282516147 0.002)
(0.07347445655 0.02131955175 0.002)
(0.08361034698 0.01780796179 0.002)
(0.08332185832 0.01630436352 0.002)
(0.08187105063 0.01580730045 0.002)
(0.07203737317 0.03484929289 0.002)
(0.08416556908 0.03483513029 0.002)
(0.08445448937 0.03633145856 0.002)
(0.08330300054 0.03733013776 0.002)
(0.08474376892 0.03782808974 0.002)
(0.08359255198 0.03882582633 0.002)
(0.08503220753 0.03932532867 0.002)
(0.08387930761 0.04032123642 0.002)
(0.0853208487 0.04082322004 0.002)
(0.08416705808 0.0418209432 0.002)
(0.08561180355 0.04232225511 0.002)
(0.08445863499 0.04332351004 0.002)
(0.08590325234 0.04382229819 0.002)
(0.07231525631 0.02232414628 0.002)
(0.07202474902 0.02081789829 0.002)
(0.08301195175 0.04282184869 0.002)
(0.08330392426 0.0443259322 0.002)
(0.08185635936 0.0438249763 0.002)
(0.08476867592 0.01680454756 0.002)
(0.08447951681 0.01530175583 0.002)
(0.08387681332 0.03333891446 0.002)
(0.07086542417 0.02182288013 0.002)
(0.07057470305 0.02031624609 0.002)
(0.07173444932 0.01931077526 0.002)
(0.07028360677 0.01880888421 0.002)
(0.07144451048 0.01780242427 0.002)
(0.06999172114 0.01730035364 0.002)
(0.07115388659 0.01629322052 0.002)
(0.06970043496 0.01579076812 0.002)
(0.06853853983 0.01679827849 0.002)
(0.06824690217 0.01528831324 0.002)
(0.0853166933 0.0338369491 0.002)
(0.08502834452 0.0323413799 0.002)
(0.08214819435 0.04532962882 0.002)
(0.08069841669 0.04482808153 0.002)
(0.07086258086 0.01478325309 0.002)
(0.06708492873 0.01629587471 0.002)
(0.06679322639 0.01478578108 0.002)
(0.0859249564 0.01580234884 0.002)
(0.08621516233 0.01730490448 0.002)
(0.08563623131 0.01429891989 0.002)
(0.06563134088 0.0157935678 0.002)
(0.06533931533 0.01428313555 0.002)
(0.06941534365 0.02132150474 0.002)
(0.06970604486 0.02282783162 0.002)
(0.08646766161 0.03283918706 0.002)
(0.08617944182 0.03134403459 0.002)
(0.0861831835 0.03832953329 0.002)
(0.08099183398 0.04633075939 0.002)
(0.07954117829 0.04583261264 0.002)
(0.08243947524 0.0468300144 0.002)
(0.06363108876 0.04738521443 0.002)
(0.06650180511 0.01327468561 0.002)
(0.06504697493 0.01277177248 0.002)
(0.0638833809 0.01377964732 0.002)
(0.08708646408 0.0147948189 0.002)
(0.0868025304 0.01328966901 0.002)
(0.08534703907 0.01279396009 0.002)
(0.06359075347 0.01227132598 0.002)
(0.06242753245 0.01327727186 0.002)
(0.08705716545 0.04282151862 0.002)
(0.08734731186 0.04432036275 0.002)
(0.07983097888 0.04733254698 0.002)
(0.07838173028 0.04683709104 0.002)
(0.06825654741 0.02232658504 0.002)
(0.06854703004 0.02383220868 0.002)
(0.0685712726 0.03784879402 0.002)
(0.06213512877 0.01176891606 0.002)
(0.06097262165 0.0127754791 0.002)
(0.08761787041 0.03184234722 0.002)
(0.08732985909 0.03034853446 0.002)
(0.06068048184 0.01126388545 0.002)
(0.05951685708 0.01227251858 0.002)
(0.08650763871 0.01178922978 0.002)
(0.07809076171 0.04533105521 0.002)
(0.07693015621 0.04633551992 0.002)
(0.07722202905 0.0478442693 0.002)
(0.07576848939 0.04734077672 0.002)
(0.08505528586 0.01128862175 0.002)
(0.08795312721 0.01229376398 0.002)
(0.06621017307 0.01176265135 0.002)
(0.08589123445 0.02984932534 0.002)
(0.08704211811 0.02885314551 0.002)
(0.08560297095 0.02835386281 0.002)
(0.08675424323 0.02735674055 0.002)
(0.08819307646 0.02785780623 0.002)
(0.08790549839 0.02636026484 0.002)
(0.07231649741 0.01528613434 0.002)
(0.07202520052 0.01377566712 0.002)
(0.07347945156 0.01427886567 0.002)
(0.07318814313 0.01276782737 0.002)
(0.07464273716 0.01327120362 0.002)
(0.07435141619 0.01175965417 0.002)
(0.07289540269 0.01125634758 0.002)
(0.0758029765 0.01226383632 0.002)
(0.06126099145 0.01428564052 0.002)
(0.08850049667 0.04332111328 0.002)
(0.08878958723 0.04481780156 0.002)
(0.05922502756 0.01076064359 0.002)
(0.05806152026 0.01176992167 0.002)
(0.07606103882 0.04885140597 0.002)
(0.07460688422 0.0483478144 0.002)
(0.08790613495 0.03333629783 0.002)
(0.08905612294 0.032339626 0.002)
(0.08934396656 0.03383266537 0.002)
(0.08763731323 0.04581864043 0.002)
(0.08908078145 0.04631611609 0.002)
(0.08792780516 0.04731765505 0.002)
(0.0893716281 0.04781547149 0.002)
(0.08821844583 0.04881746818 0.002)
(0.08966349632 0.04931614168 0.002)
(0.05776908478 0.0102576063 0.002)
(0.05660571769 0.01126727501 0.002)
(0.06709807078 0.02333128036 0.002)
(0.06738889637 0.02483632722 0.002)
(0.08621741519 0.01028291239 0.002)
(0.06509180144 0.04085868851 0.002)
(0.07551439767 0.01075136636 0.002)
(0.07696162637 0.01125998623 0.002)
(0.08934355313 0.0268599271 0.002)
(0.08905605648 0.02536354284 0.002)
(0.0568981405 0.01277891305 0.002)
(0.08531439312 0.02685775305 0.002)
(0.08476485561 0.009780461261 0.002)
(0.07664021125 0.04482808542 0.002)
(0.07489857784 0.04985901899 0.002)
(0.07344443499 0.04935553889 0.002)
(0.07315378691 0.04784442626 0.002)
(0.07198975339 0.04885161322 0.002)
(0.05545677685 0.01227386042 0.002)
(0.05519156678 0.01077020267 0.002)
(0.0618390866 0.0102597589 0.002)
(0.07635344472 0.05036240289 0.002)
(0.09049274154 0.03283750884 0.002)
(0.09078053989 0.03432921362 0.002)
(0.088508535 0.05031977146 0.002)
(0.08994149902 0.04381799743 0.002)
(0.08965254771 0.04232283294 0.002)
(0.06883715829 0.02533724522 0.002)
(0.06767943503 0.02634098617 0.002)
(0.06912714405 0.02684166959 0.002)
(0.0679698268 0.02784485592 0.002)
(0.06941715008 0.02834549656 0.002)
(0.06826016213 0.02934852377 0.002)
(0.06276702531 0.04286956459 0.002)
(0.0778004494 0.04382451775 0.002)
(0.07926766707 0.02333100673 0.002)
(0.05869636922 0.04992230489 0.002)
(0.06592308665 0.01730322304 0.002)
(0.08761808733 0.02486456922 0.002)
(0.08876924597 0.02386824425 0.002)
(0.09020760152 0.02436542775 0.002)
(0.08992088189 0.02287126341 0.002)
(0.09052189957 0.04680903886 0.002)
(0.07521659579 0.0303407153 0.002)
(0.03977810489 0.05040731537 0.002)
(0.08156368845 0.04231934053 0.002)
(0.03279816849 0.04938627205 0.002)
(0.02408992878 0.0463449216 0.002)
(0.02437541299 0.04785330555 0.002)
(0.02292483624 0.04734770936 0.002)
(0.0232118442 0.04885809916 0.002)
(0.02465936379 0.04936171502 0.002)
(0.08214764712 0.0383249433 0.002)
(0.02700336002 0.04032754777 0.002)
(0.02175984682 0.04835129439 0.002)
(0.02204704819 0.04986227995 0.002)
(0.02059476987 0.04935520276 0.002)
(0.04385275459 0.05041166076 0.002)
(0.08706096692 0.04982019225 0.002)
(0.07291002467 0.03934817468 0.002)
(0.08360296578 0.01078700945 0.002)
(0.0766739971 0.009743978776 0.002)
(0.07522198698 0.009238720265 0.002)
(0.04886774763 0.01285027885 0.002)
(0.04829793779 0.009824089438 0.002)
(0.08995585391 0.05081873332 0.002)
(0.08331222648 0.009277360554 0.002)
(0.07228094436 0.05036371084 0.002)
(0.07082522632 0.04985928332 0.002)
(0.05782433309 0.04538666669 0.002)
(0.01136605514 0.05030213619 0.002)
(0.009918483551 0.04979764154 0.002)
(0.01281312647 0.05080864316 0.002)
(0.04735076424 0.04739321873 0.002)
(0.06681291794 0.02884812638 0.002)
(0.06710329814 0.03035151682 0.002)
(0.009115427837 0.03125246476 0.002)
(0.00883181302 0.02976014575 0.002)
(0.009353581709 0.04679024921 0.002)
(0.009071058519 0.04529191077 0.002)
(0.04277012364 0.009300013688 0.002)
(0.01839065461 0.009269263422 0.002)
(0.01984318753 0.009775381332 0.002)
(0.0201306564 0.01128654046 0.002)
(0.0212957149 0.010282175 0.002)
(0.02158284517 0.01179355248 0.002)
(0.02274880089 0.01078945252 0.002)
(0.02246123033 0.009277122337 0.002)
(0.02391529157 0.009784815595 0.002)
(0.02088176737 0.05086665875 0.002)
(0.01942900398 0.05035928924 0.002)
(0.06594021008 0.02433557721 0.002)
(0.06564910168 0.02283129401 0.002)
(0.009114762285 0.01026941218 0.002)
(0.08592661648 0.008774865664 0.002)
(0.0873797936 0.009277579472 0.002)
(0.0589329876 0.009247507105 0.002)
(0.0574758523 0.008744093977 0.002)
(0.05573785329 0.01378692142 0.002)
(0.04443930525 0.04638291195 0.002)
(0.008824534626 0.008764726847 0.002)
(0.04131520663 0.008790874729 0.002)
(0.01693991496 0.008765851758 0.002)
(0.09109145925 0.04281875051 0.002)
(0.09080245905 0.04132442362 0.002)
(0.0873515962 0.05132532586 0.002)
(0.08590096038 0.05082429897 0.002)
(0.09110916771 0.04981387917 0.002)
(0.09140299978 0.05131630745 0.002)
(0.02233372091 0.05137291315 0.002)
(0.05753127289 0.05093134137 0.002)
(0.008537965907 0.01427406853 0.002)
(0.008823451007 0.01577029857 0.002)
(0.01168310541 0.03773667522 0.002)
(0.01052927734 0.0387296227 0.002)
(0.009092837655 0.03822759253 0.002)
(0.009375613866 0.03972195468 0.002)
(0.05898840297 0.05143619296 0.002)
(0.08848245411 0.02237290398 0.002)
(0.0896341614 0.02137693656 0.002)
(0.09107204023 0.02187557114 0.002)
(0.09078572474 0.02038166865 0.002)
(0.01514582944 0.03475698748 0.002)
(0.04770084537 0.01385306156 0.002)
(0.01747193756 0.02579130375 0.002)
(0.01775605708 0.02728867839 0.002)
(0.08358860976 0.03184283087 0.002)
(0.07608954583 0.01377931376 0.002)
(0.07289561598 0.01830521092 0.002)
(0.06970731946 0.02984892585 0.002)
(0.04676467036 0.05142267864 0.002)
(0.02303543909 0.01230088126 0.002)
(0.01020472033 0.05130145385 0.002)
(0.008758587263 0.05079659636 0.002)
(0.06444881771 0.02387969653 0.002)
(0.0641931498 0.02233814162 0.002)
(0.06565622954 0.02985127517 0.002)
(0.06594644604 0.03135447208 0.002)
(0.06739356866 0.0318547424 0.002)
(0.06623664552 0.03285763216 0.002)
(0.07169964183 0.04734045076 0.002)
(0.07111653055 0.05137245309 0.002)
(0.06966044201 0.05086773242 0.002)
(0.07257231386 0.05187668559 0.002)
(0.06936946116 0.04935441105 0.002)
(0.06820446735 0.05036263781 0.002)
(0.05431740948 0.01328940933 0.002)
(0.03710664855 0.03685844025 0.002)
(0.0359526343 0.03785711301 0.002)
(0.0374115775 0.03835977935 0.002)
(0.03624101078 0.03936176292 0.002)
(0.03770146057 0.03986464457 0.002)
(0.04975158948 0.0103339939 0.002)
(0.04946648167 0.00881972992 0.002)
(0.04801243247 0.008310293528 0.002)
(0.03861200085 0.0514143309 0.002)
(0.04006756815 0.05192163884 0.002)
(0.01143208062 0.008262242455 0.002)
(0.08416233098 0.02785573708 0.002)
(0.08387354451 0.02635851079 0.002)
(0.07638673716 0.008229355348 0.002)
(0.0778311258 0.008746469241 0.002)
(0.07635144622 0.04332260714 0.002)
(0.07750969281 0.04231905089 0.002)
(0.09192844979 0.03333418663 0.002)
(0.09164094993 0.03184310536 0.002)
(0.09221601828 0.03482500138 0.002)
(0.09106856344 0.03582016449 0.002)
(0.01953616326 0.008318563122 0.002)
(0.06849486225 0.05187655178 0.002)
(0.06703794261 0.05137137941 0.002)
(0.007916114531 0.04628553165 0.002)
(0.0749303663 0.007724590957 0.002)
(0.08708920562 0.007768669638 0.002)
(0.08854173479 0.008272601659 0.002)
(0.01630033839 0.03376213658 0.002)
(0.02362747807 0.008271427787 0.002)
(0.02508205061 0.008779319999 0.002)
(0.02536951932 0.01029297265 0.002)
(0.02653710806 0.009287555702 0.002)
(0.01659042031 0.03526651454 0.002)
(0.007632856951 0.04478972508 0.002)
(0.01144297382 0.01527183895 0.002)
(0.0197160275 0.05187138304 0.002)
(0.01826773165 0.05136286264 0.002)
(0.01022756113 0.0442856905 0.002)
(0.05718999808 0.01428969174 0.002)
(0.05602846314 0.01529711962 0.002)
(0.05748079549 0.01579927177 0.002)
(0.03454583463 0.04435347336 0.002)
(0.0400779229 0.04486635933 0.002)
(0.04124108962 0.04386182113 0.002)
(0.05898668904 0.04438003939 0.002)
(0.03344025465 0.01733011967 0.002)
(0.03489028227 0.01783683843 0.002)
(0.03372685748 0.01883859327 0.002)
(0.03517596414 0.01934479353 0.002)
(0.03401397682 0.02034603033 0.002)
(0.03546171227 0.02085188968 0.002)
(0.03430038089 0.02185262269 0.002)
(0.03634023661 0.01834387592 0.002)
(0.03574752094 0.02235799974 0.002)
(0.03458636625 0.02335825366 0.002)
(0.03313976038 0.02285326866 0.002)
(0.03342569172 0.02435843148 0.002)
(0.03197935395 0.02385375758 0.002)
(0.03226536766 0.02535820991 0.002)
(0.03371121412 0.02586297103 0.002)
(0.03255142947 0.02686246976 0.002)
(0.03399670371 0.02736724624 0.002)
(0.0369089088 0.02135774636 0.002)
(0.06446981665 0.0168012876 0.002)
(0.07028518563 0.02583845782 0.002)
(0.07897715644 0.03583030409 0.002)
(0.07286224568 0.04633393103 0.002)
(0.06474416972 0.02540429754 0.002)
(0.01543082378 0.03625521158 0.002)
(0.0705691197 0.01327393908 0.002)
(0.01718723956 0.02429360125 0.002)
(0.03425245887 0.04989368428 0.002)
(0.03308517549 0.05090015916 0.002)
(0.03114545411 0.01229967065 0.002)
(0.02613665735 0.03582407385 0.002)
(0.03454051841 0.05140710748 0.002)
(0.01862729734 0.02479608948 0.002)
(0.06768364317 0.03335793453 0.002)
(0.06652731117 0.03435927091 0.002)
(0.007668055727 0.00976661505 0.002)
(0.0821503187 0.01028443949 0.002)
(0.01397456103 0.04980754456 0.002)
(0.02030781041 0.04784469273 0.002)
(0.03620853482 0.03244843086 0.002)
(0.04248420576 0.007784673993 0.002)
(0.007939973373 0.03921923786 0.002)
(0.007657510006 0.03772592706 0.002)
(0.07140995059 0.04583064525 0.002)
(0.08185862594 0.008773921225 0.002)
(0.06791423924 0.04884948298 0.002)
(0.01425752555 0.05131597265 0.002)
(0.01309792189 0.05231777352 0.002)
(0.07257151085 0.04482500985 0.002)
(0.04915243501 0.01436178555 0.002)
(0.09250866664 0.03631943152 0.002)
(0.05753441969 0.04387631512 0.002)
(0.05869602395 0.04287082773 0.002)
(0.09255600608 0.05031244125 0.002)
(0.09222247792 0.02088098534 0.002)
(0.09193661998 0.0193873708 0.002)
(0.09250869513 0.02237376192 0.002)
(0.09049985634 0.01888756194 0.002)
(0.09168390482 0.01788882295 0.002)
(0.05092116789 0.009329968956 0.002)
(0.05063569653 0.00781470009 0.002)
(0.08302192027 0.007766044556 0.002)
(0.05209117812 0.008325281065 0.002)
(0.09224006652 0.04182060202 0.002)
(0.09252943689 0.04331410466 0.002)
(0.007377414001 0.008263120235 0.002)
(0.009043725295 0.05230063017 0.002)
(0.007681371484 0.03075148954 0.002)
(0.007398083816 0.02925975985 0.002)
(0.007964494821 0.03224334793 0.002)
(0.008547950769 0.02826831256 0.002)
(0.00711457941 0.02776829906 0.002)
(0.008264007845 0.02677689656 0.002)
(0.02624970445 0.007773036723 0.002)
(0.02770564796 0.008281725775 0.002)
(0.05864079845 0.007733362876 0.002)
(0.0650798172 0.0338602595 0.002)
(0.0653706131 0.03536208719 0.002)
(0.08156685007 0.007261855503 0.002)
(0.09307551234 0.03233931406 0.002)
(0.09278848098 0.03084869994 0.002)
(0.08619269082 0.05233243937 0.002)
(0.08474035394 0.05183081979 0.002)
(0.06392274866 0.03486318943 0.002)
(0.06421309108 0.03636694132 0.002)
(0.0630334569 0.02343260486 0.002)
(0.06283861214 0.02182940728 0.002)
(0.03335340708 0.0523919803 0.002)
(0.03191331735 0.05190312249 0.002)
(0.09024804663 0.05232238704 0.002)
(0.00759923803 0.05179395765 0.002)
(0.007316122786 0.0502900938 0.002)
(0.008535062709 0.007260559005 0.002)
(0.09284944633 0.05181297142 0.002)
(0.05720007119 0.00724981456 0.002)
(0.03719444434 0.02286347512 0.002)
(0.04793617369 0.01530031734 0.002)
(0.05782198011 0.05244587863 0.002)
(0.06276536306 0.03586672147 0.002)
(0.06305574317 0.03737089897 0.002)
(0.00738507267 0.01526969041 0.002)
(0.007670734758 0.01676533532 0.002)
(0.00709868862 0.01377446048 0.002)
(0.03475597978 0.05281816796 0.002)
(0.04102755788 0.007275330078 0.002)
(0.07141111591 0.05287680368 0.002)
(0.006479644664 0.04578278233 0.002)
(0.03892023395 0.0528710384 0.002)
(0.008220963596 0.04074554665 0.002)
(0.01454278488 0.05282600143 0.002)
(0.01196656618 0.03923270757 0.002)
(0.08819523361 0.02087710538 0.002)
(0.087042265 0.02187382182 0.002)
(0.03512926135 0.02637310461 0.002)
(0.006531365606 0.0317425665 0.002)
(0.006813262148 0.03323658403 0.002)
(0.009130115335 0.01726077597 0.002)
(0.007966679334 0.01825781968 0.002)
(0.03110596211 0.02635801562 0.002)
(0.09135814106 0.03731163276 0.002)
(0.09279215018 0.03780727851 0.002)
(0.09021897279 0.01739202222 0.002)
(0.09142280056 0.01637480795 0.002)
(0.08936185337 0.04082762851 0.002)
(0.07086414516 0.02884614365 0.002)
(0.07115417831 0.03034927147 0.002)
(0.03169331363 0.02234879527 0.002)
(0.03053306281 0.02334885135 0.002)
(0.08992138209 0.03682059854 0.002)
(0.09135382668 0.03035224054 0.002)
(0.09250161209 0.0293579065 0.002)
(0.03976481733 0.04335953299 0.002)
(0.04093464752 0.04235819606 0.002)
(0.04240006895 0.0428586405 0.002)
(0.06796525245 0.02082048314 0.002)
(0.03838923918 0.01482936677 0.002)
(0.03984102604 0.01533725132 0.002)
(0.03139198814 0.02786150899 0.002)
(0.01797638175 0.04985162117 0.002)
(0.0218703297 0.01330421567 0.002)
(0.02332152705 0.01381104141 0.002)
(0.06392077039 0.02082654265 0.002)
(0.06247591071 0.0203242402 0.002)
(0.08648317578 0.04681757588 0.002)
(0.006222604586 0.009265621055 0.002)
(0.02352014438 0.04332890164 0.002)
(0.01288274577 0.008766456821 0.002)
(0.0125951459 0.007257035547 0.002)
(0.08272181347 0.02735716031 0.002)
(0.08243365605 0.0258584914 0.002)
(0.08358512206 0.02486042815 0.002)
(0.0824413951 0.01179404831 0.002)
(0.08444897328 0.05032143517 0.002)
(0.08328694603 0.05132807547 0.002)
(0.08357938318 0.0528363278 0.002)
(0.08212441809 0.05233546115 0.002)
(0.05174741334 0.006819916292 0.002)
(0.0809887063 0.01129171412 0.002)
(0.08183332403 0.05082456547 0.002)
(0.08067524472 0.05183114627 0.002)
(0.07606071536 0.04181768546 0.002)
(0.07721942225 0.04081495505 0.002)
(0.0365299744 0.0408613755 0.002)
(0.03508123871 0.040360774 0.002)
(0.02681780546 0.01080238625 0.002)
(0.006830970199 0.02627703959 0.002)
(0.007980491277 0.02528565811 0.002)
(0.006547419096 0.0247858079 0.002)
(0.007690425202 0.02378528836 0.002)
(0.07755318218 0.007219744368 0.002)
(0.01338988265 0.05381018615 0.002)
(0.05927980273 0.05295132494 0.002)
(0.06044637335 0.05194094811 0.002)
(0.007087370555 0.006759908584 0.002)
(0.05031920086 0.01335946279 0.002)
(0.05060335899 0.01487053902 0.002)
(0.03540936136 0.02787807136 0.002)
(0.03427688779 0.02887199537 0.002)
(0.06455571417 0.03084334526 0.002)
(0.09308613771 0.0183736794 0.002)
(0.06073818775 0.05345671531 0.002)
(0.06189638594 0.05243623271 0.002)
(0.05309079141 0.007254446656 0.002)
(0.06734221029 0.05284690839 0.002)
(0.0658853079 0.05237165496 0.002)
(0.06558758821 0.05086343984 0.002)
(0.04219713471 0.006268176791 0.002)
(0.04365454291 0.006778185092 0.002)
(0.06421868581 0.02934931705 0.002)
(0.01851380821 0.05283365652 0.002)
(0.07286460063 0.05338931272 0.002)
(0.09400151037 0.0508101203 0.002)
(0.09370497031 0.04930739257 0.002)
(0.05632018542 0.01680579104 0.002)
(0.05777197235 0.01730740485 0.002)
(0.05486823241 0.01630496165 0.002)
(0.04038214498 0.05336862008 0.002)
(0.006444327462 0.0177611544 0.002)
(0.006717125334 0.01925630116 0.002)
(0.008239289918 0.01975444543 0.002)
(0.04211169583 0.04135126053 0.002)
(0.006506150489 0.03871668279 0.002)
(0.08096080555 0.05334408826 0.002)
(0.07952266293 0.05284040699 0.002)
(0.08824680391 0.00677656829 0.002)
(0.0896979581 0.007284581932 0.002)
(0.08999200182 0.008778350289 0.002)
(0.0911525161 0.007775946726 0.002)
(0.09144164133 0.009278345416 0.002)
(0.09260173657 0.008275567493 0.002)
(0.09288875242 0.009777353689 0.002)
(0.09173220778 0.01077904386 0.002)
(0.09317631715 0.01127817989 0.002)
(0.09202281678 0.01227744511 0.002)
(0.09346368714 0.01277593317 0.002)
(0.006223572766 0.03722412461 0.002)
(0.01987989399 0.0532673723 0.002)
(0.03835558579 0.02186368854 0.002)
(0.03218115003 0.05339542177 0.002)
(0.03074326064 0.05290899663 0.002)
(0.09367695593 0.04231754802 0.002)
(0.08679849085 0.006259742153 0.002)
(0.09231316064 0.006772290057 0.002)
(0.005681993467 0.02726808107 0.002)
(0.02747071161 0.00682702624 0.002)
(0.02888342094 0.007285537453 0.002)
(0.02916466895 0.008788526622 0.002)
(0.03033289473 0.007786197106 0.002)
(0.09365771692 0.02138013133 0.002)
(0.09395753225 0.02287619804 0.002)
(0.007882911036 0.05329892938 0.002)
(0.03848955785 0.03737125381 0.002)
(0.05836868858 0.006241491537 0.002)
(0.05980735821 0.006722393223 0.002)
(0.009664397393 0.04123708857 0.002)
(0.08273151415 0.006253045003 0.002)
(0.04063406096 0.04085636795 0.002)
(0.006263560305 0.02329445659 0.002)
(0.08675512723 0.02037676349 0.002)
(0.02606057657 0.006103372823 0.002)
(0.01774634084 0.03427266467 0.002)
(0.01745619056 0.03276818944 0.002)
(0.01889586695 0.03327100402 0.002)
(0.01861016452 0.03177163507 0.002)
(0.0200500139 0.03227430674 0.002)
(0.01976521637 0.0307757312 0.002)
(0.01949204216 0.03630019536 0.002)
(0.09338462965 0.04081869124 0.002)
(0.02994736203 0.02735744919 0.002)
(0.006514608682 0.01076826259 0.002)
(0.006157866009 0.05128710614 0.002)
(0.009129787682 0.02429277451 0.002)
(0.01432036552 0.01629125554 0.002)
(0.01687196515 0.0367613907 0.002)
(0.01572003453 0.03775796047 0.002)
(0.00675761402 0.04728287247 0.002)
(0.06566703121 0.03685983577 0.002)
(0.01834205174 0.02329829815 0.002)
(0.07866683545 0.04131546111 0.002)
(0.07837679694 0.03981250372 0.002)
(0.07231092837 0.02934664602 0.002)
(0.07260399012 0.03084816287 0.002)
(0.05893250557 0.01630134276 0.002)
(0.05922545942 0.01780984142 0.002)
(0.038676034 0.01633985234 0.002)
(0.04012616441 0.01684732631 0.002)
(0.03896021774 0.01784914285 0.002)
(0.04041157564 0.01835600548 0.002)
(0.04157538776 0.01735479633 0.002)
(0.04183130507 0.01882886934 0.002)
(0.0429443501 0.01787040614 0.002)
(0.08560118434 0.02137437816 0.002)
(0.03864310523 0.02329959999 0.002)
(0.03024708478 0.02184419285 0.002)
(0.02908714218 0.02284431822 0.002)
(0.04507926707 0.01434784543 0.002)
(0.07260416182 0.02383053642 0.002)
(0.09279768382 0.02386601922 0.002)
(0.007374462581 0.0362337201 0.002)
(0.02239966391 0.02331667193 0.002)
(0.07489772252 0.04281857054 0.002)
(0.05637204611 0.04488250103 0.002)
(0.05608219077 0.04337340324 0.002)
(0.05492085832 0.04437841988 0.002)
(0.03748350034 0.0243030076 0.002)
(0.07839833072 0.02583291426 0.002)
(0.02937350347 0.02434896925 0.002)
(0.02263863346 0.04583842972 0.002)
(0.06907963535 0.04784215302 0.002)
(0.07377024109 0.01578960044 0.002)
(0.06038563319 0.01680360515 0.002)
(0.05120519257 0.01084420898 0.002)
(0.02565628551 0.01180638764 0.002)
(0.06999755795 0.03135203887 0.002)
(0.08099447735 0.03233942862 0.002)
(0.06161050091 0.05092903111 0.002)
(0.07202101284 0.0278436086 0.002)
(0.01716971558 0.03127069583 0.002)
(0.03256544551 0.01984066553 0.002)
(0.02759853939 0.02933737472 0.002)
(0.08819451435 0.03483008725 0.002)
(0.01114299589 0.006754560214 0.002)
(0.01228623241 0.005802409529 0.002)
(0.01375715942 0.006260421365 0.002)
(0.0304598988 0.05139790134 0.002)
(0.02929021397 0.05240433199 0.002)
(0.0290036482 0.05088997604 0.002)
(0.02783442306 0.05189636168 0.002)
(0.02812189682 0.0534121745 0.002)
(0.02666498193 0.05290325252 0.002)
(0.07463373061 0.02031486662 0.002)
(0.02531714954 0.01731482912 0.002)
(0.0212050922 0.03127838287 0.002)
(0.02092048141 0.02977985579 0.002)
(0.05636438588 0.05194006453 0.002)
(0.05665515256 0.05345582044 0.002)
(0.05519694028 0.05295009895 0.002)
(0.07982311645 0.04031276307 0.002)
(0.07376483097 0.008734432931 0.002)
(0.07345688547 0.007265041804 0.002)
(0.07230349392 0.008237928881 0.002)
(0.0719880495 0.006682830021 0.002)
(0.07084286413 0.007722280499 0.002)
(0.07113870431 0.009241946978 0.002)
(0.06968267421 0.00873663044 0.002)
(0.06938535819 0.007229269619 0.002)
(0.06822794815 0.008235251866 0.002)
(0.06792716553 0.006727277109 0.002)
(0.06676728657 0.007732482164 0.002)
(0.06997663403 0.01025186963 0.002)
(0.02671635624 0.03882404654 0.002)
(0.0281629282 0.03932702786 0.002)
(0.02844979102 0.04083190506 0.002)
(0.02960994955 0.03983089981 0.002)
(0.02989681554 0.04133630566 0.002)
(0.03105464234 0.04033488571 0.002)
(0.06882404661 0.05329353246 0.002)
(0.07519030109 0.05137086442 0.002)
(0.02217260564 0.007763976604 0.002)
(0.02333210412 0.006778744149 0.002)
(0.08790861366 0.01938186585 0.002)
(0.01544642339 0.02927541239 0.002)
(0.006202026523 0.04428700677 0.002)
(0.03986000914 0.008282256576 0.002)
(0.03957097778 0.006765926482 0.002)
(0.03840271704 0.007773154104 0.002)
(0.04152821687 0.05241738528 0.002)
(0.04182085526 0.05393141503 0.002)
(0.04298387871 0.05293180006 0.002)
(0.08301235601 0.02885272069 0.002)
(0.008832072926 0.02277990524 0.002)
(0.01808464269 0.01479663447 0.002)
(0.01193608488 0.05331497505 0.002)
(0.08764544522 0.05283307368 0.002)
(0.08648468155 0.05384211977 0.002)
(0.08589079358 0.02287036025 0.002)
(0.0812806695 0.01279968446 0.002)
(0.08214385547 0.02435947085 0.002)
(0.08329692093 0.02336279291 0.002)
(0.09396056511 0.04381064599 0.002)
(0.09281784991 0.04480653595 0.002)
(0.09424903345 0.04530306963 0.002)
(0.09310746266 0.04629879989 0.002)
(0.05034080596 0.006301521997 0.002)
(0.0381126522 0.006259582437 0.002)
(0.03695677746 0.007280523843 0.002)
(0.03134337695 0.04183992661 0.002)
(0.06766310372 0.01226754931 0.002)
(0.06797442525 0.03485900346 0.002)
(0.06913072862 0.03385780641 0.002)
(0.02787181792 0.0378251547 0.002)
(0.0812837037 0.02685226847 0.002)
(0.08995977269 0.01584679938 0.002)
(0.0798315144 0.01229783607 0.002)
(0.08012015577 0.01380622984 0.002)
(0.05151995938 0.005291892453 0.002)
(0.02754957272 0.05038094219 0.002)
(0.03076383979 0.03883065775 0.002)
(0.03220352059 0.03933697303 0.002)
(0.02215565189 0.01481183986 0.002)
(0.00594762721 0.01476928115 0.002)
(0.03599347898 0.02952687234 0.002)
(0.07953535907 0.03881326122 0.002)
(0.07809304424 0.03831428948 0.002)
(0.0306177911 0.009300815347 0.002)
(0.03178763671 0.008294738325 0.002)
(0.03150038234 0.006778595624 0.002)
(0.03295744587 0.007288250808 0.002)
(0.07577224029 0.04031384396 0.002)
(0.08039297811 0.05032513114 0.002)
(0.09371831941 0.03531024683 0.002)
(0.07111821947 0.04432755367 0.002)
(0.09431651078 0.01040729724 0.002)
(0.02709356347 0.01231303092 0.002)
(0.02970977266 0.01180090216 0.002)
(0.07664185249 0.05186994693 0.002)
(0.07548187783 0.05288337049 0.002)
(0.0769306109 0.05337450802 0.002)
(0.06762195628 0.04734388458 0.002)
(0.03206148335 0.009804593371 0.002)
(0.009328085708 0.05380724552 0.002)
(0.02593653176 0.0133159567 0.002)
(0.06327369735 0.03045935734 0.002)
(0.06996456525 0.04532625205 0.002)
(0.005874881367 0.04978754344 0.002)
(0.0345876577 0.0304096555 0.002)
(0.03312264224 0.02987277282 0.002)
(0.06646894572 0.04834356209 0.002)
(0.0722840706 0.0433265809 0.002)
(0.02201200889 0.006224253154 0.002)
(0.06647854658 0.006211378263 0.002)
(0.06531773353 0.007191361761 0.002)
(0.06560496475 0.008737562157 0.002)
(0.06414445141 0.00823063431 0.002)
(0.06385964705 0.006680456535 0.002)
(0.06267817236 0.00773411721 0.002)
(0.06239482921 0.006211550957 0.002)
(0.06137705657 0.0215370396 0.002)
(0.05601718501 0.008241215012 0.002)
(0.05569392055 0.006763734499 0.002)
(0.005929984906 0.03571962016 0.002)
(0.07451147255 0.006128311974 0.002)
(0.0937596277 0.00727401721 0.002)
(0.04353952012 0.04192433525 0.002)
(0.04384807753 0.04337376658 0.002)
(0.06166472321 0.03693612581 0.002)
(0.06190920331 0.03838139445 0.002)
(0.005390763688 0.03270777891 0.002)
(0.06218664861 0.05394827409 0.002)
(0.06350222092 0.03318629788 0.002)
(0.09420905061 0.03134769735 0.002)
(0.04063715812 0.01980147881 0.002)
(0.02865659386 0.005845950762 0.002)
(0.005698575888 0.01326367628 0.002)
(0.09450857897 0.03282640081 0.002)
(0.09230265365 0.01379980001 0.002)
(0.09374082095 0.01430160777 0.002)
(0.09086903645 0.01328043311 0.002)
(0.0942242462 0.02434976852 0.002)
(0.09307969153 0.02535930536 0.002)
(0.06622629398 0.05408112606 0.002)
(0.08806159565 0.05419910049 0.002)
(0.09349717105 0.005800767403 0.002)
(0.0049901465 0.04532016748 0.002)
(0.03699974917 0.02820341067 0.002)
(0.007349661079 0.04329533668 0.002)
(0.005919879306 0.04279311621 0.002)
(0.05551944836 0.0543749165 0.002)
(0.0540423659 0.05392092517 0.002)
(0.08130981966 0.005815148901 0.002)
(0.008278864131 0.005791915141 0.002)
(0.05524514411 0.01775075185 0.002)
(0.007074073285 0.02074860634 0.002)
(0.06101045224 0.01982265618 0.002)
(0.06216916222 0.01881702949 0.002)
(0.03797458586 0.04136973086 0.002)
(0.08531629748 0.01986998371 0.002)
(0.0916463886 0.03880455255 0.002)
(0.02792286168 0.02384241309 0.002)
(0.01978293065 0.02380083198 0.002)
(0.02006672393 0.02529831708 0.002)
(0.08185866452 0.02285119096 0.002)
(0.09106716436 0.02885827263 0.002)
(0.09221474185 0.02786722075 0.002)
(0.09364898689 0.02836398955 0.002)
(0.02070305024 0.01430610705 0.002)
(0.05808367901 0.01875642607 0.002)
(0.00824535664 0.03374236568 0.002)
(0.03860933207 0.04435991174 0.002)
(0.06014948482 0.04337375586 0.002)
(0.05985888999 0.04186511824 0.002)
(0.0583990184 0.04135482411 0.002)
(0.05954410096 0.04033010285 0.002)
(0.06101733796 0.04085964567 0.002)
(0.04272599488 0.01635527745 0.002)
(0.0442587104 0.01702461655 0.002)
(0.0740247643 0.0453280654 0.002)
(0.03722328908 0.01583287233 0.002)
(0.03807323487 0.02035784059 0.002)
(0.009697890983 0.02727630345 0.002)
(0.07435135602 0.03284404094 0.002)
(0.08991808823 0.02985443446 0.002)
(0.06942676224 0.03535660172 0.002)
(0.013120858 0.03823940154 0.002)
(0.01340450718 0.03973643389 0.002)
(0.01225026434 0.04072727016 0.002)
(0.08273565672 0.01329884483 0.002)
(0.02873668827 0.04233702918 0.002)
(0.07954997895 0.01078174684 0.002)
(0.06476449303 0.01830789493 0.002)
(0.06621596125 0.01881141959 0.002)
(0.0169014739 0.0227949649 0.002)
(0.01806088072 0.02180127678 0.002)
(0.05374214353 0.05243780355 0.002)
(0.0525730659 0.05344619833 0.002)
(0.03570649937 0.05039971983 0.002)
(0.01947893862 0.0292797081 0.002)
(0.02063440303 0.02828377073 0.002)
(0.08418585742 0.006758605697 0.002)
(0.03022545403 0.02885856873 0.002)
(0.06736985572 0.01075641031 0.002)
(0.0374527966 0.05239862891 0.002)
(0.03793818376 0.05399548823 0.002)
(0.06335039344 0.03887272191 0.002)
(0.06444536505 0.009750326669 0.002)
(0.03259241107 0.005785897628 0.002)
(0.03411236373 0.006109641328 0.002)
(0.03439895754 0.007785802261 0.002)
(0.08155695359 0.04932333378 0.002)
(0.02360102303 0.0153163529 0.002)
(0.06110067876 0.03555549182 0.002)
(0.07780122437 0.05085293431 0.002)
(0.005653654081 0.02024613369 0.002)
(0.0353811875 0.04185222141 0.002)
(0.03392927833 0.04134503085 0.002)
(0.09424334042 0.05231899082 0.002)
(0.09313314882 0.0533147199 0.002)
(0.09452782695 0.05382154552 0.002)
(0.07867574791 0.01330059422 0.002)
(0.07896344926 0.0148127813 0.002)
(0.088795204 0.01684476178 0.002)
(0.03664776439 0.005858581428 0.002)
(0.09449459661 0.04680985053 0.002)
(0.01541212397 0.05031770138 0.002)
(0.01512203988 0.04880844563 0.002)
(0.08040937936 0.008269769488 0.002)
(0.004682301054 0.05068144493 0.002)
(0.04319982373 0.0195633074 0.002)
(0.0170959062 0.05236853214 0.002)
(0.01738301665 0.05388190017 0.002)
(0.06968725571 0.04383034929 0.002)
(0.05175482913 0.01384810774 0.002)
(0.05204165154 0.01534365005 0.002)
(0.05093288449 0.01630805221 0.002)
(0.06769690582 0.005219899794 0.002)
(0.05461308001 0.042912663 0.002)
(0.05346536777 0.04388631 0.002)
(0.05375674822 0.04538552459 0.002)
(0.05230666033 0.04488127027 0.002)
(0.05206755712 0.04340314138 0.002)
(0.05085750581 0.04437528558 0.002)
(0.05114249959 0.04588406722 0.002)
(0.049694566 0.04537939513 0.002)
(0.04940648446 0.04387064454 0.002)
(0.04824282852 0.04487521578 0.002)
(0.0479446519 0.04339826624 0.002)
(0.04678195812 0.04437670013 0.002)
(0.00457184469 0.01412320428 0.002)
(0.07981302213 0.05433144231 0.002)
(0.06304704951 0.0513967889 0.002)
(0.0627564789 0.0498927247 0.002)
(0.04329494467 0.05439037003 0.002)
(0.04444412378 0.05343243939 0.002)
(0.04233150055 0.0553882853 0.002)
(0.06475282726 0.0534163135 0.002)
(0.06619464922 0.04684479937 0.002)
(0.09449724627 0.02586508751 0.002)
(0.01228624622 0.05466793719 0.002)
(0.05985190141 0.02082793337 0.002)
(0.05350421527 0.008799180314 0.002)
(0.0715836372 0.05433221173 0.002)
(0.005091552594 0.01020250366 0.002)
(0.08793492267 0.005312659142 0.002)
(0.08682462353 0.05535912464 0.002)
(0.01496123958 0.05435658006 0.002)
(0.05580515076 0.04195713168 0.002)
(0.02690645301 0.05436643429 0.002)
(0.02555999085 0.05388795919 0.002)
(0.02522666469 0.05238560209 0.002)
(0.02407355694 0.05362398751 0.002)
(0.09483096478 0.01329311306 0.002)
(0.09515318659 0.04980918715 0.002)
(0.02305220094 0.005241259576 0.002)
(0.06485924388 0.05495700699 0.002)
(0.0522812833 0.0167278488 0.002)
(0.04333818443 0.04036899073 0.002)
(0.09554930355 0.04591743107 0.002)
(0.04645781641 0.04294167404 0.002)
(0.0955330563 0.03204748594 0.002)
(0.05953361295 0.05437452027 0.002)
(0.06281855321 0.02894922081 0.002)
(0.06395792572 0.02789658841 0.002)
(0.07579650405 0.05432772631 0.002)
(0.04334824941 0.005315808841 0.002)
(0.04480277389 0.005835607334 0.002)
(0.04510562624 0.007300297775 0.002)
(0.04627500839 0.006296371906 0.002)
(0.04190928911 0.00475057572 0.002)
(0.03104790107 0.05436602265 0.002)
(0.01333949858 0.004690908212 0.002)
(0.07721728197 0.05488602829 0.002)
(0.04581777674 0.004619392749 0.002)
(0.04742041095 0.005289138081 0.002)
(0.09518043639 0.01472333043 0.002)
(0.09404005614 0.01576538463 0.002)
(0.005177141966 0.03123670702 0.002)
(0.005114562345 0.02428548255 0.002)
(0.006857370873 0.005358814201 0.002)
(0.00568146593 0.006271200006 0.002)
(0.09201317642 0.005353616443 0.002)
(0.0865546805 0.004808718317 0.002)
(0.01486187628 0.005358862681 0.002)
(0.01519993462 0.006777914853 0.002)
(0.01638259161 0.005750339873 0.002)
(0.09523106564 0.006327348375 0.002)
(0.02830479111 0.05514708934 0.002)
(0.04758807964 0.04189878785 0.002)
(0.03952311466 0.03499446978 0.002)
(0.04029359867 0.03625356362 0.002)
(0.08400868073 0.005358590188 0.002)
(0.03259882023 0.05504861104 0.002)
(0.004785320838 0.008790594698 0.002)
(0.03736769617 0.03071746165 0.002)
(0.05799047165 0.03985076214 0.002)
(0.03977821147 0.02231857237 0.002)
(0.05293868021 0.05523375649 0.002)
(0.05141485888 0.05450610191 0.002)
(0.05111235848 0.05294783653 0.002)
(0.04995331826 0.05396240827 0.002)
(0.03974192306 0.02531655704 0.002)
(0.0604565056 0.02579887191 0.002)
(0.06204304336 0.02615846049 0.002)
(0.06164919586 0.02433317596 0.002)
(0.05121607117 0.04116372181 0.002)
(0.05741976946 0.021380884 0.002)
(0.04784593854 0.01898172015 0.002)
(0.0468921209 0.01771120707 0.002)
(0.04858608629 0.0175344219 0.002)
(0.05114679229 0.01874833691 0.002)
(0.05988444691 0.02398693298 0.002)
(0.0730757838 0.05513252661 0.002)
(0.09471762119 0.04118984386 0.002)
(0.09446971089 0.03974825433 0.002)
(0.09329212028 0.05509905874 0.002)
(0.0917885914 0.05433039927 0.002)
(0.08532522642 0.05473431021 0.002)
(0.05162386068 0.05606092507 0.002)
(0.03118383918 0.005205718598 0.002)
(0.03933946734 0.005356093461 0.002)
(0.008077761451 0.05509448673 0.002)
(0.006717477815 0.05429856275 0.002)
(0.00420583252 0.03210932592 0.002)
(0.03865683927 0.02835890871 0.002)
(0.05448329918 0.01989932603 0.002)
(0.05454409833 0.04016115663 0.002)
(0.01084048498 0.005295982867 0.002)
(0.06111018981 0.02311165974 0.002)
(0.005073061793 0.03821440906 0.002)
(0.005412830625 0.03971863741 0.002)
(0.05954178338 0.005318617319 0.002)
(0.06356217816 0.005088259375 0.002)
(0.06044973883 0.03787408556 0.002)
(0.06109168635 0.03083338297 0.002)
(0.06210184076 0.004690919833 0.002)
(0.08127525001 0.05489491511 0.002)
(0.004821618357 0.05235890267 0.002)
(0.08787647846 0.003609121691 0.002)
(0.06237712552 0.03169062632 0.002)
(0.02578265969 0.05542780431 0.002)
(0.06482188303 0.004147404549 0.002)
(0.0505839667 0.04270075603 0.002)
(0.0946375565 0.004770949158 0.002)
(0.09612357561 0.005162600118 0.002)
(0.04712063384 0.003787852294 0.002)
(0.05968958825 0.03600605892 0.002)
(0.00539258483 0.004721948945 0.002)
(0.00430806511 0.005889564057 0.002)
(0.04292235754 0.02106304044 0.002)
(0.06321406993 0.0249862762 0.002)
(0.05805447052 0.004701325253 0.002)
(0.09511974129 0.02190385965 0.002)
(0.09477536041 0.02029765374 0.002)
(0.04473197555 0.05496015806 0.002)
(0.0458998813 0.05394912562 0.002)
(0.04610739406 0.05546076804 0.002)
(0.04733911333 0.05445532254 0.002)
(0.09633781465 0.01377493496 0.002)
(0.04751820052 0.05591382758 0.002)
(0.05694803917 0.0548610314 0.002)
(0.0453022538 0.01825203665 0.002)
(0.003630329389 0.009764363063 0.002)
(0.09113663384 0.01483330996 0.002)
(0.08971319644 0.01428148696 0.002)
(0.05001446818 0.004584296811 0.002)
(0.0513318609 0.003787853705 0.002)
(0.0800723798 0.05581805493 0.002)
(0.0827517471 0.0553394194 0.002)
(0.004782890973 0.0157236407 0.002)
(0.03229881753 0.004297859381 0.002)
(0.02970891122 0.004726047849 0.002)
(0.005944009119 0.02175012936 0.002)
(0.004538670909 0.02130465201 0.002)
(0.0070680245 0.04177480687 0.002)
(0.005704160079 0.04124251182 0.002)
(0.004563484641 0.04233277539 0.002)
(0.009739060783 0.05534421301 0.002)
(0.03916104062 0.04036310195 0.002)
(0.008525393155 0.02125612007 0.002)
(0.009674606346 0.02025518388 0.002)
(0.004504180651 0.04906162375 0.002)
(0.008505784762 0.04228170604 0.002)
(0.009980416666 0.04272115889 0.002)
(0.01368925368 0.04123982906 0.002)
(0.01484449975 0.0402394306 0.002)
(0.01252366565 0.04224998907 0.002)
(0.01281382635 0.04378480053 0.002)
(0.09524051581 0.00802793421 0.002)
(0.09665675956 0.008825437125 0.002)
(0.01716847723 0.03827589786 0.002)
(0.02149388215 0.03278018212 0.002)
(0.02264547749 0.03178108338 0.002)
(0.02208164272 0.02879066646 0.002)
(0.01918966732 0.03477999273 0.002)
(0.09677392575 0.01033871724 0.002)
(0.09627938976 0.02086315725 0.002)
(0.09521193135 0.01871857954 0.002)
(0.09543703107 0.0233933706 0.002)
(0.04498703028 0.04244480784 0.002)
(0.01513327773 0.04175429756 0.002)
(0.04530385247 0.04387737611 0.002)
(0.08300842555 0.02185900654 0.002)
(0.05919968125 0.03884327479 0.002)
(0.09308030307 0.03929848003 0.002)
(0.09426021598 0.03833109064 0.002)
(0.09557165197 0.03871077864 0.002)
(0.09394353 0.03682117404 0.002)
(0.09520927533 0.03571287115 0.002)
(0.09482179918 0.04831780469 0.002)
(0.09339190366 0.04780603212 0.002)
(0.005663247389 0.04823176263 0.002)
(0.02646382491 0.02333255448 0.002)
(0.06506895775 0.005599705307 0.002)
(0.04561374271 0.04537871282 0.002)
(0.004745398686 0.02281241206 0.002)
(0.00543807567 0.01168873821 0.002)
(0.09507227234 0.05539716774 0.002)
(0.09594562294 0.05413074641 0.002)
(0.09336110465 0.02686336784 0.002)
(0.09478339644 0.02739563356 0.002)
(0.0953527629 0.02895550334 0.002)
(0.0962632241 0.0278204011 0.002)
(0.0919297277 0.02636061269 0.002)
(0.08942877993 0.0127769713 0.002)
(0.00682682661 0.01225784148 0.002)
(0.02880087811 0.0213394793 0.002)
(0.009974141453 0.02177142579 0.002)
(0.04852385975 0.04638535635 0.002)
(0.09260709671 0.01532493339 0.002)
(0.005682997589 0.03419978211 0.002)
(0.02820405501 0.02534415914 0.002)
(0.02878887526 0.02835605137 0.002)
(0.05954000849 0.01929582899 0.002)
(0.07347111422 0.02834237809 0.002)
(0.07317938837 0.0268399502 0.002)
(0.06069748004 0.01830927656 0.002)
(0.06185416469 0.01730669817 0.002)
(0.007384130606 0.02226348643 0.002)
(0.07433893696 0.02583491126 0.002)
(0.07057902259 0.03435712149 0.002)
(0.01027352989 0.02328510889 0.002)
(0.01056425353 0.02478737121 0.002)
(0.08011417397 0.04181655252 0.002)
(0.08127278379 0.04081481484 0.002)
(0.005880728339 0.05671488806 0.002)
(0.00529874997 0.05519568269 0.002)
(0.003460082463 0.0554821115 0.002)
(0.004309822008 0.05399016903 0.002)
(0.0334034548 0.03137294888 0.002)
(0.02122434037 0.02430356821 0.002)
(0.0215152769 0.02580445792 0.002)
(0.05751587171 0.03843346084 0.002)
(0.09194398078 0.0403146164 0.002)
(0.09405006499 0.008917388719 0.002)
(0.09412656803 0.05666048016 0.002)
(0.05690571936 0.04084781744 0.002)
(0.09051003776 0.03982094893 0.002)
(0.08906778757 0.03932906906 0.002)
(0.08791989343 0.04033274207 0.002)
(0.08762407998 0.03883049349 0.002)
(0.08877252722 0.03783390339 0.002)
(0.06009533767 0.01529455108 0.002)
(0.0804058178 0.04332179225 0.002)
(0.0299598306 0.02033872271 0.002)
(0.08041666324 0.01531032387 0.002)
(0.07925791068 0.01631734307 0.002)
(0.07781560149 0.01581295926 0.002)
(0.008919995214 0.00335059468 0.002)
(0.0910322788 0.003242427062 0.002)
(0.09051232466 0.004674999434 0.002)
(0.09103701587 0.05671088997 0.002)
(0.09038580188 0.05529396573 0.002)
(0.02871500553 0.04937491347 0.002)
(0.02726782666 0.04886664533 0.002)
(0.04311517743 0.003652268509 0.002)
(0.09547942846 0.05131536434 0.002)
(0.008476146006 0.04928982627 0.002)
(0.01113821142 0.02077041227 0.002)
(0.01087462598 0.01924977057 0.002)
(0.01205286133 0.0182864757 0.002)
(0.01063325097 0.01774523307 0.002)
(0.01178993614 0.01678056673 0.002)
(0.03787745351 0.02717645099 0.002)
(0.09451647382 0.01186842805 0.002)
(0.07143504304 0.01075383501 0.002)
(0.005971651301 0.007763329518 0.002)
(0.04652667474 0.0148420557 0.002)
(0.004053564162 0.03930312513 0.002)
(0.004695031788 0.03668554968 0.002)
(0.08883193177 0.009779437279 0.002)
(0.009404545391 0.01177455457 0.002)
(0.09167060011 0.04580380475 0.002)
(0.0284890326 0.02684625156 0.002)
(0.0902840139 0.01027910935 0.002)
(0.04414620933 0.04487595565 0.002)
(0.06879802909 0.046338132 0.002)
(0.09078064853 0.02735934819 0.002)
(0.04705491004 0.05293764433 0.002)
(0.02178803653 0.03428850198 0.002)
(0.08963058181 0.02835759605 0.002)
(0.01672145891 0.05668702781 0.002)
(0.01672782047 0.003284410082 0.002)
(0.08326356568 0.003233907168 0.002)
(0.01461682214 0.01780470986 0.002)
(0.08505935318 0.01830651224 0.002)
(0.01922295163 0.02080584361 0.002)
(0.09396504711 0.02987359558 0.002)
(0.02409630875 0.03229331857 0.002)
(0.009636777463 0.04829195717 0.002)
(0.09528753175 0.04267296369 0.002)
(0.005474106053 0.02576253556 0.002)
(0.004380086317 0.02651405107 0.002)
(0.004502246102 0.02795908414 0.002)
(0.01201913046 0.05678312601 0.002)
(0.01367938672 0.05658371755 0.002)
(0.01226412856 0.003356145769 0.002)
(0.08790867978 0.05669950269 0.002)
(0.01980026878 0.003336400311 0.002)
(0.01903282968 0.004678194204 0.002)
(0.02051795312 0.004643917313 0.002)
(0.01980579868 0.006017413321 0.002)
(0.01817365925 0.006097990438 0.002)
(0.01980566045 0.05666156106 0.002)
(0.01909113372 0.05544294545 0.002)
(0.02060636455 0.05541155693 0.002)
(0.02212383789 0.0553178574 0.002)
(0.02292310535 0.05662173841 0.002)
(0.02355948976 0.05517289965 0.002)
(0.01914270147 0.0488482422 0.002)
(0.0188605187 0.04733754107 0.002)
(0.02002264564 0.04633510609 0.002)
(0.01858460123 0.04582113139 0.002)
(0.01770461353 0.04833033137 0.002)
(0.02147383474 0.04684127024 0.002)
(0.02118923589 0.04533038918 0.002)
(0.02235689003 0.04432861118 0.002)
(0.0197490728 0.04481935077 0.002)
(0.08019182571 0.003295048602 0.002)
(0.07940904597 0.004562414073 0.002)
(0.07788736372 0.004638702832 0.002)
(0.0787535303 0.006060411565 0.002)
(0.07709958631 0.003333516737 0.002)
(0.07636045067 0.004584661985 0.002)
(0.01862101747 0.038799017 0.002)
(0.04217367168 0.01333137743 0.002)
(0.06155301304 0.01579389156 0.002)
(0.06300939931 0.01629203012 0.002)
(0.04930101984 0.01603787949 0.002)
(0.006232848398 0.01626386308 0.002)
(0.004992955628 0.01719463158 0.002)
(0.003502777243 0.01791727861 0.002)
(0.004910727148 0.018771428 0.002)
(0.0247646999 0.01431461137 0.002)
(0.04100613242 0.01433493182 0.002)
(0.0462465305 0.01334195147 0.002)
(0.04538038758 0.01583120097 0.002)
(0.07373268881 0.04382010073 0.002)
(0.07345472432 0.04232298042 0.002)
(0.07461532435 0.04132007015 0.002)
(0.02294435468 0.003558633516 0.002)
(0.07719686849 0.05651620371 0.002)
(0.05670082904 0.01823628224 0.002)
(0.007095079241 0.03472913194 0.002)
(0.00626140925 0.03025057269 0.002)
(0.004692894267 0.02966680535 0.002)
(0.03167403074 0.02936219695 0.002)
(0.03051183124 0.0303602861 0.002)
(0.05835359648 0.01328168325 0.002)
(0.01141850918 0.0292672042 0.002)
(0.03198909247 0.01682329687 0.002)
(0.02098946918 0.01581387 0.002)
(0.006439251043 0.05278792116 0.002)
(0.05723864494 0.04237657661 0.002)
(0.005941867719 0.02869543369 0.002)
(0.04180004573 0.03994069685 0.002)
(0.04032594601 0.03944860431 0.002)
(0.03885966514 0.03887599907 0.002)
(0.005377258128 0.04676552619 0.002)
(0.003892438227 0.04627138073 0.002)
(0.007047632791 0.04877718537 0.002)
(0.03338779599 0.04535773615 0.002)
(0.03308391474 0.04384480942 0.002)
(0.03193609683 0.04485028672 0.002)
(0.01165973958 0.04479359546 0.002)
(0.007963136739 0.01126922589 0.002)
(0.02041768032 0.01279750475 0.002)
(0.01896621391 0.01229073703 0.002)
(0.0639312543 0.04186547734 0.002)
(0.0624794906 0.04136582938 0.002)
(0.06131448848 0.04236747603 0.002)
(0.07493068797 0.01478322832 0.002)
(0.07521945647 0.0162987281 0.002)
(0.0740600363 0.01729962333 0.002)
(0.0755070107 0.01780980635 0.002)
(0.0934343375 0.03381426277 0.002)
(0.07431524827 0.04683744515 0.002)
(0.09081479748 0.04830947937 0.002)
(0.01258421476 0.01427997518 0.002)
(0.01403301858 0.01477883799 0.002)
(0.02211538697 0.02181557313 0.002)
(0.008526106815 0.03524003333 0.002)
(0.08299715973 0.04981862046 0.002)
(0.08416006453 0.04881390995 0.002)
(0.08561038217 0.04931636723 0.002)
(0.05458116969 0.01479457007 0.002)
(0.02601078691 0.003326446952 0.002)
(0.02677616905 0.004573438241 0.002)
(0.02530600459 0.004613200351 0.002)
(0.07395973066 0.05664406793 0.002)
(0.07400002717 0.003339153756 0.002)
(0.07327561551 0.004683059255 0.002)
(0.07177015033 0.004988062021 0.002)
(0.07092309572 0.003386599555 0.002)
(0.07007399591 0.004690204224 0.002)
(0.09328707409 0.01988403643 0.002)
(0.0885372037 0.01529037368 0.002)
(0.06625174019 0.03985423523 0.002)
(0.09164443 0.02486345541 0.002)
(0.08589435024 0.03683000361 0.002)
(0.08733445839 0.0373264365 0.002)
(0.08704474375 0.03583161381 0.002)
(0.03082701661 0.01782653282 0.002)
(0.05533507233 0.05668010792 0.002)
(0.05543290125 0.003336399762 0.002)
(0.0546527188 0.004593119352 0.002)
(0.05291492706 0.004580206511 0.002)
(0.05624250441 0.004596873614 0.002)
(0.0673763014 0.01780513723 0.002)
(0.03081974085 0.02485381509 0.002)
(0.05858455072 0.05666610854 0.002)
(0.009680227273 0.03424417557 0.002)
(0.01083369275 0.03324975131 0.002)
(0.04415195572 0.05192653183 0.002)
(0.06166475512 0.0566252567 0.002)
(0.07115564008 0.0233289202 0.002)
(0.07144328665 0.02483563854 0.002)
(0.05404444484 0.04689489219 0.002)
(0.02910152569 0.05665446804 0.002)
(0.03751021405 0.01734248716 0.002)
(0.03693576359 0.01432177046 0.002)
(0.03577012843 0.01532515292 0.002)
(0.006808683777 0.04023623723 0.002)
(0.08767088665 0.0107846444 0.002)
(0.07090324418 0.0567168265 0.002)
(0.07012903217 0.05531919091 0.002)
(0.0685519117 0.05542306142 0.002)
(0.06781462267 0.05668354486 0.002)
(0.06703550837 0.05531820512 0.002)
(0.03219312739 0.0566593005 0.002)
(0.03425750551 0.05504526567 0.002)
(0.03529629749 0.05625269148 0.002)
(0.03572955252 0.05471120775 0.002)
(0.06480455902 0.05651176363 0.002)
(0.03527802698 0.003328522933 0.002)
(0.03460475719 0.004645425411 0.002)
(0.03838562747 0.05666695786 0.002)
(0.03906441639 0.05530359743 0.002)
(0.03838750277 0.00334070816 0.002)
(0.06767493854 0.003575848361 0.002)
(0.02638456354 0.05138482087 0.002)
(0.08389539851 0.01229345987 0.002)
(0.06741304417 0.03885251736 0.002)
(0.06711854991 0.03735395185 0.002)
(0.08098515003 0.0393155964 0.002)
(0.08069836814 0.03781834033 0.002)
(0.06882996787 0.01830696545 0.002)
(0.07693130901 0.0393132561 0.002)
(0.03227800829 0.01833275833 0.002)
(0.01924881915 0.01379743864 0.002)
(0.07810966353 0.02432992148 0.002)
(0.07955552934 0.02484052202 0.002)
(0.06015281633 0.05042616912 0.002)
(0.05142719438 0.04739497862 0.002)
(0.03923073642 0.01934678247 0.002)
(0.03603384993 0.02385241692 0.002)
(0.03633648048 0.02533405213 0.002)
(0.07547866526 0.0458324332 0.002)
(0.06160278107 0.04387658892 0.002)
(0.02526980925 0.03832119759 0.002)
(0.08560545749 0.03533288975 0.002)
(0.07053528397 0.04834732193 0.002)
(0.06622494055 0.02585091212 0.002)
(0.03162184356 0.03634108373 0.002)
(0.02931644572 0.03832790277 0.002)
(0.05235588859 0.009830964098 0.002)
(0.05262487152 0.01132723987 0.002)
(0.05666132874 0.04639326861 0.002)
(0.05003538293 0.01184727204 0.002)
(0.04392075971 0.0153742414 0.002)
(0.02763413654 0.02233735224 0.002)
(0.02850475764 0.0198317987 0.002)
(0.06417627181 0.01529033384 0.002)
(0.09225675049 0.04880733221 0.002)
(0.07955199335 0.03183920306 0.002)
(0.08070622413 0.03084112038 0.002)
(0.07926420025 0.03033902719 0.002)
(0.08041848165 0.02934412951 0.002)
(0.07637704362 0.03633637403 0.002)
(0.03745663963 0.04536568671 0.002)
(0.03714888803 0.04385341589 0.002)
(0.02873557841 0.03533070621 0.002)
(0.01978048965 0.03780556382 0.002)
(0.06234297219 0.03444127436 0.002)
(0.06675113298 0.04985693184 0.002)
(0.07406512266 0.03834496982 0.002)
(0.09288669079 0.01682472729 0.002)
(0.09432467376 0.01744831781 0.002)
(0.02965660935 0.02585144331 0.002)
(0.0183236549 0.03027601303 0.002)
(0.06855046117 0.03085178678 0.002)
(0.03283618105 0.02836647386 0.002)
(0.07376193062 0.02984489212 0.002)
(0.07144512901 0.03185102601 0.002)
(0.07290059681 0.03234670907 0.002)
(0.0702882698 0.03285372419 0.002)
(0.01601573655 0.03226555388 0.002)
(0.03322403582 0.008800924763 0.002)
(0.04393836975 0.00829672254 0.002)
(0.02420185271 0.01129715927 0.002)
(0.02325868546 0.02781529138 0.002)
(0.03162958491 0.05039180059 0.002)
(0.03890951883 0.04587125867 0.002)
(0.06999534298 0.02433366852 0.002)
(0.04880170164 0.04789939321 0.002)
(0.08675586757 0.03433450413 0.002)
(0.07174535137 0.04034281158 0.002)
(0.02268752389 0.02481717249 0.002)
(0.06652131529 0.02734617672 0.002)
(0.07753368781 0.03533502992 0.002)
(0.07895757619 0.04282063949 0.002)
(0.06884086069 0.03235497295 0.002)
(0.03487047731 0.02485653831 0.002)
(0.06766650695 0.01931395811 0.002)
(0.06651014624 0.02031996751 0.002)
(0.02799261667 0.00979647675 0.002)
(0.06478953364 0.03235736947 0.002)
(0.07057423034 0.02734279405 0.002)
(0.01113362339 0.02777494143 0.002)
(0.08214780694 0.0313434106 0.002)
(0.07868567443 0.02733827623 0.002)
(0.01804859833 0.03579158205 0.002)
(0.06246736965 0.04839317833 0.002)
(0.07052332429 0.00617777583 0.002)
(0.04123330265 0.05091195068 0.002)
(0.03285338058 0.02134741174 0.002)
(0.06537366468 0.02835591026 0.002)
(0.09674889475 0.03288439118 0.002)
(0.09664040901 0.0361829209 0.002)
(0.0948173635 0.03422584586 0.002)
(0.003535016286 0.02401528675 0.002)
(0.05023222216 0.05547370275 0.002)
(0.05980748051 0.01378352011 0.002)
(0.0140432312 0.007768369368 0.002)
(0.01433080643 0.00927299898 0.002)
(0.06680604044 0.0218266053 0.002)
(0.07550827009 0.03184107641 0.002)
(0.06912417069 0.01981491541 0.002)
(0.03724500599 0.008791324765 0.002)
(0.06532681462 0.04934962606 0.002)
(0.07260712543 0.01679589007 0.002)
(0.08272299208 0.04131939738 0.002)
(0.02380460852 0.04483643823 0.002)
(0.0220762647 0.04282089757 0.002)
(0.02236539187 0.03029269268 0.002)
(0.01457710202 0.0317644281 0.002)
(0.06508555811 0.02687876404 0.002)
(0.020342313 0.03378073851 0.002)
(0.03479632552 0.0388539981 0.002)
(0.009398250327 0.0327477691 0.002)
(0.07173168792 0.02634043617 0.002)
(0.06451133731 0.03786512436 0.002)
(0.09677836142 0.04207852502 0.002)
(0.03662431384 0.01985122025 0.002)
(0.06591056404 0.01025302444 0.002)
(0.08502625027 0.02536178932 0.002)
(0.04128826045 0.01584600922 0.002)
(0.07751011542 0.04934798036 0.002)
(0.02323639744 0.04182328116 0.002)
(0.05633488938 0.009752619072 0.002)
(0.03451009213 0.03734886624 0.002)
(0.06009271858 0.008240566428 0.002)
(0.05986009847 0.0489130073 0.002)
(0.08243607913 0.03283987397 0.002)
(0.01574810281 0.02379173714 0.002)
(0.04298146606 0.04587755852 0.002)
(0.04707232823 0.04588145071 0.002)
(0.08474050668 0.03084620441 0.002)
(0.09049269059 0.02586170755 0.002)
(0.03541739912 0.04888718952 0.002)
(0.01516274627 0.02777948063 0.002)
(0.07608268184 0.02081732034 0.002)
(0.07579399064 0.0193130019 0.002)
(0.04094297471 0.04940011025 0.002)
(0.01660085245 0.0282819307 0.002)
(0.07924862975 0.04432645912 0.002)
(0.01399165566 0.03575109034 0.002)
(0.06940835388 0.0142816321 0.002)
(0.03898221935 0.01080195916 0.002)
(0.07984203743 0.02634526896 0.002)
(0.02787942335 0.03083646261 0.002)
(0.06474970179 0.01126350829 0.002)
(0.09670641899 0.01794522134 0.002)
(0.06044067158 0.0448834227 0.002)
(0.08646641932 0.02586127461 0.002)
(0.055208626 0.045889212 0.002)
(0.01891060183 0.02629304777 0.002)
(0.008252810295 0.01277316713 0.002)
(0.04422386385 0.009809985747 0.002)
(0.05146945301 0.0123445973 0.002)
(0.07492320672 0.02884010842 0.002)
(0.03004415847 0.006269132855 0.002)
(0.07024795068 0.04683640345 0.002)
(0.07318456255 0.01981281578 0.002)
(0.08934778271 0.01988219016 0.002)
(0.009436777178 0.01875246737 0.002)
(0.03258541858 0.01280407836 0.002)
(0.06795486 0.01377887514 0.002)
(0.008809640495 0.03673404405 0.002)
(0.08242447875 0.05384770172 0.002)
(0.0560761253 0.0504259922 0.002)
(0.01081404457 0.04022588914 0.002)
(0.08070463003 0.009779565803 0.002)
(0.009982752328 0.02876792706 0.002)
(0.02729287901 0.0348272582 0.002)
(0.04077944261 0.005811358004 0.002)
(0.02100475781 0.008778866007 0.002)
(0.05864328563 0.01479167678 0.002)
(0.04684498327 0.009315456495 0.002)
(0.02730818052 0.02783227839 0.002)
(0.09135913864 0.02336856791 0.002)
(0.07603920554 0.00680403946 0.002)
(0.008794556517 0.04377758799 0.002)
(0.04269115855 0.04436988341 0.002)
(0.08876772173 0.03084771341 0.002)
(0.01283740064 0.03674383559 0.002)
(0.02415477636 0.01831565318 0.002)
(0.009413462011 0.02578408583 0.002)
(0.08963206806 0.03532575084 0.002)
(0.05811797065 0.05389592626 0.002)
(0.08011090615 0.006758103296 0.002)
(0.02647896539 0.01631149382 0.002)
(0.06038593939 0.009754815068 0.002)
(0.09020490851 0.03134577144 0.002)
(0.07406005204 0.01024812709 0.002)
(0.02880455705 0.0143060467 0.002)
(0.083595058 0.04582462376 0.002)
(0.02448597711 0.0128078938 0.002)
(0.08733056144 0.0233691962 0.002)
(0.02728991121 0.04183270825 0.002)
(0.02617764818 0.0218284802 0.002)
(0.0608944146 0.05515390287 0.002)
(0.05490903283 0.05143383104 0.002)
(0.07724206984 0.01981563041 0.002)
(0.02382455809 0.03781885334 0.002)
(0.08445260122 0.02935116445 0.002)
(0.0295631736 0.05393709628 0.002)
(0.03018662848 0.0428411711 0.002)
(0.03134376147 0.04887935147 0.002)
(0.07259958783 0.009745436414 0.002)
(0.06995869851 0.05236174413 0.002)
(0.01833043167 0.03728894113 0.002)
(0.08848328231 0.03632806505 0.002)
(0.01836901635 0.01630015019 0.002)
(0.03140640635 0.02084285498 0.002)
(0.08258207048 0.00465033134 0.002)
(0.04918085865 0.007305987577 0.002)
(0.09658796685 0.04981908344 0.002)
(0.02674911115 0.02483476233 0.002)
(0.04014921146 0.009797509217 0.002)
(0.09023028046 0.04531273767 0.002)
(0.07373569067 0.05086751304 0.002)
(0.02480236575 0.007264496767 0.002)
(0.03374788833 0.01179910427 0.002)
(0.08186036003 0.03682672084 0.002)
(0.07866890133 0.04833939866 0.002)
(0.05228526933 0.05193511701 0.002)
(0.08447445183 0.008271382722 0.002)
(0.08475023901 0.04482234075 0.002)
(0.07434511395 0.01880891275 0.002)
(0.03605652499 0.01683489127 0.002)
(0.02349756205 0.05036733181 0.002)
(0.03778868295 0.01884930599 0.002)
(0.01810270413 0.007758279552 0.002)
(0.01165109903 0.05180849554 0.002)
(0.02114673129 0.05235707957 0.002)
(0.02129617439 0.05398917838 0.002)
(0.09138018761 0.04431232183 0.002)
(0.009983147824 0.007761176299 0.002)
(0.0178003782 0.01329041548 0.002)
(0.0458971971 0.04688842574 0.002)
(0.04966655811 0.05243733451 0.002)
(0.07173124975 0.01226518886 0.002)
(0.07405172181 0.02433143887 0.002)
(0.02497961015 0.03682080669 0.002)
(0.03687096015 0.04939370947 0.002)
(0.01572942486 0.03077024167 0.002)
(0.03948657359 0.02082053615 0.002)
(0.0884804464 0.02935394292 0.002)
(0.03017518052 0.04988521505 0.002)
(0.0131676644 0.01027295539 0.002)
(0.04239737909 0.04990624605 0.002)
(0.08619453289 0.04531968687 0.002)
(0.02179340228 0.04131639082 0.002)
(0.08906505389 0.01837913047 0.002)
(0.01427634937 0.03724832378 0.002)
(0.08503306824 0.05331871559 0.002)
(0.01200210842 0.02528562135 0.002)
(0.05345328537 0.05092772496 0.002)
(0.01546362892 0.0222943795 0.002)
(0.07027302893 0.01176347554 0.002)
(0.09058179589 0.01177940296 0.002)
(0.06126063218 0.02913547032 0.002)
(0.0613117854 0.04940985344 0.002)
(0.03163293293 0.04334216233 0.002)
(0.08736314739 0.01632059809 0.002)
(0.01368396181 0.04830320035 0.002)
(0.0853224837 0.04781502175 0.002)
(0.08676221097 0.04132239254 0.002)
(0.003230959753 0.01338323314 0.002)
(0.01744810011 0.004625060674 0.002)
(0.027576896 0.04333842034 0.002)
(0.08677054326 0.04831738006 0.002)
(0.08042243554 0.02232882308 0.002)
(0.04245669338 0.01484697886 0.002)
(0.08617913791 0.02436605642 0.002)
(0.02843888099 0.04786379406 0.002)
(0.08419004856 0.01379827477 0.002)
(0.07518758306 0.04432497707 0.002)
(0.08879981075 0.05182224865 0.002)
(0.03111714284 0.01933520494 0.002)
(0.01029970274 0.01626718279 0.002)
(0.02642528058 0.03732327318 0.002)
(0.01456637236 0.03875130907 0.002)
(0.02698772305 0.04735604017 0.002)
(0.008197977753 0.04778627036 0.002)
(0.03869618017 0.009290314016 0.002)
(0.04539169658 0.008807591415 0.002)
(0.0740274453 0.05238015464 0.002)
(0.08157795401 0.02132517024 0.002)
(0.08389483661 0.01931331298 0.002)
(0.08330087541 0.03034774775 0.002)
(0.01171446851 0.02378548683 0.002)
(0.07405712324 0.03134426612 0.002)
(0.090845613 0.006284141368 0.002)
(0.08563741616 0.007266219128 0.002)
(0.01777909072 0.02030090788 0.002)
(0.01601653802 0.03927140635 0.002)
(0.02065302117 0.007133609685 0.002)
(0.01483719656 0.04730309856 0.002)
(0.08912450482 0.01128007626 0.002)
(0.08912299924 0.05326534521 0.002)
(0.01048908124 0.05280791769 0.002)
(0.01662055087 0.02129782389 0.002)
(0.01688357102 0.02977617975 0.002)
(0.02902763673 0.04384325424 0.002)
(0.04269124794 0.05141759578 0.002)
(0.05259248325 0.04639053306 0.002)
(0.08646980163 0.01888070138 0.002)
(0.09166077795 0.05281950105 0.002)
(0.08302879881 0.01480210937 0.002)
(0.03715993636 0.05090285742 0.002)
(0.009699789319 0.006273642981 0.002)
(0.08821360028 0.04182674951 0.002)
(0.07289153059 0.02533548524 0.002)
(0.02063340175 0.04231329344 0.002)
(0.07319281553 0.03384623262 0.002)
(0.01084974137 0.02628123815 0.002)
(0.05083061102 0.05143037288 0.002)
(0.07485799749 0.004634362635 0.002)
(0.07173847021 0.03335004523 0.002)
(0.07431751871 0.05389835503 0.002)
(0.06535712405 0.02133002177 0.002)
(0.08473789014 0.02386609768 0.002)
(0.03608240252 0.009798334771 0.002)
(0.09021271072 0.03832011754 0.002)
(0.01803822659 0.02878156088 0.002)
(0.09196145149 0.04730261098 0.002)
(0.06271649723 0.01478455066 0.002)
(0.04655996062 0.007804854737 0.002)
(0.0447456382 0.01988677251 0.002)
(0.06506156915 0.01981772026 0.002)
(0.02758090076 0.03632604428 0.002)
(0.03598590429 0.05187976784 0.002)
(0.08157549911 0.01430408214 0.002)
(0.01461683471 0.01077636911 0.002)
(0.07088553538 0.03585102543 0.002)
(0.08647373735 0.03982728502 0.002)
(0.08445016574 0.02236759082 0.002)
(0.08185873289 0.029848371 0.002)
(0.07695300703 0.01831714747 0.002)
(0.03571036376 0.04335316836 0.002)
(0.03944548738 0.0418627415 0.002)
(0.06911521354 0.0127722815 0.002)
(0.04530672089 0.05091529517 0.002)
(0.08541126567 0.005826416612 0.002)
(0.06361468745 0.01932119788 0.002)
(0.01919390094 0.02778643738 0.002)
(0.04997462665 0.04689109802 0.002)
(0.0697292984 0.03685173903 0.002)
(0.06330921756 0.01780010294 0.002)
(0.08762582313 0.01787384909 0.002)
(0.04772451984 0.006800542958 0.002)
(0.01578065822 0.009774049591 0.002)
(0.01950337307 0.02230509265 0.002)
(0.03508632843 0.03337425233 0.002)
(0.08416577993 0.0208729094 0.002)
(0.04560371035 0.05243061916 0.002)
(0.02091248238 0.04382078965 0.002)
(0.08071575267 0.01681114727 0.002)
(0.08157053896 0.02835082598 0.002)
(0.02094998875 0.02280921128 0.002)
(0.0203514539 0.02679344385 0.002)
(0.04061716641 0.05506803123 0.002)
(0.06682114022 0.03585734326 0.002)
(0.01953524536 0.01530353569 0.002)
(0.07955811427 0.01781483489 0.002)
(0.02179303128 0.02729680781 0.002)
(0.04889844794 0.00579661192 0.002)
(0.06882148251 0.01126099868 0.002)
(0.08243340544 0.03982030245 0.002)
(0.08012918643 0.02784512453 0.002)
(0.02902365123 0.03682665318 0.002)
(0.09051895729 0.05380022715 0.002)
(0.09411222428 0.003331238472 0.002)
(0.04020871416 0.03774097178 0.002)
(0.06596770056 0.03835804457 0.002)
(0.08504033755 0.04631899242 0.002)
(0.01082104466 0.05424732378 0.002)
(0.01629817051 0.04077427537 0.002)
(0.06852795082 0.009747007238 0.002)
(0.01549023717 0.008273528326 0.002)
(0.02582228834 0.04835784333 0.002)
(0.06480599436 0.03936252302 0.002)
(0.06706809501 0.00924362303 0.002)
(0.02126141693 0.01731279114 0.002)
(0.02610429051 0.04986979514 0.002)
(0.03046855598 0.03733105074 0.002)
(0.08099558987 0.02535217636 0.002)
(0.06364793751 0.04036635911 0.002)
(0.06219305027 0.03986698281 0.002)
(0.01671484029 0.007237317467 0.002)
(0.01831024968 0.04431053247 0.002)
(0.0336427153 0.0398448624 0.002)
(0.04821598887 0.051930101 0.002)
(0.02243178474 0.01631263343 0.002)
(0.06827129032 0.03635228886 0.002)
(0.04019779461 0.02382428626 0.002)
(0.07637548988 0.01530185522 0.002)
(0.02494193787 0.0508689872 0.002)
(0.0607188521 0.03935924769 0.002)
(0.03191229582 0.03783385383 0.002)
(0.02387573745 0.01681511048 0.002)
(0.01715108344 0.04531220602 0.002)
(0.0110971497 0.04174579279 0.002)
(0.08386358945 0.05428237119 0.002)
(0.08041886328 0.03632588036 0.002)
(0.06329254144 0.01076335725 0.002)
(0.03248976047 0.04083866095 0.002)
(0.04673089326 0.01621126372 0.002)
(0.04303957844 0.05672119191 0.002)
(0.0807072903 0.023843865 0.002)
(0.005893257913 0.003328073324 0.002)
(0.06299080007 0.009245687773 0.002)
(0.0838823307 0.0473201262 0.002)
(0.02904765699 0.02984901532 0.002)
(0.01742758683 0.04681808095 0.002)
(0.07810921554 0.01731766916 0.002)
(0.03335533898 0.03834129399 0.002)
(0.07925885817 0.037320635 0.002)
(0.07724231129 0.01278030235 0.002)
(0.06154160544 0.008750388785 0.002)
(0.02378050479 0.05191521347 0.002)
(0.03076501769 0.03185254178 0.002)
(0.07782032551 0.03682562594 0.002)
(0.03194863403 0.0308568844 0.002)
(0.02503998359 0.01581507638 0.002)
(0.08272219048 0.0483251268 0.002)
(0.03779799414 0.004681536653 0.002)
(0.07811283273 0.01025069796 0.002)
(0.02260958626 0.05287245907 0.002)
(0.07752702428 0.01429796769 0.002)
(0.01346872466 0.01880386801 0.002)
(0.03364522945 0.03286420256 0.002)
(0.07665739367 0.03782674285 0.002)
(0.08127497005 0.04782833508 0.002)
(0.01627233698 0.0478136766 0.002)
(0.04850468605 0.05344729726 0.002)
(0.07549777576 0.03882943222 0.002)
(0.08827067813 0.01377633789 0.002)
(0.02620492955 0.01481362358 0.002)
(0.06124384186 0.007229121055 0.002)
(0.02945753736 0.01028160137 0.002)
(0.04877634562 0.05497347027 0.002)
(0.07839566861 0.01177852728 0.002)
(0.08011126214 0.04882948547 0.002)
(0.07434059419 0.03983109515 0.002)
(0.03089356657 0.01079785491 0.002)
(0.0532405025 0.04251100527 0.002)
(0.06098388855 0.005764430007 0.002)
(0.02380484714 0.03080573432 0.002)
(0.04477335462 0.03992722355 0.002)
(0.07666329685 0.01680969426 0.002)
(0.008939654635 0.05663278195 0.002)
(0.01683091396 0.05084047511 0.002)
(0.003313448021 0.03604958212 0.002)
(0.00330933706 0.05128407355 0.002)
(0.0156830841 0.05183221736 0.002)
(0.07926910403 0.009271713684 0.002)
(0.02736895224 0.01381363859 0.002)
(0.004793845933 0.04378014025 0.002)
(0.07318146933 0.04083217785 0.002)
(0.07895266936 0.04983371584 0.002)
(0.09538206093 0.0443304973 0.002)
(0.0708516806 0.0428319294 0.002)
(0.02853226939 0.01281467614 0.002)
(0.07924042981 0.05133400512 0.002)
(0.03818346058 0.03589544767 0.002)
(0.02825989844 0.01130583501 0.002)
(0.07808345467 0.05235150965 0.002)
(0.03278204129 0.0423410023 0.002)
(0.06063978521 0.0340291138 0.002)
(0.03423877004 0.04284828428 0.002)
(0.01136726107 0.04328792399 0.002)
(0.07201682942 0.04183407349 0.002)
(0.01655185921 0.04932398545 0.002)
(0.03480885948 0.03189582304 0.002)
(0.009417261544 0.004781922191 0.002)
(0.07837390501 0.05383643585 0.002)
(0.04142587445 0.003357752649 0.002)
(0.03682845724 0.04234366366 0.002)
(0.06736450278 0.04583837515 0.002)
(0.06941525752 0.0423342177 0.002)
(0.03828878934 0.04285337197 0.002)
(0.03232001336 0.01131155325 0.002)
(0.01289134372 0.01577615221 0.002)
(0.01593169608 0.05550914334 0.002)
(0.0789878713 0.007721035274 0.002)
(0.06825396523 0.04333518138 0.002)
(0.01319000892 0.01729050467 0.002)
(0.03348585849 0.01031107156 0.002)
(0.06852659231 0.04483596199 0.002)
(0.02911002519 0.00332250845 0.002)
(0.01600864614 0.05327052254 0.002)
(0.03465261908 0.009301693658 0.002)
(0.06905704589 0.005756158163 0.002)
(0.01748390437 0.05524016214 0.002)
(0.06592725668 0.04534121869 0.002)
(0.05370283915 0.0172059236 0.002)
(0.06161290323 0.003281945744 0.002)
(0.03581122134 0.008306702704 0.002)
(0.04296896076 0.03889827919 0.002)
(0.06477420829 0.04635604278 0.002)
(0.05851612903 0.003279170482 0.002)
(0.0541512334 0.00605119795 0.002)
(0.03552509081 0.006803373533 0.002)
(0.06505640102 0.04784256081 0.002)
(0.05344397248 0.01577622815 0.002)
(0.03001364154 0.05541268294 0.002)
(0.07024543123 0.05381863472 0.002)
(0.06389664959 0.04886500572 0.002)
(0.05316937889 0.01431554295 0.002)
(0.06419314375 0.05035033535 0.002)
(0.06446995261 0.05187554386 0.002)
(0.01370868784 0.003251928384 0.002)
(0.05290106232 0.01281389704 0.002)
(0.06332324135 0.05290475763 0.002)
(0.06357941372 0.05437651125 0.002)
(0.09540123241 0.03055005477 0.002)
(0.004519380367 0.03512287214 0.002)
(0.03799402825 0.02574296265 0.002)
(0.03625449834 0.05341927736 0.002)
(0.05842152438 0.02022578472 0.002)
(0.05404935003 0.0117888393 0.002)
(0.07475636648 0.0553670519 0.002)
(0.03758627667 0.05545422845 0.002)
(0.03602902622 0.03114067635 0.002)
(0.05377930365 0.01029195795 0.002)
(0.08938454206 0.005843413614 0.002)
(0.09675191145 0.02399081069 0.002)
(0.05494072946 0.009242320334 0.002)
(0.003112186299 0.004253770855 0.002)
(0.09667843772 0.05555379293 0.002)
(0.06360382966 0.02646575006 0.002)
(0.08636123736 0.05677766097 0.002)
(0.003243699908 0.0148726728 0.002)
(0.06249823849 0.05540614473 0.002)
(0.05456634585 0.007725349128 0.002)
(0.08623258249 0.003335958092 0.002)
(0.08330512922 0.05671943876 0.002)
(0.0414825977 0.05672202106 0.002)
(0.0953672349 0.03727969199 0.002)
(0.09678532637 0.04665549311 0.002)
(0.01364754291 0.05513094282 0.002)
(0.003491942833 0.0448416802 0.002)
(0.07861755698 0.05532827366 0.002)
(0.02442848467 0.00574797916 0.002)
(0.09695377446 0.05125355223 0.002)
(0.003252153622 0.02859530591 0.002)
(0.05460435946 0.05540768134 0.002)
(0.003262598244 0.02080432498 0.002)
(0.0261090899 0.05672880191 0.002)
(0.05687693377 0.005849918584 0.002)
(0.08869960677 0.055442461 0.002)
(0.06257821114 0.02747011369 0.002)
(0.004350301208 0.03363536701 0.002)
(0.03648402088 0.02687340803 0.002)
(0.04999744945 0.01741560629 0.002)
(0.04081674565 0.02127089803 0.002)
(0.003244437413 0.04183270418 0.002)
(0.03362562149 0.05379234151 0.002)
(0.003173942832 0.04969961379 0.002)
(0.0953429711 0.01616560457 0.002)
(0.09675640855 0.04505733552 0.002)
(0.09584456032 0.02643260363 0.002)
(0.06629014203 0.004654262895 0.002)
(0.03608329767 0.004529616053 0.002)
(0.004514132888 0.007378893861 0.002)
(0.09560438763 0.02492534752 0.002)
(0.04625299156 0.05684760892 0.002)
(0.07704129783 0.005824074916 0.002)
(0.04898844669 0.04262936838 0.002)
(0.09691090475 0.004052569292 0.002)
(0.05829459347 0.05532109812 0.002)
(0.05255854758 0.003138298021 0.002)
(0.09678999071 0.01503933758 0.002)
(0.02273252905 0.0541952764 0.002)
(0.05049249727 0.05683057695 0.002)
(0.02820857552 0.004562212446 0.002)
(0.04597419546 0.003154216164 0.002)
(0.0600114427 0.02223602379 0.002)
(0.05441757151 0.04155443446 0.002)
(0.08096782542 0.004439750477 0.002)
(0.09310748186 0.00444889538 0.002)
(0.04848884697 0.004368353223 0.002)
(0.09678528383 0.03144540373 0.002)
(0.004353374669 0.0125382146 0.002)
(0.02184709791 0.004674729085 0.002)
(0.06787696018 0.05423027555 0.002)
(0.01584549416 0.004409299455 0.002)
(0.007986409627 0.004448200991 0.002)
(0.05886395572 0.02148234734 0.002)
(0.04191964478 0.02034547696 0.002)
(0.09680182999 0.0392056087 0.002)
(0.00664168912 0.05560569452 0.002)
(0.04048376239 0.004451671421 0.002)
(0.09181187901 0.05561388833 0.002)
(0.06065584347 0.004404007869 0.002)
(0.06877674934 0.004510306461 0.002)
(0.003171462235 0.008569572651 0.002)
(0.05705960838 0.01972753338 0.002)
(0.07308658639 0.005975926932 0.002)
(0.09546379726 0.009642178786 0.002)
(0.0842927782 0.05562959481 0.002)
(0.03755361799 0.02936339719 0.002)
(0.003010064661 0.05414849502 0.002)
(0.005576628688 0.05372773952 0.002)
(0.01134892539 0.05559015087 0.002)
(0.003133381666 0.03143229891 0.002)
(0.003149656667 0.03295755579 0.002)
(0.003156662061 0.0270693209 0.002)
(0.06378164131 0.05559532889 0.002)
(0.09537953915 0.05286831642 0.002)
(0.004425329117 0.01998424874 0.002)
(0.09558782712 0.01105600779 0.002)
(0.004296504105 0.0476021193 0.002)
(0.06204625308 0.03314997808 0.002)
(0.05405587566 0.01858814587 0.002)
(0.08903842776 0.004556227288 0.002)
(0.03137572666 0.05564500952 0.002)
(0.004341627598 0.04080070192 0.002)
(0.09570031178 0.0474311167 0.002)
(0.03219354839 0.003001614239 0.002)
(0.04569643332 0.0170480107 0.002)
(0.01863608354 0.05414870772 0.002)
(0.07167706092 0.05566344654 0.002)
(0.05262204449 0.05683195297 0.002)
(0.06369965832 0.03170739925 0.002)
(0.05558164403 0.01911982475 0.002)
(0.05231124976 0.01809735509 0.002)
(0.04440407086 0.004577332241 0.002)
(0.0191523591 0.007081655772 0.002)
(0.03540145404 0.005573836004 0.002)
(0.0761581355 0.05557538746 0.002)
(0.05268486492 0.005999531972 0.002)
(0.08524259503 0.004485017629 0.002)
(0.003089646708 0.005623898179 0.002)
(0.01188243491 0.004561527416 0.002)
(0.09700600089 0.0268036739 0.002)
(0.0393111014 0.05409357413 0.002)
(0.04366772183 0.05561076097 0.002)
(0.02404792063 0.004493827255 0.002)
(0.004076607712 0.01100671556 0.002)
(0.003139220303 0.05686980573 0.002)
(0.04789813173 0.04067840449 0.002)
(0.08019354839 0.05707265053 0.002)
(0.09566079757 0.01730585128 0.002)
(0.09689040185 0.006132173685 0.002)
(0.09689334392 0.02883997221 0.002)
(0.03873414522 0.02452639589 0.002)
(0.02696381118 0.05561565944 0.002)
(0.09584161689 0.01243318626 0.002)
(0.003078142695 0.00308119374 0.002)
(0.09691906312 0.0569256919 0.002)
(0.05591962223 0.05557732454 0.002)
(0.05569312838 0.04071606054 0.002)
(0.05541911181 0.005579625196 0.002)
(0.09569749341 0.04007282134 0.002)
(0.04482578499 0.04118253079 0.002)
(0.02473442474 0.05487358161 0.002)
(0.04602777777 0.0418212184 0.002)
(0.05133393186 0.01745943986 0.002)
(0.08945277985 0.05441843159 0.002)
(0.04404048643 0.01847104321 0.002)
(0.07565405461 0.005636889284 0.002)
(0.004358257372 0.0252273446 0.002)
(0.08011997097 0.005573035 0.002)
(0.04767741935 0.05713599454 0.002)
(0.03339814014 0.004854268972 0.002)
(0.04788925879 0.01655901791 0.002)
(0.003090953025 0.04707962434 0.002)
(0.04097505562 0.02264690933 0.002)
(0.0958272074 0.04885128902 0.002)
(0.02744533271 0.005615751333 0.002)
(0.05949008415 0.05563345453 0.002)
(0.0956132291 0.03329458345 0.002)
(0.09712739555 0.05420097028 0.002)
(0.09701097492 0.002997650848 0.002)
(0.01469018159 0.05565786274 0.002)
(0.06470677538 0.002901422817 0.002)
(0.04810524814 0.003093935495 0.002)
(0.09406831526 0.01897400009 0.002)
(0.0364818498 0.05557254633 0.002)
(0.06924110038 0.05441833024 0.002)
(0.06590424315 0.05555451042 0.002)
(0.0621127703 0.0301522817 0.002)
(0.002839177802 0.03909148569 0.002)
(0.05033151589 0.003085362494 0.002)
(0.03484953532 0.05401951633 0.002)
(0.04126537957 0.03681569593 0.002)
(0.09180692804 0.004161357561 0.002)
(0.01985457669 0.05447378369 0.002)
(0.05996855238 0.03492331654 0.002)
(0.01446550021 0.00422093421 0.002)
(0.03922708804 0.0364459334 0.002)
(0.04136817297 0.03883042135 0.002)
(0.06045427306 0.03674654365 0.002)
(0.04396212011 0.02067350307 0.002)
(0.00412690131 0.03073354958 0.002)
(0.006665063469 0.004168078656 0.002)
(0.05201888368 0.04215804203 0.002)
(0.05928600332 0.004134845289 0.002)
(0.08563027682 0.05589740613 0.002)
(0.02088745482 0.005750539813 0.002)
(0.08406377488 0.004141924036 0.002)
(0.04395721572 0.03935561621 0.002)
(0.03916137204 0.004141724749 0.002)
(0.004149372035 0.004724415434 0.002)
(0.0127187075 0.05578682496 0.002)
(0.09586920732 0.04133226483 0.002)
(0.01637413084 0.05439207229 0.002)
(0.09572132421 0.01980398257 0.002)
(0.03720793018 0.0318458147 0.002)
(0.002968453549 0.01066008963 0.002)
(0.09699973034 0.01292610835 0.002)
(0.06213318243 0.02272928303 0.002)
(0.03680115813 0.05460117072 0.002)
)


// ************************************************************************* //
