/*--------------------------------*- C++ -*----------------------------------*\
| =========                 |                                                 |
| \\      /  F ield         | OpenFOAM: The Open Source CFD Toolbox           |
|  \\    /   O peration     | Version:  2512                                  |
|   \\  /    A nd           | Website:  www.openfoam.com                      |
|    \\/     M anipulation  |                                                 |
\*---------------------------------------------------------------------------*/
FoamFile
{
    version     2.0;
    format      ascii;
    arch        "LSB;label=32;scalar=64";
    class       volScalarField;
    location    "0.001";
    object      T;
}
// * * * * * * * * * * * * * * * * * * * * * * * * * * * * * * * * * * * * * //

dimensions      [0 0 0 1 0 0 0];

internalField   nonuniform List<scalar> 
63993
(
520.51536
480.21706
479.01462
478.95528
481.41061
519.85191
519.77602
480.35746
519.85172
481.13083
482.6333
520.24925
480.9353
519.79405
519.8502
482.66898
481.83007
481.14526
480.91986
520.21079
520.01811
519.45809
480.90554
519.91382
519.89639
519.91851
519.95658
479.60514
481.05787
505.02782
481.51169
520.34719
519.83138
519.87946
482.60456
521.67002
482.79548
519.85588
520.15932
482.05048
482.91531
483.43713
481.32789
482.69892
482.68034
519.9143
481.42174
521.45617
516.49805
481.61853
520.37581
520.04434
481.58592
521.30395
520.14485
519.80081
519.82998
482.71754
482.40799
481.17323
520.21193
481.60485
520.48417
520.22069
520.19081
480.04408
481.79613
480.58365
481.40836
483.1864
518.90266
518.84546
481.99213
481.76444
521.72717
481.35186
481.58356
481.63267
520.30305
482.49161
518.6623
520.27806
481.66498
482.07767
520.10879
481.88852
483.70012
482.47095
476.12562
481.55536
519.8591
482.14199
490.91168
522.2325
519.78233
482.14869
481.99967
520.28609
478.89438
481.14752
480.89601
483.37125
519.83402
519.84311
481.02149
482.00908
518.89425
518.55551
482.30363
484.25229
519.41147
520.13678
482.07247
482.09789
520.27578
482.32792
482.48182
519.01115
481.84454
520.25869
520.12419
477.45098
520.2316
481.18215
481.24714
520.21898
482.11836
520.08733
520.23185
482.11202
482.57456
520.19603
483.15927
518.52365
482.71841
519.87382
482.56614
482.58576
520.02204
519.65268
520.24107
482.19114
483.48442
518.82433
488.73786
521.70114
519.28465
483.14981
520.14375
481.45614
482.93829
481.66539
482.00439
519.33769
481.66217
520.23653
519.13217
474.83098
481.79368
506.97935
482.90649
519.16232
520.3142
483.53435
482.05073
489.11913
520.61232
481.33332
479.88225
483.9022
479.0106
519.39458
482.69608
480.58328
483.93531
517.90344
479.99977
480.30599
482.6481
475.47607
442.42232
479.33618
518.69978
481.04415
520.24129
488.37836
482.48593
481.78232
481.22348
482.05867
518.82168
482.2449
481.59162
482.03547
518.88693
482.99414
480.89896
521.3357
482.56712
481.55709
520.18354
481.473
481.95019
521.21911
481.53067
518.75058
519.03132
519.84403
520.15541
480.42015
518.98406
482.21685
521.47127
482.48873
482.34543
482.44173
482.96445
482.55752
519.37809
481.16495
480.34716
483.6666
482.28614
482.22611
483.43439
520.64851
482.03832
518.70814
520.22977
478.27553
518.63197
520.1737
480.86008
519.8368
523.16485
482.46026
520.27109
519.78484
481.40077
481.29432
481.74007
481.07661
518.7183
518.93799
518.24839
520.23722
518.91711
480.96202
480.74046
522.28343
505.27368
482.4438
520.41776
483.07858
481.37092
479.53758
520.47029
482.65616
481.42901
482.729
480.95134
516.56546
456.09186
520.31894
482.8922
520.26791
480.64123
520.3142
480.92607
518.63993
505.73108
482.4621
457.73125
479.85298
482.40489
521.57781
482.62405
480.55655
480.73317
481.3193
481.38763
484.11905
478.0663
520.3109
520.22501
518.99787
483.82074
481.48869
520.27075
520.19407
520.27582
481.91792
482.25463
519.28933
520.8998
480.18231
482.39358
520.26243
481.53084
484.52382
482.61298
520.26564
520.17398
482.6452
481.17187
482.09396
520.26987
480.84341
481.30686
521.15923
482.19611
482.33997
480.90912
482.62716
482.41247
481.64659
482.09602
482.41592
481.56368
520.33965
518.56456
482.22337
521.45843
519.536
521.30802
482.93427
452.46449
480.82982
481.4294
481.30237
525.5426
481.54923
481.64962
481.71388
482.67301
457.70176
455.19177
483.92869
481.46725
521.61836
522.90898
505.37996
482.43711
518.97972
519.28539
522.06243
481.91351
521.50465
479.71318
482.4541
517.50057
520.32056
479.77571
457.31104
483.25617
481.77816
519.95321
520.35133
483.58831
509.94728
457.41919
482.64021
520.30156
517.28476
522.20668
520.89702
481.82999
519.09948
481.88547
482.56283
481.74839
520.4162
479.73376
480.94544
456.39288
482.04884
484.11894
482.32375
482.22218
481.724
520.20875
481.3177
481.98245
483.98
482.09732
519.48678
481.71858
481.67254
455.75917
522.0927
480.56549
481.77242
480.80892
481.91991
481.78843
481.2968
482.33442
481.59715
518.68183
520.85781
482.32276
482.69818
518.49653
481.64537
480.82991
481.99841
520.05847
481.05139
520.26979
484.17449
481.7257
481.60277
491.75704
454.00892
481.85812
477.93799
481.36438
481.89585
520.4242
481.65605
481.56584
521.26326
481.57056
481.086
458.53021
517.29559
517.2487
520.98135
506.29667
482.00129
476.15975
486.30846
480.43431
520.17887
520.45262
479.41103
520.63861
481.82018
481.8019
519.4037
481.51143
481.47931
458.04073
518.26837
481.23448
520.15543
454.13882
482.6484
479.1647
509.72787
505.86065
480.65161
481.2275
519.91267
481.82276
479.81664
482.56486
457.7779
517.31427
454.67014
483.6169
481.94043
483.89359
524.11778
481.44258
481.20457
519.21308
480.26292
519.28093
516.53937
521.00337
520.3132
481.93487
483.1061
520.91523
481.05017
520.48753
482.32938
481.26011
482.30747
518.20468
521.37187
519.50321
520.57538
520.26652
485.75568
481.89713
476.63426
481.59884
483.07656
520.7088
479.50501
481.8042
481.4907
481.14255
481.36511
481.4501
479.70415
519.49983
520.09352
520.80987
481.95598
520.91373
520.28395
521.84273
481.42753
481.08057
482.3813
481.21494
520.26494
520.33618
520.31391
480.92761
482.38272
482.5065
481.46168
482.49572
520.21969
480.74479
520.36873
482.38833
484.33712
480.89237
482.78259
481.80508
482.02453
457.54803
455.91263
455.04524
479.31528
522.02676
456.61973
524.57656
481.96749
520.47209
518.44379
486.50825
484.96966
478.366
456.58934
483.77255
520.38769
520.42412
481.11176
481.5119
478.69152
479.8226
481.59587
517.25183
519.26455
480.5551
518.63214
481.16216
519.68958
519.85686
521.22134
518.98529
519.52342
520.90546
481.67409
481.84594
482.18911
479.64065
520.35987
524.72342
486.57028
520.69738
521.95766
481.14422
520.48657
480.95893
482.58818
482.7017
520.37413
481.23932
482.00538
519.11537
481.1495
481.25028
521.86713
482.33968
482.70612
481.34662
519.75722
481.37247
481.73041
484.49449
483.29079
480.82264
483.59792
519.12687
517.28388
522.27596
520.28383
520.26091
516.56583
483.65849
519.67305
482.10305
481.26097
481.12249
482.39279
482.60398
490.07719
481.76096
521.28226
480.75377
519.73149
518.3056
481.17578
520.30002
487.04121
518.59802
520.24168
480.98096
481.20115
481.12265
502.22159
482.83244
481.25071
483.90382
482.57234
481.58295
520.30167
519.97207
480.66765
519.29154
499.46309
507.15493
480.91705
482.64687
480.92586
482.36492
519.86059
481.53365
481.15101
482.95673
520.28919
519.54528
520.22909
518.85767
483.06284
519.85532
520.53105
482.39721
483.02772
520.26737
520.3373
480.95257
482.66278
480.74598
480.02725
481.39592
520.05691
520.23008
520.16089
483.12309
480.82687
481.12274
482.42834
481.90157
519.89189
483.2279
481.10241
520.03189
480.68259
482.58607
480.90924
480.80773
483.53265
482.93845
519.86968
521.56278
519.88624
480.99623
520.10543
520.86157
477.69398
482.78439
477.47528
477.6698
520.27542
480.55657
483.00421
480.83093
480.64924
482.94696
520.33353
519.07422
520.37304
480.59931
519.34258
519.55547
483.26208
518.94501
480.15387
483.38411
483.45404
483.61438
480.407
480.27334
483.59843
521.45995
518.91441
521.26341
480.26025
484.06513
481.28319
482.56221
518.93739
481.44627
482.98872
483.63078
522.03957
490.14009
518.98951
482.28341
482.04425
518.91348
480.55193
518.30379
521.39345
519.29618
481.62054
520.10716
504.89691
480.97601
518.80376
481.09191
521.41664
483.72214
482.95445
487.05761
481.39995
480.7039
482.30036
481.1231
480.35737
519.10066
481.64079
482.88453
481.51359
519.65448
482.13662
519.26806
481.65429
481.54825
521.55464
518.78584
481.47208
480.76664
520.29364
483.07375
480.72753
518.95571
482.32276
481.92861
483.81373
483.32618
482.69382
480.92284
481.11864
481.66629
519.79187
521.05795
520.7544
518.89022
519.05568
483.55842
520.01884
481.92617
483.41383
518.10296
482.91419
521.53324
480.53355
482.59288
480.84795
520.33612
488.71402
480.4727
483.12046
477.96006
520.18486
482.53501
482.21082
521.9647
518.65449
481.73698
482.22182
482.48538
521.17417
481.5936
520.37253
480.66897
482.15871
485.89422
481.97576
482.48314
520.97475
518.87474
518.66324
481.96862
520.6644
521.31922
480.96965
521.31468
480.8873
520.41556
480.77602
482.54942
456.02636
519.30307
521.61411
483.09772
454.08109
482.77204
453.54161
481.44299
523.57827
515.76591
482.13119
519.30245
523.56506
457.58737
482.68374
480.98272
483.66177
480.85684
489.60849
482.6089
520.35824
483.10701
520.37184
480.1296
482.80068
520.2754
482.4492
477.42995
482.26918
519.98214
521.4428
488.71858
519.001
482.82079
481.08559
520.24977
519.92026
480.5058
482.73936
483.45978
483.6881
482.88406
520.28275
518.09035
480.9341
518.68006
481.05792
521.41936
481.09193
480.60621
481.10208
480.92915
481.05215
516.69805
519.04029
482.66696
482.04181
483.05044
480.81842
481.63223
482.85446
518.50378
520.30075
480.75121
482.82174
480.40658
483.6947
523.29854
484.028
516.4364
482.63536
522.50833
520.01542
482.12423
481.34085
483.55454
507.02641
521.925
516.84668
454.66365
519.91319
525.91135
481.09614
509.84845
478.40484
520.08118
518.29394
518.4385
520.30534
516.90112
486.98946
520.26008
509.86064
524.75347
481.75017
519.39602
453.33518
516.86036
519.91341
521.51445
480.94514
519.83113
479.79663
482.29497
510.0692
519.34026
482.48738
482.04865
504.80247
479.29925
477.19913
484.58664
519.12485
483.37295
521.36479
480.96917
509.89759
526.74141
481.26174
521.36838
522.03707
480.54463
481.82866
482.60368
479.79204
481.19393
480.42591
520.19038
484.4629
482.78405
519.17583
483.472
480.42738
480.78004
482.16736
481.7579
521.57946
522.13529
477.48732
480.34563
521.28333
482.97569
480.84437
477.13951
521.33067
483.01019
482.11726
481.77499
482.33829
481.63907
520.26005
481.6115
481.44218
483.85343
520.83343
482.52966
486.44855
480.06729
520.6693
520.16724
519.06214
482.69147
482.68891
481.05176
480.78309
482.52051
483.02965
482.65973
520.19905
482.93488
480.97283
481.46527
480.9505
521.4618
480.72695
480.95489
520.10341
480.69848
480.70315
482.98156
480.22349
518.67453
520.31883
520.32745
518.36139
482.72892
520.20367
480.81763
482.80692
483.54925
483.7744
480.24877
481.96074
483.38078
483.37933
480.46749
520.28572
520.13114
480.46327
519.98155
483.40086
521.98171
503.76874
483.89233
483.09571
520.24992
478.51664
482.9662
483.14905
519.93955
519.97416
482.53766
483.07098
482.52149
519.88019
483.7794
519.99666
480.77546
480.08645
507.99816
481.01219
482.91996
480.93852
482.87402
481.66332
519.83428
482.40126
482.41822
520.12865
480.69302
520.09346
480.7932
481.78823
481.24587
520.65118
482.65863
475.80767
520.05674
480.31921
480.39968
482.3598
522.24013
483.13603
521.18226
518.62345
526.62622
483.01294
480.40835
519.95617
481.10882
521.34967
521.62172
521.54462
481.55494
480.7792
482.33243
481.58419
481.60097
520.19907
519.81258
482.35149
521.17603
517.15312
481.95048
481.1201
481.05138
481.85691
521.66756
480.90444
483.33264
520.83591
520.25887
519.57919
479.9827
485.67644
480.24052
518.88104
480.0224
505.25067
519.18976
521.41363
457.46425
480.40829
518.39845
482.78387
516.68903
481.62501
481.58804
519.5101
488.3299
473.61635
485.19852
524.21514
483.75205
522.02335
481.29603
518.92096
481.4093
480.83088
481.76866
518.95859
510.93432
481.63756
520.58816
520.02056
483.2296
481.19653
523.10353
487.88175
479.62256
482.9942
520.10281
481.40186
481.27202
520.12757
486.47457
518.2891
483.03971
482.94933
481.64707
521.12226
477.34648
520.83209
481.87787
475.98384
480.33499
520.12793
518.75892
520.23195
480.80382
482.40324
523.14282
521.34936
479.77778
505.8164
504.87982
483.47798
521.21292
482.20822
482.70081
481.26632
512.54772
481.19199
508.46887
510.70811
520.5292
482.77939
519.91083
520.73447
520.04668
454.48294
485.87732
455.53753
482.00552
519.70919
510.22309
481.50494
522.23844
519.88383
479.55703
505.98293
521.70901
482.7366
518.56009
480.78431
481.69109
482.02679
481.39449
520.64126
487.60489
520.39284
479.79951
518.50509
482.2613
481.30427
481.67691
486.84764
521.49771
478.44612
479.95338
475.86939
480.02427
480.55655
505.33903
481.45975
524.342
481.59131
481.99082
505.5774
481.71545
480.968
481.21618
474.4261
520.51684
480.68989
479.27773
482.69807
521.66474
521.76338
510.10992
524.74692
520.1833
504.73368
481.10819
482.45862
519.98249
481.24539
483.41121
529.26879
481.75894
480.97339
521.34126
483.01669
519.3006
482.51643
477.53169
521.52315
521.37766
481.37302
480.84032
521.35707
521.23509
484.34127
524.42472
477.19327
510.10285
482.18375
481.54398
482.71814
480.42092
515.57001
518.77673
482.09487
459.23963
478.14066
520.43077
518.69663
516.00344
480.77279
482.40687
483.64027
480.766
482.46968
481.83614
483.04298
520.21132
524.21012
520.72801
482.83381
480.73367
508.0011
481.56764
483.5034
519.27697
480.87883
519.44426
481.91238
481.62285
481.19366
483.77819
519.93221
481.86597
520.86094
487.13687
480.07806
518.29131
481.51425
479.99759
519.05805
483.12009
516.91328
479.33453
479.44231
481.83908
477.82143
483.69154
503.72848
505.09474
484.82521
517.47994
482.40848
481.32107
520.99385
482.63101
521.72433
482.15578
515.07532
481.07275
482.66975
517.70967
482.3925
484.1898
482.24061
518.16537
486.28637
519.83644
521.54611
481.77639
516.96103
482.45699
480.13603
522.51808
512.04187
480.11455
481.43924
480.77156
482.34699
477.85745
521.12588
490.29606
478.38307
480.69236
505.84594
479.93565
518.22705
482.7635
521.03716
478.73924
521.61508
482.09565
521.72228
521.24246
481.98127
518.50101
509.88228
519.67447
521.59043
490.65671
480.22632
481.73805
519.47084
521.5634
483.51327
479.55763
483.25574
520.96952
479.17548
481.40123
519.07594
481.47792
521.73263
521.28992
478.58907
520.32223
480.42414
479.4578
476.25402
518.97671
481.60433
480.93
519.03703
522.7334
481.14995
482.1359
520.19055
483.29217
521.52358
519.9751
481.35255
481.27683
480.02903
523.73715
504.77145
482.37368
525.22506
521.18241
482.23397
479.6624
482.39467
478.27539
481.79819
483.80611
480.64424
481.59554
520.18168
482.05872
482.98377
478.90662
508.00075
480.38805
519.82627
523.73044
486.63388
519.866
521.30988
480.05655
479.46502
521.32146
482.23521
520.38656
519.45802
518.72582
481.159
517.14108
520.0197
520.29339
485.87548
481.53905
479.78126
520.17874
522.77958
520.1759
479.65846
485.10617
520.03251
521.47836
478.66232
523.35098
520.05356
481.78149
481.88721
519.46078
521.99892
503.61325
480.56231
480.67252
520.10616
521.02111
518.85738
482.45266
519.5812
480.91043
519.07357
521.80784
480.01216
480.80301
521.05113
480.92812
521.38062
481.82654
481.4946
481.27404
521.10877
482.00169
482.7388
525.96126
482.329
481.34182
451.85716
480.97472
520.19878
481.26681
474.68092
519.94529
476.08503
488.5815
481.26688
518.23699
480.68834
483.16212
519.11646
520.93583
481.60598
521.67238
478.15934
482.34485
522.09428
520.87691
481.06923
518.53074
484.46177
482.1326
481.61694
518.80029
489.38554
521.33271
519.22735
482.35473
477.28602
518.91378
479.65048
480.99617
489.38932
483.6983
480.51323
521.38416
477.48216
482.33046
480.84181
480.10951
479.20469
480.21748
481.05998
483.52584
481.872
488.07853
520.4551
488.3631
521.5054
482.75355
481.17665
481.87923
477.68336
521.21608
520.00865
482.33219
482.27832
519.20623
479.39629
521.68661
481.69538
481.67783
521.49478
519.05375
482.91268
479.07041
482.45058
520.97822
519.29036
482.52667
482.38838
481.10266
482.5433
481.23988
520.04617
518.98058
521.36902
481.4248
482.50074
481.93093
481.0412
481.77649
481.39099
521.55142
520.89533
503.54425
480.23953
479.35458
477.42465
480.4563
520.7985
482.38145
480.78225
483.94413
483.65621
482.0538
479.54506
479.75794
481.22048
481.55918
521.57399
481.6877
480.04781
480.11585
521.46163
479.94139
480.70927
519.42572
479.23446
480.41789
522.44505
486.61377
522.07941
478.05155
521.35277
521.9294
478.315
483.01857
481.44368
519.03269
521.21589
477.35699
521.48883
520.77048
482.34645
479.76568
483.37841
521.4362
482.69869
481.17143
482.50404
483.42561
518.69364
522.22612
482.31277
520.26276
482.94145
479.08808
520.97752
518.41632
518.98954
521.44012
476.56424
520.85082
475.45219
482.68497
481.27699
481.09797
482.92349
482.21137
521.93168
481.60151
519.54797
508.45151
520.85934
482.03165
520.52932
520.78375
480.11234
522.02291
478.49881
481.26398
479.2501
482.44253
480.91643
483.2861
482.70554
521.91547
481.453
482.16313
482.39591
520.17092
492.02444
482.17127
480.02437
491.54304
482.41035
480.81785
477.32284
483.82387
482.80378
482.11299
522.81561
481.38691
481.72723
490.95085
481.92525
481.85933
485.06887
525.04951
480.83164
485.59192
520.52801
477.90464
477.82984
482.66668
481.60314
521.04172
520.82543
481.54758
474.61555
519.71809
483.43553
481.83752
522.4184
518.75793
518.33117
519.45
519.04706
520.62005
508.4412
519.5654
479.14349
480.93788
482.27773
480.20907
519.63687
504.8451
519.73135
516.83745
475.52775
482.5229
521.03317
482.09742
522.20717
518.07094
484.29008
517.20225
505.00133
480.83836
457.9763
518.86281
522.36131
515.47238
481.66298
450.86362
455.45067
452.69412
454.15141
520.63592
481.81378
521.337
522.44316
482.52261
509.85377
481.04652
482.0965
481.65156
520.6
480.65215
483.03323
480.9598
521.15142
481.22097
519.17277
520.76003
482.97193
518.59948
483.92463
480.04822
519.96999
482.24426
483.4873
522.38166
481.72359
521.50764
481.35451
485.7135
483.77933
521.1577
487.28657
483.09524
519.37629
480.18925
484.09082
481.68857
521.68909
475.43979
484.23088
483.46363
481.65532
488.9716
490.0396
480.90707
520.85832
482.4232
527.74867
481.11147
522.86408
521.93305
480.20138
517.74235
483.80737
483.26371
482.26672
477.04911
517.21898
481.85992
482.92447
480.81811
484.30239
481.53665
477.62344
488.16112
483.31309
523.27157
483.24504
521.91473
483.04032
481.13517
482.85157
482.64903
505.18739
479.7312
481.27605
478.39449
521.09422
481.65065
483.64691
482.81051
480.85504
471.67429
482.89002
482.2364
480.26535
519.86107
519.0829
521.49617
521.67084
480.4648
481.18277
521.42904
481.45933
519.00305
481.1231
481.22709
517.77994
482.25385
483.69429
481.42074
519.65821
520.81446
520.052
521.55843
519.88831
481.11631
521.19584
517.65938
518.7323
518.97581
483.99538
517.35295
520.63192
481.34806
483.1271
520.58937
480.99896
519.26889
521.0321
477.57419
482.70804
521.69093
479.1197
483.694
466.51509
523.43716
519.03892
476.80369
519.72161
519.03103
480.39756
482.72904
519.53504
481.95379
476.48778
520.65058
483.5791
483.77656
518.12379
474.91285
521.32611
519.97641
481.10006
479.89791
480.75824
481.16587
521.40766
520.86216
483.18219
481.40997
481.56141
490.55286
446.55763
480.79858
488.20828
483.98763
491.03593
521.11516
478.28857
519.19621
521.52445
482.66914
521.99337
480.47257
481.29955
480.33078
519.77866
482.65102
520.72921
478.4079
517.70029
479.84432
520.76608
520.95647
481.5268
476.43519
480.52575
521.12303
521.0379
482.80143
482.13975
489.97123
520.85436
482.41481
481.03426
519.6484
481.34582
521.55048
521.63285
520.05884
478.32789
480.72774
479.82589
482.86734
481.31823
483.80272
520.02054
480.86891
521.61697
521.91735
518.34834
521.35538
518.79147
477.43939
478.32091
481.8952
523.09008
486.1692
521.96325
520.08648
522.7788
521.86626
520.03215
477.7944
478.72471
483.07786
524.91777
483.89889
523.4688
477.4681
483.84585
479.16631
521.81706
521.32967
481.7004
478.73022
481.98054
482.05386
481.00856
481.76416
482.56808
518.64968
481.93444
522.3561
519.98188
483.18628
483.28694
520.01937
482.36776
486.39395
480.50841
480.80973
480.08106
481.55735
518.77017
482.18446
484.41295
483.48571
519.30503
480.96079
520.87391
519.60797
481.78599
519.56643
518.97489
480.20628
482.06225
521.68214
519.90627
519.76148
519.00075
521.23624
481.69876
520.86766
482.26354
519.17598
521.32516
518.95295
479.42138
482.58234
520.76377
479.90858
481.9089
482.72055
487.20651
486.35688
481.35713
481.76
481.8024
481.22086
481.62113
480.77912
518.82054
478.54722
481.29482
480.67267
480.88859
482.79781
519.3917
481.40097
481.27086
483.10595
519.59283
519.2171
481.96479
519.89697
481.39554
489.9923
519.30819
483.0183
519.33919
521.46687
481.15056
481.23501
521.4992
521.37485
483.61826
521.46436
518.90201
517.67525
480.94761
475.89952
483.36973
439.17996
482.06435
521.24336
521.27489
481.26523
481.48849
519.34876
521.23127
480.83105
426.09753
439.90001
480.3104
483.52688
483.27792
480.10094
485.47683
450.65781
485.06283
480.80693
514.21113
519.86784
483.04977
488.76505
482.72608
486.55847
481.24573
481.60176
480.71624
483.07662
483.03687
519.80001
481.05103
438.52594
475.77272
506.48063
519.80109
437.53307
518.94492
519.3836
483.23417
449.42191
481.0093
480.54027
482.72588
482.69587
476.80593
483.21102
519.97028
484.01004
480.60445
479.45198
481.42583
519.80749
483.55222
478.19161
519.97576
478.47244
480.91699
488.44203
483.39805
519.12868
481.63907
483.32992
530.43607
518.26795
523.0147
519.83863
483.35849
481.03836
518.05789
507.1694
520.85614
480.46085
522.21499
433.97125
480.90377
518.97227
480.40893
480.93848
481.29718
483.43519
482.60147
518.93699
477.83316
520.27749
522.13932
481.48513
480.56637
518.17005
480.0111
481.43899
522.2029
482.77669
480.40789
518.80596
483.2565
482.66402
518.96117
521.31414
481.61052
477.7601
480.95732
518.42617
481.79973
481.40567
481.49395
480.21742
518.82021
518.00379
518.15831
477.71092
483.18033
518.47593
480.16189
483.67754
483.21646
481.18457
505.05869
479.41343
481.65787
520.38492
481.52016
481.57578
481.97053
519.38243
520.16471
521.67051
482.84113
482.59262
483.42774
520.08834
481.89843
488.45997
482.65902
481.96218
518.42343
480.68977
482.55609
525.23637
520.22055
481.4828
485.33373
479.73772
482.22491
521.76581
486.80546
480.95306
482.30224
479.12989
520.03933
481.83894
482.70925
480.08624
520.71816
481.44127
521.50284
482.87691
482.75386
520.44487
483.25778
520.58717
521.30348
478.95967
484.05298
481.78812
520.57146
481.88676
483.93834
480.06475
520.2555
482.48219
482.76959
521.54161
523.67285
483.62912
482.68365
482.7049
520.52366
477.90807
520.85682
521.20976
479.67164
483.4385
481.78152
518.84081
520.3204
520.25973
480.95486
481.81962
477.83374
481.12085
518.61252
437.00105
481.92434
481.51058
520.16872
477.62782
480.94932
479.83592
481.57797
484.10197
522.78725
520.41072
480.20993
434.01094
520.04908
519.61153
482.29858
518.99611
520.01922
520.25312
481.6563
444.68956
449.6364
520.30177
429.28906
482.24978
520.46461
517.99355
479.60753
481.67226
489.42197
431.51639
521.27417
480.63282
523.91404
520.96111
520.08968
482.25551
482.38048
521.15886
517.14157
481.08506
524.92967
482.70553
520.8729
481.0517
480.63796
520.96859
480.49836
483.01169
519.97728
521.35597
483.90252
480.05589
480.41037
519.8762
480.28586
520.07385
521.19696
481.93976
481.96771
482.15991
519.66866
519.17734
481.38872
480.70797
520.60862
520.59732
480.97965
477.81462
481.70936
482.71509
508.00129
478.96705
482.23796
482.57327
520.85635
435.32798
440.40086
520.55271
520.37974
480.63318
518.92677
520.13289
479.56008
487.32327
487.36813
481.36149
520.00057
483.1936
519.97103
451.8086
520.11945
483.56268
519.99385
507.11871
501.37614
482.25179
489.10317
481.33606
520.70217
482.90496
481.57234
438.13635
519.94144
480.30101
519.92491
519.93529
476.14678
488.89264
525.71074
490.16402
483.96788
519.86031
519.93353
483.7971
480.20709
483.05859
480.30124
481.43921
480.31881
481.36659
481.58675
480.0672
520.19679
521.05805
480.50982
480.4712
521.2884
481.90478
483.85254
481.27979
480.64516
480.46177
521.2224
520.94821
481.74317
519.93275
480.81511
520.76034
521.92188
481.30726
521.16269
482.84742
481.87734
519.60498
521.15982
482.35708
482.92349
520.98152
482.77714
477.8065
479.80455
520.5616
481.9337
519.91055
521.50684
522.22539
483.04482
483.10366
480.63011
480.87698
483.29227
519.86973
520.96593
483.1136
478.31172
480.6062
482.07766
480.8674
482.20738
480.48031
479.35161
481.03136
524.50343
482.11848
520.02563
479.74273
477.85992
478.08261
475.6064
480.16139
480.33273
480.7895
479.47108
480.38817
483.77132
521.76714
482.44691
519.87926
483.49854
480.7487
519.88739
519.94564
478.33653
480.2142
482.22965
519.94145
479.76434
480.59726
478.13918
522.7968
517.4823
507.99853
481.80371
521.68261
478.1492
476.76547
524.15848
519.43671
480.49896
486.47131
524.18325
483.87002
481.63927
521.64398
519.7749
482.1477
480.61491
520.93517
478.83552
522.00711
480.96005
479.38355
483.91678
483.00168
520.95745
479.83663
520.49097
525.93105
479.22832
519.97207
481.13364
521.01105
483.87027
520.8835
497.83714
480.83017
488.72171
519.87927
474.38882
480.24618
480.24159
483.60563
481.97887
483.21256
520.05101
479.88775
480.51433
481.04892
482.59144
522.04882
484.26465
480.56442
480.48059
483.90062
480.14612
519.81136
483.45046
480.78149
519.93921
520.69412
520.78566
519.84448
480.26063
491.50945
478.04241
519.93566
481.36592
478.60052
479.8373
500.52416
479.6538
519.79217
437.34863
434.81192
484.00726
505.22298
482.01061
436.17304
476.57358
521.40703
519.61673
436.16572
480.06664
519.91106
519.54258
481.16347
481.88241
478.85906
481.77035
520.61808
481.29299
478.18521
479.76255
491.26057
452.88665
479.11734
486.37433
481.14157
480.84997
481.31249
519.93751
484.11178
478.87804
521.15563
481.10452
479.90652
483.84202
481.81862
509.85439
483.39071
482.0493
491.9115
521.06845
520.90982
509.74943
482.64409
482.35269
477.9337
485.09733
518.04941
478.58094
517.34461
482.08568
478.53471
482.24244
507.02952
507.40027
500.30753
480.32396
481.80807
520.84673
478.98964
479.9909
480.78336
519.95105
481.92034
483.85862
478.07359
480.39645
482.36811
483.97468
519.36485
480.69891
519.90144
480.52457
519.97143
519.35793
483.59713
519.33886
481.94804
521.25408
519.36981
480.15064
519.95524
478.63268
479.92999
521.33232
480.1694
519.18759
477.87899
484.21541
482.38043
481.99554
519.28304
481.64721
475.94494
482.16222
520.60078
480.64375
520.7225
516.08831
483.68499
483.86587
520.15798
481.33412
479.88429
507.08914
485.10725
434.23763
519.69759
520.16668
480.15445
521.48986
519.80204
466.81498
501.84271
452.99242
432.64693
438.24564
477.0104
476.94416
474.31658
520.84168
521.65584
473.29292
487.16188
483.59052
428.53532
487.04549
486.90299
483.67203
490.24652
483.08209
520.57139
483.01421
522.83957
450.68393
481.89383
457.88863
464.74912
483.67445
481.28675
478.93084
480.62293
439.57356
480.33674
484.14501
519.29605
519.02031
497.91625
519.95197
519.53588
452.58202
478.48045
477.8283
483.39056
483.66801
521.00778
519.44832
519.81546
480.45624
480.69968
519.96838
521.35292
483.12084
481.74023
480.21674
519.39825
520.69674
521.1776
481.09496
483.52271
519.98646
480.27238
519.87423
523.25879
490.84662
480.27839
483.33884
522.23375
519.90687
483.83614
480.57063
480.19774
516.56223
477.69139
479.35129
519.27478
482.53323
519.08584
520.85642
526.11294
481.38633
483.80483
482.37642
523.82811
480.40583
522.89756
507.00325
519.94497
482.53079
518.65918
483.00643
481.31953
518.37444
481.73067
483.40544
519.97414
478.32254
478.00004
480.17508
517.36343
522.18515
520.75425
527.24561
482.15399
480.32612
480.27336
504.46973
488.84139
480.96087
527.05589
481.39922
483.12285
481.77202
521.20627
481.23173
480.58959
477.80592
483.74399
521.1002
477.84376
483.82433
480.56569
481.97287
480.45544
483.31423
519.87628
479.77352
480.34534
519.9805
519.35384
483.7266
519.90563
480.1886
483.67185
519.96542
480.58753
519.72109
481.7598
483.10618
520.59592
519.92891
481.21512
518.37942
491.37685
483.67727
483.86205
480.62777
480.46413
480.4869
480.62959
520.00246
520.09526
480.35853
480.8921
484.72988
519.87673
519.86753
481.88666
519.43721
483.69411
519.95811
483.75573
479.96833
521.11432
477.83072
520.04992
479.99223
483.62777
480.20498
519.99999
483.27663
519.91957
483.5823
480.54083
519.83449
480.41754
519.44112
519.94576
478.65676
483.63993
483.69397
519.9979
480.05838
483.80443
479.53797
483.59577
470.9863
521.25936
480.26572
482.02041
480.26991
480.41117
481.99842
519.96145
482.33327
480.2738
481.68921
483.61806
480.52548
519.5069
519.93443
521.7357
521.12851
480.05195
479.76777
520.87097
483.62093
481.71165
480.49142
484.11479
520.99966
484.6094
519.89813
480.95803
519.89861
478.7216
505.76323
505.73309
448.70587
442.9111
479.81128
506.26881
454.82157
506.21085
506.84972
432.61733
483.45694
520.9517
437.60845
437.43494
481.3871
519.76052
479.58494
498.50932
519.72727
517.28313
439.8668
479.9985
488.20369
483.50747
507.06362
479.6196
482.77573
482.46692
452.96138
437.52437
482.66909
520.71555
482.31208
519.80841
520.74902
479.88139
482.92531
483.89731
482.54655
483.86415
481.55733
437.596
480.37263
483.14925
520.04205
478.05225
519.88837
519.89637
480.53494
480.51304
482.04267
483.32058
483.02185
480.54673
519.63084
432.75004
480.52834
481.3866
519.9813
519.87501
479.4464
520.60272
449.31626
479.55014
438.51247
481.54644
520.04107
519.80411
518.98699
519.91479
500.49981
482.45272
519.84449
519.90695
519.45083
483.55449
520.05708
481.45193
519.97702
481.51656
481.68892
519.99845
483.71999
483.49523
480.76574
480.47141
478.8874
480.18146
519.87393
484.08199
480.54248
519.88718
483.59769
483.66521
483.71224
480.13949
480.45188
483.47105
520.09679
481.2574
483.63852
481.37624
483.75357
519.95104
480.42386
480.28656
483.49979
483.72982
481.53335
484.00084
480.1197
483.73007
519.98673
519.87786
480.70125
483.83938
483.34914
519.84819
519.87669
480.24308
481.02271
480.43681
480.30469
519.86776
477.78872
483.47795
483.87046
483.66267
480.35776
483.24615
483.42846
519.82943
519.85727
520.93337
483.07405
519.94004
483.42042
480.46874
483.27767
480.70972
483.63712
519.93141
486.77575
482.79043
477.84016
519.18753
520.02861
519.92942
477.63223
518.71618
480.36537
520.42338
483.35786
481.58131
519.86193
519.89752
483.1457
480.98282
482.90556
481.22059
434.44236
519.89121
519.90143
490.15928
480.27615
480.81824
480.99873
519.82344
481.10781
480.68949
482.44829
519.87913
519.85367
480.67899
519.91776
480.69783
480.7961
483.1944
519.81364
481.00983
491.22713
519.90841
480.20278
483.09193
480.7065
480.64769
482.54403
480.60518
480.87803
483.9008
480.53533
483.14191
483.73521
483.19987
519.91563
480.18771
519.80625
519.88391
481.20758
519.87255
519.98688
483.04965
490.21319
483.26449
483.35916
519.7814
481.51724
521.24005
521.5975
482.80962
481.57206
482.40047
479.56052
520.30071
478.14608
519.38416
520.24337
453.64191
483.25704
507.06274
519.51021
449.60607
520.00647
504.57691
481.29853
480.06954
481.12326
519.84031
506.09489
519.03043
481.15042
519.85172
479.31192
519.8498
519.85836
520.51986
481.2752
484.19047
483.18456
519.56686
483.21951
519.58189
519.91249
481.27975
520.10841
483.2865
482.49472
480.99808
483.19176
520.60472
480.31755
453.54481
506.09475
479.60288
481.90909
480.64829
520.41722
481.75435
519.06698
507.07187
519.35022
500.6155
481.24489
522.09208
481.25758
519.95388
478.1867
519.91809
484.25791
480.74825
480.61421
519.68517
519.9324
480.78061
481.53764
519.1096
483.4435
482.09187
480.60375
477.68245
518.7316
483.20671
484.16146
488.49274
481.38522
457.14949
519.20467
519.60132
481.12104
518.98981
483.12712
477.18788
483.22753
481.00507
483.32452
477.81837
519.05573
483.98896
481.33775
519.02161
482.5629
519.86481
519.85385
519.95438
482.53959
481.03656
488.90564
481.19992
519.74312
482.38842
482.71271
519.39732
477.31296
481.85898
481.19635
519.91317
469.81718
491.80623
520.59765
482.20398
462.5119
479.62905
482.50225
481.43108
479.42765
482.5314
485.51899
523.88591
519.09852
482.24439
477.54759
483.03093
481.74648
519.91106
482.39395
523.31049
519.36088
480.81619
520.83233
521.28073
481.78554
480.90191
483.50043
487.08705
519.78555
478.68798
480.42051
519.86041
521.29156
519.16483
481.82631
481.34114
490.96642
518.86881
481.62596
484.72874
522.16467
481.38803
481.58039
482.73697
481.57123
519.53968
480.35052
519.63456
483.51259
481.69706
481.99166
519.81724
519.84612
521.75769
519.95796
520.76802
482.55903
521.18799
519.86712
453.60378
506.23495
483.39897
483.20159
483.13239
481.68891
481.03082
479.67345
520.55472
521.44274
481.51566
480.80161
481.53916
483.68431
479.55183
480.53362
480.91468
520.01054
483.3311
482.02782
519.3605
480.4343
520.19952
519.86268
483.36544
483.36116
483.43524
481.5198
482.73778
479.26265
485.32609
481.93814
519.98813
480.65316
522.14963
519.87022
480.40347
480.61068
519.92784
480.91367
482.87547
519.70339
519.85773
482.27355
474.60479
477.82972
519.69937
484.37463
483.78761
519.36033
482.75599
481.41539
521.4236
429.80124
481.59932
522.16577
480.89524
481.82249
438.88598
433.4847
482.61616
504.84418
481.33346
482.72686
448.24749
481.14129
486.9094
479.13851
520.14147
526.5131
484.14954
519.22439
483.22626
521.51418
521.37831
483.79935
519.8625
483.06801
519.63488
483.08765
482.93094
521.18607
521.15701
482.49293
481.65906
519.89652
483.53108
479.71188
482.3943
520.48527
505.30344
482.95278
453.54084
433.96066
481.54073
519.79099
481.09393
521.96313
507.67444
483.68595
482.01294
520.37702
483.96745
521.30346
480.6107
481.25549
482.33752
520.33977
481.91691
478.1362
482.36368
485.79594
521.14348
480.56102
519.92971
483.20537
482.34669
521.35719
479.71016
479.15406
481.49389
483.05163
483.08021
487.97321
481.47558
521.35688
486.98111
480.98753
478.76639
519.43442
507.99756
490.83993
438.89146
482.00694
449.40804
519.779
484.14509
482.5458
481.4997
519.76566
520.70401
480.79995
519.93375
506.23676
437.82023
484.44347
481.13377
483.62973
480.93931
521.58096
486.71647
520.94701
480.40355
481.58308
519.84794
519.68498
519.82142
521.27467
480.84312
488.9888
483.77906
482.95435
481.22293
481.60289
519.41604
518.64468
519.89045
521.12229
483.42143
484.04265
518.99602
477.13368
506.03812
485.75729
518.97575
484.02
525.77627
481.50421
481.13844
480.41337
480.98292
482.74477
480.70597
484.19717
480.36198
483.0507
517.28534
519.51734
482.96785
517.58535
477.47327
520.41992
476.96321
485.04554
481.78793
480.80861
481.68927
481.06917
482.83815
483.767
520.15915
481.20305
479.19291
479.19121
520.00564
518.94169
480.76917
483.06269
480.61619
479.01137
482.63282
515.2364
519.88199
482.05226
520.15633
486.05748
521.57281
480.57739
481.62201
522.09311
518.8408
520.33081
484.59499
482.08541
479.5232
519.85581
500.67231
482.10245
481.43027
505.47457
482.91337
516.94012
438.14234
430.73622
482.58453
520.78977
480.1838
481.59365
480.1157
479.82494
481.04776
483.72059
507.13789
488.53629
482.39664
482.49079
519.97516
519.04231
518.87334
519.7345
482.58318
480.50157
476.62064
483.21883
481.11606
477.24256
479.64324
481.41169
481.6097
481.83114
483.16091
521.87034
481.51175
482.42493
483.42389
520.28815
480.79581
481.49023
519.85215
520.3673
483.87413
479.97013
520.222
519.89279
519.21815
484.15938
517.9096
482.24062
519.05138
481.48852
481.08529
484.23824
518.43746
481.09519
481.96803
481.77515
483.88374
481.64299
479.17052
521.40905
477.35472
452.81903
481.58118
480.88247
518.65189
480.90107
483.49955
479.94318
481.50705
519.55761
518.53878
478.17474
483.93759
479.1893
449.55023
435.46047
482.61198
482.58314
481.64723
483.07993
521.23275
518.28716
524.96692
477.49573
478.64466
483.87195
519.30669
483.64992
524.00855
475.95885
481.15685
509.93613
480.94932
510.34626
480.63988
519.92607
488.00706
519.76037
482.45607
521.04393
519.92121
519.94313
483.28772
520.95997
519.94678
520.09569
520.75293
519.77788
482.94505
481.79539
484.07566
522.3222
520.57334
479.93066
482.80049
521.37774
505.65951
519.38789
520.06543
505.45281
479.81791
480.84578
479.70649
476.20343
500.24867
480.32484
479.9968
474.87361
478.99524
481.43383
477.66505
483.56026
486.89983
521.56414
488.37221
480.04538
482.32069
478.28201
518.28371
507.1582
519.9429
520.04369
482.96478
478.42996
477.06475
523.03127
487.049
520.1311
477.87561
521.31251
478.92749
519.31452
480.78237
480.56813
524.78353
523.20184
500.1593
519.59088
479.52088
503.93998
519.86351
481.62293
482.05954
479.05649
483.17918
483.31526
519.82775
505.4229
519.56473
487.57223
519.08322
523.34643
480.6857
482.2186
480.16586
479.57585
483.99703
482.70334
477.50226
482.37504
480.27928
519.46413
520.00785
519.79044
489.35814
483.65326
478.12301
520.26002
482.41122
482.03155
481.58848
477.23173
481.48026
521.24414
481.30135
482.11526
482.84507
481.89836
521.79425
479.34347
479.26632
482.04519
438.09474
505.02565
483.65631
522.30051
483.4592
520.70728
520.25036
518.87498
480.62292
482.31922
482.81564
482.71233
430.69881
495.80194
478.84474
482.58467
476.82303
483.66398
481.19847
482.24143
487.98337
482.79999
505.34075
518.78603
505.33544
482.43683
521.08655
505.60629
483.382
527.13132
483.21622
480.30882
479.23435
483.10082
481.25093
523.7883
481.13589
480.91488
520.01073
519.96923
520.90336
487.85062
480.66067
521.64842
519.26125
518.75248
519.10991
521.10085
482.81712
510.11541
520.79535
520.5356
477.75979
519.91325
521.15995
519.51432
518.14928
519.79311
483.09211
481.63228
481.14839
521.56772
480.77082
481.3725
480.50082
523.23735
481.01663
478.58846
519.92223
482.1926
519.76052
481.93623
520.15006
481.97754
484.17485
482.01646
520.3895
481.1278
442.66169
481.94767
520.99861
480.49936
486.92759
480.0031
519.22923
520.5411
479.19871
477.71142
505.3047
481.29597
520.84142
432.52029
484.40944
478.03896
477.50785
486.36418
519.93203
480.31926
519.13835
480.27315
520.9214
481.08552
521.50737
481.75963
506.339
481.62062
518.83881
483.04128
481.15076
480.22382
482.98301
480.19628
481.43643
521.70801
519.874
482.34401
481.64253
521.04707
519.83201
482.90737
482.79982
480.52674
479.34689
482.0552
519.29697
519.13364
481.81696
480.91654
519.89619
482.79053
519.49222
481.80668
505.43862
524.9923
481.81021
521.05941
521.9194
480.73175
480.58397
519.92175
482.73772
480.85926
520.33363
473.6921
519.87493
520.73586
518.46756
480.39931
518.96787
519.96894
478.09296
518.48556
522.93485
518.73432
505.65932
483.71881
473.00964
520.11158
519.8734
481.05521
483.1401
520.01529
455.6249
520.70538
521.79982
480.12648
480.37824
511.96527
508.17772
524.15367
480.96385
482.35395
517.89131
521.08476
478.55356
483.24513
520.14641
441.07787
519.97625
481.49542
480.61875
482.14312
518.86109
518.12635
478.98751
475.30378
519.72113
518.39013
520.96514
483.00817
519.24278
481.03557
479.47748
483.23208
519.83572
483.85123
518.82268
519.83862
519.52912
480.45083
521.78795
486.88082
482.57611
520.08724
481.0131
519.94213
483.33472
519.6301
484.46586
487.96836
481.75286
482.12662
477.85359
519.83975
483.48488
482.48787
479.53034
482.24129
482.30998
479.537
524.39051
481.09181
519.92758
481.73624
505.84782
521.08761
485.88435
486.7537
480.93134
479.99613
524.01098
481.39678
520.49195
488.59788
478.92778
519.9214
484.48333
519.94225
481.42316
481.0616
455.62751
518.87265
521.38867
481.54689
519.64293
480.6734
488.48103
519.86717
521.10303
480.10536
519.89065
474.6715
481.57159
520.91618
480.60333
519.03596
484.5877
521.18348
481.56406
519.97575
506.43736
481.64333
482.01872
519.92493
481.45214
482.09001
519.65348
482.45954
480.75864
479.96781
520.66502
479.84242
480.07785
482.6164
519.29819
485.53239
519.78409
506.90406
519.87181
480.48644
480.42953
520.1047
489.29538
474.77516
518.66992
519.56169
454.61442
480.88504
519.39049
483.72642
480.97281
519.81562
519.95384
483.30502
483.28158
519.31661
520.12097
482.44709
484.72238
516.63856
507.99872
480.43735
482.75281
483.61412
520.2037
481.53118
483.15601
480.72807
520.02548
480.22841
520.25602
483.84195
482.1402
480.63161
480.70735
520.01749
522.18122
519.06614
522.63042
519.82156
521.61144
481.4763
521.17149
522.95583
480.21826
522.8279
483.43132
517.64817
480.45456
480.48916
520.21479
487.70323
510.29401
518.88477
481.12207
520.31893
484.32754
479.27847
481.9034
519.77105
519.94818
481.19359
480.70265
523.28809
522.71438
482.34579
481.29707
520.10894
521.16647
440.10174
483.48639
428.5421
506.9836
481.92796
482.5704
520.06582
487.57124
482.5801
480.09623
521.6182
488.84203
483.11173
519.68029
482.94839
524.4779
520.40481
482.27781
519.96658
525.23895
483.44304
482.1949
481.69586
480.16017
483.22801
478.1748
521.02956
505.35456
480.19587
526.4885
480.14254
481.58669
481.328
482.72607
482.53406
480.54505
519.7023
482.34521
521.30208
482.55967
483.01225
482.87964
481.88273
481.70811
476.95274
480.43178
481.1973
521.232
483.31751
483.32069
480.10597
519.4793
521.81234
478.01193
505.87579
520.35371
483.18629
518.93254
481.31415
520.21357
520.41431
482.43692
478.92892
521.50742
481.41767
515.56619
517.93401
480.12275
485.74946
483.64078
480.33712
483.34279
483.5918
479.95531
484.08716
525.08839
477.57076
488.9635
482.22378
482.73443
480.3875
520.15835
482.60768
482.55723
521.21162
479.36089
521.19431
520.83361
519.92026
519.9046
520.28285
522.11144
481.9499
480.60364
515.63057
480.35895
518.92057
519.83724
519.74233
520.35352
520.91791
520.06795
521.42751
519.87624
481.14685
520.17412
519.8326
519.94605
521.04458
522.99462
521.14473
481.5053
519.59694
458.39315
520.23705
521.41752
477.4296
519.91259
481.39165
520.26182
481.53703
478.81492
481.40724
520.13954
520.48543
523.27433
479.65855
481.35461
520.0327
483.62873
486.83845
483.23302
479.68582
519.23305
517.05005
486.25756
427.32926
487.13006
519.94903
477.87281
481.98668
481.0843
525.04157
478.8707
488.51893
480.22963
480.59309
482.81806
519.90873
481.20174
483.46179
520.30312
482.16242
521.69395
487.73945
483.95743
482.26169
482.09969
520.30327
481.64072
481.15844
482.72045
479.99604
479.1786
521.33047
482.42017
481.81163
483.40468
480.77059
520.01429
519.65955
521.42697
486.36199
519.95611
481.69756
480.55027
483.37959
481.84338
477.87396
518.62954
480.58044
521.60068
483.41663
480.89679
505.60539
519.90543
479.70172
480.3477
480.59923
480.49826
480.07571
482.09283
520.03342
481.13831
486.43829
480.43866
483.18374
519.11135
481.21385
481.45437
517.23223
519.93596
481.59785
482.02612
483.14435
481.49844
481.82783
482.41667
488.92204
478.88574
480.69183
477.9904
479.08704
481.67903
522.9975
519.88062
519.54697
480.72721
483.69801
489.19335
483.65131
483.77579
521.29921
481.73456
519.34324
480.04699
482.21317
483.3838
528.24149
519.88604
481.41713
481.63218
479.14492
481.81165
481.18846
519.91003
483.45766
481.87032
521.16894
483.54866
481.19873
480.07731
518.7739
515.52549
519.87723
483.06951
481.31564
434.28071
506.31732
480.01483
482.09143
519.97066
482.29445
519.75636
519.72621
520.6033
519.34694
482.17879
482.07454
482.7146
478.18845
480.84196
481.13659
481.70751
483.00821
519.89579
474.66306
519.73542
480.40584
481.54891
452.87728
519.80334
480.25565
486.12538
479.05097
482.11252
520.85117
521.15773
481.71001
516.42692
519.84199
480.91283
417.03891
481.73378
481.05741
481.57186
480.46491
480.9834
481.28543
520.33471
520.57417
480.64101
481.90177
480.36263
520.20596
480.7626
482.59649
483.40299
482.53211
506.13237
519.91963
480.87299
480.23428
479.54375
499.741
490.11554
520.73675
521.12226
482.12452
481.7492
520.86488
519.89046
520.17214
440.3316
480.96083
430.50537
506.67936
477.71428
506.18729
520.39644
516.0802
481.20594
520.55407
480.86427
488.1632
520.68457
482.06045
480.43331
504.9586
437.60958
477.65916
482.77666
506.17449
481.82536
520.28841
499.65665
520.46716
478.53653
482.20845
479.99743
480.87332
477.74959
520.34197
478.50839
481.09969
483.84402
481.31154
483.26302
521.7423
482.96537
520.04514
480.82742
480.34839
483.32422
520.09651
520.05103
477.8358
519.97952
520.06653
520.02054
480.53725
480.54145
480.32153
480.8371
520.10734
479.97262
520.0875
479.4474
481.38029
506.10679
483.24889
481.77359
519.33634
484.1004
479.2892
520.03243
482.08975
482.32441
438.13523
438.52546
481.09887
520.52343
436.55364
449.37189
433.46488
481.55676
481.4257
480.75108
482.23296
482.50102
483.57889
519.98381
483.43365
480.80774
483.19346
480.54743
480.63441
519.88814
519.92678
482.98946
480.59131
519.96803
490.12949
519.67558
483.54058
483.36696
519.90891
480.55521
519.7773
520.02318
483.40971
483.10833
519.17579
478.67192
432.70448
480.81572
481.19386
506.08843
519.83794
480.69596
520.03769
519.91445
519.89185
520.09852
483.18729
520.06063
520.01675
432.62469
507.78284
520.03444
483.67622
480.35664
520.00688
519.69325
483.36044
483.43745
480.35703
483.19453
482.92317
483.63257
483.42131
519.94656
480.39806
479.71997
481.00001
483.09453
519.88504
480.93542
480.11578
482.09475
520.16975
480.99467
483.76341
519.58263
519.96239
483.13778
520.02629
519.90582
520.01465
481.11897
519.94403
483.52579
482.56807
483.51384
520.05259
483.63655
480.71082
519.97197
519.95952
480.40455
519.8702
483.16038
480.81491
481.39934
483.48434
483.24227
519.87973
483.85265
481.25335
437.82786
519.81608
519.93559
519.88212
483.16429
480.95053
519.94509
519.94632
480.88734
483.81957
519.97501
483.07013
483.01691
482.88879
483.13252
479.74017
519.10405
483.65717
480.63294
483.42524
520.07072
480.48147
480.92924
483.28261
483.05458
520.04095
483.13553
480.83538
481.31638
519.87235
520.07704
482.73663
479.16597
481.93661
482.7966
481.16169
480.87373
520.08243
482.54117
481.79805
477.82442
483.31518
483.40611
482.62893
519.9163
438.20494
487.60624
480.49434
482.80188
481.10016
481.4129
520.64346
485.16862
481.27736
482.76435
519.91985
481.15931
482.34543
480.63216
520.0586
519.94019
483.57931
481.53667
481.66066
482.70573
481.17093
482.58044
480.98121
480.84412
481.14326
483.21459
519.87619
482.73381
483.12253
482.67754
479.26463
482.43685
480.53355
520.80661
483.10003
520.13035
520.05233
482.17619
519.90926
521.51362
519.84029
521.25659
481.56768
480.02836
519.89448
519.90645
480.98299
519.84293
519.87369
519.87589
519.85645
481.44923
481.64373
519.81776
519.91825
518.22113
519.98895
483.26839
481.06433
483.43413
480.75133
481.24195
480.59969
522.48572
521.14542
481.34363
482.57394
519.91678
519.05219
521.60079
519.97712
519.90821
483.28977
520.02084
519.90407
483.04422
483.59138
482.95655
480.34911
483.02926
481.44748
480.95683
480.51546
483.28745
480.9328
482.61085
481.94529
482.57635
480.42865
483.09312
481.29838
483.67506
519.9482
518.678
483.26315
520.01948
520.17205
480.60031
518.45806
519.80185
519.95964
483.40801
482.67103
519.99936
478.51419
519.80178
481.5336
481.20317
519.63635
521.5443
497.97485
482.14801
519.94552
482.71729
486.12917
480.48543
481.75626
480.72061
520.03759
483.44524
480.65859
483.08709
519.93073
482.47162
519.70563
482.66544
480.47949
504.98674
509.91485
481.92961
482.49674
519.68564
481.06455
483.49861
479.80627
481.20174
481.37012
483.31695
519.80468
483.14034
480.98858
519.84247
481.36266
483.10921
483.12093
481.35794
519.92572
480.86665
480.94276
482.64548
519.24078
478.56602
480.9087
483.06635
481.08368
519.97048
520.41695
520.53165
519.20572
456.93126
521.90692
479.61173
483.20247
517.14443
482.28167
482.96908
519.83761
520.27001
518.45841
481.65424
481.03758
482.82888
481.44216
482.25501
480.05666
480.2641
484.50828
484.60631
480.94445
454.88708
521.05029
482.37462
477.45829
481.39819
518.75678
518.91295
490.84321
519.25101
486.38859
477.34633
480.84491
481.29786
480.18326
521.2125
482.67116
488.39582
521.81551
486.91464
481.54676
481.26734
519.53384
481.49883
515.67423
488.80771
483.07832
520.13204
483.74543
482.0952
519.11905
482.65962
481.44072
483.47219
482.04557
483.01806
483.00611
481.68358
519.84276
482.70395
481.2491
519.84889
456.39205
517.09759
483.3313
483.68018
519.52693
482.77168
517.53645
484.16632
481.21656
480.91536
486.76819
482.21908
482.39438
481.85492
479.9889
481.47411
481.41555
519.8362
483.0763
481.22784
481.5403
519.75916
519.89618
481.77095
482.34251
519.77312
481.56784
519.8171
482.87286
519.77933
481.59919
483.28498
482.65991
505.98382
480.28839
519.82278
482.64042
480.98197
519.81112
481.70094
519.77317
481.9066
518.06214
480.78404
519.95111
482.76626
481.28877
521.42563
478.8128
481.13782
521.24794
480.25786
519.19184
518.7073
482.83625
481.04694
481.75649
492.23839
519.79596
482.15945
481.6746
458.94597
521.42069
480.88938
523.99981
480.72125
481.77626
519.81835
482.38299
519.35891
519.13827
519.71105
481.05004
482.1165
481.40494
483.05994
482.37077
519.73209
481.66327
519.76851
519.79716
482.34277
482.39382
519.08427
515.80769
519.81772
516.93384
482.94469
480.95655
518.05339
527.34715
519.60554
519.20717
480.3884
479.81035
477.38505
479.46794
483.74532
518.23206
477.93284
482.24381
520.00796
497.14657
482.00198
519.78735
516.97144
519.18582
455.50538
480.12163
483.01704
481.69058
482.43434
480.11441
480.37449
482.4297
516.7504
516.82722
482.17703
485.21211
483.11353
520.09445
481.7683
484.21558
482.62833
520.21037
519.79444
480.43645
482.18009
509.8423
519.80037
516.09962
505.26087
519.50112
481.91638
519.74075
482.06803
519.81812
482.5697
482.07939
519.81894
519.84942
481.75471
482.14039
519.81369
481.95317
481.93142
481.20478
483.87064
482.04549
481.56186
482.29581
519.87396
481.682
482.01337
481.80335
482.18096
482.33738
482.09512
482.2606
519.81188
519.81362
481.01267
480.09045
519.70205
519.40312
480.62199
484.32492
482.81567
518.92739
518.74667
482.08634
481.82591
481.66948
481.43508
519.7145
519.86678
519.05492
521.19206
519.8643
519.93461
482.87841
480.01455
519.34309
488.28434
482.03345
481.69281
480.55222
482.20587
481.12508
482.4716
481.70378
519.98537
481.39744
482.04964
482.15464
518.69914
481.28476
482.13537
482.19462
481.43449
519.84808
519.83477
519.89535
519.8341
482.8775
482.17655
519.86788
482.68516
479.12887
519.87548
483.14936
483.43548
478.25948
519.78019
481.69185
481.57905
482.20025
482.47625
520.01211
520.07318
482.71338
482.20199
482.26711
482.24726
475.29158
478.49206
481.25435
520.01044
519.99375
481.51123
481.55906
482.23626
519.89283
481.88177
483.05857
481.48494
482.16553
481.77401
480.14515
520.09266
482.01107
519.91966
482.24456
479.76411
482.02783
519.90049
519.90143
481.87644
481.59372
481.85283
519.25861
481.95112
479.51517
519.80215
482.20406
519.89375
482.12491
519.83922
482.50218
519.21278
482.68785
481.11481
481.07321
482.78964
480.96439
480.75809
521.4051
519.26066
481.79632
481.85571
489.11501
481.6059
520.04019
482.36224
481.61086
480.09507
481.27313
480.58588
520.17877
482.74596
519.92351
481.3288
519.00884
478.15876
482.35655
504.07707
520.30756
481.11298
482.56418
481.81868
481.92391
478.43682
482.88834
482.29924
520.00029
522.05333
486.96235
477.9175
508.00013
520.16059
517.8364
519.00484
480.84416
482.31142
520.61429
487.6839
477.44895
524.49175
521.56988
520.56105
520.79508
523.67751
480.62664
481.39983
506.53189
486.19706
519.84392
520.91626
525.43433
504.95683
481.84418
477.30065
482.6749
481.084
522.57194
481.89582
482.85024
520.24182
479.96465
521.84192
480.89161
520.1677
481.27997
480.48157
457.70499
519.80769
519.90651
482.29695
520.40376
480.48969
480.11559
477.94912
479.72458
479.16648
480.16607
482.4466
521.66755
489.11928
481.78085
481.07413
520.49301
481.84405
480.8904
479.70889
481.1853
520.69009
519.64246
481.50393
518.63274
481.44835
480.34065
482.33581
480.29542
519.66822
481.87112
478.85658
482.55095
480.75786
482.73294
483.17966
481.21367
479.79195
481.95742
489.49855
480.90924
476.74851
481.29262
518.71015
452.22386
505.00965
481.05294
518.97506
517.78938
521.30892
481.40921
483.85288
519.90174
483.40398
482.71839
482.60898
481.24506
519.87714
521.41686
480.94773
481.10275
482.65968
519.86561
518.29946
483.01366
482.03171
482.20081
519.47487
484.20564
521.44903
509.56252
482.25128
519.85165
505.4435
519.53272
519.92563
481.36407
521.11372
519.38714
519.74111
483.03453
510.34411
481.87648
519.35896
519.00121
480.92103
482.48522
488.11306
516.79799
519.90323
505.92128
482.67983
483.00495
521.05929
475.32259
480.51726
458.82411
518.95011
522.36388
480.65314
483.75921
481.72757
484.51914
510.64587
510.16216
481.50006
482.79813
482.55294
509.68658
519.42586
510.01493
481.67898
517.57279
478.92041
489.61924
510.24319
517.70204
483.73969
453.8268
481.31566
482.54832
482.26612
519.97041
479.42581
505.33257
479.35013
480.70836
479.06855
481.22985
518.75463
481.50357
481.84701
481.11157
488.56465
480.35086
479.90609
519.926
479.91831
483.80592
522.13362
481.91639
484.32273
519.96978
519.52392
483.65443
476.28424
482.88585
483.56657
521.3666
519.95094
523.16875
483.94961
520.03155
480.02936
522.50445
481.35212
526.94227
519.96492
520.27635
522.43196
480.20781
486.21648
483.34902
486.28656
489.22446
519.21132
519.76483
483.62199
522.60365
483.7367
483.98253
479.95053
480.35261
519.41585
481.11867
483.43168
483.63346
483.89363
479.96936
519.13441
520.65961
518.09456
522.5676
479.66384
481.5536
483.67596
519.90985
483.6374
483.73676
516.90782
483.31048
481.71923
480.23578
519.92505
481.75438
481.29505
480.93195
475.84022
520.13799
510.0791
518.23919
481.97373
454.90764
515.5976
500.30149
481.00944
518.09284
514.52257
519.46327
516.94191
519.75937
481.76888
481.51679
483.33501
489.39901
516.74612
509.72319
509.87988
480.00471
483.46955
480.59544
485.69351
519.03053
521.64561
482.05522
484.08128
519.96152
519.95011
509.95237
518.78374
523.17095
522.65797
480.77051
491.48903
483.22167
483.3244
483.69652
521.0287
483.76742
480.72055
521.18153
479.37048
481.21542
480.18486
480.95434
519.68282
483.07868
483.23791
456.6172
480.57465
516.72067
519.12703
482.98814
482.56735
481.1084
519.85127
483.31075
519.6428
480.83752
519.88464
483.21567
520.59039
477.6798
519.83666
482.16766
480.24933
480.13085
519.34112
483.60854
519.90073
519.82357
482.71743
522.55775
520.12199
519.02497
519.09931
481.24422
518.40259
484.21302
516.22247
480.16367
434.54158
455.2798
521.0612
481.91732
483.8151
519.86008
481.48965
480.3367
482.65256
497.03345
483.68308
482.77165
480.93247
483.39406
521.68411
454.40484
520.29592
481.11466
479.94058
480.40501
482.9725
505.43284
502.04538
521.82483
481.1744
505.32242
523.15305
453.35721
477.74778
488.62993
521.32144
516.39358
481.16975
518.39778
479.74905
484.79979
483.27208
482.18475
519.89339
519.50326
504.61159
480.12856
440.23666
488.56185
519.41812
483.28837
504.23379
479.28689
517.46836
483.31547
518.18158
519.50758
486.20973
522.82879
444.67679
519.02753
428.27241
480.91466
523.43982
484.98251
480.57406
510.38822
480.47952
504.33304
520.30236
480.94585
486.86373
482.09363
482.99872
478.3006
484.35699
517.81907
482.19393
480.31003
481.16761
480.71532
519.98399
483.66917
490.05815
479.96281
478.05908
481.18243
480.86539
425.52475
480.98511
482.79946
522.50285
520.6843
480.3506
519.84747
522.11867
480.99978
481.70921
518.62396
519.85917
520.64271
453.9648
483.11501
478.01826
523.72833
517.72464
481.47811
505.35011
476.3666
504.72703
524.34839
481.80752
480.61294
484.40501
521.16294
478.56681
521.09351
478.6173
480.58993
520.7896
503.33358
479.22379
524.35101
520.90632
478.11274
475.81629
522.70414
519.47552
483.62744
523.51037
520.08555
519.85558
483.33731
452.62204
479.44044
519.44333
522.42258
484.96752
490.216
477.09655
510.24722
481.45278
485.71231
477.34697
516.8956
480.69748
481.56188
482.71828
480.41089
485.65255
519.86521
478.01841
476.35967
519.78211
482.25642
481.6182
478.72158
479.15342
519.94739
519.62174
519.43201
522.87381
481.49301
523.4382
480.63064
519.93543
483.11101
480.68416
519.93305
482.81866
481.44506
482.26935
483.18836
480.83781
520.06243
519.64008
519.94527
480.16923
478.3269
480.67757
485.03472
481.30802
476.54035
483.39736
521.67378
480.58522
519.87986
480.69551
478.64158
480.85619
519.53799
520.01263
483.06088
478.08827
481.84961
520.10537
479.14553
471.31408
519.97717
482.1877
480.46264
519.52321
520.29964
523.35547
490.57883
480.45665
483.47362
519.83201
520.08928
520.7219
481.27178
523.83444
519.88425
478.26511
483.23286
480.17788
519.97445
521.02472
484.27611
456.37271
480.5774
519.4947
480.42896
478.22637
519.99194
480.39646
480.5656
479.7792
519.69243
480.76368
483.25979
481.62799
478.8612
476.15454
479.37795
523.8339
479.85053
485.87663
478.85516
488.05107
479.44047
484.14776
479.39264
523.68099
481.81376
473.76444
520.88485
479.16197
519.86459
482.06173
481.05842
481.23338
522.40901
484.11699
520.22284
479.13109
479.84314
485.44708
476.92083
483.68058
483.56052
491.05523
521.76361
474.66211
479.52672
484.42475
519.5924
526.35179
517.4125
522.84376
481.21225
481.79203
480.69007
481.52144
481.89363
483.45211
484.4767
486.2068
480.79802
519.83798
519.359
519.35067
484.25722
521.0691
520.3293
475.17196
480.34675
483.83191
515.21537
479.9805
480.41368
480.49459
482.58324
480.28467
519.96407
480.52294
519.96227
483.81774
480.64841
482.91684
483.10739
480.09621
519.95778
520.21889
482.21442
517.89254
482.24157
482.9497
510.32707
510.02451
518.75087
505.29549
505.86934
464.54035
518.85203
480.54327
480.20122
476.56584
448.44704
519.80472
482.49291
510.0775
518.39422
479.56001
524.29648
482.49113
482.28682
478.95828
487.85781
478.17814
518.23208
518.74606
519.59012
477.46462
519.01078
491.05728
483.03596
522.36879
482.48434
522.23219
519.96229
524.18645
520.56047
477.92971
517.16526
521.40965
480.14806
475.78582
482.4445
481.18746
441.95836
516.61816
482.52885
482.96568
450.05041
445.70356
485.15059
519.89374
482.73243
520.51773
480.53948
482.14011
508.45837
519.20903
482.34961
480.70974
520.0744
482.27017
482.86733
436.229
507.02996
481.43848
517.3184
505.363
517.83448
522.51066
521.02685
482.3676
481.85376
453.63533
435.55182
526.36435
480.7034
482.24028
437.45982
507.47056
489.28447
483.24291
483.68074
479.98082
520.22086
483.07214
519.9018
488.87657
482.03262
519.85853
519.41812
482.25346
478.39426
480.20215
509.61426
480.91296
477.31483
483.30819
501.01344
517.88612
520.73168
482.47413
505.66389
517.80813
483.27667
516.84519
520.0856
481.95101
482.56453
483.92291
516.36089
483.43935
482.7735
507.18481
520.10955
517.83424
519.51454
478.41773
506.25085
482.84842
518.01516
515.23783
518.33905
482.22835
479.96772
480.08946
481.01834
481.17115
483.64724
482.3089
480.63102
482.50055
481.25299
439.39172
500.55397
480.99202
519.58713
449.40281
486.31317
481.20852
482.36528
483.42883
483.66279
518.66901
478.76404
480.74073
519.87254
522.17351
486.06749
476.65357
480.49652
519.84135
521.05241
481.64546
436.31945
520.10049
483.04868
479.37833
476.94328
477.74085
481.61673
519.95491
519.94696
519.82192
520.13413
483.63419
480.86144
519.37457
482.66696
519.78817
483.34131
483.0384
474.69133
499.64151
438.2357
519.91424
520.0149
480.38386
445.35749
479.98656
480.18298
519.95159
480.18214
480.15615
484.13771
483.81069
483.96879
519.55582
519.92787
480.37698
483.98184
480.32021
478.92844
519.88534
480.61387
483.10778
480.1294
480.36167
519.95624
472.61472
520.79751
478.85156
522.01261
520.00285
523.53389
477.03306
481.41363
487.44966
481.6896
482.28269
480.09795
482.94988
520.38297
519.42021
479.42418
519.90356
519.90411
479.9854
484.15966
519.82793
484.03428
482.50153
480.1265
480.53736
480.50171
519.92857
519.8451
477.88232
480.33445
481.76136
480.47603
483.83594
484.2252
519.95138
481.86175
482.46812
483.70257
519.82557
519.87585
482.3179
480.52735
519.73351
519.79141
519.82828
449.60217
432.44749
519.09332
519.47481
479.43189
479.53691
480.85406
519.12292
482.74587
456.19849
519.80058
481.11495
519.79911
480.76206
481.88463
519.0506
483.19935
481.05228
480.79324
484.72746
519.81298
481.524
481.29813
483.29511
522.4992
519.87391
520.02848
507.02544
434.3804
478.82682
439.92782
520.91313
481.41467
519.41528
519.88684
483.99566
482.9348
479.07725
520.10125
519.83565
449.42504
482.18441
479.57811
449.03461
482.28217
481.08079
480.98211
479.89526
519.78272
478.12346
520.78123
507.11947
483.3945
437.43063
481.53136
519.94247
480.50389
484.09766
519.81751
482.7535
480.23748
481.37809
483.69685
482.78587
479.73603
483.28831
519.92337
481.15455
520.41892
480.64098
483.23368
479.55823
520.00394
520.14746
520.19471
480.46501
519.87229
519.84265
481.10965
481.36426
519.85994
483.38728
480.52762
438.67436
479.63801
519.99429
482.45481
483.68746
481.51055
483.02362
480.81049
480.15223
519.93084
519.95883
482.74918
480.58473
480.41007
519.62702
483.04031
481.72869
519.90096
519.92275
480.22023
519.43023
481.19634
519.51344
483.47823
519.86547
480.15642
519.84036
483.26463
482.97035
519.90461
519.79825
519.9136
519.89754
519.79281
483.23968
520.42567
519.97232
480.0836
480.50032
519.88176
500.64586
480.30211
480.09311
480.08075
519.86424
480.07772
480.48453
519.89034
483.73107
480.36325
519.84515
483.44758
480.56076
519.87747
482.60784
483.44894
483.35138
481.36265
480.88043
520.0618
519.84279
483.44526
483.81786
519.85214
519.91034
479.70268
483.6629
519.9124
518.51366
519.87527
480.74146
480.46542
481.27806
489.73503
519.85119
520.03144
486.46274
483.97029
484.18928
480.16933
519.86923
522.01119
521.74409
479.63644
480.25033
479.81858
480.32713
480.2224
523.49691
521.30576
479.04225
491.75338
480.00163
483.83642
483.81446
483.94617
479.71265
481.47595
481.8549
480.17094
519.36146
519.45495
483.45141
519.95521
483.77767
483.63184
518.99786
483.67519
480.17173
482.94168
484.23211
477.54326
482.72532
519.20328
481.51743
483.38622
482.19723
477.86475
480.86987
484.03849
479.34322
519.91911
517.45017
481.68205
519.93002
490.45363
519.93468
519.16767
479.72494
483.7793
483.61592
483.7747
518.16699
480.31114
484.26908
479.65032
519.97936
519.08103
480.57025
483.97432
484.28967
488.52051
480.59095
521.45803
483.99038
480.34803
482.35863
521.6983
479.6827
519.90511
519.90086
521.26416
480.26229
483.76448
521.82644
518.06321
482.17647
482.23376
520.77714
480.33294
481.65968
519.17056
519.36319
519.9426
481.33832
521.11263
521.0349
505.44535
522.22495
482.44017
522.26391
483.57248
519.97785
521.1491
519.00231
480.32683
480.33616
519.44389
520.90948
521.26241
479.73067
480.49261
480.5298
479.99607
504.54101
484.49923
519.58718
519.91775
480.65495
483.7198
505.64713
517.60548
480.62589
482.95254
480.31056
481.09064
481.32642
482.43791
483.53947
519.62493
481.11603
484.28769
505.84702
480.22867
480.83863
480.36755
519.9144
482.44947
483.84394
456.22248
483.68801
483.63963
489.29327
519.17353
481.80514
482.24902
518.86204
483.54609
481.0428
482.91686
480.98808
482.58666
521.27559
488.62352
480.15217
483.94668
483.21425
520.30771
482.78538
481.8986
482.47348
522.91085
482.23902
493.41333
521.02862
484.48079
519.12939
478.04873
520.29227
482.01185
482.50105
519.0616
483.29759
519.19179
481.32052
483.66759
482.63989
521.21665
481.24798
482.08144
481.33376
484.08972
483.4186
480.66726
521.53489
519.20667
483.82681
482.86184
481.21219
480.47791
483.76668
517.89894
519.92504
482.90214
519.33534
480.59296
522.38167
519.6813
481.60397
519.90851
483.21643
485.08199
520.26551
480.18634
480.50105
483.38702
483.31453
506.36011
481.39705
519.96216
483.64092
519.42573
519.74027
489.44843
483.85884
519.22097
481.2595
482.39654
482.90019
518.97895
517.1492
479.42548
480.68576
519.32702
480.45997
519.85702
517.47673
483.69835
480.23745
526.46929
519.89776
519.92164
521.62079
482.8516
521.25669
480.42013
519.92981
483.14722
483.71516
480.47872
480.49488
519.19874
481.45669
480.23158
481.46536
480.75354
480.80657
519.01345
483.32181
521.58529
482.70024
503.97733
519.84788
519.81254
524.58532
483.75793
483.43087
483.35632
520.93342
482.98234
521.11626
482.05844
481.46868
481.70802
480.83874
481.83657
481.31816
479.37936
484.0338
482.28489
518.87699
489.93583
521.30208
519.84748
518.22042
519.61136
480.15654
483.04329
482.26513
483.23048
521.23059
482.66324
518.97838
481.11547
519.87853
483.71175
515.74369
519.13018
519.42004
481.94913
481.18377
482.13497
481.15417
518.8658
482.66627
519.03226
478.75781
480.76649
482.06239
504.2205
505.46401
506.02722
519.19249
481.72788
481.11583
519.29456
438.06733
480.03307
482.06522
477.59668
482.36229
522.22347
520.0039
480.16397
480.90738
518.69663
483.44869
478.65766
518.96713
507.91453
507.78524
478.64591
482.40655
478.51299
480.11307
482.12971
483.38949
480.42943
487.90953
483.32872
489.52719
483.31403
483.83184
484.10358
493.97496
480.43227
518.90407
477.57243
481.93417
482.34637
483.56372
483.76773
480.69859
481.6594
499.35917
483.90063
483.82241
490.74107
482.45081
520.68961
482.32264
519.88468
480.26593
480.21697
481.13057
481.2007
481.10798
519.71045
521.50398
480.75804
477.83612
521.58301
477.64373
521.44492
483.51511
519.24981
482.2396
518.18391
480.03838
519.06535
480.04995
480.08732
480.42757
480.57299
480.15285
518.21099
480.47861
481.72897
480.64687
505.31961
486.4352
519.04026
518.9435
481.71336
482.06192
510.04653
519.26364
480.76343
480.74807
526.18421
482.201
518.76035
522.08924
480.13529
519.16379
519.02352
481.74949
483.10832
482.00753
516.10582
518.25334
522.58127
519.14844
518.99992
517.16602
481.46081
483.45204
500.63575
450.6984
520.15467
480.02414
480.5999
482.4798
523.33615
518.65625
479.62277
480.31538
521.0436
484.66402
483.811
481.36975
523.09782
482.41867
518.97672
484.09026
481.39572
519.97067
481.92003
481.03389
481.25923
519.21257
521.49822
482.50517
482.16772
481.53243
521.73313
519.01294
480.25528
480.64234
480.8681
481.00051
518.13486
481.61506
480.66158
482.23741
480.95973
521.24842
480.9727
521.15615
518.81395
481.77571
479.948
482.30615
482.81248
518.97981
482.47242
477.82061
487.19088
481.79498
521.48646
484.37044
519.03581
481.35678
457.43058
506.21749
520.53791
521.49717
435.82491
481.95832
519.07444
519.91595
483.51678
519.163
520.1258
486.76256
519.80199
520.36338
481.87968
520.14203
519.97394
483.1656
429.91641
505.14339
481.10515
481.93668
482.64164
439.68284
485.52716
507.34204
514.78442
479.85593
483.75575
526.80944
481.37949
519.42392
477.90619
476.58859
480.33296
518.56305
479.58853
478.85937
477.76355
518.3296
519.27392
483.21537
523.68164
517.83657
479.79739
483.08476
476.79808
480.98966
482.95624
477.63383
517.32897
482.6595
521.13993
483.67698
483.03501
519.57766
480.61489
482.57159
517.46696
482.99384
478.47068
487.82783
483.98325
504.78707
459.20471
478.52162
486.98526
440.63311
490.6212
477.39182
432.61635
480.00318
482
522.88239
482.2709
500.46107
523.18971
449.57049
480.02509
512.09538
482.60735
481.54767
449.52036
508.54993
438.60461
479.29961
520.14394
482.97326
518.12034
508.68478
447.34437
478.96286
480.17478
518.7431
480.82158
432.87002
517.02922
482.20469
479.21139
507.12443
482.66957
478.65301
518.55755
518.84348
441.36377
480.50257
482.83739
477.84101
484.33263
482.76907
435.72774
481.85806
482.96845
524.20722
480.98554
477.04147
488.46028
482.1263
483.63099
477.8951
521.84771
516.15881
485.0097
483.79482
445.96099
519.53977
516.69457
476.79249
444.5177
478.44998
520.39644
519.99529
520.51159
481.72876
482.88691
518.19811
496.67512
518.36678
486.53591
519.72009
481.84796
520.14549
483.21194
480.99563
482.28284
483.67231
481.43662
482.96934
476.02934
490.45474
517.54082
499.4911
519.76403
518.04536
483.41116
477.89733
484.16792
483.21781
478.58438
519.82314
477.48474
521.24263
517.63659
518.02648
484.12795
481.68564
437.94613
518.66183
517.31722
520.08912
519.78916
482.34077
478.46245
519.80032
523.14361
480.27629
520.26173
518.16608
478.13137
482.62169
482.46221
478.62808
522.06427
487.03526
482.63347
478.92981
523.5892
488.00879
474.84506
483.73328
520.09225
479.18583
522.75985
519.83565
483.45602
519.88674
520.57361
522.3039
483.24652
521.25337
482.26393
520.70405
521.23978
482.93213
481.25672
478.15506
477.88141
481.37981
482.75968
484.24861
481.11658
519.06291
483.52071
480.3844
483.79204
478.66904
523.84438
521.24159
488.62391
482.42283
521.86583
483.34022
483.23191
484.2243
481.57905
519.52823
475.99067
521.77993
523.09899
521.47448
478.77659
519.86432
520.74504
524.12798
521.14684
482.99574
482.08768
475.00963
483.61967
477.91217
476.32853
520.85516
521.68199
482.40762
483.29693
519.88022
479.6528
521.33695
480.24102
479.65442
478.12118
486.7458
486.61615
482.13449
483.82643
483.6578
518.80956
479.58039
479.16238
483.84398
483.03628
524.29689
483.44309
483.93735
484.93571
479.76217
526.3218
480.0919
518.89323
522.68911
477.4279
522.93949
495.41728
482.30257
487.06784
422.4263
438.42751
482.93091
523.58668
480.74295
478.60691
479.74096
527.0798
481.71005
482.48267
525.14027
481.83191
458.04841
481.70368
525.18283
523.52801
485.46277
480.3356
481.11062
482.4455
519.34566
520.58318
519.99807
482.6315
520.39336
519.36512
484.76215
482.20267
488.44066
521.07246
482.46496
483.59745
520.27846
477.2867
477.97714
483.17387
473.72576
481.42051
482.1017
484.07189
526.3837
480.67456
520.0035
519.8577
479.99011
523.8148
521.72354
520.15352
477.6452
521.39586
483.09598
519.97008
525.70359
524.1576
520.71684
483.11658
475.10434
481.70573
519.26521
490.45375
476.0018
519.75297
476.72924
525.09618
482.11203
482.51192
482.66315
479.92397
519.93684
473.89046
522.71073
481.35682
520.17414
521.76155
519.1826
520.9317
522.31506
526.16787
521.57686
518.7136
481.41628
525.9273
480.30431
480.12447
523.74459
523.00554
483.07241
482.72483
520.89477
486.49848
523.81103
516.95134
487.61913
478.34461
479.37382
481.17361
521.11987
520.3188
524.70891
482.28179
520.07157
520.03708
481.6886
481.45002
478.95724
484.44503
480.90555
529.03061
514.93799
480.00693
480.79253
483.16641
481.75342
480.16896
520.96652
485.88358
520.94351
518.36666
521.32896
482.809
514.42871
480.66237
481.05593
482.68868
481.9103
476.41383
505.25507
522.69263
519.83428
482.16328
481.47816
518.30175
477.56432
484.10069
520.74187
477.05046
522.47451
481.75389
511.0331
520.0628
482.20114
480.51268
478.48731
479.95957
506.82582
480.54567
517.19128
505.33396
521.34854
512.14944
479.30655
481.82263
482.20693
477.37093
482.41013
487.0268
518.15363
520.56508
478.54073
483.70108
518.66871
481.50162
481.64147
520.43542
480.81075
518.66881
510.03719
483.73315
486.76212
486.99918
481.65894
521.50775
518.93115
482.54816
481.25252
482.49454
521.20226
519.77572
480.38795
482.56444
481.4281
476.72075
518.20311
519.39132
519.01556
521.29851
519.00664
481.36621
481.25615
480.33425
519.0349
483.55785
518.68059
481.56707
520.52583
482.0745
519.36052
483.84401
479.48076
480.39928
480.99387
518.6417
521.92822
482.0424
521.30536
520.85383
518.23289
521.22807
481.34304
482.88351
486.96108
480.97006
480.79623
481.71401
483.43602
480.20472
519.99583
518.8044
484.18813
519.85809
482.02497
481.18102
487.82855
519.35256
519.02521
521.59548
521.48908
486.64978
482.14275
479.67033
482.17617
519.4103
519.38974
523.33783
521.40178
483.30747
523.46256
481.80609
521.95513
486.68041
519.36197
519.05116
517.77007
481.07778
441.50916
519.04014
480.43199
477.55427
481.86179
483.04811
482.37367
521.4687
481.5243
477.51864
520.00783
481.0951
523.43384
481.40275
481.71634
483.82362
482.60657
480.83214
483.69348
483.54526
483.48978
490.24935
518.71725
478.30117
483.19552
520.2799
482.59018
476.70162
481.13921
481.39285
521.22446
518.73329
482.31581
518.13254
520.99488
482.31442
482.72135
481.01592
519.15572
482.22348
482.20985
480.52517
521.82729
479.17258
481.35005
481.98336
519.06694
520.12406
479.51795
481.09773
525.20862
454.43476
519.51854
506.74346
519.95004
479.67597
519.09961
481.56967
481.14723
478.53539
482.31651
481.95558
521.20293
526.9862
521.59775
482.00251
481.39719
504.87485
519.20552
485.40434
483.39561
482.69321
521.37877
483.50951
480.69681
481.47193
481.84985
479.9946
480.57402
478.61534
481.70532
509.98442
520.89691
523.3084
482.82796
518.63611
480.07656
483.34244
480.0264
480.67258
483.63469
484.84177
518.94339
479.15761
518.67764
480.76332
519.63471
502.91183
486.43518
519.89309
477.09918
519.16145
526.71764
520.80436
482.89781
481.47555
522.95627
453.24548
480.79395
526.06179
524.15717
518.38072
479.59327
522.75736
479.95719
524.96514
479.61538
520.93165
482.7722
484.63435
479.35485
524.19975
481.96615
481.06158
480.16657
521.38025
521.83081
483.34785
487.26939
481.91254
482.90667
480.58466
487.4242
480.84166
471.73975
481.77499
478.93063
485.99413
482.38193
472.22608
505.20383
522.82472
482.24198
477.49575
473.96165
479.63724
478.74663
521.6245
519.75993
482.95994
478.2429
481.65765
520.10365
482.84293
482.1466
495.22282
478.21289
521.59131
519.21799
487.21073
519.89238
520.07963
484.43269
484.13959
521.48858
521.54791
519.99328
521.04943
478.73196
483.22597
476.67272
519.95612
521.42322
520.59803
482.71079
520.74557
478.02489
517.53847
483.57857
482.66336
478.70829
525.42418
522.22854
484.28638
519.92282
521.99154
479.04754
482.30151
482.87388
481.44052
478.267
521.54326
521.86564
480.64062
487.03808
482.585
520.09323
523.29557
481.35427
526.96914
519.8319
481.94203
523.08811
519.35207
481.40903
484.23731
482.41342
478.59757
520.30858
522.79072
479.48162
519.86473
477.80567
485.91989
522.3943
481.63302
519.46748
518.83912
484.20009
478.48654
489.96959
485.05971
483.55716
480.26925
482.93538
522.36833
522.5869
480.33042
483.75278
519.48346
481.93259
520.07778
522.49579
482.49023
519.72553
482.88249
481.37197
520.59472
521.45791
522.67893
520.07937
482.56971
482.66752
479.24626
481.63308
483.4698
520.93559
481.55672
481.15135
521.14433
523.5864
482.44564
482.67284
481.35906
485.85651
485.65819
481.33668
481.87307
467.20044
479.31852
482.85724
518.82491
480.01668
482.99678
488.44897
475.25825
486.31968
484.38199
520.8026
493.02035
482.54615
478.6417
480.95414
483.91197
479.44834
519.39181
479.58866
482.60503
478.83212
480.04847
519.22863
479.23982
482.74143
506.12773
478.73912
480.27692
478.42447
481.59769
523.62753
480.91569
479.93241
477.11121
517.82811
479.0312
517.66639
480.19174
482.1959
521.3363
480.88773
520.59967
482.03512
484.47452
483.0961
482.19036
481.66961
521.33069
487.07617
521.2748
519.4153
520.31115
518.99064
481.5388
518.68287
487.49287
507.14971
483.24282
477.46486
482.95067
481.35107
480.79231
482.23895
483.18825
481.14424
480.6633
483.96829
482.70402
483.41427
519.04621
482.39184
520.16469
518.70036
521.4325
483.86721
480.93173
477.6793
481.43521
520.24298
521.0606
483.44413
482.12656
480.64733
482.62325
520.13677
520.83992
481.45226
480.84331
482.85599
480.43968
520.99598
521.41655
519.23064
521.47079
483.06818
481.03328
521.95747
480.93612
480.40038
480.7424
478.10299
481.16523
521.85081
480.30828
521.2624
518.632
483.03714
481.87705
481.56373
479.93476
520.1634
518.74126
518.88608
480.9991
520.1868
481.16185
523.33669
477.73026
520.11219
481.57855
480.96719
520.82389
481.96545
481.21138
521.20061
489.93402
483.14317
518.61507
520.20209
483.12477
520.1178
478.89119
481.20463
483.27235
480.71873
481.55679
483.29536
482.97401
483.27987
482.70478
480.88918
478.88584
482.94171
519.86393
482.50163
482.40166
457.48687
482.58109
478.26902
519.59995
520.21892
482.61408
482.38529
520.07257
481.97533
482.60243
520.1971
480.85437
520.23455
480.88293
482.73926
520.16175
480.62999
482.29683
481.89823
482.53521
520.20211
480.75033
484.46264
480.60509
481.77556
519.76394
481.16219
483.76101
482.98693
479.83367
519.40817
481.6628
481.45952
519.12087
480.91027
520.50675
520.72765
518.39732
482.40012
519.26045
505.69441
481.62541
481.05717
482.54979
482.48589
481.373
482.70731
516.61847
518.99811
481.03244
483.43005
521.9049
482.82908
527.69658
483.1561
482.53893
482.17818
481.2344
488.32226
480.99195
483.18979
482.13194
509.82297
520.26612
481.60376
519.60312
483.58991
520.65601
483.25064
482.6944
477.17452
485.60645
518.77533
491.05758
489.12159
482.68705
483.63669
519.57627
482.74676
481.7677
482.2188
521.48831
482.51689
481.5961
522.45172
483.18805
482.98621
480.01937
519.11962
519.1188
483.1496
482.23108
520.25933
478.72449
482.61323
477.5131
481.36408
480.24782
509.61869
480.6515
481.09236
480.53484
520.16364
480.82464
489.51084
477.58299
478.6437
484.3925
481.69681
521.24166
480.17781
517.76959
482.23897
482.64249
453.65883
481.20528
507.16666
483.20175
482.47612
519.9416
481.03171
521.6209
482.01598
479.96332
473.93663
480.52248
481.64048
518.95721
519.59873
520.12217
483.08859
480.62777
483.48259
480.71374
481.15438
481.55095
520.35379
520.88425
489.12051
484.53579
516.80784
523.21136
518.90645
515.71582
512.96534
483.43196
482.97543
488.42893
478.32949
510.19503
478.65715
503.74442
515.83961
480.87161
489.28557
503.55934
518.6146
482.04396
491.27501
519.9889
473.93529
444.57511
482.18133
450.04359
519.66365
453.72576
460.79484
482.55448
458.00315
523.83028
521.20917
449.50634
519.15455
504.38674
483.94533
485.99246
483.24084
482.95755
521.75991
520.15261
480.36863
480.21837
506.96024
480.26282
482.48791
520.01731
518.2738
484.06565
521.53906
480.68257
510.73075
526.5296
481.95625
522.52373
480.56755
519.65614
517.92715
478.25284
479.21851
520.74396
479.41487
504.70736
482.9505
519.04043
480.10996
520.17049
483.97084
517.31531
522.87928
482.36635
521.36754
478.96118
484.40518
480.47101
480.76365
518.74165
481.00464
478.99857
520.19481
520.64556
479.84764
520.82997
519.2986
476.58191
523.48918
483.09375
520.02907
491.47855
480.67119
480.75787
485.1155
490.27363
520.05058
487.61067
519.7767
479.6186
520.74339
510.49941
478.0388
490.28649
481.26724
480.0224
482.13338
480.15759
483.25121
478.97354
519.97133
520.10967
480.34346
482.23202
478.97889
516.29207
482.06667
463.40717
519.13687
481.58288
483.32956
483.27962
480.29022
484.54845
480.63863
526.48685
441.9627
517.96275
520.68703
505.66651
517.50462
482.25866
449.50765
505.46212
480.04457
509.70901
488.9054
479.43536
482.98791
511.03913
474.94288
515.54655
508.25658
474.35543
490.06952
520.85222
517.56566
479.51187
482.64732
483.50358
519.81591
521.17227
478.44679
482.26665
520.67114
489.52096
481.05361
480.5861
478.43866
521.58527
522.30076
483.18177
522.24137
483.6603
521.45576
517.83442
483.33857
479.97879
483.49664
523.3154
480.44556
483.39463
483.24138
480.66208
481.14537
478.12232
483.05774
481.63668
482.64664
520.11318
522.91152
526.3289
482.3413
522.5938
528.67046
475.39234
477.47714
520.24109
483.16888
483.45705
520.08288
475.41131
522.5446
484.24139
480.64251
480.34363
524.26594
480.81321
507.11924
479.93775
509.46655
518.35306
459.59641
480.15686
519.96224
472.70493
519.88598
479.10531
523.28007
503.34999
505.48215
484.83127
486.14991
448.54193
521.49036
519.88283
479.92255
483.32711
520.03985
516.7795
483.3487
521.21243
521.98016
485.4472
482.46915
481.18049
483.02296
517.90378
478.61095
483.7743
484.18686
510.13359
521.92647
479.98356
478.25657
480.34566
476.40089
483.19671
515.50093
519.98363
518.64601
517.27695
517.59569
505.21487
477.24549
519.43053
476.80889
480.79199
497.59785
488.49232
519.93891
504.9281
483.4463
518.9843
480.61075
480.18963
480.39519
520.06114
483.04197
482.66956
481.51361
475.63674
482.65665
483.38346
519.6243
520.00403
482.72381
519.7811
482.59688
481.57967
519.95325
483.23136
519.8834
519.84024
504.87939
478.00826
519.96819
491.15996
480.63652
484.23315
482.90112
482.84194
524.19866
481.17777
481.03253
522.03182
519.85328
452.62663
519.97407
487.21861
519.94283
480.46832
519.75397
521.43338
518.60147
484.19134
519.53749
520.03267
480.51117
480.79044
481.21289
475.54181
525.72383
519.83936
518.6165
520.80609
484.22357
482.64101
488.43928
482.38789
522.54615
519.96626
519.88737
477.73873
483.31149
480.73616
483.13024
519.90542
480.13883
481.03769
520.37605
518.72157
521.38277
482.81927
482.7935
523.98218
478.02687
482.57512
482.4092
480.32859
521.68356
523.41231
482.94587
520.87888
476.92857
478.55117
522.82177
519.85042
521.42228
482.21608
479.0725
477.79651
483.01657
477.86253
519.84033
478.90671
481.38566
520.12363
475.77308
484.04982
521.39562
483.3157
482.04054
523.54208
522.58483
481.76176
518.28839
478.07734
487.95602
480.86269
519.75631
481.52885
477.96492
519.85341
519.84982
478.62419
519.84384
520.55937
519.70187
477.89854
519.37748
482.01945
489.97232
481.18243
478.34564
485.36113
523.03251
478.22626
517.56674
485.9461
477.56302
479.39928
481.51247
526.98388
519.79616
481.12892
487.78366
475.52809
481.1167
479.73228
527.39602
481.52747
519.67791
517.96036
488.89931
523.3739
482.11382
519.81357
480.14083
478.22791
478.41116
480.58082
483.72251
478.80235
430.99418
480.25163
481.41076
520.44898
479.99849
482.71145
435.266
480.30658
479.33024
478.61633
526.51046
517.76687
517.98366
481.20192
519.89443
448.22494
483.42841
482.34029
482.46679
505.00696
482.87072
462.48576
517.18975
517.86457
484.09588
483.29828
482.39511
526.11442
482.10504
507.81954
475.63828
482.36649
477.24695
478.4012
449.78571
480.4559
456.22198
503.17279
526.64474
499.54761
517.61204
437.45216
484.14235
440.91625
519.10201
479.67897
521.36686
507.9529
486.41838
517.12962
482.03007
524.36406
450.73209
514.22538
480.24183
507.07515
489.05788
480.69479
504.38635
482.42027
427.68552
466.47361
478.28437
500.21244
480.99853
479.28967
480.45346
482.76847
515.77509
517.84292
505.70876
447.88844
482.51833
504.86604
480.82701
517.54547
440.62567
520.13051
483.78891
504.38269
480.59487
524.41553
478.18141
484.10828
429.93279
520.05076
483.3666
520.45117
484.24592
479.75808
520.15107
519.95436
483.31253
522.69836
497.41097
435.58609
525.51698
497.51267
483.20271
480.35785
519.12298
483.42594
481.74356
480.7112
475.95813
516.045
482.81545
506.63024
484.16529
481.25891
524.06062
484.15379
519.90421
518.94007
481.54548
479.31584
483.12489
481.11405
478.55393
437.02951
478.62199
517.8557
519.97251
518.26802
481.00959
519.76965
489.55313
482.0317
519.8825
519.78961
479.33691
525.74675
482.69163
481.46386
519.8454
519.67964
479.49066
484.45659
477.39528
482.78379
519.89357
481.18787
478.29882
508.41834
482.88256
483.04006
519.63701
519.97921
483.02043
518.2353
516.42944
520.22961
508.11195
519.96169
481.1417
520.0226
479.2138
492.48798
437.58522
441.65019
488.54453
480.40488
477.83752
430.87258
480.78543
507.76674
478.32083
480.80537
478.08363
431.59334
520.53535
519.84067
481.50107
518.91862
519.41007
481.57098
519.88381
475.19073
520.19176
519.84565
519.85423
481.35661
480.94166
482.77579
517.54868
481.91709
519.92799
482.24506
519.80604
479.22441
482.30482
482.38626
519.84984
519.84001
481.828
481.17131
482.2818
519.82313
519.82864
481.85051
482.46809
521.29431
519.80349
519.82479
482.07389
519.83471
519.85654
481.34399
482.49818
520.05472
482.29448
482.04215
481.76736
481.78026
518.76764
481.07596
443.78733
519.38264
482.2038
482.55111
521.89214
481.20648
519.89678
519.89391
525.27602
519.85632
480.83053
481.7587
519.93957
482.56014
480.71235
520.00802
518.33994
483.21303
519.89433
479.33296
481.08393
481.29882
481.64836
477.98131
479.47374
519.43002
519.87878
480.99152
481.36069
482.14651
519.8168
482.24655
519.79577
519.84238
519.60934
481.61951
519.80941
482.33738
482.31596
482.16245
483.84322
483.90737
480.68416
482.06844
437.93592
480.91623
522.46977
519.85196
482.78265
521.86182
483.26157
481.26057
482.43396
482.05262
519.79602
484.09235
484.04694
481.92726
482.22418
483.191
481.85182
519.90942
519.87144
481.79013
519.37095
519.90956
482.0097
482.00517
519.55472
482.10651
481.65437
482.33463
481.95972
481.12301
526.79647
480.10009
478.30031
519.831
482.27645
481.64157
482.68689
482.07173
482.93314
482.16836
519.8456
479.39519
481.62476
481.78761
519.87134
482.48726
490.79568
519.78753
481.33017
482.50332
519.84349
481.37898
518.70871
482.0549
481.93303
519.87228
519.83432
520.23833
488.27823
519.8026
482.17095
481.79941
481.78266
519.45235
482.1519
482.65775
519.81659
482.08516
521.28727
519.89933
482.15676
481.86765
481.92546
519.80641
519.89969
482.04793
481.66801
519.79441
519.84582
479.52929
518.94644
506.23971
438.40351
453.95536
512.19457
453.50282
483.3289
520.34952
479.47825
519.82322
519.95539
506.75002
432.23665
481.06207
482.63631
481.5978
482.07648
490.29814
519.8649
480.36849
481.52472
483.07441
482.87364
482.5535
482.55695
519.77911
511.79338
525.8544
481.82516
482.25433
518.14497
481.94337
482.51119
519.79412
520.00476
482.35644
519.9223
483.75839
519.80999
482.48695
520.71857
481.18733
480.11122
519.84951
521.03671
483.15195
478.97041
519.87282
482.99347
480.19087
519.85427
479.42533
519.78026
519.82622
483.31792
482.79787
438.09327
520.10419
483.7086
481.5908
519.6214
519.83916
482.77202
519.5059
429.72502
521.65103
500.40769
518.11293
481.40352
479.77282
518.98484
448.65159
482.47822
519.81458
453.79865
482.59172
438.77843
519.76355
479.41288
481.73353
519.8759
481.35481
482.50176
519.81009
480.15301
519.81047
481.52961
482.37851
519.9788
519.81616
481.65725
483.18408
482.11028
482.95918
519.95294
519.86698
483.74692
519.81513
519.81028
518.45746
481.71557
519.85144
482.67974
519.92804
519.81787
482.19248
479.195
519.80226
481.77209
498.82021
519.00493
483.30194
481.29348
482.60247
482.47772
483.2949
519.84597
519.90467
482.79496
482.36731
519.87172
482.27065
481.98376
481.61983
519.84469
519.87836
481.64563
478.69845
481.68568
504.92229
519.95405
481.95127
520.67734
520.48148
485.60741
481.00734
479.78003
481.55487
481.60104
520.40748
520.7221
528.41224
481.98486
521.39538
481.6091
483.12904
482.41447
519.51618
479.61115
482.17452
481.51583
520.54757
482.74507
482.37129
481.90012
452.78453
529.58666
482.78917
519.10892
481.25483
520.2452
482.60871
517.90078
519.8929
505.94515
520.6875
481.67326
481.37004
482.07683
479.23466
520.83606
520.54814
477.93432
520.0981
481.00769
520.18474
482.65582
480.65219
516.36847
478.52686
480.39986
481.54976
477.8981
481.16645
481.71292
482.11859
520.0896
482.23961
482.59329
481.96691
520.17373
482.7022
482.50689
482.54956
520.01736
482.3565
481.43978
520.05885
481.26707
481.15531
520.25335
481.35418
482.0202
519.98216
482.15075
482.05765
481.51977
489.80984
522.20827
482.76029
477.89316
481.18585
480.48386
472.7916
521.08304
481.455
481.03926
482.16639
482.53961
520.97342
480.55027
519.96578
482.21085
521.20287
483.13105
482.53719
482.23782
505.5808
520.44257
486.63866
482.28171
515.55535
481.31018
477.68722
523.48726
481.85106
522.98743
490.13937
481.97961
521.67
518.9138
478.76529
522.64375
478.40646
480.42886
481.39145
482.92519
480.22619
478.31239
520.27333
480.55045
481.6335
480.74648
481.50271
480.16443
480.69452
521.31084
480.80797
521.02263
520.67146
481.18508
482.37805
481.66547
482.17046
482.46724
520.57571
520.69891
482.23379
521.0753
481.06409
520.71753
481.97881
520.7242
481.0618
481.37414
520.35876
482.45497
520.76571
483.11779
481.36658
480.61699
480.50064
520.75231
481.01623
520.27142
480.76903
520.67213
480.38114
520.41613
482.48885
481.75111
520.97128
481.12853
480.33774
481.29147
481.32728
481.35152
481.509
481.1231
480.01183
519.86556
481.44422
521.04098
520.33268
523.53841
520.68106
483.02586
521.23615
482.85085
481.89964
482.1768
520.95407
482.80399
481.22095
477.84316
481.44751
520.42653
482.08364
521.03177
478.37896
520.94141
481.78954
482.58004
480.09396
481.23264
481.00194
481.61714
481.44933
482.97463
521.18293
481.31572
481.99209
483.07
521.04101
520.22442
477.86331
480.20487
479.70801
521.9664
520.83147
520.8853
481.06269
480.39842
481.68345
520.92713
481.18221
480.58776
481.74504
520.81188
479.95254
482.80947
479.56588
521.12665
480.96235
483.11049
479.46021
485.11363
480.74672
520.90725
480.04319
481.82805
482.56069
483.0826
481.49238
521.15214
521.31936
482.52803
481.05826
521.10699
479.74557
481.14149
480.03932
521.15874
482.00995
481.08341
521.00253
477.86584
480.15907
482.18112
481.81571
481.86927
520.07853
520.45323
522.15298
477.22804
520.69629
481.60522
520.54246
483.10019
481.08666
481.16769
519.34628
480.56907
521.29798
481.79825
521.6312
479.95012
521.53688
480.17415
520.69951
520.9079
521.1128
520.87
480.53274
521.11439
480.71607
483.42072
483.17722
480.8539
483.24356
520.964
485.19764
481.11861
477.53299
474.86824
473.57072
478.40265
520.22143
521.61529
476.78958
479.58776
518.44973
484.93313
480.92533
481.69735
478.36642
522.24875
521.25143
523.54955
480.87068
482.46423
524.66979
490.56688
481.93361
483.9587
518.93147
435.58742
481.85625
513.55038
505.16079
436.08853
441.57998
441.25636
430.29423
425.47136
505.87083
507.10349
431.96746
481.49692
509.84826
443.83282
439.19253
437.24181
480.96068
440.79823
450.14185
483.82117
425.52133
435.05279
444.04841
440.78415
432.96718
435.48536
434.87616
506.03305
441.01978
480.11072
481.20181
476.61823
520.70363
456.63335
479.41912
480.53109
482.38699
520.84099
523.51834
497.31972
481.32183
508.37291
490.26314
480.30014
438.91974
429.77965
506.69249
498.80976
477.04207
523.40949
479.9118
480.04085
522.10053
521.34501
482.01248
480.37552
480.45581
519.90702
483.88479
519.91684
483.58166
480.10982
483.68143
483.08236
479.89252
519.9585
483.62589
519.96607
479.88277
480.34588
484.03231
519.91491
479.9446
483.5141
519.95769
483.21336
479.84463
520.01776
519.96472
480.23717
483.62281
520.0075
483.4968
480.23028
520.00211
479.64607
483.56303
480.47512
479.99414
519.02201
480.28886
483.48654
520.97337
519.96517
483.49646
519.93098
483.59056
480.21714
484.00134
483.85822
483.66228
483.64025
480.01799
480.41742
519.96793
480.13675
519.91399
483.73605
480.43632
519.92128
483.90843
519.97771
519.92248
484.03821
483.9523
484.05441
519.97385
480.2247
483.70639
480.31258
479.95182
479.86745
519.89213
483.76655
479.92533
480.29302
519.89399
480.07341
519.97603
484.08061
480.03617
519.96128
480.19932
482.51754
519.93608
484.15211
480.05139
484.18321
521.32592
480.12999
484.25414
480.1842
482.6987
519.97839
480.21409
479.80694
483.95451
480.23498
519.30607
491.2268
479.26477
520.23777
483.0888
519.45813
479.99671
479.78707
480.04634
483.70932
483.59286
519.93574
519.8553
479.7135
520.12101
484.14335
480.15547
519.91422
519.62774
478.06509
520.18777
480.86095
478.0001
481.18769
519.04913
479.75604
481.44109
519.85339
440.5244
437.53206
499.4681
445.7329
435.98429
440.59815
507.60167
483.33471
481.41863
480.715
479.28565
491.12652
483.50462
519.97798
480.79635
483.51147
519.94038
519.09088
479.50925
507.18863
519.02623
437.88455
480.00405
480.06364
506.35767
435.25418
478.95873
453.13453
451.94718
434.51887
483.15148
519.73841
478.80167
518.5777
431.75238
448.60927
479.55905
507.70176
453.10664
499.2716
479.55017
506.15625
444.96918
478.75772
519.43757
479.66161
482.64312
507.76227
478.02456
519.73313
480.89991
483.35879
482.713
483.01603
481.6508
519.3379
479.44972
430.94333
519.98786
453.22502
506.21471
435.63282
430.4709
436.4168
478.71431
481.36347
483.89499
519.95443
484.28784
483.89468
516.78185
480.23825
516.47825
519.43994
490.59318
519.92405
484.08423
480.37204
520.28165
520.26096
520.27093
520.18874
519.91923
479.99373
477.92362
519.90045
437.38983
519.97756
483.77348
519.97297
519.45419
507.46218
519.17475
520.16281
520.8997
519.16967
519.3642
452.15234
490.77542
483.48629
483.94251
482.27905
482.14508
479.78343
480.34704
446.19498
480.25315
484.04087
489.86317
520.03412
436.4814
440.03043
452.7892
437.13321
482.62322
520.50059
519.94112
520.18508
483.48224
499.34877
480.66118
448.43243
437.90869
437.94003
482.82953
507.13235
479.25462
478.40312
431.79068
479.67404
478.95246
432.67909
483.15748
438.63725
478.85289
519.69868
452.5832
519.79944
434.41096
480.15105
428.03999
440.68631
519.96152
505.25238
520.50885
515.40324
497.74695
438.29776
452.29692
503.20146
498.16306
485.0108
480.67501
482.45942
481.45348
483.66318
480.82389
518.23941
483.21265
487.99448
521.29757
521.206
478.34523
486.14262
482.57943
522.95636
506.22845
506.67085
507.41868
483.64031
436.54354
451.71967
441.24401
427.26666
524.31783
460.90626
481.007
442.85678
481.05658
505.05631
507.57959
428.76999
466.59172
486.14255
426.90575
440.59033
516.57879
507.35114
446.66414
440.31476
443.54364
452.4156
451.9657
481.8157
480.24994
506.24465
436.20514
448.28826
501.02358
439.02294
431.10069
449.87229
434.66667
479.33207
440.6178
517.7932
475.16908
518.35932
479.60376
434.83825
491.41585
439.15534
519.00572
486.01587
494.82761
507.05009
505.07909
483.66916
516.39459
522.33641
478.63727
520.70987
431.55577
478.48019
482.67356
481.80165
521.07523
436.11527
478.0595
522.72273
480.04136
476.08885
483.94258
480.91817
479.94447
480.54199
519.85164
478.08809
479.95105
480.42281
479.37565
481.64911
482.13449
482.51573
480.15278
501.79094
451.44207
481.95576
480.39601
517.76115
477.3716
506.56508
472.46836
479.82221
520.03927
477.89987
518.41565
520.18173
520.25297
488.45108
480.7867
520.1937
521.94629
487.8722
481.98658
522.38454
518.89102
484.9299
510.09726
518.33398
521.11479
520.90336
510.06458
488.27165
507.95159
518.91372
517.18254
483.22198
488.18069
519.46785
480.91512
479.17402
482.57177
482.56267
514.42544
506.39938
521.00465
523.38578
462.09498
440.93167
457.38762
484.35524
521.90058
507.3651
478.35716
482.85806
505.43601
520.30215
453.20869
457.76535
481.99455
454.94797
451.94681
450.58711
480.9996
483.7739
479.75954
458.5307
453.79553
464.85175
488.2461
516.88122
509.90826
451.76134
483.42289
479.59338
484.86429
517.31923
482.55094
522.30149
480.10916
483.98175
484.34217
478.29982
517.27796
478.91807
517.60148
482.1026
517.60117
484.56316
509.92362
518.17576
481.68806
480.97645
477.26771
483.66007
480.26151
483.57951
480.14267
480.5113
524.47998
482.72674
483.32927
477.9073
481.54379
519.98608
519.92757
519.87598
519.72473
483.67569
516.83569
479.6811
483.73403
479.5691
521.18653
520.02373
480.23355
482.63588
480.15975
481.92007
453.83644
518.23539
519.48791
521.68832
483.30226
521.79189
480.23131
486.49905
476.97005
481.92757
484.0274
510.42608
475.39361
480.74558
524.52069
480.4728
505.85193
520.31632
483.36166
479.76331
480.52618
478.3163
520.14315
481.02994
478.82923
480.49474
477.81897
518.65053
523.97692
491.48894
519.89194
521.55254
515.99919
476.21143
480.35222
479.36679
505.28316
518.74275
521.0856
479.24731
505.91687
482.02105
479.294
483.37958
520.79784
519.00671
480.68043
520.24473
482.2101
505.07366
489.15315
482.55027
518.87476
481.54799
520.266
521.24059
520.93311
488.84593
482.23661
477.67981
487.79969
518.845
481.1778
480.88565
481.12517
479.55509
482.75081
481.66156
480.04177
519.75255
480.35727
481.11828
484.19716
481.4844
520.99428
480.87492
520.1163
482.01924
523.35583
480.69411
484.0338
478.79934
479.98056
477.93911
483.65278
484.33809
482.2353
520.51311
487.67775
482.91749
519.49438
517.16714
518.83536
480.29025
482.91081
482.69942
524.49062
490.98709
483.70211
518.46795
482.26241
477.56468
516.08297
482.83125
481.95153
515.8516
482.55886
488.73265
483.05547
515.14502
509.9346
481.29434
507.42845
481.04082
527.87689
484.20644
482.12285
479.76659
455.5621
490.53895
479.69484
505.41046
505.0692
451.90464
499.34817
481.88072
505.66887
456.85331
483.89835
480.56148
510.01827
521.61835
476.93421
480.31893
482.51815
480.54588
478.029
504.90965
454.38105
480.92673
480.00937
520.80578
477.68902
455.3554
506.16403
454.17058
480.01015
525.17628
480.90545
507.6617
481.51
519.78567
482.28693
481.52338
489.16576
477.77133
479.09897
479.13883
480.31324
478.63715
479.42953
478.67113
510.38439
484.61974
492.98849
482.96141
463.9626
481.37789
479.12278
484.69035
519.3376
481.67426
521.59006
481.56586
488.80208
515.48728
482.14324
482.58133
506.19171
520.27923
482.41679
480.41355
481.95337
481.92323
480.35388
480.25156
521.15228
439.98483
481.47338
477.68163
520.76359
458.71669
519.2931
477.61714
474.15735
519.88946
510.33199
478.47201
517.07291
518.2268
505.17084
483.61298
518.94469
474.40057
524.6406
484.67997
478.8052
480.99026
482.33677
481.68023
478.57329
517.89695
487.28631
509.99236
522.706
484.64331
481.95825
478.85248
516.49352
477.60165
486.73125
490.32882
480.08011
482.23262
519.94577
485.35604
455.51474
479.52016
483.05073
482.25257
481.98673
480.96944
517.34004
521.98267
503.96252
483.24909
518.78158
480.56692
480.11372
519.9318
480.77381
483.233
520.15018
482.99404
520.09588
519.34922
483.70028
522.34205
479.03122
483.10124
480.13533
525.02333
478.10507
522.0046
520.88387
516.49511
483.00199
516.72916
518.75411
458.27545
478.1047
505.9827
518.0953
481.06963
453.00672
488.13503
476.65553
519.04831
480.64892
491.9596
481.97317
516.80162
484.54755
519.62966
483.24342
518.63767
519.04261
525.31669
521.36695
479.11051
517.74634
521.74775
482.05793
518.75094
519.867
520.42665
477.72248
481.92798
515.106
479.34283
518.0961
498.26343
479.6544
482.62982
481.59679
516.55429
481.16691
480.49512
489.38831
482.3376
522.00995
489.52057
483.76611
479.35579
479.79187
480.04806
506.69715
514.89684
521.11969
483.22364
483.07937
490.1821
475.92475
484.98379
515.72294
480.15395
475.09948
480.27885
481.00965
481.42681
522.94816
520.78499
482.76014
480.07426
516.45824
519.47962
482.34562
481.07059
519.83227
481.68685
483.36161
520.12332
481.84929
456.18424
518.68141
482.85225
519.72074
481.86534
477.85109
481.10967
478.42651
486.46578
521.62623
517.1181
522.32222
480.44813
520.64431
480.37157
513.95733
480.46185
481.6292
480.46922
488.02317
505.92664
478.90661
481.67924
477.43549
481.72445
479.60029
483.00384
481.04011
480.6374
481.14172
520.04678
519.65081
476.4415
481.5588
483.0135
490.94161
516.58662
520.55634
482.03854
521.22125
481.85813
521.18898
481.81634
520.38594
480.55312
521.24975
479.81121
481.39811
480.80844
520.55085
482.10118
521.12331
481.24854
479.94677
521.40624
480.83197
479.72284
481.58922
520.71858
482.37528
521.85039
520.9159
475.52348
521.20364
478.42447
481.34701
521.23249
520.93841
481.06699
480.80773
482.21227
480.74068
481.51983
481.7083
519.32805
520.94485
483.53797
518.46487
480.39115
482.02385
480.85014
482.02624
482.6801
521.21002
480.45759
479.91882
482.33828
521.16587
481.15626
480.85184
521.02399
521.79054
482.18177
519.19686
523.58143
482.56868
479.78488
520.16942
482.22949
482.35501
521.38966
483.69331
521.04161
480.05706
523.54846
479.5046
481.29887
519.31756
529.41831
486.93691
480.52295
481.77156
481.8262
481.24135
487.30587
475.76637
477.0299
521.35816
478.67631
520.0451
480.44199
486.60746
480.48075
524.23188
519.01952
516.53513
483.13182
480.62936
521.60362
480.43725
480.73363
477.2449
481.48483
481.86442
477.71145
477.79992
524.26738
471.74377
521.61981
472.15249
477.85551
482.56642
481.29015
480.37783
481.55892
521.97081
521.69919
481.54528
486.9073
480.52419
480.60014
521.21049
520.67402
483.90173
524.79255
478.60306
481.01163
519.81485
491.8823
487.73804
521.089
480.07727
478.16525
477.63171
477.50494
486.14137
520.81639
522.20152
522.03259
479.76592
480.85862
480.21314
483.27488
520.55647
480.79884
518.89094
480.71795
486.68692
481.7888
481.38369
520.21018
478.77278
481.54082
483.30929
522.54715
473.8362
477.20618
482.00973
481.0166
475.81816
521.46918
482.88
486.53577
476.99232
521.7719
487.24375
486.81585
478.24626
519.59047
520.70787
524.61033
520.16195
481.76356
521.53091
519.79554
479.88125
481.85833
479.49074
483.2628
477.61113
523.69145
521.19465
478.94668
478.82202
488.37063
482.72821
481.49089
481.46463
476.91578
487.16386
481.68944
480.62053
478.03364
521.76503
482.69837
479.08899
479.54147
479.05939
484.24809
479.94316
480.65649
520.42313
524.0641
517.91253
524.45007
479.98259
521.03356
479.73554
482.23894
522.88427
527.69975
480.6473
521.47067
520.9312
522.49489
486.54216
521.21443
452.42448
474.90706
482.36267
483.50911
486.91227
480.37094
481.98501
478.1694
518.56635
479.11783
476.78141
481.38741
521.17936
482.38054
520.85491
480.91485
479.83701
482.0212
522.62044
480.76911
481.68224
522.74812
488.58479
481.25555
481.27276
524.23419
476.96399
475.8331
476.04952
485.36232
480.97558
527.68233
520.53732
481.59649
488.71445
476.30324
510.07726
522.84399
480.55656
526.7265
481.72497
479.47362
482.87923
505.53179
481.73683
480.82824
522.41634
481.53364
510.23985
456.9437
466.54779
477.9715
480.91615
464.09689
518.60964
451.51529
455.61852
506.39199
522.28391
505.28099
479.49715
480.19082
483.56202
507.99953
507.89554
505.34115
480.91837
519.96771
520.87733
483.56542
521.64461
481.96547
482.75804
480.92152
480.6386
519.84396
484.18945
483.95171
478.41923
483.75891
481.48503
481.05229
519.89714
479.73648
476.21192
479.90064
485.31042
489.25606
482.75475
514.99073
483.3336
491.08916
455.49409
520.02896
516.57317
479.14399
516.19108
523.87363
482.87917
481.96455
481.2413
446.79616
446.01014
453.02301
444.84449
480.37275
518.87006
520.84203
490.27755
510.1269
489.42223
482.74141
479.09437
523.86943
517.5683
523.12382
519.94394
480.9216
520.38869
520.20527
525.3087
481.54244
520.29326
448.41805
519.22726
506.23956
519.61483
479.2802
517.40162
481.37171
524.74937
479.69213
482.2234
520.32287
520.12849
521.60522
517.90626
480.98612
484.7085
483.22433
519.75581
481.20517
487.70375
519.42275
482.85907
517.68195
482.47379
505.30634
481.61672
517.34355
481.60579
478.61767
482.87544
482.7339
521.60233
480.91799
519.67783
483.01154
480.94829
480.6503
480.78669
515.0983
505.49392
518.23492
520.82327
481.05923
519.68848
483.10474
519.71218
481.35372
483.2507
487.48669
477.48852
483.50354
479.03291
451.32707
457.31369
521.53821
481.0409
481.15216
482.62167
518.85442
519.57127
483.04263
519.53198
480.92888
519.80006
519.53518
481.00228
473.54369
483.33702
518.0749
483.84186
509.6884
516.83285
520.03807
483.08533
519.96048
480.86873
482.7731
482.92165
480.73501
519.92234
480.1013
483.11574
483.44467
519.99632
481.07625
482.95759
521.7921
479.15987
481.04131
480.61062
519.99478
480.08004
480.78604
521.43361
481.01673
519.8998
483.33728
483.11747
480.70516
519.91688
519.93617
482.81219
519.95951
519.82208
483.1992
483.32297
519.95039
519.97029
483.45474
483.31573
480.71609
480.49553
483.23561
479.1077
519.9087
483.33552
520.1208
479.80706
480.91618
483.44168
483.44417
481.20341
483.17712
482.89837
483.10121
482.53989
480.28894
520.00976
480.6997
480.5948
519.71119
483.44874
480.61981
480.49617
519.98421
483.22716
519.79123
483.00266
480.81963
519.97546
520.00187
485.20585
480.92898
520.62441
521.51309
480.79848
483.04282
480.69689
481.02931
480.80452
519.87968
481.72419
480.9189
519.56342
480.67092
519.88513
483.11699
520.33134
520.10178
482.82403
482.74025
483.03543
482.97827
519.76982
483.46661
483.03366
482.67136
480.96938
480.51845
483.59981
482.58058
482.75979
480.65606
480.68961
520.01136
519.86873
482.01509
480.86888
491.38701
481.22775
519.92914
521.78989
520.90839
480.93436
483.63985
483.63145
483.58848
483.30431
480.66604
519.95705
483.21208
520.00819
519.80756
483.27652
480.25876
519.90278
480.46367
482.24355
480.48506
519.51661
481.36452
484.40553
491.10338
479.3265
483.27849
517.96223
482.53681
480.44382
481.99466
520.07492
483.11966
519.83108
480.72208
480.89271
520.47427
520.02279
480.91748
480.68642
519.55571
482.2203
478.0502
480.80897
483.12487
519.79933
480.86619
519.96162
483.57199
481.16852
519.89743
483.70912
481.50719
519.97131
483.17654
483.38113
483.38647
480.77217
519.86946
483.68805
483.2127
519.93723
483.26829
483.67954
519.95148
516.65004
480.27837
480.57301
519.95949
480.5405
480.80735
520.01786
480.58313
481.7164
483.34781
483.42665
483.50247
480.18388
480.19883
480.0767
519.93251
483.78227
480.11394
483.33869
480.31097
519.93063
483.41071
519.97604
519.95387
519.92306
480.54611
480.47031
483.88566
519.94534
483.48885
519.78788
482.06028
480.35047
518.40686
480.27809
483.5673
519.98198
480.16954
483.69672
479.9685
520.81114
519.97867
480.36889
484.06753
480.46779
481.75232
483.54109
479.89338
482.63279
483.95924
483.93274
519.96137
483.60025
480.38275
483.99067
520.90599
479.96118
519.97738
520.4757
479.90877
480.29049
519.98135
481.81018
483.63286
519.96143
480.04133
481.63969
483.76995
519.93437
483.80608
519.96959
480.68798
519.92386
480.16568
483.59371
519.91758
483.84099
480.39481
480.48134
483.86364
519.99146
483.39757
483.02873
481.47176
480.07292
519.92477
480.30529
519.93185
483.66698
480.32091
519.92124
480.41105
519.95471
481.28113
480.34227
519.70845
483.81148
483.7533
483.81228
483.82637
480.25648
519.97855
519.44712
484.03897
519.92264
519.87121
484.07151
479.96145
519.92993
483.89264
479.88778
480.20351
479.7254
484.00335
483.82384
479.82785
479.93711
519.62331
483.74492
519.96367
519.99176
519.95501
480.26574
483.56909
483.74544
519.92996
483.80294
480.80623
483.9119
483.68036
480.13509
484.1408
480.09748
519.97735
519.49067
477.87754
519.71178
481.17644
519.88787
505.13126
480.68934
519.99196
483.30845
480.36431
483.20426
481.01005
483.36116
480.80384
519.96541
520.08889
483.08916
483.09137
483.588
480.38194
483.10322
480.57959
519.82115
480.7058
480.54521
519.93699
483.19584
509.03972
480.65289
520.00018
483.68766
480.30251
483.36616
520.60002
520.12844
482.00547
480.74253
483.58919
519.97982
519.95635
483.45358
483.60261
519.96771
487.39775
483.46318
519.79687
519.96247
479.37183
483.47359
519.98735
480.38134
519.73275
480.49
482.47865
481.84484
519.94231
519.95653
519.95415
483.55563
523.02124
480.44113
519.95046
484.00829
519.79441
519.83609
519.98067
479.99612
483.77581
480.12784
483.9417
519.94126
483.50165
483.57087
480.13416
479.02526
483.68925
480.59047
519.91729
483.7577
480.47091
483.85027
483.71191
480.12721
519.9493
522.30315
519.5868
519.99814
483.47373
480.21832
483.65984
519.92355
480.56778
480.20831
519.95787
480.45394
483.62592
480.29689
520.04236
483.98333
483.5608
483.73433
480.51538
483.65597
480.09944
520.01822
519.99481
480.29154
483.48059
519.71363
483.64479
483.04896
480.61282
520.4113
480.37299
486.68592
483.60629
480.05855
520.04242
480.08689
483.58407
483.34326
480.54983
520.03309
520.00793
480.15327
480.31854
480.06896
480.40023
483.54797
480.00638
483.95596
520.00093
519.5474
483.2867
480.44061
483.59783
520.02987
519.99792
480.58947
483.91903
480.49112
480.23315
519.82003
480.31423
519.94604
480.34145
483.45451
483.97432
480.08338
480.07595
484.01809
519.26015
519.28405
477.84781
480.12333
519.41783
483.97987
480.29901
483.82506
483.90194
519.9316
480.0991
480.37411
517.63221
480.246
483.92449
522.60721
483.9018
480.21583
480.30607
480.21913
480.37734
519.50789
490.72876
477.85577
490.65343
519.5464
480.52975
519.9185
483.03298
480.08403
519.3804
519.36655
483.61839
477.85627
480.16092
519.62825
520.29497
519.43227
490.5338
519.89384
482.79422
490.45459
480.44953
483.70031
519.97807
520.00694
490.11931
519.72544
520.07118
519.96966
477.86239
480.12784
480.08494
519.61283
480.48568
520.08283
477.8666
520.48255
519.55494
484.23069
519.98507
480.064
481.351
483.79157
434.46939
480.34474
519.44827
519.44015
484.18613
480.02863
519.95696
484.08033
490.76728
480.1798
480.41422
483.87131
519.9972
480.18959
490.99917
519.388
480.16192
482.20803
480.28933
483.91694
520.8429
483.9302
477.86031
519.32183
520.73272
480.05502
519.96657
483.67825
480.37134
519.77288
480.06539
483.9514
480.46666
519.94467
480.0697
520.69811
483.73294
483.88823
477.88886
480.27154
519.45203
519.79281
480.18848
480.24346
519.95815
480.11668
483.79421
483.85518
480.66343
519.55829
477.71567
519.92362
519.46503
480.05972
483.78779
483.94775
521.12396
519.90061
519.33833
483.68461
480.06622
483.68899
479.90818
479.83214
520.04897
480.24651
480.28257
480.23463
484.01747
477.29012
483.93607
519.9371
519.98563
480.30507
519.9284
484.0504
480.20137
520.05535
483.72022
480.2987
479.99683
519.94498
479.8851
483.78533
519.89961
481.20484
519.91161
483.85598
479.90252
519.96228
479.95087
483.89006
519.85145
484.07612
483.93158
519.90375
479.82493
483.97943
519.93329
483.74368
483.55602
519.9365
519.96826
521.08077
519.93957
521.70038
483.94751
480.04227
520.00458
481.38288
480.81638
484.30193
480.35776
480.09354
484.15127
519.85759
477.9672
484.13236
519.90621
479.73065
480.28112
519.90762
480.06171
480.32503
484.21284
479.83416
483.98001
480.08141
480.12853
479.75025
480.04073
480.10166
519.88418
481.69235
484.27521
479.88739
482.28171
519.93292
479.75021
519.95515
480.16193
484.00783
519.83575
521.1415
479.73625
520.25128
484.31064
519.9248
480.00147
519.88455
480.17267
479.99681
479.86924
519.82884
519.87435
484.05688
519.89027
480.13761
479.67466
477.88181
519.83917
480.08198
520.94793
484.36362
519.31889
479.78998
477.88018
480.6634
482.91156
519.9524
480.08881
484.40372
491.23077
519.87772
479.88816
518.07391
479.77328
481.85345
482.15374
478.04423
519.96379
477.88398
519.48604
491.31674
479.77012
477.89203
519.94316
483.49885
484.15023
519.37706
479.90126
484.21163
479.8924
520.00798
519.53841
483.74706
484.10511
480.13297
483.6944
519.25787
519.89196
483.99612
479.97721
483.9237
491.13493
519.54456
480.14214
520.01884
483.57731
480.40218
490.87828
480.21883
479.82764
519.9722
519.96474
519.97738
483.91123
519.36547
480.1686
480.38867
480.82938
482.9201
519.94759
483.16979
484.32612
519.97351
479.6665
484.34728
480.1186
484.24882
483.60544
521.50328
519.96341
519.95264
483.96708
519.97441
479.74884
490.75246
479.98845
484.1169
519.8823
484.05115
519.89308
482.02097
519.87465
484.34521
479.68057
491.34559
479.59216
519.43572
519.91765
520.31535
484.04581
479.87244
484.37279
519.843
479.99858
519.902
480.09936
518.66832
479.94442
484.23346
479.64979
480.01049
480.3751
484.24852
483.91796
481.38511
482.67001
519.9337
484.21876
480.06142
484.19374
519.88402
479.80071
519.88224
483.87945
479.79886
483.80647
520.08876
479.99735
481.05712
519.91283
519.91905
479.83892
519.94283
479.69344
480.3417
523.26674
520.15712
483.73957
480.01349
521.37576
482.65096
519.91328
484.12642
519.96072
519.94211
519.93312
480.32928
519.97216
484.01306
483.7791
519.93431
483.85629
484.28239
480.08644
480.1402
519.91572
484.09514
480.02966
519.93325
482.62956
484.03694
484.32609
519.95567
479.98678
519.94993
519.98645
479.73766
483.92447
483.73763
520.02526
482.26318
519.95557
520.71342
477.74864
519.94124
519.84616
479.86077
430.65935
440.45137
478.57963
444.51919
499.17276
476.31107
440.35466
437.90951
452.78018
480.62364
500.28262
481.81472
507.18983
507.10221
478.95888
480.84605
481.79452
519.53743
437.89312
432.56892
448.43619
479.59688
432.30103
481.21157
479.62984
521.35261
480.56013
449.03231
479.50237
482.60933
440.62253
506.22332
452.79666
438.09364
500.11068
479.62235
435.82793
437.83676
482.26534
483.41183
482.4328
520.29355
520.04505
479.16117
483.748
437.78689
480.21246
478.1138
480.20245
519.35265
519.44583
483.78925
479.85946
491.25194
480.16366
519.45496
484.23376
491.31746
478.55216
519.96773
519.87518
525.00451
482.66652
478.74729
481.63636
519.03578
500.16024
519.47753
482.03012
481.14585
519.86296
482.14376
478.18187
520.50825
482.62823
519.37342
481.89929
520.66683
520.18743
483.49712
480.94629
519.44346
479.93274
519.71614
482.29234
481.39699
484.3137
480.09866
520.96414
519.90649
480.15209
479.99186
480.48379
519.43309
484.14645
484.26065
479.73816
497.72815
479.08285
519.90024
482.04346
481.72911
484.10705
479.74404
523.14016
506.27732
478.50346
482.03591
482.06643
481.13012
518.81887
519.82815
483.92614
519.9271
483.98956
440.22054
482.53819
479.59088
452.89335
479.61396
440.28793
519.27581
518.43353
482.54908
443.63597
450.47325
519.98471
479.45051
481.3947
480.06072
506.22471
481.21116
519.73311
437.71765
432.57225
519.81561
481.63637
479.19721
449.13437
438.00842
432.61625
478.98697
479.21706
518.77559
481.1563
482.04103
500.19464
481.38828
505.29306
440.10472
482.34129
452.99742
521.09335
483.30566
480.45344
438.00194
481.90395
483.29829
480.97641
507.12776
519.08331
440.16509
519.40558
484.41164
479.7168
519.47403
480.55554
484.03249
478.18787
491.39073
478.40734
519.85553
506.25036
481.38994
481.57025
484.43001
519.88117
480.07272
519.2774
519.31505
437.91754
506.2616
448.59615
481.15592
518.95374
519.3256
482.20427
483.38277
519.8725
480.16442
519.52551
480.43581
483.9856
500.33636
484.19881
519.47938
519.37157
484.17399
483.31934
519.83778
478.19431
478.13476
479.66446
484.18493
491.06767
479.40282
491.1757
519.45627
480.43603
482.60895
483.7425
479.90649
481.8999
520.29677
483.42819
483.29611
481.76366
519.14303
479.84855
481.08216
519.30848
479.3725
475.46045
484.02668
480.68701
481.76967
519.87722
478.73034
522.70752
514.74141
480.7849
483.11237
520.17718
480.37257
482.54719
480.59066
438.10636
440.04981
516.91669
478.09922
507.14023
520.62258
437.9355
479.59763
453.09737
479.62262
519.83021
437.64567
507.08212
500.38253
481.89038
482.54192
518.86781
520.11804
520.51677
479.68574
518.89691
482.41434
481.51466
480.98685
482.62439
480.13627
519.45214
478.98269
438.01094
479.06022
483.14544
519.23555
519.82
439.99557
479.25496
506.22789
500.44222
453.15507
439.93094
448.84601
432.63673
506.21538
479.61085
519.17517
482.48428
438.2297
481.9293
478.09261
516.61398
519.18918
480.31309
520.57384
481.53579
481.02468
480.62395
519.93308
481.73026
453.18589
478.17668
526.31535
449.32743
437.81369
432.69947
448.67393
432.61501
449.0412
438.24984
507.08947
448.98858
481.98297
519.6099
519.34756
479.26392
480.78793
519.89262
482.36074
481.84138
481.46536
481.1211
519.28961
479.42831
506.16325
437.58111
437.4933
439.73033
439.7993
438.3479
479.60408
478.05347
482.91161
482.06742
506.14145
479.53076
519.51206
479.56616
506.15691
500.38154
482.35803
507.07372
479.33233
481.93232
480.29561
484.12124
481.61059
480.66388
519.61675
482.56592
479.90652
453.30654
519.53673
520.21299
520.01711
478.08102
480.52895
507.09582
480.70053
453.32892
483.57192
519.60736
480.2821
520.03948
481.32681
479.88355
484.83881
479.40682
483.85945
519.51857
484.46347
518.91093
432.66495
520.34778
519.63399
519.30273
519.94788
518.87676
519.82507
519.25758
483.11161
507.06514
506.2034
479.54707
479.58219
490.98443
482.32771
519.29904
479.37321
519.9338
481.57362
484.16412
500.27631
484.34504
519.78742
484.13532
483.86875
519.95683
483.42854
483.87941
491.03142
480.46656
480.17424
519.85368
519.87436
479.88782
449.22162
480.21302
482.03815
481.963
484.28927
519.86831
483.83692
479.97483
483.94293
432.66503
478.17091
480.15629
519.09102
519.83345
519.88446
483.97899
484.2144
484.15248
479.8228
519.90837
483.7525
484.09272
484.01729
519.91581
519.95535
480.03432
480.21945
477.87146
482.45917
483.83285
519.88427
519.90152
483.92393
519.95949
479.94827
483.7296
480.03916
519.90135
519.8662
480.0305
480.24343
519.9309
483.73576
483.60444
483.19132
483.86184
482.79013
519.98971
480.47966
483.3295
483.90088
519.95963
519.97738
480.36461
480.27028
519.86617
520.80066
480.25096
479.91433
481.27817
480.27353
484.0011
519.71183
480.35714
483.93349
483.59294
479.98598
480.10377
519.90547
480.43568
483.5709
519.88599
519.80393
483.97557
480.3944
483.95742
484.04121
484.04251
480.26819
478.10424
520.91413
484.09544
519.85263
519.90496
479.99998
484.115
484.02982
480.10818
480.35023
519.87731
480.12037
480.64538
480.19313
483.79626
483.99343
483.64616
519.81444
478.09858
483.84323
491.54512
483.99271
519.93021
491.34531
479.37957
519.8628
483.65312
480.06706
480.40944
484.02003
483.71433
482.23949
483.89713
480.19179
478.09832
519.83086
480.45613
519.81824
483.61086
483.96375
483.7227
519.86757
480.54439
480.58279
480.32511
480.14684
483.55587
519.85824
483.67043
480.10827
481.53144
483.34565
480.44504
519.51072
480.40001
483.49206
519.84862
480.02194
519.8568
481.00406
480.16817
480.55703
519.48959
480.58777
518.74094
519.84585
480.55461
519.78339
483.50805
483.82371
483.69591
480.45878
519.82877
480.24334
483.62019
519.89715
483.65942
480.62501
519.83418
519.86902
483.55183
480.293
483.84475
480.50183
480.54291
519.97248
519.90014
483.49247
480.58095
483.70018
480.69843
480.36259
519.91289
483.42805
483.7403
519.93026
519.84943
480.43246
480.52468
483.48743
519.86442
483.54847
483.85745
480.43347
483.8865
519.89284
483.76728
519.86663
480.19951
480.67367
483.55561
519.9344
519.83663
480.17317
480.34714
520.04439
478.77298
520.0486
518.87491
481.15388
480.52917
483.50954
519.66764
480.48611
483.34535
481.31395
479.15636
479.28537
519.81989
484.10673
480.5506
481.64154
480.04269
520.2545
483.38504
520.20824
483.86355
483.4176
480.77427
480.52265
491.3972
480.45242
482.86873
483.18991
483.55739
519.14477
483.44879
478.04585
481.94766
481.53944
480.12854
519.62626
479.89281
481.09093
482.22907
519.33597
479.61366
481.3748
482.15523
438.47257
507.07004
439.46152
519.53216
506.12932
500.52952
439.52801
437.44605
432.74393
453.48547
449.31627
500.51094
432.71554
482.08386
500.50059
437.43265
432.67893
449.16331
500.44761
438.42358
439.59804
481.80867
481.94614
518.8108
479.54032
481.72317
519.12945
506.11622
479.54443
438.38844
437.53622
453.44723
506.10945
479.34068
449.24894
499.40513
520.37017
449.23193
519.00164
500.37827
438.28795
453.38221
519.12401
453.23942
507.07812
478.60747
500.45162
483.21573
519.5259
506.14809
519.12068
481.93309
481.93988
519.38961
520.60229
482.82682
479.95593
519.76787
483.45452
520.52778
482.08989
480.16382
520.02133
519.70976
482.1147
482.11134
519.05575
519.96594
480.49736
484.06771
480.24455
480.06095
520.09504
483.67466
483.78594
519.83246
483.4045
483.16987
478.34353
519.63386
483.71979
479.53432
432.71275
480.60496
483.57714
519.98089
483.62682
480.33916
483.28821
483.20119
483.44022
519.95207
480.30994
483.50122
480.26138
519.94447
483.33566
480.55215
480.48303
480.53012
480.24817
483.70973
519.9807
520.07741
483.48349
519.96933
480.66342
480.09118
520.07875
520.07531
480.21461
480.18465
520.01294
480.69048
480.39072
480.26977
519.48192
483.40667
490.28308
480.22473
483.55186
519.93331
480.41627
483.77933
480.12689
483.4438
480.31312
519.97785
519.98619
521.41084
480.2893
519.91214
521.46767
481.78555
480.55727
480.39964
480.43565
519.88407
519.87822
483.65284
519.90423
519.94502
483.99376
483.66914
519.90489
480.50633
480.17905
483.75724
483.52864
480.40311
483.40951
480.40009
480.34814
519.93286
519.89679
480.60064
480.3924
521.82146
480.58487
483.61314
482.14638
519.87513
483.67516
519.94501
480.43278
519.93992
483.71495
483.56521
481.03547
483.59331
482.8998
483.64594
519.89093
520.98783
483.73451
480.46825
483.67262
483.68612
519.93538
519.91086
480.63996
483.48567
483.41735
483.49462
483.54364
480.5556
480.27389
483.56831
480.11933
483.78911
480.23738
480.17299
480.40276
519.88937
519.94051
483.81606
519.93975
519.45021
482.54767
481.28886
484.09507
480.33439
480.21055
480.14935
480.27895
481.78238
480.42034
519.92557
519.92771
480.77694
481.64177
483.87181
479.88469
479.9261
480.221
519.93908
480.38901
483.84967
519.89383
480.38096
519.9375
483.78929
480.07416
483.72557
483.79326
483.56938
480.44973
480.44538
480.21334
520.6956
490.83315
519.89389
480.03646
481.72011
519.93709
480.31203
519.82603
480.0206
484.08938
483.50732
480.16265
519.86187
480.11823
483.08866
480.36863
480.29382
480.30847
480.12305
480.28624
519.82736
483.72028
519.91899
483.36531
480.59119
480.61736
519.91265
483.66199
519.867
519.94862
520.05983
483.50994
483.46606
520.84582
483.85361
480.74905
519.85208
483.54473
480.6845
519.9134
483.60423
483.42566
482.9257
483.39644
519.94678
483.30632
520.10294
480.43223
520.10878
483.33224
480.31765
483.33828
519.93668
483.37325
480.50004
483.68486
480.5407
520.02294
483.1852
519.64665
480.3146
480.73424
480.77851
483.58972
483.22598
519.89046
519.80797
480.84213
519.91677
483.48397
480.78648
483.31743
480.59356
483.11994
519.91539
519.89404
519.89413
483.61052
483.22319
483.16292
519.84096
483.1982
483.16271
480.61871
480.56977
519.88489
483.25694
480.56298
480.63066
483.42733
490.89554
519.89114
519.86223
519.89471
519.84862
480.79268
480.69936
480.67507
519.83531
483.14371
483.43533
520.08786
519.85384
483.29507
519.80324
520.034
480.84241
519.85551
480.77472
483.44413
483.37453
480.85836
480.60957
519.84937
483.39933
480.67145
519.91302
480.52122
519.91456
483.50432
483.33876
483.3844
519.90324
483.54985
480.45379
480.33825
519.88008
483.565
519.88614
519.87548
483.61066
480.29636
480.66226
480.68028
483.5211
519.92727
480.72372
483.47238
520.01736
483.45622
480.69643
483.49226
519.9432
483.5395
519.00825
480.58871
480.79425
480.56451
480.49356
480.36323
519.95116
519.87058
519.89635
519.87324
519.92953
480.45762
480.53619
519.93251
480.13017
483.35421
480.04878
519.902
519.90621
480.70754
519.89054
519.85873
483.22778
519.90604
519.86576
519.86025
519.84282
483.38255
483.39107
480.63801
480.86351
483.34253
483.09924
480.88965
483.16007
519.86212
480.9327
519.86578
518.68493
481.04672
480.62963
480.9478
519.87083
480.65411
519.84384
480.47916
519.91475
480.72077
519.84905
480.70059
480.36167
519.88245
519.91312
519.92302
483.18454
483.17778
480.58181
480.636
483.22538
483.12393
519.94934
480.75413
480.72101
483.29925
480.89927
483.55367
480.97303
519.90264
480.81837
483.37034
483.36186
483.29016
480.82678
483.2806
482.98975
481.21457
481.0957
480.61489
483.11768
519.95902
483.3301
480.78246
483.0148
519.97061
481.18536
480.83604
483.2136
483.38342
480.54121
483.1807
519.96107
520.02006
480.45738
519.91449
519.91518
519.96105
520.21446
482.8806
480.35034
483.23964
480.74374
483.29893
480.62403
483.23982
480.57904
483.13922
480.59941
519.3785
519.96579
520.03584
481.11687
483.1225
483.17352
519.91292
483.18272
482.93805
483.04622
519.89739
519.9885
480.89827
482.71606
520.17332
482.82665
519.87291
480.98328
482.74186
481.17155
519.89876
482.52635
480.95107
519.90343
482.93778
480.8463
519.88314
519.85378
519.9688
481.00332
520.02533
520.05275
433.95681
482.95807
519.91139
482.91937
481.02194
519.89434
480.88547
481.16989
522.11482
480.97182
519.93355
483.04364
480.65172
480.80429
480.81496
519.96044
519.8603
519.90773
483.11246
483.05997
481.10069
482.99853
483.29943
480.88789
519.99616
519.90441
481.10441
483.1133
519.89944
483.23501
483.27927
483.21847
480.7968
520.02317
481.06668
519.91309
480.96711
480.6015
480.95649
483.2675
519.84399
483.08297
480.90819
483.32179
483.40702
480.6896
480.78174
519.85035
483.26832
483.03369
519.85702
483.30614
480.82505
482.96849
519.86037
480.87807
519.91323
480.77146
482.95647
481.0845
480.82273
519.94014
482.24432
482.99726
483.21639
519.89317
483.15463
482.86622
480.83186
481.14898
480.5844
481.02579
519.85652
480.81887
480.68308
481.10158
519.91674
483.16574
483.25417
519.8702
483.14406
483.265
519.89044
481.04373
482.97404
483.09628
483.21591
482.96698
480.94619
519.81647
483.03378
519.82509
480.94007
480.88913
480.86163
519.83115
480.26335
480.91639
519.90743
519.89502
519.88183
480.95373
519.84877
483.20497
519.83065
481.13304
519.83451
483.20333
480.97699
480.50455
483.37761
483.03785
519.86089
519.88369
519.90448
480.79893
480.72979
483.31154
483.36671
483.13753
483.118
480.63169
483.43055
520.01367
521.50971
519.81428
483.43513
483.49374
519.88178
519.84998
519.90574
480.96014
483.30976
519.94596
483.4521
519.85538
480.48938
483.32461
480.57751
480.56186
483.15737
480.59497
519.86331
483.09489
483.13344
480.71511
519.91071
520.02449
483.05341
519.87667
480.80585
480.75027
481.01663
519.82707
480.86662
480.89574
519.92309
482.99378
519.89052
483.0632
481.01266
519.89476
519.93059
483.1801
477.84676
480.6987
519.87445
483.09071
480.75722
483.35316
519.82215
481.18296
483.08298
481.24501
519.80801
483.00157
481.04689
483.4547
482.99468
480.7789
482.93113
482.9233
480.91431
483.13981
481.14314
519.85772
480.55677
519.86856
483.80746
519.85372
519.85862
483.08526
480.90152
483.18842
477.84879
519.84753
519.89346
480.93839
482.82621
482.90228
482.82887
480.95163
480.96197
482.84224
519.88004
480.92958
481.27909
482.78962
483.07779
482.99963
519.82864
519.96682
483.10876
481.10477
519.84691
519.81727
480.83525
481.00114
480.61509
519.9031
480.33743
482.96847
483.64527
483.82971
519.88516
519.7957
482.75681
519.84724
519.86649
519.37525
481.08013
481.12711
481.32401
481.22412
519.8759
481.07734
481.30029
483.11228
519.83717
519.90043
490.53377
482.80753
481.18956
482.97449
482.93144
482.86239
481.22836
483.03064
482.95569
481.29733
519.78365
481.31221
519.85119
482.94545
483.86094
482.8776
482.88413
481.28482
482.79052
519.79862
481.10799
482.78226
519.86997
519.82224
481.04013
481.01753
482.8642
519.88298
480.9894
519.91027
482.86469
482.92013
481.06302
481.1983
481.09846
519.8611
519.79389
483.0937
481.33628
482.9197
519.90267
482.84653
481.26321
482.97495
481.20943
482.97873
519.91205
481.23411
482.98924
519.88871
483.03503
481.08299
519.88498
483.02339
480.97327
519.85188
520.03033
519.83981
483.08897
480.74383
482.84234
482.87879
519.8385
481.19773
519.83773
481.16057
483.67808
519.95458
483.0393
482.7831
519.84572
482.74319
481.17395
519.81231
519.80223
483.1573
482.85574
482.7195
481.21097
482.75734
482.92877
482.8644
482.92414
519.87778
482.86929
519.88223
481.36246
519.81247
481.33111
519.85519
482.77187
519.84635
482.71043
481.11269
519.98943
481.18453
482.88802
482.64211
519.89168
481.19778
519.86251
519.8757
483.47827
519.8213
483.00856
481.28578
519.85349
519.92036
482.90594
482.76142
481.34362
520.3977
520.18784
519.98309
482.69962
519.93591
482.01207
482.87457
519.93268
482.94952
482.82065
482.10744
519.82841
481.04704
519.96965
482.69658
481.05532
519.98461
519.83249
481.17456
481.39057
482.56684
481.21382
483.02431
480.92796
481.16696
483.01012
482.7697
482.52777
482.27855
479.69151
519.88705
468.9932
481.01848
507.47707
481.48854
482.82981
519.9874
482.58334
519.92393
519.92821
483.11317
519.89444
482.91833
481.65938
518.67091
480.67009
478.13237
519.55986
480.43634
519.59028
490.64781
520.0721
482.83509
507.12951
520.76043
481.28761
519.34728
481.6406
480.21144
484.14349
479.24234
478.0985
483.21787
491.28729
480.67599
481.44644
479.60019
483.88127
520.17263
518.99692
482.10024
482.07141
478.54135
482.33625
432.75264
439.22884
438.64044
432.73967
437.25603
453.76262
449.41469
432.77895
437.30891
449.35799
506.05799
479.33873
437.1455
439.27377
506.1125
439.33214
453.697
481.08021
438.28701
482.13953
500.5534
456.89146
482.16409
482.12425
482.11902
438.5472
453.1908
519.0806
438.597
520.0113
437.39126
506.07535
449.24807
437.29048
432.71221
439.3987
520.34077
500.4578
479.55336
507.0745
439.66329
453.46025
479.34224
481.52507
519.09756
481.95267
518.99611
518.80442
519.32793
483.31591
479.65441
520.5208
479.54687
481.36539
520.13593
506.09158
481.37263
519.04097
482.89233
480.57909
519.40497
519.60516
519.82936
481.92473
481.92152
478.10354
518.8796
453.53935
479.43013
507.06631
484.11346
480.38043
519.84009
482.23975
490.76689
480.21001
480.53
520.12957
481.05259
479.54418
480.42485
480.35655
483.38859
483.31271
480.37804
480.20808
519.13826
491.11062
520.06226
481.5604
519.82959
480.63491
480.72236
479.71411
480.66653
520.03308
519.79952
480.61251
520.04703
520.11357
480.64843
478.13054
519.50123
483.80172
483.67254
519.83427
481.71942
480.17176
480.70826
480.76899
483.52459
519.85126
483.48463
483.26202
483.79127
483.27508
519.90463
519.83218
483.30971
480.87799
519.82444
480.48027
482.68518
483.80549
483.62558
483.60025
483.47768
480.70384
483.72205
483.20944
483.38204
519.88089
480.77488
480.34169
483.35561
519.86345
480.47924
483.44898
519.87839
480.8475
480.55261
483.25711
519.86583
519.90955
483.41405
480.8857
519.81667
483.41541
483.60131
482.7428
482.94949
480.75757
520.16104
483.57412
519.81361
483.53107
480.84771
519.88671
519.81775
480.82459
519.87184
520.09186
519.86798
480.66119
483.45852
519.89957
480.94833
519.86299
483.22458
483.50256
519.85986
519.99032
520.02864
483.17757
519.84023
478.67511
519.829
519.85059
519.81989
479.6261
480.74639
519.89418
519.84679
480.5015
480.93073
483.14736
519.83385
520.26196
520.06898
519.96471
520.36649
480.04918
480.30921
479.49778
490.94697
519.6793
520.2842
520.02483
490.45588
519.78976
480.89555
480.8777
483.55672
483.91176
480.53567
480.62506
483.52261
480.93025
519.51441
519.79345
483.3429
519.8304
519.96691
480.53786
480.50574
480.65943
519.87534
519.89893
482.9762
519.86108
483.02303
519.83166
482.79981
483.27951
480.73275
483.21817
481.09841
483.35407
483.69487
519.82699
481.50827
480.61836
480.94794
519.86525
483.43153
520.95231
482.21656
481.39181
483.43309
481.06066
519.47434
519.88828
483.43316
519.79301
483.02538
483.24481
483.36302
481.02464
483.24562
519.80399
519.83307
482.63799
519.85205
519.85148
480.81058
480.83751
482.98168
483.05257
483.55376
481.02457
519.87729
519.81719
481.05143
482.83406
483.19312
481.30765
483.29169
481.29672
483.38091
481.36511
519.85029
483.68593
483.04772
519.84947
483.04487
481.03457
480.86053
480.78111
483.40468
480.70605
480.91401
480.79668
519.94742
519.93766
480.67984
519.79329
519.96315
480.1452
520.18351
519.86747
482.72019
519.86242
519.82102
481.00351
482.81843
520.03397
482.67214
482.83884
520.41668
479.51013
481.11701
483.09238
519.52354
479.9723
490.93623
482.35377
481.71887
482.24408
482.98891
480.05995
518.69927
478.12226
481.21413
482.29349
519.83542
520.7424
483.46705
479.38758
520.19048
480.81696
518.71284
519.4999
482.17794
520.09405
480.93907
478.76528
519.58117
480.82812
478.32573
479.59476
479.22712
481.47037
480.03212
481.98053
482.03369
483.25872
480.16798
481.95065
520.00827
520.60042
483.25168
481.94394
480.60423
483.16067
480.41852
482.19173
483.05236
519.81734
482.1824
482.12103
520.07055
483.30855
490.54988
481.59068
519.85861
481.63509
482.3553
520.27345
439.20895
481.03073
506.47143
506.19061
507.25987
482.25811
520.69269
482.36815
519.62686
481.34308
480.08514
519.42881
479.08954
519.90142
519.32236
479.6329
438.68691
438.55463
453.79855
481.81478
507.05974
507.27446
438.76991
482.04312
439.19917
437.12321
480.48742
506.07523
519.08367
519.00403
481.90564
481.48136
519.32916
519.32444
482.08038
479.4202
500.55023
453.84196
520.10058
436.93074
432.56365
481.47009
480.55482
506.09569
449.61085
500.61232
432.72848
432.7563
479.52372
519.51945
507.04879
438.79144
481.41353
478.52702
483.14955
520.36052
482.12986
507.05633
519.02848
520.34773
518.80078
479.57253
519.10142
507.03996
453.85981
443.74139
439.03735
439.2651
500.5627
519.37934
458.14467
519.80518
481.77493
482.84604
482.50987
500.60332
479.60871
479.19095
520.60808
481.67718
520.36342
483.85087
483.08981
481.36669
482.25536
478.18457
519.12954
481.04129
521.17669
481.37325
518.1319
504.31916
519.99727
496.81638
520.92238
523.16687
481.20531
504.87796
520.71166
480.89693
520.67442
520.76282
482.89335
517.12463
481.8474
481.94421
481.71082
427.13987
482.33905
481.39583
481.17893
481.06436
478.38313
480.32928
491.81963
431.39822
521.91264
481.37719
520.71962
519.03687
453.3033
520.56415
488.4742
486.85583
520.8069
429.36747
519.26733
520.91141
479.69301
481.19428
520.28436
481.80846
482.30611
520.73262
521.44374
520.62902
481.56909
519.5083
481.05436
481.22066
478.58847
520.33633
505.14226
480.98394
438.3515
497.43718
520.83055
429.96627
497.5919
480.36744
440.65231
449.6152
520.8288
483.60773
481.95076
522.92527
520.22407
486.61075
477.89032
450.88434
491.17818
476.80436
482.02147
519.65471
482.18586
483.60429
481.23946
520.53013
520.07003
522.25141
482.36992
479.409
481.65516
522.68445
477.73378
520.70971
521.39489
521.49889
523.02111
479.96704
481.3574
485.00583
521.77787
506.09953
515.52736
419.87194
506.09686
482.02613
478.99217
487.26954
523.02185
482.34911
481.92456
486.42106
480.2228
482.19497
483.39589
482.3731
522.52712
481.87167
481.93015
520.04535
522.46174
481.09303
510.61071
519.0402
456.18134
481.34706
521.77691
521.29733
481.32345
481.49645
522.77489
482.23359
481.42337
518.98126
479.61321
521.97169
473.93016
478.04098
524.6154
482.15979
520.04956
485.78355
520.30215
520.76187
505.51863
482.20246
489.4137
481.74051
482.73079
520.01833
519.43298
481.70745
519.97469
482.03015
481.5396
481.95942
482.26002
482.03419
481.5034
503.47379
481.65149
486.84585
482.11305
482.79907
481.64486
481.10281
520.11833
481.73805
480.1105
479.55285
480.60425
480.84369
488.33074
481.08138
525.86137
520.23973
518.52671
484.22178
520.52268
481.70546
482.33269
481.59638
486.12059
482.19071
520.28641
482.1237
521.61657
482.33347
481.88232
481.62803
482.25444
520.15777
520.10393
483.22484
521.46059
519.95774
520.25218
522.16669
488.66882
478.86615
483.5418
481.97426
481.31347
481.67637
520.20014
477.33319
481.88052
482.2127
520.02249
481.7471
486.74262
482.66068
519.96106
481.99815
477.80397
481.82726
482.20674
518.60976
482.63055
481.08384
482.58175
520.06382
482.76825
481.12308
482.47039
484.88806
520.1631
480.89401
520.13531
482.64321
480.84486
520.18923
520.58965
520.06186
520.20181
482.60867
482.53785
483.24976
481.17782
481.36882
481.24559
481.10351
481.11791
520.14524
482.45584
482.61084
522.64859
484.0688
484.60387
520.5425
521.3274
476.18652
521.92343
512.51057
520.1262
521.36118
482.69774
524.50334
489.41669
486.32487
482.28439
481.18653
487.54249
521.04623
483.10752
520.84408
520.41559
521.69026
478.40501
521.53846
470.13725
480.93007
521.30795
482.00354
523.51462
474.63846
477.06425
477.88182
481.8399
479.71934
491.51754
519.86892
486.6665
519.29248
482.02371
480.79236
478.93051
482.56982
482.03503
481.84748
482.19687
521.11782
478.36057
475.64576
520.66427
526.14684
521.19036
477.95651
481.82489
482.47496
481.67904
481.84251
481.18443
482.86427
518.96801
519.00157
481.64931
521.32793
521.43411
482.27263
480.63425
480.1612
484.07271
520.05066
484.26306
480.57747
483.27945
521.46605
480.00279
483.47316
483.32211
480.77629
481.01674
518.83554
481.06047
482.4745
481.64147
521.28965
518.21176
518.72377
483.67109
518.73279
480.98689
518.14563
518.77636
484.14236
482.38153
481.07163
521.40455
481.98725
482.05679
482.50831
519.08526
481.97759
482.05239
483.25832
481.58614
521.64324
484.13274
479.89481
483.50566
521.56193
518.97683
480.49516
481.89496
482.96843
480.41511
480.35353
482.95287
519.84683
518.9861
482.65708
481.2886
483.62119
519.23142
521.44314
480.33984
518.71312
480.51073
518.678
521.50138
482.84265
519.3547
483.28112
482.21308
521.26138
521.37885
482.48729
481.08206
481.48952
481.60725
521.38116
482.00515
480.77775
481.39201
518.78824
484.15317
521.61093
481.79472
481.53586
476.77155
482.33604
482.78192
519.03271
521.8392
482.84694
480.35648
481.74764
521.32474
482.70491
483.20954
518.83358
482.38086
482.67542
481.78367
520.18803
521.48548
518.8466
482.16662
482.32057
519.0409
481.08126
481.16731
482.52237
481.63194
521.52855
483.4961
482.60611
519.05162
483.40606
519.04244
519.08366
519.80581
518.89068
482.74147
521.45816
482.87041
518.97758
482.15515
481.46636
521.26262
521.29584
518.88057
518.92316
481.58864
481.15608
481.27982
519.47801
520.01975
482.12646
480.91331
481.38695
481.90308
520.97741
480.91901
519.02889
489.01324
480.11423
521.33489
481.69307
519.68342
486.23277
482.01739
482.15529
480.79842
519.20539
487.11048
481.30299
519.36568
521.10353
481.03002
521.52212
482.09082
481.91051
483.47787
518.97769
485.68721
522.00234
479.89749
518.19646
519.24605
477.45513
487.93799
481.79763
477.28536
519.59107
486.73355
481.34362
482.79819
521.85496
483.83445
519.59811
481.85269
482.64598
519.33597
521.77541
483.03722
477.19313
482.27256
482.3787
481.89328
481.52085
481.4468
481.44665
481.80133
483.27626
480.61193
482.63632
519.40028
482.03061
521.69656
481.63663
479.57774
483.07593
519.09738
481.66496
521.48441
520.88892
480.99173
480.12917
481.41828
481.34926
521.63075
482.0674
482.83943
482.93788
480.72462
481.81091
478.4317
481.53323
518.88347
481.31366
487.38739
521.73729
481.24331
482.6373
519.10741
482.46364
482.76755
519.12441
481.99589
480.80666
521.70098
481.59203
483.80039
480.4793
521.34429
480.11501
518.89933
518.81011
483.13903
481.47127
484.33312
521.05786
477.41468
482.51145
481.59177
521.38759
481.18641
480.73434
483.10025
484.44583
519.82999
480.89878
483.83069
518.8639
480.54133
480.72679
481.90276
521.41947
518.66916
522.08658
518.71774
482.76538
521.23446
481.97697
521.83827
521.36653
482.23437
481.58747
481.24843
482.05996
483.59294
483.68062
482.70993
477.36923
480.98245
519.05533
521.01314
482.16925
519.87296
519.24161
521.42998
481.24368
483.74978
521.56936
480.65958
481.82517
481.08945
479.59836
522.19359
519.18196
488.80395
518.82032
519.06305
521.81717
478.00117
482.39455
480.48316
480.38541
519.24574
482.35946
480.91168
479.90665
518.3153
480.95689
480.92434
521.15053
521.60367
482.27584
480.84389
480.56614
482.06066
521.45624
483.00743
483.08571
518.12781
521.47307
482.35425
482.61543
521.34073
520.19358
518.7341
483.67122
483.50066
519.31866
481.25306
477.51287
481.65858
482.97872
482.18043
481.42682
519.59019
483.34929
519.76854
477.36218
481.18888
481.64618
481.83403
481.46362
519.16517
482.40689
487.46064
519.80894
518.46069
481.91184
480.57233
519.85047
521.54236
521.54292
481.74544
482.11162
481.96323
481.72493
489.82523
481.8933
483.04554
483.28126
519.47901
482.03186
521.606
483.67676
519.21018
482.17395
519.21264
518.24565
480.94295
518.54403
482.07611
483.87796
483.00162
483.20659
481.5135
521.39349
480.9932
482.57306
482.15102
521.5816
522.01412
519.34258
481.50843
481.48154
482.42828
481.11782
488.688
482.43031
480.74488
481.29386
518.89212
481.4675
518.9834
481.29909
519.15527
519.80813
482.39302
519.81622
520.17369
483.02165
481.74555
482.23246
488.76997
521.48623
481.52347
518.91906
477.39334
481.89284
521.3968
482.13982
482.22692
480.86423
481.19658
482.48352
482.44941
480.58748
477.26071
481.68308
519.5277
481.7845
481.65768
519.42445
482.3626
477.3577
482.58919
481.42464
519.81532
521.5456
487.00024
481.90278
486.67084
519.09619
482.26846
481.31236
482.33544
482.62283
521.3555
481.96939
521.83077
481.41328
518.78661
481.53343
481.87367
518.90436
482.52669
481.6392
488.21421
482.54117
481.72234
521.27665
488.2628
482.32424
481.82545
481.12709
482.82719
481.72646
522.27249
482.24874
482.23557
518.73897
482.33421
521.44557
483.42714
481.67226
519.08971
483.56515
481.09618
518.86315
521.37113
483.08927
519.83192
482.72817
518.03754
481.50989
482.68137
481.39186
483.19022
482.76223
481.56511
482.36007
519.87082
482.80484
518.53425
480.00909
484.33767
481.58701
519.83272
481.77765
481.22195
481.20806
519.02579
518.91065
482.63799
482.25573
481.48483
521.19754
521.24403
480.85065
521.22943
481.67604
482.87308
481.9479
521.30661
521.30355
481.24421
482.39347
483.33464
482.85736
483.50686
480.77355
519.52183
480.71593
480.65037
481.66639
482.21667
480.69483
482.09008
521.36522
518.08725
484.32622
518.11321
484.19261
480.00899
480.22495
481.80279
484.09727
484.03637
481.56559
482.89989
518.93854
483.72355
480.3572
518.68584
483.04247
519.09962
482.30553
483.53917
521.19085
519.04988
482.43801
481.26442
482.88643
481.63708
481.05757
486.71799
518.89414
519.88583
519.8375
482.22688
482.14656
482.92534
480.52486
518.89189
519.00737
481.42351
521.44636
482.06881
521.3868
481.68253
483.52517
482.40524
480.67445
520.02464
481.5321
518.98619
482.12783
481.93675
481.9006
486.61656
481.06576
482.43201
521.41269
521.27085
480.53595
483.01459
519.13968
482.4818
521.24732
481.25668
519.92565
480.38429
483.55458
480.95103
521.25687
481.34759
483.0521
480.42928
484.26871
481.54115
482.7369
481.40187
482.15174
483.04399
481.00363
482.74099
518.69311
484.31409
479.94419
481.50104
482.54848
481.0255
518.99391
480.75341
482.4127
518.6786
482.47832
518.75251
481.31367
480.88589
519.00082
519.37294
521.5975
519.12421
481.79813
521.63068
481.4952
482.39117
482.09736
480.57148
480.89259
483.27623
521.249
483.03336
482.62047
521.33492
481.6642
522.16473
519.82654
519.82016
481.44311
481.85941
481.35199
519.53284
481.62188
519.32897
521.41805
483.6632
483.70442
482.59241
519.00289
481.21512
481.49378
518.86807
518.68725
519.3
520.18858
483.04045
479.97922
480.51502
518.99043
480.69775
518.23307
482.36999
477.18292
483.53216
480.91372
480.42167
481.78363
482.80182
480.12315
480.57504
518.69051
483.64557
483.06471
481.07858
480.00488
483.38446
518.95028
481.98727
481.73416
518.8007
521.23579
481.71051
521.01619
518.89479
483.08389
480.43721
480.93183
518.98901
483.04497
483.04858
519.87634
482.00585
481.98626
481.54368
481.46597
484.43552
518.16735
480.03849
477.446
481.02477
483.73981
518.96265
519.94475
482.97345
480.40503
480.2237
519.10273
480.69263
483.10202
484.38014
480.13836
482.48266
481.13319
521.44428
481.23008
518.68068
481.13774
521.38433
519.14836
521.58444
482.27704
481.04005
482.54071
481.62377
521.34677
521.5777
482.1398
482.66896
520.02214
483.07077
519.07224
482.9037
481.73126
521.33654
482.16613
519.43907
482.34068
479.96323
518.84897
480.77247
482.47813
521.51524
480.87531
480.5075
521.38339
483.63865
481.7253
480.71994
521.45536
481.81375
482.57991
482.27836
519.61232
480.78622
481.18782
482.6676
480.93269
481.3656
480.73276
483.18691
481.09431
521.46575
481.52739
521.82136
480.83202
481.2141
481.64231
521.68892
483.22024
480.68607
484.20299
519.01198
519.49512
481.27869
483.33218
481.34342
482.51146
482.56052
519.84751
481.46054
482.10026
519.73204
477.25063
486.10128
481.95189
481.90616
481.04922
480.9742
481.37446
481.60823
481.70838
519.44808
481.86903
519.31807
481.10397
481.70005
481.235
481.82452
487.33398
519.8407
481.49779
481.27679
482.70121
482.40852
481.68953
519.72502
481.3444
482.48901
519.09978
519.76638
481.67467
486.05621
482.60982
522.27165
481.09807
486.45147
521.1895
521.3171
519.9575
521.70456
477.51003
519.30399
481.0728
482.33096
486.97448
483.4145
482.58686
481.38197
521.61987
481.98796
518.63096
519.24497
482.09348
519.03295
482.64153
482.04745
483.11031
521.179
483.23664
481.81262
520.11661
521.36388
480.72835
480.80976
483.27159
481.90068
481.96578
519.65288
482.41002
480.26103
519.79421
481.30272
481.06452
482.65217
519.65707
483.56844
520.88883
481.68604
482.45913
481.83629
480.45776
483.71999
480.45473
482.39781
518.89589
518.63393
480.69505
519.64357
521.23502
518.8997
483.37308
481.31178
477.55476
481.3789
482.72777
482.08765
518.87124
482.42626
483.25983
521.45217
481.7056
477.56642
519.22779
519.98641
518.11566
480.82093
481.48275
521.23807
481.79675
477.29925
519.30863
486.85386
522.07194
480.84924
519.20562
482.39363
521.92002
483.81005
481.50262
518.74017
482.87375
521.37216
487.6259
481.73096
482.30797
519.07606
519.87337
481.09838
482.00139
519.36548
519.88857
519.80395
480.49198
481.64547
519.49737
481.04852
519.23298
521.40061
481.39582
519.09219
482.34631
481.9756
519.8871
521.49858
482.39972
483.12153
482.90035
483.09492
518.80507
482.62186
518.89309
525.64525
481.68478
519.88897
482.81136
482.52148
481.39625
482.99867
519.8275
477.3448
480.56121
483.03414
519.0893
521.21726
480.40164
521.18619
521.2819
480.22178
484.33067
518.54043
481.24803
481.22003
484.09784
480.57345
483.63471
480.54579
518.04113
483.10985
482.54016
481.39336
481.00429
521.24568
481.29672
480.94772
519.81422
484.31583
482.15937
482.47329
480.11095
518.63298
483.59479
518.00947
482.58171
482.10755
521.19392
479.96107
521.22114
483.15242
481.99844
521.23919
482.43203
481.92624
481.22811
481.44146
481.93902
483.17836
482.85535
482.18612
518.9748
481.21645
521.68966
481.63282
519.9912
482.12729
519.83127
521.27921
518.90808
480.64591
482.3946
521.05696
481.43051
521.16737
521.34872
482.0948
482.77737
481.12936
519.00716
519.47181
480.79206
519.83107
484.27837
518.74892
483.92711
481.74093
481.52426
519.18294
482.54994
521.25793
518.57219
480.11056
480.92622
481.58234
518.93477
483.25465
482.48093
483.34208
482.41938
519.81175
518.5978
521.26023
480.3423
481.63905
482.2291
521.24931
482.00642
481.06546
483.00064
482.53783
521.51258
518.05778
482.62838
482.4913
481.11658
481.47949
482.0241
521.5155
480.5262
480.91208
483.50181
518.69963
482.00852
483.43848
482.16081
480.98347
480.6949
481.51614
484.13596
480.69362
518.96644
483.16808
519.82216
480.75601
483.56913
518.06935
521.19691
481.0627
480.9777
481.26945
481.08163
481.78227
519.88819
482.9102
521.14968
519.91353
481.70845
521.49563
477.54493
519.80692
481.49803
487.837
482.31385
483.05571
482.9363
482.91579
481.75031
518.92036
481.89477
518.55586
482.02177
482.33145
482.6516
480.90336
519.24683
482.11967
481.95743
521.18805
521.10867
481.24097
482.85121
519.90646
482.854
482.77228
481.5067
481.88252
481.96046
521.92887
481.22873
480.97215
480.92487
522.40897
519.81317
483.50676
482.50838
481.89779
519.80231
481.63219
519.11431
521.31275
482.76023
519.04427
480.52947
488.24624
518.72917
483.16912
520.72772
519.09206
481.26668
483.20902
486.88497
521.15405
480.49392
516.23049
518.92502
520.34427
481.90955
519.99261
520.06273
484.96394
484.92697
522.50885
485.34735
440.07037
449.14209
433.22169
514.17438
505.0163
518.78422
520.41101
481.46364
485.03124
508.65646
471.31313
521.51843
479.8143
483.28154
449.25605
483.01936
483.43779
522.62674
521.37851
480.24634
481.58337
480.65863
482.88199
427.29901
483.95628
423.61575
432.84245
483.27978
521.34346
425.66939
454.24873
478.84663
479.90658
522.37151
518.44339
478.3865
519.89138
521.90503
482.76513
442.80427
480.38745
519.01267
518.69254
479.13874
481.17937
477.65652
488.05913
481.56108
520.87152
518.66381
441.36888
481.75005
484.09854
478.12345
514.37046
478.63307
508.76027
479.0989
483.44632
501.87376
481.27944
484.31851
481.68846
481.96646
519.87065
481.01908
517.57957
519.85376
427.22293
429.99496
519.94994
480.88369
434.15851
455.36159
434.29591
483.25209
437.46658
440.63116
499.20812
428.37645
481.94963
518.54235
485.19583
518.89509
437.03764
483.52869
498.1305
504.99899
507.11506
434.21758
504.82406
520.96678
489.23205
441.36018
480.4866
445.49213
494.45581
520.08042
431.73449
448.88187
481.45405
506.00388
483.40139
477.6029
483.30593
519.8173
520.75879
480.21601
480.50225
520.27684
482.08234
521.27188
503.62604
477.74648
518.84756
478.4318
483.35358
523.50439
520.15622
481.6197
480.61678
521.49973
521.31873
480.90806
521.28666
481.4619
480.83477
519.91178
518.78166
481.5049
519.82782
518.61611
481.75469
481.56479
480.57484
480.83513
519.94132
483.61873
481.48989
519.87663
519.32697
482.03556
519.52749
518.64948
482.34072
481.08754
518.8591
480.89545
519.83894
480.98799
521.41768
519.0531
482.61098
519.06261
489.91272
480.92252
518.62806
519.84856
518.82264
483.19034
481.55476
516.1088
482.80054
481.00296
480.64757
516.15411
520.39014
476.85532
482.48845
519.97551
483.07739
480.72347
481.41954
434.60978
508.06705
476.69495
442.60683
432.42984
503.47608
480.61648
480.76394
522.20586
477.11152
482.95824
480.87725
524.76919
519.90276
514.50221
506.56161
435.6734
489.80867
522.03893
482.49707
483.19995
480.31325
485.64944
519.44436
481.85926
486.22097
481.72265
518.68401
518.26674
482.83803
519.10539
521.66035
483.20838
519.95605
483.93226
478.31202
483.26086
481.72406
480.29374
482.49868
521.02341
480.92899
518.08497
482.48627
492.00088
481.04304
437.91301
458.41407
435.52371
450.90856
440.96105
442.40573
517.58516
442.34981
456.53262
523.50626
475.3001
483.76247
521.27105
519.75467
521.34769
478.53329
477.32124
514.56176
480.7157
519.34015
485.57621
482.07624
481.68468
521.22816
451.6779
519.88358
504.38567
505.2846
499.0815
480.81185
430.03254
443.462
455.00963
478.67026
504.94941
476.20573
483.36907
505.04391
520.2664
481.71807
440.61362
480.41077
482.20413
504.66062
518.80832
477.12544
518.96433
440.93507
441.901
488.78435
482.82423
444.0089
450.16754
449.0908
450.09962
435.47125
503.21969
483.37461
478.3196
523.44511
480.65512
478.75376
499.80017
442.78165
480.89486
506.03547
434.42517
482.34136
505.64967
522.23263
481.10394
480.63315
482.44415
436.09545
500.49817
446.80896
438.74076
480.51158
525.22494
500.6087
448.83112
505.21199
505.69975
440.90386
435.05898
504.27986
434.32652
520.63614
441.90774
452.28486
482.36595
519.95126
478.66156
475.97491
521.85576
471.3864
483.94357
442.74256
447.85904
445.07067
483.4032
520.15801
478.09709
433.48011
481.31542
446.80015
520.0778
502.6273
457.3471
481.69394
443.6685
439.43774
503.86419
439.21797
480.46222
480.72284
442.5435
484.36307
437.54244
479.03875
505.30039
482.63575
513.32243
480.2081
476.60968
503.96233
478.7563
517.21116
521.55286
480.53839
480.70305
481.31501
483.4173
480.91936
521.57399
481.46254
482.67268
519.1777
481.8538
521.62755
482.31664
481.84852
482.22604
484.47582
482.06863
487.31846
481.63382
482.18276
521.03256
518.61796
520.39274
523.95334
480.28391
478.12551
481.14113
470.64267
518.51564
524.43318
521.65053
518.95453
481.23179
521.59119
480.74027
484.55875
481.25482
485.85832
511.43718
479.21785
522.57513
478.38783
518.60315
483.269
518.43963
481.39497
483.22596
480.77603
489.41892
482.44841
479.16053
525.33506
480.99943
480.4778
483.43044
483.5646
482.88177
519.10976
481.53236
482.44505
482.81865
521.48318
526.4614
484.23395
481.09016
484.11324
482.24663
480.67721
480.03106
480.63465
483.43613
477.45439
518.72554
480.05318
484.12232
518.76835
480.98932
518.13415
484.04649
480.64469
518.80248
480.0519
483.45248
480.21202
481.90232
521.44017
483.39983
519.58659
481.16339
483.81624
481.85723
519.15523
519.03042
520.00664
521.74106
519.26044
482.27358
482.74468
486.23121
519.09239
481.35021
481.91853
481.37924
482.53097
481.78553
482.80813
480.36894
518.07521
519.06315
482.16275
521.62824
480.85046
481.53866
518.42178
477.61286
480.73892
481.94828
520.16004
522.5045
521.99935
482.10517
519.47646
480.98284
481.28271
481.69659
482.43458
519.18338
483.01234
481.75336
518.51348
518.75458
518.56912
481.39332
483.2495
519.09952
482.54238
518.96392
521.7117
520.01137
482.01601
480.53884
520.95436
481.09744
481.25811
480.24764
482.50677
480.1543
490.42912
480.15177
483.185
480.88606
486.49333
481.97169
482.37479
484.27833
521.76263
481.41046
482.68241
483.11124
521.76081
482.69536
482.17915
481.91198
518.71163
482.58144
481.61299
519.14741
521.31077
480.69652
482.88245
483.33688
521.5548
518.67396
480.68823
483.93807
518.04671
484.0126
521.28107
519.92637
481.55644
521.32832
521.5327
521.18808
482.00029
481.06468
521.37615
483.2959
481.3014
518.89085
484.03019
481.68381
482.42078
518.90521
480.91644
481.24266
482.74134
521.3252
483.03352
518.58172
480.34162
481.55911
482.19646
481.8592
520.00396
521.55897
484.08597
482.32429
521.82664
481.30763
519.4665
519.20675
480.46767
518.85628
482.00971
481.93109
519.3097
481.19171
481.72178
481.54229
481.455
481.93112
483.33063
522.3222
519.02675
480.8375
518.87392
521.67906
482.13758
481.21085
481.12957
522.14368
481.9404
482.63926
480.19913
483.09002
481.65979
480.17805
518.78946
521.09232
483.3269
519.27485
480.9778
483.41714
518.76833
482.95752
481.96776
519.01228
481.78318
480.9819
483.02371
518.11617
482.73525
481.20784
519.33363
483.01464
477.4435
518.89925
480.7694
519.57284
482.01155
521.47725
519.07954
483.29533
481.00611
486.68642
519.89324
483.51128
480.89121
483.61856
486.31776
486.78699
486.25172
518.69659
521.79609
481.67061
520.34333
518.6558
477.30385
480.92819
483.07807
481.65576
481.5126
519.81225
519.08885
521.40362
487.02162
482.31077
481.3153
481.60095
482.02698
480.99472
481.1949
519.23377
520.15452
519.58151
519.07864
482.34903
520.01175
480.91073
483.0884
480.80225
487.45388
482.70162
480.55393
485.97818
482.87353
519.83079
486.90147
518.95498
482.90765
521.99306
522.1555
480.68484
480.92774
482.75483
482.51038
481.19122
478.23087
519.25977
521.3946
483.18742
482.06532
521.6946
519.16913
482.68623
521.73919
521.4378
482.58007
481.79077
518.96653
482.53974
482.84752
483.21712
519.07377
480.83542
482.67541
482.7997
481.43219
521.7048
482.41729
480.84084
518.76826
483.06808
482.5087
483.81462
481.8861
482.54211
519.02401
483.71745
484.05254
483.12508
519.91508
483.84608
478.04097
480.97209
480.38273
519.28772
483.12817
518.70925
483.07425
482.06058
518.80774
482.50748
521.37727
480.57174
481.62582
482.0687
518.72657
483.42606
480.38281
481.35939
518.92979
521.94285
481.43363
521.46037
518.97997
481.37859
481.30764
482.66319
480.60848
481.83445
482.50453
482.79665
483.29638
481.45362
482.36626
474.63501
481.52554
481.20297
519.71076
480.99042
475.47832
519.94927
482.84888
520.34742
480.90758
483.08851
525.137
521.57658
481.12808
483.15461
482.2168
519.01391
519.16165
519.29005
481.08147
481.11345
519.93972
482.45818
519.25509
521.31319
521.33728
481.37211
482.08296
482.80236
519.92597
480.96041
481.02931
519.85562
521.6995
519.9054
521.5041
482.66002
523.60272
482.56622
520.09834
482.01095
519.76565
528.0402
523.00384
482.21504
483.27467
478.04638
483.75962
518.40722
476.64687
487.40379
481.0261
479.18935
486.19029
521.78324
481.90536
522.15642
481.88265
523.00067
520.29626
482.46621
479.06467
482.85304
483.89447
483.97446
477.90151
482.55961
481.36867
480.66061
476.3683
523.4321
479.74125
476.65516
479.06347
525.00917
476.95195
527.43841
518.00017
478.14065
481.51247
482.83689
482.56363
486.38847
483.82068
520.19568
478.2454
488.41599
521.2411
520.65851
480.62241
520.13973
487.60405
520.57781
518.99093
519.92514
481.09103
477.67323
478.62053
518.78534
486.47042
481.87172
523.4302
485.72666
482.42406
481.8374
459.19706
447.04257
519.27694
505.39867
518.55833
489.88799
480.92285
508.00187
471.37289
518.69552
481.04617
520.02041
523.793
520.22948
519.66668
481.88098
520.09287
507.99805
521.56893
479.84524
510.09316
518.98521
521.41844
481.70021
479.51433
504.97289
480.95973
520.72826
481.13718
506.18013
508.00057
519.02171
479.97937
522.13972
519.8613
526.41305
519.42651
436.42487
482.22927
514.80855
484.51026
482.3157
482.39024
504.51295
447.10297
479.13189
504.55511
507.99966
483.88967
517.19589
521.88359
483.00117
482.602
488.74633
520.363
482.42884
519.83649
520.50551
521.81974
522.71682
521.53055
478.16006
480.20161
521.05012
518.26137
479.06109
508.00141
482.88097
480.31491
481.86721
482.16263
480.13509
520.19605
480.32687
503.78846
477.68084
522.91042
480.4813
520.36154
482.19191
505.35983
520.17416
478.60144
478.19432
520.02651
481.47367
523.52146
488.21389
520.1951
478.57648
484.31676
508.03697
477.40863
485.6412
522.63164
523.65101
519.94473
482.54771
488.53957
480.49324
484.05233
507.99928
525.11224
479.0221
521.64672
481.83638
521.70667
527.22577
475.31644
521.45212
476.45637
477.22063
486.8025
526.385
478.24983
521.53574
520.34929
481.34939
520.95957
524.50952
489.27268
482.35832
520.9702
480.1824
523.2737
478.58257
489.40211
508.84828
479.40066
481.81389
481.44082
520.5117
483.73367
481.43107
478.93345
521.1746
482.39458
480.01682
481.13076
520.41007
479.32972
487.03404
477.80135
481.97929
521.21638
482.21197
482.27903
482.51985
487.55593
483.44885
486.62506
481.54558
476.53061
485.55177
481.61638
520.33327
481.92807
519.89864
482.39775
486.32921
521.54038
521.90763
479.81646
482.87112
481.3516
479.23249
523.01573
519.99996
479.29376
479.2914
524.33336
483.7333
519.09544
483.60069
483.17433
519.67859
519.4086
483.43455
481.91563
478.65517
480.80838
487.2491
483.71978
489.96162
477.00498
478.50133
479.77378
518.56232
482.4648
524.7132
519.15833
477.81941
521.61902
482.92864
481.4029
482.82242
479.55506
482.7028
522.26317
520.1245
476.66286
518.74931
482.98605
489.2108
482.85818
480.83547
477.75594
482.26625
483.32229
520.28704
484.04201
525.44472
482.91229
520.08698
482.26781
517.41895
481.86679
481.99321
482.97614
482.91319
477.21426
520.86544
521.63739
479.25149
520.17799
523.34806
479.19744
522.90207
476.38305
521.87797
483.98927
478.01216
481.14084
520.1175
519.60152
484.03466
521.15287
481.14743
477.827
481.51655
480.78933
481.12569
522.20172
482.7134
484.03254
521.23275
519.77021
521.47746
482.56662
479.54972
518.71988
480.26454
479.12489
483.45598
520.21799
479.25028
480.02997
484.13369
482.78183
481.08516
480.77087
479.57212
483.84274
482.13619
520.19616
482.58027
520.9443
482.37407
489.93289
521.03005
481.23636
482.63655
521.42733
478.36956
479.11295
480.78284
478.00511
521.22807
483.11067
481.45129
519.68648
476.94238
487.89736
521.82108
519.74503
481.45758
520.13146
519.90791
480.25502
488.77048
482.79318
525.05816
520.97615
478.14325
520.45048
479.90214
483.09335
521.11917
480.21068
481.40852
482.47775
481.30595
480.70565
520.60596
480.9455
521.22558
481.74106
481.24725
479.40835
483.12105
525.52005
478.46854
520.90614
483.61799
520.91346
477.1932
480.70402
479.6767
479.34475
481.47648
521.15373
479.80337
486.82158
487.41634
520.0032
521.82169
522.24582
521.21756
480.4806
478.42262
487.29953
477.60526
479.45939
489.7887
482.83964
480.65789
479.56093
480.63279
480.98618
520.63939
483.8376
520.14822
482.50465
478.86502
482.20248
482.26168
483.70628
481.68067
480.2346
521.38734
521.90868
481.55024
477.77606
522.13263
481.62735
520.16148
521.62919
477.58093
482.77093
520.41216
481.29495
481.37322
477.71114
482.09598
478.32253
479.16996
518.34923
522.6585
478.46365
483.11458
477.60721
523.43174
480.9181
482.37895
478.00897
479.69294
487.00499
481.67082
474.72935
521.33493
483.76313
521.10272
481.80838
521.47144
522.35963
508.43867
521.41999
481.05085
519.66757
481.41363
481.85479
520.20085
482.08884
480.6373
521.58707
481.5614
480.32732
481.76109
481.72747
521.38591
478.58153
480.72537
481.94211
480.55865
480.4548
480.93338
480.15574
521.42601
480.35349
520.95097
481.4851
520.27689
520.75438
482.49478
482.221
481.33283
482.19593
481.55914
482.23225
521.55066
521.0502
480.77045
521.3687
521.21011
481.27694
481.73098
521.14359
482.30943
482.43424
481.83884
481.88415
520.97968
480.40879
482.724
482.34605
478.8181
521.17697
481.23764
520.29775
520.16928
482.63032
481.8764
480.63366
480.16582
520.83328
520.29014
482.5205
480.75328
482.06144
480.70637
480.63424
480.62998
482.21463
481.8184
521.28186
520.26198
482.12215
482.51661
480.28788
520.99641
482.22834
481.91645
481.94589
481.03731
481.36569
521.25452
481.37943
520.97017
521.24058
480.29389
520.51458
520.98036
480.92536
521.62903
481.71381
520.93602
480.98994
520.93429
481.14136
481.88206
482.09307
519.03109
479.75214
481.50531
476.36241
479.78468
520.31322
521.58111
480.98197
480.70947
482.42709
482.89388
481.21516
482.77367
480.98482
480.99206
481.67313
481.76447
521.27639
520.53665
481.13103
488.68631
520.73206
522.57286
479.60863
482.35217
481.61513
521.24885
520.86537
480.99809
482.22062
520.51661
477.45371
482.73937
521.39137
520.3747
481.03815
482.58216
521.07385
481.34345
480.53099
520.86859
480.62487
480.80683
521.16738
520.14083
523.0089
480.96193
482.24015
481.99738
506.78875
480.26277
483.24023
522.859
477.38868
507.65641
481.33209
481.54184
488.31546
520.64169
520.58281
477.76909
482.19484
521.39282
521.82321
480.77857
520.6217
479.68595
482.7126
488.10834
481.68642
474.38085
480.0277
520.40039
521.26158
520.7558
488.91667
479.95128
481.04975
481.4605
482.01049
481.1159
519.1135
482.03412
521.61294
483.96475
480.38752
470.72443
481.4859
482.2669
480.98288
481.82618
483.21395
520.52488
519.94833
521.9693
482.83037
482.96638
481.87963
493.53325
481.02342
520.75022
481.52278
478.86187
477.18374
523.0617
440.94934
435.69126
439.29112
447.90981
450.66577
484.7089
514.66161
506.36827
441.18266
433.42234
520.37622
516.09791
520.89679
449.7052
447.28235
504.82647
433.74041
479.81999
498.69194
444.04746
443.88299
499.13504
502.45825
458.87666
481.41349
432.32753
478.27126
421.05054
464.72148
498.14078
479.51074
447.12346
482.03233
507.20865
477.10522
437.60058
504.73476
489.57467
480.45984
505.11304
481.10741
483.16185
504.17712
505.62165
519.3647
482.35528
481.28148
477.97636
489.00362
520.18991
445.90968
519.95841
479.68941
480.23609
478.95388
515.87762
521.13844
432.6284
521.62622
481.33725
437.75205
434.04098
439.98867
507.83045
438.78326
489.43305
479.23474
482.09479
526.69981
478.82173
481.03162
482.60976
482.24354
520.38226
516.98642
475.03921
521.04851
441.33631
434.94393
518.03534
441.30912
481.51174
479.90486
436.06395
520.66841
441.09087
506.79909
520.18646
449.54074
480.43195
447.45455
436.42383
453.84108
507.34927
508.38937
499.09291
480.80241
433.38851
500.95037
512.01649
481.54195
450.19772
487.06689
503.06413
505.14196
507.78552
498.80385
485.99347
482.5077
478.48123
512.71245
499.30314
482.26755
427.00993
506.15976
499.14765
487.72715
516.35862
481.07947
523.6071
479.26684
482.11873
511.65585
486.65888
477.5343
478.1674
520.46373
520.33157
490.87703
519.71057
519.94671
521.52363
478.10485
448.20033
481.19676
482.11793
520.02077
520.61156
476.02133
480.48989
478.15437
481.90898
480.21992
520.2623
517.78664
483.07258
480.90606
482.03325
520.80322
520.94451
480.79291
520.87289
474.46213
521.35865
520.54797
481.36769
479.7555
479.30729
481.77412
481.01418
472.18839
522.8161
482.28011
518.00697
488.09319
482.41614
490.69564
520.8968
480.57783
482.28895
482.02965
520.21816
482.11017
518.72001
480.18498
519.0662
477.85876
482.60981
521.57007
481.49144
523.61345
481.57802
481.86968
478.18445
480.92351
520.65748
481.46698
481.32404
520.68635
482.5404
478.85431
481.59784
520.59475
520.69489
482.25526
481.10086
480.82888
481.57326
481.02981
481.75425
520.55402
482.00036
517.31477
482.60988
482.03025
481.11377
482.80106
521.04228
482.66174
482.0755
483.16545
482.02915
482.03141
520.65466
481.43646
481.92482
482.62864
482.77133
482.14775
481.2913
481.10165
520.71383
481.39487
481.97913
480.64442
481.2977
481.76069
520.63497
483.16193
434.22265
481.56386
521.02378
481.42442
521.18932
520.69733
482.37313
481.18188
520.57752
481.66089
520.5389
520.25199
479.73427
481.58477
520.81075
482.75578
482.38922
520.79568
523.65162
520.59055
482.5733
521.00096
520.09817
519.39292
481.00401
479.94904
521.12192
521.04704
520.92964
521.26298
518.39527
520.86788
482.87324
480.38507
521.03719
520.45952
490.60414
520.77603
481.92941
489.4193
480.87364
480.70027
521.01155
481.14083
483.80322
483.30612
520.87783
481.41915
480.95839
481.39661
481.00623
480.06885
520.72038
520.56844
481.76592
481.44798
482.32809
482.60479
481.94186
520.85988
480.34987
520.87403
480.05478
481.47209
481.72965
520.70196
481.31795
521.01578
481.95046
520.96399
481.15751
520.73612
519.53177
479.99484
480.00225
482.25951
520.47804
479.24044
480.13832
519.54977
520.74691
520.83758
482.61945
520.63818
481.44289
520.88846
482.8361
481.01054
481.23468
480.1472
520.8216
483.67706
482.85121
480.27211
480.48163
482.68814
520.0962
483.41972
481.07409
520.92403
480.98602
520.87809
480.75552
482.07129
479.62306
483.0721
520.59386
481.30456
480.97672
480.57989
483.13261
480.81904
481.87999
520.82887
482.052
480.70078
520.60893
481.77358
483.05979
479.62746
480.85121
483.38258
480.98976
481.2481
482.98111
481.46874
520.96604
520.58844
520.68756
481.52136
520.78909
483.02152
481.49352
482.75552
481.49648
520.11897
481.25363
521.48496
520.95009
520.89338
481.72671
480.94431
520.16313
520.59845
482.41486
520.80127
480.56535
483.34721
481.79838
482.68526
519.65941
482.28188
480.20164
482.65412
520.56912
520.11776
482.3685
482.66815
480.84758
522.15318
520.56513
520.74725
482.39325
482.09859
520.38243
482.13218
482.56427
480.74922
481.54491
481.77455
481.71316
481.05143
480.812
523.4056
520.17742
480.26606
481.65846
482.4076
520.72755
480.64028
483.55725
520.61383
482.18643
480.71455
482.58312
482.22282
517.78453
523.22542
482.66692
477.8471
520.64795
489.17786
520.56038
481.72849
482.84836
481.86123
480.60707
520.82743
521.41802
481.64569
480.80805
481.5722
481.51848
520.68592
481.04602
522.43138
481.78183
480.78122
481.21956
483.48776
520.07162
520.71608
518.53482
476.43556
487.7292
518.23644
525.21286
482.3944
516.68954
483.83843
478.24727
476.89047
485.97901
524.33427
521.19536
483.79719
482.22991
481.79252
516.4552
483.12361
479.59402
526.57529
520.39718
517.54972
476.03498
520.75244
482.42494
484.45544
481.82644
480.92827
518.4104
482.10709
485.08135
479.85674
441.54775
434.63081
441.51794
506.93814
450.04301
501.35281
440.9226
520.42522
483.13413
478.51429
438.40046
477.95425
431.06958
521.77697
481.19002
482.48709
449.66567
498.93031
479.95307
434.30356
480.94609
478.25797
480.91543
505.94581
482.60348
482.34186
456.54734
486.46009
434.51292
479.21228
441.12196
506.28249
427.61437
429.67107
438.92198
449.68368
507.28714
475.79445
435.6478
478.84915
506.69804
482.5753
479.6383
498.70792
448.86273
446.50066
481.90778
505.70053
482.02829
478.18028
482.59764
499.5331
488.28085
518.98762
520.22763
516.76761
447.5383
496.73377
477.97413
507.93348
438.56212
451.03196
481.23245
519.28761
525.92976
449.94619
433.71312
506.37963
482.32957
479.50552
526.16293
519.61181
520.15502
505.71545
480.83375
503.62082
430.21367
434.65044
441.90208
506.68814
476.45409
511.3205
434.23193
437.40781
520.18852
482.99164
475.66671
482.48982
519.79514
487.33919
487.68598
492.16975
480.40323
517.31194
441.36712
433.91122
450.52918
517.61503
441.50326
434.49804
505.46369
486.48527
476.91591
433.28134
441.38173
501.17749
505.15354
448.98657
481.73567
448.47394
512.03303
506.5376
439.43013
445.95354
435.18124
503.15144
515.88039
479.96783
447.94182
508.25296
445.32117
480.16008
439.18956
532.0186
481.21167
478.567
488.02679
450.08095
524.63722
498.78358
434.25555
485.38099
478.8666
441.50802
480.47714
490.6364
452.80596
527.58443
448.77006
520.4166
481.50028
482.35365
479.79965
519.28637
525.48567
518.3806
482.36262
472.40318
524.65349
480.55793
482.50477
490.53666
476.96942
521.12098
520.14071
519.67265
483.90318
478.31531
479.61378
482.05359
522.02624
476.64551
519.67119
526.67056
478.48916
487.518
526.13417
519.37821
479.28735
481.17523
482.88472
481.89504
481.29803
483.227
482.13503
476.66438
518.66544
481.66091
522.55985
481.84536
481.9486
476.41086
479.41709
477.10889
521.25525
521.23596
481.58655
481.87357
481.73762
480.72849
480.56654
520.90888
520.78198
481.99436
481.39628
482.30661
482.39128
481.33651
482.44496
482.53109
520.92896
520.88237
481.67801
481.70573
520.08894
481.50957
480.86367
520.69178
480.82902
480.20107
482.34259
504.39477
478.99522
487.92025
483.13454
523.42447
481.58671
481.9844
477.87136
480.09906
482.44277
481.81363
480.62351
519.46927
481.99979
520.87945
480.87171
480.56341
519.87611
481.1854
483.05764
519.34052
521.17863
519.56677
480.69623
482.23679
489.87541
520.65768
520.6347
480.38977
521.00926
520.91549
520.53397
481.4057
482.52617
520.58949
480.27557
482.26157
482.29154
482.37111
479.98887
481.85374
484.05301
519.59148
480.34981
482.94233
480.90082
481.02464
481.01413
482.15252
482.85016
482.6931
477.92187
520.40893
520.74255
481.32909
434.23214
521.28223
480.71216
481.65548
521.11547
481.33598
520.70117
521.00594
520.71197
482.95006
478.14598
488.85411
480.68168
480.12647
481.8381
520.2253
481.66763
522.30344
488.42728
480.02362
478.06862
480.31294
520.96009
479.5575
521.00985
521.42561
481.48545
482.68903
482.11792
521.0761
489.75074
481.9951
479.38361
480.33472
520.59446
480.9096
480.77378
479.69019
521.41685
479.91161
480.62816
482.37073
481.42421
480.34748
521.19632
521.1246
479.17961
481.13977
481.46173
478.47483
479.81635
522.0939
477.86457
520.46594
482.69008
481.66642
482.45133
479.96793
521.51412
481.09772
482.28188
482.01676
521.15961
482.88053
482.13206
520.78476
481.22979
520.96303
521.18724
480.78514
482.55829
482.34556
479.86352
480.30701
479.6286
481.57704
520.73399
481.92897
521.85247
490.19712
480.90158
518.70027
520.49983
520.62998
520.2282
481.13121
482.34495
484.28372
483.00521
520.2399
482.72745
479.6048
479.32475
479.12674
521.00424
520.01203
482.4612
521.28394
484.41158
521.11986
483.16078
483.94361
483.06351
480.31424
480.62892
521.6367
484.32081
521.20218
521.09902
521.40234
521.19531
479.84395
519.8368
480.97075
520.58219
520.41525
481.96531
519.87161
479.73817
520.61712
497.32096
479.37917
482.61497
520.34394
483.84666
479.42592
483.25622
482.64971
479.93983
478.0338
477.98588
520.7974
480.38527
520.70241
482.36182
481.08028
482.63884
490.34853
521.16633
521.58583
480.78923
520.20585
480.32746
520.84644
520.51275
477.8842
520.6471
478.98699
480.29231
480.11595
478.36697
490.37913
482.3004
481.44743
521.2407
481.40627
481.91513
479.78773
522.35309
521.15588
480.72778
521.34615
479.28592
479.1012
483.5839
480.22055
480.7014
481.50887
521.02022
480.81833
482.96697
477.82158
520.6044
481.04124
520.41253
478.91924
479.13835
482.38737
521.26107
479.44477
521.14391
481.83705
480.38094
521.00843
483.57223
525.92918
521.31335
519.9845
521.57354
480.20438
481.13129
520.30621
479.1227
479.46691
489.31232
482.72288
479.28112
479.08268
520.80773
483.25611
481.18346
520.06789
521.32501
521.39411
481.99252
479.75837
480.77678
479.8536
521.64699
479.14203
487.76803
479.47679
486.80319
481.64119
483.02335
480.42402
519.85778
481.21151
521.59319
480.82981
479.25436
479.94212
521.85445
486.06572
522.01928
481.2687
479.37141
521.99113
480.94399
479.42725
522.42404
521.71782
482.91452
482.62339
480.80775
521.17885
483.26246
521.70368
481.15481
482.80478
479.40327
521.73347
521.36121
521.42252
520.67244
481.65486
480.25204
480.1722
521.5503
519.86945
521.3471
521.15772
482.05698
520.9279
477.98394
483.09865
522.15068
521.39048
488.59705
481.55557
480.86107
478.06726
479.76933
480.93738
521.45118
489.76263
482.17057
480.0874
482.27835
521.24444
478.73593
479.53239
521.48727
521.99741
521.5135
480.22276
480.84223
481.22156
519.81112
483.61808
518.86664
520.00321
481.51537
481.53438
477.40002
479.48461
480.56068
479.37606
482.81893
521.4133
521.22747
478.01965
479.22254
522.0591
481.22926
521.65681
521.90527
522.34703
520.02938
481.94542
521.65725
481.67127
482.65905
479.61512
522.20407
480.03154
481.27144
520.12801
477.64159
488.0535
480.63948
483.16089
521.72218
522.01463
479.74492
478.33448
478.76092
482.67251
522.10007
479.45371
521.20188
521.83582
519.92932
522.02889
522.58887
522.61317
485.50527
479.4742
479.63643
521.96654
479.71449
479.87665
519.99511
479.71044
479.8324
479.91265
479.61724
482.15107
480.1484
481.60949
481.85973
483.08716
477.2803
479.53207
517.72999
485.88448
522.12862
521.55515
480.21214
479.87469
522.75482
522.77015
480.65857
522.676
481.38643
522.18561
482.45795
521.35081
486.10648
522.05244
479.93014
484.6447
521.17003
522.60474
522.26531
481.4781
477.15291
522.61047
477.56213
482.51141
479.15231
522.83073
481.71719
521.35489
521.79849
478.28656
479.77935
522.11112
486.57687
482.21193
479.24437
479.88511
523.19099
521.80387
483.06567
481.03522
477.79819
521.29641
479.70064
521.7601
482.16625
482.17283
521.12772
480.24172
484.01197
480.90512
487.48476
479.99021
483.93287
479.19745
521.52911
488.09491
480.02535
478.75237
522.57949
481.65533
522.11483
521.1005
479.16586
482.32584
480.43377
480.55178
482.35816
481.18014
479.68199
520.80539
482.5561
483.55029
520.11181
480.95938
481.76285
521.23698
521.39879
480.17617
521.09999
480.15532
480.77777
521.09267
481.62924
480.03996
521.45421
479.22463
481.3264
481.27095
521.01384
521.9543
521.11206
521.65851
479.99812
521.73079
480.87622
521.05761
481.57751
482.53208
481.71135
521.27702
519.95446
521.81112
521.31482
479.50884
519.40617
484.08253
517.79464
478.80168
478.07407
483.54472
479.30848
485.19554
520.49334
520.52272
477.96706
482.48681
524.39319
520.89062
523.21738
482.37841
476.61714
521.51755
519.16094
479.35682
481.45656
484.1058
476.53463
518.68313
522.10834
483.91531
481.33576
484.26881
481.08096
521.08154
482.6458
488.3512
480.7325
484.91806
521.34354
521.44392
522.10268
519.75554
478.90403
482.66306
478.59801
481.1041
520.21532
478.88725
479.02989
478.33224
519.47485
482.01265
478.85216
482.83291
482.99486
477.8176
481.80728
521.63566
477.74807
480.52436
520.69518
519.5123
520.41809
521.15807
482.99181
481.96924
479.77241
480.143
520.37621
486.33876
484.27591
522.22017
524.11586
520.15757
480.88435
526.40272
481.36013
489.91083
482.7987
524.29656
480.21108
523.93174
478.87027
520.69691
485.07162
521.63454
480.7097
483.43641
520.77481
520.62147
484.84973
519.54688
484.13119
479.31296
478.69018
519.22603
484.29794
480.51804
483.68187
472.99568
479.63134
519.65556
482.55183
479.9013
520.41546
524.3986
473.8721
484.07735
522.0188
479.23874
474.45883
519.03866
520.33045
479.51274
477.20073
483.22788
522.26845
507.99876
480.48503
479.08698
523.03406
483.12883
521.78646
484.78848
473.87023
483.04568
478.20053
520.54564
519.80943
482.83387
485.20339
508.42249
521.22215
482.31135
478.97034
482.17313
476.3758
507.99989
483.501
479.9668
482.04414
482.2509
477.70445
482.04386
476.25055
521.42638
522.07734
508.00035
507.9988
508.00093
519.37656
483.23695
505.00734
478.48065
487.4753
523.46757
481.55933
482.74698
480.40672
519.45252
482.82969
479.93336
505.06236
524.26688
477.82711
521.97417
480.90026
456.51767
476.6192
519.01991
481.58789
520.18705
482.01035
523.29363
478.94833
476.68817
478.76003
524.33084
483.9424
482.09537
484.42007
521.12246
483.76095
481.20344
519.56361
483.28176
481.61866
478.91629
481.26653
483.73352
520.12904
520.55306
478.45349
483.80198
479.27318
520.64449
489.75917
483.60616
520.46019
522.57742
521.81192
475.48776
489.44284
479.9368
481.2037
489.23109
519.17897
520.31262
479.21608
523.15925
479.53175
478.03059
483.72344
479.40503
524.05682
484.39464
482.23205
519.80373
482.23564
488.46708
477.63306
518.83626
523.89037
478.51336
522.77842
479.82381
480.04831
475.22136
520.63007
519.96584
478.97064
476.4128
479.98825
511.56176
518.2772
482.35963
490.23903
478.76936
522.3061
488.514
479.74719
482.03781
480.88538
480.1942
524.45423
478.90893
481.43364
520.03107
519.10937
477.65047
480.95509
483.67066
520.03543
480.49971
480.76077
482.88405
483.05659
520.82477
482.85037
525.02342
479.88662
521.10239
479.54868
479.14874
481.46953
480.95318
478.97833
520.57791
481.42146
481.28595
481.1544
523.65196
484.05275
482.03154
482.89132
520.85032
479.38561
521.22387
520.53543
481.70862
520.82647
483.11744
520.50616
482.59633
482.8388
478.66792
481.47952
482.22421
520.79178
480.28962
518.64676
520.73296
481.55852
482.74117
481.69925
520.74205
480.32711
520.71601
482.65596
520.80777
520.80056
481.77981
481.3155
481.3736
481.58089
521.16363
521.1792
481.7231
483.12425
481.82551
520.33946
481.4069
520.47778
480.4643
483.0287
479.85125
520.93576
481.75726
478.85103
482.58841
520.9362
481.89329
520.1627
482.65187
520.29467
481.71364
479.65167
482.31959
479.42046
520.35379
483.79098
483.24256
481.58043
481.25568
478.27879
484.52115
521.99132
481.14217
481.39692
520.73551
520.36952
489.33638
478.99081
479.10313
520.27407
482.29356
520.05164
480.33075
483.31473
523.26243
480.98367
478.22534
480.57211
479.29369
480.73782
490.5156
481.03582
482.35978
519.7308
481.73934
490.93821
519.0498
478.39054
524.1757
480.15833
480.79577
521.16406
478.10281
479.56195
481.53477
481.00588
483.72834
520.64015
484.36075
481.04393
520.75512
480.19763
484.83274
478.63839
521.37449
478.24716
478.98974
476.62381
481.39411
478.43451
488.85101
479.25851
480.36581
521.19886
478.58235
521.70867
481.42667
519.16458
478.22323
521.15018
479.64092
519.92214
478.73285
527.66757
483.67759
520.5917
480.24397
479.37617
521.22864
481.57633
483.17753
483.72112
520.68781
482.50317
481.97019
520.61651
484.2661
520.52852
520.68211
480.50177
520.97561
482.79577
481.57935
482.90472
520.87347
520.20099
520.33026
521.53603
480.04097
477.87332
520.74889
520.42625
478.4865
478.00884
523.02102
486.4267
477.06704
480.15848
521.98261
520.35847
521.99235
521.11634
488.37315
522.47907
480.50659
477.86598
521.96216
481.03059
520.47963
481.18075
520.77584
521.03968
481.57179
477.61834
481.66058
488.31733
520.9086
520.76224
480.97002
480.87544
520.86784
477.70821
520.94034
482.58158
484.48245
479.1924
481.34363
522.56988
520.71016
480.98639
479.23432
520.48059
482.35028
483.05924
480.08444
478.6367
481.32689
522.02438
488.32867
480.81056
521.03547
488.01902
521.26987
521.05066
520.60727
481.79438
477.71987
478.17141
520.8478
481.52488
520.9529
478.97731
520.98321
479.77989
487.5685
522.26687
479.55926
521.13416
521.38279
521.5104
481.7534
522.83546
477.92492
481.87643
520.95422
480.19657
481.55581
481.37166
482.13661
477.85267
520.14035
520.85872
481.7074
521.11769
480.83427
482.18635
482.10533
483.47463
520.5371
481.85373
481.60479
482.33621
487.57426
521.39396
521.18968
482.3521
479.49497
482.11599
480.25626
520.75988
480.5895
520.93811
482.47972
480.10488
480.47386
481.6771
480.67852
489.98237
481.86659
483.04889
520.98944
519.73902
521.33357
477.45848
480.81268
481.26582
481.74775
480.54063
479.09851
480.83396
474.83691
481.58895
480.64999
521.66818
482.77447
518.56794
477.51923
481.63177
476.77316
479.18355
520.29133
483.57475
523.43501
522.17638
481.57227
521.50262
479.53941
517.89656
482.69746
479.63717
481.87621
481.70071
519.25873
479.60794
520.69971
481.44438
480.82372
481.4983
520.51973
477.46552
482.30955
485.23683
481.46583
481.08699
480.66556
482.10681
521.51293
519.70698
521.10936
520.38076
481.36866
480.46957
486.94012
480.49292
517.35523
480.95949
520.80048
481.97534
480.22502
519.48086
481.89514
481.99984
483.14673
481.23347
435.01432
440.03812
449.86803
447.90876
429.66556
429.96985
481.24531
485.1561
481.15596
429.87398
431.54457
427.38821
522.44756
509.33739
493.98286
503.37158
504.39075
443.55386
433.11356
505.13255
439.45327
434.68157
514.5593
448.52485
441.41847
504.35399
508.07424
430.82618
495.52875
480.86744
447.38885
431.36033
475.15162
486.78672
506.09471
478.62339
519.06275
481.73667
520.11552
523.28374
481.75226
482.79483
483.01056
521.03006
481.2378
517.41697
481.29191
491.9976
518.20385
496.17693
439.84189
426.05914
482.11311
496.53852
478.85567
504.57511
504.53473
451.5337
434.12723
478.51902
439.34541
427.40564
434.06625
429.79882
480.16526
475.20602
523.33928
479.21534
482.65083
517.9258
481.99688
526.7125
483.49471
481.83506
506.50155
479.13124
483.10761
451.48277
506.75453
439.89147
505.28657
438.69634
437.72411
431.60731
446.28855
500.66645
477.79131
518.41761
526.05206
483.61796
440.95351
496.62126
505.98558
433.43435
481.20036
456.03822
476.63904
427.16112
507.86604
519.36333
476.16135
480.35866
523.24124
478.67429
486.76715
520.59694
477.74533
496.18511
485.99437
448.87934
482.09281
516.64848
482.61844
482.33017
481.12304
518.33779
447.4217
478.68143
481.31424
477.27196
521.0051
519.06616
482.43618
520.82503
481.11287
520.96731
481.06054
480.52628
481.46447
519.4803
480.24455
521.34088
481.96887
481.67464
476.33317
522.56778
477.48471
480.78746
520.32853
521.1531
479.89887
520.84774
520.19903
482.44326
520.43869
482.33559
481.77792
482.14241
481.78598
521.49088
518.77187
481.14501
521.09196
481.60206
481.32513
480.88576
521.53361
480.69461
487.77978
480.5878
480.93234
481.14224
482.99487
480.63485
520.82211
482.34141
521.33446
481.22069
480.69615
480.71079
520.83926
480.80662
481.49436
520.12905
481.07374
481.41842
481.70722
485.11043
482.23402
518.46998
481.22487
481.15159
521.75858
481.9041
481.81553
482.1218
481.15004
521.4019
522.12368
521.34298
479.54838
521.54456
521.33863
521.43111
482.46558
481.47765
481.33976
521.18378
479.92553
521.35747
483.0644
520.92024
521.27186
480.24112
481.63526
481.76326
481.17806
482.6337
520.7143
479.76825
520.98952
520.71109
482.06728
481.8295
521.00557
481.92604
481.02082
520.03674
482.2598
481.78529
482.37694
481.01763
521.71104
481.36132
481.63969
480.96817
480.59128
522.2193
481.27779
480.36849
520.5904
522.68945
481.63303
481.74075
481.63514
480.51724
519.97778
477.26385
519.71541
481.78152
485.43221
481.7167
481.63436
520.51985
486.07237
521.62782
518.58095
524.47223
481.48257
482.01832
480.82866
488.13308
481.50911
523.09353
482.82644
481.74413
480.85797
481.42237
482.01411
481.14089
475.08763
485.7139
519.45592
480.52308
476.46043
481.12586
479.99533
480.39572
480.90882
481.25104
482.28948
481.79994
517.4688
477.63824
475.476
481.85716
478.41596
519.60201
477.51736
521.20348
520.77834
482.99626
480.54545
486.59072
482.4515
520.08269
481.83141
482.79474
480.62605
488.43933
479.80025
481.01712
480.07236
480.78533
490.7627
478.24263
522.01473
482.54331
476.31007
520.5137
488.26051
479.64198
482.41114
530.59875
520.73117
479.27883
479.3886
477.28378
490.41876
520.70611
482.21642
480.15854
519.06177
480.9634
480.20665
523.10946
509.93077
505.79748
516.77853
519.11849
482.45941
510.06926
505.67655
487.0059
505.46281
482.28626
483.86383
520.12085
480.04626
480.88586
521.0219
480.86772
479.57699
451.05069
456.91836
454.55077
460.8814
483.228
478.59469
516.39671
484.05529
456.48958
480.70046
518.06997
492.24174
481.10686
476.48387
481.36203
484.60633
456.61473
479.17097
457.17321
452.42264
520.11172
482.29476
483.61219
482.05589
457.08197
520.11549
517.48012
480.01772
449.54567
505.69267
457.48068
509.70442
484.56375
481.47837
448.4332
482.25225
509.70828
482.04484
477.96948
519.8763
482.697
520.39561
518.0653
485.09045
478.61326
510.35463
425.36083
478.91578
517.34363
482.68025
521.58486
480.51751
517.96251
520.59612
477.97777
519.39595
518.95778
482.77882
482.83983
491.69596
481.63233
518.84089
481.6752
518.70624
524.97576
524.15418
483.84103
518.86139
486.74608
518.34602
481.85063
480.46433
480.56461
481.57071
482.88473
519.10338
482.51386
481.37212
480.45899
493.04304
478.31954
478.25635
481.50582
482.76799
482.02253
481.75857
519.22382
481.62942
521.89301
482.37534
522.80309
516.05612
481.08109
480.53211
519.71164
483.23302
523.37488
505.80021
482.8186
481.28556
517.44585
481.19436
521.36011
477.70121
478.79018
482.76323
480.52314
518.34432
482.51091
481.94666
482.17257
522.03331
519.2637
481.22527
480.41675
521.88849
481.76579
481.53245
519.58047
481.15513
486.75912
481.95935
481.69601
481.44324
487.27561
481.28954
482.20982
519.90104
483.11113
483.01871
522.87309
519.35291
486.81565
482.19286
480.98239
482.16664
482.97151
481.38473
516.19032
480.39313
481.03761
486.56987
480.90061
482.24584
518.9444
518.81414
479.59239
481.11856
481.54632
483.24054
481.86309
486.03654
482.14179
521.23274
521.29467
482.09667
519.22124
518.9955
519.18894
477.6115
515.91135
521.72185
481.30528
519.18327
521.50591
481.95662
482.28608
480.96008
519.01755
481.49723
521.25847
521.49583
519.157
480.70807
520.19218
480.62762
521.35464
518.11172
483.25645
520.17283
482.99876
481.19696
480.81488
480.29074
481.31809
481.7745
481.28282
482.30755
481.4953
483.07002
481.05858
481.94546
480.48797
482.59094
481.28187
481.09008
481.00793
481.30043
477.71685
490.28311
483.7078
481.37647
481.5138
518.94285
519.06418
478.85768
482.68688
481.08058
477.90343
522.12565
481.71293
483.20068
482.49594
482.73239
482.45007
487.05584
521.20549
481.97664
518.97663
518.39634
483.5673
519.62275
521.56867
519.25105
481.90161
481.68357
518.77198
477.64444
480.9555
482.03386
521.56814
483.34902
521.50537
480.62529
485.94731
481.44655
481.60962
482.01714
482.05649
519.37453
522.29313
521.28346
481.51203
481.00494
483.582
480.47784
518.76857
481.62169
481.40155
482.82382
519.24796
519.08731
482.69032
481.34951
481.86053
521.32187
479.80606
484.52517
483.68366
483.16595
482.6742
485.80944
480.67239
481.22303
518.89425
482.25264
480.80308
518.93541
480.6691
480.18538
480.67816
483.2831
521.34424
480.7279
518.2372
482.91349
483.90649
518.58985
482.15029
481.81271
482.05516
521.32472
482.87184
481.80539
519.01637
518.2023
481.76807
479.97715
481.2284
480.42917
518.78149
482.31675
483.81159
482.77337
480.87384
482.21142
481.99781
519.27826
521.42675
520.85412
490.44353
483.60265
521.37616
519.09222
481.40704
480.8014
481.47303
483.53785
519.09771
480.71313
521.15698
481.58256
518.76636
521.29483
518.32063
519.46269
519.61306
481.72154
488.26971
480.98314
482.82314
480.94257
481.07633
483.00418
482.78665
518.94592
482.77269
522.12152
519.875
483.10656
478.58799
486.64337
481.80948
525.43368
477.04748
483.51578
481.20095
490.93985
483.41778
482.26761
482.05571
479.81605
518.96867
519.143
484.13689
478.78947
521.68563
479.13065
480.78466
483.7445
521.59775
482.97606
479.66578
480.50933
478.09827
519.00289
476.76401
482.15854
479.3394
518.0283
519.43369
519.08703
522.81209
482.60344
481.9184
520.16144
516.83754
480.38519
519.5796
484.01676
519.94393
485.57802
517.39487
482.56874
483.38696
482.09808
514.52086
486.39606
482.75007
476.81398
516.96446
491.32457
480.73852
520.10345
461.34774
484.86649
474.87878
481.38617
453.41417
450.55727
521.6195
451.39043
517.44708
508.89935
522.10292
505.78092
453.11074
444.81234
481.92208
515.91324
491.09997
482.11315
451.61583
479.07882
505.41804
479.16653
505.08101
485.60775
480.25602
519.1005
505.3187
522.5923
477.17397
506.1389
456.81585
474.66095
516.47932
505.60053
517.1654
523.31939
485.34608
516.33423
480.0266
520.42787
517.82728
481.47178
483.79885
481.15559
512.5553
481.38998
521.45181
521.65861
484.59436
510.06149
482.92853
517.47852
484.27291
519.21992
483.12415
482.52484
522.163
489.2361
478.93254
478.48742
481.04988
510.11958
479.98438
516.98435
522.20742
480.90358
479.80734
486.18647
477.95084
475.67717
481.02425
521.24854
485.12622
520.30478
501.15647
527.26198
483.00399
480.52537
520.29864
519.10398
480.23726
519.18073
480.38392
479.552
519.68542
477.69198
480.9532
483.00202
479.6757
483.252
482.617
476.75188
518.37422
491.45007
523.99702
519.85404
522.43256
522.41749
480.66197
521.47668
475.19876
483.37422
517.90768
479.7201
480.53665
517.75226
519.85361
484.56111
482.92019
519.29745
487.08839
480.48782
519.67952
481.81378
481.57077
516.74365
479.7756
520.27441
482.20567
483.42113
518.66963
482.12561
519.99317
520.64881
518.07242
479.98701
522.63185
519.08385
481.25505
481.10236
480.40903
480.9054
481.88053
480.58461
477.40978
486.78453
481.40501
480.63019
520.19706
488.87666
483.27611
479.46358
483.52299
519.57005
480.34996
480.4748
483.1665
521.17626
482.71799
479.80225
521.27651
483.33188
481.07542
520.77453
482.21602
481.16297
520.47886
481.40648
488.00993
482.31629
520.90616
482.09386
481.4912
482.14825
518.25095
521.05125
519.75789
482.57177
477.42566
480.28807
480.91849
482.20021
520.85763
480.77508
520.20929
520.77213
522.13899
482.29606
483.23548
483.29657
482.58282
480.78686
481.92206
521.06433
477.32833
520.39549
481.93227
481.44246
482.3462
480.95017
482.4838
483.78577
481.68779
520.86008
482.84816
521.61977
475.30283
479.23564
519.40634
481.73501
482.6427
480.43079
481.94859
482.09298
480.54187
480.84581
519.92876
481.29322
480.55554
518.71275
481.92373
479.41027
481.54863
478.63821
482.47525
479.35694
520.77119
480.81105
477.94936
520.72862
481.86119
481.65699
477.98107
478.04587
480.88308
521.04264
479.68397
520.92138
520.99637
481.81156
519.81558
521.06611
521.21142
481.19884
479.16097
523.01999
480.93051
483.95924
480.70719
521.75227
477.88597
520.6368
480.69464
484.08891
521.84256
481.00247
520.85154
480.82639
479.51345
483.57837
483.20852
483.51408
520.38194
481.61359
479.1066
520.67289
484.13507
481.73998
482.9072
520.40727
489.9253
497.30435
479.34764
479.24622
483.0077
481.45927
481.65213
520.83482
521.15575
480.66117
480.48268
520.56424
481.92004
520.72655
479.04465
482.11452
483.14886
521.35863
482.49458
520.489
481.03076
479.21778
520.99273
521.38319
481.83437
521.40666
521.73905
479.02634
481.59402
520.11628
482.49367
479.90876
481.52059
479.48342
489.45262
489.15485
479.37435
477.91955
520.577
520.89286
480.7606
521.59879
519.54752
482.59368
481.41675
481.6038
481.4241
520.77682
477.92456
480.90595
479.78589
520.66063
520.85812
485.53275
520.38695
479.47231
481.24246
480.95039
488.66241
520.91161
519.91689
520.75114
483.66989
481.01216
479.3251
520.83586
479.03783
479.78307
479.93716
482.96559
481.86855
480.47394
482.30948
480.40408
478.93306
520.82835
480.15232
480.26854
481.6863
479.12999
480.08925
487.13056
523.68112
523.75739
481.02349
481.97744
520.94739
481.66236
518.12291
523.52907
482.28877
518.79075
518.82585
482.6029
521.9488
481.9676
478.97437
522.18787
474.52427
486.6774
482.1412
521.12576
481.50415
481.08407
521.85918
520.17944
520.70205
485.49967
521.30062
483.22757
481.61489
520.85753
480.15198
521.37624
477.54048
481.93015
482.27287
481.58367
521.725
482.94474
480.32275
521.83485
481.23718
481.14729
521.55958
481.8668
521.10973
480.90239
519.36036
481.44757
521.3958
482.58071
479.85342
524.97277
479.85419
477.87906
521.29509
483.94203
519.44041
521.69016
482.71015
483.53576
521.82635
518.26413
482.27131
520.00622
479.21088
479.60205
487.51942
482.68073
521.45864
522.1958
477.15706
481.18655
483.47439
483.31805
481.70768
520.06692
484.59819
483.4769
520.69863
485.50203
483.60103
519.35035
520.68751
520.99519
481.83005
480.73083
526.18512
482.48974
480.71391
480.73582
482.28507
477.94379
484.73016
488.14627
481.96478
520.09694
478.45088
477.03586
483.96567
521.9591
481.79689
479.81978
480.65744
482.88719
478.50586
478.44356
481.37672
481.76303
483.74124
483.34998
476.02152
523.87211
519.96591
483.48113
477.93325
519.99349
481.53939
482.18723
481.95044
520.16468
520.04731
481.34362
482.23317
481.32584
480.79028
482.16585
483.05304
482.6942
481.05189
523.03894
520.00694
480.00159
479.38972
479.3207
482.35216
481.57126
482.31284
519.17234
480.68306
487.55989
521.13603
520.56241
481.74017
482.56099
482.92048
520.27738
482.30234
478.11935
523.85596
477.9042
505.78593
522.9843
504.38391
476.88443
506.32256
482.27967
519.97766
470.89432
504.7063
508.00177
507.02385
482.44097
507.99941
478.07321
518.77252
482.15879
510.68116
481.1269
504.29585
480.76197
506.21755
504.63514
480.40474
477.10319
477.12876
523.28125
508.0018
522.35065
507.99977
480.61999
487.96692
477.88801
523.80639
478.26125
483.10606
478.03579
504.74729
522.19356
481.74432
482.55154
479.95955
520.43519
479.07787
481.39744
479.65541
477.54075
520.66433
478.62604
524.2261
474.86272
519.67039
481.14537
523.951
523.24434
519.72344
489.57745
521.05027
481.53887
482.57437
482.22375
482.66902
482.83633
485.79568
481.8337
485.59287
481.39191
481.99155
520.4561
480.7865
519.80245
480.19992
483.21888
479.71113
479.23423
481.0825
524.21752
480.22967
519.48424
474.54434
485.85772
480.776
483.3196
480.63194
480.9664
478.12677
523.64914
478.39983
481.95757
478.12705
482.28862
522.48374
524.53346
482.92795
479.26044
519.98868
482.4166
521.19326
477.98495
481.89458
519.66543
521.02974
473.50742
523.09171
481.15827
476.53272
477.85583
522.4063
486.27472
479.38172
519.65929
520.27635
480.80496
482.37933
520.06084
478.97662
519.99686
483.72637
520.77651
482.55678
481.00374
520.65514
480.90256
519.93945
522.0018
520.17746
479.80202
520.29689
483.48227
480.49106
477.76731
483.92605
480.14699
489.40801
520.58203
477.95577
481.67445
480.14735
480.10231
484.93365
519.37799
520.18299
522.36364
480.94759
520.73509
518.97079
483.51253
481.49524
481.46184
488.61382
480.80402
521.7668
482.18565
482.84987
481.34431
481.86169
521.42409
481.48241
519.09783
519.28229
482.16244
488.4838
480.91578
480.93333
521.78791
522.24298
520.33712
481.79576
482.98738
486.58104
520.16293
483.43623
519.45711
481.54654
481.89795
481.07138
481.56313
481.26087
483.09552
482.49711
486.30279
519.25327
518.97801
481.67281
519.11135
481.20786
483.58758
521.43562
518.70247
480.57685
481.0073
482.88225
520.32443
481.36561
519.17251
518.99621
480.55123
481.91439
518.6082
482.74356
519.50819
481.26201
482.29964
488.33441
480.91227
480.50641
518.91309
521.4662
482.92833
519.40675
480.97379
520.41956
481.78575
481.97085
481.11933
481.28833
481.84524
521.26128
477.33048
482.24644
481.56375
519.80431
481.62215
480.86413
521.8325
481.62381
482.76541
487.01866
482.89696
480.53013
519.53191
520.21135
518.75988
482.08866
519.22588
519.12725
483.15604
520.25661
480.78059
520.27093
521.70101
483.03288
484.40854
482.37052
482.49082
482.47486
519.33798
519.7744
520.19946
486.80748
519.64623
519.70648
519.82021
482.749
521.29026
482.9002
518.85798
520.1848
481.05418
481.19455
520.21562
482.61133
518.79009
481.24349
518.85515
482.02258
521.91222
481.54488
521.32301
520.17662
483.89378
481.58235
521.29143
519.3853
521.35217
481.13861
483.08989
481.80553
482.14969
482.48683
482.54078
481.135
483.74009
521.68761
482.36934
521.22173
520.238
483.77558
488.64505
519.28982
482.56334
480.94543
483.22918
480.65345
520.77411
482.23331
519.02328
483.01078
481.92777
482.00574
521.22406
481.55233
481.3591
481.64272
518.89671
482.92434
518.7499
483.45587
482.13265
486.25894
486.96402
483.12295
478.02105
518.60598
481.00354
482.79078
480.81979
482.0639
479.99403
522.0917
481.09766
481.85668
521.27721
482.51414
482.9892
482.82515
518.94605
521.03639
481.84954
481.45195
519.02867
521.20273
481.15949
519.04703
482.61831
481.26816
521.1585
483.27825
480.37698
521.3266
483.599
480.14293
481.0755
480.91671
480.8694
520.15162
482.03848
482.53305
481.52495
486.95614
520.07578
479.12047
482.08091
520.03794
480.42597
479.90601
484.13495
481.88508
518.8432
518.65226
482.99682
483.77229
518.91758
481.68472
480.51973
521.44125
518.97915
518.67614
484.39967
480.8153
481.149
480.9544
479.92801
480.36786
480.93873
480.39072
519.19252
490.44258
483.5382
483.13395
480.57173
483.13429
518.96969
521.35584
481.65529
480.85644
477.70002
481.92203
489.52057
481.87972
483.68676
482.11998
482.72518
519.66754
481.23461
518.16308
521.40013
477.31094
477.63526
488.99942
523.2419
482.15258
482.43138
481.80501
482.87431
481.44158
521.20086
481.58557
481.17966
482.93875
482.59936
519.09299
480.96202
521.34638
480.96608
481.54289
521.64696
518.78338
481.30456
518.9552
482.85765
482.23186
483.89492
521.35844
480.72061
480.58088
488.80083
481.17433
521.36476
482.19069
480.33902
481.66985
518.16031
518.67904
518.69013
484.28473
482.00651
482.83847
480.78694
481.11721
519.02434
482.62441
481.44395
521.49853
482.10387
481.40644
521.80791
482.466
482.48361
481.63092
521.31484
521.21961
520.55477
522.3423
522.37405
519.61914
480.88178
481.03047
482.01698
481.64931
478.12673
481.32005
482.99164
482.59435
520.56656
518.5776
518.31777
521.98175
518.7933
480.85254
521.571
483.6244
480.67859
481.64788
481.06229
479.89811
482.23565
521.3318
482.19285
483.25513
483.13795
481.58921
477.32268
481.67876
519.52157
482.88322
481.21802
481.47639
488.05735
520.66562
482.13913
481.1947
481.00346
480.50131
483.73104
483.30716
483.60786
480.83382
481.59725
519.17033
518.74485
518.99041
480.72542
484.05457
521.70699
518.62231
480.48445
480.43655
483.03562
477.53201
481.60912
521.33813
481.35789
520.80037
481.9156
482.52836
520.76416
482.90684
521.04949
483.53263
521.34424
521.5842
481.52056
482.83051
483.50833
482.48798
519.03766
481.72254
481.30294
519.55717
481.1411
481.9382
481.57122
520.30777
477.29929
481.11568
484.11235
480.0013
482.99464
482.95492
483.35053
480.42702
481.41388
479.175
518.91066
477.45879
484.26037
482.74984
482.33226
481.80562
518.09137
521.3278
483.49765
519.10144
481.87378
479.76373
519.54069
520.21069
483.05286
480.12989
484.24937
521.33823
518.09956
521.41127
484.20239
481.63888
519.48547
481.42272
521.41775
480.93078
482.07117
481.04654
482.70536
483.40189
521.35983
481.08346
521.3589
488.25877
483.47875
519.01181
518.64339
482.82051
483.51018
521.82953
519.59766
518.07495
482.46068
480.54401
480.03709
518.96136
482.10659
520.36498
518.94712
480.96297
521.33957
482.54381
482.05971
482.23668
481.44909
482.49857
480.83777
483.0055
480.56453
483.74363
480.66909
483.53778
518.65084
480.62463
481.82189
480.86095
484.37047
479.90966
520.83415
477.70639
480.23637
521.36278
483.57103
480.51685
518.08166
479.89829
480.41859
483.16218
481.85883
519.10843
482.79344
483.35262
482.86393
482.39318
481.71406
482.16963
482.39084
481.96046
481.67679
482.81962
480.97658
521.75352
519.03402
521.46263
521.28673
484.12598
482.84689
519.25381
481.59202
482.60254
481.29937
521.77047
482.35583
482.68133
518.9077
519.05385
482.83919
519.00127
482.08079
521.35098
482.13502
483.10969
519.43588
486.80267
519.16403
481.7611
486.97551
519.55876
480.6827
481.81755
481.29566
482.48481
521.98602
486.28207
521.3985
481.79571
481.14205
480.9644
518.65365
483.04172
521.45755
519.04308
480.952
481.9951
482.40842
519.61931
481.53273
481.02898
486.7044
481.52718
481.22792
481.14826
481.13603
481.68517
519.11598
521.50597
481.59469
480.41184
483.57237
518.78424
481.83113
522.12899
519.29457
481.75409
482.72359
480.95837
482.4244
481.20993
519.75434
486.02343
477.54627
486.87608
481.19694
481.20809
477.9349
521.94553
482.06763
520.24745
518.96966
520.64513
520.96641
519.16922
518.97597
480.98975
481.37791
482.95972
518.53263
522.49992
518.70946
488.5099
481.75637
482.5348
520.76418
481.47395
480.61732
482.22073
519.4684
482.01606
480.8344
519.47654
518.69044
518.98687
489.77276
483.36567
518.89407
519.79513
518.32672
521.4392
521.29021
518.87172
521.6909
482.82145
481.37073
480.87708
518.83233
477.56367
519.13429
480.58878
480.84718
483.91295
518.76146
481.04892
483.23876
518.88398
482.51396
481.70868
483.74461
483.45905
480.7071
521.41975
480.12869
521.66126
480.85654
482.99552
481.5476
482.1172
522.12115
477.20361
480.88416
520.12936
477.38201
519.24326
520.92989
482.49729
521.34499
477.37833
483.779
521.3579
519.08548
481.53989
480.9987
481.48888
482.03602
481.74289
481.26268
482.83591
481.00346
480.65192
518.73233
518.95518
521.33462
480.66871
482.45788
481.83756
481.09722
482.49286
484.14568
483.03062
481.64355
521.39317
482.5427
481.23575
481.77095
519.06541
519.03733
519.08584
483.03367
482.08545
481.49462
518.96764
487.41841
519.12624
480.52986
481.59107
518.18242
479.68171
484.08286
479.95073
484.31162
480.35646
521.37126
518.73985
521.40677
479.91766
481.98704
519.4288
483.01405
481.52517
521.26479
477.54484
480.85618
521.4313
482.86576
481.20222
482.34933
483.47761
480.67865
484.38878
480.66338
483.2456
480.41807
519.20167
482.6519
521.3795
480.97117
482.26443
480.80659
519.04016
482.67015
481.0383
480.77969
518.72523
480.42984
480.19482
518.80335
481.81781
518.88736
521.57827
519.24591
482.33645
519.07906
481.36656
482.07446
519.48713
481.2481
481.80941
481.51585
482.60544
483.3704
521.2694
519.40917
481.9512
480.68216
521.65609
481.0767
521.65621
482.68225
519.19399
481.20929
481.29003
481.27435
481.98049
521.5415
482.09474
518.64074
482.02424
522.39136
482.17996
482.01816
518.70186
482.26399
482.7371
483.29431
481.12595
483.58337
521.36498
482.27678
481.72208
483.43925
521.94006
480.50207
518.60275
483.52618
521.18783
521.2109
521.62702
481.00968
483.29499
480.11518
479.95392
483.75787
480.94668
518.11344
484.38992
480.7839
482.71633
521.21169
481.60841
521.49301
481.39889
481.13125
521.95856
481.6613
481.01386
482.12033
481.56771
482.36266
477.50698
481.94724
477.38697
480.90869
521.42049
481.64657
522.00694
519.56216
519.59437
519.97771
519.06986
481.3387
482.07759
482.07912
482.21088
518.60205
482.74939
481.24289
482.7709
480.38864
482.10065
521.53923
481.29765
481.76698
519.0199
481.27599
480.80565
489.3314
481.37468
519.07152
482.08962
481.59719
483.36993
518.75319
481.16766
481.39435
481.22809
480.70356
481.14914
483.35365
521.39713
482.78745
518.98643
481.28431
521.41066
480.57307
483.97949
480.99884
518.91273
518.11146
480.7529
519.00241
481.4918
481.89332
480.94992
482.7568
484.02334
480.1653
518.73647
519.32921
481.37169
520.06497
481.25523
482.51652
482.13057
521.82597
481.88636
481.83887
521.58668
480.51907
518.14806
482.69527
521.96711
477.83114
521.7358
481.98088
481.61492
521.69815
480.14688
482.79885
479.47993
519.87489
489.48135
479.97178
479.53344
482.34605
521.4212
521.8971
480.94914
521.7022
521.66994
481.37451
521.53712
479.43237
482.49866
483.55328
483.54188
521.24428
480.04753
481.56936
478.44964
454.76118
518.98698
518.70386
481.42201
480.69493
479.48242
486.52804
480.02787
521.98684
522.33514
481.66807
477.58597
521.66972
488.20191
521.78426
521.41013
480.46136
479.64896
479.47721
482.74479
485.95823
478.51971
482.34633
521.01608
522.60757
480.55233
521.60273
480.67525
479.94757
480.10024
521.11061
481.94309
521.38185
480.21578
522.29531
481.32369
477.33626
522.47041
522.46036
486.50767
481.7433
481.49986
521.88999
482.92486
480.37201
477.27214
521.42161
480.53314
522.00404
481.86764
518.86579
521.61286
485.59461
479.87625
480.03847
481.3166
522.25822
486.40037
522.68115
517.64993
521.85229
479.62906
522.33276
479.60504
480.1135
479.06947
480.4391
522.22863
484.35458
486.16832
522.57059
486.03737
481.81042
477.79308
521.89643
480.00267
477.53799
483.26616
481.70853
477.44087
482.15327
486.10192
483.41138
522.37134
480.04538
479.23439
482.19496
479.40014
481.69104
521.82403
479.81666
522.30893
519.92952
522.46783
482.40459
481.66457
482.3688
482.14871
521.78573
479.64868
480.52543
479.25676
518.61242
482.75329
482.4711
481.55989
521.72066
482.79853
480.61217
521.63958
478.80837
482.5978
482.02931
483.3372
481.05352
479.62783
482.41245
521.46163
521.14784
521.85111
521.53843
521.2728
478.78978
477.05601
521.16385
521.22745
479.67814
483.10875
473.69595
481.6178
479.85883
481.15777
519.18072
480.86548
481.14303
470.56288
480.89389
483.21018
489.34708
521.46736
522.03942
482.43004
477.61126
478.66658
483.7789
487.39585
481.2381
521.67347
481.47563
481.01548
522.33672
521.61742
522.2681
479.43963
479.46979
479.74721
479.06305
519.09011
480.52058
481.88558
479.77317
486.26558
481.21863
479.18194
521.19337
477.9855
478.2985
481.04592
479.15212
479.43627
479.74294
479.96874
521.42205
480.59667
521.58719
521.24659
479.41868
480.94767
483.57362
521.07353
484.25694
483.96843
489.67774
483.52695
521.90048
481.85299
521.34793
482.06852
482.91095
481.98219
482.05463
481.50915
483.63078
481.31923
520.44883
483.53681
488.65201
478.57857
480.7042
519.96681
481.35211
522.02737
521.01262
483.97456
522.54732
481.05083
480.58816
520.81738
481.58634
481.26907
478.91383
481.83245
490.56371
520.75677
477.95319
521.38559
521.40531
479.1045
478.24898
481.76848
477.36963
480.63053
521.4185
488.89571
484.16991
480.63032
484.47297
481.38597
522.31255
479.13173
479.01283
480.79526
522.13254
478.21207
478.91629
521.34567
521.3402
477.85135
521.72649
486.09952
479.95035
521.87776
478.03624
480.59437
480.95595
521.57241
520.79185
479.87265
482.95107
481.74557
521.77568
481.89055
480.95983
482.86469
520.39614
525.09722
522.12569
480.14998
481.22265
482.35985
482.25817
520.75581
480.63789
480.93088
521.2828
481.59494
478.61181
482.90671
482.39262
520.54914
521.36303
481.19101
481.33242
489.36064
479.6632
522.36661
489.01388
520.99709
479.96764
489.72792
521.0838
480.6089
480.53051
521.13272
520.76731
480.60303
482.38468
520.63586
520.91785
477.87689
480.93406
521.50371
478.20554
481.57065
521.45424
480.15659
480.79004
479.30547
521.07102
481.87885
521.36339
483.98087
480.34138
482.00079
479.61574
479.93916
482.04407
480.99454
481.45566
521.15435
522.13747
480.33416
480.82231
480.07309
480.1181
520.72989
479.07674
481.59964
479.96783
479.78932
521.47768
481.65554
521.26156
479.98282
479.67357
521.5053
481.77909
521.6333
480.7507
483.03433
482.20497
483.37535
520.7228
521.24661
482.44384
479.29151
479.3227
481.55764
521.29039
521.2407
482.37412
480.39783
521.43883
518.92224
520.49686
482.90224
482.57673
479.07657
482.50907
483.65715
483.44572
519.46609
479.59852
521.37016
477.97675
483.22086
518.99082
480.25859
478.96191
479.91413
524.63291
481.23025
480.71899
521.72731
480.79064
521.19599
470.72858
521.43087
480.92789
479.40173
481.87202
521.22495
478.75894
490.52282
483.53004
478.13013
482.38797
483.43632
480.81765
521.22247
480.96391
480.55589
481.90309
478.45984
481.13629
521.19146
479.17539
520.20699
521.18512
479.19238
520.44913
520.37149
521.19626
519.27983
483.44908
520.95353
521.18049
480.25229
480.92808
520.3356
520.46163
480.90367
482.53831
480.68264
476.96901
520.21841
481.3596
521.08447
481.94423
481.35748
481.53081
481.24219
519.39986
520.34019
481.13985
521.78148
519.06025
481.09215
521.69823
482.95506
481.52242
481.47121
519.73309
477.76049
521.55345
480.96117
481.87923
520.55412
520.90222
480.98238
489.42487
479.55293
521.80673
481.98907
481.01978
520.03866
481.25165
481.18983
479.84176
520.84343
482.96331
521.05819
482.17426
480.11496
519.08626
482.63731
481.83247
519.83768
482.33847
481.25867
520.42355
481.82253
482.48659
480.58638
481.23946
482.82409
519.08345
481.90036
482.76767
480.31142
482.89319
480.93098
525.86096
477.704
481.73441
521.33274
481.32111
482.85293
520.50017
520.64883
521.71604
481.00317
488.9427
481.98809
520.10325
520.029
522.99758
521.03329
480.34024
523.95122
481.33315
481.88886
483.08091
481.56531
521.58412
480.44396
479.83409
520.65375
481.78265
476.97861
522.2191
482.63763
520.4386
475.01134
487.26976
479.1061
522.8786
521.66474
477.24317
519.16097
520.62255
479.33474
488.11864
482.24693
481.85143
481.37305
520.45349
481.30126
481.25989
482.38057
479.49266
480.94168
483.96843
481.82012
481.8206
518.35388
481.15547
482.15603
521.26786
519.21434
522.21652
519.23269
483.74415
481.79812
481.72037
483.34969
481.58705
481.28245
482.93928
478.39547
487.40969
483.12875
480.94708
484.9929
517.95943
503.96061
486.29141
521.69327
521.97104
518.9908
518.94501
518.07084
484.19056
523.0053
483.62048
508.00169
516.24605
482.00948
484.32538
481.06046
510.21433
520.96855
516.59958
490.10822
477.13026
523.39184
447.71007
484.30111
461.87377
512.46329
522.2165
448.9808
482.04989
483.04813
520.47669
481.26747
517.58103
504.52219
477.00859
438.84662
436.91861
485.78605
484.79288
470.47675
517.36082
483.69457
458.14304
454.29958
481.69169
521.21051
481.54502
519.46074
481.6198
444.24397
454.7988
481.2004
509.94449
478.4278
525.6687
452.57876
477.70814
480.57482
483.18379
517.76203
483.57782
478.30322
481.47214
477.67585
483.40272
450.1446
485.2488
479.91966
482.78287
453.98926
480.78112
517.02332
486.92653
509.66811
520.34127
502.84987
477.60373
481.90914
479.60923
519.32228
478.88058
483.26875
483.00494
482.46456
479.58543
519.54788
472.37308
480.93903
480.18539
484.40757
479.74424
516.23932
483.52256
517.54918
482.33063
452.62219
482.7573
519.3271
483.25782
482.03166
478.0543
520.00273
480.7623
521.34457
522.75859
517.76514
518.03744
518.62136
482.45257
481.38843
481.78242
481.63316
482.7482
481.55555
480.94417
480.85617
484.97617
483.81796
516.10798
481.69954
522.26704
519.15978
476.51622
487.72908
519.15112
487.19831
472.15095
484.35
521.70591
523.54607
477.4184
482.86042
483.37356
484.12751
482.3001
520.69187
479.03046
519.02659
482.52606
520.32261
480.42428
521.14545
481.2682
480.05071
518.45877
481.49532
481.48423
480.72897
481.68621
481.27405
481.91363
483.00766
480.93633
489.14093
519.34472
482.9974
481.37654
481.27008
481.57784
482.09352
482.12327
521.60461
482.73801
481.61417
521.40928
481.19473
480.68358
481.05156
522.17066
518.75762
525.61005
480.81156
482.66838
482.94517
483.36078
480.45829
519.4406
477.23027
481.02418
481.27749
482.44272
516.97236
480.66121
480.8121
483.12346
477.70026
519.05686
518.7989
519.20274
482.71003
481.2823
477.72216
483.10057
519.2745
519.37789
484.02835
521.0737
521.26099
480.53376
483.71398
481.17367
479.94937
489.50897
490.1126
519.25754
483.23684
482.17027
490.67602
480.70619
451.06758
521.38209
480.5821
481.17138
521.3741
482.96857
481.43648
481.47438
487.00326
519.53808
520.46904
528.75495
483.37302
481.8884
482.57482
481.4989
480.51019
482.67092
480.00977
481.07963
521.41835
481.5616
482.57525
481.57789
482.2012
481.12208
521.44404
519.2292
482.09887
482.23654
519.12241
481.53026
521.43749
480.59966
481.3912
481.52491
519.04005
518.66848
482.16345
480.92421
481.48141
518.91373
482.02004
483.08024
480.27734
482.48403
520.76557
481.64727
481.80409
480.78401
521.54991
521.54939
481.67091
482.42534
483.53747
518.8041
518.74851
481.78478
521.48548
484.06522
482.78462
521.39618
483.27563
483.1222
481.01699
521.41577
483.15337
481.20046
482.72556
480.66963
519.0415
482.29465
519.03028
481.65733
482.52149
521.35696
481.54017
481.97402
481.21152
520.91636
519.02576
519.04876
481.43911
475.40147
521.37899
518.77453
480.6435
480.52952
483.92955
483.71279
481.69015
481.26044
481.81334
519.22456
483.28363
482.82842
481.15609
479.9987
520.87146
480.95574
477.73523
481.42714
518.20868
518.20686
480.16963
518.73719
477.26037
483.04439
518.20467
482.42609
480.67641
481.82659
518.30622
521.66022
483.11943
481.01972
482.61814
481.49429
521.00013
482.61005
480.53286
521.43673
481.01177
477.47244
480.8566
483.72909
480.55746
482.19597
486.71702
519.18586
482.67958
477.36796
519.31733
481.40091
482.46324
521.9703
482.51508
481.71434
482.96055
519.2466
481.92467
487.91215
483.20722
480.50942
486.28216
523.40309
520.55529
479.26052
491.84444
478.09802
483.11416
481.05952
525.35852
519.57384
477.26372
481.46053
480.97197
480.49253
520.20064
482.14208
480.18135
482.50032
481.08048
519.18563
486.43754
481.71648
483.13859
481.9965
517.81629
480.17857
487.74452
482.86081
490.1619
480.62583
483.25785
483.20519
481.03592
521.43169
482.76753
480.67553
519.61325
518.58626
480.09704
518.70823
486.09776
518.23344
518.74759
477.00333
481.35676
518.56342
478.49634
520.24064
521.94889
482.35973
480.58895
481.70924
482.18242
491.07088
482.08949
518.59613
477.70747
478.55237
518.44277
479.92698
515.86976
485.5981
517.93936
480.64195
481.25577
484.53158
489.65997
475.51325
477.2282
449.35732
449.60929
456.71192
463.32795
509.83502
459.35781
506.90387
504.68611
453.14697
452.28271
517.93232
506.59667
519.34133
452.18715
484.43567
510.04276
485.93612
510.33576
520.38427
517.92878
485.89398
525.33531
518.17099
451.09235
485.19427
451.20164
524.52285
478.56171
521.82925
483.32404
517.44624
481.63372
484.11368
481.69794
519.99152
521.05647
478.80149
480.42392
483.41677
485.3437
479.24151
481.00454
482.71501
482.49263
517.55731
519.28366
478.64575
479.13436
506.57467
522.46234
480.77719
447.07306
475.4596
482.26078
478.8244
481.76271
481.41225
484.34855
523.68589
521.09909
521.58761
521.89641
519.09849
521.85006
483.36943
520.66033
481.93114
481.5428
481.59886
481.43008
481.06419
489.73444
481.42188
521.06742
482.0689
482.54951
483.24651
481.68259
481.86505
484.7366
483.55437
479.10587
476.86971
489.1895
517.17899
518.70562
478.08124
521.25845
474.86831
488.14288
480.80532
487.45616
481.9967
518.3339
481.2425
520.4193
520.71526
491.74984
524.29546
482.64742
478.15974
477.78516
477.9808
520.16769
482.40382
504.58483
522.01522
481.25008
521.07928
481.89492
517.70157
472.37698
481.02234
448.83216
520.33801
521.18421
505.73588
520.97552
481.08165
520.29335
481.75313
481.12768
481.53458
481.4205
481.01422
481.25995
521.5056
480.84708
483.34871
480.61417
482.67676
481.67672
521.14113
482.48832
519.25591
481.73664
482.03073
479.51429
479.04164
520.25105
481.69969
481.34322
519.75907
481.89956
482.10318
520.83986
519.86953
520.37693
478.92672
518.70163
520.57763
481.52318
522.53621
482.00691
482.19465
480.95166
482.20773
481.70412
481.25762
481.0802
520.40245
521.0416
481.49712
481.47636
481.52254
481.5351
481.61758
519.84543
519.13732
480.06373
477.5188
518.70762
481.48168
518.92603
520.77625
482.37642
482.12378
481.26895
520.55682
481.88069
481.5704
481.96771
478.40214
483.84859
480.64508
483.158
482.90023
519.30853
479.00194
519.42436
519.16993
520.13503
480.41525
481.31987
481.51655
481.07001
477.83738
477.52463
481.11948
521.37825
482.10963
521.3786
482.04859
481.26895
481.68167
481.89975
520.72698
481.14579
489.80746
480.83578
477.21621
481.73576
481.79113
481.14172
520.88344
479.30953
521.36909
473.34873
476.37987
483.68111
481.68705
525.3676
482.30837
480.60873
520.11011
482.43812
481.89664
481.65781
483.14813
520.12906
482.04309
520.49755
482.94665
482.10223
483.94701
472.41736
480.37339
480.46927
481.10185
480.6313
482.44686
519.82935
482.77482
478.86133
521.64166
484.80499
481.07398
519.80163
525.74087
523.18783
476.4689
481.9195
520.86711
522.94147
483.06253
522.17194
481.80729
479.51544
478.28997
478.84029
521.16614
481.81968
482.20527
523.63094
480.62568
474.20655
480.74311
480.2644
479.43899
521.74612
480.43759
481.74037
480.48682
524.54675
481.12413
520.07297
480.60973
482.376
482.84119
521.50332
486.21532
480.41557
521.15635
480.87136
521.25551
481.26448
522.49303
481.99722
521.64198
480.63281
482.95258
477.22536
519.94363
482.06706
488.44425
482.70892
519.97065
520.75958
482.28802
482.11451
521.11625
480.62146
481.31602
480.74663
482.188
521.00628
520.59926
482.00226
481.94276
521.5623
480.43876
521.30169
482.243
522.62429
520.75758
480.93093
481.40327
480.96121
480.85241
480.75891
482.00909
479.27418
481.55884
480.14091
520.34722
482.06016
478.93376
523.39607
520.76603
481.65652
520.51979
479.84926
480.42914
481.10489
481.1757
478.54649
482.15613
530.24746
480.4339
482.38833
520.95201
481.32952
482.18021
521.58103
521.56217
473.65105
479.98693
480.81815
488.49151
479.49979
482.25527
517.06157
483.50189
519.30302
482.46215
482.46422
518.89674
484.63729
519.12333
480.89406
484.89337
480.72878
520.82748
480.82241
520.18145
524.36458
481.08748
480.10733
481.50891
521.07125
484.94271
516.99765
479.96611
509.9091
481.471
505.4146
484.25565
455.36065
456.6934
455.41522
518.83037
453.80312
509.73998
483.9935
488.57917
455.82682
454.23676
517.85179
516.93211
478.50414
477.58882
520.4725
479.9608
480.40912
523.34572
505.63307
505.67305
484.21074
453.6252
453.37035
481.95334
485.56916
481.2789
481.57272
504.74373
482.26695
505.1056
505.00224
482.91912
520.96109
480.70192
510.05624
485.97884
519.0551
518.43788
516.49874
476.95111
519.14639
477.66348
520.46529
478.39967
478.26225
480.37761
528.21614
479.70351
526.18993
518.95635
478.72052
522.64696
518.70049
483.87107
475.06143
470.45429
525.96281
523.05601
482.65755
482.68701
505.02028
457.37219
478.3683
482.31587
482.80692
481.59072
521.54864
475.89643
480.15198
523.88358
479.52439
522.9281
521.53906
481.06225
521.99616
480.24308
481.51148
478.35483
480.34103
481.30251
483.65311
520.48731
480.94718
519.83441
484.38766
516.54839
483.77035
481.33873
484.9945
480.2991
488.96254
478.2483
521.05292
479.75909
481.92111
522.51689
480.81987
520.36534
519.60553
482.52328
527.4167
520.63068
481.67176
483.08981
519.03536
479.88143
509.62398
488.03381
521.41866
520.41283
523.61519
480.38912
480.04006
482.87495
481.14426
477.21483
518.70318
481.4908
521.63722
481.44736
481.86495
480.22822
483.36569
521.2123
480.60404
521.01809
521.28123
482.18152
482.18088
477.53623
518.61509
520.63033
480.17738
518.51942
482.69255
482.60468
518.45886
521.42566
518.73334
480.70038
477.52782
480.98871
481.84999
480.19406
482.59474
518.98744
478.47866
518.72893
481.26887
518.18401
480.91693
522.10275
519.70547
481.76026
479.97674
520.86735
482.96882
483.28019
480.56594
482.71363
483.18075
489.87802
480.96904
519.17446
481.14829
483.16329
519.01172
521.63628
521.17038
482.96221
481.42146
482.94248
484.4676
481.54575
482.16544
482.31646
482.52092
519.17676
480.97528
482.48972
518.84439
480.67371
482.6891
482.63619
483.76618
482.18534
482.72412
482.03528
481.84151
480.8392
518.75087
480.48002
482.66474
481.40464
477.46254
481.18941
483.92789
481.48752
520.95169
482.96647
481.80354
483.30356
520.98866
483.46114
480.62616
481.63078
481.28999
518.87961
518.89196
481.72224
480.632
519.07513
482.84813
482.22275
480.40059
477.59458
520.96674
480.52644
481.39743
479.96706
483.19153
491.1357
520.11651
519.07779
482.30486
521.29914
481.71219
482.33629
521.32471
519.21116
483.64377
480.60734
518.24239
483.97238
477.78595
477.53462
483.30109
482.82993
481.56562
484.17917
483.36584
482.1802
518.2111
483.99666
481.62361
482.32739
519.14649
489.85427
483.26995
479.98543
480.50744
482.44589
521.72938
518.93276
477.30219
481.47674
482.72519
518.08042
519.88163
482.22541
519.0398
482.02655
518.4401
522.33237
481.0991
477.2259
518.95419
481.89941
483.08429
521.9561
522.01133
482.3148
480.54424
481.34802
519.2314
521.43874
481.04307
481.1378
519.26698
488.79181
481.3885
482.62306
521.45111
518.96553
481.08118
521.44114
518.35612
518.73826
480.56444
518.6952
518.86302
482.31942
521.36435
481.3898
521.99745
483.59362
480.91224
520.87264
482.61585
482.93521
477.48427
480.45559
521.49786
480.20403
478.00089
521.34391
481.81772
481.47454
481.98229
522.60991
518.8898
481.32274
482.5593
518.40391
525.92781
480.21996
520.4894
518.44449
520.92544
473.71515
520.64591
481.43265
490.69566
484.08583
521.89455
518.20661
482.40038
482.07905
521.25542
481.92291
482.50328
484.03391
482.88725
481.92382
481.20616
482.10897
481.7312
480.4892
522.21559
482.02402
481.56296
481.17521
478.38622
475.2858
479.45008
482.8602
480.87187
482.88819
482.09451
518.59676
481.08743
484.18222
519.34404
477.68431
510.62613
480.5004
505.31734
480.7157
482.01673
522.02043
482.59821
481.11632
482.94214
520.7849
482.9562
521.10531
520.39899
482.34847
521.24686
484.69905
474.78306
479.91784
487.97466
520.01314
482.30323
509.8955
478.99586
505.51809
481.23044
476.71581
520.03842
474.97731
475.589
519.77114
519.32885
479.71077
522.76558
481.48288
510.21994
505.0209
479.01154
482.25296
480.55022
484.6007
452.58425
452.23719
480.5968
454.336
454.47666
505.37463
481.58503
505.19965
484.56327
481.77859
482.85312
480.60433
521.83069
479.57836
482.2876
520.47577
520.6146
506.15869
455.33832
453.97366
455.22597
481.021
480.89463
481.19647
482.28558
480.46092
518.54285
483.30285
482.24719
484.58181
521.40123
517.63313
505.73189
488.79068
520.92447
490.28215
526.31554
484.85447
478.8115
480.86232
481.63931
482.01659
477.41956
480.89039
454.91225
520.16396
481.71267
482.96326
524.95847
483.32955
481.81272
523.12661
505.63158
480.5086
521.27818
479.11737
480.80256
519.77451
479.57254
454.87449
483.09644
483.77369
478.81839
520.12154
483.48188
518.08654
526.92993
479.78483
475.56192
518.72289
477.72691
519.84427
480.5137
480.52922
518.81252
520.37469
478.25182
483.83542
518.20497
527.77958
523.04858
484.93428
483.20321
490.3717
483.49323
481.67944
482.03665
479.47629
479.1082
476.49262
519.84765
483.3371
519.12585
520.09429
483.89182
480.97929
520.3104
484.27967
480.63187
519.32998
521.16605
481.22536
482.90776
518.07197
519.86629
520.70422
477.91025
479.98982
480.83823
480.62253
521.39727
520.89062
482.0871
525.03516
521.15842
517.28691
480.5079
479.49978
479.12921
481.39149
481.06597
485.67404
520.30926
480.9186
487.96383
481.57037
479.73227
482.67613
480.35671
521.12554
524.37969
482.27961
482.11916
486.36069
482.2384
519.57191
478.17795
473.31087
482.2174
475.85046
522.29072
519.57782
483.60312
480.71606
522.50155
482.65523
524.1175
478.73645
479.84844
478.40318
479.69061
480.43665
483.44002
482.54807
481.9863
520.90119
477.60467
481.2966
477.84863
480.6586
520.1853
481.30053
521.22689
480.1422
520.74219
521.16996
479.37766
520.20265
490.34855
490.48102
520
483.50275
484.85353
480.30009
479.91745
482.80798
519.9726
482.42828
481.45414
518.10217
483.32469
480.85279
519.14834
482.01313
520.74898
480.99719
480.224
520.12695
482.00251
482.77553
481.39012
519.176
482.83279
482.95712
521.38147
480.95937
479.80143
481.68619
480.23663
482.79102
481.71567
481.32448
480.83312
521.46541
521.20426
481.02781
521.19124
521.6249
483.4673
480.68328
521.32971
519.86122
480.65957
480.03029
481.45424
488.08143
479.89293
481.38527
480.42379
487.24991
521.84679
487.60827
520.96349
477.76931
522.07711
520.26852
520.76221
519.92487
482.96616
520.82805
522.65071
479.9221
480.40391
521.48173
482.36086
482.56893
484.14993
480.75365
520.8366
482.16774
482.41796
481.82339
521.0504
482.75156
481.51249
519.88749
482.7916
482.34023
519.88103
483.01779
519.86931
519.94681
483.06891
523.36657
521.90971
479.32273
481.39685
519.91818
480.04854
481.31324
474.84832
482.79282
481.03274
480.58053
521.38588
483.43395
518.56586
519.91105
520.30251
482.53208
521.01361
481.57417
524.76304
521.27154
482.00502
519.40228
482.58103
481.43573
518.79971
520.91123
481.38051
482.74131
480.07671
481.07346
480.83651
480.68184
482.97138
481.19799
520.78236
482.30619
480.77527
521.79056
475.59975
520.7924
523.06916
480.6663
482.48775
481.00186
520.65235
480.77848
521.27218
482.81509
481.89102
479.70571
519.69004
482.2688
521.54829
481.51262
520.32357
481.83242
481.55209
482.05361
481.14426
481.0764
477.94572
520.72972
521.16641
481.48538
481.51206
521.41801
481.06898
481.87328
479.19443
520.22487
521.61565
521.34412
484.71222
483.69672
521.65579
520.53986
480.4135
521.70176
481.60007
478.90721
479.87348
481.92373
520.22253
484.43454
520.74968
521.12862
521.2634
480.71186
520.47191
519.83109
489.14474
520.78996
520.95224
524.71849
520.2587
477.89915
480.96998
479.10948
519.91434
520.94147
521.1994
519.17947
520.76311
481.10337
489.5857
481.77744
519.70026
482.43842
520.87503
482.63321
480.52349
481.37347
477.48232
486.56225
480.7874
524.09286
483.05056
481.06322
479.12841
481.79727
480.50855
479.47613
478.92678
478.69027
481.22191
481.05608
480.83423
482.36733
519.87184
480.88091
520.79516
519.8284
477.39493
482.72298
522.96561
485.78733
482.80101
519.66482
481.54664
522.3275
482.63938
483.11288
483.28858
519.93019
523.50274
482.00292
481.65647
482.55232
479.58043
479.22045
480.55344
479.11378
478.68538
521.57108
487.32376
485.75121
478.35742
482.00053
476.62135
479.5879
475.13803
480.01836
476.0648
521.94173
521.96775
479.22893
479.29784
523.49345
519.8154
482.08699
482.06284
482.04227
520.29801
478.49076
481.66193
518.9069
481.57346
519.90171
484.96395
524.18722
483.30394
482.06762
480.15133
520.23069
520.12697
481.09253
481.89576
526.08956
482.31091
496.87702
521.74974
521.4281
521.04853
483.21577
523.96723
483.20464
482.22883
522.30566
481.40507
483.53011
522.00946
522.14038
483.02361
522.19101
478.82644
478.81296
481.06335
479.14189
521.50097
472.58565
483.35169
521.62886
482.74417
521.86724
521.98992
482.08427
521.7483
479.034
521.80559
480.88552
481.5616
488.13038
520.79277
521.55608
479.90194
483.18336
520.30467
477.93888
520.46018
521.94537
480.8805
484.15177
488.61591
519.82103
482.22223
482.2836
478.82677
481.814
482.36493
478.55055
478.7254
483.62991
519.34838
482.35299
481.94161
481.76532
523.24442
473.32063
521.72899
483.4193
482.26403
524.17522
475.46302
490.23404
482.22319
476.95781
478.64024
481.34313
484.81382
484.26809
481.40256
518.84805
482.80668
485.84925
481.93486
481.87179
521.56769
523.13869
521.89455
520.12549
507.99992
475.29406
504.3368
481.31701
483.17394
509.88969
481.14793
477.188
507.99982
507.99978
480.30573
520.57215
499.34258
483.20209
479.99098
483.99865
475.56698
482.2431
476.97211
483.71177
477.76421
485.67272
508.00184
508.51245
520.45087
478.3053
523.1853
482.14521
478.91527
519.72702
508.00086
481.38909
511.89557
476.73473
478.37933
520.91341
520.84361
484.16229
517.77258
479.8671
521.08436
479.16064
479.81881
520.90476
505.82327
532.37978
476.20945
521.54241
482.7549
482.60256
486.51185
482.50537
521.28837
482.62617
486.53835
520.10234
525.05553
481.40414
470.3144
480.57089
504.53543
477.84782
478.59561
479.68558
479.3576
521.7266
484.43269
522.54353
481.9398
480.62702
522.01238
478.81835
478.51928
481.77852
482.63094
477.96961
520.00311
521.15073
482.10174
479.91791
480.34295
485.90075
521.9848
481.16899
520.20926
481.79341
481.90129
482.40034
482.84138
520.14294
482.95884
482.60267
482.37508
481.15534
483.00269
483.04149
481.07269
482.46602
482.15507
483.0083
481.20598
480.60765
481.16384
520.1016
483.12378
520.40702
518.56024
520.30395
481.17209
481.0439
520.1422
483.14198
482.50864
481.54294
482.75262
480.91626
482.80656
482.42277
519.98954
520.17627
480.83075
481.0863
459.39252
487.80312
481.05322
481.03524
482.85222
519.95807
480.72715
520.12073
520.04746
520.07202
480.82871
482.17739
482.70734
480.93664
481.01215
481.24312
480.99504
519.8911
483.02754
481.46067
520.01043
519.98319
520.31274
483.0711
482.80803
482.78139
483.16267
481.18469
520.11978
520.1358
480.89223
520.01775
520.09628
480.54745
483.39847
480.75237
483.41316
480.76492
483.47899
520.04127
520.03248
480.52203
480.42573
519.95415
480.45876
483.08057
480.48018
520.15939
482.9883
480.48186
480.84126
483.01118
483.04039
482.92771
482.95887
480.70105
480.98253
519.91868
483.31972
520.09271
482.90614
480.76791
480.87441
519.97828
483.35616
520.00064
483.26234
520.03533
480.96727
480.6059
483.19707
480.89468
519.96854
520.11689
520.03398
519.9157
519.95764
480.55508
480.81659
519.97956
482.65257
520.07393
520.12619
480.95763
481.03165
483.18681
480.54434
483.1429
480.97444
520.16455
482.76946
520.01862
483.47675
483.13224
480.74273
483.21727
481.00323
520.04499
480.61711
520.23221
520.41566
520.40293
481.10054
520.37357
482.63676
519.93935
480.76965
520.05254
520.3223
483.00051
480.92857
480.43279
480.5827
520.42969
482.79129
482.69371
480.35184
480.66949
521.08188
481.12218
520.14409
520.41352
520.16328
520.19762
480.83106
483.20873
482.82511
480.76825
520.05575
520.18115
483.33239
480.31171
480.79218
480.6951
483.33629
520.04189
483.38189
481.01285
483.12518
520.25919
520.38051
520.32412
480.92921
483.03395
483.00036
482.65355
520.31835
520.3104
480.68342
480.88255
483.0214
520.29474
483.14062
482.75395
480.36459
480.95329
480.52746
520.42724
520.23929
520.33372
480.56382
482.81897
480.66809
520.26149
480.74265
482.72928
520.24141
482.60712
482.74642
480.56318
520.49698
480.33092
482.90974
482.70842
480.86411
482.71261
482.55262
480.93424
520.4788
480.79256
482.47291
481.02053
480.57514
481.24251
520.25754
520.25944
483.23222
480.33256
482.89947
520.23418
520.23695
520.23292
482.64556
520.2233
482.77829
520.26869
480.83896
520.28475
481.04649
482.70334
482.82054
482.54002
520.22093
480.87498
520.2812
483.07597
520.24421
480.86103
482.64238
480.78051
482.6793
520.31695
482.86723
482.75803
481.00146
480.65508
520.28532
520.303
520.42711
480.86962
481.03867
520.24499
520.20963
480.73981
480.92822
519.9721
480.75739
520.2773
483.10036
483.20278
480.69426
483.01773
482.82023
480.65378
482.83025
520.25986
482.98878
520.25146
482.98743
481.01798
488.9746
520.29713
519.898
480.96568
480.91162
480.87741
489.0726
480.57672
482.86228
480.60845
483.06079
480.87146
520.28859
519.81556
480.59843
480.70011
480.7199
482.92437
480.74867
480.89424
520.25957
480.52788
520.27414
520.20282
482.84464
480.83415
519.90145
483.46064
480.37536
480.81295
477.7049
480.68048
480.84628
483.13986
483.10354
520.29901
480.68625
520.23423
483.85476
477.78221
482.95769
480.28921
519.95638
482.86037
519.89558
480.76564
482.8672
520.55268
482.91029
520.45866
480.29638
520.24092
482.85352
519.79164
480.75046
519.9611
480.85571
520.30164
520.32045
520.37759
520.2141
483.08836
480.36968
480.60614
480.78738
489.09645
520.28276
520.26503
520.22964
480.81351
520.50893
489.07358
483.32107
480.69469
480.31126
483.36592
480.66916
480.64541
483.56053
520.20281
520.3721
520.06213
483.5331
520.05757
520.4336
520.02866
480.67323
482.98134
480.41866
480.73697
520.08282
477.71008
520.22259
483.08504
489.15603
520.41286
483.21292
482.78483
480.82548
482.91141
480.18188
482.80649
520.07885
519.77961
480.30138
483.32259
480.6466
480.00382
483.49279
481.0694
480.46597
520.08949
483.63231
519.71373
519.7002
477.82687
483.36598
480.29551
490.03238
483.5175
483.69127
480.53516
483.38276
483.69822
480.55978
483.60497
520.07185
480.48771
483.79514
520.10524
520.00346
520.00856
480.27248
519.4868
483.282
480.35962
483.20321
519.98414
482.73525
520.08032
480.36327
480.48179
480.6975
520.06535
483.53227
520.46014
483.31952
520.06223
520.05576
480.28901
483.08632
520.03178
483.46485
483.56159
520.47648
481.1615
482.05348
482.38592
481.53918
482.11126
480.41862
480.91173
520.05938
520.01724
521.27981
481.61989
521.49218
480.81717
481.1192
481.13575
522.20654
481.58137
483.22213
482.28146
481.76428
481.24303
520.13236
481.86794
482.46507
481.51476
521.56525
519.08816
481.24242
481.8287
481.37562
480.97482
480.86158
481.73196
521.28923
481.86594
481.88567
480.42825
482.42053
482.59367
518.93592
482.16477
481.17143
482.9246
481.95475
481.54055
521.29429
482.49456
483.46415
480.52833
518.98766
520.01768
483.48985
519.86661
480.84658
518.92501
483.15381
480.59821
482.81914
521.73964
481.48846
481.72625
482.2294
519.25508
519.35407
483.09163
480.98366
518.77392
482.88302
518.7002
482.6612
481.12626
481.60298
482.13009
521.54664
482.32321
481.7487
483.55401
520.01362
481.64817
521.61398
482.5419
481.30362
481.06156
519.08945
482.21916
482.46693
481.89346
486.99802
519.45515
519.51764
482.04546
481.44421
519.83648
519.13333
482.9323
486.16206
483.07378
481.33954
477.18058
481.0535
482.67229
481.38191
486.78561
482.01833
520.08514
519.72737
487.48129
481.51093
481.71689
519.27466
520.01487
481.408
481.89724
519.11324
483.04429
482.2276
482.20503
480.61727
481.9092
481.96059
482.34101
477.27447
483.20496
482.42028
519.66397
521.99405
518.89361
519.36369
519.23618
480.74805
481.38173
482.42295
479.43128
483.40092
521.61459
483.55261
481.4692
480.87628
484.34854
518.86257
480.89421
480.97242
483.18142
482.9315
482.43012
480.97107
518.92926
482.36573
481.67662
482.5314
521.39357
521.58575
483.31387
482.55979
480.31751
482.59949
481.98125
518.99218
519.77496
481.77407
521.32424
477.00381
521.64354
482.42597
483.34819
480.65756
480.91587
484.65273
480.13852
479.63443
518.9898
483.44094
480.53758
483.7198
518.63448
483.38152
484.58253
480.5542
518.10709
483.89775
480.07719
521.32646
483.09055
518.94223
521.3279
481.03187
481.08762
483.02426
521.23765
480.60755
480.73541
482.72053
477.48129
518.85649
520.34823
483.35396
521.33935
519.24149
480.88139
484.02245
481.55
482.482
519.2881
482.77966
481.12618
483.02207
481.09867
518.66091
518.70733
477.49729
481.35332
482.50911
482.04237
482.02747
481.60503
521.20357
482.15104
521.29284
480.77438
520.18554
519.10265
481.15353
518.08251
482.0887
484.2584
518.58356
480.64211
482.94367
480.44406
483.45637
482.89014
481.67469
521.37565
481.49796
519.02707
483.74856
483.18979
477.65169
481.65371
518.50201
520.24536
479.57797
483.12344
521.13392
481.08419
480.47276
481.1403
518.72964
521.29044
482.46118
482.38625
481.53002
519.17178
481.09307
521.29087
521.03347
482.87909
521.5551
482.23618
481.95434
520.19496
482.54684
481.05284
481.87021
521.55524
483.75844
482.53341
480.81663
518.88669
481.29623
482.8835
483.01959
520.27443
482.9359
481.57578
481.03553
483.03442
480.99515
483.11155
521.95683
520.25024
481.84153
519.1818
521.53652
480.91494
477.32009
485.91615
482.05903
521.30804
481.77108
521.47799
481.73058
482.10858
487.4394
481.92576
481.60997
486.69001
486.01052
519.04864
481.59749
482.01658
521.84068
481.14617
519.40127
518.95666
482.33443
481.27909
519.66471
483.22444
521.466
480.74021
482.51331
520.24112
520.24056
480.50692
480.87196
480.45554
519.24991
521.31604
482.95839
518.64044
483.02643
520.23921
479.94479
481.03311
483.59069
521.2658
518.93954
484.28275
483.58476
519.70684
518.9882
483.05592
481.05019
518.98705
521.98082
518.67658
482.15536
518.89019
482.79387
521.19392
483.21712
484.32032
519.12158
483.73986
521.37286
481.30661
480.39597
483.135
518.76555
482.58175
518.63108
480.5675
477.46512
481.78673
520.76992
480.00424
480.41357
518.96727
483.05462
490.46442
483.13753
521.26471
481.60139
489.35555
518.97077
519.1307
480.57753
521.26987
482.63148
477.48664
521.78007
521.45981
481.37216
482.37268
481.00052
483.33871
518.65733
518.29665
480.68358
481.69888
484.42999
520.95332
481.1588
480.44194
483.69434
521.27778
481.61119
481.52134
481.97558
519.29747
482.6495
481.31844
482.62379
480.30787
482.48974
477.71675
477.58163
482.4
518.61913
482.83187
482.44616
482.0852
482.09064
481.60974
518.95101
521.24438
480.52191
483.6137
483.66778
480.45862
483.68356
521.20689
479.98179
483.01561
480.46197
480.30536
481.09919
483.09938
483.87418
481.49014
518.56404
481.01797
480.53267
483.12232
490.46329
519.01768
518.49881
518.58379
480.99876
481.86355
480.59511
483.24384
481.09504
518.71382
518.01588
521.39231
481.86999
488.30381
481.10591
481.66936
481.4917
483.27348
518.91896
483.82101
482.58602
481.04413
519.52556
481.59495
482.17387
481.92516
482.69129
521.40053
519.17626
518.69962
481.23253
480.67703
518.98489
482.74926
483.28087
481.91148
480.90378
481.9352
482.112
521.27264
518.99971
482.24854
481.41125
482.47841
521.79928
481.31578
521.15034
482.30668
481.7512
483.5707
480.73809
521.01943
482.88263
481.19615
521.33602
481.17053
483.39377
518.82768
480.82984
518.99448
481.72652
481.42353
519.1151
481.32484
482.29561
483.11469
481.15906
482.98769
481.60993
480.66431
524.11181
481.43841
483.08981
480.77063
477.46585
518.0435
482.71434
484.25645
518.57409
517.43021
482.32931
484.38565
481.52747
483.58219
480.5371
483.80995
482.51146
480.51182
482.63729
481.92639
480.77499
519.42368
482.38336
481.35311
481.10457
481.2478
482.51512
518.59375
482.49848
480.36216
483.16648
480.88787
477.61831
519.02028
481.92624
519.38095
518.94903
481.08332
519.06073
519.63072
481.80374
482.44414
487.67581
486.20686
522.35446
519.73953
517.43113
481.86385
519.5239
483.20482
518.6332
477.08467
481.52701
482.70816
481.12255
481.58135
519.36136
480.52014
484.07167
518.46572
518.9715
480.72746
489.60704
480.2979
481.65772
521.15319
481.71781
519.25268
477.49393
480.40337
520.17277
483.85181
480.2686
518.70248
484.086
519.38953
521.99926
482.71461
482.62303
519.48246
481.73037
481.66878
483.15741
482.04728
519.06409
522.02524
481.02876
482.57147
519.02611
482.11933
481.02644
522.07674
518.39203
521.80996
481.27654
519.06705
519.3811
480.53614
522.39626
482.73295
483.5755
521.45009
483.11311
480.99289
476.02169
482.1723
521.76223
521.35163
486.90287
521.39108
483.66077
481.25729
481.94995
482.52971
481.66307
519.15394
481.41284
479.47063
518.63041
480.06287
485.46572
480.93755
506.24033
482.60267
477.89254
480.91881
481.20278
518.03223
477.16532
518.81235
518.92574
483.09557
521.71771
480.74419
481.08066
482.11121
521.6208
482.17114
518.42095
481.00761
490.05278
518.46169
483.00689
477.42421
523.20258
482.77455
481.00003
478.12108
482.54322
518.65325
479.20066
486.90774
523.72476
481.51369
481.84659
480.79649
478.98461
516.97875
484.12828
483.63533
482.12423
522.78096
477.72519
480.53719
479.48462
517.27511
485.72838
484.46351
478.69032
526.77747
516.31182
479.3417
480.43939
480.31561
481.22046
480.38
483.82998
482.61256
520.87132
481.5054
481.10986
482.52912
521.43437
479.78236
520.86481
483.69429
479.40076
479.25848
482.10209
483.17819
480.9643
519.29908
480.9921
480.43926
481.78738
483.71529
480.95212
483.22829
479.93483
479.73439
482.81451
510.26115
481.81211
488.5344
477.8913
521.44607
479.2923
519.89824
522.8498
505.7051
456.51955
483.81898
481.72254
483.05839
453.66117
505.67682
505.32309
519.15727
455.31116
519.3468
517.80134
510.00575
517.54102
505.40993
520.40813
484.77848
482.47022
475.22007
481.52755
482.07122
520.7868
484.85313
484.83923
484.30175
519.27103
454.10494
454.5592
521.31736
489.25017
505.78208
518.94391
485.00702
482.66905
456.30006
519.32635
516.07355
479.66119
491.28012
520.78826
480.79925
483.12028
521.01131
482.91049
521.01614
481.14407
520.9375
520.03717
505.40026
481.53734
520.79002
478.8847
521.26004
479.90494
516.31194
520.77406
480.26506
482.14069
520.30356
520.48292
482.8693
520.84635
520.74152
482.29441
520.52523
482.53444
482.58957
480.96642
480.7416
481.14343
483.40575
481.15163
520.35663
481.16315
482.48519
482.44099
520.32772
482.64099
482.47967
481.86958
520.41533
480.71688
482.65197
520.22113
482.96245
480.92551
482.8336
482.71047
482.55516
520.27723
480.87879
482.58873
520.28022
482.38666
520.35122
480.9321
482.49476
481.04161
481.16017
481.06976
482.73487
482.53257
520.36822
480.78242
520.19741
480.87672
482.61028
482.68
520.35627
481.67944
482.73554
481.86755
520.31039
483.17129
480.63156
486.81073
480.96667
482.86401
481.02546
520.44367
520.34278
520.36804
481.06202
520.26808
520.26671
482.80557
482.57947
482.68577
482.54092
520.31953
480.9245
482.87555
520.3628
480.94415
520.34998
480.9362
482.84797
488.93445
520.33599
480.67261
520.29057
482.70449
481.03984
520.37654
520.32144
520.42094
520.36361
480.66637
482.80024
519.49279
482.67651
481.35507
480.83824
520.32261
482.32676
481.56784
482.61729
519.11769
521.03155
477.08997
482.77262
482.57843
481.0023
484.00085
482.60607
520.42475
482.66112
520.3575
520.34422
482.51593
481.02447
520.37069
481.1138
521.04039
481.84428
482.66519
521.6378
482.50729
520.31215
482.72844
520.34994
520.41354
520.33435
521.02617
488.81942
480.95484
477.33796
480.78811
478.2899
520.27108
480.88889
480.91025
519.9541
520.53192
520.39869
481.06537
480.93901
480.88501
482.72802
520.36294
483.22517
481.15023
481.87541
482.78289
519.9556
480.95889
482.82424
488.89394
480.7247
483.03302
520.03196
520.32102
480.82983
481.52609
481.1119
480.99407
482.8437
520.27789
483.01787
480.86213
481.7126
480.40272
519.70803
482.89842
485.2146
519.81105
483.68567
480.86961
483.06989
484.04898
520.35161
480.87487
520.01633
482.94352
482.90499
520.28026
480.64652
519.68573
483.06525
519.90671
480.65295
520.26799
520.26404
480.90579
480.81952
483.02715
480.69023
520.24498
482.751
480.59811
482.62596
480.72775
480.99927
520.3725
480.93795
480.75592
520.37245
482.65384
520.31239
520.27749
519.99295
520.26439
488.62613
482.77051
520.54147
520.40794
520.43637
488.7127
482.59292
520.35042
480.72561
520.34954
480.721
480.66024
480.79061
480.98298
483.11277
521.14914
482.81102
520.54317
520.65865
480.08509
520.55565
480.84678
520.59805
479.80266
479.63444
479.85781
482.52147
520.06341
482.79212
477.10305
480.90325
520.16046
480.76961
482.80935
480.93549
483.02553
483.26195
521.03338
482.50232
480.91087
480.84464
481.00965
519.78077
480.77055
482.90679
520.94099
480.92968
509.82111
455.12802
481.04661
480.08027
477.68049
480.9503
521.46806
477.03448
519.26642
519.91102
489.92193
519.92307
520.8089
482.30644
481.43065
476.58563
482.48395
479.72099
479.29964
521.77799
480.46368
477.42641
519.28807
483.89569
481.07106
481.84324
488.58456
480.45694
477.63297
518.9038
476.83075
482.64647
480.05919
482.14086
520.02665
480.78556
520.20013
484.1378
482.11102
480.94825
480.6219
482.50397
483.76636
519.75074
477.62606
482.92641
482.1892
517.25241
481.69853
482.72458
457.57249
483.05025
520.25978
518.96157
520.43864
521.48633
520.39011
483.13342
519.72573
481.2136
479.83603
520.733
481.76136
519.12087
521.99003
481.02356
482.96884
481.96513
481.89069
482.59477
519.36021
482.33163
481.17453
518.03963
476.95609
515.62193
505.04587
454.76875
456.62827
481.5206
518.22013
509.76487
455.29855
505.41411
456.54948
504.84561
515.7064
481.58695
521.19442
480.90284
505.11809
482.80903
520.46679
520.51872
509.84582
482.48337
453.57853
505.78726
484.35768
466.80771
479.86042
479.15153
481.90461
484.08253
505.83955
476.1942
481.87872
515.61423
516.33798
480.59896
506.37568
481.34115
481.21585
506.16509
483.12759
484.0378
509.66161
510.30978
480.43977
518.02475
480.37412
459.73429
521.32635
456.20895
482.72419
482.96109
461.40004
482.62792
479.54452
483.41186
456.00797
520.37072
455.30267
483.74587
449.04103
504.0554
482.82007
483.71015
519.76501
483.76776
483.60591
480.69133
519.97114
480.51619
451.18458
454.56126
480.63704
482.53704
505.19936
515.27498
485.31023
480.57826
482.48824
483.62991
454.7806
484.74291
478.01161
483.34164
484.8019
504.82535
516.74591
480.8457
506.04112
478.10029
518.77692
483.02146
482.05792
481.58607
483.46929
523.18749
481.59251
481.36731
482.55484
519.5824
479.52314
480.80169
481.68167
480.03426
522.19072
482.33965
522.49003
520.23319
480.36755
480.26471
479.62436
488.05282
480.87175
483.5198
519.75121
480.08517
481.93972
521.47963
480.98594
489.35678
480.84614
480.55254
516.53069
489.72393
456.00341
522.10699
482.32432
482.69152
479.54021
479.77126
479.44857
481.76786
483.56299
482.36924
482.07994
479.72857
483.12363
520.68033
480.86054
518.19772
520.93799
520.35837
481.03801
483.1602
520.75055
479.53129
481.17569
481.96606
482.68608
483.07077
505.83113
481.23454
481.03781
518.05314
481.21575
516.85871
521.30788
520.94198
521.26938
480.91618
521.55777
482.65077
482.50833
483.04971
521.3383
482.85086
481.37444
521.262
483.44349
483.27937
481.33779
486.96329
483.67589
489.0433
480.33408
478.45211
481.58895
483.27172
481.59945
481.28616
489.95643
480.8996
521.44789
524.38128
482.45296
527.18767
472.40229
482.59753
483.80318
520.31161
480.71276
481.12465
520.25304
520.75539
480.40976
480.5256
491.77578
484.0217
517.29537
484.32469
482.40479
520.30202
481.45583
520.32437
482.24925
475.81437
482.04291
521.53408
483.39525
483.17902
519.69474
520.23426
519.92636
477.32857
518.35139
518.96987
481.9244
524.17807
479.44436
479.97976
477.40368
515.23421
517.09134
520.13266
483.15519
509.86134
482.4933
520.75589
505.11363
482.84392
481.055
481.82794
481.36928
517.08864
474.16674
505.9445
519.21702
453.45631
482.88199
456.55233
455.26314
456.96921
457.73162
509.84312
482.96262
480.96637
483.14784
484.89167
483.56571
480.9618
483.56646
483.03028
483.54551
455.32275
519.3873
454.24418
484.28798
480.04473
519.45666
481.27473
522.78759
479.78421
454.73264
516.87508
482.65095
516.79124
482.85619
482.89905
482.04625
456.21715
482.82486
505.81652
519.77212
505.22082
509.90585
481.07037
482.94758
482.68277
480.53882
481.18377
521.52654
480.01041
482.54803
481.32277
481.50419
520.30164
482.9171
481.37429
482.3691
520.57962
481.14847
481.59966
483.09143
520.26657
521.59278
481.45571
479.80882
521.11623
481.16514
519.66124
519.78039
483.50993
520.77742
481.43237
482.91868
481.50505
480.00648
519.12156
483.35172
481.14146
482.46134
482.99781
481.44559
521.16081
519.36235
520.22275
481.51596
480.09943
521.28966
481.27382
481.58693
520.84646
482.88142
520.1083
519.65627
482.98156
519.98877
510.078
516.70007
505.06143
505.41834
481.58995
453.14598
451.29269
452.58488
457.81951
487.66352
478.93863
481.4605
482.54305
517.34787
505.00496
520.0412
516.76057
516.39989
504.72188
519.61422
482.00185
517.80193
490.5356
457.791
482.17366
489.59694
483.84088
521.92924
483.03397
517.07059
475.39629
523.80629
520.05146
480.2698
481.01473
482.24111
483.10513
519.79572
480.5755
479.38535
519.34421
482.49018
522.58288
481.3092
481.09434
520.63571
482.3432
482.28813
481.38986
482.14578
482.24557
481.12166
483.09838
477.12591
519.52263
476.35153
520.24162
483.83084
480.89936
520.8317
480.14536
482.8884
473.93594
489.98177
481.44856
481.16682
483.09308
483.00363
481.16811
490.34659
481.13595
520.44087
483.20511
519.40834
481.18516
506.29164
477.99648
454.72528
480.56455
480.26529
481.41264
483.00021
481.18342
482.90716
482.88073
481.72407
482.32208
518.89233
481.18979
514.5199
480.87871
518.13107
505.78507
516.77611
519.06526
478.04673
518.60254
483.96862
484.23833
480.0975
481.12968
481.91354
481.0195
521.91898
482.63672
482.31323
519.57192
481.44899
482.53937
482.36137
520.64979
523.77138
481.60111
521.39215
477.71806
521.53069
481.74694
481.31705
520.30828
481.35458
481.66945
518.15601
481.35783
521.2586
518.98016
480.76954
521.52639
477.70581
481.56247
482.20728
483.13854
480.93277
518.73333
483.27294
483.81619
480.4672
521.30175
479.4648
480.323
483.64668
518.96263
480.86831
484.34661
479.77148
480.31091
518.646
483.10347
480.83226
483.28054
518.66386
477.40961
480.44267
482.16467
521.30884
482.55678
481.34227
479.9247
480.72687
481.49232
482.69266
484.20999
479.92681
481.29125
481.59462
518.89449
483.28337
480.604
482.96303
477.50381
521.0845
480.38737
518.76773
481.75879
481.91522
482.77403
482.20755
477.50606
518.72415
482.41161
518.62212
519.30839
480.92974
521.32233
481.39648
482.55497
481.86634
480.85273
482.40607
521.59039
483.0953
481.4853
484.07535
480.62838
518.98656
481.30609
521.38987
479.91715
481.17975
480.98926
518.77952
521.26083
521.28423
481.68549
482.42813
480.83804
481.01027
482.52134
482.086
518.97719
519.11872
482.54507
481.6365
483.11012
482.02275
481.74977
521.1351
482.94809
482.09326
482.37171
518.89563
521.30422
482.47883
482.71425
481.78298
481.14894
481.59331
520.29366
521.17938
483.7921
518.08216
521.16732
481.99097
482.65179
481.40838
479.73823
481.50757
482.2018
484.21308
520.24136
481.05117
481.59154
481.45797
519.17654
482.31205
480.06265
519.57998
482.77333
518.4784
481.85449
518.64235
483.5016
521.18816
481.70403
480.94872
482.63318
481.44721
477.65904
481.5268
483.02459
481.96684
521.28391
480.47633
521.01442
483.57468
522.0104
516.74065
480.81912
483.75011
482.5985
482.56136
481.49014
520.16735
482.67325
482.71643
481.52117
520.21406
482.75715
520.12613
481.39109
481.06964
520.12077
481.03992
481.31899
482.69078
518.97283
481.3233
483.74914
483.17492
521.18155
481.59645
482.42916
482.3865
480.92515
482.615
520.21444
480.86196
481.35605
482.33996
482.73819
520.22202
482.21973
482.39907
520.28863
481.58108
482.33265
520.25372
481.29061
481.17237
481.19294
520.18739
482.80973
482.21774
520.35929
482.11764
521.42408
481.15123
482.32206
520.24746
481.38503
518.99375
481.55648
482.12321
482.40085
481.12108
520.24458
481.31807
482.50801
481.06261
520.23528
482.64401
482.3573
520.74731
482.68704
523.04435
482.01274
481.03648
482.48341
520.26002
481.44396
482.59717
482.39509
520.26324
482.53082
482.55237
480.94239
482.48168
520.23473
482.61684
482.78576
482.29847
481.12716
481.80722
481.16044
482.82264
482.73132
482.89225
520.15201
481.02915
520.28193
482.89299
481.20568
482.85643
520.30043
520.29569
482.77261
518.66518
480.99211
520.18596
480.89535
520.25949
482.91114
480.89293
481.15003
520.20102
520.19504
480.82969
480.75221
520.2054
482.69029
482.94046
520.23083
480.77186
481.16051
481.02073
482.94008
482.85885
482.98651
481.10487
482.77426
520.27958
481.17232
482.72657
480.96838
481.246
480.81545
520.27545
482.64189
483.1419
520.2383
482.6076
481.31872
520.25937
482.81457
481.0527
482.48154
482.50683
480.98923
482.45633
480.90831
482.64738
520.19466
522.02702
480.99926
520.22859
520.17894
520.21667
520.28772
481.17046
522.28406
481.1759
520.23856
482.54942
520.2527
520.24476
480.92251
520.37545
482.62634
520.23775
480.86544
520.25409
520.30301
481.24342
482.74074
520.30183
520.26261
480.87611
458.77971
520.33289
481.18139
481.29308
480.86212
519.90119
482.52814
481.96508
482.81691
520.26329
481.11012
482.59232
481.26266
481.04104
481.01065
481.24772
520.73591
482.62609
520.23691
480.78291
520.29877
480.80255
482.85893
520.32708
482.62655
481.14357
482.58367
520.91068
519.18887
481.47462
480.85889
520.3399
482.86391
482.71272
482.73163
481.14335
482.55661
518.89347
505.39607
480.58128
518.981
520.75801
480.91882
479.86204
482.75706
480.96142
482.74549
482.0093
520.22328
520.27885
520.30948
520.38111
482.89994
480.7143
482.77104
520.29402
482.67379
482.70505
480.6384
483.15918
480.77976
483.04617
518.97849
520.71329
480.47746
480.65237
480.70104
483.12427
520.26933
480.51613
519.37897
483.27922
519.68015
482.85181
520.24236
520.29059
520.52398
483.37384
482.90912
482.00404
482.79872
480.5953
480.75203
483.39556
520.33181
520.18818
481.27756
480.80373
480.62474
480.67412
483.17689
480.92812
520.16304
482.8471
520.37
480.89523
480.29076
480.80228
483.33816
480.14294
520.34948
482.92094
480.36603
520.17145
482.6885
482.78867
520.31995
520.18584
480.91863
483.3361
480.81277
480.62779
520.36419
483.07868
480.34152
480.70834
480.82113
482.71928
520.23175
481.02749
520.28013
520.25806
482.58064
481.93647
482.78182
480.90446
480.93739
483.03141
520.32993
480.79312
520.24674
480.94685
520.22426
480.89909
481.03385
480.42609
482.62056
520.25644
520.31867
480.54991
480.42895
483.54476
482.37405
480.5874
480.1704
480.55999
483.41429
520.08918
480.08285
519.59801
480.56728
520.0228
521.38097
480.66767
483.62694
483.6493
477.84564
483.67546
480.5775
520.09256
483.32862
519.6218
483.25393
489.89521
480.4816
520.37446
519.95078
480.64685
480.29565
520.20563
480.60669
520.02423
477.86224
483.42765
480.72784
520.11653
480.66251
483.24477
483.56896
483.07713
480.37878
520.11866
480.38252
520.08597
483.26329
482.92563
482.88579
480.20397
520.01609
520.27931
480.64149
520.07843
520.06904
483.58351
483.60938
480.31284
480.20127
520.05982
480.93837
480.63048
480.3914
483.54469
482.72115
483.45343
520.00782
480.70715
520.05211
480.80346
483.70995
480.54813
483.52154
520.01007
483.19129
480.35275
480.28636
483.39992
483.76035
480.45887
483.82595
520.07183
520.0583
520.00748
480.67114
483.51963
520.02243
483.24556
483.55536
483.30709
480.32082
483.21348
520.0394
480.52886
483.44634
519.95816
520.02398
520.0225
520.05496
483.34662
520.16047
483.28033
480.90485
480.98955
520.03425
483.28027
483.69312
480.87763
483.03964
519.98469
483.11708
483.14319
483.4149
483.04133
480.47987
483.21175
520.06503
483.38383
480.41389
520.0918
480.42818
482.93631
519.98498
483.26784
483.36896
480.90394
520.12053
481.00401
481.0823
483.06278
483.17645
520.02339
480.73583
520.01751
480.74771
520.18452
482.6051
520.09574
519.82373
480.98784
483.33051
481.11642
483.2485
480.98369
519.8594
520.03727
480.62693
482.96017
519.99833
480.51101
482.9763
480.75317
519.42559
483.61785
483.16605
483.17354
519.98605
520.00642
480.86764
519.97744
483.4125
519.97306
480.55221
481.03865
483.00269
480.99488
483.13519
520.33232
520.27164
481.24529
520.18291
520.15491
483.00141
481.11528
520.27141
481.20546
483.04339
520.22777
519.19849
482.55769
520.17458
482.58712
483.12401
519.6906
482.62025
504.6063
480.56862
482.12192
520.30818
520.19259
481.0149
520.30844
483.31023
520.27061
482.78174
520.08258
483.19356
520.30944
482.84546
520.12207
480.88983
480.70611
520.05895
481.09861
480.56266
480.67201
520.14829
480.58031
480.60641
480.64314
480.83598
520.06231
520.0202
519.91501
481.1576
482.79636
480.49253
482.67108
482.65404
520.02689
483.05133
483.02637
481.11614
483.18217
482.98316
483.1006
481.04619
519.777
482.47614
481.28901
520.2036
519.98611
482.88552
519.87607
520.13279
481.25975
482.8175
519.70924
481.37212
481.28708
482.26012
482.78531
520.0184
520.17413
481.29586
483.66213
519.93839
520.24681
481.41003
481.27409
520.22756
482.40534
481.47697
482.68061
481.27015
482.4583
480.82609
480.3347
481.11014
520.05258
482.65757
482.58448
519.79666
482.5791
519.79281
519.66106
520.05915
519.74504
520.1276
480.92437
519.72755
519.95079
482.83803
481.46659
481.21865
482.81117
482.84755
519.77408
519.76237
520.0106
481.02891
480.55434
481.18706
482.85525
481.3726
520.12936
520.08562
481.23859
482.90389
482.55027
480.88611
482.83559
482.69005
519.6027
482.71986
519.72776
519.67186
519.7522
481.16857
520.08538
481.53639
482.58306
520.14516
481.68279
482.75977
520.12391
482.34736
480.81593
481.04333
481.4275
482.21354
482.24599
482.28627
481.19205
520.1166
482.14507
481.33032
481.43584
481.53329
481.66286
520.13791
520.11374
482.18314
482.49466
482.40661
481.76949
520.05788
482.01696
482.38979
481.60025
520.05825
481.53316
519.67733
481.74693
482.26684
519.5894
519.96257
481.46291
482.5766
482.40939
519.73931
519.71437
482.90057
482.05699
481.55941
520.07253
481.17158
481.19179
480.93891
483.20943
481.0009
483.246
519.50026
482.84619
480.60236
520.13761
482.65623
520.11252
483.07602
519.95009
480.84386
480.48683
483.31673
481.06909
520.06886
483.08125
481.48378
519.58476
481.10744
519.4047
482.90796
481.41587
520.11754
481.27018
481.30093
520.43329
520.18938
520.09376
483.02452
480.87784
481.17104
483.02044
520.15542
482.96802
520.16475
481.10966
483.14769
482.71443
482.6751
520.0423
482.88662
519.98525
482.56286
520.14689
481.07281
482.46398
481.11387
520.04676
480.95598
520.10561
520.06737
482.61996
481.41313
519.99728
481.31821
482.67896
481.39693
482.91562
520.05261
483.23984
483.41054
518.62515
520.06196
520.09968
481.10407
482.58808
481.19984
519.95026
482.7027
481.02843
519.95368
519.98912
482.92971
519.93448
519.9569
481.24754
482.96575
519.91215
481.35315
480.82636
482.77852
477.66254
519.97871
520.04668
482.793
520.1313
484.15716
519.51196
481.80644
481.71134
482.76573
482.25455
482.05085
481.81943
480.35892
481.00583
480.2135
517.02538
484.8314
482.62254
481.60929
516.93629
519.69518
517.78666
481.73163
521.23433
484.0096
517.09751
519.86381
490.06456
522.87407
518.1638
477.82776
483.24098
481.52095
518.59377
477.98932
520.11887
490.96119
480.17179
482.35388
484.50129
518.6482
481.07608
480.14009
516.35758
483.07309
479.53605
519.53195
483.79314
521.33817
480.00132
488.83589
482.71428
481.17118
519.95066
479.24856
480.92814
484.02968
490.36298
483.27637
523.78416
506.45022
482.95655
517.45511
520.80841
454.08198
457.23202
482.84843
483.0786
479.59276
483.5684
505.96937
455.76501
451.31855
482.18782
454.95328
504.62157
457.26861
518.05614
517.15233
480.09275
456.98485
483.17014
484.6362
482.49991
509.80218
481.21929
452.57388
516.30279
482.16512
451.90963
454.01341
482.0547
516.43547
480.27405
491.83618
504.84834
456.53775
505.83901
486.71114
454.92643
484.14668
475.38752
522.77784
476.84678
483.49456
490.47977
479.97516
476.30361
480.05281
520.15264
518.59674
482.93654
454.71547
479.71218
478.00898
524.65992
520.08179
477.89029
525.63267
519.26238
520.9495
478.90959
481.21243
519.94803
476.11665
484.28529
522.7266
480.47889
477.8206
489.45646
479.8588
525.18523
480.36441
518.97474
477.39845
477.70752
482.63418
489.16248
478.47277
478.82661
496.37705
479.60507
521.35806
519.29285
525.7353
520.07185
518.80714
481.57294
478.07137
520.17848
525.07101
478.30334
479.31568
487.12546
479.64258
523.20735
478.13373
478.22884
521.02767
478.70303
478.44272
482.59649
481.02049
481.75074
523.61174
478.25577
477.97116
477.29891
523.83466
522.62541
478.53883
482.1816
482.99775
483.19095
483.06453
483.4499
519.34995
520.02883
481.83779
483.20489
475.18959
519.95364
524.24782
483.11609
483.21364
483.7478
520.45255
478.86209
479.81494
479.80158
523.4007
480.75326
478.44339
478.70217
475.79718
482.44955
478.75295
482.33321
479.95142
520.10317
481.24056
487.49127
480.05663
519.2696
484.03978
481.69611
520.77043
482.51233
483.14021
482.71398
481.02276
480.30887
522.02299
479.56102
482.60013
478.7571
481.16186
481.28611
481.6617
480.92174
481.80103
481.63353
482.67084
482.36314
480.96982
480.38185
477.51619
477.83055
479.87734
482.16697
521.75345
482.16414
519.72447
522.61645
482.56131
520.05723
479.49174
483.8538
481.29507
481.50545
519.71198
520.43189
481.28739
479.093
488.66857
520.81996
481.4227
482.83388
520.35249
475.24645
519.7318
479.56861
523.07048
478.40772
521.24893
521.50686
517.78046
480.41376
479.58722
479.84517
487.56505
522.66615
479.87866
480.41527
480.90277
481.45848
521.09218
486.86998
482.25696
481.49983
482.36857
481.06264
482.33257
522.74553
521.14019
481.87789
485.86022
480.34688
480.17783
521.91221
521.39447
480.53679
520.85912
521.46255
521.15877
481.8374
521.72489
479.68542
521.1521
521.00025
482.08982
482.75461
479.24518
481.4084
482.5426
477.81899
521.15467
480.05137
486.29953
477.60278
483.41045
522.06727
480.17097
480.9222
480.79783
477.60269
480.28737
487.05337
481.6612
481.52633
481.84925
477.67013
481.77949
521.79595
480.61723
486.22495
480.26077
521.43237
482.33134
521.90435
480.25002
479.83306
482.20265
485.18038
520.97647
521.24632
477.67784
481.79544
480.0415
480.6484
480.31733
519.9465
480.66629
486.94312
518.76001
481.27686
482.17437
517.05871
481.98199
481.16377
480.67084
521.26828
480.6167
520.33784
481.54903
521.82055
481.38464
481.9378
521.5816
485.10646
486.7026
521.23487
516.59096
482.07032
486.28543
521.36715
481.499
521.31954
481.39117
480.52006
520.27275
481.84886
486.08178
525.59075
521.07473
521.44682
521.65641
481.82113
480.74688
521.55175
477.22927
520.13565
521.96211
480.75633
520.28634
486.56252
519.84559
517.63601
520.43384
486.76975
486.03178
480.32928
477.23865
517.13097
520.38484
477.57032
483.63316
479.59433
476.91787
521.8929
480.47638
479.95679
483.31286
484.39391
519.73089
484.2125
517.84902
483.57393
517.40075
521.22855
480.55302
482.35133
476.84288
478.09038
479.3011
480.25251
484.5022
481.46585
483.59005
480.19286
520.98743
481.21881
520.68466
479.09401
490.24742
518.95838
518.73919
520.62783
482.26879
481.96378
521.50298
478.74742
481.68225
519.3371
482.58668
523.84712
520.32352
516.93109
480.51699
482.8716
520.68364
482.24951
478.9133
479.57172
481.52776
519.94639
522.52154
482.04672
480.92906
481.72253
482.40619
484.04049
523.99783
481.98573
519.93316
519.70171
520.28339
481.79593
481.60484
477.08009
482.96377
481.45908
488.07719
477.62939
519.96358
480.22792
482.32301
520.9083
482.26725
482.7241
519.87062
520.00099
521.90275
519.24612
482.46888
518.35848
525.10168
479.85628
481.12433
524.0842
515.91684
479.37724
521.54889
481.61622
481.35124
483.11098
483.97399
518.97809
481.0298
482.15215
482.11182
483.88048
481.79934
519.57747
481.50887
483.01682
482.6392
480.90041
483.43235
519.37266
486.18107
520.15181
484.54105
519.58299
482.02701
481.77664
481.34307
505.20936
519.38289
490.45724
482.07731
516.57174
481.30725
454.38964
479.87859
455.08579
518.69516
478.78077
482.2115
458.87486
510.00289
504.64491
455.57949
480.94218
457.99919
506.81028
456.92774
481.06458
481.45002
482.27277
451.31665
509.98582
481.40935
480.17782
478.11721
505.9845
480.49555
522.81233
481.47935
490.97463
510.25555
520.54661
517.07687
515.69877
485.41226
481.76828
483.56054
520.93248
519.11863
518.52108
479.3901
482.32994
510.63781
464.20296
521.13754
481.75174
485.63352
483.18386
431.33591
481.7728
520.3541
448.15357
426.93161
485.76279
439.37358
482.31679
481.42352
444.59161
519.65016
520.12404
439.29954
479.81356
479.99732
438.99157
519.6468
516.47441
520.71251
487.13115
484.58183
479.08088
520.98151
454.15059
519.88874
489.23398
484.47626
481.98253
481.81486
481.98101
517.85922
455.9173
517.49985
481.28295
521.2227
521.71275
482.01269
481.73836
481.86063
520.09084
480.63479
481.83443
481.81119
516.86087
482.10103
482.0242
518.68401
481.3103
481.75358
481.80492
482.56269
483.78577
481.77227
482.22642
481.91576
517.19355
483.0973
480.21425
517.4271
520.53766
482.04351
477.7452
477.49274
520.6808
482.5633
520.2976
480.53075
520.24912
481.10583
480.14877
481.05913
520.24096
481.26758
478.57161
472.40412
482.28251
501.65615
521.33536
482.61106
490.66186
519.45199
509.94858
481.51276
517.27606
480.74437
486.99417
521.04439
480.75526
487.32766
488.55353
480.94186
482.86384
520.19521
521.10979
480.68899
481.1857
519.98538
482.47365
480.42595
477.53144
521.01469
481.23147
516.15434
519.58677
503.15564
520.77962
479.07912
519.28263
486.93094
478.6384
480.61597
482.4785
481.41901
481.1011
521.61467
520.34277
522.40955
481.12869
481.8886
520.11433
520.66226
480.84798
481.95121
520.85646
478.08895
491.41009
506.85313
483.23699
482.41385
482.05183
479.16004
480.73003
483.88483
481.79011
481.87656
519.60892
482.27055
519.83032
481.85117
520.13293
482.0927
519.93488
481.90415
482.12373
480.79002
482.2803
520.95886
482.66752
520.27727
483.69576
483.0748
516.23047
480.75791
474.82166
520.70421
483.68365
477.27898
517.38734
520.37094
481.80635
480.30017
517.18843
476.86739
503.6416
456.99608
482.07087
520.2549
482.75643
480.87279
511.06855
458.80456
478.0161
481.89766
528.27449
519.93951
482.0212
479.4918
449.03326
481.8767
510.1535
481.91778
450.33485
482.28862
446.62788
504.00724
460.6501
452.8838
482.96076
477.34687
504.26162
457.6838
482.95034
445.85207
489.70459
458.3369
482.63162
489.20727
516.09114
510.03858
479.40226
522.73478
479.21063
483.06045
521.18108
480.29598
505.24713
480.8415
521.0231
483.88115
482.89823
479.73257
481.79768
506.82303
522.33014
525.17665
522.03932
481.99106
480.13835
459.53762
481.30126
524.16008
518.23242
482.12706
479.66826
482.17105
483.44111
483.15504
519.92431
482.38563
480.75583
518.21751
480.4423
519.83551
482.47801
475.614
480.80039
481.64856
519.53877
477.03402
519.87939
480.90173
480.65518
482.77114
519.72857
479.22681
481.70019
473.58908
520.61474
485.34197
478.9216
520.08804
482.01239
482.74136
510.19028
507.477
477.83062
479.03241
520.51231
527.66927
478.16762
482.55836
523.41242
481.56785
517.37797
478.26098
473.95647
521.19731
517.82822
520.39378
479.04428
482.75618
480.60787
483.38152
505.26316
455.24501
453.34475
454.77564
484.11563
520.97673
504.77417
452.66138
484.86539
477.86921
522.3221
481.62255
521.17942
479.60225
464.55353
455.17022
520.75836
481.79073
520.93441
455.66766
481.61742
509.90746
479.41367
451.81632
524.39512
481.72053
452.29116
480.6764
425.11216
453.57755
437.42552
428.95959
425.96526
434.88645
449.53192
503.64653
483.29254
482.91832
477.09561
518.86377
477.49074
520.27005
504.26644
516.94926
482.72983
450.44976
480.1334
488.07121
478.03719
481.75974
479.95225
519.66206
484.74402
483.2097
520.32081
476.24063
519.64996
509.87671
520.14847
504.89874
484.63214
518.31251
451.89101
474.43394
507.0053
451.45949
462.81918
481.85407
482.09433
483.67975
505.1182
480.51857
480.43444
485.25412
483.47885
516.76115
482.60982
515.44843
509.88718
483.61839
482.62352
505.82052
516.83545
509.71308
482.77865
520.28586
481.32967
456.19151
476.1251
482.52492
505.54834
516.26147
483.60133
446.31398
504.91694
523.762
526.50629
480.11834
478.32035
490.42835
478.11217
481.78447
479.21208
517.38666
482.94873
477.78282
481.27279
490.39092
518.03849
482.42765
479.6931
490.81574
482.19297
519.32969
481.45526
481.51311
490.75831
480.59474
481.77551
480.74256
482.05569
481.9934
477.82524
520.02002
520.04973
482.14769
505.60847
519.30647
482.90112
524.69825
484.46001
480.48932
486.48533
481.82153
482.07294
489.23663
451.93898
453.93254
439.88691
478.3
451.91804
456.67214
480.51735
483.65
519.02365
482.09306
520.52759
481.39317
482.23618
480.64607
520.85631
520.3147
481.52491
481.75963
480.84095
520.38604
481.12049
480.53794
480.94632
481.7857
481.71834
480.87632
520.17633
520.35174
481.65542
520.95382
482.05067
477.5694
525.1805
480.81721
480.62071
481.17953
482.89282
481.5716
480.89812
481.32319
520.29414
516.8439
481.64691
519.47289
520.26278
479.79479
482.63947
481.23437
477.37904
476.79636
481.25246
479.57331
521.0002
481.37549
487.74831
487.83911
481.84726
519.26661
520.95188
479.4964
482.11615
478.92823
478.65619
505.13906
455.69626
455.33572
482.54799
481.59192
481.69032
457.20612
510.12654
481.4627
517.21452
517.19563
524.16838
481.68753
520.53398
518.9643
482.97524
483.62431
520.62442
480.34883
482.38349
481.67569
480.57904
479.51226
488.79166
481.74819
516.92978
481.70445
482.30856
453.1441
455.5047
483.50677
505.22417
455.85368
509.92673
481.72551
482.78065
482.9217
481.816
455.23972
481.1728
520.58278
520.59527
509.88014
516.91116
483.14161
483.54201
481.49182
505.57917
517.11619
454.39958
520.54269
483.56013
519.16057
453.80843
483.0614
453.52326
483.14879
480.56709
478.31791
478.72473
518.38074
517.96009
482.44972
479.56008
519.65743
484.68645
491.04164
482.12348
481.30582
519.68742
487.93123
483.14735
519.75806
519.1712
519.91157
518.2159
522.40856
489.40817
481.17762
520.30881
518.28365
524.55025
478.46647
523.14454
476.79907
482.89801
518.85059
505.52984
479.96832
519.86901
478.73912
476.66122
485.21407
519.27236
521.59341
485.98278
481.61023
481.26078
482.80295
521.03919
521.78252
519.00548
482.7227
481.32653
483.42027
460.88169
481.23841
481.62457
480.38813
481.51799
521.41402
520.86667
481.54594
516.77705
505.25635
454.9378
482.94949
520.80586
520.19725
481.39053
520.50473
481.59072
520.15994
482.07929
481.94692
481.55691
520.24299
520.41336
520.91238
481.60258
520.22461
481.82535
520.95012
481.46867
520.13158
520.18679
482.14377
482.70126
482.25584
482.11291
520.09463
481.3371
520.06686
482.58343
481.45588
482.11158
482.28879
481.38534
481.40904
481.15862
520.2071
482.55427
520.18233
482.50988
481.62628
480.26071
520.18652
481.41093
520.06643
520.25333
519.99943
519.83586
481.58644
482.2836
482.37578
520.04794
521.27185
519.62251
481.65705
481.36519
520.24754
482.85332
482.11129
519.97108
482.2309
520.16829
481.73502
482.50368
480.95777
482.39068
482.62094
482.31489
482.54898
519.95556
481.10136
482.26006
481.64236
519.77243
520.02416
482.28472
482.08159
481.5288
520.0584
481.73428
519.99646
482.54577
480.25353
519.49856
481.81113
482.13313
481.77095
481.7703
481.17727
481.8495
517.29944
520.0191
481.82623
510.46863
482.91442
481.66527
481.76302
482.34575
481.69821
520.70346
482.22993
520.76267
520.19977
482.25412
481.77312
520.3913
520.17325
481.22381
481.61884
482.52227
520.10433
483.61807
481.987
482.16036
481.60379
481.91737
519.89325
520.10319
519
481.54825
481.88032
524.25952
481.45699
482.27315
520.12734
483.44331
481.50005
520.19213
518.84038
521.62021
520.25765
482.08894
520.2759
521.19134
481.70725
481.969
481.62762
517.17696
477.57013
481.27839
483.11464
482.73195
479.63569
519.09181
481.59407
481.03458
519.24168
482.78891
481.19948
481.96373
481.82853
482.31981
483.9678
482.72462
483.12054
480.28044
521.30723
480.79798
521.34727
518.09059
481.87502
482.48587
481.24551
521.63323
481.78411
482.73525
481.11973
481.56347
482.43351
480.86094
482.59124
482.01408
518.99038
481.34437
482.11428
482.57562
520.13829
482.80344
519.04481
480.28494
484.0506
480.84415
518.67549
521.35249
481.45737
481.0169
480.13237
484.05774
480.41892
518.1105
479.2886
518.56476
483.53468
480.02764
484.12867
484.38051
521.54435
477.57714
480.6324
483.69019
518.63404
481.33228
482.78725
519.89404
518.86989
482.97581
521.48105
521.27558
480.86965
481.72015
480.94397
481.96229
522.34154
483.41906
483.58598
519.14341
481.46666
480.47148
518.94727
481.07409
520.25754
519.36339
482.27753
479.79525
481.05439
481.50055
522.20016
480.72553
477.97592
480.12
482.68763
521.34827
490.81651
483.10016
521.40561
521.55825
483.02303
518.76763
484.37503
521.87063
481.98761
481.44833
481.86423
481.70736
490.80768
483.16393
482.5559
522.33649
519.43816
480.83551
507.26579
520.00239
480.66435
480.99152
489.64785
476.2719
519.77582
518.20857
518.59743
519.81683
484.13507
520.71253
523.23054
479.72913
481.05164
483.32026
518.63816
480.61971
518.65636
479.56535
477.80504
482.94262
489.91408
475.94624
528.45279
476.9266
479.78123
519.06279
479.22576
480.3098
476.11882
481.2465
521.70973
483.40803
522.038
478.96643
481.29526
480.01465
519.19154
519.74565
482.21525
516.52633
484.78887
479.34831
491.82031
482.4851
522.61845
523.18842
478.47781
505.90132
482.82889
520.77147
521.39762
481.60053
485.75143
519.28033
481.84691
437.91924
459.11856
478.08891
425.31775
457.03609
485.46369
505.51631
510.07976
505.91364
504.52979
506.67246
484.96377
452.22829
481.50569
516.56817
452.18996
456.16391
481.63331
455.82331
481.82322
484.04215
453.98414
491.41658
482.68036
476.9917
454.29295
505.97247
480.78976
518.89203
482.26506
478.10098
517.70599
505.57054
482.12354
483.08332
521.52191
520.42202
526.41174
484.29923
505.2462
479.65927
480.0689
520.38771
480.93002
518.76616
488.14278
512.13709
476.99571
517.49266
488.30354
480.90271
525.59234
483.05362
518.60551
479.22438
519.99858
477.99035
481.65269
484.66622
519.64927
480.52243
481.69738
505.85657
483.02656
505.90932
489.9478
481.67434
482.22365
521.03974
482.62229
482.07965
481.85543
519.44774
477.58405
476.93044
481.732
504.95569
483.36346
517.01753
501.06895
477.33765
481.5208
482.04723
480.84037
521.17909
481.66701
481.77901
481.20268
523.41918
477.41006
522.1191
519.76237
480.62304
481.02741
518.02368
481.58561
481.86409
521.35805
520.12959
483.9516
481.51429
483.13237
483.81576
519.94369
479.70807
480.6098
520.67883
480.06216
481.73403
518.41962
481.22022
521.46352
481.53382
487.76444
520.82039
519.15909
480.92148
521.06236
520.04843
510.6845
518.71393
480.59712
517.53759
482.055
482.07152
480.93916
484.18098
488.81796
482.8105
481.3856
522.78086
520.07002
481.01797
520.99173
481.44825
519.14007
507.01711
480.37868
520.52392
480.68967
477.20576
478.19724
481.07704
520.98753
481.18754
522.37471
480.72529
487.58972
519.55109
520.4846
481.00488
481.90135
521.09787
481.61856
520.68264
480.85906
481.77521
481.61955
481.94987
520.25097
482.14699
481.90747
520.13802
482.23822
481.85389
495.81549
520.18635
482.02811
520.22964
481.28016
481.57694
520.27556
481.85025
482.02401
481.90871
481.86959
482.04441
481.89262
482.06886
481.9494
520.15452
482.12186
482.099
481.58935
520.158
482.04892
520.354
520.20322
481.83811
481.63789
520.25315
481.85277
481.93639
482.03727
482.03264
520.16692
481.85913
481.97379
520.26952
520.18772
482.00242
481.98863
481.90599
482.00286
481.80733
481.73704
481.87442
481.74801
481.69516
481.81557
481.76308
481.73442
520.22584
481.77889
482.00383
481.96599
482.06466
520.25963
520.14439
482.00674
481.97716
520.16541
482.051
520.16789
481.66225
482.01931
481.84662
481.69262
481.70264
481.39027
481.67739
481.40509
482.24361
481.94663
481.89933
520.58254
482.0141
481.96221
520.35092
481.43304
481.69689
520.25482
481.42123
481.79959
481.70409
481.54539
482.24768
520.38878
481.31637
482.04379
481.81509
481.59742
520.12903
520.26154
520.11634
481.26082
520.25824
481.71223
520.15259
481.8183
482.12714
520.14566
481.69764
520.14797
481.65544
481.82171
482.12803
520.13212
520.64331
481.88044
481.70066
520.26316
481.93396
481.87422
482.06552
481.9378
520.21977
481.57622
520.22244
481.87742
481.62854
520.18265
482.18987
481.82376
519.90041
482.18373
482.61766
481.47542
482.5278
482.38698
481.57721
519.86549
481.61978
482.28454
481.91337
482.13247
481.72204
482.06895
519.89035
482.31353
481.85401
482.45996
482.29604
481.8629
482.47242
481.8584
519.95785
520.21085
482.4058
520.19154
481.55758
482.34509
482.42289
519.96463
481.79597
481.76945
520.34367
482.32293
481.45747
481.79832
481.52856
481.87302
520.12886
482.28845
519.95361
520.15044
481.98348
481.94539
482.25653
481.86296
481.34626
481.36906
482.24375
519.80833
481.89589
519.92354
481.79552
482.00255
481.4634
481.92323
482.11872
481.84024
520.64363
520.10259
520.27764
482.22457
520.18042
481.33612
482.035
482.05255
481.8923
482.17344
482.03121
519.85428
481.86639
482.14537
519.90678
482.03208
520.65688
519.91631
481.95839
476.43234
481.72525
481.96566
519.88939
482.05256
519.86524
480.89736
519.91458
519.85692
481.64113
519.92189
519.86051
519.80472
520.00371
519.84466
481.94642
519.94684
482.17427
519.88234
482.11776
482.11333
482.08953
482.1115
519.90489
481.86112
519.84618
482.00131
481.89733
482.20801
519.89376
482.04834
482.18203
519.79405
519.96427
481.86758
481.82005
481.92034
519.89865
518.67861
481.76884
481.99751
482.10777
481.98313
481.67373
482.04315
482.07964
519.95625
482.30115
481.73078
519.8482
482.09489
482.09969
481.96807
481.98451
482.05389
520.33245
482.17801
520.09028
481.50106
482.24343
481.93885
481.96718
482.28422
481.93315
520.22468
482.31181
481.53898
481.90446
481.65828
519.9027
482.24166
481.6635
482.08909
482.11966
520.23464
481.61914
519.99403
481.78407
520.17526
482.12308
519.86585
519.91259
481.7759
519.91908
519.85029
481.83601
481.77588
519.90513
482.06446
519.85766
482.18384
481.67396
482.03032
482.18095
520.25122
481.5549
481.6662
519.90269
481.90881
481.90556
519.91927
481.98277
481.20245
481.63613
520.14399
481.14323
481.46741
481.48006
481.78532
481.61936
481.84796
482.25346
482.1413
520.25368
520.12748
520.26137
481.53516
520.25053
520.29463
481.85093
481.74114
482.17498
481.63168
482.11922
520.24047
520.17865
520.23528
481.99644
482.25404
481.70426
482.04196
482.05475
481.44958
520.22017
481.79206
481.93751
481.73219
481.62174
520.18128
482.37418
481.64502
482.31744
482.31914
481.67072
481.41403
520.1244
481.58211
482.38668
481.60774
482.45088
482.17854
520.24588
482.18312
482.18643
482.38404
482.06406
482.43396
520.21662
482.43932
481.31928
520.18163
482.18972
482.37418
482.24811
482.0057
481.08432
520.18047
520.2528
520.09383
520.65172
482.16129
481.02814
482.50568
520.24762
482.10652
481.3735
481.80102
520.28134
520.63032
520.23802
480.97216
520.14448
480.9063
481.74546
481.54299
481.90119
520.17258
520.61898
482.45467
481.91834
481.76564
520.12259
482.53113
481.54244
520.14636
481.28559
520.17098
520.24716
481.83305
482.38772
520.22689
481.50609
520.12258
481.49842
482.24302
481.38026
482.19629
520.21583
481.36388
481.52013
520.23924
482.52209
520.17714
481.24147
520.23186
481.4533
481.47391
482.23841
520.21186
482.57314
482.30775
481.22133
481.66946
481.15213
482.34863
520.17884
482.53665
482.7506
482.67126
520.20974
481.39868
520.20843
520.18104
520.30713
480.97946
481.69056
520.13937
482.27087
482.30869
482.53752
520.13012
481.34839
520.22647
481.82629
481.42801
482.50899
481.23595
481.93995
520.32383
482.28385
481.55331
482.65006
482.37495
481.19503
520.27519
520.35679
482.6486
481.01279
480.96736
481.25317
482.61177
481.2003
520.35217
482.32721
482.71016
520.17856
482.14627
519.9436
481.80156
482.03035
520.09981
520.23355
481.36701
520.11991
481.72778
482.50476
482.56486
520.2332
482.06167
481.40717
520.60134
481.1674
482.55161
520.0083
482.5268
519.87587
481.8189
519.9166
482.45023
481.77715
519.86551
519.93484
481.7089
481.5685
481.35528
480.90541
481.39752
482.20789
483.40457
519.92449
482.44267
519.88288
481.46273
482.06675
519.88182
481.74708
520.14969
519.91383
481.55291
519.8392
519.8719
482.56889
519.87907
519.86674
519.88998
482.09594
481.64482
519.94562
520.32872
519.90383
519.7473
482.87682
519.92962
482.26718
482.40095
482.36318
482.22578
519.076
481.81208
519.83386
481.72421
482.1187
519.84103
519.89802
519.85856
482.17055
481.70925
481.93309
481.87986
519.80146
519.89633
519.90678
481.52311
519.85389
481.97148
482.02159
482.35873
481.8647
520.14497
481.90785
480.84267
519.99096
482.42346
519.99743
481.28605
481.48766
482.34283
481.22075
482.47426
481.43692
481.84692
519.89791
482.15499
519.90114
519.92138
519.82576
482.43053
481.68356
519.87157
481.87438
482.72498
482.14436
482.73248
486.56243
482.60635
482.27545
481.57421
482.37665
481.63515
482.10916
475.97018
482.87126
520.20595
486.31412
482.52313
480.07568
486.49443
518.93119
479.69684
485.76211
520.1549
481.52007
477.3568
519.15894
480.80881
480.7986
518.70864
482.34259
481.8052
520.5734
487.40339
518.72653
481.66141
520.15372
481.61573
523.68618
481.33964
519.92396
481.20165
522.28927
486.41629
519.25531
481.05551
480.64779
483.5555
481.50917
483.78588
518.73489
481.02401
518.52581
520.77832
482.73797
481.18938
521.30141
482.39624
481.70523
518.85478
481.54539
520.22696
521.11553
482.56572
482.31017
518.82254
482.05119
477.46288
481.50153
521.45274
480.65729
483.36201
480.03522
518.10669
480.12976
481.09341
483.517
480.17011
477.73182
483.3507
520.22065
483.98062
480.98491
481.5159
483.02324
480.47432
481.12226
518.71475
479.7016
521.28227
521.19496
487.50072
520.97235
482.00256
519.19372
481.14934
520.18836
521.1887
518.93674
480.53159
481.22639
481.44061
482.38892
482.1192
521.31795
482.52933
482.00101
481.72698
481.30763
481.11934
519.11703
482.08562
477.14882
519.90652
480.76136
521.67246
518.63369
481.17708
481.77603
484.34055
480.90016
480.41034
485.05073
521.34621
482.49567
480.42448
481.40083
521.8384
480.27729
521.45317
481.30916
482.13037
483.28355
481.53229
486.45491
481.48728
481.9667
486.62369
477.56268
482.99544
478.72656
517.67641
519.41096
490.5993
482.3149
520.17866
477.86913
483.09609
518.88023
480.1856
481.89213
521.6736
482.19294
483.63438
482.96308
524.04391
481.62477
481.87431
522.25312
517.27446
519.98726
520.1558
482.88929
518.90527
518.4155
484.11159
519.25705
478.26962
480.12518
481.47423
481.79058
521.07411
522.27198
478.90888
521.68809
518.67779
481.62078
482.68947
520.18048
521.58181
522.49311
484.87413
518.6672
480.98302
519.01492
484.71437
520.24783
518.54023
482.20818
478.41698
522.16034
482.7286
523.5355
477.71487
483.72892
480.92629
522.02845
481.67178
481.18997
483.08498
481.79485
434.61147
452.57648
505.40614
441.44809
439.99527
479.38751
520.21513
441.39027
518.97496
481.87306
520.22303
519.25028
481.64606
520.2996
478.77868
473.5275
517.06039
484.07359
480.34716
520.27359
479.67715
478.27362
483.24362
484.24301
516.82193
480.31898
481.98904
482.99783
482.26384
480.09739
480.30493
485.52645
488.1233
477.49717
519.27162
482.70445
474.10228
486.54093
479.52238
482.79142
519.54607
431.73698
442.41639
477.27976
432.94234
471.84732
433.61523
482.48068
506.54838
481.35127
429.43343
444.14039
439.40272
506.6687
480.75398
433.9918
504.41411
444.85299
437.83559
519.51816
498.568
506.51003
518.33595
480.40283
481.7377
520.64361
502.6806
434.45209
425.33995
452.43577
519.9131
481.35415
482.2131
482.80931
522.63476
434.47759
440.15719
502.77424
482.64815
486.95008
505.85788
441.72417
440.13194
496.13276
457.50173
429.01706
446.1728
516.95092
480.29884
482.48685
481.58987
497.23729
434.76388
479.02122
481.90599
520.71493
524.19716
481.33452
482.31625
481.18867
481.5674
443.00943
519.92521
482.3518
443.27756
441.55256
440.11336
434.85668
506.08568
434.14222
441.26038
439.49177
446.36724
498.23805
499.62883
505.61918
458.99267
436.32565
520.04929
519.86716
489.96336
432.6448
519.49683
506.46976
481.38312
525.75468
434.04753
483.54157
518.48066
481.91812
481.79378
515.95918
433.09686
480.78204
519.55926
479.44044
484.14014
481.64253
481.92077
482.82397
519.12175
477.43269
520.37024
519.07426
481.0577
481.40602
505.66955
521.10042
487.61533
448.38502
518.6639
480.57988
482.05953
481.87089
482.65719
519.06632
478.8763
481.86174
483.28774
482.15193
480.04704
482.9985
482.27452
480.68044
482.38408
483.47545
518.69374
484.01181
480.73932
480.5071
520.27944
482.1492
484.2181
480.27229
482.20403
451.20695
480.24093
481.86713
478.64046
522.59909
518.09801
522.54412
481.90277
482.74645
483.64806
481.09674
481.15896
521.28004
519.28545
477.90402
488.66312
480.00238
520.6147
475.08946
519.03203
492.44911
522.6428
480.34499
520.80382
522.11087
519.89544
504.53699
476.84085
521.42321
481.31624
481.87235
516.63263
481.51985
482.25718
434.08282
483.01211
519.97044
447.2434
478.78736
518.33149
480.91565
484.62388
487.22904
522.04031
504.98885
482.17712
480.57897
481.01859
483.65718
479.54702
477.81638
481.78956
519.89961
519.66283
519.92103
481.49309
481.77846
517.36896
483.18787
519.34613
481.41886
481.75907
484.77709
483.16899
519.17579
477.65285
482.14286
481.54038
517.48334
506.04156
519.31968
437.31433
521.99552
482.55408
482.9068
521.68928
482.32667
481.20734
520.00658
482.24389
482.74229
519.22505
481.60171
520.20972
481.86084
483.41346
519.13055
482.79454
480.9554
481.81957
481.95056
518.96061
480.22199
483.56633
521.35153
482.42589
483.60132
500.07466
518.80928
521.60793
518.94681
480.62942
481.5293
482.11575
483.0363
482.0866
518.9692
482.62191
481.48077
521.37008
519.94558
521.40258
482.43867
481.62739
521.2261
481.96654
482.01831
519.04161
483.06816
519.09024
481.40792
481.79229
480.49095
520.35657
521.24989
483.49452
482.54258
519.03675
482.14185
521.22643
481.66931
521.35877
477.47538
519.31944
518.80522
518.24661
477.10601
480.20665
482.10324
479.80334
484.02579
521.39646
479.99097
483.17689
483.5332
518.78941
482.17753
521.21359
481.50585
519.86928
519.86591
519.19787
481.0122
519.95845
492.54035
480.43031
480.44715
484.34013
484.29569
481.26779
518.22941
518.09827
521.17819
519.91909
518.58771
520.45573
480.99903
482.94589
482.90032
518.84245
481.07531
483.52948
484.25332
480.63524
521.33523
482.86903
481.14881
480.68536
481.9227
518.97793
521.22696
484.1119
521.00357
518.68353
482.44509
482.9362
521.32858
519.14871
518.69144
481.13847
480.13677
480.09621
521.28936
483.42719
481.58879
477.47162
482.90247
519.02584
481.13953
519.01316
521.25856
480.15872
518.67635
480.5479
481.60712
518.9978
480.59071
483.43291
480.69116
483.15176
519.9167
480.64657
482.90981
518.70215
521.3341
484.16514
521.14148
518.65026
518.95835
482.30908
480.41493
483.37992
518.11763
479.89748
481.06001
521.35952
480.99989
521.34705
521.23965
482.96068
484.2829
483.61793
480.56027
519.03818
483.68276
483.07271
481.34954
482.4572
480.4337
521.19488
481.45302
481.98228
521.11162
520.1232
518.8547
483.63464
481.48021
480.49431
483.77735
481.68599
521.08625
482.78898
521.43686
482.85394
519.0108
482.05267
481.90928
519.90804
482.69954
482.3113
480.85159
520.16037
483.55803
517.93445
477.39336
483.62658
518.09689
482.42961
519.11866
482.23938
521.18688
519.89101
481.62933
518.70623
488.85321
483.11409
481.71505
521.41094
482.45452
482.17503
521.255
482.30102
482.48428
519.31446
482.81253
518.32555
481.99149
520.1667
519.18368
477.34179
520.08862
483.03003
481.69296
479.87335
518.79079
482.6127
519.03371
481.8875
481.47618
521.26006
480.95711
481.61423
481.97656
519.64957
519.43599
481.66919
481.00105
518.89943
477.26506
487.02789
481.04579
520.278
481.17898
520.17994
481.38316
485.98128
520.22105
481.37663
482.37166
481.67706
481.44025
482.20575
482.48851
481.88972
519.80417
519.06458
481.28957
486.76672
521.34779
482.34569
481.75128
519.45116
486.21219
486.30802
481.74649
481.41228
481.48247
481.47856
521.22299
482.17656
482.46546
477.54217
521.49827
481.58655
518.73358
519.17346
482.42023
481.59226
482.74376
482.50124
519.27655
482.58987
481.23945
518.94986
481.47305
521.2527
481.17476
481.7321
520.27555
481.60712
477.64477
480.85805
480.90297
481.43986
520.3006
480.42168
519.92473
481.98948
520.09578
483.55144
520.98618
518.6812
482.71929
482.07517
482.1532
482.24371
482.74517
480.65448
481.1773
521.24973
481.99102
518.15727
481.78228
481.13575
483.40212
518.60591
483.59698
482.99145
482.58721
480.52969
481.75687
482.45893
519.31873
481.73785
482.12921
481.9018
481.78974
480.77741
521.23468
482.43683
487.42691
480.9858
480.97953
481.49486
482.10119
521.3978
481.67085
482.09084
518.86334
521.61515
483.04192
481.84958
481.97658
520.64161
520.8835
518.95586
482.25285
521.71073
520.99134
518.13381
481.11976
481.26463
486.81077
481.05042
483.57582
482.8794
482.15366
481.51607
520.22262
482.42706
518.59258
482.6507
521.80221
480.97474
481.49591
521.27078
482.08102
518.88597
480.81636
482.28014
482.62898
482.92297
518.87359
481.11755
518.84189
518.87178
520.22902
520.14356
482.31495
481.46443
519.00943
521.23433
518.72786
482.922
480.73024
482.0549
518.17009
480.29909
483.27223
477.60587
484.21014
480.89176
483.11697
520.00789
481.86052
518.95181
482.67068
482.60797
480.40034
481.39108
521.26749
518.79753
518.8135
521.2503
480.79973
483.16328
518.6662
482.04038
482.02628
481.64221
521.15736
482.22618
521.25558
481.58174
519.47369
481.7046
482.07418
481.79531
481.07868
483.90519
487.03057
519.37904
519.45594
481.19017
482.29848
479.94711
521.90127
521.39789
521.85752
481.45402
518.89221
481.06212
518.78202
483.55372
481.63345
482.14265
519.12125
482.87034
481.06404
482.96379
482.77493
489.14877
480.21995
481.24141
480.68727
481.77626
518.13787
480.15672
481.16737
483.47401
521.17004
518.99052
483.44806
521.22835
480.80677
480.71099
481.07521
482.81743
477.58605
480.07811
518.49341
521.20933
480.30791
517.87834
480.70096
485.65538
519.43677
521.27363
482.30294
481.70359
520.88272
482.98834
481.71706
482.12646
481.76772
518.86928
482.63948
521.14003
484.0724
519.10442
521.01239
484.19859
481.2827
518.87455
483.48938
480.87521
481.76218
483.9092
520.12719
481.91004
518.85618
480.75902
518.02577
484.2468
483.13439
518.99632
520.27595
481.20861
480.94424
519.1995
480.54928
484.39992
484.17181
518.58203
483.71017
482.70661
480.99413
519.05859
483.70729
481.16306
480.71867
518.78697
480.70913
521.1108
483.62307
482.3777
481.02953
521.4939
480.95054
480.92396
483.08798
481.74242
518.63095
481.35402
521.25873
482.45678
520.23559
483.17899
519.17918
481.94292
483.14268
521.6176
481.27884
521.67835
481.96269
482.92279
482.67361
480.97069
521.89434
481.86
518.88915
521.31696
483.4532
481.10438
482.541
481.73996
521.15347
483.11747
519.37373
482.20917
519.2118
482.01125
481.98521
482.92606
482.18796
482.11559
517.73752
480.57504
480.58529
521.47474
519.37051
482.54006
521.08124
482.85246
481.5629
521.90427
482.98015
482.51469
483.54493
518.18039
522.34995
480.31338
518.64074
482.44792
519.91326
520.57975
520.833
481.73153
479.82666
485.11723
480.5375
519.03587
481.70233
482.3133
490.40161
521.27031
518.96962
480.88895
482.25416
482.8851
480.93698
483.24353
519.30184
517.51302
477.56488
483.26743
483.11574
481.30085
518.33986
518.85849
520.55899
483.304
479.24996
482.02133
522.32162
519.72255
483.10009
483.09193
480.88008
519.63822
485.378
519.2564
484.30225
482.67063
482.80006
483.51844
482.10407
480.93807
481.78354
480.74849
518.12377
482.55188
518.21316
481.52464
521.57492
479.47492
481.15154
518.98553
480.57506
489.77598
518.92274
483.11161
483.3868
481.8919
520.76662
482.34821
518.52577
482.07469
476.7276
520.36845
478.62615
482.94677
481.73677
520.2109
490.34831
522.26678
481.14467
483.63187
518.87157
479.81726
482.73861
480.94391
481.13042
520.1813
478.90439
481.17225
481.98192
481.47677
482.24102
481.42928
520.6181
520.42377
481.14365
482.03996
519.85656
480.78771
481.03948
482.58729
519.65185
483.11884
481.94323
519.03406
482.33792
482.74471
482.67488
520.67234
480.80072
519.98909
482.21488
481.97337
517.06164
481.83388
509.83963
520.78092
505.3346
482.45174
455.30225
456.60604
519.96729
505.12588
518.95942
505.71907
482.92919
457.1198
482.97165
455.40342
505.82988
456.82885
483.45745
505.29845
456.55777
482.29778
483.23905
517.11564
481.92305
520.3625
519.84307
482.73963
483.71467
521.03737
478.55944
519.03605
479.81709
516.98984
481.22311
517.07809
483.27047
456.45747
457.15893
506.63187
481.82437
483.24776
482.45785
509.86551
505.47784
458.61639
483.00199
516.89268
481.64081
481.5199
520.72858
525.4386
509.81711
482.11108
483.07113
520.56243
480.9506
516.99249
481.11807
455.1018
483.41795
520.28011
479.91337
482.96342
478.78222
482.76441
519.97068
520.83067
520.25673
480.71264
521.3588
483.19244
519.79589
481.05767
481.64301
483.77581
520.59507
481.05584
482.44469
520.27062
509.86475
480.50876
519.98491
520.97282
481.21319
481.13435
520.25621
482.71399
481.22803
483.12457
482.65888
482.71167
481.08457
482.94244
482.42814
481.02212
520.32681
482.59405
482.69727
520.27091
520.23146
520.27992
480.98631
482.70039
482.51149
481.37007
481.27488
520.27186
520.3162
481.29131
481.1134
520.30879
520.25818
482.43149
520.1993
481.35563
481.24639
481.09357
520.22952
520.18256
520.2695
482.55287
481.32211
482.63056
481.1853
481.10172
518.77153
482.37075
484.12594
481.29502
481.1071
481.34267
482.49795
520.32818
482.34117
482.32609
482.28171
520.33031
481.26294
481.317
481.18271
481.09384
482.36923
482.48454
481.36091
481.2397
520.41305
520.31767
481.14486
521.30282
482.59921
520.27556
480.52043
520.2678
481.15462
520.30682
520.3166
481.03747
482.44447
482.21414
482.39239
482.50107
520.42297
482.47529
482.26747
481.25204
482.29633
482.22009
482.17613
520.38005
481.30469
520.44487
520.33176
481.4064
481.0721
520.96506
481.46221
482.36953
482.42801
520.25871
520.28307
481.40591
481.3976
520.26457
481.48899
482.38043
521.41679
481.67793
520.61307
481.71928
520.27283
481.36364
482.1765
481.2886
520.32579
520.30269
481.28362
482.40969
481.37908
482.29513
482.51523
482.15188
520.32432
481.55069
480.43552
482.14055
481.38506
482.03119
520.26369
482.3859
481.41991
520.18035
480.87251
481.2166
520.19837
480.40604
481.37545
481.50832
520.19682
481.60546
482.35162
481.33791
481.61595
480.05266
482.1333
482.98983
481.67439
520.19309
520.18222
481.4829
481.45904
482.01573
481.39082
520.34897
520.24612
481.33917
481.50197
482.02881
483.39047
481.06868
482.3027
481.54479
520.22821
520.34897
520.2843
482.24859
481.4874
520.23519
481.72506
520.23351
481.58852
481.97255
520.27434
481.97163
481.47524
520.25817
482.2356
481.47474
482.28678
481.66367
520.30526
481.18996
482.03638
520.63317
482.31499
482.15417
521.33543
482.01609
481.41552
520.92944
481.44885
482.02697
520.30505
481.02181
521.47202
482.16098
520.3187
520.97501
480.77135
481.63239
481.11535
482.58739
482.35897
519.49212
519.56141
483.02994
482.30115
480.73267
481.88169
481.75891
482.62828
481.91183
482.5358
482.00675
519.43003
520.67656
482.39964
520.79357
480.5952
483.19634
520.59979
482.65826
520.61576
481.2458
517.44812
480.78258
482.23631
481.19489
480.69331
483.79925
482.39081
482.0946
480.48454
520.96744
482.8219
480.77115
480.57668
481.77652
483.05215
520.79007
520.14467
520.63651
481.61272
457.32814
480.61528
482.64444
482.29764
518.50577
481.16235
482.9914
481.67654
480.04997
489.30411
481.68601
481.75498
520.81193
490.88233
482.58974
482.24237
480.21928
483.63713
478.20159
527.14392
480.74065
529.1592
516.90258
522.19337
479.9378
517.72332
481.9632
482.87772
517.1373
518.67656
481.26625
479.94467
480.95685
520.94897
509.88159
520.64039
479.68347
478.43795
480.4841
479.56483
516.98601
521.2062
520.23908
481.2778
484.55098
485.24922
519.18213
478.08478
482.05019
490.13643
519.9452
520.76082
484.08686
490.02434
518.70804
518.73728
482.06749
519.52909
482.05531
517.32264
483.53079
488.8622
519.56623
520.33308
484.16954
521.7305
481.61675
483.39913
505.73955
456.87438
520.37018
481.1997
482.67548
509.8417
517.21879
482.40398
481.1545
505.59124
481.45375
482.56228
509.91686
480.32754
481.92559
520.40391
482.53846
523.60662
453.14119
455.7608
483.09532
505.00848
482.94738
454.73138
482.63141
480.73594
504.9795
510.50744
472.05872
505.09228
477.69786
517.80258
518.90917
521.62783
480.83541
483.57963
517.18546
455.20966
482.78929
483.63251
517.14543
481.75641
519.455
517.36608
509.97174
516.70018
480.47626
452.8517
505.57651
491.07687
482.21436
481.51536
517.13532
520.31098
457.49001
505.8397
452.37173
456.78559
505.56058
455.60777
455.48534
455.63104
481.36374
483.16996
484.48867
481.85194
519.14852
516.9749
483.5013
521.09584
482.16547
481.50711
482.43321
481.47228
517.77907
483.56555
481.52659
519.34502
482.70765
519.75933
505.78052
520.74994
519.7781
481.77271
505.27118
479.38895
520.66945
482.15215
482.42471
481.20795
480.88645
482.74896
481.96726
482.10705
520.28834
482.22596
521.26386
481.51101
520.65577
481.63796
481.01585
520.46562
480.56263
516.9403
481.48854
519.60526
521.11663
520.20691
483.1059
520.64187
521.03822
483.38619
519.92917
520.1648
480.7793
480.49977
481.95094
482.61432
519.83696
481.73423
482.69868
481.50627
482.03037
520.81897
480.43698
521.4188
521.39346
482.18419
481.07872
481.78169
480.45717
480.50315
483.27967
481.77223
455.43177
482.49331
482.4679
510.04862
483.50563
481.2096
454.48318
481.00847
456.05756
505.36522
505.2812
505.61282
509.8816
456.51599
518.35637
458.26098
518.06363
481.62565
519.61313
480.76278
520.77702
479.96226
490.07506
476.72844
505.73954
519.5585
482.17824
480.59677
510.05067
520.07537
522.11517
482.84509
478.58506
481.06615
478.91224
480.39952
483.10504
518.13114
491.6962
520.73057
482.36693
481.1033
481.79183
482.27909
480.40229
482.36984
521.12141
487.93124
481.72335
481.25305
519.48821
481.71724
520.18973
524.96447
523.10059
480.24241
518.84545
475.92728
481.24678
481.27037
484.04112
481.8373
520.95912
472.83671
521.41793
520.93548
482.59231
519.96794
481.71805
523.20091
520.30142
521.21189
480.98061
519.85035
521.70534
477.77906
479.86641
482.51118
481.16086
481.11264
485.90846
480.02294
483.66174
457.09974
483.51878
481.13263
482.46617
520.76659
478.24629
479.57722
483.56119
482.06195
470.5986
483.59216
480.67548
519.49723
521.48865
482.46694
481.45582
482.89839
518.34471
483.58685
471.37144
482.0397
484.00636
480.85772
522.01867
482.44368
518.55839
477.24623
518.70861
520.0664
480.30998
520.90424
482.12153
481.4914
482.40968
481.17954
519.30775
481.13973
482.45499
480.86178
482.78198
479.24062
483.16055
519.21918
477.48626
477.57457
522.07187
483.09481
480.60658
483.29357
520.14834
521.72321
481.67953
481.91187
482.43368
521.43097
480.5583
482.43888
480.87962
481.35327
481.88811
482.16153
481.91726
519.04483
521.21204
483.00002
481.25962
521.17008
520.28365
482.58535
488.95125
482.05385
480.73429
518.936
518.89477
482.86025
481.28589
521.33811
482.63395
482.65447
481.78173
481.42351
519.25712
481.50418
480.70045
518.94031
482.20943
518.61114
480.98056
483.63796
521.23819
482.59825
480.96834
483.82104
520.44362
481.87611
479.26302
483.35398
481.50828
482.22318
518.06579
482.46875
482.06148
484.61711
481.79285
482.15958
481.7845
520.27008
481.73751
482.11875
481.48935
481.58585
481.79145
482.06007
475.17373
520.25058
481.90101
481.93961
481.66944
520.19488
481.90467
481.53304
482.18751
481.45033
481.57418
520.33774
482.30236
482.25278
520.28208
520.22337
520.1858
520.27825
482.10105
481.98501
481.71824
520.33611
481.55698
482.16086
518.45072
481.40965
481.52532
481.86743
481.6514
481.9669
520.36864
481.76983
482.29741
482.07251
480.28683
483.58296
481.92801
482.00091
520.39015
480.83449
482.0555
473.67896
480.68155
520.73122
482.02292
520.384
481.70166
481.33401
481.81267
520.32018
521.64246
481.93075
482.81419
516.5479
521.00671
519.939
482.12111
481.84383
482.02249
520.32423
481.80229
481.95653
481.89109
520.268
482.04326
481.83836
481.97442
520.43746
483.06031
520.33981
518.69242
482.34315
481.84352
520.42875
481.62598
520.41738
481.75254
521.35201
481.62313
481.83831
481.68725
481.66889
481.79496
520.20167
481.68243
481.90201
520.18558
481.76533
481.85824
481.97567
520.34393
520.20775
481.5107
520.2284
520.28586
481.84716
520.2413
481.93268
481.91364
520.25793
520.26458
520.61229
481.81773
481.85285
482.02555
520.20784
482.66448
520.22689
520.20942
481.78585
481.6761
482.0003
481.75514
520.34442
481.91653
520.1513
520.24748
481.85185
481.63055
481.93643
482.09329
481.96151
481.73818
481.71749
520.28593
480.73729
482.43066
481.66611
520.26481
520.35712
481.96821
481.73315
520.3038
481.79199
520.29022
520.24114
520.26793
481.79173
481.95221
520.26408
520.31935
481.75795
520.28779
481.92352
481.46025
481.79187
481.97756
481.71939
481.72079
482.09332
481.86002
481.9213
481.58514
481.85285
481.84158
520.31259
482.11408
481.80062
481.65363
481.91374
520.29785
482.06348
520.304
520.29822
481.73721
520.44013
481.56202
520.33065
483.18835
481.76149
520.30826
482.02645
482.00279
481.88901
481.5858
481.71566
520.289
481.68874
481.85008
481.93211
481.47873
481.53367
520.24057
520.28797
520.23413
520.27011
482.04237
522.61082
481.97375
482.14107
520.30494
481.74864
477.70831
480.04548
481.81154
524.16266
519.08565
516.62681
482.88515
481.50138
482.70596
482.09006
482.09097
519.37287
490.76536
520.24349
480.72401
521.20533
480.27931
483.4621
480.79
480.90505
483.82224
482.6652
483.3322
478.88878
483.58794
519.75033
526.43407
521.45484
518.69145
520.17242
481.85126
517.15256
521.12102
432.05564
519.74324
480.20759
521.60928
477.36943
480.48591
483.07657
483.54647
480.17696
519.01032
483.13053
519.28059
521.7638
479.86604
481.914
481.8631
483.57936
518.40168
518.83696
480.59131
518.34372
483.14742
481.09648
481.49391
479.7237
521.22955
520.37366
481.77709
484.38
481.34517
477.93646
518.66328
481.71264
483.52877
483.22695
483.90302
480.22696
483.48404
520.38212
480.98031
483.57069
521.3436
483.8608
518.76003
482.0235
481.83091
482.20857
518.53534
482.87048
480.40411
480.04529
517.37207
480.8349
519.83333
481.27833
483.41774
482.86432
520.28478
483.22442
518.11354
481.30727
483.22116
482.89701
482.08915
491.93314
518.97868
481.61596
480.30103
482.60862
521.10668
485.13016
482.23896
477.80921
521.27378
480.54662
520.26516
481.68567
482.15868
522.87808
481.87735
484.07365
481.16803
483.10894
480.54361
519.37763
482.04014
483.20567
480.24666
491.03381
517.16992
479.60966
482.77385
482.2943
519.0688
480.32372
517.46122
481.39161
485.38778
482.75568
522.64358
521.66936
518.64376
481.60344
481.0689
479.64999
481.61596
481.90226
520.42801
520.31149
519.17684
476.89674
480.62029
518.93371
483.76472
519.08562
481.61437
481.01563
518.71059
523.84969
519.04541
518.36672
479.84928
477.42405
483.03547
480.96923
519.0251
480.48896
484.47923
484.10342
481.74786
518.56931
481.73956
519.20895
518.87061
520.30192
479.95708
520.20715
521.18204
519.05626
480.84154
489.57414
490.91974
481.61572
517.24651
478.1147
482.61758
519.21117
483.63728
478.09994
471.79051
482.50215
522.25151
519.59054
517.69299
482.62873
519.52276
484.21601
521.44053
479.97572
517.99641
521.34981
509.97573
480.20811
479.75275
520.27333
481.36146
518.59981
482.44117
483.76292
481.80248
509.91003
483.74699
481.00273
483.73646
454.12008
504.93832
519.81436
504.96513
456.36384
505.28313
483.59617
483.94418
456.13597
481.97154
484.24632
519.6424
517.38283
479.29037
517.29919
483.4081
481.81716
520.08875
480.54621
520.32708
480.00087
520.7716
481.07673
521.50444
481.70678
482.89837
520.29492
482.65568
480.08981
481.78711
521.71356
480.41489
481.66204
454.89605
483.17707
520.80627
481.2404
482.63471
519.82445
480.04939
481.26817
479.85821
483.62039
480.79219
481.62887
520.49282
520.86911
520.27182
520.81691
481.4916
481.47005
480.77077
481.90831
520.80538
481.80732
480.40831
520.41257
481.72887
481.56451
520.85162
481.38591
481.60846
481.13758
520.90935
480.95394
520.31844
483.93301
482.32043
480.15789
483.03601
517.52839
481.20227
517.58921
505.77568
476.13009
482.395
483.34714
481.66882
505.99428
518.93189
479.45327
489.3033
477.9182
481.54255
480.05384
478.95088
505.58562
455.80386
481.69495
456.45604
520.10427
516.95162
454.24674
482.12071
497.25572
510.36345
457.46201
519.57854
520.45979
505.7372
483.0817
504.86187
482.00913
518.06841
453.98261
482.14594
456.65885
482.61221
515.40629
479.83007
505.22888
458.50525
520.74961
487.97635
483.76607
479.76243
519.69504
506.4071
475.82143
506.57673
521.52251
491.03324
485.50749
481.57683
505.18203
455.43911
491.58753
482.3716
519.45334
483.60565
483.84564
454.04392
518.42472
479.0131
483.5786
489.19253
516.46199
518.57336
478.54459
483.58426
480.08642
505.32637
481.02036
482.64175
455.50671
483.70075
457.62057
505.73828
481.84395
482.57977
505.48202
480.21968
483.17085
518.04994
478.75062
456.08705
481.21702
482.37775
481.70323
475.42997
518.0003
490.32598
510.14159
504.79226
482.84146
488.08003
481.86804
481.90085
484.23885
479.5924
481.45867
481.85253
524.0014
483.8047
520.85438
477.65937
484.04636
482.57588
520.77581
477.18361
480.40952
481.87805
521.54645
517.55838
483.66868
482.66221
479.60502
521.89055
517.79993
481.53559
520.17974
487.96919
488.25999
519.52652
482.75986
480.7841
520.01342
481.00629
518.5798
482.0368
478.16707
520.42583
480.73572
481.95333
481.53578
480.59607
520.562
480.2979
517.97145
480.64578
519.91841
480.27061
481.45764
520.1963
482.19351
481.31398
483.00672
479.9687
482.16184
481.70763
482.25653
520.84861
520.69288
520.75089
481.45448
519.88246
509.99392
483.20194
509.81487
482.72608
482.00744
521.96711
481.47993
483.43258
479.74197
480.99477
480.88918
483.88137
482.86093
520.42448
481.58159
481.43778
520.42535
482.03487
481.5939
482.03336
481.92598
521.64233
520.8481
482.06772
520.64406
481.65319
520.34089
481.56377
481.50495
518.81822
481.67452
521.03826
482.19686
482.20117
481.63212
520.31527
482.2762
520.29483
520.31812
481.44118
482.13816
482.01205
481.93907
481.45899
520.24035
482.23147
520.22123
482.20168
481.39905
518.27049
520.28817
481.442
481.86622
518.71486
520.37072
482.17978
481.563
481.54956
481.35386
482.26524
520.33743
481.61416
482.31884
520.2605
481.40083
520.25294
482.10583
482.07548
520.29394
482.32319
481.48615
482.3789
481.47448
481.30192
481.50533
481.33947
520.32488
482.15225
482.14513
482.39633
520.24481
482.10464
481.63229
482.29217
481.49058
482.37693
520.37485
481.42271
482.36017
520.28713
520.36863
482.44186
481.44223
520.29537
520.28565
520.31817
482.2014
481.41421
520.4441
481.27108
482.17591
482.44659
481.05921
520.48632
481.94484
520.35163
520.64494
520.26721
520.67866
481.6882
480.9545
520.57655
482.19327
481.56356
520.73814
481.29906
481.40769
520.64087
481.78565
520.75427
520.62382
520.41773
482.04117
482.20821
482.28444
482.27055
520.33932
482.46526
480.92795
481.38676
481.16823
482.097
481.20733
482.19059
520.31899
481.41368
482.20041
520.32739
482.27991
481.33903
482.50013
481.37192
520.31327
520.36394
520.29567
482.28739
482.26574
481.16228
482.23299
481.15072
520.23976
481.29855
481.31283
520.37851
482.55353
481.25087
481.33522
520.25584
481.27966
482.55706
481.28893
520.22377
481.40266
520.25551
482.33133
520.27468
481.20495
482.62653
481.22774
482.69904
520.31244
481.53266
481.02624
520.30316
520.3358
482.39236
481.11984
482.63447
481.02623
482.47318
482.30057
481.11428
482.32915
520.28374
520.14347
482.09767
481.05505
481.21896
481.16283
481.08141
482.38025
481.24929
520.36392
482.41069
520.34223
482.6213
482.51821
482.75384
520.24775
481.15518
520.26326
480.97286
520.33715
482.37573
520.41382
482.55517
481.11303
520.38612
481.08706
482.46278
520.38651
480.97
520.32539
482.59418
482.30967
481.18562
481.43324
520.67183
482.41987
520.37801
520.31795
482.5074
481.44014
482.40587
481.24096
481.09017
481.14199
520.46891
520.50107
482.82678
480.40766
481.89166
482.46746
482.12585
481.09196
520.46421
481.80798
479.89894
482.02669
520.87443
520.92254
480.22195
482.57838
479.36477
520.73674
520.37728
479.27477
481.0351
483.13826
480.29646
482.16904
479.57135
520.10548
480.67519
483.59242
481.03074
483.33576
521.132
480.8792
520.19686
509.93275
505.7954
505.15281
453.7009
455.29649
457.52512
484.87234
505.46269
455.22185
505.17015
517.82442
480.43616
488.37204
480.08882
477.86803
522.88945
510.08203
482.23838
519.17941
459.99582
484.51617
485.01486
480.95841
483.46466
483.15231
509.97838
521.45798
457.25694
515.90261
506.34128
476.63282
516.55655
520.49984
482.60053
519.95673
505.66088
457.69647
482.36196
479.24245
516.61125
455.2778
484.63126
484.52319
481.20809
483.42298
481.80169
481.67831
454.24226
482.50188
482.96492
484.48367
482.9801
519.88896
520.72265
481.39403
481.18885
484.63627
482.21847
519.77035
517.04559
505.8291
520.74176
480.72816
521.09968
481.20214
519.36821
519.83458
520.17712
520.26663
479.97512
481.44052
480.36935
481.75532
481.36837
521.41483
482.83566
518.90289
482.33245
481.92109
483.46367
482.44575
482.33367
480.74194
521.82951
482.89534
517.54648
480.74881
481.50855
481.05557
483.61423
516.4879
520.25695
484.10595
482.3304
480.37203
518.69603
480.87581
483.99906
476.75553
517.51148
520.30112
521.11096
509.83243
482.95997
481.35717
483.43447
521.23503
482.81974
482.97564
520.08315
481.55436
521.55518
483.288
480.76333
490.0756
480.70956
459.69154
521.07901
519.60246
509.77414
520.32871
483.88363
526.9278
483.33558
479.83887
481.73513
520.64449
482.19486
479.59929
479.70982
526.67915
516.83666
519.00923
518.19659
479.27797
483.6604
518.26958
518.82213
480.14429
520.43111
482.58366
521.13494
520.3477
482.95009
482.96928
480.52722
483.63855
480.77882
481.23334
480.1101
484.16406
481.107
482.6877
484.00855
481.82948
482.08899
480.59567
482.00996
480.59139
521.16997
481.10062
481.59677
480.60727
483.48308
521.18324
484.16476
482.98662
482.12865
481.51923
481.01465
483.13193
519.06601
483.55633
481.57152
482.40066
518.85903
481.55835
481.24915
481.31755
518.85521
474.79461
519.02225
481.61525
482.41579
520.43602
482.63662
520.35037
481.09745
479.96959
482.05879
482.76411
482.57578
481.25776
483.29048
518.23638
481.26731
482.0239
518.60794
477.32354
481.0752
480.61117
518.53146
480.66457
480.94647
483.06402
482.58474
521.22783
521.21745
518.88346
521.27259
482.45414
481.28062
521.27711
520.94078
481.00941
489.24322
480.42129
520.69071
490.38196
482.40463
521.39678
481.11592
521.19929
482.6076
482.31741
518.7009
481.67732
480.65599
482.00344
518.86227
482.93389
482.49302
483.17117
481.96717
482.86693
520.38081
481.32172
481.4656
480.51071
521.17121
518.57335
480.50765
481.17794
522.10871
481.92735
520.59488
481.6785
519.35698
520.76945
481.66715
482.07589
521.28468
482.02561
481.59689
487.38211
521.53565
479.65764
520.52569
481.37066
481.28941
482.09478
481.07244
519.90018
481.28202
520.01234
487.23476
481.73161
519.61046
519.30898
487.2029
485.72068
482.34718
510.21642
482.94496
481.99866
482.42255
518.88472
481.57477
480.96751
521.35209
481.92363
520.92928
518.59596
519.06988
519.00488
518.88347
481.86728
519.43747
522.46853
481.93413
482.15431
519.05548
481.536
488.08802
481.11708
481.62232
477.61637
480.28379
481.92319
481.59897
519.0083
482.90146
482.66466
480.62252
518.8042
481.00118
481.46194
521.33552
481.54536
481.31731
520.60133
481.17728
522.35368
482.36381
482.24242
520.54403
483.70015
481.48713
482.01896
480.73527
484.02821
520.35164
481.14757
477.38179
482.77796
481.27308
482.55297
478.74708
519.01233
480.68806
481.54875
481.59604
481.0887
519.39556
521.88594
519.2863
480.60693
483.83333
479.03586
481.19763
481.8856
483.93109
516.80361
480.64241
480.89729
482.25844
488.98075
516.09788
481.45986
477.48404
479.38251
479.92341
524.59523
477.48303
481.16409
525.72081
483.02305
481.80192
483.53512
482.43958
519.05305
484.43303
482.19105
481.00409
480.494
481.89422
482.3758
480.09154
482.69
518.73836
481.76516
482.38783
522.84797
504.38227
435.89283
452.65574
478.23756
520.64272
505.86443
518.49598
506.87459
515.72337
525.94441
475.64612
487.41605
509.9348
480.3709
520.17829
483.42905
490.13226
519.09784
481.41813
482.47027
524.1483
482.43439
482.3878
481.02997
521.17394
520.02526
520.64035
520.48701
520.89452
518.68737
481.37193
483.77217
480.66246
518.18079
484.28258
515.72988
484.13548
481.5001
481.2051
481.5885
481.83514
510.98468
478.10331
485.97006
480.93393
481.78583
477.81703
481.82675
482.0032
482.60078
481.39318
518.90546
518.32615
518.97675
481.63439
483.04144
474.80454
478.97982
479.77337
482.21525
481.97231
481.62598
482.01116
482.28712
483.2135
483.1794
481.29691
482.4212
525.95077
519.74661
518.45783
521.74137
521.46793
481.86912
481.92241
481.61734
482.30913
518.03983
479.8966
479.88914
483.10651
484.37715
483.88487
482.6694
518.81864
480.40853
518.64976
481.98106
478.43696
482.69906
521.04411
518.05135
520.25265
519.17188
480.9569
480.95017
481.00811
484.36981
483.1118
518.93846
521.3273
477.53949
483.20753
518.05982
480.40428
479.91742
480.9261
482.64198
521.37817
481.65407
481.93441
521.21063
482.56741
483.12485
481.53608
521.29585
482.01556
521.3279
482.0963
518.89787
482.93393
481.15202
518.9703
482.44121
481.41161
482.41625
519.00494
480.70472
521.2388
518.97451
521.59893
482.60048
482.28255
481.58782
519.83557
481.49762
480.82819
521.5804
481.41312
518.89646
481.87811
521.32785
519.21932
481.73459
488.39825
519.81869
522.10972
481.65406
480.68314
483.0483
519.51756
518.81439
480.81296
482.11104
519.59992
483.74429
480.88569
481.3885
483.62365
481.21606
482.39821
520.30804
515.8869
481.00023
520.14155
481.51059
477.40591
481.8856
481.93611
519.54907
522.20267
480.89773
480.14618
475.63813
522.77168
487.66517
481.74474
486.79831
434.92977
503.9946
519.92539
432.48613
520.14643
476.39617
479.9014
520.68766
479.23667
479.94793
496.05412
485.75627
432.96945
522.16539
480.71519
481.8773
519.3272
480.71642
507.52749
444.15474
486.98222
505.8759
478.91444
480.81597
477.621
479.99315
480.35298
520.82366
518.63653
482.99885
481.11438
489.9391
482.13337
481.21968
481.00208
481.49284
481.20879
523.44024
481.34685
481.51039
481.95046
518.39984
481.42143
482.271
519.19408
481.08716
481.63846
482.11221
521.8874
476.43508
480.80019
482.34417
523.56249
519.71168
482.71216
520.61022
521.26336
481.2931
517.13656
481.20495
441.39438
485.09613
482.17363
441.08472
440.48839
451.54115
439.205
440.75354
455.78448
437.94724
482.51112
483.24724
519.84493
480.35168
504.63916
504.48462
522.84074
506.0422
519.84895
522.14578
481.44052
445.07507
441.23603
449.49065
505.18928
478.4717
477.54028
443.68942
432.08746
516.66748
504.30698
481.17493
434.87104
438.96586
446.65856
435.08509
440.41477
447.62417
432.96704
442.04098
439.57617
443.33169
442.76957
431.76068
445.35438
500.53284
481.91256
432.16803
487.84153
504.95734
478.13806
480.99197
504.71441
435.82311
518.02846
432.66612
520.27605
455.99069
481.60701
507.18457
451.09913
504.32322
441.29384
504.78722
446.35968
435.30968
503.65699
518.95134
506.15759
483.69963
433.36704
499.65161
519.19352
481.38019
481.39589
482.80376
519.93748
481.4192
519.93897
482.81927
519.97256
481.28859
482.88666
519.94633
481.0885
482.91392
481.11518
482.55947
481.24258
482.56016
482.75794
482.62715
482.46177
481.14766
519.94564
482.45965
519.9935
481.48848
482.33036
519.84282
519.96549
481.43844
482.9737
482.94244
481.11858
519.9325
482.07315
482.4641
519.82686
482.70648
519.96551
522.05375
481.62178
482.34769
481.26966
481.16286
520.0835
520.05556
519.94387
482.24949
481.48379
482.63915
482.3673
520.08874
520.00103
519.98842
482.45478
481.25111
482.76262
519.92634
519.98191
520.06855
480.99775
481.4328
482.45398
481.01304
481.52002
477.873
482.57931
484.40797
482.20058
481.07479
520.38646
482.20106
482.74958
520.12538
480.92974
482.15188
520.09519
485.64939
482.67257
519.91701
480.94406
480.82861
482.28771
521.23982
485.69098
481.32019
481.19052
482.82225
520.07425
481.08926
481.41526
481.46745
520.0177
520.39746
482.77981
482.61411
519.94239
520.18934
482.85392
482.45283
482.4188
482.94141
482.77559
481.39621
483.17978
481.69363
520.26181
520.19845
482.66162
486.20347
496.62592
520.28978
481.03599
486.93679
480.92018
481.3097
519.06557
520.17185
481.71949
519.71568
480.96225
481.52433
482.5846
515.87419
480.88461
482.75626
482.35657
481.19745
520.23104
482.28283
481.18949
482.1186
481.55293
482.54166
482.07524
520.38857
520.12295
480.98522
481.27203
481.15027
520.24638
482.47392
482.19742
520.33493
480.96623
481.45788
520.36011
520.17055
520.25119
520.32031
520.15265
520.18809
481.94395
481.60705
481.25098
519.99634
481.41532
482.64583
506.84315
482.22394
520.17772
520.26244
481.46372
520.38159
482.36818
482.48269
481.23409
520.72748
520.2751
482.24267
481.32695
482.46126
482.48625
481.37888
482.36827
520.43126
481.9295
520.19257
481.73513
481.7276
520.21697
520.37246
481.64794
520.16436
482.37029
520.16972
482.17596
482.20529
482.65678
520.22762
481.62357
520.24447
523.28733
520.46635
520.28356
482.21583
520.30237
520.33756
520.2546
481.5508
481.31307
481.89977
482.3771
520.18752
482.27983
520.23225
520.25721
520.19726
482.54395
481.78689
481.27463
481.58577
520.19461
481.50108
520.18912
520.3738
481.35477
520.13985
520.29733
482.71824
520.25414
481.25267
481.83051
520.21259
482.45757
481.26931
520.20933
482.40994
481.07444
482.51981
481.73884
483.67941
520.2754
482.41603
520.23631
520.20833
482.35395
481.12945
481.35958
482.4596
482.53609
520.30898
481.22861
480.97883
482.7669
520.23115
481.16161
482.72292
482.45118
483.83643
520.21134
482.63563
518.74333
480.99006
480.37643
520.26428
520.90122
521.24849
482.53794
481.10583
520.23905
482.59996
481.40591
520.28708
480.88247
480.99988
482.81486
482.55161
481.13093
483.01597
520.40901
482.14198
482.93695
481.128
482.57867
480.83866
520.32887
482.5528
480.68801
482.45493
480.78596
481.21776
482.42676
520.2609
482.76148
520.30086
480.71811
520.23489
520.20991
480.54189
482.32699
480.738
481.23636
482.83401
520.28037
482.29402
520.46068
481.33047
520.23598
480.77451
480.76782
520.25265
482.65163
481.30589
520.2801
481.04056
481.32311
520.21296
481.36222
482.45645
481.51494
520.44479
481.3273
481.3419
520.25295
520.30748
483.66282
481.17799
479.17004
520.36938
482.94471
481.32069
520.19048
520.1742
520.07496
481.36006
482.10228
520.38928
482.23114
518.40578
482.65163
519.98003
520.38995
520.21536
474.40455
482.81659
481.3587
481.37319
482.24962
482.63643
520.28364
482.20039
482.3754
481.23053
482.85893
484.60292
523.48173
516.71302
480.38251
479.07814
481.17907
523.26124
486.03154
471.92607
480.68981
477.77954
523.77185
520.04653
483.07483
521.11085
481.96651
482.23466
479.98762
524.67829
520.24398
486.38695
481.04204
514.9234
521.30219
484.25721
526.07982
482.68778
476.59998
476.49561
527.76143
520.83986
512.54622
523.28015
520.88384
481.20642
482.50241
479.54069
486.03277
474.07663
484.98401
485.73109
488.49729
478.26865
521.98929
479.39585
525.74927
484.56199
482.11965
522.76198
479.19591
486.44006
474.43648
520.41157
483.05137
480.38749
492.1364
483.2552
483.1521
476.59914
523.75483
473.17289
486.95201
474.44881
475.92668
479.57536
524.37919
522.36838
522.50515
477.73357
478.27628
520.27984
521.82823
520.75456
522.97094
478.63807
482.54636
481.82081
483.33385
485.3519
524.17835
475.74472
486.70985
478.70937
526.69211
479.14828
488.4629
522.82247
478.10488
483.52214
521.8483
478.69913
483.19753
482.15043
522.98011
521.92917
521.52974
476.33896
477.84499
475.61632
523.39866
483.77908
522.22943
482.08178
485.77067
480.80578
477.98608
475.78864
484.66508
478.38552
521.76251
522.74019
482.03362
485.36774
481.46443
483.22195
484.08862
483.61914
478.03859
524.15068
483.92442
481.854
520.09992
479.24315
519.90617
521.74797
481.78575
477.01859
482.2451
521.62333
479.01698
482.30193
482.27057
482.90149
481.9686
523.57576
478.52984
480.72166
523.39302
477.84851
482.68821
521.75533
477.47826
477.99566
521.53806
481.86992
478.34924
487.07083
523.53144
478.91987
479.34472
481.92116
479.07755
484.11259
483.24624
481.94685
521.23341
479.07733
482.65698
521.70395
521.99159
482.03389
478.69792
483.2804
521.58125
477.17552
523.50635
521.46273
487.49469
523.0837
479.01569
522.03287
483.45766
481.43805
476.82533
519.67631
480.60619
487.51338
475.61842
482.32374
472.60479
520.11609
521.35868
478.70652
482.32617
478.54387
522.93914
477.53917
520.30178
486.11688
479.40856
486.74912
521.60393
478.68664
477.97571
478.3513
478.40303
478.37467
478.4751
477.73479
519.54066
486.29336
521.55672
520.45114
484.66435
484.49976
482.39177
522.9975
518.51118
521.51185
482.55539
522.96371
523.77604
523.44846
478.0922
485.33691
477.65949
485.49118
521.68954
481.06923
523.7769
479.96892
485.4388
478.55116
522.50893
479.87671
487.11392
484.28632
485.31179
521.58774
478.09412
521.56565
483.63762
521.32211
521.6676
523.09062
477.63741
522.90808
478.43799
476.66851
520.72884
478.53747
483.56942
481.39303
523.97288
478.28259
521.23082
482.92677
524.97205
482.31186
522.34492
521.85073
523.95164
486.49385
478.464
522.92641
479.14126
481.28368
483.68129
478.79587
522.569
477.12308
523.611
483.11115
483.02392
485.05359
478.73969
485.84686
484.25969
523.20827
522.42088
521.06117
484.72981
486.57721
474.17473
488.50576
482.62249
472.82967
524.12289
478.85901
478.68283
520.27003
488.057
483.57863
522.06614
481.76578
522.47856
479.26366
521.3689
521.01266
477.31337
483.89832
489.20122
481.82147
477.83455
483.10941
479.05938
521.41848
478.9846
476.40593
479.05894
526.20252
521.23303
482.40428
478.74395
520.48737
522.63817
483.19787
522.79872
471.23727
482.92136
520.89675
482.18163
520.35866
520.381
470.77806
479.90772
480.26327
519.77385
482.75274
485.81185
519.36241
480.19929
473.82553
485.6424
481.48
477.14536
483.59042
520.97324
519.90778
481.52044
521.36631
481.45091
519.01752
479.71817
480.39961
478.87477
485.41998
481.42933
483.59649
526.24932
478.53784
485.23459
482.96303
477.72761
478.15434
473.10963
523.49543
476.18595
477.64634
483.92095
478.61994
483.11432
484.57697
478.67756
482.18044
483.76924
523.67374
476.14332
478.4771
479.31656
523.01172
482.87785
478.40709
483.99886
521.54854
479.55936
479.25593
522.23813
476.66053
482.91207
523.29087
479.31823
481.81404
522.73031
476.40661
477.74081
523.72967
487.4614
474.38589
474.60017
475.34973
521.7459
477.09865
477.54152
489.09347
522.20472
524.33106
521.94265
520.19877
487.38386
478.39096
484.97622
522.95171
478.51338
523.83178
479.25074
477.37635
480.50717
521.44071
481.73186
496.16288
478.05838
522.22073
519.68533
482.96331
484.45233
483.69062
523.39074
489.73176
482.07003
521.2853
477.48214
486.5442
488.92269
523.66793
483.2084
477.19569
478.25222
475.50348
483.50829
478.13112
477.9533
478.81784
481.8797
481.40739
476.99268
478.7031
483.57729
521.07788
482.06953
481.91536
482.95315
520.30132
481.24668
476.71794
482.36148
486.81016
519.99179
477.27124
519.80251
476.90983
479.40764
480.35597
520.02226
521.8684
481.9307
519.05332
477.94194
477.67204
521.1215
476.57085
483.35549
479.91221
482.24791
483.07853
519.36584
484.48277
478.47925
483.3752
484.096
480.83826
520.09169
520.05701
520.39156
523.27772
482.43281
519.93143
519.59934
480.02584
481.47383
518.04818
486.5344
482.90994
476.75491
523.40305
475.51752
520.15993
483.46959
477.33217
485.21371
518.89663
481.1119
484.47377
519.9436
520.91913
520.89416
519.54885
481.65798
483.71933
518.65828
482.93803
480.23994
519.30105
480.25984
523.75408
519.87654
479.60635
482.67801
481.05662
485.22411
483.00233
482.25916
524.63223
475.12178
480.47203
525.27653
480.59047
475.73884
520.15803
482.88636
481.40368
483.49939
521.17902
476.53815
479.54675
481.93299
482.69662
521.12999
479.83379
481.76439
481.86959
523.39519
517.3495
482.08862
476.74939
483.32271
480.44535
480.63068
477.51999
518.99569
519.50931
481.5895
519.81188
523.25004
520.14228
519.09949
523.32148
482.78567
518.93938
486.06724
480.94297
519.60515
489.38694
483.87654
480.89819
481.31299
481.22036
477.92201
519.96709
523.74112
481.09007
522.14897
483.79768
483.27353
519.47443
483.93783
481.69869
523.37883
480.69526
488.96191
478.81098
482.13547
521.98753
481.40356
481.8868
482.19587
481.87069
482.31196
526.2441
489.36203
478.22849
518.63975
519.8499
519.9528
481.67704
482.65978
480.84449
526.13974
523.32044
481.3029
481.62274
478.29255
518.76049
482.76569
519.65556
517.89291
484.10468
477.75054
483.6792
482.99936
482.92921
480.86365
476.50836
522.51696
523.24165
487.35534
519.68205
481.32027
522.68762
483.37271
521.41043
482.66868
483.60637
522.33365
521.66523
486.76866
519.21936
486.9819
527.80285
482.66419
482.56934
481.50907
520.88182
518.59177
486.52668
481.15952
523.79757
522.14465
481.92042
479.70845
479.67055
483.32599
481.61669
476.26201
480.48599
476.74042
519.64944
520.34737
482.90511
481.40571
483.37968
520.71308
522.82822
478.39209
519.79446
522.11571
518.45031
480.74213
487.33586
477.47267
520.06542
518.75387
486.96416
518.61391
480.75716
478.27784
483.20754
474.47497
483.40403
518.56715
481.5352
478.39341
483.03365
483.40437
484.01381
519.24422
519.32076
519.72664
478.37146
483.05885
488.9685
482.99874
481.5383
478.71832
518.76614
488.51989
481.27613
481.11845
487.45424
482.72731
518.49958
481.28464
518.45912
479.64745
519.19446
523.36471
526.87499
482.40409
483.9084
482.85196
480.82225
518.43081
519.31478
518.48302
523.43894
482.08595
480.80428
480.78256
481.30603
481.01843
518.11266
488.82877
523.6046
526.72294
480.84606
481.42921
483.38144
518.19746
479.0141
519.08752
482.77679
483.66433
482.45323
482.14818
483.35272
523.78431
482.85045
523.55554
483.55625
483.38621
481.87881
482.28665
517.83803
522.96372
519.84014
480.33798
482.34396
482.99953
518.28809
517.82129
518.07091
481.05048
526.26582
479.33924
477.22128
481.75659
517.18287
481.89984
481.95176
481.90665
477.41074
518.39378
481.9201
526.73203
517.70857
518.20016
517.75595
479.93753
526.76766
517.37525
518.96578
481.73768
521.83004
488.77614
521.98453
482.60836
478.8438
518.29655
520.06218
481.55257
488.86794
481.97469
480.45282
484.46634
483.47256
429.95503
482.85657
473.24843
482.08833
518.48567
483.97473
518.30165
441.11503
436.0049
480.33575
452.06225
499.07516
483.17864
523.09819
430.76452
505.65481
442.96462
453.20755
480.79355
509.00507
482.07735
478.96334
517.45089
492.58391
517.69636
504.50422
427.72489
480.92123
443.83596
522.56796
503.06364
429.41079
480.2502
430.2015
496.39789
435.03083
518.95104
517.4654
477.27849
495.3582
436.05543
484.30125
442.65984
478.1343
482.21112
518.26687
483.48097
433.49775
480.06161
431.16983
477.2438
520.31467
495.73932
452.91296
497.02191
483.69838
487.02031
517.8791
482.21982
478.73592
482.81008
526.84709
433.1511
513.54507
485.11168
525.18786
515.72364
518.63232
518.2238
480.20446
481.38454
488.16806
481.8012
488.29593
483.5391
482.36289
481.15964
482.41765
481.06717
518.48811
481.56454
482.17332
484.09203
487.73687
482.2752
518.46912
486.63447
490.5454
479.88885
521.99421
470.154
478.31648
481.96521
517.37221
517.81569
480.11867
523.21708
477.35432
518.66841
481.51748
519.47147
487.69049
480.8475
519.74554
518.1185
518.22951
481.00765
521.02461
474.51024
477.09363
479.39861
489.99023
485.854
482.08282
519.06782
515.77038
518.73428
522.72545
522.35908
480.21414
518.54368
516.59355
441.0063
507.6793
480.44404
435.01082
435.71353
498.83366
429.68593
515.66556
504.2851
478.77375
482.90116
433.03173
452.02137
474.07845
446.64912
481.79649
441.80594
517.11077
438.34635
507.08314
512.92307
431.21222
433.86079
433.95999
427.83198
504.81523
484.34358
478.16067
438.01026
432.80499
479.77853
519.27138
481.38881
522.55987
484.73667
519.01355
440.02917
497.14777
483.91304
486.48378
506.46875
484.96268
518.27888
438.76743
442.36421
428.10278
499.09849
505.58139
443.13251
476.98629
435.03259
435.09444
480.92912
443.56496
455.91523
458.66304
442.99717
475.12066
499.73629
443.1884
477.353
483.65518
517.12548
480.93381
506.32361
481.99729
505.71055
518.86701
482.2697
527.21122
482.12883
518.26981
481.18667
480.17133
518.13556
521.23803
482.50278
483.09241
484.23024
518.69037
517.09312
526.59766
518.57124
482.22498
481.02011
477.62773
482.11612
518.21779
482.70365
478.01566
520.62605
471.59807
485.13338
480.59654
476.41271
519.70955
481.28305
481.15088
519.09928
518.0176
485.51246
438.58902
482.66834
483.43932
487.17921
481.7954
482.00978
484.85879
481.24095
484.28256
481.82966
525.17832
517.87733
519.72622
519.59609
481.4827
481.49295
484.48915
480.45721
487.27564
480.49898
476.61954
486.0842
481.99385
480.72146
482.6743
481.73847
521.85583
487.29857
477.58657
486.24244
482.90255
479.37925
479.95646
506.23084
440.73005
439.55771
436.39496
453.56802
503.77493
498.11618
505.08936
478.25363
508.06058
441.59759
520.31667
435.86868
430.08562
483.69376
425.18094
482.6796
504.15809
482.79279
425.43934
430.52286
478.4469
494.34071
509.59601
433.73386
439.03486
479.78402
479.07407
446.16018
506.77309
517.95145
434.81218
478.60135
524.99703
507.68839
476.84232
477.69541
521.37222
520.65192
496.45583
430.67595
488.89677
475.80194
517.66461
479.08711
481.54648
474.98859
450.50409
482.15778
480.58109
479.31298
519.84321
520.08801
428.01359
481.36944
474.76762
479.73485
481.753
482.40442
438.82974
451.50128
440.35907
507.40023
480.61259
437.06894
446.63535
443.36176
499.28451
519.43703
479.36685
480.24712
477.22711
489.82217
499.80181
431.50587
506.9196
436.93669
481.39626
434.40077
479.42272
507.68357
435.27382
431.72966
515.9589
481.09039
485.48723
440.39719
477.27273
482.7441
427.75513
429.44432
429.87683
501.9711
437.44761
520.20642
433.79569
448.11441
486.27287
439.08211
500.56558
512.76154
447.27663
523.82913
446.51857
506.93864
431.42688
505.5659
436.89678
519.49595
518.33226
509.782
484.04762
480.28692
482.71355
439.31936
507.32439
504.13123
450.50443
483.69894
453.95607
506.67879
485.65275
476.95236
497.38793
481.17732
519.00475
481.97094
504.33025
455.22754
455.61051
467.44529
506.2919
483.11493
439.34451
516.217
524.09841
480.55397
477.89588
484.08026
481.17496
520.57978
510.10169
477.14685
520.06948
451.02655
479.27402
491.85038
509.75732
482.09202
453.58907
454.10097
481.2434
520.24009
484.39466
479.11456
482.21833
479.71466
518.04688
520.29058
480.58548
519.51456
481.61972
483.32239
480.19523
519.92469
519.71171
483.95446
477.99124
480.96949
480.64942
482.61088
520.30048
520.76638
482.47587
484.56016
483.54857
480.62522
484.36883
486.48968
522.81437
519.64145
481.87325
456.01051
516.07267
482.85534
520.22647
452.49854
522.2641
482.37359
483.82201
479.60697
484.36773
507.83589
436.91986
438.63583
487.59866
485.27426
480.6608
515.44406
517.3779
517.23607
520.97039
522.15797
474.148
518.50153
479.89755
520.35967
475.81769
481.67659
525.24615
480.06424
481.39487
481.01014
478.57194
527.20201
480.69038
484.14392
517.8621
483.89546
517.0685
482.88299
519.60333
478.54698
488.08329
482.72141
482.36615
486.04048
519.13513
520.57379
518.77698
525.87708
478.14254
477.91652
518.92365
485.62208
483.84889
480.0775
519.44708
523.38479
479.7121
479.14972
519.91946
518.3648
482.95699
518.89137
481.87114
519.98006
490.81328
520.45731
483.52212
483.03199
518.48586
478.34484
480.60811
518.36562
483.25561
481.15644
476.50072
482.87997
485.26124
479.67642
481.67318
482.204
520.08254
517.83014
480.63481
519.23936
510.09112
520.14769
481.56633
479.9523
505.41996
453.21143
475.22833
480.65969
506.21856
513.89127
460.11335
517.12191
479.44441
516.68548
509.8505
516.88095
477.3468
504.8394
482.40631
476.30056
482.02546
484.04325
452.52911
455.32827
454.70095
505.82336
480.1918
507.07456
451.94376
516.80933
478.4653
453.82403
476.04573
519.23838
477.27306
480.31887
481.20073
518.32055
451.4518
483.70281
518.98706
480.2406
477.86861
484.03706
506.64428
506.3443
482.95563
481.20783
506.70231
483.57369
520.21338
461.46339
517.38476
482.09735
455.99808
518.84718
505.01244
484.57788
455.94596
520.61308
478.58123
477.34169
482.21762
478.19322
480.9691
481.50872
481.31016
522.04658
480.80751
480.511
480.61862
518.19773
519.21346
482.06409
484.22041
482.19143
520.20205
481.47178
482.00738
484.87272
474.63762
519.39027
518.19272
520.01499
521.37807
481.49954
479.75454
519.62212
478.65888
456.83993
483.23721
505.32645
518.87644
480.80774
519.61925
482.83728
449.67644
481.93821
481.29613
519.88194
524.70668
480.1774
482.03686
487.76566
480.83721
483.27025
480.36806
481.54638
481.96622
517.25796
479.28841
505.3257
480.61852
483.81295
477.0249
477.22764
482.1681
524.15784
523.26037
516.69905
519.9767
522.00659
481.85863
484.31148
478.99273
517.55221
482.82443
482.57913
521.2123
522.92367
478.44982
525.55614
519.61845
482.0867
519.10173
478.57746
481.89782
519.52921
478.76472
524.87562
482.40129
488.08051
479.59908
481.47689
479.63107
483.07247
479.6401
485.27348
524.27375
484.25041
476.97755
480.38056
481.42642
477.58681
478.59542
526.98151
518.78269
477.90545
479.34836
476.21451
486.61001
522.09643
528.32397
476.53354
480.96735
519.20897
484.57491
515.19194
524.1727
482.79751
518.94116
518.78206
522.61404
479.10182
489.93907
475.54082
479.46847
519.40859
480.03064
484.1432
490.23609
476.01244
484.32809
518.00628
518.97165
482.24989
483.1445
521.87591
519.94955
482.19365
478.24405
480.946
519.1492
489.53654
482.56617
426.73403
523.50042
486.94693
483.61047
521.25451
518.02242
518.36157
481.71132
518.39032
471.62645
483.93121
480.54438
479.42729
485.90769
475.85337
485.26827
482.06207
522.93938
517.80156
479.57317
480.65025
521.1581
520.78583
497.10638
481.53122
520.8449
488.81986
525.63396
478.15264
516.68547
517.8953
479.10329
482.09682
516.0436
527.35228
482.01871
483.18205
478.8957
478.91766
481.71692
481.03832
519.93123
483.23933
483.66724
481.06597
482.93059
483.17748
483.15501
519.81026
481.03758
483.285
520.00985
519.96076
480.73027
483.26324
483.21792
480.77818
520.04161
483.47458
519.97005
482.85772
480.81436
490.97854
482.92389
481.06419
480.65633
483.49981
520.93958
483.13237
519.93481
480.71066
482.93599
482.84755
481.09152
519.94213
480.97229
481.00173
477.17166
483.02693
519.89565
483.21503
479.67268
481.23432
483.29957
481.1599
483.14271
490.06547
483.12851
519.17696
528.55944
478.7348
481.43625
519.92404
520.00339
519.34293
481.19912
519.91544
519.89341
519.92601
482.75751
481.33727
480.85768
482.77182
480.92136
481.25019
481.03889
482.66571
481.31447
482.97794
482.59226
482.66434
481.32052
482.99058
521.17175
483.10415
482.89753
481.39013
482.95526
482.80572
480.63371
482.97335
519.85646
490.5547
482.67787
519.85432
519.92545
480.47454
482.91285
481.21148
482.75459
520.07778
509.91114
525.78749
475.63973
483.25497
480.72795
519.43965
480.66687
519.89541
480.62854
483.14504
519.89448
483.0303
519.86426
519.88852
519.82631
481.0224
519.87408
481.4271
520.97701
482.99187
481.33884
481.64162
483.03721
520.83841
481.53252
482.3458
483.31877
519.84533
481.21967
479.23965
519.93295
490.46697
520.67279
520.25354
489.15934
490.07214
480.96334
520.46057
478.52651
519.82486
482.59809
480.74068
479.90029
480.85488
477.28597
480.81624
482.6521
481.10928
519.97444
519.8595
481.46938
519.91405
481.73916
481.12401
519.91344
518.48026
482.60634
520.236
481.24146
482.63451
482.60694
481.38741
480.55121
480.74079
482.2677
480.15635
477.69846
480.44209
520.69059
481.04491
482.62149
480.09139
482.23617
481.05503
519.84119
479.33419
520.29724
520.24989
483.09085
519.89641
482.48731
482.08277
515.92841
516.98297
520.32742
440.52381
453.79405
497.62283
453.85828
509.93163
436.78521
453.58052
436.67683
506.14932
483.59944
505.14751
498.51061
433.53477
443.2142
440.32462
438.90943
481.88153
506.12551
481.9718
439.76515
481.15581
434.88143
506.09154
505.3634
441.47786
481.72661
521.22889
480.86367
477.92443
498.34041
479.15695
518.47993
427.17649
480.67331
519.30264
447.6016
432.08074
478.61493
506.48765
437.38957
431.6657
477.73176
522.8799
506.10478
519.11448
481.1114
519.90892
438.02158
453.41984
519.96396
481.26903
482.71698
483.31305
520.22489
440.37823
437.7532
478.8639
512.15269
483.35976
523.20927
477.93023
486.65502
479.57229
521.91406
483.17511
437.8598
447.16229
440.30164
519.82248
484.7918
447.10638
437.21665
432.19719
477.77714
520.28353
519.81163
437.88979
480.08013
481.92066
448.81931
520.1371
500.26287
481.2481
507.62883
506.25552
478.16436
478.41227
507.46699
499.52821
440.41364
507.15454
436.3892
431.27824
506.09071
453.2192
518.90255
507.82778
430.52701
446.20112
453.44019
440.32536
516.21023
506.39419
520.1294
481.56013
478.23976
499.11834
433.88608
437.14331
481.25839
525.98576
452.9828
479.60262
520.69844
437.07299
444.5958
519.64893
521.13296
456.56608
521.3719
440.58376
440.27375
481.05754
482.38963
478.90228
429.61842
527.16809
520.12013
480.51069
481.69961
478.73519
521.19152
518.31663
482.21661
520.1298
437.9827
479.85891
482.76377
481.5673
481.27032
482.36633
506.16101
481.1816
482.93125
486.02726
479.17081
519.92385
506.07281
519.84586
519.85115
482.5484
483.12329
481.21331
481.25331
482.42998
519.82226
482.88309
482.35201
481.326
481.33517
520.15027
480.86375
482.73243
520.11149
521.3107
481.63933
482.32204
520.38684
482.32928
481.17062
481.11277
520.65323
480.59597
482.09355
520.31164
520.23313
519.88855
478.19118
482.23547
481.40542
482.1467
478.70275
482.37196
482.82054
482.75406
505.13219
521.14066
488.90501
481.68464
482.66834
481.67617
519.86824
482.72994
482.71757
481.59239
519.86967
519.87528
519.9155
481.40218
482.37487
518.30563
481.85346
519.8096
520.30749
481.82384
481.34084
482.44427
480.80229
519.85413
482.59474
519.83882
482.58306
519.78753
482.8207
519.88757
481.44379
489.22635
519.86861
519.89099
487.73409
479.30999
519.97722
483.36439
481.56711
481.27801
481.00634
482.7867
519.86971
499.79184
519.91911
513.29162
482.19887
519.65155
482.48637
483.06736
519.89164
519.93082
481.13491
482.56261
490.51998
516.44938
483.35795
484.17815
519.97617
481.08049
519.88244
482.87177
481.44005
482.94641
481.35263
519.92696
481.44926
519.85105
482.85844
483.1125
481.52769
481.21391
483.3585
482.93071
519.87506
519.89147
482.71405
519.88377
481.05338
519.85204
519.83493
481.03672
481.67266
519.88668
519.83497
481.31478
481.27965
482.54003
484.40468
519.85769
481.47544
482.52489
519.84522
481.46669
482.40654
481.40539
482.47178
482.68033
481.6267
519.85543
482.70375
519.81512
519.85005
481.60655
479.78311
482.6312
481.7386
481.66962
481.46491
482.71152
481.61176
519.92547
476.56407
486.77182
482.64411
519.81731
482.61076
519.82115
481.76769
482.54087
481.81084
482.50083
526.91574
519.76985
481.75133
481.43608
519.83328
482.61767
482.57408
481.37718
482.40573
482.4323
519.84653
482.36192
519.86594
519.81946
481.53833
481.43952
519.84739
480.97048
482.34227
481.5536
481.63054
482.27069
482.22849
481.63262
482.21563
482.15
482.18101
481.71211
482.3668
481.94816
519.85619
482.00754
481.87097
519.80563
519.80391
481.84522
519.8404
519.84708
481.90116
519.79698
519.79008
482.48508
519.83024
519.83128
482.82493
482.36206
518.2598
482.02142
519.79438
519.78479
482.60167
481.61668
482.44318
482.29266
481.75825
481.66954
478.93554
482.24092
481.74399
482.10305
519.8004
481.87016
519.80248
482.45166
481.94016
519.75669
482.47912
482.38436
504.71203
482.69652
482.01351
481.81578
482.43108
482.17715
482.14525
481.78665
481.63961
482.25161
519.75374
481.59768
482.30689
519.81814
481.67721
519.80005
481.978
519.76949
482.60666
482.31583
481.73405
481.80228
477.55366
477.65934
481.82482
482.52359
480.60152
481.8816
482.37169
482.566
482.11781
483.28596
481.56298
517.8878
482.4935
481.30492
520.23861
520.34353
481.19422
489.77373
481.87505
481.23798
482.49681
482.80587
477.22218
483.27305
519.938
479.47839
479.21764
480.11777
479.7346
482.68674
519.00328
519.94167
482.31713
516.26813
480.69649
482.41056
482.17005
520.23659
518.69471
483.13362
489.68433
519.95703
482.07579
481.73978
481.12057
519.7416
520.37223
482.02508
481.021
482.06525
482.12521
481.57401
482.31531
482.05561
481.63538
520.82633
481.38733
481.29647
521.26902
481.93954
519.80389
519.96692
483.04234
482.46855
520.08099
481.54503
489.24118
519.7498
481.5764
506.57363
479.8988
479.64578
478.25652
477.69526
430.44941
479.58066
519.97095
519.78516
479.58882
519.21718
520.79653
440.26138
453.44323
440.17907
507.49484
483.57926
440.12765
479.54409
519.31275
506.15472
506.23031
479.38497
447.17006
437.11179
453.62117
435.86523
431.22282
499.50014
489.50616
519.91516
436.63506
519.06548
453.36223
507.67282
499.51503
445.53198
449.95537
436.84461
446.35617
445.92296
431.08795
482.02995
520.95568
520.84979
518.9992
441.61837
519.66129
506.18475
506.2552
482.91614
453.12774
519.8769
479.22431
482.68343
520.43966
519.92464
429.32984
485.35341
518.43848
479.42062
518.79966
478.91856
478.54759
440.30331
488.64464
483.35848
484.38078
487.53957
482.88188
481.44365
519.85092
522.89822
483.04883
482.99236
482.99099
481.59037
483.07839
519.77971
519.87576
483.0526
522.52058
520.11073
519.90146
480.93952
482.73371
519.88064
519.81683
481.32515
481.05647
482.53558
482.64575
482.89352
482.50501
519.85857
482.60225
481.31571
519.99865
519.88414
480.95921
482.59294
519.82784
519.80195
482.64918
480.89956
483.01242
481.326
520.17845
520.09636
481.2559
482.99251
522.72029
526.70286
482.73099
520.07124
519.05403
481.45261
482.72603
480.80644
483.24712
520.09551
523.83335
482.73361
480.90867
519.91338
482.98068
481.26846
483.1263
482.63701
482.72714
520.12391
482.79317
480.71287
520.06288
519.79404
522.8585
519.41553
483.16885
478.17697
520.09812
520.138
519.94846
520.06219
519.9228
519.95795
480.22901
483.30609
520.02997
480.72553
520.10316
482.83164
479.90506
482.83993
483.21687
519.85203
482.92951
520.14297
480.68518
480.71249
482.67777
484.79614
520.03649
483.08174
477.05559
480.72508
520.00248
480.98597
519.98981
519.94749
483.13739
522.60299
481.16863
473.31474
483.09171
487.83734
519.75832
482.67998
481.16399
481.16854
516.56799
481.22381
480.94538
481.14061
483.15416
519.80694
480.90935
519.98412
482.6076
520.04083
482.71742
519.77041
481.17891
482.99141
519.83848
519.83823
522.04874
482.98933
522.58513
481.30927
483.07591
481.39601
483.09622
474.71054
522.80196
519.96726
481.41181
519.82102
482.60289
482.11057
481.3779
482.68168
481.26474
481.30088
482.96292
483.01161
482.74379
480.94911
519.872
519.98861
480.47132
482.78201
519.83262
478.27228
519.82003
481.06208
521.92249
482.91521
482.74993
481.22462
482.86405
477.01345
481.13613
519.85321
481.11723
483.22467
480.94867
482.93172
481.29821
519.80729
482.61151
481.68986
481.22208
482.46351
519.84125
481.53212
482.54167
519.80163
476.68286
519.95789
481.22714
482.84246
518.49218
482.69002
519.8848
481.48613
482.74741
523.05527
481.1916
481.39182
481.04964
519.81331
481.24753
481.35532
519.82833
481.36185
481.34404
482.43883
481.42607
519.8619
481.4746
518.84933
481.56588
482.52886
482.69571
481.54635
519.84938
481.27341
519.77745
481.48719
481.57063
482.7997
482.80976
482.11955
481.25801
482.54893
519.81298
482.89623
481.5894
481.49985
482.50737
482.7364
478.14582
482.76004
482.72096
483.00126
483.16334
525.27773
519.79979
520.07956
519.8127
519.84244
483.55862
481.30221
482.8305
480.01653
519.91378
519.89951
481.32248
481.31551
480.76428
482.46222
481.45486
481.43808
481.69269
519.8285
482.65306
481.65823
481.6757
476.08296
481.74267
519.81749
481.60642
482.41138
519.8112
482.87602
521.98082
519.86312
519.80237
482.66675
519.8746
483.72783
519.83765
520.42534
481.43363
519.83032
519.81011
519.85871
482.39306
477.95155
481.02078
481.27029
481.64229
482.37641
482.4908
519.85311
520.8551
519.87347
481.53031
519.80869
482.27607
519.7761
519.80342
519.84854
519.81584
519.8458
481.50117
482.35518
519.84323
519.82264
482.29348
482.81655
482.50508
481.62267
519.76526
482.26282
481.5974
519.79857
481.57966
519.78442
482.51875
519.80731
519.80579
481.9518
519.84694
481.70619
481.68366
482.40787
482.14122
481.66169
519.80127
482.42548
519.84146
482.67482
481.85923
521.89738
517.37762
519.84075
487.75107
482.5697
481.8229
481.77547
519.84619
482.61674
482.31763
482.29411
481.55938
523.4759
482.21538
519.85192
482.48806
482.25746
482.58683
482.46787
484.82449
482.58431
519.8435
481.79634
482.24685
519.9022
481.47308
481.54426
482.32691
482.34504
481.64224
519.82119
482.66942
482.65043
519.8237
482.51192
482.20992
482.59554
481.71025
519.80574
481.54672
519.89145
519.87506
482.50274
519.87233
519.83465
481.37158
482.44712
481.79273
481.39562
519.84259
519.8956
481.42182
482.59615
482.48663
481.18218
482.39575
481.80775
519.87856
482.33636
481.72504
521.25635
482.53142
519.8687
519.85792
481.54657
477.50792
519.8879
482.86009
478.35615
481.37949
519.85354
481.62191
482.71914
481.5689
519.86946
482.83767
482.18687
481.43528
481.45574
481.00833
481.18922
481.16865
519.75362
483.24148
520.15749
481.32829
520.04005
484.99882
482.76932
481.5144
482.76184
481.55914
481.15113
482.47393
519.90251
519.89357
482.74267
519.92756
482.61507
519.88735
519.9132
481.31912
519.87456
481.3596
521.84057
479.46497
519.90518
481.64492
478.33272
481.28379
520.06828
481.71618
477.31353
482.6342
519.86581
481.41197
481.50109
519.8964
481.87345
519.89203
482.32704
482.43008
481.34328
481.78735
481.51039
482.54869
519.88695
519.84178
481.71897
482.45731
482.35899
481.43038
519.90277
481.72545
482.26348
482.40301
519.87215
481.80545
481.58602
519.89893
519.91264
482.17811
481.63704
519.89849
519.87617
482.1388
482.14856
481.93506
519.82872
482.17798
481.81892
482.44218
482.91121
482.09911
482.11835
519.88525
519.83279
482.52143
481.86787
519.91838
482.12763
519.92918
481.73128
482.41164
482.46698
481.88398
519.93828
519.81226
519.86046
482.37457
481.66085
481.99529
519.87649
481.99654
482.24088
482.19637
481.612
482.0675
481.95252
481.654
481.92142
481.82596
482.32211
481.99148
483.84502
481.98529
519.82666
482.35541
481.35679
482.06319
519.83446
481.93043
478.72534
481.51604
518.61454
481.73661
482.0899
519.85221
481.78855
482.22018
481.8075
482.00031
480.54283
481.89239
519.80489
482.26346
519.85382
519.79646
482.30203
519.8599
480.31875
481.69989
482.12101
482.11551
482.36686
519.8392
482.29397
519.8525
519.86306
519.86815
519.06902
519.87189
482.49814
519.91155
481.58399
481.86793
481.58999
483.07585
481.6296
519.86926
519.84887
482.388
481.71119
482.70578
482.1926
519.84091
482.10615
482.07175
481.77615
481.64368
482.43151
482.35452
481.99653
481.76467
481.93856
519.88381
519.82773
482.33062
519.87027
482.70138
482.16341
481.97598
481.83982
481.54908
482.44608
482.38917
482.36651
519.8058
482.30933
481.7755
519.81232
482.03476
482.04994
482.61682
519.84192
519.80757
482.23582
519.79101
481.78118
519.86526
481.99389
481.77065
519.78633
520.49417
519.79156
482.06673
482.08405
482.03245
480.22862
519.85144
482.06248
481.46761
519.78867
519.82771
481.84881
482.29569
481.71695
519.83452
481.95998
481.90055
519.83012
519.78539
476.12887
482.09544
519.81374
481.87359
482.10351
482.20737
519.90803
481.68509
481.89448
522.33125
482.15393
481.83493
481.96916
481.70021
521.1123
481.94763
482.20162
482.19525
480.25886
482.11313
480.49719
481.8954
481.98752
481.82822
519.80361
481.91543
482.12138
482.25569
481.91509
483.88505
481.9131
519.78556
482.36425
482.12611
482.17254
482.17836
481.8874
519.81065
482.20452
519.80459
482.23864
519.85055
522.52315
482.42825
519.84731
481.88658
519.80603
519.80184
519.83137
521.44493
482.2915
481.91987
482.13381
481.93563
482.34995
482.18434
481.94551
482.18592
481.88863
519.82284
519.82933
478.25714
481.87791
481.96054
481.87866
482.00979
481.84601
481.80853
482.03017
519.86915
482.04542
482.18949
482.03534
519.80057
519.86344
482.32142
519.90473
483.6073
483.83802
519.87149
519.85337
519.83255
482.1117
482.03986
519.83878
482.1177
519.79471
482.27708
482.16895
481.75895
481.76263
519.74464
482.00615
482.22613
519.76
481.98566
519.86074
521.76943
481.61849
519.82421
481.9484
519.83686
481.984
482.25874
482.40087
481.75229
519.8971
482.33046
519.82337
519.82855
482.32573
482.00701
519.89732
482.09394
481.9129
519.79555
482.0697
519.82167
482.3869
482.54422
482.10229
519.85556
481.55692
481.67723
519.79007
481.61823
482.14307
519.84439
481.84302
482.45657
481.84385
519.83959
481.9185
482.35577
482.26456
519.8086
482.48705
482.34402
519.88394
481.60504
482.21584
481.67872
483.56923
481.81915
482.23974
481.86158
482.3142
519.82224
481.76446
482.11696
481.99765
519.84094
482.16078
482.1798
482.00474
519.89384
519.81074
519.79948
481.78389
519.81513
481.69873
482.0757
519.82978
482.02015
482.24587
481.99501
482.11284
482.04336
484.20359
480.14593
482.30783
516.52028
481.72082
482.05595
482.20203
521.96474
519.85968
481.95403
481.85472
519.84753
519.86173
482.09999
481.6856
481.81939
482.122
482.05312
519.79465
481.78339
519.81497
519.84505
481.98996
482.03305
482.32595
481.80169
481.78139
482.20768
481.89789
481.85379
482.16149
482.10005
482.11408
519.95409
519.83116
482.02918
519.85624
519.85368
482.51578
482.12344
481.96477
519.96229
519.96397
482.26442
481.8875
519.86483
481.90611
519.83375
481.96396
481.93618
482.17819
482.23054
481.90302
481.83807
481.92399
481.93061
482.02346
519.93861
481.71312
481.81817
519.87529
482.07229
481.99974
519.88112
481.76859
519.87016
519.79863
482.01811
519.9495
481.88079
482.24981
519.89793
482.13788
482.01667
519.79481
482.07446
481.8676
481.82166
482.18077
481.91477
519.8089
482.31164
519.84657
519.85276
482.24662
519.83869
520.55607
519.88229
482.46546
482.08227
482.19636
482.03598
481.98726
482.31466
482.03139
519.79869
519.81506
479.85138
440.00299
481.02906
518.4314
478.17558
454.18525
437.95189
483.24004
506.01144
507.31151
518.81915
437.92893
482.09638
489.91331
479.50971
433.82747
442.55335
478.30213
429.2151
520.81417
478.39847
478.27907
489.40661
482.2043
482.68948
434.75242
522.00444
453.98415
508.12859
435.20573
478.00432
506.11654
440.04782
444.56998
478.35648
485.55339
499.62174
438.04479
453.82628
478.15542
499.71874
519.41981
478.23233
478.27002
506.16188
479.54536
480.53802
480.86465
437.89764
430.37507
478.28381
519.39853
518.9771
439.33463
437.96364
499.28162
479.45292
440.08655
480.47958
481.82734
507.63027
479.90989
480.38168
479.87889
481.40444
482.51987
507.49348
520.99589
482.80216
488.86718
453.3128
520.58264
499.86129
520.1917
481.8812
479.72278
520.33363
482.53293
481.62379
520.44364
481.46702
479.79751
482.48662
518.08851
482.14815
482.67371
519.93902
482.00731
481.96005
482.98176
481.785
481.98727
519.76994
481.6066
519.82184
481.97105
520.45128
482.08209
482.55098
519.90849
478.68005
520.5632
478.66668
481.08738
482.23082
480.4406
481.58519
519.87478
522.97477
479.48285
506.19112
478.18325
519.6612
445.23139
520.5523
482.77877
480.9525
482.30364
481.68828
481.88245
482.32296
482.3084
481.84655
482.07511
519.83037
483.27908
482.63572
519.76292
481.26648
481.83631
482.28836
481.58069
519.83514
482.26064
481.57945
519.84116
482.0539
481.75463
482.54955
482.36493
481.58094
519.81215
519.70623
519.7292
482.25451
481.61994
480.1685
480.98718
519.87839
482.38222
483.82808
482.3278
482.01402
482.09132
481.70352
519.79253
482.33761
506.65328
481.97619
480.51649
519.75754
519.61937
519.74646
482.2762
481.84102
482.01559
519.8033
519.79373
482.03247
482.21604
481.90423
519.8013
481.74481
519.82631
519.87089
482.04908
481.81035
480.89737
519.87928
482.24477
482.07916
519.79278
482.19536
519.80544
482.30846
519.80954
519.82966
481.78897
481.92871
519.76005
482.05045
519.83013
519.84416
481.68608
519.84896
519.85094
482.01419
482.34614
518.16079
482.49208
519.8431
521.62876
519.93054
519.77703
482.15207
482.08107
519.83821
482.01789
519.81224
482.3946
482.56905
522.69754
482.00461
519.84485
519.84386
481.84149
482.12678
480.28251
482.44838
482.07915
481.96008
519.7954
481.71832
519.78567
519.86441
482.11455
519.91417
481.89838
481.76159
478.28576
519.82535
519.8163
519.85423
519.82758
483.37565
481.77496
481.35991
519.92502
482.25262
482.42092
519.78399
481.37149
481.80443
482.50098
481.47006
481.64583
519.84041
481.20208
482.70827
519.7554
519.88689
481.90324
519.87155
519.81699
479.93941
481.62246
482.72148
482.32573
481.74263
479.80845
481.59554
483.39539
481.58502
482.18119
481.68793
482.54878
482.70886
482.57996
482.61917
519.79045
482.26529
480.38948
519.84941
519.75851
482.32075
482.46592
482.8431
481.59399
481.62175
482.77255
519.77562
481.051
481.69861
519.81979
483.19875
481.33088
520.01483
519.85068
481.99692
482.58105
482.54007
520.43051
482.3364
480.62812
481.16218
519.93463
481.04047
519.80465
519.83737
481.36994
481.39676
482.64165
482.35688
519.81854
519.79648
481.74226
481.84885
519.72686
480.24014
481.55788
519.7975
518.49268
520.13961
519.85232
519.91986
481.71586
519.87915
481.58039
481.35223
480.74487
520.14575
482.39199
519.99372
519.98314
519.85075
480.70512
478.09284
519.43057
481.51157
480.96292
518.21847
480.3893
520.3062
482.79556
491.26148
482.07245
481.69439
481.45881
519.60548
519.78052
480.80947
482.51479
520.14955
481.81953
480.30258
519.86011
519.38116
520.15082
521.07499
481.22155
519.63918
480.0872
520.40803
478.82257
482.61443
481.78575
482.76066
481.51724
482.74955
519.95152
520.19171
489.92636
482.17608
478.36689
489.20555
480.47091
482.33259
520.80289
483.31509
480.45964
519.45121
481.86958
481.26735
490.57202
482.18199
479.25205
490.29195
481.97931
479.68561
520.60582
519.98032
478.32754
437.46396
481.25365
479.96361
519.3079
479.63638
480.73894
481.75655
479.65332
520.02481
519.63848
439.61264
438.4162
499.64706
482.6795
482.5131
506.13484
479.62063
519.00772
506.11195
507.07733
500.52111
449.40723
437.48166
439.52811
437.38299
520.59236
483.35778
480.75704
519.85976
437.07058
479.56147
438.53049
437.2749
439.72718
448.97893
507.19316
432.53725
479.01371
483.1915
453.54442
435.12394
431.52379
480.00823
453.48892
478.48009
432.70324
439.81372
438.12789
519.87417
520.83015
436.1662
520.55386
482.20643
499.09715
481.16426
489.98332
521.20831
519.73668
520.2604
481.51822
520.69418
479.61837
519.23738
439.30637
438.61063
439.37036
507.06947
479.62905
482.18372
483.30494
520.24259
482.09353
482.35634
481.01674
479.55853
482.96768
520.05091
519.24882
500.53782
436.92016
438.64442
482.26306
454.08377
449.32707
437.19488
518.99136
453.71375
437.20837
481.93047
482.01709
519.04718
481.44145
480.05537
449.47888
437.32662
482.10411
507.30074
500.57993
453.75213
479.55513
518.99481
432.71924
449.37557
432.74094
438.66285
438.57089
432.75465
479.56123
449.30102
481.9316
500.50076
439.44584
506.08081
478.72825
519.15625
482.13203
519.54305
507.07046
482.28844
519.43185
432.73917
506.08301
439.25107
479.53995
507.20143
453.59256
507.06244
479.55114
453.64398
519.45973
481.99951
482.1355
448.48001
519.00796
482.14835
519.07081
481.40939
481.92667
506.1135
506.16187
479.14114
500.2716
500.52897
453.68801
506.06369
507.05905
480.81604
482.16621
520.17939
479.38639
520.42672
483.22739
481.21064
483.42398
520.8232
490.18469
479.91612
480.11493
481.47682
481.22518
483.294
519.86691
482.50291
479.81856
520.09685
519.94937
481.6551
519.41912
479.13368
480.86565
481.55951
480.31157
482.50715
520.13773
483.536
480.98829
479.77782
482.98296
519.58189
479.66351
479.33167
478.34559
520.24371
481.68637
479.91225
438.7048
490.69993
519.56888
481.54601
520.14307
483.23715
483.31867
490.05676
481.80804
480.81337
500.5514
520.52079
481.35097
481.95367
520.77088
519.93729
483.01592
482.92268
483.168
483.00345
481.3354
481.05008
478.31758
520.75907
483.58722
481.02682
482.85198
480.69634
482.76286
481.11034
519.76829
519.81311
519.86432
519.85381
482.71337
483.04377
481.38227
482.65244
519.38336
481.19993
481.12088
518.72907
520.18587
519.76958
519.58608
483.28225
481.27778
482.8991
481.41763
519.84149
480.72688
482.64026
481.20068
481.6349
519.82843
480.86213
520.37672
519.83524
481.56723
482.75602
482.7083
519.79416
481.68961
481.59645
481.79634
519.93432
482.62993
483.33398
519.7388
481.63086
481.2826
519.88525
482.83804
482.52488
481.18182
481.36545
481.10947
482.69103
481.02649
519.82873
481.11586
480.28104
519.90939
482.91412
519.83726
483.1274
519.84929
481.44288
481.52573
482.88564
479.10782
519.84256
449.4111
482.68173
481.45274
482.79432
483.38925
481.35704
481.24166
480.91513
483.19301
483.3704
481.26795
483.06815
481.46075
519.82191
483.01286
481.40342
482.8504
482.80946
482.78227
519.81069
519.97299
482.71586
481.39778
519.80959
519.84047
481.01412
519.81993
519.81411
481.16526
481.1718
483.17254
481.0523
482.839
519.85429
481.29988
519.92067
482.93895
482.90407
519.81799
482.99871
482.95916
519.85642
481.22413
519.78918
519.84298
481.1612
482.88693
519.8165
480.63985
519.94999
481.20081
483.67141
483.00605
481.12414
519.79027
519.81343
519.84621
481.09995
480.8294
480.97294
519.83423
480.8772
482.88341
519.82325
483.01197
519.85807
519.89442
519.80143
480.9414
482.81291
480.73319
519.8086
481.06682
519.86899
519.9547
519.90095
519.86852
481.45609
483.26033
481.06729
483.2126
519.90574
481.20751
520.18313
519.81639
479.99341
483.85737
483.29596
480.85407
483.23505
519.87465
483.48514
482.82212
480.90977
481.24263
519.8548
520.01406
519.84265
482.72435
519.85585
482.37068
519.81672
519.8484
481.29234
481.51101
480.35028
480.84047
482.56674
519.8664
480.59454
483.09271
520.02866
480.58203
520.0103
519.85617
519.85395
481.12219
519.85868
481.27657
507.04094
520.42413
478.34117
506.64306
479.01316
481.24051
483.12261
483.29401
520.13651
520.00938
478.31151
482.1066
519.76899
520.39469
479.41299
520.0337
480.1865
520.48418
478.12335
479.94276
519.93438
482.54505
490.18903
520.11485
481.96588
482.67741
483.32255
482.67415
490.81804
483.35311
483.31046
519.35314
480.24774
490.42773
479.39453
520.74272
478.8882
481.96349
520.29667
479.48692
490.31555
519.95915
520.1384
480.52512
519.78521
483.75032
519.11662
520.4376
520.2148
478.342
520.52718
482.84743
480.08796
478.30614
520.20879
519.75766
481.44823
482.00075
478.12715
481.41581
481.92911
520.33293
481.56984
518.70363
481.87961
479.98593
479.64491
480.30676
519.02857
520.37337
520.17902
519.33669
482.16607
482.18051
519.9676
481.03455
479.2923
481.61108
482.28348
519.45773
519.77481
482.18618
519.11861
520.35652
481.45388
453.85636
438.08795
518.9876
450.61316
458.14646
439.04876
421.96805
433.49202
443.73859
509.14598
519.82911
500.67214
518.99376
436.61394
439.21999
507.02436
520.03389
436.86515
506.06295
437.13291
506.04259
432.56808
453.8485
506.33246
432.69447
507.06432
439.26701
481.69059
518.87865
482.19932
519.55177
518.91875
482.75376
520.54667
519.4421
438.50195
482.15209
479.3968
479.31206
438.23908
507.21271
449.7271
437.36664
481.30637
481.29442
439.21463
432.76588
449.54835
518.89672
519.11535
507.07418
500.60166
520.02628
481.15318
479.31608
490.31043
479.53088
479.5812
520.26429
483.53236
507.06372
482.70138
481.52622
438.89031
481.01692
500.5884
519.84202
482.49852
481.7508
481.70856
481.76875
519.84986
519.84871
480.33333
480.27809
482.32631
519.87024
481.6028
482.30781
481.59531
482.3771
519.79578
481.4651
480.0736
519.81207
481.53745
482.37178
481.52608
482.298
481.49468
482.53776
482.28602
482.54693
482.62251
482.18314
481.77475
482.37519
481.8604
481.76151
482.15613
482.40345
482.44752
481.80703
519.97085
481.5911
482.47454
481.91293
482.35757
482.54615
481.66117
481.87168
481.80318
481.68046
519.86193
481.62179
481.85026
482.05689
519.84318
519.87097
482.25027
519.88307
482.3273
482.62041
481.90088
519.80838
482.43893
481.71606
519.79335
481.75695
481.87684
519.97448
519.8968
481.58427
482.228
482.05787
519.92594
482.27204
481.92571
482.18302
481.72269
481.75323
482.35863
519.79205
482.14404
482.2126
482.18617
519.81166
482.03506
482.26684
482.16534
481.73304
519.82262
481.96421
481.91232
515.23966
519.91326
482.4286
481.84271
519.86942
519.84509
482.36844
481.89141
482.17197
483.10339
481.99351
481.63231
482.20386
481.91196
482.19568
482.22128
481.97218
519.81032
519.79672
482.27565
481.49827
519.8879
481.50755
519.87335
482.4976
481.58645
483.86039
482.37483
519.90752
481.79813
519.92124
482.2704
480.35339
481.55231
482.49509
482.56766
484.1475
482.35186
482.50799
481.81786
519.82388
519.78333
480.82799
482.3928
481.49785
519.79981
519.8147
481.71233
482.27826
481.59834
482.42777
481.53913
481.76202
519.89129
482.25817
519.84783
481.73012
481.72497
482.34968
519.7963
481.46643
519.87898
519.8336
482.83403
481.44361
519.81944
481.57198
482.58213
481.38715
519.78699
482.55812
519.86081
482.4416
481.41592
482.6252
482.47606
482.45355
482.4215
519.78085
519.82313
481.44655
519.9132
481.40229
482.66298
519.90492
482.63452
482.68294
481.6076
481.41148
519.86522
481.42093
482.38354
483.04465
519.88379
482.41156
481.67169
482.55055
519.93763
483.09697
519.92288
519.85176
482.40084
481.59525
482.62317
481.66065
519.80839
481.66057
519.9516
481.35527
482.24664
481.791
482.86273
482.38689
519.79575
482.93094
482.2907
481.85256
482.42135
519.77374
519.88184
519.87131
519.84562
519.84728
482.29403
482.47964
482.32134
481.4143
481.63312
519.86872
481.65276
519.87217
482.73297
481.5351
481.6001
482.7399
482.73723
482.7992
519.79324
519.79317
481.60122
481.53807
483.9609
519.78072
519.86503
519.8766
519.84951
482.53837
481.33386
519.79209
482.52507
481.27522
482.57541
481.40968
519.79723
519.89143
482.79509
481.27667
481.55064
481.48185
483.68992
482.42536
519.8029
482.55383
482.61542
482.63446
481.55723
482.63094
519.79345
481.18885
481.64573
482.70585
519.84288
519.84063
480.09027
519.86371
482.74252
482.61493
520.74824
519.89489
519.85105
481.45895
482.67817
481.12186
481.34022
482.65672
481.50338
482.83673
483.55596
481.26108
482.91318
482.92443
482.91217
481.36384
481.42582
482.46563
481.177
519.83694
519.86545
482.85338
480.89055
519.80544
519.84567
482.96624
482.75319
481.25028
481.17193
480.46844
481.03323
481.05926
482.86778
519.55821
481.40434
482.67484
481.48896
484.07109
519.78974
481.48336
519.86538
519.96152
481.07894
481.37906
519.89881
482.69408
519.854
481.27791
482.59199
481.21281
481.00722
519.42379
519.81914
483.86112
482.71557
482.61415
519.83257
481.12824
519.87381
482.67779
481.22329
482.57606
481.54303
480.17641
519.78672
480.16124
482.79297
481.45829
519.9161
481.28031
519.86954
482.57818
482.64353
519.36003
481.3348
481.35912
519.83215
482.58553
482.54111
481.51733
481.46562
482.69453
481.59182
519.806
519.82675
482.79753
519.86691
481.24401
481.35216
519.79783
519.79148
519.86156
482.66992
481.41045
519.86849
482.44783
519.80675
481.63034
482.5587
519.87424
481.77626
481.66183
519.79998
519.85886
481.54074
481.35345
519.80292
481.70275
481.71608
482.6197
519.81231
519.85799
482.73437
481.55214
519.82412
481.40373
482.45668
482.71813
481.32209
519.79624
482.36348
482.54941
519.87863
481.626
482.41634
519.90303
481.42891
519.92251
482.67122
519.87061
482.50349
481.5788
519.83836
519.95168
481.52529
482.22292
481.49237
519.8268
481.45539
519.80845
519.8322
481.42665
482.40804
481.38972
481.77621
482.55265
519.84024
519.80282
519.93671
482.22625
482.48634
519.80398
482.34435
482.6095
482.50276
482.47824
519.98131
482.75108
519.83789
482.58248
480.13102
519.88177
481.24122
481.37245
482.75022
482.4671
481.55895
482.68017
481.48652
482.5483
483.87556
482.66755
481.62787
519.82028
481.68205
482.66173
481.63246
482.32148
482.60231
481.61443
520.01009
482.58461
519.88528
481.4041
482.30654
481.36858
481.281
482.25816
520.07568
481.55736
482.50591
481.65716
482.58832
481.97473
481.11075
481.25915
481.93619
481.19564
520.30733
481.709
482.40538
520.11112
481.73593
520.04317
481.6672
482.42772
520.36337
520.18481
519.92144
519.87283
519.96712
481.17758
482.53246
481.45367
482.60093
519.89029
482.3116
482.43353
481.74961
520.37964
481.49399
481.31747
481.94228
482.40341
481.79274
520.04453
520.18173
481.41004
481.69919
481.77837
519.95064
481.9304
481.56135
519.94701
482.20985
482.10855
482.13622
481.46165
519.98609
482.74557
481.75458
519.87583
519.86627
519.98236
519.88606
482.27789
482.4662
482.53162
481.32292
481.49079
519.90365
481.82538
482.40137
482.11798
481.69252
520.2131
481.73813
482.16702
481.68692
481.54312
520.27716
481.49589
520.18298
520.27552
520.2125
481.47232
482.06657
481.51913
520.19995
481.91939
520.16418
481.56185
482.03371
481.84015
520.20082
482.29889
481.65387
520.16257
481.70321
482.31216
481.71353
482.28783
481.73124
482.25473
520.22541
481.98764
482.27621
481.96786
482.038
520.23032
482.41037
481.30671
482.10606
481.38907
481.94376
481.15244
520.3585
482.87556
518.07553
524.16902
480.90479
481.63263
505.97839
526.47103
524.20181
480.40337
519.16379
524.80516
480.19293
480.2901
475.4708
522.22807
505.67311
521.53898
484.07115
486.44457
515.97383
484.99504
460.38008
480.00357
479.45806
482.06276
483.27577
479.27203
491.25366
518.3511
474.46898
480.53154
479.74614
481.8431
515.5435
505.86469
523.26874
481.26536
523.29392
482.33118
483.24313
509.823
520.43915
518.46836
480.32378
518.92578
519.12735
482.95216
480.26495
482.51142
520.33801
523.90301
480.14751
520.94902
517.79557
483.57266
482.49013
521.43637
522.37291
481.78653
483.47864
481.95198
521.1332
481.704
482.30785
518.17309
520.91287
481.06281
490.985
520.25541
518.47981
519.50027
484.23257
520.64887
479.69516
482.21559
480.52749
479.86869
519.29177
481.36397
474.61273
482.15201
506.04693
516.25173
480.76771
481.80812
487.3673
520.09581
477.56017
478.86541
516.36246
481.26538
521.17863
491.5555
485.94033
476.7784
481.99165
523.07793
519.29773
485.9408
520.19079
481.3929
519.3084
519.83585
482.0747
519.53357
482.47653
521.98168
480.81493
481.23883
481.76178
481.8252
480.63071
482.61656
519.5857
481.28791
480.73863
486.51783
481.7804
521.82944
478.06062
481.87729
487.77781
521.97799
481.48815
483.02979
483.47399
480.80793
480.61727
518.18983
483.49227
482.5276
482.55835
521.3917
521.59258
483.27334
481.55316
482.23887
524.43422
485.4264
481.76506
519.6142
524.62188
483.09105
481.60602
519.64145
520.09921
483.15957
483.06094
480.99145
481.62874
521.60823
481.84433
480.59662
481.94583
481.67359
481.74121
480.92818
522.01714
519.30504
519.32807
483.26355
519.10012
482.45697
482.91242
481.05489
480.25316
483.74555
519.89686
519.05716
484.51404
480.38154
521.4932
481.63222
480.6393
520.13189
521.63467
482.25716
519.43718
485.9457
519.20735
482.9035
482.1707
481.03695
519.51019
519.12696
522.52957
519.66637
482.42967
481.24847
480.67237
482.04722
486.35773
486.90315
486.99106
481.9619
481.75544
482.00405
482.4297
481.42099
480.03122
482.1365
522.35593
482.40704
480.51766
521.42535
481.32291
482.73086
482.1243
521.96094
482.63866
519.71572
482.62632
480.75788
518.77754
477.36721
481.42739
482.38839
477.67895
481.25107
481.4289
482.37358
477.71469
480.27117
518.73309
482.79983
481.54055
483.0207
481.99265
523.14232
519.05444
519.26019
519.65047
481.7054
481.33068
482.65464
477.64405
481.51325
477.02324
521.50995
482.06816
481.55629
522.1009
519.934
518.84441
481.21795
518.68542
518.95475
482.48137
482.33546
482.33918
521.4086
521.37787
481.17984
520.02979
481.71022
518.67531
482.60787
482.58476
481.87353
483.59309
480.0934
518.52594
488.158
518.86055
481.84172
481.00988
481.58755
481.3984
481.5245
479.7702
518.82845
518.88787
482.25007
473.75433
491.14428
521.73778
480.47164
521.34887
481.92765
480.77621
518.5151
519.94092
521.02939
482.32318
519.03089
481.36653
477.52934
484.3721
518.84043
480.42312
483.64669
480.42039
481.03128
483.18832
518.84378
481.47239
482.63946
483.36144
477.43584
481.99322
521.56552
519.25414
523.42344
481.27664
521.0418
518.24491
480.33926
518.11299
480.16403
521.30981
518.77579
480.03881
484.26206
484.20729
520.25138
483.69819
480.8703
518.75465
479.06735
521.13755
481.9641
482.17294
482.25721
482.35023
521.37381
481.13971
521.24332
483.29818
482.4484
482.9072
482.05387
521.39606
481.14201
481.83879
481.73121
483.30553
480.30483
481.16306
482.71555
483.01698
482.14345
481.97355
519.26332
519.10511
481.23243
482.09678
481.74766
482.53851
482.86797
521.61559
480.98
519.04918
481.95767
518.92173
482.7634
519.01375
521.36168
481.48213
481.94653
521.26866
481.57083
483.99723
519.10441
482.88025
521.27158
481.54827
519.36836
518.73921
521.43
481.37878
518.80753
521.78493
481.5476
482.54944
484.14953
480.12085
518.14157
484.13786
483.39249
521.2271
480.25011
478.51554
483.05568
518.68873
518.67473
518.68428
480.39835
480.18261
481.11309
482.97938
518.69312
521.15475
484.31351
518.23949
521.36458
483.75279
521.01565
480.72777
481.49611
479.95026
482.90845
483.36473
484.00143
480.70633
483.38634
518.37466
481.771
482.71662
481.29889
480.08003
484.36675
482.98755
480.84036
519.13115
481.70396
518.94756
521.91967
521.83583
481.47615
520.01038
481.38277
518.94073
482.39526
481.43993
481.31774
521.15172
482.81798
521.36858
481.17495
482.53191
519.06678
482.33145
481.36126
481.87813
521.35934
521.47331
482.63109
521.47155
482.67849
519.05518
481.72649
482.70761
518.5611
482.21252
479.87481
519.11787
519.45615
520.12356
484.31566
483.158
483.60261
518.74241
481.37851
481.47286
521.45943
519.26347
480.39038
481.57872
519.20587
521.34394
482.89553
483.53921
480.12215
477.53171
521.87285
518.7441
518.8563
521.32853
483.37543
521.00462
482.59767
482.7763
478.9205
482.25062
521.31509
481.17445
484.31805
481.77266
481.88582
519.04215
483.21487
481.21096
521.34124
481.89039
518.8982
481.42048
485.84355
483.97972
518.98152
483.48312
519.05853
481.05097
521.31628
521.42923
519.1567
482.0475
488.16387
482.14728
481.69768
483.63689
484.76152
482.89913
521.79659
481.08316
482.16349
481.95004
519.10364
519.26765
482.15213
481.61321
521.31731
480.83756
518.57552
481.68187
482.7092
483.23702
481.08771
518.93646
477.94839
481.17158
524.53541
482.04858
482.44882
521.36281
481.99421
521.71612
482.21294
483.55533
521.13922
482.34558
481.98591
481.06974
518.14387
481.34115
483.8448
519.06207
482.90953
483.48604
480.8913
484.09517
518.15326
480.52513
481.10851
521.42684
480.73628
482.44363
521.32416
482.63184
519.05236
482.27873
481.67033
481.55109
482.32607
521.56318
481.82272
477.5549
518.83763
480.77432
521.59234
482.87015
481.33095
480.95934
483.61232
518.6811
481.47678
482.0008
484.35925
481.59596
519.9569
481.50073
481.81966
521.66971
482.67556
482.43227
482.80816
482.86914
481.98564
482.08707
522.22229
480.59643
521.46689
520.8055
481.2698
518.67956
519.29698
480.3816
481.21438
482.18874
518.90192
481.93658
481.72753
521.83524
519.32428
479.00469
481.43305
519.52164
481.27954
518.77816
522.07682
476.64258
521.57868
519.49297
482.70634
483.13814
518.85873
482.03708
479.64597
486.63729
481.32069
482.36655
483.18895
481.66643
482.15869
477.12634
481.65396
519.16798
489.02015
520.03755
482.86581
480.90879
484.08446
481.4849
482.46553
518.91913
482.50405
481.92258
482.27519
482.59402
481.05135
518.78713
484.28796
491.03788
482.9671
480.45348
521.25793
480.71409
481.03042
481.2872
521.34258
519.08173
486.26889
480.70803
480.46001
480.64046
518.60773
521.25302
477.76787
483.42294
480.0641
483.80258
481.49401
481.51003
482.4597
482.10962
521.14142
519.25029
483.16145
519.06037
521.26746
480.00683
521.04662
482.04432
482.11408
518.96849
480.97769
482.10872
482.06772
481.84921
481.39969
481.58662
519.01768
480.60444
481.9939
483.38502
482.50156
518.65962
477.49922
480.67864
481.17161
483.14221
518.83489
482.17327
480.56883
482.81443
482.84649
480.91685
481.52857
482.52836
521.04627
484.10197
481.93237
482.17546
481.74996
481.7691
518.88321
482.40604
519.20764
518.56154
521.16507
518.20751
483.79965
480.68426
483.39114
520.47683
481.17474
518.16047
479.92113
520.04103
479.93285
519.19805
521.19319
480.98593
520.32378
484.11275
480.90381
483.2313
481.90073
483.26052
520.12485
483.15618
480.90819
480.98023
480.66052
482.86501
480.53657
481.0475
480.74249
520.09582
482.74628
482.77436
480.75413
480.67641
473.39533
481.31617
520.10139
482.37902
483.17462
520.17036
480.92605
483.07328
482.80204
480.69523
480.89178
482.91861
480.83343
480.51015
520.15992
520.24306
483.28642
520.21804
520.14336
482.89
483.21882
481.06827
519.60428
520.14817
483.0561
520.1444
480.918
480.44713
482.81213
520.12737
483.33158
483.36615
480.74587
520.19167
483.43958
482.82977
480.75984
482.9811
480.57974
482.88714
520.24106
483.03563
521.41404
520.13467
483.17581
480.62336
519.75236
480.72382
489.63989
480.54723
480.54429
519.58376
519.56724
483.20564
480.34712
477.80257
483.06193
520.12697
480.43734
480.80565
480.81694
481.80231
482.97944
480.42739
483.09741
480.73729
520.15955
483.14298
480.4072
520.06295
480.51503
480.47085
483.07259
520.06397
480.35572
483.06341
520.09303
480.58109
480.56872
520.06465
482.98817
480.70329
480.66617
483.21031
482.82733
482.97444
482.86684
520.10396
482.9291
480.87531
483.3302
520.12693
520.10202
519.59327
483.30215
483.12999
480.97206
481.68941
520.1297
520.08944
480.6178
483.38157
520.06133
520.05434
480.95047
480.87475
520.05978
483.48965
482.9965
482.99461
480.43833
480.78332
520.06009
483.44527
482.21914
520.01763
480.87492
520.02837
480.95522
520.16122
477.38976
482.85808
483.35274
520.04835
480.65302
520.05575
520.05185
520.03603
482.921
519.03334
483.17806
481.1679
483.0567
482.94187
478.63422
481.24002
480.74456
482.58414
520.01064
482.72268
520.05987
483.97855
519.78676
480.76034
482.87667
480.89443
520.03114
520.01816
481.17777
483.84581
483.01138
477.85799
482.59803
521.09129
480.97281
520.08063
482.9101
480.93365
480.92742
483.01002
483.20032
483.03845
483.0759
520.02611
481.18299
520.03556
483.10829
483.14355
480.79491
482.78269
481.18596
481.06054
520.09878
480.78004
520.16979
482.75101
519.73794
520.04055
525.66107
484.38529
482.91093
483.16566
484.64924
520.05874
520.05352
481.04726
481.15967
482.00599
480.60401
520.078
480.72703
480.52248
520.10012
520.07073
520.09762
480.33549
480.63074
520.10778
520.05289
520.04406
520.13228
481.03631
481.28447
482.92672
482.67304
480.88918
480.79987
482.80959
520.12361
480.99614
520.07055
480.55843
520.17123
483.23276
482.55195
520.0491
480.97128
481.12372
482.59416
482.8819
519.75939
480.94858
482.49687
482.91989
520.26136
519.98789
482.60237
481.09573
480.88667
481.42255
482.85921
481.302
481.18423
519.90229
481.37925
519.82522
482.95268
481.10721
486.07925
520.20922
520.17665
479.03575
522.9095
480.91359
482.48447
482.95101
481.34123
482.90474
482.60035
481.1128
481.30134
520.00032
520.20492
482.91337
519.79799
482.6404
520.00967
519.81209
482.70049
481.09412
520.077
482.51121
519.76229
482.78913
481.46915
520.09361
478.86502
481.59569
482.66813
483.30116
481.66112
481.23755
519.94187
481.37359
519.87607
481.2551
482.47627
485.24006
519.91445
481.58261
482.52948
519.87222
520.14878
481.61352
482.63483
521.57175
482.73718
481.67295
519.92521
524.35494
519.78485
519.86316
482.76094
482.61228
481.63619
482.61048
520.33177
519.94323
482.79938
481.51386
481.1414
520.15984
482.85315
482.69331
481.39636
519.95266
482.86143
519.94997
520.15084
481.65479
518.13622
520.41016
481.61279
480.99534
481.42188
482.17288
520.38759
482.30376
520.31484
519.91516
520.13132
482.90293
481.23186
482.37981
520.24584
482.15741
481.9107
481.74271
481.09361
482.83889
480.79459
480.98063
481.32856
482.69092
521.23498
491.07195
482.78124
482.43388
481.08945
520.16234
520.54624
520.1385
482.78392
482.79131
520.2047
482.51125
480.93722
481.05397
521.31832
480.9224
480.84388
520.12171
482.63467
482.69364
519.81422
481.12798
482.67993
480.83812
520.19025
483.00654
482.81022
520.21796
482.91084
520.1952
520.11199
481.53879
483.43241
520.07876
481.2634
481.07632
482.89304
481.08419
481.08286
482.92587
518.99951
520.15143
483.01816
481.16842
482.65947
520.16679
520.16231
520.22867
480.46809
481.00548
483.1154
520.21799
480.76799
520.19157
520.16241
520.11912
480.78223
520.23986
520.21872
480.94517
482.64209
482.8356
480.86745
520.18058
520.15119
480.25542
482.97982
482.79478
520.80095
482.41016
519.2599
481.17076
481.22736
519.03714
481.27665
482.4916
481.0205
520.24104
520.19005
520.19856
480.88475
520.20138
520.20823
480.96444
482.94389
481.24487
521.39297
480.79642
520.17893
520.19012
520.16489
520.27151
481.15829
520.23057
482.81517
482.5216
482.78231
481.07659
520.31259
482.73519
481.00889
482.8572
482.89931
520.25795
489.02871
480.82914
520.3062
482.73041
480.89224
520.25539
482.599
480.94622
520.29615
481.15127
482.78791
480.99414
520.33834
482.47844
520.59534
482.58123
520.2593
482.91648
480.89745
520.41853
482.8628
482.73642
520.29601
482.7637
482.8229
520.2676
482.68742
482.74225
480.97167
481.04921
480.83825
482.71274
480.74855
480.69685
480.80784
480.75668
480.59862
520.29199
483.01947
480.62115
482.8109
480.72332
483.06676
520.36111
482.97944
520.27048
482.78661
483.03084
480.63298
520.88101
520.25068
480.64929
520.29917
482.77166
480.93638
520.22129
520.17381
520.2417
482.72041
520.15676
482.85455
481.08529
520.27157
482.77065
482.48266
481.00985
520.20038
483.03237
481.15922
482.4871
520.22663
520.29537
482.69089
520.22647
481.00541
481.22499
520.19345
482.74511
480.71596
482.42217
482.82188
482.56764
521.26891
483.12854
480.86562
481.026
482.74646
481.84691
482.43477
518.88104
482.98143
520.19906
521.22151
521.36911
481.41769
480.75494
482.01374
481.75592
481.0191
484.31798
521.25466
479.83074
521.16146
480.4303
521.22451
481.77363
521.4618
521.13693
518.92861
480.74538
483.09217
481.69418
521.42992
483.2781
518.87149
483.24399
483.80139
484.05365
519.00452
519.85026
520.1569
485.82865
521.88566
483.07964
486.73218
481.08171
487.08702
520.31751
518.91966
481.7649
486.80951
481.89343
481.43378
521.88722
482.11073
482.42793
518.74258
485.69427
481.3091
481.29454
482.21206
482.51664
481.98872
482.03734
482.03786
482.88619
481.82252
521.82162
481.21888
482.57106
521.94993
481.47672
481.6741
482.38672
482.86831
477.44146
519.3594
522.17072
483.06007
517.87185
480.93559
520.42194
480.67127
519.83017
477.09395
482.01404
478.40207
517.62336
482.56955
482.76373
521.40246
520.10183
480.84987
480.46246
482.49466
482.84227
482.65642
518.88564
480.61408
482.94243
483.5931
477.60312
518.21873
480.35526
482.58145
518.0901
479.96266
521.57264
480.2855
480.78244
479.93439
482.97215
483.40863
482.36661
520.30597
520.42533
518.57326
520.96187
482.68043
520.54028
480.77315
481.00729
481.15697
476.80319
477.2492
524.20545
476.60256
482.25032
482.56836
478.09232
522.10756
479.52327
481.82304
521.51979
480.80416
518.8877
479.09547
490.31558
521.64881
480.79495
480.35805
480.41522
526.30154
517.16568
482.29389
482.5163
481.33721
481.41493
520.1712
482.80865
520.96972
481.67442
480.8766
518.89025
480.0804
481.27013
488.52258
520.56739
482.59034
523.89614
480.9625
520.02192
483.06608
482.35783
522.69639
482.69929
458.33885
482.17266
455.86707
483.30026
482.69631
455.40675
457.23499
519.96389
505.53091
458.09113
457.41878
483.1429
505.68714
505.76634
480.66563
482.44491
482.37582
521.2222
457.29843
480.7885
481.56891
516.96773
482.60378
509.84144
483.68889
517.14799
455.67155
481.22097
520.23979
480.29157
482.81331
478.41511
521.22502
524.46142
480.40251
480.33966
482.72323
481.47825
519.60908
520.50555
482.72622
481.03588
480.47586
505.44219
517.12358
482.43873
520.85879
482.8546
520.80747
481.00338
481.2113
481.99747
520.31728
481.05671
520.325
480.91124
505.68551
480.73033
480.79613
482.46865
520.94077
483.05973
519.61218
477.12548
519.90921
481.46677
520.71034
482.00795
520.71795
483.0771
518.9825
480.86169
520.26928
483.43769
481.66267
482.02723
517.34902
457.01155
520.14466
479.68271
480.1475
520.39632
506.12121
480.74116
518.16965
520.08037
483.02268
521.5741
459.19402
454.34899
452.78291
482.89654
456.83438
482.65486
510.17764
481.32291
456.8626
478.72273
481.7106
481.23266
516.85531
505.18506
516.91992
481.99406
484.38623
483.32222
482.4908
483.51266
482.62462
518.07659
481.80351
482.99973
481.02788
519.35361
488.36554
482.95271
517.2316
477.01725
490.46816
520.79965
481.33877
520.15414
480.30919
522.85084
482.26743
480.73116
483.1222
479.77842
480.38763
520.90471
518.90324
523.93157
520.3184
519.10846
480.64782
481.92318
481.89984
522.25752
479.95374
517.98977
482.91646
482.5113
518.03224
483.4211
481.82338
477.45996
474.90778
480.45518
524.29159
487.01811
518.79494
484.6763
490.27091
481.04039
481.01205
520.16477
476.60659
520.03402
523.43775
483.55942
486.54271
518.83781
478.19688
478.02997
521.85199
481.34252
482.07723
477.05339
483.39718
482.51354
482.77005
454.6039
481.3562
454.10846
483.75188
453.13585
483.3432
455.04181
481.77758
455.96924
516.60997
517.89461
454.64538
480.007
482.86046
520.01195
481.73936
517.21822
519.02832
509.82366
480.60975
482.79858
505.89643
505.44132
505.10946
481.61194
519.51285
518.14574
483.8529
479.83389
516.66576
482.87306
519.89309
509.84703
479.0595
482.5298
488.81039
479.97459
483.12957
521.46862
481.55303
479.80204
521.38139
481.90654
518.9125
481.98709
482.72117
516.61211
519.3143
483.32102
482.3314
482.56503
517.48748
519.72708
483.12108
481.07568
483.00408
483.54944
519.7446
479.64284
483.45094
520.71352
506.41796
479.85447
479.87123
481.77274
483.62733
520.41993
481.94761
483.10263
480.66979
480.57417
483.30246
483.07948
481.85931
520.54693
483.49759
482.26144
480.624
480.52703
482.02426
520.7545
477.9906
481.28349
519.55972
481.05079
521.57948
481.40712
480.36243
481.83477
520.33982
483.11741
481.81938
481.03871
509.7756
483.23941
483.70518
480.05631
481.90228
458.64873
481.20926
455.02232
480.84761
456.63965
455.42763
454.60653
455.67746
483.69557
505.59947
516.67246
519.47049
505.08796
482.79649
482.76464
505.34224
520.86869
483.05937
471.61964
520.01303
517.09949
475.47456
482.36982
478.44763
518.91575
482.94077
481.64676
483.7227
477.6975
483.22996
520.13699
478.33034
519.9761
520.34531
482.57935
485.10555
518.16273
483.26645
482.68801
479.24393
521.14356
516.05082
487.49581
518.93573
482.08563
518.92942
481.88151
481.19045
483.42151
518.98619
479.79285
481.95841
482.13677
481.40744
478.86979
484.35181
509.57047
482.76791
521.31284
481.22509
480.73284
482.9363
480.67511
521.26002
482.67457
483.29299
481.74414
519.18306
481.64123
483.45033
483.33295
481.0087
481.99602
480.61086
519.40924
483.26108
480.38493
481.31001
520.8703
482.07457
481.58853
483.5739
482.61114
482.85476
481.85144
481.274
481.71321
481.97983
481.23805
519.54553
480.58383
480.84765
521.86207
481.90559
482.56253
522.38654
521.87592
481.04416
482.57971
518.83566
481.93684
481.50637
519.436
482.96104
519.25328
481.61496
522.03324
482.21863
520.52767
481.23257
481.00187
481.57683
487.51212
486.35502
477.22124
481.06327
518.6561
482.46356
480.73782
479.89656
483.7531
480.89554
519.19693
481.87371
481.7923
519.13492
483.24494
518.90379
521.29317
480.76207
519.39215
519.86532
481.32809
481.72394
518.9079
521.47666
521.48165
480.38067
481.24834
483.09689
519.49401
482.6016
477.72509
520.29342
480.67426
481.03113
483.17694
520.21383
480.60166
483.2298
521.62769
480.61393
482.68754
520.26354
480.88815
519.8505
480.60499
519.92864
482.94212
481.2312
489.17597
480.86471
480.44514
480.53972
483.27696
520.24512
480.93038
521.511
482.96013
489.26439
519.72565
480.86698
483.21602
520.19981
477.7015
519.70152
522.29412
480.59274
482.95504
481.47485
480.7469
519.90596
519.80126
520.15485
521.19773
480.85768
481.47582
519.37754
483.47317
520.82243
519.34212
480.65348
504.84963
519.81356
480.78016
519.10883
482.43237
519.88228
520.67487
477.74111
480.5261
483.025
520.3288
516.91159
520.17336
476.6727
481.36911
519.89976
483.18762
483.13426
520.97819
518.96289
521.18175
519.72813
520.22297
481.02349
480.83214
521.23912
484.39198
482.99261
520.23574
482.92819
483.11142
519.71784
480.98588
480.57082
519.08855
480.6272
482.82425
482.98889
480.4225
489.40806
480.67405
520.16884
519.82008
483.10731
477.7614
482.93145
489.32232
483.31999
480.81504
480.1385
519.25701
480.49421
519.65341
520.28982
480.85123
480.83443
483.19885
519.59125
480.72909
519.86775
477.78302
481.72645
480.82416
519.79961
519.59446
483.08873
520.22159
520.16497
480.77979
520.26733
519.07624
480.99576
480.81254
487.2913
520.22363
482.86582
480.3524
480.39483
520.14614
480.87797
483.29466
480.48121
520.19596
483.27352
480.75241
483.36684
520.18278
520.14743
483.04854
520.12697
480.56599
482.97384
480.53202
482.97619
480.28171
482.89009
520.1164
520.25983
480.78393
520.21256
520.17945
520.2433
520.17868
480.93222
483.055
483.07602
480.81514
480.93324
480.73102
520.21625
482.76641
480.78552
520.07471
483.05404
482.65902
482.88843
520.22232
520.27989
480.77913
482.82935
480.77422
482.83072
480.73387
519.93426
520.16991
481.07251
481.01158
520.04262
482.82626
482.88766
520.23751
481.09477
482.82005
520.06005
482.88819
482.76279
481.12002
482.88406
482.78374
520.1457
520.0006
481.00945
483.54888
519.50644
483.00912
481.0096
483.0358
480.62014
519.54816
480.98537
483.21762
480.603
519.35495
482.96882
483.02597
483.15066
520.06557
480.9596
481.35121
520.1289
519.83723
480.715
483.02745
520.16277
480.84497
520.2324
482.81522
480.91746
520.18588
519.46229
483.15062
480.59696
518.77134
483.63522
521.17979
482.98764
480.92451
483.60198
483.48713
518.64111
480.5029
483.98647
521.78206
480.43801
518.93012
518.75545
481.00791
521.19214
521.31774
480.46736
481.45538
483.13179
482.37073
481.43684
483.96439
480.96799
519.44835
481.8972
521.1802
521.82242
482.62092
521.39693
483.31787
482.72458
480.92111
481.81981
480.56944
481.89383
481.92074
481.27897
480.96369
481.36615
483.17767
482.73247
519.01107
483.02157
481.06496
519.11011
481.98297
518.24131
482.10372
519.15105
521.55776
482.10233
480.80994
480.76509
481.04652
482.67
482.04217
519.18125
481.68955
482.43031
481.02596
483.32195
518.91475
481.86202
482.35512
486.27696
482.73999
481.00595
488.44616
518.87356
482.22795
519.95108
519.61438
481.16969
482.3876
481.70154
521.57232
477.32954
480.05007
521.28742
519.88442
488.73163
481.05666
484.28635
481.32264
521.78073
521.44403
481.81776
482.38692
518.76435
482.51506
481.75723
481.46314
518.88557
479.86249
481.03176
522.29979
482.20001
489.71287
483.25923
480.97627
519.30777
518.16848
520.24717
518.89049
479.84633
481.94204
485.24739
520.04306
483.00776
482.41767
482.56374
509.9167
520.19337
482.37627
480.5653
477.69718
480.87713
483.54111
519.47996
481.85901
480.63442
479.70524
478.85358
478.20518
481.07063
518.92725
480.31524
483.0139
482.14671
525.22112
482.72585
519.58365
480.77439
519.02928
480.10324
522.04738
482.719
490.45605
482.07775
519.50764
482.79974
482.44106
484.35925
481.9209
461.3865
505.81853
505.97019
509.69501
484.22979
483.91658
519.6444
481.57957
460.59322
483.04598
483.37979
482.19347
520.79065
480.67097
519.69946
520.55222
516.58347
481.5324
482.03805
516.7177
519.74264
480.06033
488.90153
519.44476
480.01789
480.39518
489.62177
520.57107
520.46779
516.54334
458.04089
477.839
483.21145
519.9521
519.66895
480.81803
480.87954
517.35226
462.14318
520.37051
480.58446
480.87218
480.89409
483.00993
480.50109
480.95371
520.17969
482.86716
520.20151
523.88537
483.06778
519.61526
487.5148
480.87839
479.81036
479.80785
477.95466
482.72711
519.60597
519.46095
481.15354
480.55103
480.62708
480.16074
481.74384
481.93436
519.09455
480.96161
519.80211
480.18556
482.35507
505.93574
479.92197
480.63594
520.12478
481.9008
483.94424
489.62103
520.02428
483.4167
487.47344
480.16451
509.71233
479.83924
452.70978
457.78383
520.1589
482.95327
459.33181
481.48783
484.47141
484.28413
459.64021
481.91557
481.73449
520.24189
454.16227
510.02728
505.11491
505.90645
518.54988
483.06386
480.2705
506.43026
482.94248
519.71895
521.97889
478.26539
520.39676
519.66465
478.50396
478.29354
518.05401
478.09459
480.7576
520.12589
516.53417
522.10524
520.28906
519.02419
479.31461
518.56562
482.37961
484.04692
483.39694
518.98486
480.75426
484.08649
479.87275
515.45619
515.14317
516.65478
516.51678
485.37931
481.26792
482.99472
488.6132
476.94147
519.91106
475.45677
522.08873
480.20394
522.51734
481.06367
480.38013
484.08643
481.75587
481.70255
528.08542
481.53854
479.68498
480.52948
481.58462
503.92379
450.85529
453.58166
448.48389
510.14643
481.94823
452.98589
505.63961
452.29598
483.76951
484.11851
484.95367
482.06671
519.31228
453.72038
484.1154
520.41065
481.04901
509.65748
485.57444
482.58116
520.21219
482.72143
520.00159
519.52041
475.70197
480.01295
520.30426
524.14516
519.41677
506.02371
517.8786
504.78235
516.97852
462.59863
482.88352
480.91717
520.44458
521.02654
483.2633
521.09971
477.92247
520.86207
516.73127
483.74638
520.1239
477.61532
481.84496
482.4858
486.23783
485.74674
521.32737
476.98963
482.22517
481.81939
480.96655
522.47689
482.86613
521.58875
482.30396
519.12467
520.73397
486.21615
482.3323
520.40478
520.50541
478.38797
520.58122
488.41734
478.38511
519.18766
476.29623
518.87383
478.59331
477.64154
520.19475
480.98541
486.56469
479.37803
480.95991
482.2926
488.351
483.5473
481.35821
486.03389
519.95373
480.34637
486.36466
515.9203
480.54116
488.31296
478.70751
480.74544
481.11945
519.74359
480.17525
474.87204
510.81845
521.76369
478.13443
482.57994
520.4882
510.75963
516.73065
482.23861
521.08986
520.62703
480.35689
478.7212
445.7713
446.74817
448.38195
450.09719
482.50444
480.15006
481.08123
444.39822
503.43066
484.66541
484.92486
450.7423
505.41763
481.2682
477.48045
480.29521
503.72719
480.78583
505.65886
485.86153
515.98363
480.86855
490.86885
485.24214
481.6923
516.41952
479.57539
483.2584
477.65912
483.77421
477.42863
484.8106
480.37646
446.41542
448.23636
467.4718
491.48687
519.44674
478.66077
482.65049
476.151
504.00387
520.07433
447.65265
439.2852
428.31058
428.58599
505.96785
427.8866
505.65911
457.19012
457.17988
504.14704
482.41183
454.39979
474.7755
520.2038
446.737
452.15039
483.61259
437.78339
483.95119
503.44047
455.21296
452.46747
480.40959
442.02636
490.1949
505.88188
482.33118
504.6479
438.82588
475.74959
453.7382
510.38081
484.30187
480.64953
477.29452
475.72551
481.24146
522.51009
510.53302
481.34686
522.08333
485.60615
478.45413
526.28596
524.69016
481.59912
481.23053
515.38903
523.01087
474.83836
479.05292
525.35903
505.26815
481.88985
515.71204
527.30442
483.44052
480.91971
519.65043
519.28295
518.90044
479.97643
519.77263
484.06427
483.0026
479.54763
520.94071
504.5977
479.32605
479.96816
457.44274
451.53604
463.21391
456.84127
504.85831
510.0555
462.8661
480.08846
479.83413
519.47315
527.41104
505.4381
517.97168
511.62516
480.98268
477.46765
522.54169
480.24635
507.42788
481.91529
516.80962
481.30372
474.24054
519.98463
478.89626
482.87598
482.64672
518.73899
484.52816
520.24191
516.59934
480.3293
521.12923
480.162
482.10509
485.12915
520.21879
527.20117
512.61924
521.11166
481.60145
519.24499
481.72648
478.33789
517.95531
474.5646
518.89347
483.03008
478.03241
518.61209
482.66175
477.54927
480.44669
477.29264
477.12319
526.4141
480.64871
521.9321
484.92786
480.16393
481.352
519.98244
481.65589
525.52725
519.26295
518.97074
520.78005
522.62873
482.60445
481.54178
519.21629
521.29898
521.28319
481.99159
481.37511
521.50983
484.04549
480.78674
482.56705
478.93263
481.32419
525.24382
524.42742
477.39236
482.20755
480.80506
519.85399
481.52564
480.79213
479.94131
520.91126
480.44372
460.19449
453.40368
510.19384
482.86073
451.91543
479.36646
481.96097
454.84641
518.99183
479.31763
505.40605
477.46081
478.53632
519.74458
517.68879
521.37255
519.87353
522.74783
479.81742
523.70246
507.08693
483.3141
481.84907
520.69492
519.01725
449.21054
480.10484
480.5428
486.87554
491.32429
523.82695
483.44001
518.51306
480.49338
479.25183
484.07983
481.91478
481.99491
479.06214
479.09218
522.32923
478.20582
480.66044
478.27707
488.69819
519.48598
479.21169
479.28043
520.77243
478.56392
520.2381
479.76718
477.77751
478.70256
520.65405
478.29345
481.1017
481.65973
480.73635
523.43347
487.93082
521.89935
519.23923
479.31322
483.22392
510.27068
481.31683
491.24055
480.05202
527.46608
482.63202
519.02539
523.09842
482.94874
479.72155
519.35622
485.42064
520.10287
482.06737
519.01242
480.79943
479.42452
481.50883
481.61173
483.1967
518.83099
482.48833
483.17241
481.45793
483.42088
481.117
520.12706
477.85904
482.83387
520.17905
480.39589
484.75158
481.63925
481.1755
475.59414
479.8097
480.13322
519.96339
518.66595
513.89326
519.69913
520.2624
482.13398
483.03845
522.65069
522.52241
478.31127
480.5793
480.74284
482.07152
520.42052
480.89644
479.2874
520.25758
481.30012
482.7951
518.18601
520.20602
483.60632
520.68095
480.49783
482.30902
479.78874
478.59968
478.87574
521.58678
479.9247
521.33591
479.07017
522.73427
478.69094
482.25554
481.61836
522.03148
480.33585
478.55815
478.38732
480.90358
483.07988
522.51697
477.90406
520.25549
481.77687
481.08701
484.70818
520.0957
482.50462
480.5335
483.81187
483.87453
520.7303
523.42774
520.88484
522.33995
476.08828
522.20824
480.91011
523.49077
483.14762
489.57508
478.5772
477.97115
488.72226
482.48031
480.61835
479.04575
520.02901
483.51048
481.20986
482.85823
519.11929
482.60941
476.31426
520.94916
520.04041
519.15287
520.0876
479.00431
520.17581
479.08581
479.75198
484.1971
521.39243
519.19204
479.94568
480.8626
479.52292
482.32903
483.04077
483.30653
480.15874
481.87185
481.80201
518.99116
479.15523
520.86118
482.42372
483.91488
482.7204
480.71488
480.46348
521.50422
522.82411
454.45978
510.28631
480.78249
519.60231
481.16613
520.06869
478.90602
480.2378
518.88326
481.57368
518.40691
519.18227
482.53516
518.80325
519.0977
478.66498
521.36908
480.96559
520.54699
479.77725
483.27579
518.09279
480.82303
482.62151
478.69318
482.42332
482.99165
479.36085
482.51061
480.60611
519.39419
482.43358
485.70089
524.0456
479.40867
480.35972
518.08144
479.46869
480.47644
488.00364
480.29551
483.28551
482.95301
482.74968
479.26661
479.28593
478.63685
484.66337
480.90431
484.87055
480.89585
477.50891
480.91133
480.85109
523.5985
482.4236
520.58064
481.83607
519.97556
485.34397
477.52698
481.00139
481.98977
479.63297
482.83145
476.80059
522.57308
520.11066
525.89583
483.01939
520.37949
482.38687
477.93079
489.09585
482.00981
522.14534
483.23482
484.24952
484.95356
477.15833
520.3831
477.94124
480.29257
489.54838
481.55954
483.00662
479.6693
521.11885
507.01695
504.45234
481.10221
521.29319
523.78497
504.86522
504.222
516.3805
515.66918
480.13961
486.26865
483.86687
454.75471
456.49182
510.33296
453.23484
485.09901
479.08909
416.87991
486.46528
448.47172
487.73622
426.89643
482.12641
479.87934
464.23225
523.54635
482.43285
479.09521
482.60836
497.278
447.96683
510.47634
482.02505
510.20022
508.33801
482.01418
480.33841
477.41421
489.88242
479.82061
435.96305
519.2851
484.48385
521.61222
521.96165
520.15064
487.3526
518.35103
482.98986
439.92983
504.59349
502.19083
519.60676
473.74059
517.34308
442.82335
519.54548
477.98356
486.71277
518.01809
502.58799
454.99761
453.14048
487.23776
488.68965
481.61682
478.95141
517.23526
479.44348
483.7084
456.79503
480.41304
520.58914
482.89405
480.94305
521.7515
511.29282
519.3234
520.86434
510.26257
503.95941
525.22867
490.52256
479.97592
517.47232
480.58136
482.43971
519.04111
504.46424
474.30054
478.48139
479.8001
476.96061
481.6192
483.06954
480.11901
506.34848
522.82398
481.62445
483.48208
489.51212
483.40751
479.35278
519.29846
488.6214
478.54516
480.52702
520.91724
519.41138
519.70149
518.13663
519.66947
480.12841
490.70875
479.10368
485.73686
517.78222
483.85391
484.15257
482.66728
516.70541
517.26328
489.7397
517.63499
481.78202
483.25365
484.29398
479.53668
524.67212
481.12989
482.97092
480.2715
480.38054
524.28219
477.92269
517.14606
478.20483
487.65839
481.7597
523.66559
423.68759
447.96145
450.38687
446.80379
479.10766
505.8371
481.69268
521.73789
520.99454
481.84596
516.92122
521.07431
480.80915
488.17141
479.25343
483.05103
518.06496
474.33054
481.43004
481.09521
476.97281
478.31614
518.75413
483.20263
483.18532
518.04871
518.56459
483.20879
480.9543
521.29657
483.64542
478.64115
480.39548
483.80619
483.79891
480.36054
483.15746
521.6758
520.06598
480.62731
483.68425
480.12293
520.09801
483.06501
519.76083
480.40576
520.2916
519.25617
480.49397
475.76386
520.28196
480.80491
481.20699
483.4062
485.12662
520.15764
520.08448
478.79701
519.3609
484.16829
521.07592
480.56534
450.26645
523.03152
482.04179
482.47711
476.19135
523.49984
485.90891
480.19638
483.20366
480.2499
482.00021
482.03738
520.50192
519.92529
483.07541
476.86864
487.94609
519.96166
480.48036
480.58365
483.58156
518.51813
480.70837
483.01821
480.59827
519.6144
520.1382
520.13167
490.22023
489.9082
480.61571
488.65268
489.84378
480.20243
483.56896
480.2044
520.05603
480.90654
483.1291
480.25771
480.35649
480.42915
480.522
490.0948
480.43333
480.52955
480.49297
477.83055
483.75719
519.57718
519.56495
519.59973
480.45318
480.42896
483.6188
483.68272
519.73567
483.79071
480.53864
477.83759
480.24059
520.0914
483.53694
520.07913
480.6574
520.1499
483.47512
480.60324
520.11887
483.58119
483.43439
480.6339
519.78242
519.78897
481.92246
480.46912
483.45561
480.56485
483.29876
520.0858
520.2026
483.33551
480.66773
519.82991
483.60382
483.41471
519.65618
519.65899
480.49916
520.16479
519.84047
480.63291
520.15134
519.81265
520.21313
520.08967
483.27467
479.0682
483.25384
520.43357
482.15802
522.21919
520.98746
479.14902
526.58177
484.08237
482.75469
478.59192
475.67434
475.62628
522.69666
523.47258
482.51396
479.87965
520.14022
483.18801
524.18461
481.45175
522.07115
480.841
483.39845
487.59689
478.33383
519.76384
520.15131
478.5295
476.34401
480.83199
479.91929
479.40614
519.34318
482.63448
480.82843
519.0662
522.68445
484.45458
484.06313
483.51601
477.19853
479.5303
482.08514
519.7534
483.5924
520.83676
478.07507
484.36018
476.71962
520.0788
486.29738
526.67413
519.76358
483.96706
479.57346
484.20677
517.79596
480.14093
481.01291
479.3193
483.71063
527.73451
484.72984
481.8725
518.4793
519.57
519.72336
520.67339
522.55067
482.24707
482.56111
475.9344
519.98994
483.35903
480.54547
481.40068
481.51416
518.94488
488.3135
487.10376
517.13709
479.24911
477.55861
519.36665
519.46075
520.66984
526.28852
484.00496
518.99948
476.7039
519.50874
477.9453
519.33674
476.31903
481.52551
481.84767
483.1516
486.49652
518.75828
482.36785
483.19243
523.05241
477.84662
477.949
489.41685
482.37642
520.11444
479.33919
526.38471
519.76497
479.24178
478.2928
520.60271
521.0114
484.14294
485.05662
479.09335
479.56049
482.86498
483.33709
479.2429
519.87276
520.33674
522.87381
484.66616
519.64209
483.23667
517.88405
480.38814
479.59961
479.56731
519.6006
477.01676
474.05711
485.28199
523.89129
526.02469
519.22429
479.68613
486.01399
478.29954
486.36322
517.94335
483.45004
482.14665
521.83854
481.10234
517.6278
521.43718
520.34447
478.9442
525.38263
475.81744
521.79089
476.38061
479.02568
519.2752
487.53533
525.04311
486.10634
473.78527
525.93652
480.74946
474.27319
485.33926
480.53852
524.88231
484.56532
518.7619
483.49985
482.5341
482.02119
522.68815
519.88104
481.05429
486.13717
515.34102
473.5401
481.55762
519.78336
521.51915
520.28203
483.27622
481.71534
484.08769
520.56257
478.30576
524.30842
479.45264
480.87876
526.61364
479.25787
518.26645
520.25701
483.04207
522.37918
519.61991
485.55645
521.55947
478.88946
479.97997
478.72408
482.40174
479.4715
480.33404
481.09621
487.17443
478.71952
519.03012
483.44077
476.46966
481.18375
520.0662
521.32093
520.13913
484.4845
481.8883
520.5475
518.38238
487.5644
484.88131
478.893
521.72888
481.56966
477.20129
481.04065
477.83653
478.09945
478.0988
479.16838
481.73617
518.92209
520.15989
479.1959
520.04799
519.49562
523.74037
479.55469
520.05089
520.06402
483.57206
480.78282
483.05489
480.97211
520.03648
520.03009
483.37771
480.87889
480.46995
520.00702
480.66224
479.97564
483.09267
480.30867
480.80801
480.41564
524.05323
483.15029
480.77831
520.08142
483.41835
480.43596
521.30249
480.26648
480.54705
484.1414
480.22775
483.54796
520.11099
520.07911
480.53157
480.30827
483.24497
480.66059
483.3825
520.03721
483.22732
489.761
486.13099
473.24236
520.10732
520.04113
483.19069
480.15479
483.36091
520.0972
520.13515
480.64612
520.07247
483.44581
480.50828
474.20438
520.10138
519.96573
483.60289
483.62184
520.11297
480.68949
480.13843
519.14969
480.64417
483.71519
479.99476
483.25227
518.44519
519.57911
490.55984
519.6086
477.87954
518.79114
481.76627
492.76338
482.89224
480.53825
484.29079
519.71576
483.46736
520.33989
483.69753
480.03727
490.53545
480.49128
519.37803
483.97544
520.06294
520.19144
520.57795
480.60024
480.09729
477.5154
520.07101
480.75981
483.58137
480.68585
520.01395
483.73361
480.46741
520.03136
482.62308
483.71677
520.07259
483.15438
480.77342
482.67369
520.05649
478.42623
480.57532
519.5648
480.49158
483.51644
519.64292
480.14671
519.99922
480.73509
483.39789
519.45539
480.42664
490.7547
482.8585
518.98865
481.13845
483.80269
479.3712
477.90977
484.14595
520.08839
485.31774
479.91164
519.18755
480.68124
479.66324
484.84625
476.24265
519.70343
479.1645
518.14364
480.84787
526.42648
484.08902
519.84802
521.63045
480.39926
480.31797
521.13032
481.36121
519.53459
479.81512
480.25139
480.43737
520.09666
480.01252
520.18061
480.61027
482.98398
520.10562
517.53224
520.06589
518.82477
519.50654
480.16287
484.09452
486.18397
517.99059
480.97342
519.15242
483.01305
520.09359
483.47459
478.04348
483.90143
526.62366
489.14459
484.3919
482.02095
484.18987
479.91726
521.49592
505.36768
492.0173
478.93481
517.97811
482.37736
478.64917
481.13432
518.09206
480.76304
480.43551
519.19447
517.15549
497.06282
450.99977
520.15749
481.41542
457.03312
506.18972
451.62036
450.08455
489.84689
451.17956
504.29623
484.86736
480.72313
518.3831
521.52555
486.99179
482.92746
521.28303
449.22062
481.38199
482.48956
482.2959
516.03433
487.37276
517.52273
478.84641
506.1168
450.13097
481.34492
482.55861
505.60805
482.54566
488.36904
478.94709
478.78249
478.76166
520.82113
519.70493
524.84978
478.04858
478.22401
481.32333
483.17894
487.53702
481.58693
482.66993
484.57025
480.94384
479.69963
517.97572
520.24125
482.47415
489.32363
480.02662
483.19545
487.7289
480.11239
481.39757
488.91478
483.65454
481.82273
527.41821
490.32896
482.21652
483.60322
517.34109
519.66572
479.7963
481.68719
480.81821
482.20327
483.10493
516.87241
518.18798
518.32771
482.61909
482.34309
517.08583
488.49326
483.62771
520.8426
519.45715
483.25486
520.00993
520.84985
520.96226
480.94643
483.69934
504.90814
484.37926
519.58766
452.12143
517.31652
484.7865
451.69753
476.01405
517.63468
450.71448
450.4649
482.51386
481.90474
480.8362
516.29646
479.35295
453.24427
517.04205
452.96215
505.38261
450.79172
452.05738
454.92
510.11095
479.59183
519.67555
504.9936
480.37964
482.05077
481.53271
452.76799
480.00673
453.1492
460.59373
518.54993
480.96312
489.46295
479.74618
523.76584
457.30361
480.00276
481.91291
478.26914
489.79996
481.63632
479.82811
520.67503
480.07103
520.34919
524.03641
488.79646
479.29971
482.93947
476.9897
479.75681
504.73273
481.09315
478.84924
523.24565
506.47628
487.6233
479.01148
479.81834
482.05104
479.92079
479.49073
480.30772
483.29553
480.09173
510.49496
518.77678
480.32534
519.7727
483.2529
510.01943
483.84223
480.59159
519.80047
480.60391
483.80611
519.2236
480.86031
519.59725
519.38913
483.29928
518.98564
481.73757
518.04659
518.74954
480.80355
524.90285
480.02912
481.327
483.43388
484.21067
517.47446
478.2339
505.02581
481.48337
520.95305
507.42972
523.26405
476.29299
527.75075
475.29122
481.10255
479.10704
522.73806
487.61601
477.20744
520.70619
522.38328
476.78911
481.54254
488.08263
519.70094
520.2733
482.45933
479.10248
481.35962
482.27245
522.05831
476.38136
477.99679
483.52943
478.1222
485.61016
479.83888
526.66313
483.89671
517.82017
522.32349
482.14878
524.48731
485.93408
477.09036
478.69337
482.12597
479.03283
482.3889
477.98554
482.59986
480.60622
522.48558
480.7147
489.27895
478.88259
518.92231
484.00133
482.80378
520.49641
519.7886
480.34705
483.29704
480.50433
520.18528
521.83362
483.38161
480.37541
519.10684
519.57467
482.03638
524.14269
485.27977
525.30993
519.53428
492.19154
478.43591
477.70921
520.1185
516.92591
479.16531
483.76737
522.29635
520.81968
481.29033
482.05808
480.49318
485.20336
515.82856
516.00913
440.77623
450.94308
478.9885
509.94158
482.35736
480.90218
510.46734
478.23464
478.72816
481.62711
507.75904
482.64617
510.04449
456.4812
438.43491
521.8717
480.08306
519.63005
518.64969
442.52271
504.12988
481.82293
484.58301
455.65813
481.01697
452.47776
478.12422
481.6186
481.53042
436.79882
510.98154
520.74346
518.61107
480.98227
482.20852
475.31705
521.01317
480.85646
470.87048
524.94348
478.80972
481.47708
483.13724
519.28199
482.78601
516.53361
522.87552
483.81286
481.658
480.06567
523.95142
481.23069
487.59398
484.80202
521.50245
479.53277
482.91677
482.67021
481.34961
517.75302
515.72346
519.44611
518.90811
518.41961
524.06913
520.86876
482.73368
454.83747
505.30193
452.04122
481.30889
480.51595
479.30211
518.0105
474.41997
488.71511
481.23102
483.01113
516.41079
519.4143
482.26788
518.63037
481.11872
483.47847
519.93713
472.28547
478.11947
477.75971
483.8422
490.05542
521.16753
480.16653
488.77438
525.08154
481.26287
482.0126
476.64325
483.06574
481.53661
478.2609
519.55731
482.01575
482.60112
519.35184
480.95911
519.928
519.69023
478.25849
487.61826
452.85064
461.28389
454.93844
483.28083
453.25706
510.19354
522.50302
483.68686
479.70623
481.0162
484.13934
520.95245
510.2345
505.46621
479.30669
484.44152
521.38552
481.51912
510.33532
452.29499
518.31075
484.04131
518.94958
482.61873
482.18591
482.96492
520.12625
480.96934
484.82506
518.49707
520.20429
478.82259
490.24978
479.04722
509.80463
481.76433
519.43797
478.19527
480.4349
482.09833
478.60541
519.66439
480.78885
481.66173
518.63788
483.80601
516.95675
480.61183
480.62538
480.38682
480.14162
480.8519
480.56899
483.29794
481.50409
523.41194
482.25411
475.86429
483.398
520.91792
477.97816
477.97142
483.10703
523.74182
517.33838
518.64165
484.27936
519.25526
476.87988
479.04669
491.02187
492.10055
480.09558
480.39592
490.90013
517.56346
519.95052
483.21346
480.24605
480.59076
483.06801
480.50432
480.50177
483.40013
480.91022
483.17334
483.11896
480.881
483.41286
480.98902
519.88511
519.85981
519.94483
480.40469
483.26291
483.54754
519.96676
520.02892
519.91424
480.8662
521.10835
475.50995
520.12783
483.1057
520.27312
483.44743
483.03428
519.87429
480.57333
483.13522
520.25048
485.99859
480.85742
483.55164
488.59682
480.96956
519.95661
480.57599
523.45524
480.7634
483.16183
520.04119
480.12231
483.34547
480.4585
519.8963
483.23621
481.17825
519.8826
482.94775
480.76899
519.92861
519.88329
483.21822
482.89748
480.52623
480.66736
480.68256
519.902
481.1118
519.94889
480.90467
480.8853
482.84409
519.87094
482.89656
482.75583
519.91619
481.28192
483.17255
481.13409
519.88032
480.79983
480.80473
484.05248
483.19979
483.01216
519.93767
483.28059
481.03937
519.98768
480.699
519.92385
482.94789
519.95598
519.97993
483.42419
481.21104
482.84352
482.82686
480.82943
519.76636
482.91418
482.82944
520.23227
480.58014
480.59669
519.93525
482.9037
482.91205
519.98362
480.94653
483.35874
519.90492
482.97845
483.50437
481.07031
483.22469
482.77298
519.93623
480.92874
483.33497
480.96421
520.01816
480.61316
482.98429
480.81932
480.83139
520.00799
483.10915
483.14266
483.48174
483.57934
480.70596
480.34629
519.93058
480.58978
482.91392
520.01997
480.53491
520.00027
520.05251
481.08428
483.09913
480.51249
519.99903
520.01799
519.97931
483.49459
482.93868
520.63281
483.18795
520.06337
483.60338
478.9065
519.98169
519.93575
480.80537
483.06521
480.48512
480.43009
519.95908
483.25593
519.96839
483.44114
483.42666
483.20002
483.51788
519.96035
480.97568
480.68083
483.59205
480.84871
483.24123
483.28724
526.34101
481.02432
519.98187
480.42834
483.24778
480.7285
480.32684
519.38114
483.42052
481.01159
524.27925
480.41698
519.86009
520.07758
519.94832
482.02129
480.66777
521.53748
480.36767
519.84144
480.53038
520.06038
483.33036
480.79831
519.55142
483.53034
483.58931
480.67319
481.01315
519.88122
502.97108
483.54843
520.04968
476.72475
519.92556
484.28097
483.30662
519.13403
519.26376
519.28478
482.91658
477.83048
481.6425
483.0345
482.50254
480.04889
526.57472
488.3702
485.1011
486.53122
478.15398
477.92935
519.97593
478.80022
483.88628
481.52513
480.52611
474.11515
480.45237
485.05397
525.35595
488.12527
520.54654
478.98479
518.18223
482.85092
482.50214
484.18792
480.26783
479.35421
524.53605
490.84404
479.07539
519.46995
478.13075
483.58023
482.66205
482.87216
481.14344
480.67687
484.27386
477.2571
520.61695
480.84128
521.30021
520.32
518.83033
487.12773
481.1811
482.71961
483.43112
479.65481
522.77823
482.6728
517.69183
522.60247
524.71867
480.93602
520.62553
479.95981
479.12634
483.51188
516.58862
482.68932
477.10913
485.95313
481.44244
479.8494
479.48566
517.75785
520.26663
478.41763
478.83875
488.29055
477.17964
482.71298
518.93928
477.84851
479.59727
523.99324
519.77093
483.51364
483.02047
482.95966
475.94077
480.38862
483.13208
482.61745
520.17667
519.92838
475.04532
479.11498
484.99595
525.40425
476.33944
485.02745
476.58263
484.97779
478.33979
478.76329
474.56299
482.87968
523.08226
486.75452
477.82637
525.24724
488.51215
483.24866
480.27793
484.24535
484.57744
478.74416
478.12164
486.90379
521.10999
519.94774
477.08722
520.38263
480.95357
477.06881
481.20956
483.64258
527.36832
480.08718
521.02862
491.26073
526.59156
478.61611
520.73925
484.3484
519.96611
480.10809
523.92194
477.56211
479.22124
483.1612
482.68764
482.56633
483.8714
519.97209
521.11075
479.5416
480.78091
474.57216
479.68162
481.12971
479.23838
526.40063
481.28012
481.1882
519.84487
480.31601
522.01568
481.49595
520.8028
482.41126
482.64711
520.8021
477.10318
520.19937
478.52066
526.48546
481.03251
480.30947
480.5473
477.57906
477.92962
524.10949
478.85878
522.12188
478.61164
489.80703
519.58619
480.14564
480.88478
480.74154
482.51827
522.85278
481.01607
483.44924
483.71995
521.98809
483.01589
483.24536
486.26991
519.132
521.40468
479.04661
482.9134
524.38171
478.10285
479.39209
521.01704
521.08469
474.76304
520.95744
480.78202
482.28451
479.36987
484.17649
468.73842
479.06
521.14781
525.15449
521.39919
481.46268
478.60021
521.51909
522.51559
522.6784
479.87118
483.24314
478.5125
479.95849
478.96428
519.97495
482.4499
483.39031
481.94806
483.48124
520.05339
493.79169
478.53825
521.55048
482.8139
520.15755
490.79012
521.24384
519.02197
525.2715
483.58143
486.34929
478.26992
478.55444
523.82785
477.91193
482.54633
478.46596
523.30058
480.30542
477.99135
475.17592
480.86413
519.93892
519.61275
520.89105
480.62607
478.50281
482.65233
487.00152
466.3057
483.99226
482.46391
476.31737
479.59578
483.42842
483.63719
520.16239
483.45843
482.43285
520.56306
482.00149
483.88036
478.56166
519.96453
477.93019
519.82706
520.01038
522.64144
520.07275
488.3473
483.7895
520.53406
484.72105
519.44909
483.45158
480.91818
456.48889
518.9623
486.3345
520.51735
485.47939
476.42173
519.86978
485.49474
524.57658
520.28569
520.5736
520.9902
482.92587
521.38038
519.89356
478.82339
483.78732
521.53009
476.78431
522.47197
482.54617
519.89828
478.06196
476.11954
487.21629
478.70026
521.18023
485.30537
485.33158
472.36901
478.38379
479.7214
477.84096
483.45389
518.87238
479.97016
519.59825
525.09441
475.49369
487.45329
478.04248
520.05186
473.14432
480.58366
481.23211
482.17155
477.88875
484.74557
479.09923
482.15724
488.24039
478.54291
481.83682
487.06603
480.16572
519.16589
483.77542
519.97871
482.52499
481.62873
482.94384
483.4684
483.43917
520.07698
481.44594
519.75535
477.99401
485.28895
519.78519
488.01101
477.79214
486.95277
478.6659
480.40255
519.12121
482.42245
525.88597
487.84714
486.38621
480.92137
478.33858
519.3568
478.76149
482.31026
478.47003
483.73976
526.36978
518.41201
483.39235
482.03899
522.44819
517.2966
483.78593
473.77851
518.52512
519.37849
483.3967
519.06165
484.7705
479.27546
484.98837
483.26573
480.67456
484.71832
480.27537
519.92761
520.99694
520.62966
484.78706
483.05195
481.23008
520.74202
524.80614
519.37259
478.51531
485.38437
480.23475
483.73548
478.85395
522.84933
478.31604
520.94252
485.67305
519.84468
480.91567
523.99973
479.77
483.2931
482.41422
521.46138
519.96332
483.50183
523.75683
478.89099
519.90614
480.27398
521.80176
481.63776
479.25295
518.88428
519.2547
481.48347
483.70526
483.7142
478.92647
488.4077
482.55423
484.14069
527.28413
520.1781
480.08967
480.47968
477.80822
525.39013
477.86706
523.74481
483.00255
487.69724
480.87227
522.31174
483.39293
520.89152
482.6504
519.90982
519.80529
483.27659
478.66635
482.44986
482.00431
480.35721
482.85482
483.6567
519.75801
483.53832
519.95041
527.2513
477.84314
477.87532
520.30245
478.94308
479.92814
479.66616
519.84305
484.43654
480.62619
481.77851
481.09582
519.21528
474.82097
483.76325
522.02083
480.53386
483.43609
520.04988
482.6868
479.81592
481.74881
489.3164
490.91061
485.40328
523.97529
523.76353
520.13962
483.25344
519.27813
481.3488
482.01594
478.3742
483.67709
478.21062
486.76691
519.0724
521.58462
476.04799
482.00837
480.31775
482.87389
526.21347
482.67329
478.02288
483.5691
483.7562
519.98027
525.73664
479.22698
483.55055
481.53098
481.87185
520.93789
485.28704
521.21492
478.98018
478.93048
477.84503
480.01458
483.69488
482.74127
481.57442
478.51157
482.37661
481.72842
478.55537
478.24255
520.49607
520.42484
482.11325
483.81767
482.53897
480.83034
484.73923
477.67276
480.89623
487.68224
478.9787
482.51247
524.23247
521.32936
485.16082
477.81127
521.46927
481.91269
519.95536
478.129
520.10276
484.05538
483.49759
518.3518
522.92931
476.13553
520.50832
526.32135
480.43866
524.06615
486.72667
478.9089
479.4217
478.44617
486.06116
483.00746
482.81041
472.07638
518.59988
482.23447
484.08642
479.08519
477.23219
479.29695
528.79021
484.59617
519.68555
519.6948
482.70765
483.00902
480.05321
481.27078
483.34379
478.5736
524.44698
524.49263
479.32671
521.03811
480.90363
477.94296
477.46923
479.4338
488.38012
489.68981
478.17157
483.06862
480.13434
485.95828
481.26905
523.0283
482.61102
473.10284
521.14198
482.9267
482.43661
520.91073
478.38275
522.32615
478.82921
483.35517
521.52467
485.95255
478.9016
484.68415
476.90509
483.75693
477.87254
474.26649
478.09857
478.19555
521.71098
482.09447
481.63406
478.68604
479.2345
478.97964
482.88971
482.66828
520.38492
473.97767
520.27105
483.48709
518.97782
479.10084
519.69587
522.63699
478.00847
478.8485
520.76758
479.62234
520.41328
483.16715
519.56014
520.23333
483.50588
484.17198
477.60441
519.48806
483.51163
520.73762
479.77237
525.22752
485.88618
517.06404
471.869
525.64301
483.18936
519.11564
486.52289
523.34595
487.22403
479.79739
483.34148
477.71939
484.63981
520.28289
524.80924
482.45299
485.46399
478.42349
484.6523
519.29488
518.42423
480.62759
477.95786
519.72381
479.05908
482.67576
485.54244
483.17347
478.93529
519.94848
486.07024
519.74127
520.00869
519.80516
478.57248
519.63638
478.24561
476.79134
527.19618
481.14378
485.12754
482.55059
478.15874
526.53395
523.96905
475.41172
519.71974
524.50914
478.27299
478.29308
519.80462
482.35957
519.15468
520.64116
515.02993
488.65366
481.53223
519.61844
475.6651
477.36765
520.4068
471.69359
522.63282
479.27826
478.01114
519.87474
480.04736
479.94476
478.59581
521.34295
489.36514
484.59705
477.05296
483.50774
521.15081
478.80032
495.64335
477.07095
480.82194
487.3541
477.00149
522.36493
483.17627
477.95332
478.32426
480.81602
480.59145
478.84327
521.70466
483.66879
520.41112
524.97152
478.15675
481.17452
483.21072
482.79216
482.22932
522.89517
481.0007
482.3249
482.12261
479.95954
521.43005
482.25187
522.4305
523.51335
483.41619
520.31397
522.40349
483.32374
478.67488
480.48777
520.48604
478.61987
478.15095
478.91554
486.71058
476.14674
477.22708
481.70756
470.19188
478.90713
478.63204
478.31744
520.31057
483.92312
483.076
479.37961
519.82141
519.83346
480.63448
477.61854
484.4858
480.93658
519.5201
480.98778
521.91693
478.98738
519.87948
477.35754
478.53171
475.89513
482.36089
481.84215
523.96417
481.3128
478.49407
521.31336
521.30945
520.57901
482.06299
520.07958
487.84277
479.67772
521.59471
483.15427
482.49743
481.5569
486.54713
483.83812
479.51795
480.09192
486.8274
521.72939
481.40852
479.60434
480.41
518.34028
483.22891
479.12712
479.64778
522.04563
520.67384
522.14647
518.53668
479.03024
479.82345
481.99091
479.56358
481.76073
480.63381
483.27932
523.2166
482.12798
521.75615
520.31068
484.65253
478.01976
477.91836
478.28616
521.28132
521.93287
483.01799
520.74304
481.80224
480.05597
478.39206
480.94746
521.33519
481.85733
486.3344
523.28738
520.39881
521.58634
478.29613
521.58669
486.43072
478.83835
520.44096
482.61154
479.64905
485.35527
523.07171
480.21236
482.74678
478.63465
478.86468
478.58115
521.11891
480.22132
522.02461
478.13342
482.52695
487.18477
477.25519
480.09797
493.47716
473.36972
475.81409
521.98247
478.07946
518.19373
479.90437
524.02684
478.40937
520.07536
521.73189
476.39838
521.43701
521.65993
478.30966
479.23715
519.65488
483.17835
483.33741
482.4578
483.85812
524.15212
482.15861
521.97704
483.69393
483.01251
479.126
519.80106
481.26984
483.08633
480.30583
479.37779
481.62321
522.1303
479.38461
478.05659
481.22697
486.05274
477.96766
520.19108
483.31576
520.87451
477.54152
482.44875
522.34805
482.937
480.96874
520.20692
481.82084
522.12692
522.55807
522.12371
521.49245
522.67701
521.70322
482.21749
479.66627
480.94558
521.00666
473.47037
483.25879
480.08584
520.91552
483.83404
480.4072
483.48209
519.56691
478.24146
482.79232
522.36294
483.12222
521.10922
481.21821
479.86014
484.02587
478.75143
520.8957
482.9439
478.25459
520.99084
481.76472
485.68447
483.28188
486.18361
520.21185
523.35531
481.45699
483.03732
479.90696
480.48751
519.5073
481.47062
523.62269
481.27725
482.54871
521.23881
480.21289
520.18842
480.48207
478.42917
477.68566
485.2723
520.82504
479.52143
522.30716
478.12453
482.79304
482.62437
481.11298
478.47739
483.38435
476.6547
524.519
481.36263
482.65822
478.30906
482.48739
518.8497
480.80685
520.07169
484.47378
484.40734
478.5014
522.78479
482.40798
481.17914
480.38497
515.61754
483.11656
478.50686
479.1611
482.06545
521.85073
487.77712
479.95531
520.7272
480.25275
523.3939
522.51774
479.95257
519.9156
476.20258
481.3532
520.5977
520.39146
476.8729
476.65976
478.99253
477.99188
480.05937
480.8575
521.35053
482.64688
523.89596
480.59372
481.8226
520.24744
484.16545
487.18569
483.7908
526.09478
481.99835
473.7817
518.58337
519.04235
476.92372
486.30864
480.53705
516.29066
481.71691
519.44755
484.50942
484.23874
491.33437
483.89044
478.64991
481.27826
521.1542
486.29399
505.58331
478.1597
476.91884
481.3481
452.4863
462.7117
504.81972
486.99328
521.96168
510.18886
479.50182
507.50885
478.42891
510.10042
453.37461
480.85447
517.41905
451.66274
479.45604
482.16625
482.37416
480.15816
481.52922
477.53732
480.90027
479.54228
482.10758
482.09596
519.15801
481.24584
480.19976
482.00119
481.49253
519.10276
483.29692
454.36054
480.57406
520.39203
481.45992
488.93774
479.61867
480.88398
520.86615
521.31042
518.69182
520.96379
486.78072
481.2173
480.6465
520.41128
521.42408
521.49981
523.84528
483.68719
482.7104
522.77319
519.55634
483.19392
475.37916
480.53621
476.84066
522.20183
481.37715
483.15141
520.55995
482.62572
482.00988
477.64024
480.52093
481.02838
479.03788
481.1326
481.82088
482.07869
481.17309
520.53892
482.89726
482.17505
481.85318
481.55336
482.76107
518.81273
480.2758
482.47126
486.41517
483.64179
517.20338
482.98765
521.42301
478.15134
482.70132
510.35917
490.61196
518.13192
523.76745
514.20949
520.47455
522.27171
483.20978
459.83444
482.87952
520.98953
469.74386
437.28808
506.63394
442.32863
517.89834
506.27981
521.34985
475.26481
485.42381
442.07402
485.4698
450.88231
485.89827
482.80142
481.55397
516.54579
519.43909
509.64227
450.6893
458.88289
449.88327
458.82007
444.43567
483.01746
481.64483
521.73013
477.97134
519.04936
484.74331
522.23546
445.32319
482.79665
510.19609
504.13439
518.80785
481.69521
515.92143
482.97213
450.35941
506.20766
486.51026
482.81997
478.14527
486.66714
482.07428
483.85388
481.44392
441.54801
481.97426
509.79775
520.77544
484.00813
482.37851
481.77756
524.07422
483.34032
503.8019
461.4274
480.95076
477.98808
454.78466
479.80303
483.64631
492.13404
474.02331
481.09681
509.11013
518.12443
521.13069
484.90219
480.75597
519.70795
484.22728
487.67801
462.01097
509.30771
481.9525
520.72431
479.8144
527.28998
481.23777
482.98193
474.6951
523.23801
478.83066
527.00615
479.82438
521.23211
522.92694
479.14924
477.52678
482.18638
482.1199
482.44784
483.18725
486.28335
479.33467
482.37497
485.99084
482.00394
519.89085
484.53571
481.57484
481.79816
482.11541
481.04001
483.06753
520.18423
517.99106
475.36859
475.98095
478.76432
481.08967
479.88817
482.28291
524.48495
479.35111
478.7402
479.69811
484.3783
517.19446
482.39121
479.53824
482.49228
482.27368
481.8461
521.41346
522.85214
520.12905
483.42723
480.80162
479.77769
479.53089
482.89468
476.79118
510.11912
479.91691
517.50745
480.62939
522.79469
477.65443
519.40541
516.53116
480.89496
487.04258
526.11653
483.52461
523.91137
483.63776
481.89167
519.80273
481.44245
477.70214
481.88066
521.08633
483.7996
518.61338
481.73714
480.87072
487.0306
485.3522
518.34146
522.3115
504.34454
519.25514
510.24668
482.16363
521.09942
482.29879
481.73399
522.39282
518.51859
482.4421
474.52766
479.48647
505.33744
482.07165
522.68453
480.93334
483.86763
524.26309
480.99956
476.26411
480.03924
481.19546
483.02946
515.87056
520.22679
518.37816
482.62012
482.82078
520.16519
519.17415
519.00402
483.06246
481.99956
480.12638
481.67876
480.34663
522.2861
481.67099
481.84824
481.86329
483.50677
519.0987
482.30202
480.87801
521.28915
482.28523
483.1835
480.66296
484.67566
479.58946
482.81786
484.04743
480.38137
521.50318
519.08616
482.78163
518.74438
521.30901
521.31614
480.13774
484.26551
522.72262
521.27636
518.79946
517.69009
482.30718
518.89332
483.02128
477.58238
519.43907
479.95315
483.60043
483.24554
520.64452
518.7416
483.67051
480.40594
481.24895
518.86248
484.00796
522.867
522.05216
483.61905
518.99287
521.77295
522.18061
520.04452
482.96396
482.49569
520.58389
482.22973
521.01162
519.16013
481.37881
518.59279
480.51069
480.40743
481.92015
521.58271
482.60875
481.14177
481.76062
483.19888
518.9048
481.23489
520.79534
482.82785
481.3344
521.29479
481.36815
483.81876
481.43313
481.90254
521.31456
519.31337
519.05789
519.90939
481.20454
482.11666
482.75287
482.78433
481.79154
481.83028
521.45478
521.23883
481.26925
481.4153
483.205
482.56566
483.37235
519.07875
481.15994
519.05822
523.61973
519.22479
477.78034
482.69108
488.02688
481.03348
481.34453
482.04567
482.65021
480.75111
480.95854
479.272
478.49416
521.32945
481.7306
482.97592
519.07915
480.63048
481.90288
519.27417
482.21827
481.71468
481.76187
519.23809
522.33428
481.26629
482.7009
480.6162
481.08374
483.66739
482.38605
521.50651
481.17705
482.29974
480.74863
483.01384
481.10397
483.45131
520.10412
480.26261
479.81868
521.2725
484.16901
487.60923
483.51776
522.20529
518.84126
481.62124
483.00667
483.46635
480.32719
519.04767
521.82303
481.80813
481.35993
490.95678
482.2833
522.29089
477.40014
481.31677
481.11888
519.1626
483.85333
519.26885
482.61173
484.10898
478.2405
521.52815
488.86476
483.32811
483.03146
520.58227
483.5743
519.06967
504.39325
477.79449
521.31682
481.32434
481.26272
482.63101
481.35131
483.61444
518.8529
521.40267
480.56287
483.63699
518.72367
518.39118
479.98687
524.41754
480.33061
518.18959
479.92902
481.73771
518.90445
521.25091
479.86385
521.69857
521.11986
481.90232
482.71004
480.79723
481.75794
482.31145
521.35141
480.79338
478.10416
519.10814
480.45353
521.29386
480.7717
483.68007
482.76751
481.43022
486.63884
480.9514
481.61628
482.94671
480.82223
484.15374
483.00118
480.74726
484.24017
521.33994
478.10722
484.10599
482.9022
519.08411
486.98323
484.14198
519.04385
480.22604
521.34157
482.59246
481.32029
478.5505
518.99892
483.29314
519.09362
478.35891
480.02024
518.75312
518.87209
521.30839
481.12159
482.66506
480.12472
483.57911
518.78512
481.58143
521.22506
482.16278
519.06268
483.34285
482.44468
478.73377
521.28449
483.21557
521.18219
518.22325
480.21304
482.35622
480.89019
521.40998
479.84874
480.28049
480.14729
482.3773
484.13854
482.4792
477.52743
480.44899
479.68803
518.70588
521.325
518.76114
518.15027
483.90982
481.01984
521.31092
483.87183
519.07193
521.34809
521.30699
520.49613
520.9363
477.56169
480.90912
518.82187
480.48881
482.48288
481.37231
521.8776
488.93773
518.73597
524.85819
483.05458
518.75737
480.80574
518.99059
518.18847
481.87438
482.11507
519.04801
481.4126
481.98856
521.29195
481.94173
520.13125
483.23657
480.97995
521.21931
521.29794
521.53063
478.11012
484.16773
519.43847
482.22159
478.22694
519.2845
481.61396
481.29038
482.74503
481.25842
481.46691
482.15643
519.69215
481.96972
481.41769
521.07027
519.08452
483.3296
483.79626
481.69497
483.53124
481.83463
481.47843
484.14952
519.39249
482.19189
483.48038
524.92412
482.58319
520.27187
478.61979
482.80221
480.84768
519.33202
519.12696
481.00051
481.82258
482.59271
483.47387
480.01022
521.03616
521.33372
482.42076
481.63628
521.87802
521.95445
480.64466
519.44616
482.14242
518.77994
483.10775
523.5465
480.7719
521.84206
519.53767
481.38892
485.9289
481.4801
482.20243
519.46558
481.53292
484.30574
521.54984
519.58377
481.67478
519.93202
481.67526
519.56215
480.98455
521.02175
482.1089
481.93261
519.54726
519.20952
482.45721
519.72961
482.00359
482.1358
480.39516
519.06081
483.56784
482.3172
486.79243
481.7708
482.06187
482.52388
483.10363
482.13708
521.84959
518.86649
483.23815
483.08601
480.99832
522.00869
518.98295
522.90702
486.38275
481.94984
482.75375
480.8301
481.57839
518.13066
481.64741
483.08689
481.80545
480.19397
482.55477
480.73929
480.46943
521.63679
482.41422
519.47247
486.22032
519.94975
481.44776
483.17657
521.97569
519.90283
521.57946
483.08328
483.94457
481.23971
519.87893
481.18774
482.40205
480.86715
481.22811
521.26775
480.77303
519.5222
483.15546
481.10254
483.8929
482.12939
481.49603
481.83139
481.07743
483.90342
522.51596
481.83286
481.57084
519.30545
482.86421
482.75478
518.7414
483.4251
483.21675
482.7583
482.5534
486.67944
480.61195
481.53105
482.16016
519.15886
519.442
482.16996
518.93467
481.24526
519.89489
505.88163
481.98499
522.401
521.64025
481.05444
480.23606
521.51894
480.89364
481.10613
519.80565
482.98225
481.1906
521.97244
482.79027
484.04474
483.34075
481.86474
518.65998
481.26481
482.73098
519.88594
481.15414
481.53176
483.82562
480.76953
483.3846
520.01983
521.40719
481.69952
481.67357
480.59738
518.81798
482.88658
518.91295
486.3024
481.84545
482.24965
480.66039
521.14084
482.34779
482.57871
483.00747
481.36029
482.06505
483.02622
519.17937
481.50199
519.41053
519.91724
518.21637
520.07197
519.19359
480.11262
481.99605
483.78684
519.88926
519.87962
481.29419
482.57696
482.08495
521.30483
481.77107
521.41818
518.95055
484.07868
483.78572
518.97211
481.71763
482.33945
518.84945
477.58346
483.67408
481.13678
481.26997
481.08228
480.12626
520.065
483.39608
481.38867
482.92637
483.03186
481.16349
480.87791
521.65087
520.80278
521.33874
480.51136
481.49546
482.12189
482.12537
521.37165
521.47809
521.61519
521.53902
477.28038
483.53848
520.04499
481.69805
477.35621
482.79923
481.96135
519.01358
521.32362
521.1599
519.92645
481.35254
518.88138
481.28485
519.00751
481.63825
481.36387
518.87345
519.41735
480.88236
480.24734
521.10417
479.72462
480.3225
482.0041
480.94242
480.58911
483.72882
483.88954
480.21253
480.30092
481.22605
518.74972
481.51905
480.2957
521.25375
479.68068
518.76764
482.82129
518.68344
518.65311
480.16725
480.70298
484.54913
482.58866
481.81679
480.18965
520.64822
482.8367
483.42453
480.69041
484.46685
480.60112
518.986
483.51015
484.09268
479.72663
480.64256
518.0873
477.54764
521.39736
521.28829
519.03566
483.24242
483.05574
481.20111
520.21604
481.63043
482.4938
521.22083
481.2343
481.73187
482.22129
482.87162
474.58353
518.98952
482.19826
518.68299
482.38934
482.25095
481.29032
482.22594
521.54421
519.0388
481.94001
482.54472
521.30637
520.19621
520.43585
483.19213
483.28265
480.32167
521.44127
518.84809
483.23831
483.44862
521.56697
523.83549
518.145
478.05273
480.30855
480.79243
481.20474
481.52763
482.1307
482.73095
481.14006
482.84293
518.02915
480.82362
483.86036
519.93386
479.70363
518.96166
519.04974
518.12128
480.69522
480.95767
481.22026
481.2786
479.9941
521.32363
486.62652
482.67733
519.11143
519.0623
481.58061
483.52638
521.46907
521.31158
481.14554
484.34502
482.83472
482.36868
483.50614
519.91736
481.0848
481.01224
520.08018
482.04028
486.92648
518.84506
519.9224
481.0483
519.90596
520.28921
519.92703
481.15854
522.30349
519.14737
482.2866
519.44002
481.04366
521.93202
480.66228
481.34619
481.0846
487.08128
483.05674
519.54604
481.47557
482.33282
521.77407
481.69576
483.25773
519.63054
487.84027
481.2089
519.09182
521.43355
480.87446
480.86278
482.71864
486.06795
484.43193
519.97829
519.94652
480.68719
481.33128
482.31077
482.38544
521.06399
481.91728
521.55522
482.1772
482.2433
518.84903
484.11608
483.32521
519.01383
481.21943
519.6422
481.70699
518.76418
481.03025
482.55768
482.99345
480.72546
483.65225
521.37709
480.27242
480.92674
482.4315
483.75362
483.0985
482.57306
483.50613
481.20095
483.31122
518.13688
521.31623
521.39375
484.14939
521.3443
521.375
483.54054
480.96005
481.40345
484.42984
481.61918
483.76564
519.01182
483.09097
481.05348
482.85487
480.83421
518.83352
480.43355
519.10663
521.99363
480.94533
480.83082
521.26027
482.52063
481.37119
519.06893
518.6543
482.41874
481.58486
521.33235
482.00509
481.7587
482.36821
519.07714
521.5648
482.35004
519.07813
481.90923
479.97216
482.08541
523.61499
482.04549
521.28478
519.14865
483.03201
480.63952
481.32303
518.96638
482.0287
482.78964
481.66675
482.36263
481.79338
521.49266
518.98749
519.07243
482.45511
481.39746
481.65186
521.55402
481.47788
481.06025
479.8747
483.04513
521.27039
518.44242
477.48996
481.49757
481.77787
482.06899
519.28226
480.72001
521.46475
487.62219
482.19042
477.50642
477.24426
481.94632
519.81809
483.73527
482.13405
477.25179
481.3338
519.63483
485.9903
481.75309
481.08396
481.90391
521.88542
480.96813
521.90035
486.99402
482.71164
480.93046
481.31758
482.03747
481.85917
481.7761
481.59578
481.01256
483.41481
480.59991
480.40224
483.94047
484.34599
481.92829
521.3132
482.65435
488.90269
481.58768
518.94353
519.42931
480.19501
518.71885
480.83814
519.22416
483.7908
481.45065
480.15413
483.30331
483.29824
481.62866
481.00097
518.91404
480.65937
484.09988
518.81844
480.71666
482.10279
481.90961
519.11769
482.76388
481.37906
482.34438
481.98316
483.0571
481.22439
518.66917
519.91857
483.43388
518.76323
480.6779
521.388
481.7553
519.09207
482.96331
481.0909
484.13686
483.34647
519.5994
481.95469
518.73991
519.31354
480.69657
481.13582
481.54695
483.94637
483.36505
480.13634
519.05898
481.82935
521.36525
521.37199
483.38194
482.66299
481.66876
483.70413
480.22652
482.97163
521.35776
481.18514
480.6136
480.32158
518.19296
518.22203
518.78382
483.3414
518.86174
483.44155
521.33002
481.0542
521.24811
479.99729
482.83638
521.4078
480.9197
483.3207
481.41768
479.79665
481.44198
477.58154
480.67429
518.85101
481.49402
482.1594
518.84887
481.06448
482.58016
481.94002
521.64394
480.94463
488.83289
482.08784
521.62252
522.01624
481.24562
482.70016
477.15713
486.68077
481.88182
481.33856
482.13347
519.39649
519.28461
519.10901
481.91255
481.50388
485.79617
481.03457
519.65146
487.06415
481.73665
481.5812
482.42575
521.93776
480.86763
481.80857
519.47364
519.04828
519.24142
519.44608
482.07783
521.06926
481.39638
481.12111
481.73079
483.13323
482.16924
482.14329
519.23395
522.25687
518.77096
521.38397
482.7349
480.38489
521.52229
482.86757
482.11464
482.87803
483.14122
481.79674
516.09786
481.89197
482.37451
482.5557
486.7865
521.32621
481.7831
519.19663
482.32853
481.40609
481.70701
481.74978
481.23231
481.34654
519.35761
483.04914
480.81978
518.1886
479.75348
483.60229
480.44501
518.80647
521.36625
482.82705
482.40093
519.25763
521.82004
521.47427
483.13027
518.66526
521.46022
485.37542
480.12052
483.32355
483.84289
483.80135
480.43891
518.92146
480.90118
480.64347
481.42926
480.55594
519.30691
481.90434
481.91662
481.48058
480.96978
480.98021
481.62987
521.0766
482.62597
519.77639
519.02663
478.93462
521.77671
521.52544
482.80148
519.29652
519.19971
519.13286
521.60137
483.24794
481.94591
482.94571
481.73663
483.10168
481.975
483.60932
482.23168
480.63422
480.63112
521.02585
482.46014
519.49757
480.75236
521.50622
521.3507
481.22545
482.72573
480.42521
521.4174
519.19956
481.56567
482.23906
483.07052
482.08443
484.34018
481.67927
481.81909
481.28064
482.18621
487.78766
481.471
482.32688
481.0322
481.19189
482.16976
484.05335
520.28435
480.63286
483.71743
480.73427
481.29739
481.73769
481.33981
521.38339
482.04449
521.99424
521.61273
480.57171
483.57099
481.02201
519.11132
519.09399
483.10908
482.89912
522.74098
521.24503
482.48479
521.49117
481.02687
483.09359
518.94064
519.2992
483.85812
477.74147
480.40104
480.48171
481.86469
519.25455
521.54557
482.16864
480.41474
520.77295
482.92672
519.00841
521.42294
483.17976
481.12016
482.80449
483.59375
481.32598
482.84391
480.78238
476.96345
481.81805
522.01296
519.69281
481.14975
481.14276
519.9048
486.12354
519.68933
519.05537
518.77575
519.25682
519.54345
481.41283
482.67515
521.64806
481.64578
481.79753
519.21569
481.79536
482.43736
521.55907
481.20103
482.84516
480.4518
481.41778
482.31703
521.39136
483.06172
519.2505
481.98983
521.8933
521.68765
519.08221
481.79983
482.71573
521.62716
519.88569
477.10273
482.37209
480.69231
481.29477
481.70078
521.34045
481.26566
521.30655
482.21665
481.54943
521.38621
521.3187
521.38081
519.07925
483.71843
480.76016
483.12162
480.62509
483.17586
482.53534
481.97702
481.45475
481.06054
481.90686
483.81008
518.68287
480.46504
483.2708
480.28241
484.14807
518.19656
520.63941
477.74817
480.35012
483.15429
480.87023
480.54066
520.78737
518.62738
480.00962
480.53937
481.61437
521.2495
517.92384
490.70757
518.32905
480.47944
518.95712
487.72878
483.85224
483.37251
480.88698
481.46874
521.60047
482.00028
481.06312
486.88508
521.87253
480.75662
480.25033
482.94096
479.29277
519.07634
519.1916
482.64422
481.7043
518.7503
480.85626
481.37599
482.03787
489.15719
518.8743
478.69091
517.90373
484.50176
518.2636
517.22856
523.27724
484.52695
482.29228
518.83774
474.0391
483.23361
483.11529
480.64783
521.61834
484.56509
518.36618
517.84792
482.80883
518.96166
480.18727
479.4235
519.72756
518.67654
526.6614
482.34758
481.8683
478.83138
520.51089
489.56537
483.04058
481.02283
521.34118
520.7463
518.19872
481.46768
482.69484
481.89687
520.66791
478.14372
481.43168
479.32161
480.2312
480.01903
489.38461
483.18346
480.47185
482.26908
519.50224
519.91866
482.38958
483.06282
482.28189
521.93839
481.98126
482.25885
522.64488
482.0645
483.5229
483.08375
521.46823
480.75745
480.83306
519.14576
482.90783
480.70019
527.09815
478.88661
521.74525
482.47367
481.68294
519.00204
475.8193
478.31837
519.10011
519.88261
521.28484
481.2875
479.8767
480.04353
480.43305
481.58019
481.29344
481.41581
519.77712
481.59119
481.30715
522.30504
482.02285
482.5769
479.48222
479.52061
478.36954
522.40649
478.18936
477.23643
519.61599
482.54707
483.67583
478.30538
481.04927
479.92525
520.88689
482.04535
526.43487
480.0542
480.24086
522.79892
480.1581
479.90706
478.5967
481.4868
483.15649
482.53719
481.26819
478.44023
518.44082
475.16416
518.31419
483.87258
482.71367
458.5638
464.17247
452.18185
509.99566
477.99401
484.61286
522.5465
478.89808
479.76155
475.23469
481.10761
505.39068
521.26413
454.55017
457.66149
530.38328
506.6484
518.22027
484.71779
479.94181
455.07912
454.22499
456.14282
459.34909
480.21756
521.92445
516.85239
479.39563
509.55774
480.93308
481.84011
481.25136
485.76366
519.47987
521.11376
505.34654
473.78125
505.77399
518.89421
520.95898
479.85779
486.58015
524.28743
516.22795
481.35425
484.61843
522.73183
484.8625
480.19604
509.83883
457.98063
484.1398
463.85025
518.87932
516.66753
479.58933
509.73907
455.21806
452.77269
455.43194
456.85907
519.43422
485.29103
516.99468
505.79751
455.76924
510.01453
491.18751
485.44236
519.53476
478.63772
456.63657
505.79613
519.5581
520.21233
485.57773
483.99815
516.93079
482.13419
484.35081
506.5041
482.03953
480.57339
521.4819
481.46913
480.79302
483.28622
475.07297
524.1821
519.82573
481.7578
484.03325
480.90249
491.16366
480.12128
481.13668
484.11134
489.57202
485.51192
516.09682
519.13523
479.84424
482.0145
520.27362
483.02993
484.32899
481.36322
482.13523
479.93823
482.66595
481.59582
520.82796
482.44477
517.79725
481.37293
481.61668
481.72886
482.21111
479.31669
503.49098
521.87537
460.87562
505.45733
482.73549
517.30681
480.97157
517.5805
456.5779
480.18784
478.66238
455.51933
505.81752
481.73641
477.14247
481.0165
515.6514
515.95135
517.35353
483.03397
509.58638
481.70342
452.58058
487.31318
476.84416
480.88017
484.8308
482.62733
481.08757
517.3071
478.18096
519.63576
440.19469
521.12937
523.98545
482.34718
522.56679
483.14621
479.0934
519.13071
519.83345
479.99903
479.68437
519.60745
485.28781
481.73868
520.87653
523.53568
519.63511
520.68779
482.06732
519.34579
482.26763
481.70455
521.73045
480.44858
482.34003
482.25389
481.96425
487.52809
479.03107
522.65757
505.75079
482.92576
483.65824
473.39431
484.85264
484.53458
486.35176
480.08555
482.4202
479.08386
521.30118
480.52108
515.92435
481.14978
518.33958
479.9065
479.6195
479.9344
480.86384
480.74763
485.59078
486.15378
479.87412
486.75207
480.42618
522.16227
479.23662
487.76724
519.19444
481.14348
524.11136
521.64998
479.75019
477.74773
522.33851
488.51663
478.71217
481.10512
521.94466
480.53693
522.43281
481.53119
479.79453
520.91535
521.8541
522.68757
481.5643
479.62673
521.43571
521.59199
484.91655
479.25081
519.57095
522.23797
520.63913
482.4313
481.53142
485.53203
485.56653
521.78507
523.91357
480.73502
480.92347
482.09555
520.67904
482.23555
522.64638
521.22963
480.25257
482.65317
480.40294
521.74461
480.30829
519.46686
520.88945
520.25463
480.83091
477.88308
481.64857
479.88213
488.44689
480.69245
521.01956
479.58847
479.22588
481.20899
478.47627
481.28497
521.09131
480.54855
475.21393
481.97831
478.50492
520.6872
478.71938
481.49491
478.92866
519.18441
478.91615
522.34315
480.19482
486.95593
480.84972
519.11807
478.11136
481.03191
520.84621
520.65084
521.20396
521.84126
484.17137
488.77767
482.05634
478.18936
496.5788
520.68158
518.73431
478.28606
478.41831
480.10207
521.10274
522.42632
481.7265
519.19757
482.09856
481.89553
482.1396
482.96017
483.40369
520.92413
480.69638
481.08112
522.41633
481.45965
481.48752
521.20273
479.14306
481.82067
521.1889
521.05578
479.17842
482.8783
482.9007
481.99593
482.06129
471.73421
479.99287
479.57015
524.15163
522.45289
481.66951
518.72158
479.64692
480.59531
520.96515
522.27491
480.52644
480.49718
479.02617
522.75377
522.593
521.59183
481.23124
484.15665
478.08153
519.79972
481.53212
478.80937
522.45396
479.6886
489.00924
479.52538
482.51547
523.07355
480.12527
521.8908
478.54918
481.07688
520.9217
478.40368
482.87922
521.80389
522.45255
480.74304
479.82158
520.61315
481.63599
480.85789
520.24131
483.92743
481.19119
482.13382
481.99406
482.00791
482.7056
481.21461
478.78661
522.05388
516.10561
483.09506
523.24066
482.14779
475.8379
483.18091
520.41577
476.92889
481.3285
481.54616
480.17292
477.27373
477.63234
480.05254
479.89567
480.11611
485.66065
482.52828
481.33293
521.69692
484.85247
505.43718
479.82908
522.26229
526.13903
481.98408
481.13117
522.72425
483.63917
480.59697
478.89677
480.71672
478.10291
522.06712
481.82154
479.40662
477.51674
481.63542
481.16281
483.12493
522.2124
524.32618
482.61206
480.33942
482.25185
481.44493
519.11352
481.91271
521.16517
481.47426
483.84113
482.31108
481.19135
482.95604
475.14169
527.52091
526.59593
480.41521
482.67966
487.02375
479.83025
484.36563
478.56251
483.4501
516.76725
483.46877
488.15308
517.73562
482.43211
483.01058
481.38802
480.21909
520.32141
479.11776
495.80881
477.91647
482.24992
482.53272
480.05115
520.02716
479.91577
523.1786
478.58265
518.64927
478.58059
480.20664
478.73547
521.50878
480.0369
479.23927
520.92623
487.06205
481.96551
478.51477
478.64244
482.42203
521.88274
479.83687
485.67739
480.5191
480.79609
521.02885
477.23366
524.47783
482.57743
483.29146
523.25684
483.57719
482.77335
480.5472
519.41282
478.48799
482.94457
521.69101
484.25492
478.83019
475.19258
521.855
526.1247
484.51142
479.5902
525.34064
483.70196
485.3132
485.69785
484.67568
484.58298
484.65201
520.09663
482.17051
482.89037
526.427
483.63426
519.66778
478.85976
480.28051
519.09794
519.16127
519.20052
477.18879
477.42711
521.34445
479.01769
481.16083
519.47746
479.31742
479.21175
485.64814
520.80195
524.33284
478.1699
481.86723
484.6675
479.03934
483.17979
523.66004
520.88814
519.85275
523.98918
519.94656
482.68855
485.55368
478.05505
480.07406
523.98354
519.47133
477.34087
483.11892
482.98329
520.37928
481.57658
482.04772
476.54105
520.02745
481.29818
521.00089
482.85615
519.14499
482.97206
478.65116
519.08302
481.57701
479.92016
478.98317
519.30802
479.45617
480.56722
482.71255
479.32161
481.23016
523.98779
480.02544
483.5175
522.28449
475.52474
480.76645
482.97327
522.81361
521.36543
486.66504
519.02168
478.49217
484.53251
476.80699
479.84124
524.02409
478.59484
483.62889
520.45977
485.15153
476.53467
481.73123
475.32793
479.73541
480.59941
479.95231
482.43456
487.53981
522.61526
478.36663
478.94393
521.09044
528.84166
477.032
521.56072
482.35835
520.92858
521.59491
483.75624
483.34624
480.50915
526.32277
519.56506
521.39038
482.33413
478.46101
482.27561
480.11907
522.07673
522.56871
521.68166
482.9783
483.09539
480.04936
473.93793
482.49151
479.23142
524.42553
476.7226
521.82636
486.42496
522.40133
482.92063
474.05411
520.58793
479.27401
479.14581
519.55495
479.05053
477.76354
484.3078
479.24741
482.27839
482.07432
481.33277
478.29723
486.77895
482.60506
479.1676
488.63503
523.84869
486.46268
486.64195
482.72767
487.76305
524.95993
478.30002
481.55369
480.7768
482.12158
478.67345
520.47177
524.86535
487.60802
480.92882
482.88876
518.70119
482.15846
484.96488
481.7205
520.34762
477.72021
521.6189
488.21132
527.6202
477.18762
479.80504
476.88096
486.6536
524.60266
483.40185
478.82571
480.80954
478.4968
482.12145
474.20319
524.26711
477.56587
477.76259
521.70218
488.37312
479.75845
486.34387
521.37028
519.08132
482.69246
484.70279
521.33159
478.69126
478.63827
476.35785
478.29511
523.44676
485.27867
523.11875
484.32351
526.89954
478.65422
479.34615
482.0006
480.00459
523.86752
521.18404
521.97729
481.99923
524.49963
478.96478
478.57697
521.59612
485.77258
478.22549
476.71858
482.86408
478.95997
521.26667
481.94157
522.34529
478.27823
519.27643
481.41792
481.38086
478.87509
521.7572
521.07632
481.82372
482.77648
478.33067
522.43339
489.17455
477.18743
477.88084
482.89587
519.787
522.78303
482.66183
490.00761
486.68873
481.92073
522.55644
479.88894
486.3599
481.94
525.2651
479.0218
478.70881
483.1231
482.42135
481.83257
521.84963
486.31293
521.75282
482.63091
478.05324
521.66526
477.61592
521.56031
477.98191
479.10782
477.939
521.3983
485.44355
487.28409
477.43644
484.73093
485.40337
484.99135
476.44049
478.58491
523.98103
479.24949
478.17647
519.90665
523.25504
478.07047
518.49949
485.73742
523.84693
477.83056
479.54136
522.47746
479.75528
519.18489
476.63051
518.20199
481.87829
478.6536
483.96841
477.82513
518.8544
481.95549
478.40725
523.04276
472.14831
482.56706
520.97697
470.81376
478.25852
524.72467
521.89796
477.61744
483.13586
477.44347
486.10266
483.18558
520.56247
478.48216
483.0859
480.02163
521.64616
519.74485
482.19314
483.31855
481.7142
483.56344
489.84485
522.58821
481.62191
481.40342
523.8459
483.72196
521.57623
485.46805
485.00577
519.72291
481.9016
495.79755
483.24312
479.3191
478.25124
518.87084
483.852
522.22646
483.27605
521.61221
478.61996
478.6149
484.21004
481.45965
479.95755
520.00483
483.21112
519.08238
522.76928
485.29638
484.23576
482.66793
520.89401
521.93508
481.13132
482.13016
478.26348
522.51886
523.91368
478.43632
479.30948
521.08608
478.9983
478.13952
478.67274
523.39627
523.06799
488.15092
522.76304
479.13395
478.89886
478.45905
477.9293
481.52568
483.59879
480.82741
522.01954
480.09797
478.56445
487.966
482.71822
477.92397
477.29202
481.71064
478.43055
522.1558
478.2664
523.11726
477.1833
522.20325
483.49959
476.8482
523.39827
482.33537
521.70139
488.23715
518.81512
477.37228
522.11666
521.76549
481.83687
483.33444
481.95944
485.81312
478.44933
486.7616
524.19643
485.60674
478.56002
520.47343
518.80987
481.38842
478.13907
482.37135
519.10064
482.0867
482.40974
482.01357
520.32139
477.53839
523.4548
521.46777
478.28918
483.51268
477.98187
485.45754
478.63971
521.83611
521.9217
521.96367
477.91467
478.69406
478.0335
482.72489
521.88286
521.62922
479.70786
477.79807
522.6043
521.69764
478.54424
482.60089
478.4043
487.80684
480.22962
478.10162
477.36941
482.59022
478.63367
523.4755
478.69146
523.76548
478.38266
479.03624
521.26522
486.50353
477.97745
482.65126
477.39722
487.65933
523.27399
521.55474
478.28687
495.95705
477.65335
478.4258
478.15648
521.62871
478.31047
482.15804
523.04422
478.96591
477.64021
522.7589
478.36813
478.14379
479.27129
486.73479
478.63644
483.51387
521.85689
483.07436
521.82749
483.59039
478.38053
483.02752
523.24587
477.4049
477.94378
521.35634
482.63073
478.00582
523.35089
478.30464
522.32337
479.21345
477.97276
487.47851
521.19357
482.38721
523.66362
478.1892
478.66427
476.18519
477.92658
476.31908
523.15558
494.8686
477.51357
482.23083
521.33925
524.61442
479.76572
522.58308
479.59978
524.18105
482.19739
475.99508
476.30819
485.46874
521.30635
476.44989
477.30417
478.90167
481.57406
521.17903
478.34767
476.1324
520.04683
482.20593
479.06619
522.0142
522.99764
524.46253
485.23499
479.16929
523.62122
477.89632
521.46106
481.98004
478.68279
482.19026
524.0806
482.85014
522.34757
480.69729
482.5664
480.95073
478.74704
527.72341
484.89551
482.26621
519.2691
477.92167
478.39097
476.18445
479.6756
480.14215
487.11168
485.43407
480.94905
520.02493
477.82802
485.55281
482.30171
479.31133
519.36547
485.97009
481.43512
483.076
487.13498
487.61084
519.68875
519.07179
479.26998
477.90327
483.40572
483.28405
482.0103
479.70207
482.92926
522.44646
479.47166
488.47129
519.66052
525.78879
489.66268
482.93798
483.77869
483.55579
520.81409
482.8991
488.69465
481.46913
478.18764
484.8277
483.29494
483.06928
481.76198
477.63082
522.85511
486.68125
481.27232
519.75826
481.73762
472.15171
483.67685
477.98621
520.61562
521.94277
523.4401
482.82702
519.74325
482.69417
482.32975
477.00663
483.49484
477.94852
481.5456
519.63525
477.84407
477.70519
481.4215
522.22156
520.73789
522.87774
482.36703
481.52312
486.91013
479.51099
520.12128
481.65671
478.71066
522.2552
522.36441
482.5531
477.23311
486.79049
488.05776
525.65612
485.98547
476.95485
477.73066
482.74953
479.8665
483.52904
478.23168
520.01461
482.96987
519.28484
479.38151
525.79214
477.96559
478.00518
519.2864
482.33858
477.30664
522.36991
482.6748
520.13118
483.75992
485.98696
517.30609
473.94639
485.83845
478.61529
526.39317
477.67496
480.69604
519.95258
482.44512
482.78246
486.42602
487.05387
483.48234
477.6959
519.37989
519.13617
524.15166
520.41546
519.46638
482.69701
479.76548
519.82868
485.19145
519.13828
519.73975
519.27931
478.15096
478.54912
476.44907
519.9776
520.16783
479.78388
482.88313
483.48343
476.85219
483.34626
483.47766
483.08094
480.69065
478.82375
484.75967
478.97463
479.64768
479.67018
480.73806
472.59884
484.11327
483.51162
479.49183
472.72555
483.43429
527.07001
482.84535
481.8537
479.33459
477.15964
522.38074
524.94078
485.19844
477.70295
483.29638
482.79105
521.60317
481.94842
477.89079
483.51807
482.07374
519.78763
479.02497
521.14573
478.72323
487.4612
524.832
519.04679
480.92736
483.35137
479.89836
520.38111
477.10053
478.26331
476.78904
474.9127
518.64005
487.03344
491.13185
520.39635
520.97221
519.71456
483.02615
518.73332
516.99587
478.25047
478.52637
523.79411
484.61603
482.49754
485.19673
520.37567
480.17763
481.30786
521.66209
477.89042
484.17545
482.74513
484.04157
476.03764
522.92876
520.10528
488.80121
477.12048
488.39901
482.91163
478.27547
478.3141
486.56243
484.64191
520.96732
522.13963
479.59638
477.34311
477.5223
480.19679
481.02065
482.04976
477.35103
480.55797
477.67163
520.97117
487.155
478.69896
527.08899
488.34205
526.63018
524.88626
476.25879
478.67519
521.57547
522.86075
521.50241
477.70354
486.99848
522.06656
479.51273
478.14775
478.86071
478.98969
522.30014
484.02665
477.79001
476.57122
524.19043
478.72581
521.90292
478.83892
482.91439
476.92596
477.78825
483.27906
483.45997
482.04188
486.0994
482.51788
518.87919
481.28061
520.03392
482.64239
523.87906
477.94814
487.47859
478.82078
521.18135
478.4135
481.88444
478.38999
525.21264
476.9078
524.47192
485.02633
477.834
478.57245
479.73226
523.58571
479.65867
481.19112
478.17458
479.75598
482.8774
520.98376
524.12645
520.38888
478.69247
521.62337
482.54684
482.3587
480.93703
480.17098
522.09295
470.96645
519.46572
483.26848
520.59433
478.37796
478.80029
477.33817
524.40219
481.99075
487.09914
520.30251
479.63835
479.28211
478.669
478.59712
524.72459
521.23833
521.19132
520.50927
522.47277
481.05374
477.3849
484.37407
477.83324
524.30086
477.67228
479.12506
479.29189
521.8535
484.30513
481.54999
482.61509
478.64896
520.56585
483.13399
521.30279
523.89371
488.32386
484.51876
524.45981
477.44648
520.4842
483.06548
478.18003
483.16765
484.4905
486.33307
475.35439
480.08045
524.97019
478.79535
484.88067
478.08428
520.77167
481.80973
483.92401
478.43274
521.06937
519.66103
479.39126
482.52818
475.11061
479.79319
525.31363
478.94821
478.21474
521.66627
483.39286
478.22827
519.65957
520.54429
478.87464
483.81843
525.06162
519.31242
482.89244
480.32909
478.76012
477.15342
521.2389
474.12148
520.75813
477.52558
487.45612
520.80313
519.70258
479.66439
520.77555
520.27021
479.0843
483.65638
481.65365
476.51422
478.42171
520.74942
479.11771
483.37717
520.59156
485.2543
479.06218
485.55679
482.60751
523.13229
482.67083
473.8665
521.10517
520.54772
478.50997
477.21576
480.52841
481.57711
525.94638
482.16253
481.05087
481.20229
522.90934
523.6801
519.11836
486.00022
480.58689
486.81404
480.18663
479.56505
487.54166
479.25419
520.49768
483.40518
525.0547
483.04041
479.89135
490.52873
482.90025
481.58513
479.57411
482.16792
521.02668
482.90407
519.72254
484.06099
519.81577
519.81662
481.65981
479.58621
519.43181
479.59543
479.63955
482.90902
522.20211
483.79084
518.93754
516.9237
477.13002
520.65173
521.61102
480.03352
484.90445
482.21872
476.42756
481.95238
481.89311
479.64189
520.18207
520.56716
481.52831
481.15578
519.31434
485.438
519.52227
478.66743
478.48156
523.57486
479.41307
523.163
520.47822
478.06511
480.16349
480.4191
518.5427
478.84637
523.62222
479.33746
482.19922
477.64737
522.28218
482.07548
477.99061
478.90064
482.27171
479.40363
476.63876
478.14786
522.73224
480.61997
479.03885
484.22049
523.72508
481.25574
521.66444
526.17195
522.77263
488.45257
522.19963
476.67423
477.72469
521.11461
476.73967
477.4869
521.4576
476.49857
522.10719
478.96688
476.04461
478.92893
488.15531
480.5544
482.12929
521.09109
478.88879
478.76218
521.42471
479.12778
521.72432
477.24543
482.68142
524.91045
489.43629
483.73344
486.06246
482.25498
522.43172
478.23224
478.85453
522.06473
479.30869
481.91747
478.54427
476.35179
478.57146
480.84229
522.81883
523.56986
521.37206
482.32879
520.46828
483.31617
523.7669
522.62698
481.87795
478.42974
521.9128
486.74959
482.87781
481.6597
481.88733
479.05452
520.58112
478.97148
480.49971
480.10395
524.75849
518.67437
484.94594
486.64663
480.05766
486.41724
483.21314
517.64143
488.05805
484.50261
485.0286
477.54068
474.73209
477.16534
512.99755
522.89976
517.67752
477.39605
479.34124
520.79095
483.63104
484.59099
525.37538
483.42806
521.17808
523.65749
482.20375
516.67432
485.90714
485.51215
476.63222
523.43517
490.81661
479.34755
477.45254
519.9757
480.55031
483.12758
486.95145
484.30546
481.66479
486.45724
480.63153
471.81197
478.95475
484.3084
519.05999
480.14979
486.29889
486.11529
483.0599
477.3782
482.12387
481.9799
523.51419
482.0032
486.49194
520.34289
480.67068
519.86966
486.98179
522.60336
522.57303
521.13523
523.37012
522.09618
524.06663
479.2202
522.45453
479.7631
519.46319
523.20125
480.80184
481.89921
520.03881
482.08576
518.08603
478.72623
482.22312
519.80096
525.18896
490.20223
478.56824
479.2465
521.50982
482.96207
519.84071
520.21413
479.2275
480.18647
483.32848
478.06224
483.77071
524.04613
483.12059
485.99476
525.49099
481.8273
521.07347
518.16673
516.54084
519.05973
479.43503
481.78617
480.619
481.52863
482.18822
521.36818
480.57112
516.67482
476.59551
523.76745
483.29866
479.9106
478.0702
482.89803
488.59009
519.99187
481.25578
483.70556
518.11823
481.4982
482.46264
481.76163
481.65947
487.82891
480.50471
482.48507
516.55759
519.2862
483.3163
515.65907
510.17562
507.00489
516.26259
484.93312
482.63282
514.2907
523.51433
516.89286
509.68217
477.29436
477.7058
521.25733
519.25521
491.32654
510.31981
481.8892
520.10625
481.41083
450.05371
453.44806
506.37166
434.44054
439.83687
453.58411
484.94259
521.10596
483.62894
480.66506
520.92807
480.47356
481.76787
481.89083
482.37938
482.59123
519.4199
519.63152
482.95943
476.39168
482.07566
522.69702
479.54112
481.12895
477.37923
483.97044
480.50621
518.27922
476.96504
525.12653
476.20973
483.52188
525.68941
521.90673
489.55063
482.65464
481.7468
480.76098
523.08644
477.88021
481.34817
483.32147
488.1202
481.10003
477.96233
483.25972
481.26973
483.69326
482.29627
518.12004
478.31659
482.86062
480.91335
519.97554
479.22175
477.35992
518.90115
482.85751
483.33974
484.7786
519.79088
490.16169
481.3408
520.11787
488.67092
486.58453
522.90655
502.11808
518.73034
481.46201
479.51223
484.18112
482.0237
484.05106
481.73152
523.20338
481.23942
481.69577
482.13859
520.27816
480.0354
455.61276
480.01731
506.20701
518.3246
482.71083
481.77216
458.03124
461.21598
522.14545
487.87439
516.91643
457.34935
481.88876
460.68044
514.80584
478.69543
517.49656
452.52652
506.09335
506.72583
506.84464
456.29102
479.77581
477.60321
478.65786
483.62586
521.51064
523.3905
480.05565
482.59999
484.49458
477.60636
509.68984
519.72347
478.8138
482.22428
492.956
486.09983
478.76693
518.57626
475.27697
481.40121
478.50219
483.6031
480.76868
513.02627
485.04803
516.05103
475.65412
456.24142
452.91546
482.3961
509.81539
454.8824
519.47198
457.25401
505.76432
479.88929
483.82919
485.73605
484.17928
482.04861
481.31452
483.0335
453.75919
507.83296
478.9499
479.40497
518.59683
456.26784
456.43938
479.0829
511.92762
505.26374
516.60294
480.11245
454.73793
518.14754
455.73347
478.59289
505.63794
481.30769
519.14872
478.75694
517.4489
516.82664
482.06756
518.04473
478.35768
480.49864
522.366
526.82324
522.29626
481.16687
477.97165
522.81768
518.48301
482.89135
477.38757
481.86463
478.19907
521.78922
480.58722
480.77941
479.20644
480.06849
526.44949
480.78263
476.69015
523.28071
479.95363
479.71817
479.1691
521.01146
480.54918
518.45911
477.53359
522.66922
479.82286
480.22521
520.33383
479.81675
521.59645
481.28063
480.98849
482.73467
480.35563
519.9838
489.73856
519.53111
437.74181
477.32608
519.90407
450.03497
480.20751
519.50853
480.10258
519.7632
480.29713
480.35617
477.91466
484.06827
479.8543
483.79176
480.41242
480.56226
483.46186
456.842
483.46899
450.88867
517.40147
480.45674
480.67273
483.70747
483.67247
480.12641
480.18323
519.91534
483.59715
483.90162
483.72392
482.60481
480.38687
519.67526
516.76756
483.77912
519.91228
480.12703
483.66965
519.97426
483.84014
520.83636
519.90393
519.93107
480.35223
483.83325
480.29583
519.97196
519.9153
483.82683
480.17897
483.84602
520.04239
480.39991
519.88434
483.71356
480.12985
483.62965
483.79061
480.36992
480.05897
519.93156
519.87377
519.91419
483.80186
480.17933
479.97418
480.39104
480.10795
519.9265
479.96375
519.9618
484.02449
490.81934
519.38999
480.3901
480.13583
479.98535
483.89508
519.9449
479.87673
519.90942
483.756
479.95421
519.89643
519.94132
483.96124
480.24542
477.85592
519.38414
480.06736
484.03128
519.90781
483.74419
519.98518
480.00348
519.96295
480.16697
480.19378
480.18645
483.83426
519.91605
478.94092
519.86204
477.82421
454.90564
484.26606
519.9458
519.55017
519.36389
480.46073
490.6763
480.27619
519.52538
480.36743
519.9012
519.9727
480.13202
483.72259
519.91637
483.79065
479.98879
519.94322
519.91859
480.15511
483.96468
480.29508
480.38696
480.06525
519.93029
477.84878
480.42625
483.85292
490.75342
519.94531
483.7975
483.91607
519.90845
483.86976
480.28624
483.90483
480.39652
519.95504
483.66971
483.6575
490.61287
490.55287
519.92325
519.33319
519.55881
483.6371
480.19972
484.02967
519.93998
483.95898
519.3283
483.95388
519.91192
479.92185
480.3404
483.738
483.72127
480.03552
483.81903
480.07828
484.08465
483.83125
483.75019
519.94575
480.0465
519.93891
519.88943
480.15914
483.73557
479.97297
519.91517
480.02182
480.25467
519.43875
484.05175
480.60865
519.94153
483.71239
477.5491
483.53977
519.88581
519.94647
477.83387
480.08568
480.25821
484.29183
480.3665
480.12464
483.59112
521.33013
481.04029
519.92744
480.40757
481.25125
519.92365
483.81579
519.89428
483.69109
480.07428
483.97507
519.90754
483.57146
519.91451
480.10482
519.96968
482.22321
483.39918
480.19391
480.34254
519.92227
480.51949
480.22278
519.89184
480.56593
483.77416
480.77541
483.61838
519.54544
519.4766
483.6475
481.11878
480.58596
480.94145
519.78475
483.61879
452.52625
458.02445
451.67979
510.0733
483.44455
516.86993
506.09731
456.97725
483.17143
516.9059
482.91091
480.66753
484.03845
483.07754
519.2924
483.29547
483.07463
519.48293
483.3162
480.55384
455.39463
456.47585
455.18107
504.88166
482.32097
519.70079
483.57804
519.42128
452.53596
520.07729
510.11084
509.98441
505.27636
483.90876
519.50073
483.29558
521.32608
483.64774
519.90168
519.97664
480.57489
483.8154
483.61954
484.00145
519.43854
480.12291
519.45507
483.87277
480.49972
480.39162
519.92728
483.77269
476.97838
482.07476
517.66897
481.48951
519.90869
482.49691
516.94716
480.00441
480.48109
478.75018
491.0273
506.1321
481.86822
519.41727
477.11332
478.34041
521.17803
480.80659
518.53776
480.98646
519.37466
490.90411
480.30428
483.82446
477.70411
482.3507
482.99192
480.13156
522.57824
483.713
519.37296
505.32797
480.79904
517.45552
490.5552
483.52059
479.54589
517.13249
477.35719
481.0171
419.35641
481.40966
482.87538
480.2933
487.94748
482.0869
522.05554
520.01616
519.795
483.66107
483.55866
519.87478
480.31688
481.59511
519.93133
483.48975
477.03857
519.88551
518.03709
519.90972
519.90719
481.29656
482.27167
490.4746
481.78872
480.29781
483.5368
520.95684
521.32262
520.22363
482.73866
482.38698
517.40477
483.04727
481.74465
518.90258
480.7693
480.92063
483.21169
482.08991
519.40386
483.83772
451.23614
481.73359
482.22482
519.97894
522.41511
483.65712
519.64618
521.86058
480.90941
481.43807
519.53805
482.52063
482.73696
526.38954
478.64955
482.36932
518.07748
519.14868
479.99704
475.79243
519.27749
481.30577
489.27042
483.845
477.80197
487.46424
481.76313
481.75612
519.42733
488.30325
519.94746
481.02002
481.38844
518.92787
482.60151
479.57218
480.29831
482.21651
521.15963
486.96346
519.43626
479.92117
519.10428
480.70964
480.16497
481.68097
481.19056
482.39556
482.50172
480.37836
480.79435
482.16965
521.73978
480.07763
486.50279
481.71227
518.93854
516.60117
521.66232
480.70964
477.27927
480.83873
522.24218
482.41607
483.10575
485.11056
518.94649
480.41023
517.73841
480.48141
481.63494
480.88608
519.41181
518.88666
481.37715
477.56944
485.19736
517.9476
480.06802
480.20496
519.92064
523.09091
479.53897
516.95262
482.2126
480.23912
483.55791
483.60921
521.86175
480.32065
481.1028
483.72248
479.7648
481.7763
516.90043
480.47187
483.8129
478.4353
481.0183
483.2516
518.84387
481.62892
482.89644
519.85961
484.23938
483.64095
520.21587
480.00217
480.43587
519.45705
519.44566
480.73811
480.32583
478.3305
519.97856
481.67737
490.42197
480.20129
479.66447
519.29383
479.2408
478.08807
519.20349
477.67497
481.28741
517.97764
504.78625
519.15971
477.85722
480.43755
483.55821
482.21821
478.07531
476.11123
481.26505
519.5318
485.60853
518.88354
488.11756
480.10652
522.71376
482.95887
521.62412
483.1095
520.1551
483.30373
482.37586
481.79349
518.91544
482.87204
480.25344
519.89744
480.58961
518.62475
481.07581
480.95753
518.69271
483.97229
483.86356
481.34823
481.581
481.1414
480.4052
480.91672
477.6675
521.32383
518.93939
480.81805
518.50247
521.65577
481.56356
481.8597
480.14619
483.0209
519.04183
518.73702
521.22248
482.16367
481.87136
483.71076
481.2403
481.70234
521.32322
482.2168
482.65951
518.84205
482.5153
519.31713
522.13029
480.45591
518.71293
521.03076
482.66781
480.81034
519.37698
481.41289
519.0014
480.44596
481.45329
481.04548
519.1323
483.53498
519.43392
483.09032
481.1238
481.09747
483.32737
482.06302
521.58556
481.93105
481.76746
521.2578
521.31075
482.7194
451.53219
521.75821
480.69177
482.54296
486.78354
483.03656
481.03518
481.28057
481.40009
481.37757
480.99793
481.84038
483.18398
482.43687
481.50732
481.97734
481.74029
519.51797
480.82928
519.4853
518.89134
482.37999
481.33157
476.80806
481.95113
481.90171
485.45323
486.37249
519.14941
519.14395
485.08952
482.19972
520.30371
477.2893
519.02165
482.42428
481.11714
519.91878
522.89043
482.49605
523.32853
480.84074
479.52278
483.58844
478.40902
477.58549
523.70482
480.63624
482.60091
525.17731
483.8204
478.68453
483.40247
481.62054
486.23133
482.17826
480.3344
479.70636
482.92571
483.55967
522.99935
518.55896
483.06331
520.56353
523.54538
520.06201
484.60614
480.57081
480.0593
481.3178
483.00728
518.10879
519.01155
519.97865
474.23635
482.52986
481.83678
518.90027
517.16576
483.21949
481.47517
520.46629
487.18053
521.88078
482.63489
523.98988
490.09503
481.07534
517.65821
481.40243
478.16415
482.54545
505.6546
519.1344
517.98664
480.7232
481.42092
483.70175
454.16471
456.32455
510.07996
454.37611
453.96003
504.96351
481.49151
481.58227
517.52268
519.50892
481.24944
504.99444
518.65229
518.39266
521.11755
481.79954
521.13451
515.96636
482.35367
479.20366
491.90481
516.75095
478.94403
479.11591
520.98728
518.77213
483.63503
517.12882
477.24653
480.3655
491.88912
517.12429
456.98359
516.63977
482.27884
509.84106
480.28565
481.76945
509.99606
456.2945
455.61825
457.05707
454.07409
518.66121
456.34788
481.99708
519.44259
455.12808
483.55465
509.96027
517.04104
519.59831
505.94605
518.54523
454.21719
505.82879
519.54617
478.23912
505.9158
480.32942
483.40678
484.85388
483.70257
484.72395
480.49869
480.44723
480.37117
480.2815
483.46327
480.37033
519.84948
519.96231
483.5132
483.65331
480.62392
484.98569
519.21181
480.40607
519.88433
519.98873
483.53943
490.18287
483.85592
519.89743
480.5058
480.58802
480.50996
518.55516
519.87827
518.75676
519.5809
518.53954
483.82414
483.55762
483.5549
519.21275
484.95598
483.73374
483.48254
518.77264
480.59325
480.47911
480.64748
483.36405
519.88154
483.54372
519.55319
483.92962
480.30653
480.52922
480.49621
505.5846
484.86612
480.78371
490.33326
519.958
483.35691
525.82705
480.47051
519.3855
519.1591
483.72199
483.66518
519.8966
480.56565
480.31025
519.96963
480.50914
519.89498
483.43191
483.41623
480.31924
481.48673
483.50279
483.62389
519.96434
519.89044
480.44146
480.56909
483.40855
519.87867
480.37038
480.62873
519.83626
480.38102
480.24947
483.67892
480.66529
519.95937
519.90224
480.61008
483.55499
483.5241
480.37893
519.87308
480.44007
483.56985
483.47023
483.49341
519.96083
482.18359
483.33318
519.8842
519.89167
480.50033
519.94815
480.25515
519.87414
483.65494
483.58904
519.96584
519.89122
519.88861
487.43147
480.45
519.88646
519.49726
480.6862
480.28767
483.8465
519.90626
480.25337
480.41118
480.24773
483.57595
483.68964
483.71837
483.56755
519.92024
519.91566
519.86461
480.45748
519.88445
480.39647
480.58981
483.51062
519.90444
519.89149
483.60819
519.97354
480.33443
483.29831
483.44067
480.31638
483.59843
483.41774
519.89549
480.27142
480.64961
480.46994
483.45716
480.28477
482.00706
480.06568
480.03001
490.58607
480.24365
519.88384
482.30281
480.82629
483.34031
519.82168
519.86049
483.23604
519.87742
483.35306
483.55361
519.83606
480.70905
480.51789
519.8704
483.66184
480.19641
480.50609
483.51551
483.36383
480.72948
480.49637
519.98199
480.76605
519.82988
483.35115
480.18316
519.83336
483.59618
483.31143
519.83553
480.42929
483.40374
519.83954
519.89906
519.05824
519.84994
480.479
519.81509
480.75209
519.86086
480.24233
519.86112
483.67285
519.84672
483.46708
483.30288
519.86184
480.15089
480.61865
483.1335
519.81726
480.67462
483.18826
483.21025
480.66636
480.82644
519.84528
483.34091
480.55358
480.55863
483.27909
519.95336
480.48784
483.24286
480.74668
480.61617
519.85574
483.22497
519.87698
480.62861
519.85263
480.60969
519.93455
480.70702
483.50072
519.89678
519.86545
519.90775
519.86906
519.87649
483.39231
483.39469
480.76704
483.44757
519.92652
480.84522
518.8827
480.56457
483.51646
480.80242
483.3324
519.90351
519.83676
519.06307
480.78304
480.71422
480.68533
483.30815
519.81523
483.63687
483.37661
519.94192
483.43485
519.8519
480.72671
519.9478
480.62619
519.94913
482.2908
519.86508
483.61205
519.9552
480.54958
519.93045
480.61897
483.26056
518.48993
519.82073
483.7009
519.85456
518.70742
483.26859
483.56523
483.71846
483.74477
481.00874
483.15814
480.67606
518.48093
483.51654
518.3987
480.61236
483.87178
481.76393
452.18597
452.62778
485.07169
481.62689
455.85119
455.60961
504.63774
480.73536
517.11792
455.508
481.62571
518.574
455.08029
519.38282
483.74708
481.7997
480.53449
519.87439
481.86408
456.39089
505.74489
509.98562
456.84035
517.09575
517.55176
455.78899
454.71155
480.43528
481.1486
517.41758
481.5211
517.42469
509.96841
519.3882
518.30022
479.27084
482.08247
480.36243
480.96696
517.16778
483.4458
471.31616
517.40099
481.52585
505.21952
482.81331
525.77379
480.07063
523.49086
481.69321
482.92792
505.61231
482.73219
482.13998
477.90088
522.61556
477.74927
481.01424
517.22583
480.86806
506.36435
524.14413
505.93292
485.19214
481.25807
490.96807
519.77046
451.50426
518.20324
476.80384
519.16109
483.39883
520.35798
521.56629
482.33469
519.88004
482.75479
487.87152
496.06481
481.94795
518.36711
482.30041
481.66772
481.04516
483.19402
505.04751
521.19763
519.54983
485.05246
519.90369
479.44259
482.93618
480.11748
483.92448
478.68983
483.23202
480.54578
490.84205
479.03272
510.46909
483.83864
518.30234
484.82642
482.66924
477.63706
455.91869
521.12825
480.23356
482.39671
481.90285
485.40867
483.48101
518.72321
507.0185
481.83548
482.37041
481.31817
482.81497
483.27153
489.52348
519.81215
516.99077
481.20261
518.06814
483.36296
481.33147
521.44058
518.83458
482.84988
518.33812
483.10399
487.68177
480.0935
481.67404
518.51182
521.88998
482.00972
483.48534
483.724
518.60901
481.6396
481.88467
482.15686
482.59964
481.90605
479.80958
480.8838
484.32642
483.88883
518.03729
479.65816
518.57793
519.10512
480.54339
519.82768
483.44635
483.35048
520.10311
480.80791
483.06624
482.79523
480.74705
481.20712
483.17141
480.94406
480.56882
480.72194
518.07386
483.37384
518.92099
482.9911
521.16339
480.58076
482.06006
518.92638
482.5961
480.47931
480.00322
484.09297
521.25214
483.04964
483.30442
482.80562
483.4128
521.46046
482.08681
483.6144
477.68645
521.21436
519.86182
484.02091
482.18145
480.57772
521.48529
480.67139
482.14832
481.18502
481.63937
483.73405
519.89845
481.41003
481.0878
482.02947
519.86986
481.07633
483.49919
519.16615
481.54431
519.86499
519.22114
483.13687
483.08461
481.50515
521.26025
480.13376
481.60161
518.96886
482.99988
481.11652
521.24903
481.50618
480.69118
521.17754
518.95402
519.85941
482.96162
481.05077
482.22027
483.09349
483.51103
480.53254
520.15954
479.61825
481.09728
519.59361
482.7785
483.19895
521.59582
518.59279
483.91247
480.12316
518.82491
482.94255
480.54282
480.15216
481.42777
481.67904
518.97516
521.48701
481.72703
481.22518
480.73661
480.63818
480.83329
480.65306
482.33507
481.18384
482.47219
521.88547
521.53064
480.82665
483.444
521.1401
481.85106
483.51604
518.09805
480.5474
480.87689
480.63006
521.24754
481.77529
484.49948
481.90192
483.02746
486.7081
518.78132
474.65161
483.78528
520.04115
479.61053
439.33489
480.68392
482.32239
473.27029
475.7326
477.19991
443.6558
435.41428
436.03001
503.6466
492.957
522.25274
479.1527
480.47018
482.10593
521.51439
480.71839
518.06735
482.05837
515.31011
484.57577
483.58118
512.04616
484.05688
519.89118
483.26565
480.91877
521.1627
481.07065
482.49428
520.02024
480.33225
519.84051
480.7666
523.71111
469.83484
478.57164
480.60149
480.17865
480.03389
483.44596
479.6336
482.88705
519.73387
518.74062
497.73369
436.9315
435.75329
506.65809
514.49994
449.46636
497.5073
437.04931
444.83133
431.02863
519.47996
519.95236
483.62204
524.78596
482.96962
478.0947
443.50171
435.27511
440.63039
441.99172
432.11575
447.45169
442.26115
519.85342
479.99445
506.37392
480.22058
441.20147
455.71626
441.63092
441.94943
451.84771
506.80929
518.72663
504.49628
451.91325
500.39478
522.09409
506.98685
432.73806
437.31989
483.15058
523.33445
483.81241
441.70287
477.21763
480.95759
518.18151
476.88063
519.63122
485.98996
486.08686
513.90968
482.55988
519.65957
480.68472
484.03338
488.22277
487.70267
487.87345
486.72166
519.18914
519.87895
487.33805
519.29291
481.55827
519.16548
484.04677
515.06008
483.00311
483.54182
484.0974
480.78685
482.15896
513.99584
480.39516
522.85043
516.9733
476.15391
483.91525
519.89005
487.54788
430.78485
433.56735
503.62871
432.07369
472.94813
505.22578
520.42312
489.1747
475.75566
480.08761
482.79705
484.13477
519.77658
479.83438
517.28706
482.19602
481.78808
487.34185
482.44843
514.82249
513.45167
519.91156
515.98622
481.4644
478.07516
484.347
519.53694
483.65129
450.84592
478.75366
488.09926
486.71657
481.80466
520.17685
520.2828
518.26148
482.16725
521.35061
519.42959
519.08728
482.86382
482.24969
518.92634
490.23439
521.5396
481.48613
483.86188
480.01964
520.83904
521.45205
480.17452
488.37839
483.48602
519.04489
481.71945
481.80214
521.41567
482.26276
480.81346
480.07782
478.40941
481.69551
482.06673
484.57346
518.96584
521.34468
481.1663
481.82216
482.78135
481.78239
518.92716
481.33337
482.2961
482.73588
518.90992
481.88461
480.85126
482.3921
483.51874
521.19434
482.31835
480.21703
482.81051
480.84661
518.9318
481.56882
482.19995
518.66625
482.85371
518.65418
518.07907
483.75848
521.17585
482.83552
481.11455
479.88484
479.0884
519.74106
480.18824
482.31813
483.17102
483.2517
484.04449
518.93402
480.8999
519.91003
480.66242
481.42579
481.31725
521.15525
518.6203
484.48532
483.65749
480.90275
477.4747
480.88216
483.91317
518.93006
521.24797
480.39924
483.79678
518.93963
480.92257
480.76948
483.64841
480.52412
519.00418
480.91256
483.24472
521.19046
481.89856
482.71163
483.7036
519.81561
481.68281
482.31002
483.46312
480.78019
480.01406
484.26788
519.88977
480.46235
480.68879
518.62842
482.67338
518.65502
518.75825
518.86461
483.61029
518.97751
482.01146
519.86317
483.0232
481.20215
481.33203
483.81108
521.59168
480.21532
481.73124
519.84694
520.02248
518.97629
519.86534
483.5555
480.38472
483.89468
480.43498
480.25604
521.15982
518.60295
481.37259
518.75868
483.85678
521.30226
519.09411
521.35938
481.74248
482.78317
482.6154
519.3039
521.23266
483.89444
480.55539
521.24091
482.09489
482.28409
519.00684
481.85968
483.49258
480.65077
481.12366
481.74342
518.47385
480.81104
518.95015
519.19039
483.26731
521.29336
477.15962
480.11569
483.32957
521.36093
479.69949
480.82098
484.42463
519.18348
479.09505
479.91778
484.24289
480.2219
483.56855
480.50787
482.05439
480.85545
518.38663
521.38656
482.41264
521.07998
482.1201
481.27382
521.2878
481.30043
521.34951
480.94235
518.81764
477.60198
481.63402
518.5169
482.87518
481.44076
518.79279
483.46249
483.64605
480.89809
489.43572
483.05578
477.50095
482.00485
483.35952
520.98041
482.6488
519.09742
481.12301
481.41457
518.96384
483.93391
519.40594
488.37353
481.68957
482.2154
519.05299
482.402
481.67322
482.15353
482.02837
521.24574
482.94008
481.02783
521.35781
482.41398
483.03899
481.94957
519.38134
519.90394
482.13297
481.26585
521.22742
521.41943
482.85371
521.39483
480.95152
483.00141
482.39316
481.34074
521.73084
481.01893
519.23813
480.64144
520.91483
519.88927
519.03485
479.78102
519.06316
480.2886
481.36482
480.358
479.68152
482.16792
479.67229
480.21282
483.96231
519.01282
482.74093
481.8567
481.27025
488.90431
479.93777
519.12199
518.5238
482.52011
480.26644
480.59756
518.54204
483.63162
483.0743
480.95898
486.43873
482.38975
519.90058
519.30982
519.40879
519.52971
519.99343
481.70367
480.18648
481.34607
482.70456
520.69155
487.42871
518.8102
481.69503
519.45461
481.76449
521.42441
520.66304
481.97213
518.81257
486.52448
519.37221
481.89563
522.42649
482.13552
482.36816
486.63608
477.33509
481.90056
519.24807
481.91541
519.77203
521.64792
521.66005
482.04234
518.30431
518.86169
521.28589
487.27325
481.60935
482.52507
480.43939
521.30647
481.51284
481.08845
521.32257
482.38506
481.94137
481.81073
519.31471
482.74331
521.18552
481.22759
481.38447
480.00602
481.01367
519.89652
482.6606
479.94845
521.72553
484.2893
481.50093
479.93469
519.72296
482.12166
481.71204
519.85805
479.98098
480.57846
518.9341
480.68298
481.30997
521.6277
519.48559
481.63015
484.12213
481.86913
480.79697
519.28219
518.66812
481.69725
481.89851
482.96661
521.09103
480.29622
519.4035
488.53115
480.55417
482.20314
518.83949
481.2562
521.29753
484.14814
483.86946
480.10054
518.67445
480.3272
481.85342
521.52798
481.80793
519.35442
482.01976
482.54984
518.97074
481.69383
482.31051
482.55674
482.40939
519.34715
481.8914
480.9504
482.80448
480.79716
480.48919
518.94001
521.48472
482.6628
480.99222
481.32952
480.21416
483.35919
519.10826
480.7213
482.94738
480.5523
482.28145
521.33805
481.86773
481.33258
481.5505
482.84356
484.34142
521.77815
483.93054
480.19304
480.41579
482.58365
483.08103
519.94232
480.86427
521.36544
484.38201
483.46037
482.26596
481.24837
477.19993
477.64203
490.48969
483.72506
482.51952
481.3524
480.00354
481.76826
480.06423
518.26369
482.11823
519.22034
519.93404
481.83208
482.66519
521.29398
480.812
480.95748
480.19057
481.78067
482.72402
519.36136
482.14785
520.21957
481.71918
482.26983
518.86401
521.69776
481.54727
483.10485
518.75566
482.30732
519.10101
520.01579
481.76239
520.74717
483.7411
491.41605
483.25612
481.31354
481.88637
519.48042
486.92294
519.65585
481.49898
519.13976
481.80321
521.53404
481.63
519.03003
519.03033
481.3891
520.10139
481.54251
521.37741
482.19774
481.21885
521.39864
521.25911
480.43901
518.79175
521.30299
522.21583
482.2612
480.96515
477.27876
521.2775
480.54678
481.72281
481.06622
481.89446
481.60906
481.72385
482.05379
479.22729
482.5804
483.10439
518.8112
477.35007
519.41794
481.21808
482.81096
480.66577
483.63449
481.2464
482.34938
481.59917
518.76689
518.94844
481.55057
480.7048
483.08298
480.69898
518.64873
519.27516
481.15732
521.75787
480.69623
483.03331
518.30514
488.33443
479.97465
483.45346
481.17106
521.46631
480.73073
481.26445
483.22189
480.02285
518.85863
481.49816
481.95378
520.16431
482.90022
481.14708
482.41579
483.16322
481.62339
521.36328
521.42136
480.6731
481.0862
484.28726
480.06177
482.60278
483.31298
480.3989
480.97666
481.82843
482.01219
482.03923
481.78753
482.56274
519.50781
518.82214
481.44133
519.40659
518.97215
481.3187
483.06945
521.74972
484.15701
518.97093
480.34415
521.16988
482.31771
519.36398
481.79213
481.09386
481.72136
484.32703
483.70875
519.64622
515.61254
481.19682
517.99969
481.29584
519.24005
483.40206
481.15796
519.90531
520.00969
520.50842
519.92263
483.73531
482.71525
481.1164
481.65739
483.69675
479.51731
484.14642
482.95991
516.37568
518.64384
480.63032
480.16548
521.44779
483.11777
519.21249
521.30703
484.52492
484.28457
481.70765
518.52356
521.29996
483.78748
480.66271
521.28324
482.43432
519.14023
483.23575
519.06177
480.75471
482.76006
483.28678
518.74044
479.80562
519.11728
521.04734
483.1046
480.71617
483.36171
483.20161
519.38137
481.89008
521.37386
480.07163
480.02407
477.42583
483.29767
518.52666
518.19301
477.44191
481.17116
519.02929
483.40469
483.78787
481.08604
480.16759
520.87599
484.06453
519.87379
483.01848
483.78339
482.20337
519.1446
519.51043
480.11226
482.45297
481.73152
480.88353
525.07798
520.34588
483.00969
478.53689
521.81368
480.97281
519.90655
483.35637
484.03343
478.62579
482.76172
519.18613
521.90791
517.42838
521.15073
481.73108
482.13892
520.18492
519.61073
519.38959
505.01553
484.40394
477.34494
481.08613
481.81152
481.37393
481.45799
481.40794
521.57928
519.2323
479.92215
519.40607
482.01986
482.13847
481.39906
521.96661
481.19948
481.12292
522.51819
518.71723
481.97809
482.79363
519.2307
481.59209
482.66416
482.55929
481.76448
482.6939
521.51941
481.09267
519.06004
481.9772
481.00285
480.73891
480.92157
481.54893
519.88021
521.82321
519.33769
519.23347
483.90327
518.82387
481.19225
483.60737
480.31549
480.34058
521.27841
484.04443
480.14793
484.48441
521.38503
481.94025
519.0591
482.5171
521.23217
480.43305
521.23368
481.13632
482.83956
518.75856
482.20931
482.6549
521.37309
482.76799
482.41337
519.00198
482.1403
482.47507
479.65557
520.87116
521.50798
484.13578
480.60167
481.87805
481.5179
482.51904
482.58306
481.258
481.61457
481.62968
521.51491
482.08595
522.23951
490.06523
480.29003
519.25875
481.02821
480.64487
519.76326
521.51725
519.61449
481.07756
481.32924
486.46116
482.12159
481.10396
521.90905
482.28744
480.77074
477.61593
481.47687
482.52499
481.09492
482.11852
481.44472
481.05074
518.69619
520.72125
481.71458
519.12428
518.43813
480.54702
518.5858
484.56126
479.70409
480.05688
481.05202
482.93549
518.62404
477.6037
520.7613
483.38016
480.67269
519.03479
483.70008
518.70333
480.69636
480.56866
483.10646
480.50558
482.96563
483.85615
489.01921
521.29898
480.4715
480.06656
519.89018
483.0772
521.23875
480.51712
480.37257
518.19869
522.00285
518.19897
483.76549
480.47408
483.05503
481.2378
477.44998
520.76799
481.41622
484.52168
480.96317
519.21939
481.00655
477.5647
480.32165
482.86062
481.45165
521.32279
481.02966
483.243
521.02177
477.43488
519.47452
482.62883
483.04229
519.27443
481.53595
518.12992
483.49937
480.73095
482.22498
521.55219
523.37596
481.05198
482.93846
519.07994
481.3964
521.84853
481.32638
521.49877
482.28737
481.45717
518.85665
482.42001
481.92206
481.80612
482.49565
481.49216
481.98975
484.27562
480.88866
483.03139
521.25389
519.00641
483.09679
519.23138
521.29864
482.55049
481.5084
481.00061
482.61039
480.75832
481.23157
480.9949
521.06902
482.47104
481.98148
479.64104
480.18436
519.57054
478.02241
480.01347
520.83273
482.89056
481.88036
480.26815
520.64752
483.2241
519.27361
479.25545
478.60001
482.12591
477.8095
478.25257
478.91378
483.56513
516.28564
478.07542
518.72189
481.86285
521.80421
482.57482
518.36117
483.20836
520.89182
523.84082
524.00289
480.18256
522.20962
476.39909
477.9647
477.57081
483.09483
523.83929
480.76374
522.3582
482.66935
479.87306
483.8718
480.58118
519.0603
481.48898
521.80773
478.5891
518.80168
518.97636
482.2699
482.70009
484.08868
481.15753
522.54478
477.4484
481.3001
521.29769
481.76195
519.74848
478.37524
483.71012
482.48805
482.90927
481.31845
481.32599
483.42294
480.59251
480.0747
480.93144
489.76637
481.37574
518.01251
481.00652
481.90733
486.02039
519.56781
490.20091
473.55388
518.39008
481.49273
519.13372
521.78931
481.09232
481.46953
521.52263
486.32032
477.88071
480.60232
481.37009
486.02866
482.01588
482.16308
520.18577
481.41058
487.12924
483.23302
481.72149
482.26977
481.75018
519.12029
480.98435
482.72127
519.07836
476.95336
482.37808
517.33086
487.91408
521.59112
476.57729
486.98223
485.55918
476.74454
519.89218
519.25116
480.83835
481.21435
485.07576
482.04632
486.40613
480.80473
483.1844
479.96959
517.82826
479.79407
521.06148
482.22539
477.19597
506.92445
440.95062
432.25069
433.61473
443.66351
441.48468
434.71505
456.22525
501.41507
508.01644
446.49236
438.71521
446.26236
507.18747
433.1663
505.05203
483.09199
444.06955
481.59446
482.40467
480.64523
487.61464
480.45612
485.8371
522.12647
520.67573
484.08432
436.60251
507.10317
438.28674
454.45102
449.28938
435.19373
459.95693
443.25614
498.65948
433.50691
431.68607
433.7672
479.0617
506.20261
480.1729
497.9795
515.25917
433.73696
453.17954
444.73231
447.90605
498.65036
507.42794
447.45374
437.61169
519.83231
424.25487
484.11217
515.92482
449.19966
443.18201
504.14641
457.95371
449.27547
437.38928
480.69302
495.70668
505.86277
500.88678
519.9677
483.7073
434.83116
432.54562
441.23567
440.46208
431.9432
480.19841
484.15588
480.29132
478.18665
482.32552
506.33932
490.85538
482.20188
479.49555
480.96424
502.92112
442.74843
434.86194
452.52452
506.98135
520.03274
498.47097
505.45039
484.58975
514.94026
481.46497
477.16618
481.33256
522.30365
478.92806
517.56215
477.92718
483.98167
481.83836
474.75062
520.17749
518.19499
481.25618
482.88257
521.16571
490.61424
481.51636
477.73182
477.47014
478.67863
481.79673
516.46313
521.09826
519.63899
524.25435
508.0577
519.85573
479.81979
480.87573
519.0555
435.69595
483.1411
476.95728
484.03109
484.11377
518.83604
503.62191
519.86023
480.19667
479.93786
518.37472
489.04235
481.1084
506.62734
451.85034
440.03543
479.33084
434.88393
438.24682
478.86601
446.16112
483.85637
519.8743
481.04339
501.89511
482.7188
519.77162
481.9197
519.83903
483.32216
481.00823
483.31729
519.86893
480.40252
481.11136
484.68981
519.85474
524.03011
522.57752
482.98155
484.65705
482.73573
518.70543
487.09123
527.07565
481.79107
523.76376
480.60233
483.01817
522.46128
480.81181
480.24321
518.47496
481.57831
480.7009
518.70748
519.92683
484.47333
526.81607
481.62056
481.35867
488.55614
483.28511
481.17331
520.2533
480.87706
480.05997
481.34037
489.03541
481.34915
480.80838
484.17505
479.97274
483.26774
481.0865
521.84707
478.14813
519.00572
517.89665
519.20381
477.90781
481.30142
518.2629
480.64069
480.05225
518.39013
483.09564
477.80971
481.19849
480.86684
482.52553
487.49751
518.94837
482.71259
527.20905
480.23818
482.74777
480.48776
519.91373
483.08535
477.45139
482.3268
483.09129
519.86993
489.23125
481.55238
481.62223
518.79547
480.306
523.37465
520.39795
479.37795
479.25281
526.26704
527.65378
483.19164
481.10222
519.82925
519.72843
519.185
484.5838
518.88475
520.29681
479.85973
480.21004
527.06507
481.70611
518.7534
481.92818
478.83111
522.52962
486.67332
478.94607
481.7284
480.97595
483.5816
519.39203
483.48515
518.8928
480.76136
480.75323
478.49882
520.12208
480.91925
478.52672
483.47799
525.51841
483.23128
487.90141
521.92968
518.2661
518.61709
478.15322
483.10916
477.77731
481.22302
483.43719
488.21926
478.75527
519.65648
479.45037
519.31133
519.43841
477.06897
519.96785
479.85497
481.54559
486.31057
483.62047
518.78131
480.19831
483.43587
481.42715
483.03263
519.99143
478.43585
481.80609
483.38188
523.12558
478.32937
521.66306
478.57633
527.38194
520.28439
479.55615
518.58467
478.2734
519.65418
519.73115
488.28126
483.13754
483.11399
483.55868
519.90157
519.89471
485.26413
519.86067
480.23735
476.29564
481.66917
518.1725
484.52818
480.58946
484.12006
518.69034
482.17193
521.8873
519.94193
519.95303
481.70292
480.95068
483.19927
478.93293
480.67348
479.1315
517.77515
482.07505
482.57399
520.63575
524.22608
478.39061
477.54193
482.45833
518.3883
481.85971
525.59518
479.70759
482.02881
483.07187
524.61824
482.77078
518.21737
520.09089
481.66618
518.11636
517.91361
480.57512
518.38377
518.38799
480.79644
484.32469
518.12702
518.42024
486.21883
478.90697
481.08809
482.7519
480.95942
518.60834
518.61084
519.76935
518.38173
519.94022
482.18756
519.4716
478.00669
486.60862
483.18052
483.21034
483.6378
487.95437
518.42138
518.25049
520.56689
480.68253
518.50079
481.65083
485.02408
518.77737
518.4505
484.55078
481.89221
483.09273
480.70761
482.42822
517.65575
481.72625
478.36177
477.32574
526.26358
520.71157
517.4836
483.04751
518.0586
482.91226
525.47962
482.06829
481.97516
477.06513
483.29976
483.18297
521.97377
477.4127
482.92008
481.33782
480.81354
476.53349
483.00942
489.06351
483.00936
481.89292
481.43195
479.20403
517.68638
480.85875
517.94665
522.88479
478.26657
478.80017
483.16102
487.63972
481.24107
483.7242
519.80603
481.06518
482.04006
482.21629
481.84252
527.25959
480.98962
517.68632
482.59545
506.20435
483.08145
476.30188
483.22782
486.26428
484.17271
488.2645
479.58192
519.14105
483.09756
480.06121
478.63411
437.54045
443.86909
443.86723
523.97467
504.35828
489.17468
512.40048
481.88713
480.93809
506.72869
451.5874
517.99031
448.72241
441.7139
480.94067
478.56171
481.87064
433.79472
433.73599
505.76128
504.5277
446.68469
447.18392
487.8715
482.59242
488.98813
481.62107
517.97111
519.99027
477.93984
481.82603
476.14159
521.19447
482.92151
522.14374
439.44033
454.63653
442.69923
439.41539
461.20104
481.47189
518.92825
442.74424
521.28815
477.55643
505.87678
477.52574
426.60255
523.99361
501.14488
518.29465
475.43203
479.13881
523.64044
520.15113
441.36417
446.6553
483.42441
480.84016
504.38476
522.80682
477.10857
456.58443
478.16611
434.58883
482.80744
444.5462
479.47946
503.20149
430.16937
452.87115
521.48758
439.94808
449.67736
448.83355
436.76014
475.335
434.33121
423.97767
483.90692
480.56513
446.43425
481.4012
478.42719
522.48784
476.61444
427.91934
478.53821
501.30089
506.90878
485.68142
503.64467
473.78396
481.40274
478.19196
481.5393
459.04538
480.72764
522.57345
483.6759
479.04376
484.22793
476.07848
476.92863
517.89357
481.37195
526.10871
519.24376
519.65622
480.88493
519.02041
520.03175
482.73512
481.3291
483.57748
480.59094
480.6987
483.38307
483.79376
483.65696
487.79318
480.92591
482.07968
442.27055
527.19056
528.14367
520.73942
521.86517
483.80659
483.30056
483.04348
520.70221
476.16945
482.91991
435.81377
517.80622
521.84475
518.74658
479.44174
480.18139
518.02264
482.07038
481.97752
474.56726
481.36107
518.32484
483.86063
518.89437
518.16151
519.40896
518.07085
483.91001
482.04219
480.82721
518.01539
478.89782
519.10873
518.73802
527.21153
484.77184
482.41018
480.55115
479.82518
477.27373
478.4224
520.28462
526.98606
478.21436
521.59133
519.62772
481.89092
441.4814
435.15343
477.15002
528.25143
507.31742
503.37502
480.96805
478.58039
506.10749
482.4848
450.04141
479.30466
519.62102
518.36646
496.30613
480.78691
506.4725
482.42757
440.98122
449.05978
522.21202
507.32735
507.24252
506.79264
499.59301
520.61518
433.50556
438.47593
447.44146
496.92488
439.8083
505.58732
506.53982
487.32215
483.38289
450.91955
518.84226
431.50948
482.53381
453.1488
480.91996
519.85359
478.28655
427.28225
430.5999
481.92489
475.33618
518.39656
477.54986
441.4245
490.01079
478.10666
519.79311
518.56341
477.42165
479.86582
523.07428
485.08939
435.24076
517.79026
499.36418
506.36128
476.55796
441.47882
428.09098
494.8753
440.31166
450.76401
449.63145
431.78049
476.60475
481.53618
519.36847
440.87289
435.16403
516.92178
482.61008
507.23942
439.90567
449.13033
478.0936
456.31286
518.2379
441.00387
519.55413
477.8487
505.87083
451.03969
437.6953
451.85142
507.11445
482.08859
520.32465
481.66759
521.984
518.22214
482.29209
481.62048
479.30297
480.51441
482.16528
506.23936
505.13039
478.49568
432.35304
506.8363
520.5134
489.14725
488.94547
518.9561
520.61681
525.56568
482.07706
479.0939
480.98273
526.61832
501.91345
517.99707
482.72351
482.96442
472.73147
482.20241
517.83735
483.22018
479.96131
518.24832
479.60736
518.89798
482.21807
483.50334
480.27828
517.89695
483.32607
518.01729
481.46829
480.58696
482.577
526.64022
521.83862
482.92493
475.79192
483.28822
526.60577
517.72357
482.7727
483.57464
483.00008
478.53444
501.26329
481.86736
526.44771
477.2111
518.10829
517.80325
483.49129
434.54508
437.19202
442.21463
426.16454
478.38079
506.42422
482.2399
486.3324
480.73124
481.72866
482.23124
434.39077
442.00841
478.85108
478.07798
451.83165
440.17546
483.25479
434.53126
505.3087
518.16396
523.37067
446.6867
480.64712
481.41752
526.3068
516.74065
482.80202
516.78739
452.38254
521.2146
439.33123
519.87234
481.96672
483.97585
435.38157
482.28932
519.14603
517.51435
499.53278
483.7014
481.18095
436.57509
482.64727
449.45357
481.75957
516.78009
489.58812
480.25641
506.93759
443.54679
434.70222
505.24311
452.36949
519.35428
479.02956
488.05233
519.22255
487.12869
485.54157
488.04057
482.71964
518.68942
482.18716
482.96655
480.66266
482.33653
479.77246
483.34677
517.42381
482.24015
479.59937
526.42767
506.17958
474.42854
518.60253
520.65646
482.19204
517.29563
525.69258
483.88792
482.25656
518.56045
477.92859
479.87755
518.73735
479.5837
506.1395
483.72446
523.05592
518.4343
517.72516
517.82186
482.36457
521.4201
435.84721
434.91331
486.61118
484.06726
482.68613
478.69686
517.79796
517.76391
479.31072
518.04957
479.02578
518.42524
518.33351
483.19026
482.24503
490.67518
518.61801
485.1991
480.75051
483.05303
473.10997
483.3677
518.14573
483.19281
480.56122
483.29488
482.19156
477.71704
480.72787
489.49135
480.88605
481.81117
526.14778
482.08625
518.33532
482.46271
518.16711
481.95081
481.09673
487.49778
480.24195
477.77382
484.15193
483.14408
519.70734
482.21286
478.52337
527.23724
518.24504
482.76055
518.56453
483.40087
517.6774
518.64536
480.53415
518.20431
479.18324
488.48777
519.37705
518.38844
490.12156
518.64482
523.28607
481.95827
519.69926
521.11384
482.67181
483.09733
525.10811
482.86763
479.16828
479.83705
478.10484
483.40896
478.61865
522.4159
519.70166
480.03121
520.14187
489.77629
482.60979
481.3053
483.26289
481.41978
521.1195
516.98239
478.77891
487.89821
475.71894
521.49045
478.42998
522.25757
483.54222
480.19089
477.85706
483.31494
523.05568
482.05329
481.91946
478.38942
481.14002
478.25747
481.33548
525.20054
482.97545
481.28928
522.74059
527.07311
487.93655
479.73931
482.50548
479.19292
520.01553
522.77518
522.8622
478.93914
487.22531
478.1726
521.54793
482.48928
479.75506
519.4676
482.27047
526.24831
483.23566
519.82422
480.95931
517.56617
526.37888
481.75406
483.28842
517.2195
517.49786
489.35947
483.28138
517.20418
478.57995
517.42141
481.12225
481.95613
484.86596
483.02441
483.40999
517.40362
477.54963
483.11082
477.80519
476.22986
481.33017
487.95915
481.96488
483.01371
518.22283
482.08988
481.94531
482.725
482.32357
482.3191
519.9883
482.90108
516.822
483.0627
481.19101
481.78782
516.55756
482.07592
480.91895
482.61229
480.45832
487.10758
483.56757
478.63593
480.93677
517.05361
521.35752
479.90739
482.59879
484.19056
482.92731
480.7961
519.59138
518.73545
483.34977
519.78277
519.82166
475.59154
526.85613
482.52396
518.27507
521.10798
523.49094
482.06323
520.50662
483.62886
479.00431
478.82612
483.75011
477.69935
521.69981
519.92688
520.9358
489.1624
481.0236
519.8747
477.73665
485.73445
482.74714
474.11417
476.46059
528.28313
488.12141
483.42241
526.09511
518.90119
480.79924
483.54249
516.78237
525.91558
522.8344
520.59817
481.99728
482.10938
520.57139
524.09849
526.54679
480.69257
479.77205
481.67555
483.44958
483.03736
485.48474
478.34012
474.48048
527.59791
478.11218
523.01823
482.46199
475.27711
484.02303
485.53079
481.7684
480.13671
483.66628
518.36526
482.17795
483.2348
483.42547
522.97836
519.89173
519.40581
483.23698
483.57261
521.68957
482.41243
523.26484
480.22537
478.91766
485.52789
478.17466
521.58126
523.62099
522.01313
479.1295
520.94771
478.1622
479.38732
479.77511
485.75321
478.17959
482.11608
478.23433
519.84989
478.39793
484.06894
483.04769
521.12063
481.43793
486.02937
477.46579
479.63929
480.6971
522.39097
478.0676
523.1459
478.15723
522.92233
483.56023
481.85021
521.07811
479.52506
478.74123
523.10546
524.71164
522.44626
486.21988
485.90067
480.7341
478.9689
521.75064
478.87259
485.18634
478.12241
478.94364
478.5177
479.92492
479.25437
519.33313
521.19269
482.44786
479.10692
521.4789
521.55184
480.7718
519.85634
521.55756
479.36806
479.04136
522.54833
478.81754
480.5807
479.85053
522.03322
478.17151
520.71441
483.62432
481.39554
481.8058
519.87996
483.28365
478.43102
522.05813
522.62608
522.60545
477.84957
487.21456
521.01656
480.34366
488.05308
478.04079
484.24463
523.13367
477.65487
521.07474
479.79057
478.00088
482.14945
482.97217
477.94466
478.26381
522.86089
523.14307
481.72738
478.59304
520.84346
478.44176
523.38934
479.32976
520.93698
519.88069
521.40111
478.41901
478.72805
477.21306
488.6403
482.75757
478.4265
479.08007
483.47027
487.21743
487.76608
522.01506
478.81693
479.42779
477.86293
521.75664
478.4641
523.64058
485.09971
486.41507
480.18032
478.1689
522.55541
478.3102
484.13704
481.12055
482.08906
521.09121
517.94129
482.45405
521.37462
482.89608
523.32011
477.51536
482.42886
521.34107
479.56016
477.66574
521.02335
479.11791
482.56765
477.88789
517.82681
481.9448
478.84142
481.47605
522.73602
522.49133
481.24074
520.94474
482.86604
480.336
483.10025
520.89649
479.12862
483.6039
522.72464
478.31039
480.41005
481.28626
522.69573
478.55494
484.29141
478.60087
480.27487
479.06212
480.9217
520.92693
486.81412
521.00275
483.3128
481.75217
521.38687
483.50647
482.0955
489.6908
483.38945
521.31011
477.8129
522.51032
522.78264
521.85874
479.42683
489.14525
480.14078
486.31445
485.39043
486.71902
521.60192
522.81161
521.32936
481.00983
479.69023
479.42685
522.83098
478.7359
482.14415
487.88438
521.72786
521.13249
472.79549
521.4413
477.75484
522.10451
477.83235
522.16786
488.04832
481.90796
477.83281
480.2538
475.19241
478.58082
477.16509
521.0845
522.98708
478.59043
482.7396
477.88336
487.45136
477.63858
521.74914
521.53046
521.26128
478.63559
478.20547
523.17207
477.42954
521.4177
521.15862
478.27704
520.75204
482.00405
483.11821
524.19882
480.50961
480.26801
480.72729
479.81209
477.98569
522.64827
477.94748
521.30476
521.02306
477.68108
478.13021
486.34907
522.14179
478.49039
519.89384
478.24994
478.67384
478.31794
483.83522
480.07062
522.94404
480.02397
485.18183
521.59629
482.00992
477.26609
478.58922
480.59286
482.46203
482.58737
520.86757
478.51302
484.29848
481.7436
523.71378
483.55289
485.65908
481.60073
478.27711
521.56608
484.21405
521.77698
521.71217
520.84425
521.61261
477.76072
477.29307
522.82033
477.3059
487.90325
523.6946
479.50145
523.40229
476.77182
486.66429
478.19375
486.35474
482.20634
478.27781
480.92087
478.46854
480.0131
518.72079
477.72592
482.2675
483.17716
482.98514
524.11952
483.99034
523.45782
521.81948
478.79671
523.42051
521.9448
480.84799
520.47218
477.68882
485.51627
487.04776
477.93066
477.39412
479.59546
522.47404
478.08019
489.14376
481.03344
482.92655
487.83185
482.77168
478.6963
520.2405
523.1219
482.99591
480.14722
483.90302
523.07863
521.40645
479.75314
479.0259
521.40507
487.01034
477.30534
475.45284
521.6355
478.21865
477.22026
477.00548
484.23685
482.7333
482.18553
477.97836
475.887
520.14344
521.15539
479.42671
477.89378
522.2642
521.20732
479.45264
478.61785
483.04219
483.63118
488.34585
478.63679
478.79949
522.70776
479.18847
478.01182
478.94225
521.44367
483.36055
521.0688
480.22526
521.33588
482.41506
520.91407
477.55168
478.82852
521.38021
478.35411
478.8401
522.00878
486.10401
483.49167
485.52423
477.95027
482.85914
521.857
479.09221
521.33993
521.79167
478.11811
483.73429
520.83469
483.85088
484.13488
483.79226
482.14508
520.88436
477.66655
522.76803
521.93994
523.73445
523.14632
480.09675
524.4256
482.88201
482.36815
477.63968
483.90085
482.40702
521.85721
522.8353
481.72785
478.66721
519.90641
519.82594
479.15679
478.37641
480.50747
482.8876
477.41056
521.93351
478.12597
523.91228
483.21174
483.24524
488.76419
478.36121
483.1126
522.2829
478.13672
484.13434
483.45097
477.24327
521.86527
481.50718
477.90391
478.72838
485.07418
484.10842
478.02173
522.19535
491.22996
484.81411
478.71392
485.5674
521.72111
522.292
487.00341
479.34774
477.31051
480.98122
477.23674
481.87382
482.13046
488.22058
482.19505
482.72978
477.83697
482.79629
477.24447
524.27646
483.81049
479.19713
521.73774
477.59239
480.84251
484.00342
522.29527
522.60018
521.82119
476.2083
476.34171
481.47369
476.24747
478.47745
477.92829
478.09251
484.10336
522.05078
485.70019
521.17151
522.39544
477.6757
483.64767
474.59521
520.94301
522.55652
523.76659
494.20798
483.7291
483.4844
486.57939
521.19812
475.66718
521.66798
478.78716
482.44958
524.05923
480.10653
487.47346
522.85005
484.23389
482.58682
479.6923
478.58233
521.47089
523.85344
520.153
478.55994
477.28937
524.29279
523.13579
477.147
483.52756
519.45234
478.01562
488.78569
519.84061
478.2685
519.98801
478.86008
474.49532
523.50589
519.55333
476.51479
479.10908
480.81552
477.84478
479.90671
484.20963
521.39644
483.44523
478.83248
521.20108
495.6065
485.7196
486.35474
521.18956
521.70822
478.49507
476.67185
521.6383
477.61972
477.58987
482.25184
479.49547
478.12105
519.42
477.17345
523.05505
477.94038
523.01689
478.67642
483.84714
483.71217
522.49531
486.00185
471.28015
480.41029
478.80298
480.08689
483.25212
486.88525
478.31713
477.25724
515.71291
482.86414
485.16443
521.86873
478.95308
483.29304
519.96667
524.17584
482.28999
478.83301
478.89346
522.65015
487.77164
521.45175
479.5011
477.63316
522.52328
520.64267
482.07957
487.40275
476.42507
521.65588
482.38637
521.41431
525.3758
476.63619
487.46045
478.81444
482.61091
478.36114
488.40353
523.45199
487.96735
521.54741
494.56957
477.61234
487.02071
522.4678
479.05892
483.9343
519.86967
520.28965
483.12911
478.72484
520.5256
521.7641
482.4198
483.55917
522.97777
479.0372
477.78911
478.12388
484.25464
524.68096
477.49252
522.54755
476.85498
483.65551
522.77974
481.29083
483.75695
521.81786
482.06801
477.58307
521.44977
481.62133
476.61834
477.99652
476.04959
484.56869
482.01367
479.44948
520.32568
478.59956
491.91021
474.53965
521.75301
483.63473
483.79245
483.87555
521.12221
480.19502
477.34869
524.93245
483.43856
483.24213
488.72294
479.77704
478.1536
480.32432
486.82336
479.98211
482.74533
483.67079
480.50009
520.06627
482.72552
523.78349
483.07669
484.44933
480.97742
483.63886
520.35506
523.36852
485.78203
482.56125
479.64715
519.94483
476.54799
525.28133
480.02825
475.96784
523.84344
475.32235
486.73251
481.53388
518.61093
476.60621
482.82786
519.61592
478.78881
521.76965
495.65709
517.55631
482.30431
483.26405
518.99265
519.70327
518.77624
526.42458
484.11295
474.52604
479.78132
525.83544
519.30819
514.86155
520.28953
479.99868
485.24798
522.66604
522.69535
487.6436
472.24643
488.37453
485.68827
480.10151
518.50268
483.63168
481.56624
487.66463
523.1507
483.36938
519.7991
479.69979
486.34884
519.26432
520.93429
476.15616
479.73009
482.55079
472.64833
520.96351
519.86645
526.27793
483.26809
479.61898
474.86679
480.35209
521.80527
521.18899
477.61093
485.48205
483.7138
478.01069
481.08056
486.07333
477.71112
482.50502
519.998
519.48128
483.51879
477.91739
483.45556
480.57469
483.68025
483.5491
479.88856
481.73786
478.14821
520.0443
479.35703
483.29684
475.46401
474.37361
482.7728
479.14201
519.36204
479.47096
478.06981
485.49242
518.91015
481.74079
517.41268
519.74893
483.86596
518.60822
486.99633
480.56926
527.56845
480.13384
478.25064
477.86402
477.52712
483.6965
483.53822
481.32345
477.59204
475.35479
524.45869
526.48345
483.81011
526.38858
483.12908
519.20032
479.12174
478.79073
478.95064
477.11176
525.99647
523.52504
520.01511
519.36747
476.47543
483.44412
518.80917
479.81624
520.71806
519.8618
518.13046
483.34567
478.58463
481.20148
488.66205
496.2563
519.99598
524.56818
477.86942
520.00529
482.68821
484.81109
477.82308
520.65645
482.68042
479.89766
482.03253
481.98844
477.67567
478.80925
479.96205
522.3419
476.89252
474.77144
483.25773
521.33475
484.20158
483.89603
481.27576
485.95927
522.17999
479.3344
479.31838
476.52107
486.08286
483.7559
484.01777
477.3662
473.38482
479.49498
476.14933
479.32115
485.20674
476.42697
484.80995
525.0605
520.03247
479.98347
483.11955
519.93536
481.74656
480.43746
519.9078
519.96755
480.29132
519.92053
481.5376
479.27657
481.19608
522.2392
478.102
490.10784
480.88623
479.63865
518.74317
483.31402
480.70028
524.22813
520.52519
521.00606
484.88804
486.3218
520.9396
476.96211
522.69688
522.89036
480.29819
522.17483
518.68144
477.79544
482.60762
496.46535
486.64906
480.46781
523.22737
525.88082
480.94555
482.79498
520.84233
476.27739
519.09461
519.85081
520.97058
521.3967
524.67116
471.77362
523.54964
482.75295
526.85279
474.9139
518.07275
522.11131
522.96895
484.96042
483.17772
520.33348
477.70349
484.83515
480.20525
519.9555
478.54881
478.80135
478.61852
482.61644
477.7833
521.73368
521.44623
481.51173
478.35804
483.05492
485.29744
524.28422
478.37726
482.56546
482.9191
522.51334
474.86187
478.11269
525.42177
519.92296
482.01617
519.98095
478.59552
521.95242
478.65512
480.31286
476.04778
484.20833
477.27292
522.99076
521.88196
480.51534
484.16406
477.08344
522.25837
482.20733
482.97329
482.86299
524.21549
480.07423
484.92554
520.20156
519.62934
481.54434
484.47753
481.13044
487.56616
483.86061
520.99476
519.2903
518.71951
480.49151
478.89198
482.93874
521.18429
480.37323
523.9566
482.32338
477.57544
483.41231
483.06061
521.89051
479.83161
480.31862
506.86966
516.89248
483.76739
483.04343
489.80338
483.91208
480.84816
480.51813
484.98805
480.15026
483.4333
480.13574
482.5546
523.09796
486.03145
517.78534
487.85189
445.66957
483.07396
480.62015
479.10386
519.87629
480.39005
482.4182
516.39906
490.09459
479.81215
457.76313
505.82823
522.84149
520.41791
483.18997
493.24419
488.83701
505.46038
476.82991
483.64812
518.50107
481.73492
479.75192
521.43777
517.26001
481.50692
481.14197
479.7089
523.60378
482.03053
483.05691
480.46579
483.70328
479.72556
479.02654
483.06412
521.66742
479.44737
505.47372
518.16643
520.30046
520.72166
521.35266
507.50245
505.12935
482.0347
456.90643
479.84244
481.07735
524.57383
520.917
457.4499
487.75101
480.35406
484.78188
517.25065
522.25842
483.53339
478.99142
520.15192
517.81526
520.94786
489.38277
478.89828
519.00885
483.10435
483.81377
480.57383
480.708
517.82608
480.42931
517.38799
509.89487
483.95943
480.46274
480.63766
519.50751
520.70767
480.49203
490.54926
483.85581
519.49223
479.98734
519.99603
480.21604
483.59474
482.5094
521.11597
464.35118
483.53673
519.37723
454.98789
481.08887
482.24948
518.67029
438.38982
434.26511
507.53115
478.85498
505.24557
515.2721
480.80007
427.062
430.12122
485.92673
450.64946
452.48427
482.27305
507.07937
509.64612
452.39692
483.81852
480.66426
524.14379
488.3133
504.53533
460.03748
505.62373
457.94975
437.64979
509.96766
478.12934
515.59893
521.27674
479.76102
521.47336
483.02165
480.794
481.78347
518.41112
479.83229
482.38703
522.08384
506.87533
520.00945
478.6588
480.01436
453.20375
503.92102
428.00825
431.67301
503.25975
436.98057
440.20751
479.06269
437.26561
483.31941
507.16172
506.42088
438.66202
434.58617
479.24182
436.34415
520.27903
427.89753
476.7646
440.64834
482.05764
520.4849
482.52364
480.22876
481.79527
478.40903
476.9535
456.93937
518.60093
483.0715
480.4146
483.09851
523.55332
520.59848
482.03893
473.94066
479.54947
478.75745
515.8902
517.09216
509.95813
502.36595
477.19211
481.78902
483.58457
484.16326
483.62432
524.66348
517.90564
482.4255
517.45175
476.88215
486.87784
519.08477
480.20253
482.95061
482.27642
505.86309
483.09507
475.69149
521.18776
521.91223
479.1941
485.97369
442.51228
520.59384
507.52332
518.16015
514.26172
522.21924
517.07473
486.52635
480.89847
453.6875
438.65653
450.02556
482.49741
522.9065
506.1022
460.89736
437.47563
432.73227
519.53498
437.87509
440.7817
498.1231
478.577
448.11959
505.9449
429.87909
439.09742
522.55182
434.87398
445.77571
506.69227
457.65892
481.28371
517.5807
482.15463
466.8539
466.43347
488.83774
438.95424
426.80033
500.22892
496.83438
486.04796
437.25108
446.76893
437.02132
439.5216
482.38945
434.87636
498.42773
507.93699
475.15022
520.6528
435.61053
478.03057
506.98091
477.90638
480.58787
519.98137
481.8506
522.28456
481.26144
490.50696
438.52689
423.54628
437.46722
441.17542
437.53318
440.72087
505.14914
451.48281
428.66525
440.04354
480.70178
521.35893
498.59267
499.07878
474.96279
506.46191
450.22086
431.50851
447.41324
432.28929
507.58704
439.64189
484.2804
504.30277
522.05278
476.1206
507.46077
514.66396
481.50406
516.69265
515.00917
477.95378
481.56799
518.32168
481.00487
490.57474
525.88173
482.36874
479.80945
487.25975
517.0359
483.63571
482.33891
481.56637
482.81675
485.81884
481.6681
486.29265
518.74662
482.4901
525.04026
481.77795
485.18257
518.6034
483.18478
516.92154
482.58456
484.88796
480.2812
517.10425
481.05041
509.67231
483.45668
481.54691
525.22358
520.2642
517.89137
524.65487
479.9814
485.81733
518.63918
515.3181
518.18392
479.62602
479.46383
480.62897
475.19148
512.09306
483.98964
474.33108
486.00716
485.58389
517.45666
517.71038
481.80573
485.3456
481.83026
477.76736
481.96471
517.78645
481.04549
480.75361
478.40887
480.37362
525.33891
482.9729
488.33432
490.03208
482.61007
483.48426
479.5611
483.47223
520.29575
482.81155
518.44042
477.89388
520.35386
515.5931
483.73938
483.62083
481.6026
484.21517
520.21426
483.7562
517.89127
517.28452
479.52836
526.21312
483.34064
481.24591
481.92447
518.1114
518.07015
524.81037
486.54216
482.3679
482.29975
483.23626
518.79598
484.23111
518.36058
479.53532
479.68203
518.02533
481.26444
476.61687
525.46455
486.13834
483.34568
482.88812
479.25547
482.59184
479.86077
488.65595
519.06209
476.36983
525.20608
477.77037
526.84211
518.62059
483.79249
475.05271
482.9395
483.54967
520.74595
483.05122
481.37202
479.90093
519.14992
480.25902
519.33692
478.61607
482.61449
480.48139
520.00615
518.6143
483.93445
481.21717
495.70732
520.202
483.08898
480.73992
478.6612
482.52339
482.78725
482.48082
480.47687
482.491
482.94092
518.45738
488.25291
481.57659
480.02973
481.68617
482.1142
481.92711
518.84493
525.70759
482.07455
481.1444
481.26047
525.85754
516.45874
477.61537
520.51028
486.58211
483.47802
481.89871
481.24426
478.08712
522.04587
521.50846
479.15803
481.38529
475.71541
520.47102
474.39391
483.40508
514.93667
509.81546
505.94066
517.59425
484.26681
480.2459
457.89332
453.61611
509.89766
507.31768
481.35439
522.03891
505.85951
481.20728
483.72877
479.24179
523.24498
480.85631
517.09914
509.73183
503.50102
451.80284
490.42503
461.2211
453.52723
453.67318
505.84631
506.102
521.29886
484.45862
484.42721
482.54445
455.22202
516.19167
433.80218
484.35176
435.40151
510.00263
516.30183
480.18638
482.96592
476.66425
523.30605
518.18877
505.89817
485.81243
480.08184
483.89758
483.1873
479.22268
520.15796
480.96248
517.77846
517.33154
478.42164
517.78551
483.78169
505.33283
483.41405
482.52363
481.64672
475.53242
515.66745
491.00076
476.32996
520.11862
522.25019
520.78507
482.90616
489.49217
484.57467
518.5646
479.99817
481.99246
483.31034
521.83115
518.96573
518.07521
482.49822
451.77415
478.28921
517.33925
523.45301
480.97942
481.43621
482.75245
480.07473
483.89458
480.99193
480.83403
521.94799
483.10386
480.46918
519.90499
482.98664
519.53617
480.62382
482.96442
520.08863
519.57049
480.75645
484.3244
480.33034
483.28254
480.95387
480.67547
482.04983
484.29211
485.53295
481.28815
480.85304
516.79268
520.2652
483.40401
477.64214
483.23
480.84649
482.5784
482.53587
480.91435
520.07842
520.47523
480.62582
523.59139
520.13335
481.60839
480.52334
483.40975
483.0165
520.13625
482.92459
480.95743
520.01201
520.01655
480.74418
483.29981
480.63021
482.90616
483.1271
520.28866
482.85009
480.84282
519.9825
480.9135
480.84514
483.07603
520.06385
480.96863
520.30901
479.99841
481.53868
524.50072
483.04957
482.9882
519.9975
520.0277
518.34699
519.97656
480.91299
522.11761
520.15982
481.16825
483.03923
482.8574
482.75878
478.16042
519.70316
517.96477
480.80656
481.23422
519.93775
481.22108
480.92515
517.6248
481.09585
481.06342
481.0087
481.01148
483.24063
481.09351
519.92298
519.91022
480.85591
482.92153
480.93673
519.91888
480.8481
519.95725
483.15691
519.87574
482.62633
483.06719
519.96616
480.73638
482.84033
481.01063
483.33668
483.03438
483.09567
520.04133
483.15023
483.90126
483.32167
519.96493
519.97055
483.07739
519.99321
483.51785
480.53647
480.67408
483.43761
480.81668
482.7417
480.91643
480.76438
519.96235
519.99237
520.01138
520.0112
486.45113
519.96752
482.83558
482.94665
483.20744
481.04794
520.04823
480.91485
438.75776
435.63072
519.62574
482.66981
439.07102
450.59537
444.64748
435.12719
498.40532
435.36475
479.09321
430.21631
519.61247
482.04666
478.81863
498.45426
479.3085
518.93998
481.09785
482.55841
481.32112
520.69074
482.80698
482.232
519.86968
481.04579
519.41707
481.38062
478.91919
507.68155
482.78808
483.02879
481.25316
483.02658
519.91903
480.86115
489.63077
482.60259
478.16136
520.42563
520.27153
482.17168
481.76072
482.25587
480.5696
520.22885
482.32058
482.14717
481.4038
520.40956
483.45516
480.84125
482.74944
520.09779
520.7479
480.89421
522.48384
482.7486
480.51634
521.70473
483.51326
519.9233
519.96633
483.13085
447.49809
453.37255
440.54098
430.90227
499.17941
481.18171
478.60363
506.55817
499.27626
519.69634
452.67933
451.21246
442.77246
499.39407
430.77782
431.16068
444.6871
478.70836
482.78095
520.95767
478.51874
447.69112
439.08062
430.1612
506.27015
478.86525
520.30879
520.58681
485.41713
480.3722
479.54739
436.74634
519.99825
483.21006
506.59159
480.83684
480.40376
520.26206
519.85603
481.21098
482.73355
480.47871
519.83981
482.7783
483.42977
519.92662
481.32162
520.20339
482.19156
481.8471
507.81866
437.02414
448.11446
519.49836
507.73933
437.69302
432.54676
506.27385
479.06018
519.48603
507.37235
478.64499
449.04215
479.14819
481.78358
481.14783
521.00347
481.80384
481.5009
519.56915
480.9362
482.81386
520.44999
481.08681
482.75544
480.11932
520.1316
480.81968
481.44685
519.86218
520.07154
519.66529
483.24806
481.47991
482.11651
520.15238
482.80031
480.07726
520.13748
480.78584
481.2155
520.15172
481.47297
520.32591
520.01908
481.49231
483.34222
480.18913
520.35179
481.25974
519.68754
437.65523
519.46658
520.29429
448.52945
478.52884
519.31826
479.15996
481.24357
437.93659
440.11751
452.87427
500.32046
519.78048
440.18265
520.06866
437.92954
478.55252
452.76719
506.2876
482.00334
482.12598
440.29391
519.8267
519.82294
499.78575
519.81327
483.36399
483.11082
481.23254
507.34964
520.04481
480.9331
480.31394
481.83097
481.35474
483.00719
481.23953
480.81551
481.53297
482.83348
449.05816
481.24108
520.9668
519.69536
479.64923
438.03801
448.40782
506.68344
436.61116
431.86414
507.29689
500.34845
520.7284
481.25406
506.44702
481.57323
480.81881
483.54173
519.89375
480.82975
480.91822
483.34269
481.01596
519.9427
519.91977
519.87535
480.74446
483.10915
480.7133
483.00019
483.53194
519.9041
482.98331
480.53689
482.96785
480.87441
519.87188
507.2956
483.24465
483.0149
519.87514
519.90023
500.20818
483.16634
480.76649
482.89015
519.85286
480.7985
480.6311
483.23339
450.92716
482.63466
483.17451
481.15637
480.09686
481.01945
519.86082
481.08203
519.84358
519.86537
483.19206
519.81355
481.13883
482.77862
483.13347
520.79237
519.82905
483.12246
481.08669
482.93448
480.881
480.87913
520.11969
480.86566
482.86499
481.16437
480.81182
519.8359
480.70499
483.24331
519.87867
483.13201
480.73514
483.19659
480.47148
519.90503
483.43893
519.87651
480.83683
519.85011
480.94452
519.85637
519.86947
483.42247
519.87732
483.33219
480.85539
519.87057
519.88363
483.24944
483.44327
483.34608
480.92833
483.54133
483.55778
519.88392
519.86384
483.20736
483.53017
480.94081
480.50394
519.89681
480.5013
483.1619
480.60729
480.70999
483.11649
519.84799
483.07582
483.06707
480.82017
519.8343
483.34108
483.04828
519.82367
483.03098
480.87774
519.90859
482.96929
483.26119
482.98685
483.32552
483.20032
481.00351
483.26366
519.82677
483.0023
481.00598
519.86342
482.95714
481.04987
519.81281
482.1288
519.58573
483.05877
519.80297
519.80829
481.20757
483.21757
483.34535
480.81899
481.05641
519.82209
483.0177
519.80977
519.84198
519.79324
480.75019
482.78891
483.16808
519.92478
480.53338
519.86839
519.79523
519.79508
480.83261
519.83676
480.93162
480.93771
480.47297
519.80538
438.11831
507.33922
440.0018
452.98417
500.38213
453.09774
437.82273
437.46074
448.64142
449.09621
481.10097
519.5572
478.47313
481.24294
478.55915
500.28461
507.29675
479.44397
507.32803
500.31153
506.19905
438.16524
482.58586
482.08161
519.22753
438.11053
482.07706
481.80121
453.1528
482.6622
520.0003
483.10686
479.14968
481.37057
483.19777
519.93703
483.27008
481.13007
520.15523
482.32412
482.84213
482.96138
480.93696
482.59998
481.66186
482.37051
481.29287
482.40523
483.04426
481.43288
519.17593
481.96318
520.01251
481.48208
519.53307
520.12542
483.37745
481.25212
483.39183
481.11906
483.11538
481.0767
483.27095
519.80111
480.83862
519.84957
519.84993
519.80605
520.00117
480.99296
481.14814
482.70543
438.02809
480.48758
483.14397
437.54646
448.57545
432.61412
500.24516
440.06405
520.00236
506.27359
519.80656
452.98825
437.93112
432.58427
479.15335
439.70624
519.84467
520.01806
483.34658
506.25439
482.73122
481.08949
519.74162
438.01951
480.93797
519.89548
520.28899
519.92152
519.79496
481.91495
480.66253
481.06994
520.30764
482.13874
481.72323
519.78869
519.27929
479.32237
437.45491
479.30447
519.86057
480.89074
481.73179
483.8662
519.94424
479.90147
479.99772
519.89522
519.93462
483.74502
519.9342
479.99205
519.92622
483.84517
479.90333
519.86434
484.11655
479.76765
477.88689
519.93083
479.76954
483.83201
479.91298
479.98662
483.7333
483.67518
519.96325
484.02849
519.91313
484.12242
483.79545
483.77769
479.93638
480.29033
480.31813
519.92681
519.91617
519.99632
480.23437
519.53957
519.929
484.02501
480.22048
484.03456
519.87775
479.90323
480.26596
483.87903
480.18992
484.04574
519.87738
480.24663
479.99735
483.96696
483.98022
480.07989
519.9029
480.37647
483.85988
480.32997
483.91984
519.95352
480.08002
519.94597
519.93205
483.80207
519.84828
480.05763
519.89453
483.95549
480.20503
483.60203
519.9373
484.24362
483.56846
483.61465
519.89986
519.95659
484.10922
519.93879
483.66049
483.79221
480.05882
519.91245
483.76748
519.91644
480.12528
519.94932
480.35303
483.71714
480.23998
519.85937
483.58265
480.178
519.89289
480.2498
480.41812
483.82368
519.8928
519.85746
519.91189
480.17175
483.88087
519.90297
519.91683
480.50476
480.3581
483.74829
480.48738
480.22006
483.76398
519.88234
480.57804
480.4037
483.83712
519.86035
519.88475
483.62995
483.69187
483.47787
519.87613
483.71439
519.87314
480.29268
480.56919
483.67257
483.45787
480.60069
519.88446
483.70797
480.28684
483.56911
483.54358
483.34914
483.45329
480.34883
483.44828
480.35847
519.89343
483.30134
483.54474
519.88004
483.32973
519.87524
480.72799
519.74809
519.89138
483.4401
480.35557
519.8995
483.30484
519.88772
483.55165
480.74747
480.20805
519.92547
480.58614
480.35432
483.55913
483.41925
519.81959
480.59141
480.72231
519.86408
480.8805
519.87581
482.89455
483.75279
483.52922
483.24837
519.91276
519.8606
480.49502
519.90952
483.79886
483.82664
519.95857
480.11702
519.93707
480.08725
483.81513
480.49717
480.44679
483.90554
519.88249
519.85056
519.89848
483.63257
480.23117
483.59487
480.2686
483.66093
519.93242
519.95078
519.86425
480.32607
480.42822
483.70359
483.59291
519.83275
483.48402
483.51463
480.51163
519.75389
483.79605
480.46609
519.81894
480.42249
483.72917
480.51731
519.93434
483.55779
480.61486
519.91556
519.88783
480.27629
483.64835
519.9057
480.73198
483.65369
519.97206
519.91894
519.90507
480.59822
519.84713
519.81523
483.26672
519.95635
483.80128
519.87316
480.36106
519.91386
519.91818
480.28828
480.15768
519.88272
483.37995
480.34762
519.91911
483.29427
480.47917
483.17119
519.83976
519.93809
480.27522
480.72133
483.35572
480.60994
519.93355
480.7186
519.64151
519.97521
483.6443
483.15395
519.94786
480.33414
480.14979
480.34064
519.9539
480.26334
519.87745
483.74304
483.51739
480.92189
519.9214
480.71737
480.62067
519.94226
519.98798
480.18146
519.97303
519.83324
483.11373
519.95178
480.45538
483.83164
480.23611
480.42028
483.54177
519.95498
480.158
483.91265
519.97917
519.97739
519.92894
480.21933
519.89049
483.64058
483.69188
519.88117
480.11981
483.72428
519.96825
519.82393
483.27296
483.85833
480.07121
483.61317
519.95295
479.97281
480.18155
483.8591
483.73609
480.37425
480.32529
490.71366
480.27928
519.60671
480.19717
520.03815
480.49764
480.42401
520.01642
520.13981
520.0727
477.88183
520.00766
490.80759
519.50565
480.40968
480.19937
483.75865
479.88366
483.98591
479.8938
483.88125
480.23792
484.09288
519.5754
480.13758
519.96026
483.64566
519.94105
480.26507
519.9387
484.00674
519.40198
484.08899
483.59023
483.56881
519.9908
480.1549
519.94213
480.34607
483.86733
480.20882
519.98854
519.97207
480.37637
520.02329
519.90153
483.90697
480.38424
480.2715
477.8864
519.98172
519.68228
520.00438
480.22358
484.01562
519.9372
519.9109
484.09672
483.88608
480.41899
480.27743
519.92997
519.62288
483.79994
519.47924
483.99845
477.88523
483.75367
483.67817
519.95224
490.72961
480.55561
519.94251
483.40152
520.05185
519.92692
483.9243
480.29933
480.43686
480.22355
483.99933
480.20969
484.01564
519.88075
480.28798
519.90967
480.02335
519.91002
483.81936
484.05796
480.16317
519.86975
480.05065
484.13804
484.20111
479.9491
484.19343
477.88744
519.32215
480.00938
519.32874
480.1426
479.97282
484.10151
484.07714
483.90099
519.89724
484.17461
519.87456
484.27571
519.91941
519.94047
480.15075
479.84888
519.91655
483.89049
519.8746
483.97767
480.26429
483.96199
483.78314
519.86722
483.84731
519.87411
483.95064
519.89622
480.01545
519.9179
483.71941
480.05361
483.78871
480.20937
519.90734
479.72995
480.11929
519.94986
483.98843
479.94018
483.9119
480.22263
480.11111
519.4829
479.92661
483.91752
479.95119
477.89259
480.13236
479.86889
480.08926
519.52823
480.178
519.36022
480.30025
483.9867
480.29602
483.88218
479.9593
483.9268
484.04653
519.86439
483.74841
519.86526
484.11433
480.20021
519.8988
483.66183
519.86359
480.20308
484.0713
519.87559
483.92498
480.1212
480.30455
483.92028
483.93243
480.42984
483.67419
483.79261
519.89033
483.67423
480.24219
519.89418
519.90932
480.36001
483.85435
519.87393
483.85339
519.89466
483.72342
483.73663
480.49202
519.88411
480.41843
483.54317
483.62792
483.6288
480.6321
480.74555
519.89447
483.45053
480.44828
483.39447
483.42487
480.30392
480.23148
483.62485
519.88264
480.39949
483.36237
480.36424
483.79866
519.86954
483.5554
480.61803
519.88461
480.27375
483.52577
480.28544
483.38099
480.21431
519.87985
483.60537
480.2774
519.8565
480.27369
483.52088
519.88373
519.87525
483.32962
480.52292
483.56455
480.7308
480.80687
519.90018
519.91317
480.7617
519.86655
519.90657
519.91923
519.88134
480.70216
519.84943
483.78269
483.8466
480.39051
483.72934
480.3802
519.888
519.87762
483.61858
519.87587
519.88393
519.90362
483.66624
480.37549
483.72128
480.0464
519.85732
483.77332
519.90334
519.90276
480.23638
483.66451
480.22836
483.73934
519.86003
519.89421
483.62225
483.84602
483.70798
480.15545
480.16825
480.2275
483.74583
483.94421
519.8888
519.85457
519.84476
483.8945
480.33875
483.89127
519.88946
480.40313
483.83285
519.85541
483.73173
519.87201
480.46493
480.47428
483.76992
483.58713
519.85725
483.77701
519.88083
480.55336
480.39641
480.44703
480.12187
483.72731
519.91158
480.7194
483.55435
483.56985
520.04655
483.11033
480.45288
480.50358
483.28697
519.85401
519.85521
483.74556
480.10318
519.91736
483.50561
519.86723
483.78522
483.50652
480.30842
519.67725
483.58066
519.86324
483.49346
519.90595
483.27778
483.5446
519.87627
519.85424
519.87238
480.4783
483.15501
519.86966
519.8748
480.31651
480.12436
483.88009
519.84681
519.88074
483.55099
483.44459
483.77026
480.21482
480.29504
483.64542
519.84552
519.84288
483.65375
519.84904
519.89963
519.87055
483.94042
519.87864
480.19548
480.33472
480.40269
480.15498
483.70561
483.7068
519.91909
519.84219
480.11994
483.89841
480.30069
519.84628
519.8899
519.85535
483.79995
479.98815
480.23417
519.92422
480.28609
483.74633
483.59714
519.85354
519.91258
484.02006
480.02297
480.28225
483.89768
483.9399
519.88114
479.95681
519.90488
484.06669
519.91874
480.31823
484.07732
519.90695
519.86222
519.87044
519.87629
519.87321
519.8919
519.90991
483.37912
483.72529
519.8729
480.4282
519.85228
483.75569
480.12755
480.02572
480.45336
479.97213
480.16158
484.00158
480.23406
483.71955
483.82552
519.89144
483.75777
479.96542
483.88053
519.88159
483.65431
519.83043
480.17731
519.89182
484.12311
483.84101
519.91318
484.05746
480.03522
480.12753
484.25835
519.92353
480.11474
479.89964
519.93033
483.8886
519.93312
480.11499
483.91532
519.9119
519.88529
519.8742
480.09949
480.24871
483.87803
484.27741
519.92367
479.59996
519.93416
483.86729
480.36373
483.91235
484.25109
484.26571
484.08883
479.63434
519.91442
480.15771
479.60152
519.92813
479.73
483.99558
484.01072
480.00938
480.19605
484.00957
519.92626
519.90874
484.10152
480.29104
480.16792
479.73759
432.67162
437.70823
448.9603
506.17451
432.50015
432.59439
449.17381
506.21892
507.27761
482.70159
519.42922
482.53704
481.42043
520.382
482.12164
483.25054
481.14683
520.29851
481.45644
481.13474
519.24986
519.81087
482.37857
519.91067
519.95308
480.70991
481.11597
482.33679
479.59403
481.26856
480.28386
520.64716
481.34736
481.34243
481.38228
481.45606
519.57533
481.34377
520.24615
500.43024
480.90724
480.74502
481.22765
482.91918
481.77779
482.6313
437.49879
437.47411
482.88155
482.19497
507.05258
519.73107
499.62889
519.56775
436.35928
437.52299
478.95438
480.58777
450.16258
437.71591
479.40233
432.41745
481.06215
506.61163
432.37812
439.81423
519.81638
481.07139
482.24084
520.1443
482.25442
519.66338
520.46793
520.1259
483.16434
520.51761
482.35378
480.82785
481.42934
482.91442
482.70614
481.19446
482.08964
480.76457
519.26422
520.0424
481.46547
520.02027
480.91156
519.79319
519.49991
480.63965
519.8103
520.14976
478.53928
481.24727
482.17124
439.82737
439.89148
432.57716
450.46001
519.6485
482.9478
507.34889
437.46159
519.91431
483.46989
519.93469
480.92411
480.5155
483.36078
480.98717
480.52964
480.54708
519.71935
483.43892
480.80649
483.18942
480.52145
480.74724
483.31959
483.11531
519.78238
483.18623
480.75774
480.77269
480.93504
480.82457
519.81204
519.81365
483.09863
519.81656
483.01201
480.84449
519.66795
482.64386
482.7118
482.88413
481.42596
519.76918
480.79088
519.79707
482.07818
482.14163
480.87552
480.81782
481.0632
483.27555
480.74651
519.28854
483.20919
519.7924
481.01334
480.55272
481.31996
482.24234
481.07681
432.62875
480.98679
483.29399
480.99323
483.35066
519.86496
483.36324
483.10275
519.79896
482.96838
481.53202
519.58991
483.24189
483.13987
482.81858
519.85461
482.6213
480.71683
483.01943
481.73512
483.10793
483.28568
519.56111
483.21901
483.02498
480.82924
483.22522
483.20181
519.90558
480.92411
519.94811
519.89191
480.5183
519.70399
483.47372
480.90844
483.31662
481.0798
483.45134
480.76346
519.84206
480.76162
483.52014
480.51747
483.51483
483.50746
480.86186
519.87386
483.28968
519.85302
480.47155
519.84617
480.6745
483.83493
480.7035
519.84266
483.1221
480.82443
483.18818
480.67407
483.10387
519.86165
483.46115
480.7713
519.77475
483.41003
480.6993
483.24593
483.13937
480.81964
480.76176
519.87662
480.25236
481.85598
480.97364
483.02843
519.99792
519.67458
520.17202
519.67118
482.28054
480.74291
482.3346
519.81355
519.82302
483.18484
519.83201
480.95097
483.32423
483.3034
480.45229
519.97836
481.37827
519.79663
483.16332
482.647
481.50771
481.05654
519.5937
483.33255
480.93415
483.40557
519.85017
519.83215
480.94139
483.31965
481.26416
483.15257
519.81886
482.11085
519.68055
483.25856
483.05021
483.29931
483.25987
520.00817
481.47835
480.67761
481.34538
519.86349
483.16668
483.13299
480.53569
483.20776
480.64652
519.89731
519.94883
480.8269
481.06384
519.85319
519.78497
519.82364
519.81552
483.52763
480.73934
480.86207
480.64501
483.62198
480.6266
437.31243
449.55865
507.01752
478.97426
481.13006
519.10344
507.02977
479.41217
451.02257
481.13339
519.63673
480.84373
482.53054
520.76017
481.21008
481.22565
519.41634
482.78462
521.10416
480.70915
480.63183
520.71253
482.29253
520.29025
481.11484
519.61983
520.07751
519.8127
482.48763
481.84552
481.34131
480.0041
481.43601
482.62617
482.97988
482.07522
519.77264
481.29239
482.20488
482.2591
480.8963
519.80275
519.96841
481.92149
482.84148
480.94519
482.81427
519.8412
436.30432
499.48991
436.05572
478.99179
437.40885
449.61354
499.44198
437.40674
506.70556
449.87652
520.1701
506.64875
437.59718
432.41444
449.78314
520.22741
479.37962
519.5255
478.84796
482.65446
449.39517
480.70317
437.32325
436.77642
482.95675
520.13136
506.69365
482.04612
519.67848
482.63489
437.44017
480.79906
481.96519
432.53512
449.65469
436.89811
448.9222
437.21008
432.65157
449.46303
519.88926
481.95972
519.23316
481.37672
482.05334
481.37343
479.32611
519.91125
481.99199
479.22953
480.65034
449.83367
507.14413
482.32493
480.8102
479.84412
480.82159
480.78768
519.85129
483.07127
481.00566
519.94681
481.06968
479.75781
481.43926
519.90066
482.81542
520.32337
520.76673
520.35791
483.2571
482.14051
479.7463
520.26899
481.42569
480.77486
519.83918
519.82275
480.98589
480.81234
483.0944
480.80047
519.82884
480.97277
481.04966
479.16359
519.82309
519.7927
481.89265
483.55398
519.81503
519.81444
480.6888
432.71643
506.19381
507.33807
520.31779
506.14495
449.45341
437.19632
500.47797
481.29519
519.89835
432.69187
520.73069
520.36695
481.29004
439.16203
437.29332
436.78909
478.58093
453.67042
439.16099
500.58525
481.30774
438.58683
449.01133
439.27981
500.61416
483.08849
481.37539
480.57632
519.97284
481.45531
520.778
482.17087
481.4951
482.11797
519.85746
519.82299
482.93603
519.80101
478.55813
482.56386
482.76275
520.31127
506.12805
519.99631
432.71892
480.63432
482.85212
482.98012
499.86194
479.29854
438.04591
482.93741
499.57808
452.32952
449.53646
479.33406
500.26318
519.84982
482.06258
519.20788
506.49874
483.54166
480.70252
483.64098
483.42061
483.42605
483.5387
480.71445
483.64048
480.26573
480.4199
480.35664
519.92176
483.32399
480.614
519.86802
483.15505
480.7088
519.87496
483.12759
483.28554
480.67209
519.91456
519.82168
483.37742
483.13314
519.82336
483.54957
480.73354
480.56435
520.32454
480.74144
519.83151
480.47174
483.03918
519.88032
519.8979
483.2964
519.88313
480.95258
480.72421
482.82145
482.21568
483.29247
483.34065
480.90057
519.80951
519.81198
481.07004
481.03733
482.83883
483.01234
483.15801
483.23265
519.72951
519.84319
520.24754
483.28763
483.53224
480.93989
483.34164
519.84451
519.83806
483.43818
519.83808
483.29161
483.24305
480.76488
481.87903
482.87502
481.01905
479.33518
480.60275
480.71001
483.17514
519.85963
480.63923
519.85982
480.6192
519.89818
480.46651
519.90989
480.88351
483.28335
519.84697
483.33638
519.84434
480.67353
519.94083
480.82888
480.87467
480.67941
519.961
483.17628
480.82893
483.22131
519.87944
519.82472
483.63485
519.8631
483.55441
480.79465
483.34198
519.89618
480.43675
519.91944
483.65291
483.42087
519.83551
480.79242
480.66782
519.95081
480.32037
483.54517
480.36602
480.67259
483.17532
480.73625
519.88897
519.92223
483.13227
519.85091
481.0299
480.90591
519.84643
519.90655
519.88815
483.29586
480.38636
519.99972
480.57936
483.14013
483.30127
519.99942
481.55682
483.1933
480.86631
519.97294
483.1431
482.04703
520.40525
483.21207
481.22572
519.61466
480.39497
480.95776
519.88288
480.89417
483.35722
519.87398
483.45436
520.01929
483.30927
480.87867
519.67268
481.60823
480.44483
519.92888
519.89186
483.18111
519.86051
519.82921
482.94774
519.88534
519.86201
480.6031
519.87599
483.31492
483.3442
483.32095
480.34753
483.55723
519.88052
483.2921
519.91627
480.84292
519.83721
483.10134
480.64421
483.56657
437.80261
478.95078
507.07847
479.28448
437.14115
450.4277
499.68365
436.5763
449.64174
499.95003
443.93513
482.8255
443.8001
500.44025
437.33058
506.181
478.5732
432.25101
482.04456
506.24395
500.51333
478.97917
519.71765
506.51614
481.5834
453.77272
437.19359
483.04725
519.23634
480.83423
520.52208
481.5415
519.03317
448.77424
481.40364
519.86858
483.06702
483.49386
482.31481
482.0116
520.20567
437.08576
450.04182
432.41238
499.87918
483.24094
519.13395
439.10365
437.10344
449.65265
478.95338
482.09473
432.47788
519.78875
506.3673
520.04598
478.96945
481.29185
437.81861
478.88422
480.89099
520.73343
481.16292
478.9413
506.6154
437.95936
479.5073
519.52069
519.3435
480.46701
483.14073
482.36333
519.89078
482.66528
482.65859
519.90919
520.99976
482.68845
482.63854
482.90144
482.3811
481.51317
481.40744
482.92999
519.67388
482.93845
480.64379
519.53001
483.19751
480.39588
482.17135
520.01974
451.3613
436.30679
433.35608
482.8557
482.39164
519.36793
500.6103
482.37129
500.41406
507.28059
483.76509
480.44121
483.21492
483.44425
519.91875
483.55926
519.91616
483.56979
483.57885
519.94672
480.50912
480.09649
483.62415
519.91238
480.04406
519.94406
520.02261
483.82634
480.13197
480.0079
483.59356
480.00133
483.94974
483.82066
519.9109
480.20414
480.01182
519.91931
519.9728
480.30456
519.93149
480.2524
519.95165
479.95486
480.2454
483.98455
519.99876
480.07131
483.8269
483.72833
483.96929
519.93207
519.91121
483.83064
483.67151
484.08526
519.9205
483.49469
480.32489
520.03499
483.89931
519.96184
519.90578
483.70028
480.37301
483.77158
483.67918
483.76689
519.91365
480.07306
483.90123
480.3196
519.91296
483.95398
480.20808
484.01534
519.44246
483.8185
480.04167
519.9377
519.35934
480.15571
477.85849
519.55537
480.16698
519.40317
477.85481
519.31358
483.96824
519.39373
480.02125
519.8967
519.54414
490.61081
480.44687
480.37332
480.40897
490.56232
519.61263
483.54158
519.90266
490.69026
477.85754
484.04575
480.45734
519.93297
480.29721
519.36437
519.93049
480.12343
483.99922
480.4953
519.94605
480.26018
519.94275
483.67215
519.92909
480.43384
483.83937
480.36996
480.36191
483.89718
477.85848
483.90945
480.38865
483.85262
519.63449
519.95049
480.53175
483.57106
519.96576
519.97182
483.64695
480.55211
519.86881
480.32874
480.43094
483.66727
480.18198
519.861
483.48462
519.93858
483.66584
480.68979
480.75204
480.29048
483.78211
480.40792
480.19712
519.94591
483.65339
519.9835
483.41658
519.91393
483.57631
519.99215
519.957
480.24443
519.90094
483.64168
480.20319
519.89744
483.56681
519.92773
480.92631
483.76328
483.34722
480.56542
483.36383
483.7496
483.43382
519.87431
483.64287
483.44596
519.932
480.45238
480.37855
480.13198
519.90403
480.33106
483.89322
519.99725
483.80138
519.90928
483.99111
519.36011
480.12025
519.92845
483.88379
480.17526
519.93566
519.91949
480.11725
483.86097
483.82013
480.02906
483.64256
519.94119
519.93788
483.7665
480.01075
480.05705
483.75618
479.95611
480.16072
480.26571
519.92858
519.89727
519.91818
477.85987
519.89149
480.39639
484.06837
483.68167
483.63489
519.92463
519.91989
480.34715
484.04979
519.89385
480.27103
483.95422
480.14775
483.86519
483.81252
519.90812
480.19841
519.91641
519.89673
480.34046
480.38165
519.94149
519.40147
483.74941
480.46472
483.54833
519.93167
480.59371
480.79084
519.94353
483.40746
483.18063
519.85409
483.43731
483.55301
480.56102
480.48134
483.56793
483.40837
519.90261
519.91399
480.27284
483.63516
483.55745
519.88271
483.53669
480.23698
519.9022
480.1721
480.19043
483.79129
480.18698
519.90968
519.83995
480.73095
483.30373
480.91284
519.87524
483.80425
519.91822
519.89682
519.82583
480.40124
483.31639
519.93809
519.84982
480.25521
519.88104
480.68916
483.46685
519.86745
480.43621
483.75312
480.31406
483.67714
519.88432
480.30211
483.63313
480.51262
483.67673
519.89219
479.98772
483.80558
480.56988
483.7363
480.4062
519.92219
480.73679
480.46151
483.94354
519.85516
479.99836
483.85859
480.08923
519.88812
480.2108
519.88256
480.59894
479.97695
483.84841
483.84017
519.87721
519.91111
519.87858
480.18958
483.89242
519.87288
479.90155
479.91245
519.51757
480.20339
491.00484
519.91904
484.05208
479.77071
483.95623
479.87129
477.86914
480.26376
519.98838
479.9378
519.54015
519.39978
483.99526
519.36376
483.74795
519.33288
480.35072
480.31448
483.97672
519.40267
519.53497
484.02924
490.92132
519.32895
479.99698
477.86324
519.90833
479.91703
479.95849
519.42546
484.07158
520.03471
519.92203
483.793
479.88036
479.93086
490.74763
483.96715
519.91074
519.53937
480.42139
480.19684
479.88257
480.01385
519.89169
484.11009
480.36797
519.87961
480.19631
480.3911
519.92213
479.99377
479.94531
477.85918
519.45092
519.99469
519.96228
484.02518
484.09789
519.93676
491.06193
484.1885
484.12708
519.33371
519.91341
479.85175
480.15558
484.15106
519.38196
491.11812
519.90477
483.83
483.88804
479.94567
484.08571
519.36237
484.12636
480.2747
483.75254
519.90408
519.87525
480.12683
480.50104
519.99673
480.25885
483.34701
483.68001
480.6868
483.73546
483.79083
519.89618
519.87868
483.58195
519.90835
483.76524
519.84941
483.7832
520.00633
480.32199
480.70733
519.94008
483.52601
480.31814
483.89784
483.727
480.25082
480.34117
483.90535
480.21115
519.89362
519.85615
480.3629
480.27948
483.80198
519.85086
483.84725
480.39587
483.96478
519.90217
483.21105
519.8798
480.41938
519.87517
519.99804
483.63453
519.49805
484.01119
519.91524
519.8906
483.61227
480.08223
480.16248
483.68508
483.67448
480.33048
519.87114
480.47288
520.13032
483.52781
519.84678
480.65926
480.26004
483.37192
519.88961
480.45109
480.29754
480.12111
480.57952
480.3427
520.1544
519.81771
519.92772
480.20524
519.87625
483.64558
480.26497
519.90737
519.87089
483.69886
480.3729
480.37298
480.1845
519.85134
483.68749
483.9117
520.2968
480.42295
519.85534
480.59564
520.34423
483.63886
519.99029
519.88131
483.88046
483.72374
520.01922
480.71284
483.67036
480.27065
480.68116
519.91165
519.86846
483.55878
479.9387
520.12717
480.70374
483.31215
483.59737
480.68278
480.32695
480.38472
483.7535
519.94312
480.57896
483.30244
520.05482
520.34349
483.71383
480.53129
519.89489
483.66077
520.0604
483.31491
519.93705
483.18783
480.65675
483.24442
520.15665
480.20973
480.29668
519.93926
519.89463
519.89399
483.38882
480.40159
480.3558
483.51319
479.87899
479.82604
483.78561
483.36884
483.1984
480.76257
480.86857
483.58091
483.70275
483.15925
520.03316
479.95195
519.89509
483.03664
480.83455
519.92788
483.28676
483.29047
520.15879
480.51302
483.27198
519.86406
483.61105
480.88864
480.88995
483.53478
483.44675
480.44105
483.64178
520.16138
483.34383
480.57643
519.86259
519.88271
483.38976
480.65871
480.51897
519.87726
480.59723
519.86022
480.61844
483.54411
519.85784
519.86778
483.49059
519.82989
483.68512
483.39819
483.55899
519.89812
483.63511
480.77665
519.89521
520.06082
520.0651
480.53589
480.4882
519.85308
519.87256
480.31152
519.87597
480.42878
480.37013
483.85732
480.1341
483.78764
483.77457
483.60243
519.89784
483.89688
483.64699
519.91665
483.76489
483.65348
480.55185
483.74119
480.47989
483.50775
483.66771
480.61256
480.55058
519.87733
519.90928
480.42498
480.25089
519.89331
483.61674
483.55521
519.89208
480.32051
483.60493
483.89792
519.85653
483.49063
519.90391
519.85717
483.80599
480.28719
480.11964
480.20025
480.34317
483.60429
480.37933
480.04605
483.55882
520.04175
480.09668
479.98099
483.47393
479.92052
520.16129
483.41718
480.03888
519.94998
479.71621
483.28836
483.89959
483.35383
520.33806
520.29446
480.34769
483.96012
483.42361
519.94815
480.09437
519.8563
483.35726
483.91709
520.06073
479.78221
479.7704
483.84395
483.58282
483.11081
520.0245
483.65545
520.16171
483.80885
520.05003
519.95598
480.53675
480.41446
483.91066
480.36561
483.61035
480.34025
520.34075
480.19472
484.03208
484.15654
520.0646
520.05302
519.85527
480.25019
519.89061
520.06119
520.0586
483.54683
483.79077
480.08565
483.74038
519.88639
480.15022
480.30876
483.85832
479.92113
519.95289
483.86214
483.66036
480.47427
483.98015
483.8548
519.93619
479.91014
483.84786
483.87163
519.95939
483.82607
479.88446
519.96442
480.10062
484.16165
519.96492
480.16023
519.88225
484.10853
519.88211
520.34133
483.83991
480.10519
520.17655
480.00649
480.27883
480.20441
480.3655
519.89319
483.96571
520.02552
480.21925
483.05356
483.74878
483.1688
519.3586
519.86052
480.47598
519.90267
519.89908
520.00239
483.81964
520.02747
519.94788
479.65901
480.14067
480.45836
480.34252
519.9087
480.08169
477.93719
519.53879
479.82821
484.36152
479.71383
479.33095
484.25328
484.13439
520.03893
477.88403
479.89112
519.37952
491.06656
480.47634
498.04977
483.97072
484.37722
519.9093
480.28724
519.82586
519.94342
484.38656
479.8895
480.00445
479.56122
484.10142
519.92885
483.87675
484.27851
519.33654
479.68369
484.46228
477.87548
479.84115
477.87034
479.72115
519.52421
479.55133
480.47992
480.32595
484.38507
480.09279
483.90211
519.90143
480.00016
519.48348
519.88297
479.87629
479.78393
519.50731
477.87643
480.04242
519.33866
519.47328
519.90268
479.98781
491.54725
484.74882
484.47224
483.74188
484.30531
480.03844
484.26748
519.31759
480.43036
479.77644
479.35488
519.07883
519.95988
484.21286
491.33143
479.84575
479.73757
483.81653
483.96987
480.0257
519.36803
491.47109
519.92511
479.82509
479.57422
520.0379
519.51679
519.66875
479.7413
479.79048
484.03508
484.22991
484.44806
480.04414
479.90003
479.73089
519.37345
519.94596
483.79298
519.32311
519.96459
519.94162
480.02465
519.5409
480.06355
480.11288
479.89979
484.26548
479.6607
484.28793
479.99184
477.87373
519.90074
484.08429
519.928
483.75842
480.23206
483.80604
519.92452
484.09759
479.95095
519.92044
484.0643
480.16326
483.8682
519.94104
480.12373
519.92654
484.16129
480.38682
519.92328
480.26724
479.94837
480.33717
484.121
519.89703
519.94651
480.07697
484.06104
480.26735
479.91167
490.88667
483.88388
480.30587
519.91171
480.39191
477.85825
519.31739
519.50996
480.10479
519.41553
484.10565
480.17634
519.93801
519.40954
519.92555
484.20392
519.92247
519.56129
483.89294
479.94402
491.00968
519.5575
480.15137
519.89692
484.16245
477.87939
519.35334
480.16287
519.57305
483.83309
519.55067
519.99516
491.00949
477.88067
480.08512
480.22046
479.5104
484.07178
484.35663
491.01341
484.03044
520.16608
479.86773
519.62725
483.85896
479.71346
479.8808
483.84358
480.05639
519.91785
483.92879
479.64991
477.92734
484.11573
483.79723
519.9913
479.9461
479.81692
480.0304
519.89012
479.97994
480.03653
484.2297
519.98223
519.89385
484.13828
484.04131
479.86724
477.86656
520.1452
519.95597
477.8635
519.89192
519.88631
484.08378
483.89912
480.13664
480.1929
480.20547
484.01571
519.32225
480.17565
484.08995
490.98498
483.86606
519.87579
484.01983
519.88386
484.24018
483.85408
484.17692
480.00663
519.90205
479.99039
519.89125
483.90068
484.08338
519.89074
484.03037
480.14103
483.8263
519.87792
480.05045
483.88638
480.43325
483.94824
483.71742
483.78839
519.88813
519.87872
483.76881
483.96121
480.24224
483.96765
484.04188
519.91608
480.06599
519.92582
480.24093
519.916
519.90716
480.46975
483.52966
519.89762
519.91362
483.71744
519.86045
519.88903
520.00797
480.26886
519.89887
519.95413
520.04433
483.72781
480.11189
480.10564
483.67759
519.87385
520.07317
483.97474
483.48224
520.16264
483.22935
480.14847
519.92057
480.30863
520.13859
484.18618
483.61585
520.16886
479.5795
483.80086
479.80284
483.51346
519.93624
483.88979
483.82
480.03414
520.02167
484.23667
519.93122
479.58161
479.66748
519.89053
484.19501
519.90909
519.90557
520.18899
480.07012
479.58696
520.10209
520.16432
479.61607
479.5687
480.13364
479.63487
519.39415
484.43812
479.96119
520.07786
483.75965
479.72668
483.78639
480.06762
480.16635
519.99173
484.22146
520.20147
519.93373
519.91906
483.75415
519.991
479.74914
520.07298
519.90758
519.33248
477.87604
484.28118
479.87569
484.13069
491.17179
480.01282
519.64604
477.88683
484.21878
519.39652
519.91859
519.92811
483.97154
484.11357
479.79314
519.33134
484.36241
483.8261
519.90113
479.75083
519.89498
483.99118
519.56643
491.32932
484.28989
480.15433
479.99701
480.04588
519.97582
480.00164
519.90407
480.13435
480.05365
479.91996
519.92999
479.89944
519.91671
479.74005
484.18491
484.21995
452.48826
452.1565
519.45168
484.63082
480.8019
483.63143
519.57184
510.02266
482.36317
480.82037
480.34057
519.56333
484.0022
505.96447
453.118
504.97754
456.44615
458.75352
483.37745
519.575
483.41971
517.05607
483.23811
480.66462
516.89303
483.87817
480.72984
452.33091
454.76798
519.08919
481.56928
483.58047
484.19371
505.69206
451.62217
483.16812
480.71172
480.27643
455.99857
509.75173
453.37936
516.93135
482.00085
481.2448
516.99267
483.36466
483.42145
479.02676
489.0186
480.0446
518.45819
516.75151
518.13771
481.98992
517.835
523.51224
482.7472
480.94373
504.77176
527.2921
510.25643
454.34916
482.90005
483.75431
483.2211
453.21723
480.3951
477.7782
517.81314
483.98177
484.14554
483.46911
484.66557
480.39803
484.37263
520.02358
504.54815
482.82859
480.3201
480.3066
519.24323
519.97378
483.84214
480.22547
480.23084
519.97139
483.61866
519.90669
480.3519
483.78288
484.84456
480.01224
521.02076
481.61166
521.3988
517.3202
477.31147
482.24122
520.8592
482.44411
480.31279
520.8753
519.91472
521.40734
481.62312
481.85477
481.83881
480.02498
478.06701
520.82646
485.15202
486.15957
484.34102
480.37366
482.19091
476.16007
525.73218
473.25153
485.87841
522.49331
521.99284
475.23129
476.09514
522.50008
483.88058
482.40323
486.19781
481.38346
477.24797
522.91047
482.60835
481.25697
486.12125
480.47818
477.44108
482.52705
485.37001
521.44771
518.42622
520.54564
482.69548
481.20772
522.36943
482.07532
481.00426
479.365
480.97545
482.81427
481.84734
482.45226
521.29999
482.36445
481.33547
480.50439
521.54341
483.59538
519.95477
521.22081
520.91099
480.77488
479.00409
518.4442
483.22194
522.22324
450.98766
480.66702
480.21133
519.59749
504.93338
505.05114
481.89575
482.28028
480.41227
449.14625
510.49345
504.46644
519.40327
478.31575
518.81878
482.83089
519.73031
521.6508
481.00055
482.17089
481.42097
519.63989
484.63415
517.5958
518.25594
482.00699
481.6734
482.92194
481.50589
519.77966
481.51677
487.29648
520.67176
480.54355
522.74975
481.62558
518.43729
480.75981
520.33477
480.74127
482.02305
483.21022
482.68256
481.06695
484.1656
482.29711
482.6215
521.444
522.25893
482.60631
481.06008
482.89028
522.10518
506.7671
510.43541
482.53099
520.07984
513.81305
480.36567
520.23961
481.33417
482.44351
449.55113
480.42932
517.57567
445.54121
480.64647
446.5151
510.29592
485.89916
449.08772
491.80451
517.11784
484.53328
481.01971
447.41396
451.57884
488.90093
480.34594
519.90489
483.29447
479.44225
519.9978
516.72568
518.83978
519.79988
479.73458
479.77794
524.64719
482.99855
483.79766
478.23511
479.45544
478.96869
518.18067
518.40445
478.49311
480.25331
489.92918
479.56266
517.15143
481.59865
482.78922
479.76818
482.62274
510.35145
481.07334
449.81952
517.46417
522.8557
480.45016
482.06178
482.0829
483.10214
520.7292
518.01519
449.88668
520.30476
481.32931
520.27777
479.8615
479.63735
524.10198
510.14559
520.84703
481.74606
480.39275
482.60085
504.52509
445.25849
480.39548
480.70436
480.05264
481.43224
519.598
480.86027
479.99054
481.7066
483.16253
479.67953
521.89349
521.06892
481.65509
481.04826
481.01845
450.18502
479.73135
440.22872
519.16258
520.4498
521.57374
479.60676
489.2733
445.4558
480.96523
480.09918
478.00569
448.08745
517.36119
520.67873
479.98126
476.63913
480.00272
482.89621
481.29255
476.25542
521.8909
520.70627
479.16604
521.33958
481.27536
484.2657
522.39759
482.17166
486.00804
520.48493
481.558
521.19089
520.29919
521.51776
479.04281
481.4167
520.89247
479.82896
477.88893
490.84162
482.59815
480.87433
482.85876
481.0168
519.97236
482.86405
480.96304
519.29417
522.85471
480.58134
488.92531
522.70523
515.92049
478.55607
448.54875
481.68113
504.97838
504.0773
437.27557
520.16181
481.6541
483.78973
489.01019
519.78024
446.4725
445.90349
439.2582
504.01641
478.04036
480.31606
490.30661
479.21415
521.32067
482.52188
516.56751
519.95885
481.23635
518.05297
516.72848
482.36532
492.35916
482.00685
480.21185
479.40018
518.7209
479.08149
480.72915
481.5717
521.23673
484.64764
518.73341
481.24338
480.12261
479.61693
488.62853
481.50158
481.07214
481.05313
520.0969
520.0502
481.1259
481.75789
517.89964
504.57409
482.56108
483.83684
478.38728
516.68564
519.61424
520.21203
510.57812
504.0576
519.01207
481.5752
520.97956
482.93838
518.58943
521.45171
497.21058
505.14629
481.169
479.46511
480.84529
483.46859
443.8711
479.4736
488.30208
480.04594
521.85492
478.60206
482.71017
521.68328
444.56309
521.60799
479.71062
484.6999
481.92683
482.24595
481.36784
481.43479
481.41959
481.38551
482.1408
521.13502
521.40911
480.8695
480.48123
482.01877
481.05724
521.49928
480.7618
521.44848
521.1582
510.40863
481.16448
481.53065
480.72107
521.10647
480.11232
480.48198
480.89856
520.1775
483.55026
520.25295
482.14587
510.67031
521.26351
521.04103
480.9775
481.73757
480.41729
480.26804
480.99473
481.9763
482.51111
482.12203
481.30788
481.79665
482.43007
481.54362
518.73393
521.58664
521.28932
520.23407
480.44978
482.93755
521.73962
480.09363
521.13409
481.37066
520.56049
480.59364
480.09891
481.57888
482.4188
481.3759
478.02146
504.52564
486.83849
479.78804
520.60251
520.89291
479.98369
521.34042
480.93821
520.03091
480.13013
479.88042
488.74457
482.62438
482.35708
482.52859
521.3069
519.9232
480.99629
481.45124
482.5968
517.904
480.32513
480.5474
482.04352
481.66702
481.94986
521.73225
482.13614
480.69779
519.82467
487.5212
481.36467
482.12965
480.288
481.61762
479.98977
480.52453
488.95076
520.84664
481.92865
482.18033
480.52641
480.06886
521.2916
480.32559
520.7403
482.14419
480.68281
481.8131
480.5008
482.41882
520.47578
520.74108
483.20685
482.82642
482.93043
481.60396
520.4823
480.55764
482.56479
483.41276
521.80406
521.4965
482.8982
481.37476
482.19201
521.16006
520.22006
482.45067
480.67211
480.7359
520.55173
520.32688
520.95874
482.76145
518.88476
481.72223
520.40208
482.11162
480.72565
521.15866
482.55706
482.37438
480.80561
520.57084
519.98641
481.21205
520.82838
480.78125
481.85138
480.55966
482.33586
519.05133
482.20101
485.26799
482.58243
519.82781
483.01929
480.98585
480.95627
520.91155
482.6593
489.74315
481.1606
520.00786
482.92424
482.3681
520.2959
483.01
480.82896
480.77942
480.35134
520.91862
482.50138
481.05162
520.59772
479.92993
481.09584
477.06821
482.82975
480.62506
479.96588
488.91692
472.02869
483.99487
520.98871
520.19276
484.13071
480.62775
474.20271
475.73844
520.19953
483.41977
520.77861
483.61798
482.81231
480.35496
520.37611
480.39594
520.06506
518.82723
519.94406
478.15487
482.6897
482.51608
516.72934
484.56342
481.90543
483.7302
524.56814
481.34357
483.40242
483.45475
520.65885
520.16573
480.71324
519.06145
482.58575
480.12814
521.02346
490.01879
490.835
481.59601
477.9305
481.63695
522.13009
480.31032
522.95277
478.17327
482.4509
517.12889
482.28778
509.71516
477.0413
515.21833
505.89135
478.52258
524.71522
482.3138
483.84743
517.76844
482.74337
482.56253
480.68519
480.99811
520.21679
483.22306
454.01699
479.4373
481.27847
453.84442
454.09701
484.80058
484.85568
482.27741
505.01149
482.80804
517.8599
477.51874
477.84076
483.78588
453.45932
454.85304
520.60774
454.25382
504.92533
458.4877
484.14794
518.51997
424.64129
457.4153
507.42947
484.40954
455.22263
507.514
517.23627
521.67099
482.23836
518.77999
517.48773
480.05661
506.14819
477.23132
506.07061
484.59377
447.1888
453.66635
523.1803
485.96352
476.44595
522.44067
479.51291
481.31498
474.53173
517.50824
484.82801
491.40315
481.27217
475.80443
485.38526
482.27765
523.89021
479.70559
480.03373
517.50343
483.08986
517.32734
479.45049
488.54445
480.88169
483.74342
519.22296
517.27427
480.48698
479.01681
480.63509
527.72019
480.81262
521.58864
520.46256
521.93807
474.37446
483.28186
480.49152
478.02694
522.79795
482.33875
483.033
523.03798
516.36525
483.75879
478.08794
482.37236
483.96785
520.36987
487.48814
478.39627
481.07539
517.99064
517.87655
518.31187
483.60552
515.48309
523.45519
482.73003
483.02956
480.33036
519.44138
480.69849
477.36279
478.761
480.79246
518.06242
518.54497
519.32988
481.67494
480.48619
519.60845
483.14675
482.98025
477.78496
484.62462
480.73522
518.88112
490.31544
490.13966
522.17673
475.71594
517.07235
520.46159
490.32392
477.76302
518.18877
477.42407
481.3383
525.42284
522.6658
520.80111
482.97316
518.8005
482.37509
481.42198
483.09595
518.89796
480.46855
476.37929
483.2795
482.72987
483.62751
480.79375
484.20606
482.98184
482.67037
521.76323
488.41546
525.70418
517.29002
519.10294
519.22676
488.03237
481.83122
481.59291
518.8706
521.61532
479.74985
481.44029
475.68566
481.12331
481.76126
486.78217
486.33124
519.70225
481.69904
481.97638
481.78349
521.64698
481.60753
482.10251
519.15355
481.60752
480.87783
482.95523
481.0595
487.55762
521.90012
481.47529
519.99866
480.97907
485.9712
521.65993
481.28874
482.34835
481.2344
481.41721
482.26207
483.15568
519.68852
480.1729
478.70609
481.09304
481.11142
481.58913
482.00126
519.10153
484.21584
479.31657
482.90543
481.80881
482.85652
479.81169
481.22889
517.7183
481.44686
482.62312
517.94206
481.74802
521.57708
487.3796
478.91435
523.01701
481.41874
480.76656
481.52653
481.60055
482.78232
482.84067
481.50922
480.61819
519.85081
481.6184
519.91438
519.98727
519.87431
519.8663
518.69054
482.90892
481.38237
519.85509
482.53197
482.5349
519.91324
502.79646
482.21782
481.17778
519.83188
481.42695
520.18235
480.99736
481.24484
520.74554
482.56324
519.91478
482.64582
481.08877
519.90828
482.92701
481.19275
481.32195
482.84658
518.16111
481.22121
482.63643
481.49693
482.54099
482.6314
481.05714
482.85367
482.76421
480.9762
482.77893
481.05291
481.09893
480.95594
519.84744
482.71243
481.15412
519.87814
519.96328
519.86509
482.56395
482.71608
481.10233
519.97616
481.05776
520.64425
483.0277
481.40253
484.86645
482.98233
519.91845
482.34826
519.94989
519.83733
519.9269
519.96287
519.90337
482.77458
521.5855
519.89565
482.93194
519.8827
519.84742
519.82857
519.88599
482.02865
482.16949
482.26558
482.40798
482.42674
482.74813
519.82622
481.63711
481.40722
481.67998
482.69355
481.74074
481.2072
519.8752
481.26724
519.89716
482.42693
481.1824
481.47254
519.83085
481.71892
519.79027
481.61919
519.8247
482.15634
519.91142
488.40195
488.71981
481.1869
481.30755
519.74464
482.76711
481.85733
482.68238
482.88154
519.89167
482.32586
484.70355
483.75158
516.87729
505.49346
457.43233
464.14597
505.98873
461.35964
483.13674
459.46233
462.64661
506.35052
519.79281
481.70515
519.81327
481.73836
482.852
520.14305
483.73715
482.68754
462.96891
516.65431
481.96484
519.95862
526.69522
481.31368
462.12051
456.47061
516.61258
480.02658
505.94278
482.9195
466.36887
481.58693
483.08931
484.30201
482.06414
454.95957
458.37167
483.70052
519.66813
482.3549
516.62959
506.23732
483.3054
511.8963
478.02353
518.3407
520.16353
479.45895
482.27876
481.39223
520.51786
488.06808
482.56931
480.32434
480.36571
480.12229
521.18599
520.09323
483.16334
482.69428
481.19525
480.75893
482.96715
481.31395
482.78766
519.91389
482.32634
482.59639
482.82142
481.25126
519.20633
519.74143
519.82532
519.82638
482.84317
481.16045
518.8451
481.94014
482.91978
482.53177
477.36281
488.18724
480.88227
482.34622
484.26865
481.03318
519.55174
480.50123
478.24477
519.66755
518.20155
519.88883
481.27071
519.85015
485.01104
480.38698
475.78558
482.97962
520.58557
507.65975
478.50596
480.05524
481.09545
519.91767
520.58869
523.52484
519.66703
478.85563
518.90144
485.67626
481.43794
481.17321
480.80897
483.16613
516.10077
481.04409
484.96066
520.50039
519.32964
483.66304
483.31515
479.10607
485.98188
481.45769
515.70126
515.34863
484.18384
518.88805
505.98695
483.17601
517.97831
478.14422
478.76433
505.66719
477.45923
482.61469
520.03758
523.55748
509.86087
455.25504
459.08834
455.53251
459.52226
460.27193
461.72686
465.97188
481.22318
476.90788
478.8803
516.61928
526.89702
507.19056
504.98292
483.08527
480.76147
507.33075
482.44044
478.15462
520.265
518.05735
516.02019
515.12163
483.31011
504.05377
510.45781
452.52195
452.68187
481.48985
455.12428
428.27054
482.21463
427.39299
447.69925
428.07213
504.7808
483.89975
446.42826
439.11844
505.86352
452.7851
471.63201
437.4374
490.49677
480.65224
521.70869
515.54545
483.56956
520.56532
509.97873
509.82705
448.20445
520.23148
476.80346
523.79799
490.7531
476.05311
478.58169
481.29916
476.33223
519.60644
479.13667
440.78301
505.81902
478.67323
483.6505
452.43368
452.10873
479.97394
478.20358
520.10191
488.06332
481.58399
480.78259
481.61682
521.27145
516.6784
506.5557
509.66631
505.25408
505.05997
476.99774
521.48993
520.05066
503.80344
452.83928
475.99031
483.40876
521.04703
505.39736
481.34623
489.08366
479.95559
479.94201
489.38415
479.70448
519.62477
481.99448
518.76583
455.2982
484.52199
480.66542
481.22166
480.83893
520.45227
483.15316
481.82852
481.30134
450.53253
505.48884
519.87387
453.98744
504.03863
483.09323
454.64874
451.13379
478.16141
483.18947
522.59428
519.10142
480.81041
505.26313
476.28715
507.12131
458.10165
445.68946
504.44649
473.27214
455.64724
482.96054
481.14792
490.86506
483.07692
481.16606
482.75986
519.60775
521.59514
481.3568
485.44397
518.72337
481.26779
484.42106
482.7744
480.32938
519.74306
474.74047
482.95614
520.7582
522.2111
520.64524
505.74315
478.69215
480.17386
489.81666
520.57106
483.01975
482.69941
482.02652
520.80901
485.23278
480.73793
519.23506
481.55337
481.07502
480.89289
519.96437
506.80505
479.61907
478.83686
480.39508
480.31325
520.15818
482.8548
482.59387
480.62251
481.17752
519.95797
521.40763
520.18469
518.04826
448.51302
504.7844
510.28467
490.01175
490.85053
485.23933
523.12683
519.34421
510.59157
449.2055
505.06275
480.65873
521.24572
478.53574
520.42896
520.41981
478.2769
488.80291
479.6884
504.63042
448.23981
482.27357
448.52236
483.42546
480.70016
479.60749
481.17356
519.24798
521.35589
483.33913
519.91199
520.23869
481.23163
483.0126
482.8653
483.05635
481.05841
503.5377
519.73089
516.15512
479.84522
518.91305
520.55032
519.7118
521.46141
510.34544
483.88511
518.81691
519.91985
480.85074
489.08334
480.89767
521.33422
480.23318
481.51591
520.26422
482.79011
519.48794
482.50935
481.1576
478.06215
519.9972
488.96641
519.63996
517.01873
481.28051
517.8491
520.70124
482.96463
520.18738
516.50388
521.21611
510.60417
508.05355
521.11923
449.91207
480.03144
480.02349
480.01182
519.88703
483.79936
519.89321
483.77178
519.92458
480.02769
480.25346
519.93056
480.06961
519.8885
483.63553
519.89472
480.08671
480.05543
483.60536
483.53492
483.71502
483.96804
519.89015
519.93762
480.11665
519.89221
519.89785
480.30576
483.8034
480.45061
483.94703
483.77926
483.9463
483.94237
483.8855
519.88914
483.8612
480.1463
519.93023
480.26786
483.69937
519.93276
483.99423
519.89622
479.99492
480.36362
483.96401
519.89413
519.94953
484.15309
484.29216
519.98493
520.09349
483.80675
519.93849
480.19191
484.02403
484.08539
519.90916
484.05454
519.92899
479.98705
480.24796
483.68978
519.91811
480.21349
520.06617
479.97654
480.37733
479.75468
483.75438
479.6958
479.64077
480.29201
480.06168
520.0624
483.73866
483.968
520.05009
520.01616
483.60876
480.27872
479.7586
483.75242
483.80442
520.06241
480.08296
520.11221
479.70908
480.20545
479.89747
520.10946
483.81793
484.03874
479.57958
479.58648
480.09439
480.01244
479.99886
491.47978
520.03003
484.47645
479.85252
484.38602
479.48975
479.89061
484.31796
484.00283
491.34896
484.39255
479.76247
519.95734
480.04615
477.87594
484.23571
479.9899
519.94286
484.35893
480.14951
477.87923
477.88636
519.95029
491.27638
519.3348
479.70757
484.37151
519.94517
480.04092
479.82593
484.17961
479.62462
484.0969
479.61181
484.4395
519.4185
519.96371
480.08162
519.38723
479.97449
519.35917
484.03289
480.1003
491.17947
519.37984
519.92586
491.09504
479.74112
480.18983
483.87564
519.97053
484.24861
519.96856
480.18358
519.98907
480.10436
479.84321
520.03504
519.98019
520.05849
480.29752
484.21365
520.11315
479.75124
480.12479
519.50746
520.02178
519.93012
483.85858
483.6576
479.98517
483.78805
483.7544
479.88433
484.0843
519.97206
479.8328
519.98679
484.08624
480.17055
491.42642
520.05536
480.27692
483.81823
483.99521
520.0014
480.37131
479.78187
519.95737
483.99572
480.26407
483.69935
519.95869
484.17843
480.03431
484.19658
484.11268
477.89021
480.11578
519.38368
477.88776
519.57941
491.00676
483.82123
519.40947
480.15456
484.21622
480.24907
519.95056
519.98781
483.96047
479.78297
479.67705
519.97455
479.96508
483.98669
479.81166
519.41936
519.45308
479.96117
479.85952
519.95184
483.58981
480.18718
480.12102
519.93794
480.25821
480.06049
519.94942
483.69779
479.90223
480.35106
483.92509
484.00015
480.42417
483.82858
483.81721
520.47365
479.96257
520.13446
519.65072
480.44884
519.88857
483.84201
484.01858
483.74677
520.02044
483.58308
480.08369
519.97011
483.51412
519.94605
483.5324
480.21076
479.86478
483.78689
480.4158
480.48683
483.64419
519.79628
480.33534
483.45346
483.71238
519.90218
480.52986
483.74464
483.36732
519.86586
480.39003
483.30153
480.65739
519.95513
483.60571
480.28944
519.96029
483.18743
519.72132
480.36701
480.66803
519.91462
480.58705
519.95222
519.96026
480.25641
519.92544
483.75839
483.454
519.90364
519.90618
480.14454
483.63129
519.94255
483.50373
480.07735
519.91995
480.16956
483.79336
483.69713
480.49382
520.03928
519.9398
519.53706
483.78189
519.95478
519.90235
480.56693
520.07065
479.92986
484.01292
520.02799
519.8795
484.16847
479.97889
483.73233
520.04428
483.7912
484.00751
483.63372
519.97568
480.42152
483.59415
480.51252
483.84719
519.94898
480.59111
483.71657
483.80137
519.9472
480.61068
483.66036
519.97792
519.95227
483.33911
519.96256
480.69878
519.92123
480.4663
483.63838
519.98659
480.02819
484.02505
483.88748
480.0081
483.7936
483.58913
519.97344
519.88337
480.89201
483.50427
480.77666
519.96171
480.47763
483.50163
480.79643
480.48239
483.59078
480.63874
519.63137
483.25505
519.99848
519.58089
483.58176
519.79493
483.88519
480.49726
483.72952
519.93001
483.62099
519.97162
480.10394
519.58924
480.28209
483.92409
480.32419
519.9265
480.34899
483.87225
483.84878
519.9288
519.90206
483.79721
480.46847
483.75853
519.88424
480.26424
483.55863
519.88344
480.53876
483.68331
480.6095
480.54041
519.89601
519.90591
480.27952
483.49205
483.84165
480.5355
519.92533
480.25081
480.137
519.88752
483.62234
519.90234
519.91885
480.18953
480.46056
520.10249
519.92507
483.944
480.13963
519.89252
480.10108
483.71084
519.89278
480.21595
483.64756
519.93393
480.23705
483.91862
480.02811
483.59637
480.32278
480.32567
483.47983
519.9005
483.43433
519.91405
480.27076
483.31219
480.37841
483.48715
480.36351
519.92873
483.48153
483.67478
519.90583
483.7693
519.92715
519.92338
483.58808
519.9132
480.54076
480.42926
480.54366
519.94897
519.91883
483.74202
483.71868
480.21574
480.4714
480.26967
519.86834
483.5287
519.87706
483.61713
483.81869
480.60912
519.92153
483.54916
483.89808
519.93748
519.90722
480.2959
480.48344
480.44434
480.629
480.68542
483.10156
519.83156
480.49809
483.62394
480.641
483.51259
483.25484
480.84253
483.48827
519.62074
483.38776
480.40186
480.36517
483.41982
483.07064
483.26917
480.80134
519.98691
480.35132
480.36383
519.47289
483.78166
480.47706
483.18402
516.93672
483.46767
484.2564
483.67062
452.94169
446.5664
454.74098
505.69566
430.46483
483.13284
444.33502
442.57384
483.18674
510.92234
519.56235
444.55454
505.52975
446.97555
450.19125
447.37303
452.74133
519.60511
480.87923
483.2134
503.68921
504.2801
483.74603
483.62983
484.03683
516.93969
451.1518
481.06923
482.80921
483.73743
517.81114
478.51643
481.5065
483.18506
522.9582
520.16822
505.03362
516.50779
509.84588
515.44244
504.842
479.59151
476.11707
518.60366
483.81102
483.1081
482.32932
519.80883
518.52066
489.16717
516.72667
480.68972
484.45988
509.73251
483.43262
503.77678
477.54947
504.18475
485.92693
482.60603
517.55928
483.99624
518.46007
481.34126
483.54015
522.72053
526.62053
482.39089
519.57075
481.70281
480.81636
478.56778
481.88555
489.73293
518.29994
483.52294
518.56328
482.4459
482.67973
481.22661
489.75096
481.7432
480.97311
482.68083
518.91665
477.58339
482.32494
482.16367
517.9051
482.87449
482.33838
482.06807
479.94223
520.60937
481.46878
518.32657
480.59747
479.97732
478.90793
482.49799
481.5726
482.24046
518.5356
521.7013
483.62199
480.18399
519.22801
519.86775
483.67991
480.19261
482.65202
481.26438
490.38144
483.93408
519.0631
483.74751
480.44345
482.72201
480.76155
479.56598
483.2105
480.81557
521.34052
483.70777
518.64324
477.33343
521.7283
521.16464
480.26066
480.12113
483.6856
483.32644
480.8124
479.82139
521.36129
480.33336
480.57197
480.73282
480.4172
480.24508
477.69469
481.24394
518.67773
521.35106
518.15034
483.35624
480.15837
483.86042
481.31707
518.99709
482.81855
521.07476
519.96058
518.7539
521.16789
483.47963
521.45614
483.56234
518.19403
483.66504
480.60298
518.74433
480.75887
480.81815
483.30847
521.10915
519.41754
518.59642
484.67681
482.4333
516.474
481.87081
521.40374
474.23653
490.20759
483.33974
479.41774
517.94695
480.77428
519.77295
483.15839
480.54709
482.5822
480.93335
519.71631
481.29409
521.25637
479.23256
518.64145
480.13782
479.16894
481.50951
481.74632
481.96115
482.85012
518.32878
483.5928
520.08919
485.86515
482.26074
482.30481
519.01725
481.18665
521.349
482.31766
474.6149
482.07217
483.66418
482.34646
521.12022
481.69469
522.25755
481.18599
519.28413
519.86782
484.21082
519.89143
482.89362
483.64782
482.79362
482.37397
477.72334
484.56633
521.15917
482.28884
519.86553
482.86934
521.18244
482.3862
481.44378
518.97123
521.17573
482.0471
482.49631
485.19632
519.18832
518.93279
521.08417
484.37325
483.18312
481.32155
479.88407
521.21702
518.95176
518.60921
521.17313
481.40972
481.57872
483.57923
480.83965
483.43494
480.846
482.70463
518.89817
482.28299
481.90642
518.732
481.81022
478.73739
481.79949
480.63676
477.81689
479.98053
518.01263
480.42661
491.22778
479.88641
519.25535
490.55839
518.96649
480.10377
521.48668
519.13992
481.27856
483.69613
482.42662
483.43256
475.33695
478.37236
517.02713
481.20227
477.02518
521.57431
525.29989
519.2278
483.44548
521.37028
480.25301
481.55926
483.58688
483.15211
518.55664
505.87936
474.44348
510.01645
483.3789
482.99178
516.84653
519.83846
478.84246
481.93475
509.7015
482.76589
483.42929
455.51109
488.44772
480.45994
484.04892
480.98459
518.8493
519.33451
482.84373
518.80799
484.31892
509.93085
480.19151
518.4976
485.98624
518.9036
482.31233
519.66109
479.3796
483.08744
482.23232
520.07324
518.49362
483.35153
482.60592
504.95489
478.74459
490.61553
519.89205
504.75951
527.52915
483.94146
454.48296
505.12094
456.81156
455.53182
519.37984
483.34127
481.38753
505.67705
482.81411
519.44
452.95565
481.0192
519.33757
483.24226
450.85083
454.16915
505.55104
519.6206
482.74739
516.42637
476.0189
483.1565
483.06143
519.80451
480.84125
483.14672
519.66724
483.2243
480.93176
480.61589
483.19853
519.7978
480.59975
519.88756
480.85141
484.54115
481.67682
481.28973
483.33689
519.69127
505.24098
519.27277
483.18295
480.71978
519.53068
480.83684
519.82923
483.36779
483.3822
480.79364
480.79301
484.50639
519.70246
519.91659
519.85977
481.04862
480.4476
480.78938
481.71209
483.40212
483.47112
480.8536
519.99412
483.07288
519.80094
483.31122
483.16266
483.47986
519.80247
509.71341
482.88894
521.86002
480.32345
480.75163
483.20481
480.99697
478.77922
519.85291
518.66311
480.82867
519.88641
519.85519
519.86163
519.86695
483.32652
480.61496
519.85458
483.52654
519.94912
480.63747
483.62246
480.67735
480.68533
519.90017
483.35518
480.43129
483.55302
480.75993
519.01109
483.26722
484.39065
481.34205
481.2415
480.49657
521.42651
519.87027
519.89246
518.89344
482.95018
479.28705
480.47558
519.92443
483.41545
480.43499
483.42664
519.87052
483.54119
483.26471
480.51292
519.61622
519.70217
480.68583
483.01524
520.1989
483.1481
480.74428
480.55183
480.88089
519.8799
519.87183
480.60659
519.84421
519.8864
480.5275
483.16834
519.74404
481.76638
483.40454
480.8723
519.90062
483.49079
480.60125
480.68923
483.439
483.09548
480.42496
483.4782
483.60668
480.19559
519.88259
519.91319
480.40653
483.33813
482.44402
521.15423
480.74271
481.39066
483.55936
483.25264
483.29415
519.86155
480.74001
484.24453
483.57439
483.39739
483.35036
520.07594
483.26954
521.42743
480.79665
480.79283
519.91092
519.9406
483.18894
483.29649
481.16265
482.98768
481.11114
519.85833
482.69649
481.10913
519.36669
481.04481
481.0419
519.80673
483.00566
480.90124
519.62776
480.91849
481.17715
519.65595
519.85318
518.86164
483.00746
483.04119
483.22248
483.17704
483.66215
519.94552
519.90871
480.49591
483.04471
480.69906
480.94786
483.28864
519.92842
480.79612
480.64708
519.82719
482.901
482.89135
480.92069
481.08594
519.88055
483.49566
519.90724
480.36796
519.87865
483.18975
481.11049
482.62764
519.78522
481.23109
483.17513
483.23211
481.05789
519.70269
481.19485
519.86221
481.08669
483.20303
482.79932
482.99619
519.82505
481.25963
481.42529
480.92803
481.08554
483.31776
483.10631
480.67893
519.81175
480.75014
483.30425
480.30275
480.81099
519.87136
519.86262
519.9196
505.4243
483.17279
483.40853
480.91866
516.14345
482.74182
482.87976
519.61056
481.27671
519.8355
481.35373
481.07275
519.81099
519.84087
519.81907
519.91316
519.78042
480.69704
481.47936
519.802
481.38815
482.82518
481.30561
482.64907
481.42303
482.82784
481.38457
519.73894
482.61605
519.78374
481.32783
519.71608
482.73607
520.03826
482.53006
482.69501
519.77324
481.23739
482.62975
482.72857
519.67217
481.34759
519.88721
519.67077
482.67998
481.24032
480.82264
483.0747
483.48616
482.80849
480.97727
480.93251
483.07037
483.20118
483.11656
460.41421
484.43228
481.00326
481.16842
458.92434
506.05798
483.32003
457.6222
483.28774
483.11981
483.56102
453.96759
455.68589
451.32403
482.79181
519.81967
481.23186
450.03983
482.90389
510.37852
509.70614
455.90896
509.62253
483.45256
481.89893
481.31336
481.03726
482.42222
482.38841
482.7562
519.69392
516.81031
510.23379
481.19218
480.1032
479.62235
482.192
517.96084
482.16709
522.72627
482.80666
480.81353
483.10758
522.90645
514.94638
491.7524
481.1111
519.96427
481.29704
480.98392
514.21019
524.24742
484.37632
486.46893
481.18625
482.48485
521.34395
483.07246
484.33287
483.57546
519.68401
488.47598
456.49713
480.82024
483.19076
483.83503
481.49936
516.88136
521.05685
480.07351
517.94856
482.7148
477.32246
518.68625
519.76876
519.94965
484.89564
481.65824
481.14595
481.60808
517.56847
519.92743
482.87702
519.35608
484.03708
504.62808
519.70834
481.73212
521.97161
480.95456
524.39387
482.27962
482.43929
482.86767
518.62973
520.04562
479.9706
478.53649
486.15646
516.45037
483.62314
518.71303
483.42743
481.20833
480.71826
519.22094
481.55205
482.66684
521.17538
481.74749
482.31465
518.95346
481.80927
482.08225
482.12076
480.48985
521.35754
481.26309
480.96587
482.50423
518.4415
481.13917
520.8485
482.73629
519.01924
488.06171
482.26734
482.50416
481.58543
483.80034
488.93856
482.10874
521.69528
482.8515
483.34181
483.07286
480.85333
519.82784
483.0393
482.08628
478.93904
477.35762
482.29055
482.34895
481.87235
486.58831
518.82843
479.85376
482.75821
519.00566
481.14163
518.98086
477.59687
519.03981
517.61588
520.88406
482.8522
524.00006
477.80369
481.38413
515.48098
519.30489
517.28178
485.2591
485.30334
477.21744
476.43393
481.54383
515.86328
487.68929
487.67612
519.32749
482.05271
479.45169
519.61634
521.37373
517.52763
472.99037
481.33277
487.81123
487.42304
481.1008
484.65223
479.16325
481.71331
480.93147
478.91134
520.66704
522.46078
486.98193
518.46974
482.0763
482.91504
486.4174
475.58641
518.55579
520.28393
481.01581
515.50665
478.82558
481.39521
476.94095
517.65706
519.02933
482.79808
519.02853
480.07941
482.96562
481.38952
479.80606
516.38616
472.52344
477.11963
485.21882
482.28959
481.08249
517.55584
481.38334
512.4116
482.24169
479.94064
489.04593
520.44909
481.4268
471.5079
480.4517
516.24961
511.5219
477.46836
476.84787
515.16596
489.67063
481.75513
482.30991
498.26207
480.99645
479.03393
478.02822
487.63807
479.05026
479.32893
480.87985
480.36579
481.41986
523.47899
486.0566
482.45135
487.63778
488.61771
488.72127
485.25367
482.29848
519.97492
477.84626
482.53688
521.76076
480.09656
514.32112
526.6169
474.80425
480.9569
476.10935
477.60322
480.16534
479.42244
476.71801
478.71554
523.38369
524.38381
488.66182
481.78012
481.08949
487.29092
518.49622
480.13044
481.31968
488.68433
482.97224
486.75632
471.30106
485.873
483.62426
526.08091
484.97307
480.31238
516.26831
480.19932
480.92721
483.62521
517.81253
519.43477
478.53689
477.19098
522.32712
505.17791
480.0279
479.80146
508.551
509.64787
527.90865
521.29278
477.77942
477.40176
520.34063
455.28054
454.35846
443.28191
482.58162
434.82661
520.4841
487.04736
481.81722
510.55811
478.5186
481.11955
510.9013
484.45605
520.66355
492.86484
520.18228
519.63417
452.6841
480.46344
461.76301
479.2958
471.89286
484.05715
463.41643
449.70497
520.15272
505.58996
519.02779
525.23737
479.08802
445.94917
519.58475
480.18721
480.51948
484.10468
481.14741
521.20133
482.89856
483.43294
518.4511
498.13575
517.7603
484.15916
505.09548
481.35319
482.34109
517.4177
506.30356
447.72292
427.01433
505.9967
482.82637
485.17466
458.46545
479.35518
481.437
457.66474
484.22516
517.31418
444.91089
519.53557
484.75061
427.05409
514.88189
446.04165
483.87374
507.22663
491.51363
428.51327
441.68477
475.72575
478.40107
525.16913
482.65933
504.37098
480.51214
480.44459
518.24888
481.20297
511.04064
514.34177
515.62005
479.11166
482.489
451.14096
452.17989
483.30682
477.5625
506.1353
520.54533
509.89061
460.25581
451.4095
457.74041
520.30338
518.25226
505.46464
484.20334
487.89875
485.18519
514.16165
450.96445
485.15827
478.04581
481.279
509.88407
505.39339
518.29769
481.30579
442.73389
516.95777
479.80404
485.75186
435.68849
481.61646
484.27401
478.09958
505.58661
453.75521
477.67553
476.68728
518.6324
484.1892
484.41646
519.45518
482.77046
457.09903
516.89795
505.44459
483.66932
516.62528
504.1391
505.61303
502.3238
482.70337
507.10028
460.90957
516.02911
515.45561
481.34846
469.79779
440.25792
514.71947
519.80234
515.29875
509.4856
478.06849
520.04112
510.39156
485.09908
509.7319
509.68153
450.5014
482.25585
481.34018
446.36302
504.56398
440.74736
436.75576
483.47486
515.9079
503.11077
456.38347
510.37768
505.88776
455.31735
447.49371
516.83038
475.74489
522.02142
480.76051
503.67831
477.63155
521.61333
481.07408
483.0128
483.53083
482.45307
519.23392
482.99583
482.31467
448.81548
475.52356
489.69438
519.99188
504.72526
440.15069
484.19851
483.15481
518.95764
482.33922
482.87742
483.70927
481.45446
477.74975
505.87541
520.23814
475.6017
481.23925
481.18699
521.35736
519.91391
480.50899
481.90825
486.33975
520.13289
482.21584
485.38014
479.63761
519.68823
520.77237
480.12823
482.69386
519.03916
481.17256
478.23802
485.25116
481.16379
518.25654
480.98248
481.56186
503.62389
481.53716
519.94397
450.03996
445.00309
480.17406
480.48547
478.8482
520.15524
480.95852
489.65437
519.76096
480.53051
521.48397
444.64416
481.58551
477.47794
521.31205
481.39955
480.60625
489.67286
479.11366
518.59159
502.52534
443.60325
511.35718
521.40074
479.03442
507.44323
522.45466
479.8948
519.83715
485.35889
516.15117
519.50421
481.74496
517.70165
481.38296
483.14346
482.48776
481.24677
482.2618
482.32363
485.20955
520.35971
519.89554
523.82637
518.1903
482.47298
523.85194
483.08085
481.53993
479.73127
481.40639
478.72148
519.83249
526.15547
520.41882
519.02133
481.76186
482.71138
478.20275
489.4174
478.83465
426.63169
502.36152
426.81347
465.10223
430.04753
482.39039
505.34372
504.48856
474.77855
519.12183
509.25491
449.49625
444.52932
517.58594
481.35505
483.2062
520.19182
481.08895
522.7626
482.54051
523.57851
482.29224
480.72193
480.81474
518.65519
480.15817
522.11525
486.33525
510.48448
483.19846
483.32833
482.43036
483.1569
478.98914
519.8598
517.56385
517.79622
483.15847
481.81081
484.71475
481.91016
519.96813
477.92069
488.6933
481.60596
482.87729
478.88561
479.33196
479.04547
488.43057
521.33344
482.89668
516.07372
481.55586
479.65947
476.1198
521.73946
478.79547
511.14928
481.47557
438.0162
510.77446
520.91537
477.97088
488.97381
478.20916
479.14165
486.93997
480.61573
520.52408
481.29346
520.4082
482.25053
519.12034
506.59598
521.64136
520.60931
482.76937
482.64869
479.23863
480.80053
521.74055
522.0371
483.10527
520.44394
521.97928
521.84574
478.79891
482.32729
481.65224
520.58903
518.78435
483.60903
480.92692
480.33162
481.4238
482.25412
482.61758
480.17949
481.47675
519.54223
518.77643
520.94221
520.90382
483.95862
480.02089
483.18148
519.06258
482.31854
482.14891
482.37388
457.36283
441.08539
482.11794
481.12405
479.01647
481.17689
480.50601
503.99055
481.9906
481.56434
481.0693
483.57453
522.21037
481.89503
482.73432
481.03518
483.55951
519.88182
481.97504
520.91332
480.80803
481.5902
487.01417
477.74245
520.34563
479.63773
520.40619
519.68796
519.93165
483.91645
519.8296
480.94559
481.85059
520.54015
522.77357
526.66568
482.17046
480.42426
482.79566
523.41375
521.24218
520.27235
520.59939
482.65424
482.68243
479.34689
522.31949
481.92693
519.86978
481.62872
481.23747
521.50001
479.33949
489.10911
478.01343
479.01284
480.92557
478.06594
482.45327
481.95587
481.73921
520.3855
519.26228
481.91337
522.31321
523.49508
479.90022
521.87463
519.84729
482.24932
480.72139
480.14771
522.00633
482.93167
482.32849
450.86516
483.21068
520.31931
482.61616
520.12786
521.5156
480.02443
484.65378
482.28332
480.99944
520.50722
521.10794
477.55881
488.78402
475.82235
487.95878
474.74001
487.79152
478.0246
482.66102
481.79729
477.82713
479.88431
521.6958
482.95612
482.59358
474.80842
520.81763
483.65443
518.69054
482.71012
480.23705
483.03871
520.28587
524.52993
481.02607
520.84088
482.69339
521.16271
483.05654
481.0982
481.24336
518.81863
479.20195
521.84658
480.07737
487.10202
482.13243
488.4094
523.3977
480.50118
526.93339
516.2348
519.32462
481.55168
481.24208
482.23967
478.46645
492.06728
480.28708
520.41883
519.29348
482.85467
518.53984
479.91838
521.64242
482.90633
479.49757
480.64836
478.2648
482.11236
479.52052
524.94983
487.18344
517.51982
527.6257
480.1254
479.65599
483.5516
479.3299
518.56106
484.17226
482.46724
481.7067
478.60778
487.15171
484.06237
526.28581
487.30559
475.87779
484.47374
519.74487
479.09141
520.81297
481.21968
518.83668
481.90094
481.27427
526.07339
481.22998
482.91452
482.34547
479.03035
483.22413
519.553
481.0897
483.11797
519.53273
483.06786
481.24239
519.78118
483.10426
481.00013
481.00527
519.65978
483.33734
481.10053
519.82852
519.516
483.33609
481.08185
485.24056
483.17305
480.11002
482.85605
483.19709
481.03556
483.1965
482.98435
483.36124
483.22573
480.84343
483.47319
480.73883
480.74662
483.66711
519.93647
483.48853
480.8214
483.12963
519.93119
480.61643
519.61637
483.60413
480.55836
519.92932
519.96531
480.56657
483.43115
481.11512
480.62456
483.41836
519.65513
483.60283
519.87363
480.75032
519.83875
519.57774
480.19247
519.71677
483.69892
483.42579
480.83367
483.35797
519.75788
483.56245
480.7722
480.39549
519.89975
519.92744
480.64172
480.93495
480.03524
519.87554
519.53004
483.01745
476.22068
480.59489
481.34814
519.97525
483.0342
480.91371
519.98693
489.5875
483.35168
489.34309
519.90967
482.90257
519.86514
480.98994
481.16767
489.04994
480.075
481.68888
483.23836
480.94848
519.48309
519.8518
519.93247
477.83556
477.73407
519.86062
482.67603
481.10216
521.1206
479.81982
482.15742
444.04366
503.36836
506.18018
483.77793
455.96586
506.75727
480.9303
480.09484
482.15599
520.54254
521.01221
520.57274
479.37348
519.49122
519.45419
453.99189
518.57348
506.97605
457.16793
456.46947
481.30524
520.54898
480.58419
481.79253
481.71315
476.62553
517.44077
522.51964
520.19355
517.94485
479.95651
488.17454
504.62679
455.93586
510.32488
519.48775
516.58211
490.37424
481.45144
518.3124
480.95335
517.96504
522.53664
482.18551
481.97794
489.88056
521.63949
481.69235
481.19981
480.48159
519.2818
481.24669
521.41365
519.97021
517.43989
477.92625
484.22599
482.2429
519.37546
523.72355
519.89756
483.33674
521.3661
478.44552
482.64934
480.0358
483.44299
519.77746
488.04249
480.52695
478.33723
518.35251
480.36727
450.11782
443.14187
505.37535
449.70847
463.21782
518.10774
478.70075
518.56846
480.33983
482.22853
487.75157
481.9073
482.9742
520.89751
489.25175
482.069
478.98095
478.51333
489.42671
478.21556
480.37406
506.0177
475.49105
483.01659
474.78118
478.77023
519.92873
483.21271
480.05846
451.4647
455.94808
481.22421
507.12642
481.19247
482.09093
519.27519
480.06139
524.71218
517.07674
481.28347
521.41501
520.72566
482.51048
481.18541
519.86307
444.17175
480.90819
521.26141
520.08654
478.05379
480.56223
520.59064
520.52942
479.82818
483.21447
477.80432
488.87789
483.84465
485.70082
520.11459
524.25323
520.64321
510.09375
484.78583
511.14563
483.43496
481.45364
451.64196
452.27411
453.03798
484.24492
450.98532
482.06356
523.7445
482.05181
487.44195
518.96895
483.16781
517.74398
480.34208
509.88776
479.30696
520.48012
482.95121
524.33801
481.5791
478.06916
483.15895
481.26394
481.71864
481.61081
520.42333
519.60631
519.02627
481.19142
484.77663
480.27047
490.08043
517.66478
482.01608
482.85175
489.94573
517.28115
481.60879
483.46331
483.39002
520.3068
521.24482
518.90286
518.26859
483.62638
483.914
521.00569
480.25452
482.77561
481.46088
516.55225
482.76787
490.01583
483.29823
480.30153
518.45753
519.75036
483.80362
480.09261
475.72244
482.9385
483.38269
517.96265
483.38714
482.15432
519.70293
482.21729
482.88122
480.55269
520.47571
521.24397
481.81164
482.41928
483.53211
521.03507
505.58754
481.78427
455.46143
452.52689
509.97927
505.71213
518.22643
510.30016
481.04828
523.91969
481.90283
518.37471
482.93856
521.98878
479.37758
478.13901
516.97089
520.44036
483.08371
483.35025
482.18428
480.14116
478.45624
479.18332
483.63149
481.91028
505.25682
518.4038
482.91852
482.5269
510.15302
482.44245
490.88671
504.09424
481.03558
480.39496
483.59206
483.01964
505.84115
505.02879
479.2975
517.11351
480.46281
481.67662
455.01156
480.15675
520.01711
483.25817
483.3465
480.39832
480.36794
504.28761
483.02134
480.21553
483.42261
520.01533
480.84611
483.48385
520.00883
521.39389
520.06008
480.40866
483.24926
483.28588
520.04491
483.60695
480.67767
480.12638
483.39248
519.38179
480.59411
480.85687
482.91146
480.32346
483.64938
480.81174
480.662
519.93542
483.74286
480.46503
519.96437
519.87148
483.52494
483.3011
483.84874
480.35872
480.42173
519.39388
484.26897
520.00372
483.77129
480.18882
519.79755
520.06654
483.72265
480.80838
480.44602
480.11011
480.2352
483.97254
480.52563
519.99516
480.43202
483.74589
480.39914
520.05789
483.88157
519.89063
479.9499
484.01427
483.52306
483.73639
520.01153
480.30318
480.33839
480.29726
483.48317
480.17921
483.14344
480.36241
519.95773
483.10949
519.77789
480.50339
519.98194
480.54283
483.11671
520.07917
505.18312
483.30359
480.55489
480.52732
483.06697
484.48885
490.71546
520.76234
480.61521
480.70714
483.53736
519.82444
478.50346
477.83535
518.18276
478.99937
517.43962
480.82528
521.11743
477.49105
482.73519
525.06148
518.03526
481.5814
519.24418
478.2959
527.34693
477.17952
479.09025
525.53046
522.98309
520.5763
480.0445
521.19796
482.59968
481.01214
478.20638
481.15445
518.54202
479.57153
520.73726
480.66238
478.29777
483.55012
487.5982
518.42551
520.97299
482.40319
483.85982
480.10248
487.44663
483.61756
477.17388
519.34637
524.72975
518.51571
520.48691
478.58528
482.48436
487.53346
479.74311
520.33444
478.61147
477.03348
451.80643
481.48933
519.42819
483.16708
520.06418
482.88852
521.51858
482.75983
517.18938
482.12181
480.64848
519.58368
483.53097
447.69203
516.9699
481.57391
454.17207
475.10543
481.75223
480.95
519.53607
477.60856
485.63172
518.93394
483.01884
521.74288
480.41861
477.69465
517.83719
523.62984
481.19837
520.01424
481.50127
521.43315
487.39313
479.83622
522.94631
489.95112
479.23384
523.24241
485.94781
527.54526
482.89827
518.73498
521.92204
476.61381
481.78556
482.10881
522.25827
481.00573
482.43642
520.12827
480.65573
519.29916
478.22469
483.3659
480.95293
473.87745
486.87416
485.11338
485.00923
481.22978
483.05829
524.2892
523.4595
480.11377
519.70099
480.44315
481.26741
479.04695
520.71786
477.40036
520.56499
480.99304
480.24792
521.41418
477.77522
480.06212
484.22161
522.60537
478.4685
520.22259
480.90392
520.09602
523.43538
481.07091
481.85007
523.6628
478.80694
481.63126
521.39793
481.6051
482.41894
481.35803
521.47576
483.37979
486.56268
482.48573
520.69314
481.56687
521.30592
481.33449
477.0373
477.10655
486.82863
519.41377
481.90607
487.29364
482.48906
480.2146
482.52125
486.65642
478.27243
520.88417
485.15466
522.3351
479.80508
521.00978
482.53609
479.01626
480.66533
481.73219
478.09464
479.42252
480.26576
479.90937
479.88333
479.39171
489.51673
478.74623
483.42521
483.6231
526.22002
483.31454
522.82739
485.77023
478.25633
519.38326
480.76531
519.25913
481.37119
484.59445
527.40557
476.71374
482.31851
482.88142
477.26237
478.89321
521.51787
478.40547
481.56319
481.89488
521.95784
481.76745
478.46341
519.31078
520.99815
479.82849
478.38334
480.7776
521.60178
482.91654
483.10787
478.37624
520.38656
479.58282
479.72559
483.65097
474.96363
525.2782
481.20691
476.5935
487.26846
487.42534
479.69494
485.15357
481.9985
483.0333
482.03985
524.13879
484.03601
520.85272
524.11651
519.1346
476.811
483.94848
481.44429
482.61465
477.93505
481.1013
480.03057
484.24562
520.62042
481.62589
482.0724
521.72755
520.07323
481.63866
485.87786
483.75761
487.62189
481.5419
487.27578
477.79898
518.07541
482.31613
482.49301
519.70866
478.87595
480.51449
483.94788
517.75241
484.47718
481.83263
518.0574
482.52985
481.28864
476.85425
524.15869
480.80533
489.27499
524.88684
479.60326
518.02605
518.21626
477.50906
481.41349
524.5256
518.33314
475.55729
478.31894
479.24296
479.6834
483.24767
519.76859
519.28126
517.36713
520.73047
479.17677
490.12276
479.67782
481.75607
477.7872
519.70951
480.94744
521.02411
483.95787
479.00231
521.74876
481.46772
486.74731
520.50996
479.51264
479.09839
480.8929
519.60816
478.14801
481.21632
481.16097
485.98616
519.23453
519.39105
483.10286
482.16956
479.21759
526.13519
480.74689
483.16919
482.62227
479.5921
519.79145
482.23441
518.65026
481.18401
523.9713
519.3597
520.59534
478.10278
519.60173
480.32521
519.95494
483.95611
477.87265
519.88474
490.60252
477.86214
519.52801
490.815
519.60329
483.79099
483.98652
480.90807
483.94768
480.14416
483.70145
479.58847
480.50067
483.6392
480.59501
483.39542
474.61018
483.74865
480.27385
483.96451
519.97587
519.93207
519.56911
519.96833
480.24962
480.11424
479.91748
480.28271
519.40209
477.79658
480.1934
490.53812
519.48411
480.0304
480.33603
483.4555
519.95384
519.76504
480.07721
519.98189
517.95341
483.37793
519.8971
520.01681
520.00375
483.75665
519.92972
483.50172
483.66392
480.41014
520.06187
520.00489
483.81148
483.71696
519.57318
483.89501
519.26194
480.02872
520.00991
480.26118
480.35389
480.1556
480.60238
519.13337
483.64392
483.54533
483.94466
480.38529
483.48162
480.12297
520.0116
480.09076
519.86014
483.41228
520.0078
480.17307
479.97484
480.4427
519.6188
519.94817
480.16362
477.87711
480.00058
483.80188
520.03813
483.74336
480.48457
483.72131
519.98138
480.6211
480.52541
483.80534
483.71907
480.41961
483.81574
519.97608
520.03367
520.00178
480.71683
519.98419
483.62134
483.43359
483.30207
483.61154
480.72472
483.49805
480.82194
520.00485
480.92626
519.96531
483.14364
480.24256
483.42855
483.44175
483.24697
483.63108
480.72093
480.42777
483.32975
483.1937
483.46475
480.14391
480.00528
480.72908
520.20603
480.25287
483.14772
520.04854
483.5634
518.61176
480.4217
485.37837
519.04083
518.89241
480.61809
480.32022
480.81814
483.65273
483.29716
518.49793
478.03684
519.9781
478.54927
525.07119
480.17665
480.27454
519.50048
517.90484
480.51722
519.98972
479.72477
483.6959
518.75719
480.26296
479.70134
519.74282
520.18885
527.98698
483.94128
480.10343
519.99105
521.99515
478.06732
480.00078
487.63697
482.55324
484.05351
483.26312
517.41649
526.10432
483.82577
478.29878
479.87882
481.2009
478.16483
490.33397
519.02444
489.83214
477.36095
477.55971
483.37177
520.59184
480.3201
518.73087
479.78303
519.90939
520.40185
482.25432
519.7616
519.58679
490.07685
484.45615
480.51523
525.51697
482.95085
478.35045
519.24689
519.58013
485.25284
519.38926
483.2214
483.9031
480.35599
516.3126
480.99575
477.54677
517.91625
483.07357
482.44676
481.70889
525.96192
478.90229
526.67748
488.73975
479.05958
518.8986
480.39209
481.03154
489.70753
520.25355
483.01588
519.85238
480.66044
484.23065
483.40074
481.65462
518.8602
475.59665
519.97305
479.82691
519.81316
484.51002
478.29845
520.1746
481.12175
452.79231
456.5576
485.12943
451.01315
517.80248
479.29847
457.61114
457.7842
506.2853
517.26929
482.80535
506.56863
464.52053
482.05823
482.27027
478.68737
520.28953
481.49934
482.12996
507.12094
483.01399
520.09294
521.1554
482.29052
479.21235
432.38631
453.51571
504.66617
492.4196
504.1193
482.36981
482.20043
481.64313
511.42932
481.17758
454.54705
479.67074
477.94061
483.2893
520.62626
520.85495
480.9424
519.29674
480.37784
483.17767
481.04971
482.60965
483.40899
525.42201
517.96068
465.04083
484.20769
477.89356
519.85555
519.96269
481.74201
504.08229
481.8116
431.86193
522.57921
485.12389
483.83393
476.0832
480.70597
516.19749
517.46999
516.75395
486.00677
518.23365
519.51283
519.84357
476.98904
482.44429
442.05176
476.22806
453.12212
479.01845
509.27394
505.99765
479.47661
481.33001
510.61643
521.71513
480.48053
519.96679
480.21286
480.78566
480.87285
483.09021
480.87093
483.00466
519.69582
480.95894
520.03202
483.38403
519.98369
519.96959
480.88262
483.33313
481.91952
481.34394
483.21075
519.77007
480.48742
483.32006
480.63886
482.71797
519.99383
483.23786
483.47078
480.70614
519.97393
483.63481
480.49185
483.24134
480.49814
480.42451
480.27571
482.6929
483.45831
519.98463
519.91697
481.43463
519.70101
519.92876
519.93955
520.13684
519.9754
480.2934
520.00912
483.22106
480.44994
520.01838
520.04423
519.61733
519.73494
477.83714
483.66975
519.60742
477.83799
519.99761
477.83021
480.41195
480.64141
480.46887
520.04028
520.00661
480.72784
483.17606
483.38251
520.32533
481.08357
480.58511
519.8122
519.99604
483.47859
483.10305
483.08572
519.99794
482.09349
520.86575
480.83264
519.34867
483.37908
520.04334
483.63956
519.96271
483.28311
519.67848
481.64054
481.49623
481.25067
481.05499
483.39416
483.31907
480.49359
481.18405
481.15903
480.71028
520.48155
479.6813
482.37534
481.46125
520.43972
520.38425
480.83579
483.26468
520.16861
520.57033
481.82492
482.08442
520.74931
481.16466
482.55396
482.88223
482.25027
483.02055
520.14725
482.41125
520.25243
507.26978
519.89329
520.16485
481.79433
520.6958
478.96548
481.14479
482.5242
519.65677
438.93672
438.28888
452.13733
438.08074
519.19653
500.14769
507.14055
500.49906
449.47407
481.67163
506.30505
449.34309
432.51939
438.22712
437.61673
449.31253
506.11453
519.39823
481.17753
480.87658
520.00625
519.77312
482.71514
519.29808
437.05241
482.52934
481.78034
519.99048
452.67967
519.94055
481.81736
520.25084
437.25762
437.19246
478.94803
453.32062
432.62582
479.36115
449.28046
500.26537
482.31356
507.21424
479.39828
421.98715
480.66768
483.06949
483.10086
480.58431
519.89207
483.23864
480.52132
483.19849
519.93729
480.61483
480.60196
519.94957
483.14619
483.34555
480.54702
519.92489
483.20113
483.29539
483.34627
519.89904
483.35897
519.94702
480.63513
480.46401
480.52854
519.90408
483.5022
483.32898
480.40919
480.70117
483.50321
519.97155
483.29539
480.58844
483.26471
519.94589
483.46812
519.89304
480.78401
480.48394
480.73988
519.92557
483.59567
519.92502
480.48644
480.7379
519.99596
480.53292
480.82704
483.24611
483.42234
519.91963
480.73192
483.44405
519.91539
480.84387
480.43385
480.78288
480.79633
519.91029
483.42824
483.37149
483.12193
480.68459
480.6867
483.48516
519.92898
483.54915
483.30984
483.42088
480.74816
519.95764
480.56812
519.9557
483.23843
480.63315
483.60147
480.577
483.65495
483.54009
519.93944
519.91322
483.27556
483.33353
480.40753
480.62021
519.92438
519.91307
480.5645
483.38892
519.9863
483.26475
480.44483
480.67952
519.98428
519.9249
480.28684
519.97188
480.30846
480.40073
483.25359
483.23171
480.72551
483.44114
520.06134
480.80779
480.61495
519.97746
480.66075
519.94501
480.47826
483.48087
480.59305
483.56081
520.04402
480.5193
483.55482
520.00208
520.03052
483.62918
483.56165
520.05443
480.65277
483.50008
483.54292
480.54765
520.0408
480.35829
483.28726
520.03497
480.63229
483.64295
519.67654
490.05183
480.6602
519.56679
490.09056
520.04175
480.53468
483.56096
483.37231
483.50249
520.00718
483.31021
480.28775
483.35052
480.76
520.02428
480.65029
480.6301
483.58891
480.35756
480.59917
480.23826
483.41656
520.05448
483.68975
519.54896
519.38712
519.68666
490.14842
519.65624
483.5519
519.92674
519.92751
519.99912
519.40682
480.40051
483.61961
480.54129
520.01728
480.36231
483.39348
480.62235
483.54039
480.23377
480.50209
483.67602
480.54254
480.30016
477.84347
483.61713
480.3741
480.36442
519.96819
480.42418
520.02093
520.00845
483.74227
483.30472
483.69173
520.02967
480.2221
483.62339
480.15272
519.54366
519.96517
480.5558
480.60702
483.72639
519.99441
480.46648
519.95449
480.24531
480.53364
480.52666
519.94508
519.95863
519.92344
483.72001
480.47023
480.4171
483.79206
520.02085
483.48493
483.7912
519.98551
520.02054
519.37043
519.54499
480.44814
477.83922
519.40156
480.27119
480.28735
477.83529
519.42593
519.52848
480.35693
490.22908
480.5108
520.0204
483.49568
519.96759
480.45567
519.93165
480.55291
483.49815
480.51455
480.50635
490.37876
480.55869
490.32759
480.14006
483.64853
480.55296
519.40984
483.43355
483.78667
480.564
519.93941
480.20111
480.35354
483.55563
519.46826
483.57192
477.8432
480.36973
519.91977
483.76715
480.43027
483.64719
519.96675
483.83979
480.3606
519.91398
483.9045
480.24282
480.34239
480.18421
519.94312
480.44709
519.51992
483.52244
483.91949
519.92806
480.49158
480.25987
490.42692
480.09547
477.85359
480.24478
480.24885
477.85641
480.15082
519.3849
519.9564
483.64635
480.1603
519.95124
483.57242
483.64071
483.7854
519.90654
480.36083
519.91073
519.94366
480.43493
480.23567
483.51666
483.42312
480.3122
480.36291
483.68021
483.37891
480.30565
480.54806
483.38892
519.9698
519.94583
483.76969
483.52022
519.90408
480.41731
480.47257
480.33255
480.30569
483.85216
480.28279
519.92318
519.89697
480.47973
483.26853
480.53278
519.9337
480.27679
519.93581
519.94949
483.47578
483.53253
480.53914
519.92875
519.91792
519.91549
519.94454
483.59074
483.7963
483.66248
480.59538
519.95224
483.7021
480.52821
480.16025
483.85251
483.41039
483.39934
519.97627
483.58535
480.62634
480.50324
519.93445
480.58254
519.94155
480.63902
483.51178
519.94976
480.47325
483.46199
483.53422
480.44209
483.33654
483.64333
483.33253
519.94819
480.46642
480.42336
483.8387
483.40071
519.9157
483.48233
480.08815
480.1523
483.71616
520.02761
519.93414
519.9117
483.21872
480.84494
483.44026
480.63968
480.91099
483.29811
519.89432
519.96515
481.17344
519.90966
481.04805
519.95551
480.82828
480.97234
483.22008
519.91518
519.98494
519.96608
481.05617
483.17352
482.98039
483.15705
480.84362
482.993
483.00002
480.78389
480.89331
482.94573
480.84428
519.96177
519.93775
480.89784
519.96463
480.88461
519.92522
480.7873
480.73737
519.91734
480.93974
519.94793
480.73858
480.72266
520.02477
519.93178
483.23746
480.68082
480.99142
483.15768
480.63194
519.89775
519.91075
483.03293
480.69573
520.06926
519.95046
519.95033
480.78191
482.95482
519.93349
480.71829
519.93559
483.19622
482.99792
520.04231
480.96875
480.77793
519.95261
480.91231
480.86696
480.69062
480.66262
482.9341
480.52792
519.93704
483.0781
481.03602
483.19474
519.9609
482.91688
483.31596
483.06371
520.04831
480.85307
483.38957
483.50815
483.36004
483.48436
483.01091
483.2808
519.94008
480.43671
520.01714
483.23147
520.01985
480.74675
520.0134
483.3858
483.37243
480.48858
519.99466
519.98061
483.31955
480.59162
480.94603
519.98989
483.25987
480.86219
483.2508
480.93439
520.08088
520.05844
480.66337
480.89046
480.80484
520.02391
520.0071
480.58075
480.78052
483.45297
480.80933
520.06169
519.9744
483.20299
482.93206
480.87322
519.9161
480.75989
520.09059
519.97809
520.0443
480.39304
480.60672
483.36095
483.23578
483.50931
483.15585
520.02459
520.0196
520.02864
483.24812
480.32353
480.47222
483.45214
520.13321
520.01807
480.57505
480.67811
520.04061
480.75426
520.04063
520.04175
480.57819
483.17177
519.56347
483.2584
520.07721
480.59305
480.47475
483.14102
480.65043
480.36019
520.05786
480.38692
480.64945
483.14604
480.836
483.33404
520.02329
519.50144
483.09841
480.95417
480.66695
483.09949
480.98819
520.17205
520.08379
480.77166
481.03918
483.00288
480.92513
483.17894
480.78277
481.05428
520.06612
480.70789
520.1105
482.92897
520.08045
483.07975
481.25481
520.07877
483.25841
482.84908
482.82674
480.61527
480.62979
480.48377
519.60804
482.85738
480.7489
520.06059
482.91425
520.18723
482.96645
520.11693
482.75779
520.06959
481.19809
480.81943
480.81514
482.80673
480.87248
481.06109
520.05393
480.69248
480.50117
482.86905
520.09394
520.06468
480.68802
483.19183
520.06119
483.12913
520.04478
480.77512
480.98787
481.14056
520.03936
483.07123
482.80707
520.09235
480.57552
519.8325
482.99879
520.06736
520.09531
483.31057
520.0997
520.06985
483.15354
520.03301
481.05625
483.04889
481.00736
481.12746
481.20439
483.02382
482.66214
520.01406
483.01443
481.22825
482.69949
480.89886
520.03398
482.98884
480.71952
520.08413
483.06855
520.0379
519.95272
482.88884
519.94104
482.95482
519.97735
483.01973
482.87805
520.05664
482.844
520.04659
481.09366
482.84096
481.08574
520.06317
481.21711
519.96415
520.03905
519.97485
519.97462
482.58189
481.07071
481.2916
520.00677
520.03593
480.97192
481.00169
482.7316
480.96139
519.93679
482.67881
481.08962
481.31037
519.9244
481.16185
481.22868
482.79931
483.09669
480.96276
519.90571
480.81583
483.30037
483.04786
480.9078
519.96666
482.81476
481.22739
482.81391
482.74154
480.93575
483.0408
519.9609
482.97372
519.99221
483.13645
480.91554
519.96974
482.87975
519.94451
481.09599
483.25861
519.93144
481.16313
483.10934
480.97527
519.97595
519.93847
482.95392
520.05414
481.30149
482.49384
519.97869
519.98815
481.39115
482.83837
482.60027
482.76561
481.4633
482.54191
519.92007
481.53965
481.51834
519.95959
481.39701
519.92514
519.93149
519.90783
482.91162
481.32044
519.91634
481.19931
483.0342
482.97491
481.26833
482.92285
481.29571
482.98339
519.9287
482.71872
481.32789
519.94747
482.96244
482.66069
519.99915
481.05522
481.20853
483.04717
519.91947
481.10092
481.25854
519.94729
482.97708
519.89588
482.76342
482.83107
482.9086
481.00665
482.84187
482.93056
519.89536
520.04007
482.89914
481.01976
519.94127
482.62088
481.38594
519.94454
482.91983
481.32643
481.05662
519.88791
519.91446
482.46452
481.34149
482.28797
482.68717
481.4597
482.09805
481.07696
481.46453
480.91098
482.58481
481.2441
481.4824
482.87102
482.38711
481.24379
520.00621
482.75324
480.98866
481.39686
482.93533
481.17966
482.76153
481.2719
519.69199
520.10567
519.97641
519.9156
481.70534
482.75167
482.1516
520.18138
519.93517
482.72185
481.60821
481.69519
481.61596
519.83519
481.32531
519.85236
482.76203
482.69922
482.86032
520.09756
481.57147
482.83229
481.47818
519.84323
481.54784
482.91352
519.93839
481.22232
482.76347
482.43933
519.8392
481.2277
481.48791
520.17195
481.13966
520.01521
482.27824
482.34181
480.99114
519.87282
482.46374
481.31201
481.06096
481.24934
519.8683
520.06932
519.93368
480.91648
482.3934
482.42864
519.92968
482.64861
520.19179
482.24426
480.96897
520.1369
519.97615
482.87312
482.51417
481.6197
482.62565
520.17894
482.3336
481.38912
482.51365
519.83282
482.27122
482.3847
482.59209
482.33597
519.80016
481.47878
519.80513
519.83143
482.5259
481.35351
519.81778
482.47433
519.82673
519.92285
482.31994
482.68595
481.61944
519.81974
481.68778
482.60278
519.84194
519.80699
481.14504
481.44384
519.81976
519.79771
482.81736
481.6254
482.48764
482.53631
481.54822
519.79839
481.83914
482.53661
482.246
481.28595
519.93931
481.76692
519.84132
482.6163
481.41383
519.86421
482.55225
481.4982
482.54637
481.45525
481.52483
482.54347
519.82146
482.46004
482.75021
482.45874
482.90156
482.90338
481.28824
483.06033
519.84924
481.29705
519.8167
481.42054
483.01066
519.87761
481.36255
519.80796
519.80686
481.4237
482.99276
519.80178
482.72649
481.55812
519.79772
481.62868
481.48227
481.84819
481.7708
482.89124
481.41611
519.83532
482.66355
481.19971
482.85965
519.87655
482.67185
519.84095
481.2296
481.49078
482.78751
519.81773
482.62387
519.78768
481.31295
481.43839
481.26409
519.82831
482.67668
519.94885
482.9481
519.84286
482.68177
482.80594
481.01464
481.04958
482.70114
482.97857
482.58362
482.6562
520.13498
481.25085
519.93743
482.85568
481.02318
482.75132
482.76372
519.9353
482.56468
482.51483
480.98717
519.97208
519.80173
481.04772
481.28572
482.70423
519.88183
482.63584
481.05678
482.50107
519.97658
520.05346
480.78516
481.39697
481.30444
519.946
481.55324
481.68548
519.83661
519.87096
482.63193
482.35889
481.38164
480.91735
481.37363
519.84251
520.12376
481.44371
520.0034
480.7551
481.12838
482.93067
483.17748
481.23082
520.0815
520.04119
519.97833
483.29547
480.89411
481.21366
520.08669
520.18858
482.75458
480.72527
520.00265
483.22672
519.87259
481.14887
483.1459
482.68032
519.97738
483.20637
482.76045
483.17073
519.82847
480.93543
482.94691
519.91064
482.97824
481.24146
481.43407
520.08687
480.88551
519.99358
482.59606
483.04273
481.02715
480.88584
520.06233
482.85609
483.04349
519.89094
519.93075
519.90617
482.83713
482.84591
483.09413
480.73042
482.73219
482.96165
480.57295
519.94994
519.99534
480.81904
520.06937
483.15336
519.87565
481.02187
519.88441
480.90474
519.89658
519.94755
481.01364
483.06057
520.00084
519.93436
480.79322
483.08815
482.84905
481.03925
483.02381
481.14623
519.95622
482.8759
519.88714
520.12341
520.07272
480.74554
519.87254
519.88941
519.88878
519.87904
483.03141
519.95336
519.9346
519.89657
519.87057
480.75948
483.57288
480.62206
520.14562
519.88157
483.72562
483.60763
480.89958
482.99819
480.75222
483.65071
483.65081
519.96439
519.86352
480.64218
480.60402
519.91403
480.6568
483.61375
480.61825
483.73281
483.75354
519.97255
483.6721
483.56679
480.54163
483.56929
519.93069
519.8793
480.41187
519.91207
480.75749
483.18172
519.92815
480.6637
480.41818
519.93168
519.87198
519.97356
480.40543
519.90714
519.98195
519.8687
480.37055
519.8787
480.46554
480.77872
483.50583
483.57737
480.28074
519.92342
483.2541
483.05888
483.44533
519.86015
480.30384
480.53672
520.21678
483.5172
480.6095
483.52236
483.28185
519.89722
480.46433
519.83761
483.43538
520.15151
520.04507
519.86925
480.3672
480.55364
483.31912
480.23444
480.19836
483.69017
519.89076
519.90823
480.28042
483.14325
480.22836
520.0358
483.46493
519.99921
480.40679
480.6038
480.65192
519.88777
483.42672
483.23158
483.32233
519.83575
480.59075
483.16713
520.09794
480.70908
483.55625
480.7595
480.4926
483.26419
483.12044
480.45108
483.57875
480.87821
520.17598
519.86514
483.29983
519.86925
483.54874
483.40354
483.41661
519.84601
519.80704
519.84032
483.36648
483.25381
519.81009
519.85576
483.29509
483.27323
480.96975
483.33257
480.90892
483.12641
483.39839
480.83979
520.1834
480.58461
519.85389
480.74318
483.48848
483.3911
480.30429
519.98394
483.52503
483.10711
480.76091
519.85285
483.12472
519.87656
480.74325
483.08279
480.80625
480.82892
519.86555
481.0022
519.83513
483.17343
481.07918
481.06256
483.2208
519.82637
483.19552
483.24323
519.8585
480.93914
519.84038
483.33862
483.26228
481.12681
483.02201
480.84947
519.85904
480.81718
480.91146
483.35711
480.67693
519.97418
519.85419
483.37828
480.58033
520.13136
519.92301
482.96567
480.51539
480.46297
480.83657
480.87668
520.13483
519.85454
480.62101
481.04887
480.99867
519.81448
519.81245
483.31664
480.94713
481.01482
519.92285
483.06937
519.88121
482.9056
519.97895
519.87286
480.86017
519.86483
483.22626
481.05292
480.94034
519.84289
483.02817
519.85021
483.33921
483.26313
481.04472
519.95358
483.34819
481.1066
519.8637
520.15235
519.91707
483.03001
519.86003
483.21869
480.86168
480.38457
483.04995
480.45923
481.10266
520.13848
519.81548
483.16377
481.11171
482.96433
519.86356
481.19009
483.09958
483.06914
481.01358
483.12809
482.99207
519.79734
519.87279
481.16687
519.81969
480.72378
480.59171
519.8087
519.81084
482.89584
480.95825
480.91494
482.85688
481.07211
482.85925
519.84805
482.9685
519.79915
481.29967
519.82552
483.01511
519.81748
519.8033
481.17537
519.90275
481.10125
483.04442
481.03899
483.11941
481.23005
481.22111
481.1702
481.13128
482.72215
481.37329
519.84207
482.92067
480.95715
482.87914
483.33354
480.83936
519.9028
483.06575
519.87953
519.99085
483.20252
481.13635
483.18257
519.9156
482.84962
519.84041
482.90085
483.26586
482.91778
480.641
480.72205
482.88232
519.95171
480.52039
520.11371
483.03912
482.88945
519.95416
480.95954
483.02271
480.62346
482.99431
481.06489
480.50918
482.93207
480.91491
480.54932
480.64954
519.83509
483.41669
519.8751
520.13449
483.37701
519.94868
480.97388
480.60583
480.61659
480.89475
483.3397
519.84476
519.87622
480.47327
519.91274
481.15628
519.92854
520.21242
481.06816
520.06476
483.38112
482.91813
480.97917
483.28726
519.83136
483.31169
480.67462
480.74123
481.11913
519.89388
483.37146
480.909
483.32575
519.8735
519.90438
483.64038
519.965
480.78009
483.40834
519.87661
519.88908
482.97437
483.05717
483.45891
483.36743
480.57789
520.10344
482.94682
480.63586
480.93058
519.91583
480.86065
480.68693
519.86242
483.17826
519.97515
483.44853
480.81939
483.22571
480.74045
482.9622
520.18462
480.93141
483.59116
519.88449
519.89864
483.24295
519.93987
519.94168
480.67101
483.13233
519.91907
519.90884
483.26376
480.97018
483.10634
519.99094
520.01326
483.42114
452.03642
450.2279
454.34931
481.01071
483.43733
454.13923
483.63441
504.68804
450.26816
519.5773
505.35406
454.49149
453.05912
454.03214
452.70343
452.17984
454.6946
482.18657
480.89511
519.54386
505.79853
483.75589
483.69127
506.08632
517.18776
504.27504
510.65036
521.34115
476.34936
479.73347
479.46222
505.28488
480.29092
480.24115
483.75736
510.09595
522.04392
478.88474
488.70825
482.54962
479.60364
518.14262
477.25943
518.41498
480.92675
521.26047
505.72429
518.80445
484.54314
489.00449
482.23734
481.67239
481.19066
521.66288
518.69304
509.76732
518.26556
480.94388
481.2015
518.73619
481.76833
520.0609
482.8535
490.41453
481.70175
479.91284
480.67602
517.17833
480.34886
522.97162
483.2381
480.56324
523.2328
483.45583
482.0682
516.87333
481.27512
482.74268
517.18825
480.96046
517.20186
519.58189
482.97242
482.87125
519.89141
483.35257
519.59442
519.80754
481.11166
482.9249
482.90221
480.77458
483.00761
481.1017
519.8235
478.27477
518.10189
519.6911
482.54907
479.51517
484.92424
521.23908
481.41024
480.68627
519.80193
481.33164
483.44694
482.91579
482.94747
481.16194
481.05489
519.75934
482.93282
480.83612
483.47724
482.95635
482.83495
519.81539
519.80488
480.55817
482.8126
481.23064
480.91156
482.89137
481.27757
519.80356
482.94875
482.8538
482.77352
481.12046
482.74522
481.13785
481.08399
481.29208
482.7738
519.8094
519.81743
481.35447
482.89699
482.72902
482.87173
481.28609
519.87442
519.75449
482.97803
481.35247
519.8699
481.24153
481.25319
519.88907
482.98908
519.88647
519.67608
483.39148
482.96686
519.88727
483.01628
519.80122
519.80756
519.82963
519.84289
482.8501
482.80379
482.70143
481.2336
519.83029
519.81608
482.84811
519.8385
482.86554
480.98561
482.91756
481.04981
481.04115
482.84961
519.82249
480.93004
519.88187
482.95282
481.07087
483.06719
520.14804
481.18336
483.12323
519.79162
481.39279
481.07733
480.96697
519.79482
483.06795
481.16084
481.07234
519.86182
481.33367
519.84809
519.83285
519.83667
480.92374
481.20817
483.01425
481.16941
456.12395
480.98246
505.44957
482.91315
482.8766
480.99881
519.84569
519.88396
519.88738
482.93492
480.93093
482.97953
480.9081
480.85176
482.99699
482.94739
519.9063
482.84283
519.80017
519.85867
519.89227
481.09179
480.96633
519.82351
480.8763
481.06746
483.16499
519.82574
483.2368
481.12647
519.84405
517.16234
483.04757
481.26791
519.86167
481.12114
519.88209
519.84069
483.17925
480.85713
481.01018
519.85554
483.0626
519.8184
480.86198
519.85286
519.5795
481.12648
480.88324
483.33795
519.80028
480.81277
483.04647
483.00705
481.17427
519.83053
483.1317
480.81343
519.89583
483.17526
480.73343
483.20111
481.10856
519.8239
480.94826
483.28598
519.86152
481.02699
519.86103
480.82093
519.8993
483.35281
480.86713
519.86072
483.39415
519.93381
483.09912
519.81326
481.06745
481.00698
481.17026
480.78111
483.06371
480.7552
483.28735
480.8859
483.33812
519.91939
519.82939
480.73616
519.85421
480.79054
483.11073
483.12136
480.66163
483.23482
480.80809
480.926
480.67417
482.89537
519.85739
483.0792
480.72571
519.88607
480.89996
480.84423
483.10159
480.95786
480.80655
519.79347
519.87156
483.56035
519.81917
519.58759
480.98602
520.06133
480.71981
480.9117
454.62228
456.84636
481.48733
458.55252
451.52793
455.96628
510.12359
483.8346
456.8067
457.05595
519.65215
505.25784
519.24269
480.19065
509.86832
517.18908
481.6723
505.48956
483.62739
456.8187
482.1219
483.49636
519.77956
519.59639
480.21388
480.76241
519.97422
482.96806
519.6428
482.97477
519.70577
519.79073
520.01733
483.05661
519.87756
481.01199
483.1995
483.07474
482.85639
457.32928
519.60153
519.76531
480.80874
483.524
519.83154
483.56903
481.29304
481.10527
483.0715
483.13027
480.86075
483.07486
481.03794
482.91082
519.81549
483.04303
480.1652
527.43649
519.78571
490.84161
519.82598
482.4173
478.97402
518.40444
482.28523
476.93471
474.46234
482.33936
482.16746
519.36288
505.52275
485.13335
519.91861
516.32994
524.13505
484.62655
478.17409
481.33246
474.52326
519.55061
480.03533
483.62089
483.63789
457.41263
524.94634
485.06289
481.41684
481.54319
481.41463
516.79019
517.53039
490.29789
517.16313
478.09755
505.65975
504.63636
510.04962
516.55456
521.66597
480.17486
455.96088
483.74367
481.38001
482.5737
520.67786
478.61795
518.66822
526.89083
483.80745
483.07949
482.10793
505.95063
519.11166
485.24272
480.98949
483.61384
519.80013
480.91112
522.18049
481.07129
483.42843
482.95472
480.85276
505.25625
483.19778
483.11995
483.17382
519.49846
475.76381
481.63133
480.78024
483.35608
521.33495
482.77518
519.82033
518.98999
481.40882
482.35946
483.3459
480.61084
518.56095
481.44919
481.7652
479.08932
483.15112
520.08304
475.79476
517.79992
518.98375
483.16807
481.91365
482.99452
518.47593
484.32695
483.04628
476.35895
482.49893
519.84995
477.15395
520.00879
487.88954
481.06494
482.46254
519.54782
519.59545
504.85847
481.8787
481.14497
521.96074
481.90081
481.19597
521.10324
480.94243
519.83821
521.33724
482.04168
481.08377
482.77001
519.8845
482.20311
481.24057
480.61947
521.2834
482.86942
481.11439
483.74693
480.99056
521.86526
517.18313
519.18056
519.00156
481.21289
481.77556
482.20397
482.71175
481.23321
521.51527
482.25595
480.96562
481.09276
483.23133
483.98269
518.82636
521.21545
483.22737
518.8939
482.57769
480.8386
519.01186
481.4553
480.77588
481.28767
481.61667
481.77902
483.83273
480.40587
483.1237
480.21092
520.94674
480.95433
482.0862
517.61286
482.50427
482.84365
519.21223
481.27681
518.64833
481.04196
519.79115
519.91597
487.79578
481.89952
509.94191
486.61903
483.2915
481.14343
481.167
518.72263
490.98074
477.82395
484.00689
519.72728
475.12738
481.86675
474.2236
478.17569
483.84844
479.92527
519.25894
519.77674
520.42141
481.34806
478.74598
479.88551
482.32145
473.5986
518.25383
477.23868
484.25127
518.40955
526.74264
519.55428
491.47115
479.96785
518.27688
480.93037
519.85239
526.05326
479.64887
481.05901
518.0643
478.35568
455.17901
483.45361
481.83351
482.89937
521.49614
481.51151
519.22094
520.30915
525.19493
483.51506
481.63988
519.80473
482.74564
481.51545
482.40748
477.95207
521.50371
520.86598
521.74182
481.79332
482.19194
519.81935
519.7997
482.07817
482.45313
482.47285
519.12001
481.17654
483.19858
519.59756
482.76173
518.88323
481.74829
480.95589
482.94124
481.66047
518.86134
483.05303
480.64273
483.68105
480.46017
481.17709
481.60983
483.18505
509.64669
518.42399
482.41691
481.42265
481.95364
489.93213
477.38997
482.12531
480.49539
518.23412
484.04316
482.09304
481.14755
480.96181
482.91654
521.23115
481.14048
521.43336
477.61658
520.73232
480.80875
519.0994
482.18939
482.0977
480.70357
484.72202
481.38106
480.06756
519.88095
520.94645
518.44269
481.14981
482.13504
519.03168
521.0193
483.96924
480.88975
489.16529
476.7145
520.69447
481.33187
519.0664
522.03939
483.07093
519.73854
518.36885
518.57398
482.76182
521.3784
521.25779
483.20865
484.32579
518.94813
481.03245
483.03515
519.30076
482.89619
482.68908
483.90349
482.49385
480.50286
483.67119
521.22128
483.42881
483.85207
518.98252
481.01664
481.03468
484.391
518.63932
485.09731
520.09854
481.42819
478.74021
522.06867
518.61297
481.4786
483.83576
479.89928
477.95077
485.63679
479.57372
520.73235
484.23277
473.4407
476.12554
483.19951
525.38986
484.82785
527.30734
475.71877
518.33668
483.45217
479.59245
481.12176
481.49641
520.32916
514.75761
485.94445
481.42762
482.9997
482.37415
518.25007
518.55653
481.89823
482.63685
521.52839
479.04397
518.95013
475.10539
483.32124
519.27716
483.1649
476.64851
520.1836
480.29984
483.38419
479.9814
481.58223
520.23855
481.53251
521.35558
482.68655
480.35934
480.58716
483.28167
474.09886
514.8834
510.41637
519.58522
509.74644
485.05365
479.66848
519.82488
492.36655
517.19928
456.61514
455.34443
518.66777
482.46811
481.76029
484.76415
483.48602
479.18228
517.16083
521.87856
519.09397
481.16758
505.33272
455.93518
481.42879
519.86989
476.92666
519.03956
478.8663
484.14169
515.7741
505.57088
453.4583
456.65079
482.04312
521.04686
504.98436
509.91685
523.49654
480.71362
454.97025
477.37332
482.98737
505.68796
454.66172
482.24503
480.95035
482.7974
483.40797
481.16738
483.35896
519.75532
483.17689
457.00973
519.39354
505.13375
482.13245
455.81009
486.12808
483.34413
516.97605
480.68462
483.34005
504.97647
480.88044
456.68827
483.33338
519.64474
482.46555
455.10168
483.24049
480.80969
481.19983
483.19413
519.66129
478.89853
509.84546
519.70841
483.0804
480.92244
483.42649
519.69772
519.74888
482.70838
481.42915
483.16774
519.59877
483.35694
519.58484
481.30478
482.81328
481.47784
481.12981
480.9014
491.06991
483.06258
481.41539
519.79064
482.7622
481.09743
517.04255
482.91372
519.71654
481.37707
519.72004
519.83863
482.79055
519.74758
481.3897
518.61848
482.71726
519.5251
519.85039
519.73414
481.08705
482.9554
518.44635
522.77658
482.77082
481.00872
481.24264
483.21477
483.0298
519.82858
482.79123
484.05451
484.33954
483.47996
518.97688
481.36782
481.43793
482.8111
482.8184
519.80607
482.80016
519.8571
482.77171
481.52004
482.74218
519.83136
482.5709
481.5322
519.79708
482.70911
481.17894
481.2854
481.34596
519.84426
482.97414
482.66112
519.73453
480.8459
482.53284
481.4417
482.58915
519.73741
482.58277
480.67874
519.74232
481.22076
482.7105
505.77635
481.29469
481.31359
478.03822
519.40873
519.80447
519.87351
518.71871
519.72753
519.89882
478.35771
480.78089
481.2158
519.83917
482.66225
481.25374
482.9927
482.59825
481.24656
482.7419
519.80824
482.84827
481.40833
482.48556
482.52518
482.56036
481.38897
482.66755
482.83983
482.62676
481.20685
519.87826
519.8888
481.22814
519.82049
519.83279
519.81693
519.87607
519.79417
482.54348
482.6814
481.41675
519.80569
481.60649
482.79389
482.80704
519.84232
519.8401
519.7872
481.12269
519.83541
481.24126
519.84129
521.14089
482.23129
482.81766
519.7886
518.98058
481.83898
482.40763
482.43417
482.48604
481.81202
481.78717
519.86317
482.62099
482.61719
482.63462
480.4269
482.41145
519.82646
481.72178
482.61169
519.87068
481.60864
481.53175
519.79472
482.28434
481.49095
519.83677
482.47705
519.79489
520.15603
482.36671
482.34564
519.7869
481.48881
519.87474
482.42158
481.58173
482.65816
519.87859
482.2703
481.63162
519.79927
481.61919
519.7898
482.55459
519.78908
519.87828
482.32052
481.64809
482.21611
519.86385
519.88351
482.28561
482.25889
482.41387
482.95366
519.82053
481.88354
481.80239
519.79635
482.44094
481.43926
481.63595
481.3879
481.34297
481.4777
482.35039
519.7761
481.60119
519.86336
481.74399
519.82223
481.43566
481.30726
519.85928
481.66658
481.76421
481.59055
519.80284
519.80245
482.85849
482.37489
481.54717
482.51504
482.63625
482.45233
481.70457
482.64403
481.80638
481.61384
519.80385
482.46091
481.43843
520.00308
482.34095
482.72785
482.42315
481.73361
519.75503
482.55025
481.36776
481.87132
481.30804
479.31698
487.45698
519.8859
483.14479
520.39425
519.59892
482.64532
480.73034
483.15787
519.66219
483.27234
519.75234
519.69863
481.75425
481.66977
482.4686
482.58968
481.25087
481.47233
482.38334
482.26381
482.726
482.59146
519.71237
516.99432
519.40627
453.34389
505.36821
456.28126
453.91294
457.3325
459.4414
510.06735
504.80682
481.18614
457.16049
483.3151
482.36718
481.77732
456.62978
482.70058
482.80088
519.81898
480.80413
481.41699
482.73232
517.02889
483.25192
483.19617
506.16711
519.57975
505.96963
482.41266
456.52897
480.82576
459.22702
489.20623
519.76417
481.31252
464.06164
484.40855
516.94728
453.71324
481.7616
506.54206
481.27551
483.09273
482.11912
482.98553
477.12623
479.91369
482.83447
518.16363
519.80199
518.40434
482.37111
484.28849
483.57985
520.1064
517.26315
518.88785
506.58394
481.04071
505.83391
480.56021
482.3043
481.20097
522.07462
509.89331
483.09736
480.58342
519.97413
476.83892
483.01546
482.50415
478.43524
481.55164
522.28142
517.5244
519.80088
479.23481
482.13409
459.0839
519.38817
505.5922
481.26405
516.97547
482.75558
516.25877
481.83929
490.14604
482.03592
483.19617
523.7277
481.54271
481.85071
519.50035
481.2589
519.87202
521.75389
490.5476
482.14942
481.94922
517.23522
479.23206
481.47141
478.83848
482.99182
481.73508
481.77127
519.77952
481.77145
519.95923
521.24238
479.12489
483.49138
519.56655
519.23035
481.1826
519.87392
482.65604
483.1461
482.04284
518.21851
482.34744
519.78941
523.1755
484.07521
482.3431
520.23587
519.29224
519.66052
483.11448
521.11503
518.67177
481.54451
524.38422
481.44949
509.96695
485.12741
482.74396
477.91129
519.77352
482.93689
483.16586
483.21558
520.57046
481.00173
519.17908
480.48581
518.54895
519.35037
483.57727
484.41176
479.91567
518.83491
482.67095
483.62144
481.06645
518.72835
520.86966
482.54891
483.05542
519.85614
480.51633
480.3533
482.47579
481.38728
483.97103
518.01343
480.37269
480.93937
483.4378
481.24415
481.49726
482.37929
482.27341
483.62439
481.18706
518.61837
519.87257
481.43516
482.07018
481.55696
482.1372
481.80589
428.66561
483.11585
481.50841
519.86697
477.4323
518.86951
521.63369
480.97635
482.35806
481.11794
521.59737
477.25993
486.18885
482.00291
481.52127
482.2967
518.97455
520.36636
480.61001
487.35231
481.86028
519.21762
481.0881
477.35096
486.3751
519.44791
481.54655
488.39043
481.06802
482.6093
482.31494
481.42815
522.67596
480.8874
481.87319
518.8265
520.63885
483.11834
487.10911
517.71916
481.66041
477.79393
483.0227
483.81484
483.14204
482.70154
521.78654
524.27891
518.38884
483.31817
519.38221
482.24567
519.83441
479.93135
482.52755
478.01717
482.58449
483.47601
483.58184
482.33288
483.08035
486.06379
482.37723
518.34201
483.35643
484.81889
483.91738
515.67824
481.39819
480.45496
483.69373
482.42798
481.94664
518.70313
482.59807
518.45045
478.18132
477.51127
482.59886
483.30146
479.44804
477.18223
517.34589
479.96201
481.75296
525.23546
483.7189
517.94417
481.15727
521.69587
482.76464
519.10657
481.3896
482.5062
482.9016
518.71546
519.16764
517.94602
521.69621
518.76122
516.21106
481.4596
519.231
481.49245
521.55375
481.66367
477.8485
482.66113
518.90622
480.8939
482.0026
482.06487
480.94837
521.40544
482.34149
522.02707
481.62401
481.22119
482.76087
521.8913
482.82754
481.99187
519.18727
482.27798
520.72444
522.35017
483.21019
519.35414
480.33162
478.77613
482.43067
490.90488
481.36005
483.55274
519.29031
481.99083
481.90953
477.29344
481.57381
486.15901
487.52038
481.98406
481.59936
482.81085
521.6473
483.43624
481.44834
481.18911
519.18247
477.20257
486.8292
481.64293
519.9898
481.19881
519.44475
484.35187
482.44138
486.62915
518.54776
486.94936
519.14014
482.02758
486.73629
480.55374
481.18843
477.09294
520.3064
487.81877
473.62469
519.09582
477.67379
477.72687
482.19384
481.06153
527.3912
504.79164
476.57529
477.19029
521.3072
485.89612
477.93764
479.67207
481.76811
480.62612
476.24887
479.24298
519.51413
481.72157
479.87181
490.8686
518.84863
482.98822
481.98667
480.69691
518.30932
524.60074
483.14464
476.73894
520.32246
478.46596
519.45146
481.05319
522.85648
522.14738
481.89845
481.69005
521.70182
519.41056
480.42406
476.08952
522.07741
476.19902
481.00741
480.73574
491.97526
519.15337
482.18242
459.97182
461.04241
505.45092
509.80172
507.4682
482.13718
481.66547
517.30867
480.63415
519.15124
519.61448
519.15913
479.7357
482.33115
480.53918
481.91558
519.50842
481.96404
519.71295
519.59847
521.09262
481.91486
507.10599
482.80491
482.21174
519.70122
519.7793
476.73857
481.79829
482.3709
519.75255
519.77863
519.72045
482.45863
520.02412
519.55513
482.23206
482.58396
519.83446
481.7086
482.10838
519.63322
520.8716
482.39425
516.7647
523.78622
479.10319
509.99758
481.21617
519.31652
481.93311
475.92547
481.56346
521.49673
481.75484
483.02796
481.48078
482.33665
481.57441
482.71534
452.29142
466.40403
505.40458
517.30434
481.58024
454.40617
510.02822
481.20534
477.24619
519.77065
519.84203
519.0016
519.17107
482.81126
506.03089
509.66895
482.73335
457.1144
454.67424
482.13494
482.18803
481.44419
482.40712
482.32792
482.28187
482.21735
482.19539
481.60543
521.34313
481.96446
482.41344
482.1751
482.02811
482.15034
482.16695
519.76788
482.23426
489.20384
481.88121
483.45938
483.15495
482.11145
519.43379
505.52473
482.11647
482.47208
483.96972
453.46614
454.15291
458.81832
505.38016
483.47116
455.29694
455.39545
482.07596
482.18504
482.76281
505.18238
505.67517
510.20508
481.81452
519.69276
481.84239
482.70892
509.76013
483.827
483.38287
510.07468
481.85768
483.02493
519.57863
519.74247
519.40457
516.88421
482.10787
456.51317
505.57833
480.8776
482.12445
478.88902
520.01394
455.64847
505.64477
521.58399
483.33387
458.57713
509.74084
517.2457
521.81537
483.33403
482.67849
518.29125
527.30529
480.51681
481.94587
478.66518
481.24212
481.76432
454.81912
482.11023
481.51476
480.4984
478.13861
481.20428
484.54956
491.07647
516.93952
457.13288
454.92894
510.31446
481.58804
481.96397
481.76726
460.76271
483.24809
484.04152
482.29084
519.46501
516.86683
505.68511
526.68175
454.50008
482.15281
481.99535
519.71272
482.07528
482.06276
481.96555
477.16937
482.31722
481.90108
482.28671
519.70858
482.00283
482.12363
482.0009
482.17154
482.0896
482.01081
481.89811
482.01969
519.87182
477.44267
482.23236
482.38883
481.66892
482.22347
456.55469
481.90279
519.76119
482.23694
482.28446
481.81282
481.46674
519.78669
482.17568
480.8069
482.33958
480.38857
482.03351
519.80343
519.85405
519.70048
481.73566
519.70543
481.90632
482.18597
519.82738
483.82255
482.1607
482.24422
519.83866
517.70621
481.90178
481.9593
481.55075
482.28392
482.32085
481.85416
482.28894
519.83731
519.8173
517.55736
481.9015
481.87776
519.77227
519.85457
505.94248
517.52208
519.80654
519.81041
482.12914
481.74119
519.8725
481.91216
481.44057
519.82147
482.15388
481.71887
482.07086
519.85658
481.79025
482.11171
482.36301
519.74854
481.98053
482.31035
519.90818
518.83764
482.87774
482.67562
481.80587
482.15188
482.10706
519.83993
481.89439
481.94168
482.00208
519.77117
482.40106
482.43257
482.10292
482.20154
481.8926
481.8903
482.09377
482.27955
480.52567
482.26949
519.82253
482.07517
519.85732
521.27862
481.81194
481.89055
519.86037
481.63492
482.39931
519.78341
477.51592
481.69508
517.50288
482.01691
481.84277
519.84844
521.67308
478.04945
482.27067
482.24182
481.82501
519.82326
481.47681
481.69171
482.09998
481.76955
519.81138
482.35206
482.38668
519.79915
482.20092
519.80136
481.95415
482.01433
481.85004
482.06836
482.00814
519.84098
482.02621
482.32586
481.82428
519.86918
519.85163
481.81731
481.69721
519.84307
482.06641
482.12827
481.92738
519.89387
519.80413
519.84784
482.1328
482.15354
482.34929
481.75648
482.03593
519.87902
519.8492
482.18678
482.05696
479.37226
516.88712
482.19983
519.77535
481.59963
482.19957
482.1322
519.82901
519.6318
519.79334
519.84722
519.77729
481.87904
519.8547
482.40809
519.87129
481.97561
519.88567
481.94776
481.77745
481.46109
519.79001
482.32093
481.72577
519.79851
519.80113
482.18924
519.8218
481.55104
481.92452
481.51158
482.24533
482.34182
481.42258
482.42429
519.8057
482.10465
481.47039
519.88481
481.33237
519.85129
519.88412
481.63052
519.90167
481.71239
519.84132
481.99028
519.78495
481.76162
519.85904
482.49271
482.2839
482.74356
481.38207
519.76757
481.52391
519.84587
481.82334
482.24874
519.80128
481.9598
482.32335
481.70905
519.8091
519.8293
481.78954
481.89604
519.90457
519.77517
481.77434
519.85269
519.84627
481.8876
519.81631
481.87063
519.85095
481.87617
481.86808
519.86128
482.47194
519.8002
482.16205
481.98296
519.7945
519.83364
482.25237
519.84356
482.2033
481.93575
482.38799
482.39588
481.99742
519.81242
482.23506
519.8529
482.21175
482.11094
519.86485
482.08165
519.85757
481.85236
482.02079
519.82402
481.77348
482.31098
519.85846
519.85656
482.07973
519.8107
481.80817
519.81625
481.63965
481.97084
481.8573
481.68268
481.85169
481.77695
481.99326
519.85995
481.90054
481.96458
481.94624
481.90522
481.57598
481.58437
482.17039
482.00931
519.85821
482.42159
519.9356
482.12196
481.57491
481.48639
481.35372
519.84471
482.60312
481.75619
519.94981
519.8398
481.79348
519.90192
482.62067
481.64919
482.00599
519.89564
481.77982
482.04566
519.85275
519.86048
519.82858
481.92529
482.09929
519.82113
482.1507
482.49629
519.81476
482.19565
482.16895
482.37531
481.70069
519.8483
519.86609
482.22535
481.78416
519.83561
482.12682
481.60844
482.47202
482.56583
482.70258
482.18465
481.10166
520.19543
482.52609
481.76321
481.85123
481.64505
482.25287
482.62017
482.38057
519.88676
481.93655
519.71412
482.46083
519.90451
482.06
482.36845
519.86902
481.66113
482.08766
520.0089
481.94836
519.77684
481.59776
482.11946
481.95744
482.21092
481.4881
482.09227
520.13669
481.51862
482.07893
519.88064
519.90228
519.95757
482.67388
519.89016
480.9643
519.93463
519.90718
482.44114
519.96382
482.31214
482.71034
481.44693
519.73318
481.86871
481.656
520.10108
482.0841
520.13264
519.95952
481.28671
520.04607
520.03662
519.71466
482.51904
481.27924
519.79885
481.54767
481.83344
482.43724
481.19327
519.98432
519.80154
481.65641
482.6065
482.41711
520.11035
519.77336
519.99031
519.95132
520.11476
482.14672
482.02564
482.12884
482.16872
482.22374
482.36258
520.15903
520.00167
482.19321
482.07213
481.80152
520.06151
481.96012
482.06659
519.92263
519.88321
481.90931
519.97125
519.99934
481.51565
519.98321
481.61097
482.07768
519.92555
481.79013
481.75709
481.7764
520.12009
481.86635
482.20202
482.08566
481.73109
481.43738
481.80325
481.65887
481.64054
482.12245
482.05187
481.59798
519.93414
519.93829
482.03435
481.94525
519.90925
519.94387
519.91492
481.82847
519.97051
481.88507
481.93249
481.98683
481.78801
482.33398
481.4037
481.50236
481.46441
481.86874
481.80048
519.86467
482.22967
481.90182
482.18241
482.13486
481.79059
481.75983
482.57146
482.24343
519.88056
519.88706
519.73221
482.34378
519.85292
481.78804
519.87636
519.92228
481.96356
519.90398
519.87647
481.88198
482.41199
481.6
482.4939
482.48731
519.90059
481.93136
482.31105
519.85742
482.10726
482.29898
482.39254
519.96706
482.42715
482.0273
481.90661
481.92288
481.9505
519.82848
482.28775
482.09681
482.21457
482.11927
519.85227
519.84248
481.9428
481.69054
481.99256
481.74566
481.9668
519.8508
482.13238
481.50538
482.02601
482.03832
481.86889
482.12972
481.71301
519.9031
481.5411
481.82464
482.25809
519.89752
481.5061
481.66653
482.11313
519.86621
519.8821
519.8943
482.32145
482.20094
482.01981
519.81503
481.74102
481.96391
519.88547
482.45903
481.86629
519.84599
482.19175
481.76897
482.15094
481.12444
482.18706
482.21234
482.32574
519.86104
482.28096
482.04403
482.13637
519.82579
519.87164
520.02138
481.86776
482.1056
481.8366
481.93417
481.75966
481.94479
482.30073
482.37935
519.83495
482.43368
481.94665
481.69098
482.01027
519.88376
519.84864
481.58682
481.47334
481.55713
482.19007
481.64234
482.55828
519.86931
481.76825
519.90567
481.68651
482.66151
481.66375
482.52726
482.63905
482.57406
481.75157
482.27629
481.6288
482.68672
519.95284
519.93114
482.76941
481.73812
519.89142
519.8793
481.35536
482.36263
481.57171
481.5504
519.8692
482.45925
481.27064
483.0575
482.98741
481.23342
481.36428
482.91148
482.92476
481.38881
519.93559
519.91496
481.52568
482.9268
481.04709
482.89503
481.64692
481.2313
481.4412
482.86547
481.15354
481.18579
482.46347
482.74967
519.0897
519.9659
482.46557
519.85729
482.27746
519.88121
481.44972
481.834
480.95141
482.47345
481.42304
519.90735
482.31171
481.41066
482.36494
482.21072
519.92731
519.88379
519.9405
482.58111
482.12101
482.45882
481.14878
482.49464
520.07032
481.4801
482.58148
481.67621
482.80444
482.8114
519.99351
481.59778
519.97902
482.34373
481.71721
519.92294
481.28898
481.13778
519.99896
482.60555
519.98366
520.18496
482.51919
482.67568
482.59072
519.91597
519.94312
519.90156
482.27748
481.56179
482.46676
482.44424
519.96143
482.13002
519.99102
482.61057
481.49777
519.95341
520.91002
483.11703
477.99325
482.73163
484.53388
519.52994
482.58724
519.90724
481.63479
519.92576
482.45314
481.17909
481.29975
483.07006
481.17312
519.41866
481.38841
520.38854
520.04357
481.36875
481.4654
519.89755
482.35894
481.7417
481.35732
482.27823
482.746
481.94646
481.28408
481.99847
519.9208
481.47839
481.3019
520.04506
482.4762
481.86756
520.02579
520.04949
519.88587
481.33199
519.99417
482.26643
520.13568
481.43991
481.43916
479.67572
481.79675
519.9684
482.13651
519.99316
481.68857
481.76545
520.03315
520.08266
482.3608
481.7387
520.1463
481.56902
482.48398
481.90068
520.18738
482.13763
482.37073
482.42579
481.66093
481.0118
478.92845
481.13101
518.12782
481.40298
520.16662
519.91117
482.47823
482.33203
489.96595
520.51703
520.09098
481.49373
481.74194
520.10557
519.89843
482.35185
519.97596
482.24728
520.14048
482.70728
481.58927
481.94927
481.74025
482.42442
481.36896
480.337
520.96658
481.28163
477.47376
481.56885
481.41238
520.19688
480.29859
521.37032
480.79878
480.38084
486.51638
521.25845
521.79453
480.1175
520.78323
521.30273
520.28076
482.50539
481.22373
506.07742
483.36142
519.96553
519.91358
480.61265
481.3456
480.64711
482.0331
480.3588
483.17045
480.59199
483.36487
520.1146
519.88913
483.07816
481.80842
520.2787
480.87054
520.08167
481.25435
480.91149
482.87249
480.72849
480.38963
480.92744
519.95095
483.38248
483.36524
483.24397
480.80945
519.96508
483.47247
480.71248
483.6983
480.39538
483.37859
480.30651
520.23516
483.68758
519.92313
520.01754
480.36042
480.73094
480.5982
483.60238
483.41993
483.36212
519.92785
483.19979
519.94566
483.24136
480.52925
520.00827
483.44093
519.88391
519.87984
480.76519
519.9873
480.25583
519.88628
480.64453
520.03369
483.45773
483.29831
483.31339
483.18658
519.94103
519.90821
480.52941
480.719
520.02245
483.2377
519.90255
483.56786
480.77382
480.83196
480.59086
483.47158
519.9619
480.84309
483.38541
483.36707
480.52665
483.01094
480.58714
483.35535
519.73417
480.93059
519.608
483.30542
483.10471
481.41239
480.91808
520.08123
519.98195
482.7289
520.06481
482.35681
519.91724
480.56445
483.14208
519.62973
519.73653
480.09355
480.60402
519.89253
480.68369
483.09257
482.30332
519.97143
480.58722
482.37661
509.28979
482.90814
432.66634
480.96529
436.4393
519.25086
479.47908
481.81634
519.5625
520.08048
432.50896
480.86033
507.29313
507.25639
479.47975
437.05076
436.71406
519.3883
437.01221
481.46631
479.44088
483.27938
519.69742
482.75104
520.22404
480.53777
481.25483
482.35221
481.14364
519.93265
482.08829
519.5766
481.89253
520.44167
482.11669
519.67421
481.42983
482.22299
481.18783
482.2677
482.16971
482.39398
482.34497
481.08646
438.82714
500.63335
449.5321
500.56827
482.70354
439.08203
438.88756
453.84574
482.37876
520.49052
481.04875
482.31859
520.49264
481.12581
481.47945
519.67336
480.75317
483.27011
482.35678
478.60047
449.30889
506.42644
500.63059
449.46977
457.67267
439.12887
453.89981
481.07708
478.63941
482.39012
507.2564
479.37695
482.55512
481.17977
520.49786
482.32138
482.20262
520.5677
519.64087
481.98062
480.86911
520.53941
481.19074
481.88594
482.21682
520.46708
482.12154
480.66911
481.50926
481.16759
481.1536
481.58538
520.03424
520.00638
483.044
453.69197
437.18847
481.59985
439.39684
519.49507
479.24193
506.16642
453.44351
520.31649
480.86921
519.70865
519.50849
481.96121
481.25637
438.49802
439.4442
519.89342
478.56625
438.4511
500.47425
436.90723
519.60111
439.54832
508.04457
519.747
479.66974
480.87257
439.31321
480.83099
432.67439
507.42082
478.58469
506.14966
481.94412
519.48513
482.68578
481.86127
479.43612
521.09276
448.48536
478.85318
506.32038
431.53641
435.40328
437.39822
449.30619
478.55903
507.31104
432.43262
449.11187
432.70602
437.30859
482.35276
481.52574
519.07285
479.56911
519.68829
482.59637
482.03511
480.86926
520.20775
483.08943
482.06171
481.66485
481.36217
481.07593
520.1236
482.58256
480.55295
519.98683
480.65682
520.26443
478.67679
481.98288
481.06013
520.00233
482.00902
520.1694
482.19025
520.36686
482.08011
483.32092
482.09707
519.77139
519.70337
481.4876
519.84614
483.394
483.24044
480.2709
481.4264
480.27808
483.23966
482.12118
520.13741
483.24853
480.7751
520.86637
482.65922
481.45912
521.51792
482.43454
519.71864
481.32415
482.83677
520.49018
482.46464
483.47967
481.47894
477.82685
483.32942
483.33924
483.1664
520.03157
480.75545
483.39688
480.53756
520.03665
480.72405
480.84882
520.09835
520.55283
483.4113
480.36445
483.50312
519.75471
482.7343
519.98891
481.96275
520.1726
482.91339
519.91992
480.25654
481.15339
520.50133
480.66705
519.63071
520.05602
483.38652
519.44778
480.73744
520.04406
480.44725
480.79917
483.36314
520.23129
481.16274
520.15495
483.29409
480.84406
477.81708
520.10603
483.03506
480.45795
480.42692
483.02219
519.8626
520.29096
483.06692
520.25177
480.54074
480.46566
520.02459
520.05754
483.08058
489.92675
483.31071
480.50095
480.47936
519.50887
480.37876
489.93813
519.60079
483.605
480.70475
520.06638
480.5639
483.32709
480.74736
480.5367
480.42864
519.69972
480.81961
489.7671
520.07013
483.11375
483.17059
519.72911
480.76377
477.82082
483.5248
520.10208
480.34879
519.65247
520.1069
483.06512
480.51316
483.36427
480.92367
483.14502
520.08604
480.84291
520.24465
519.57988
483.1262
480.59098
520.13278
480.37615
489.36381
480.36321
482.86042
520.14622
482.79765
520.17326
480.54112
489.65909
480.59664
483.41191
482.92576
520.18483
480.73305
520.14168
480.68211
520.07125
482.8496
482.8627
520.21235
520.15716
519.80473
520.19044
483.93502
480.64919
483.23952
477.77364
483.14748
480.50374
489.30197
520.083
480.65265
483.16184
520.20007
480.79255
520.18309
480.89263
519.78317
483.13565
489.61882
480.88267
519.72254
477.77078
480.57525
477.81263
480.63975
483.40001
480.61361
519.77393
489.55311
483.34276
480.44159
480.67293
483.33778
480.74817
480.63017
520.02807
521.34913
477.64133
483.09067
520.1732
482.83249
483.17364
520.18158
480.85076
481.04308
520.17496
520.1673
480.93701
483.11019
480.77933
520.2904
519.75637
480.69664
480.64664
520.19337
480.63801
437.49067
483.4474
521.46556
480.62276
519.77354
477.79836
482.47703
520.04639
507.87297
481.35982
482.54564
520.58956
520.18339
483.26067
480.1827
480.20528
480.59865
480.67419
520.37821
480.5039
483.34529
480.69308
483.17507
483.41982
481.10389
520.17086
507.87231
445.97051
521.15136
482.69872
480.58735
483.07559
520.08144
480.87273
520.19977
480.47525
482.87465
519.92326
481.02049
488.87445
520.14367
520.39876
520.18445
480.30923
482.86634
481.98442
437.63664
479.98224
452.39203
520.98571
519.33341
478.55782
506.27868
438.0046
499.03009
435.44341
478.2388
435.86015
506.18812
478.4109
429.79124
519.4492
480.87542
437.72308
430.19004
482.37878
480.28154
434.97236
453.71919
444.73177
430.20815
520.09226
483.22742
506.34927
506.09944
439.47574
481.69555
522.06585
480.82207
520.51834
443.6599
434.25652
478.94391
437.65258
439.04214
478.97438
438.82731
481.0964
520.88014
482.46202
520.05719
482.95705
519.96258
478.53878
519.94583
478.56046
478.98542
506.15876
519.63995
482.56669
453.8272
520.05298
437.95424
439.94073
480.43681
482.88905
520.21971
440.64889
478.63935
478.20733
508.09778
440.26627
453.4613
440.34825
437.70261
520.46917
478.46666
481.13525
481.04638
476.46351
476.48463
519.99322
480.97048
520.40134
482.29699
481.36942
482.54551
481.63122
430.59587
481.02546
482.02074
480.89223
481.83095
437.63749
453.12947
480.85514
444.39427
482.60264
520.51704
484.05547
498.15917
452.99933
519.62924
480.85712
506.35479
440.49287
482.18508
481.90037
482.33506
476.51115
506.25798
482.45435
519.78788
478.40751
480.90553
519.97507
499.67686
498.59524
480.31996
508.00533
506.31094
435.78598
507.98592
521.39066
481.1487
520.46186
480.2997
481.43274
520.36169
520.72721
482.08338
482.32854
481.27024
480.98395
482.26164
482.38347
488.6403
521.01897
519.88854
476.41145
480.15621
482.1567
520.83476
480.84749
521.0868
482.09313
480.2426
480.90662
481.08518
520.31424
488.40079
520.24696
520.20422
520.34593
520.20294
520.48831
520.13879
480.27443
453.4569
520.26605
499.06676
480.48345
430.2549
481.80566
478.5067
520.705
480.73445
446.59845
483.26401
480.57859
435.37806
443.98684
478.38144
507.78315
437.11772
430.42574
453.49733
499.36804
478.34978
520.72769
480.18101
480.78834
445.98826
499.42433
437.7826
430.84197
506.16219
429.98561
488.61083
519.17283
480.39898
520.29297
506.19633
434.27095
442.35789
453.55046
482.53841
479.19063
479.18918
520.22269
440.20746
482.54888
480.89646
478.2483
482.94566
439.99423
435.76173
445.67305
499.57298
453.57072
440.06683
478.51862
429.43373
445.03772
435.59984
445.20035
435.74115
507.92868
440.18307
437.82665
482.59954
480.94275
482.78046
476.46271
480.5337
519.66307
481.20995
480.78907
518.20368
481.04749
480.75506
480.8757
480.71416
521.23581
476.73351
521.30137
480.83518
478.12742
519.85687
482.32304
482.96431
522.18435
481.12467
519.55178
488.23751
482.53881
480.9664
489.22096
483.04801
489.29449
480.68529
519.99009
480.55796
483.04699
482.96492
520.20457
519.43614
488.59282
480.4348
520.89802
482.60701
481.8536
480.87491
520.36936
483.37276
482.60581
488.75316
481.12359
481.24995
482.60526
482.84113
520.2036
480.88524
520.16758
482.67552
482.82074
482.71095
480.71205
520.18238
520.18958
520.19987
482.62839
480.9409
483.06038
482.74863
480.7687
520.20448
483.11771
520.26811
480.96241
482.96476
482.97483
481.11334
520.19317
480.82583
481.04668
482.90104
520.21238
481.10403
520.17982
520.20316
482.91387
481.04597
482.98835
480.98984
480.92262
520.18759
480.99148
481.59528
481.16486
482.82907
520.22114
480.74545
482.36825
481.23695
481.2848
482.68384
480.97582
520.12336
480.89503
481.44507
520.18804
520.15483
520.16995
520.20471
520.10845
483.01245
483.04916
520.17412
520.16798
520.18224
482.9352
482.85671
481.10938
520.19684
520.15314
482.71057
520.19574
482.88014
482.55893
520.19047
480.8873
520.20773
520.18594
480.82475
481.04502
520.20067
482.69379
520.15766
480.69918
482.78117
480.8145
481.18372
482.29151
480.95868
482.7205
482.56804
482.48941
481.035
481.02526
481.30929
520.20738
482.54144
480.95204
520.23258
520.23214
482.50736
520.24775
520.17416
481.53655
482.47721
481.02784
481.27312
479.04247
482.38925
520.5762
481.66294
520.454
520.32971
482.15413
482.18208
520.30361
482.12528
481.16597
481.03423
520.37991
482.46898
481.51579
482.44337
481.18102
481.93596
481.4089
520.24574
481.35848
482.49293
520.30808
482.28006
520.3281
481.12527
520.28543
481.42856
482.509
481.364
520.21427
481.10846
482.44414
520.22202
520.25306
481.28428
482.76213
520.25482
482.6841
482.43594
520.22297
520.23573
482.7667
482.50609
480.99975
480.92809
481.1598
482.82858
520.21405
482.7553
481.10781
520.22853
520.24239
481.03292
482.46244
520.2339
482.69248
481.21936
481.22175
520.19212
482.69791
481.15073
520.23782
481.36656
482.54789
520.24947
481.45655
482.40231
520.21796
482.62253
481.30331
482.70383
520.22325
520.17902
481.47847
482.52344
482.63911
520.21436
481.38278
482.55936
481.11277
480.8073
482.94748
520.12907
482.92997
480.87798
482.76597
520.11899
481.32193
481.25399
482.72831
482.44525
482.36316
520.1631
482.7422
481.16902
481.26186
520.16102
482.80854
520.05316
520.04902
520.14363
481.3327
481.1888
482.78902
482.43316
481.27141
480.95665
482.50276
481.02961
482.51827
520.13204
520.1758
482.99046
482.91037
482.64758
520.08825
482.84939
520.15076
482.53874
520.13285
480.95728
482.5998
481.19847
520.10337
480.82639
480.96462
482.71041
480.89986
480.91278
482.32809
520.09021
480.98166
520.07238
480.91729
520.02897
482.5949
482.69519
481.11554
481.71427
520.32077
482.37553
481.68621
482.488
482.46657
481.04661
481.7609
520.09236
520.07935
520.10488
482.56009
520.10658
481.10825
481.34382
481.42925
482.38708
482.6589
481.4381
520.12331
482.72428
520.1182
482.41011
482.21799
482.74658
481.35697
520.08322
520.05832
520.08825
481.26851
482.78797
481.27434
482.86923
481.19512
520.03792
480.98456
520.07908
482.89006
482.83072
482.93805
520.07613
520.06902
481.27899
482.87433
481.18845
520.16551
481.53241
482.54423
520.19874
481.50757
520.03935
520.0035
481.16667
481.65365
481.86687
482.37376
482.24975
482.27256
519.99805
520.04209
481.53849
481.04388
520.06714
482.68051
520.01063
482.77208
520.0001
481.11428
520.05695
482.53019
482.45209
482.61116
482.85636
482.42699
481.11578
481.35928
520.07332
482.50791
482.55338
482.60313
520.01583
520.02169
482.59764
481.03547
482.41822
520.00098
481.46171
519.98203
481.21936
482.19055
482.81393
482.73521
519.98077
482.66832
519.96833
519.94045
481.15522
482.51526
520.14099
481.5298
520.05931
519.85823
481.27103
482.34926
520.119
519.95813
482.39801
481.28517
519.97267
482.2928
481.39763
481.65952
482.56444
520.1406
520.01098
481.20487
482.64928
481.54382
481.77488
519.87018
482.47905
520.19234
481.64876
481.95501
482.11818
481.54684
520.01138
482.7216
481.45504
482.87961
481.38537
482.80485
481.37784
520.07149
482.33723
481.877
482.20899
482.24374
481.64929
520.13703
482.19631
482.31322
481.78612
481.65739
481.40838
482.53344
481.77589
520.11685
481.8504
520.16287
482.14642
519.96115
481.7445
519.77855
519.98901
520.13005
482.38128
481.38124
481.76702
482.04105
519.96894
481.87169
482.26728
481.78993
520.22713
481.31088
481.78258
482.39311
482.02829
482.44072
481.42491
519.87835
481.98098
482.1636
482.03385
519.84826
482.0426
481.52066
482.07529
481.96898
482.00684
520.14001
520.34375
520.31232
481.84833
519.98896
481.67046
481.68482
481.58919
520.28335
481.80004
481.66189
482.1101
520.25904
482.12176
481.81162
520.16577
520.27811
520.14228
482.09295
481.50732
481.55766
481.87656
520.11278
481.79823
482.22621
481.38173
520.05556
481.26405
482.11162
481.39697
481.59064
481.40989
481.43328
482.42718
481.38862
520.1563
481.92616
520.05186
482.42236
482.04659
449.24311
455.04261
453.97654
512.55103
520.83875
451.55527
451.93904
452.85095
505.20261
510.02546
517.12641
484.65856
481.39039
481.7471
481.30167
521.66953
518.8146
520.12319
481.28511
507.02372
505.64762
479.60054
526.22826
482.14143
504.90415
476.19098
483.93318
523.0647
483.08253
478.04437
482.81434
481.88359
482.07375
520.14058
479.84488
519.18984
483.66466
518.724
486.59857
478.4097
482.06082
481.67129
481.21325
481.98649
517.39975
520.58744
477.55868
480.79246
520.76787
484.37597
482.23402
483.69091
486.81119
516.71115
484.31556
477.43791
505.62437
483.2893
483.16606
521.55998
482.71152
478.27894
477.47352
483.49035
482.04269
481.7909
478.30411
522.78476
478.04075
483.47786
519.12317
480.99453
483.92238
448.54126
504.87126
480.67324
482.96095
481.88342
480.89397
484.1174
516.48371
477.964
520.50285
481.54052
478.90365
526.04155
434.61372
505.40875
451.71828
485.26101
478.49665
491.03399
518.74573
444.89994
481.92953
480.96239
481.93616
520.17829
481.3364
481.04722
482.09039
481.86848
509.94858
505.93508
481.69764
516.56475
491.40788
482.02678
518.96176
482.04428
491.62524
480.88193
481.77289
477.43314
522.49878
482.02133
477.94789
482.41387
481.47298
481.40386
520.79689
524.54239
475.24275
476.79876
520.60703
510.70364
485.05834
479.87673
455.02382
482.45763
491.39367
492.25032
486.11098
476.51054
517.868
482.58838
519.40828
480.74543
480.27393
481.58982
482.62133
482.10297
503.90579
481.65028
479.48963
521.83968
450.70054
505.49501
449.75289
510.08255
453.02185
451.34787
479.02466
449.41134
481.23823
480.42286
509.73327
501.26085
515.22308
504.96839
518.14567
481.96109
484.04765
481.66218
482.07449
522.40659
480.7571
518.87388
479.40079
475.60046
517.49489
480.28799
518.49646
482.48665
479.29223
475.73815
477.0476
522.86967
521.31208
480.79786
484.38721
481.3114
482.87741
445.88541
442.56554
479.20935
443.72686
483.71805
521.23005
481.29422
520.20698
515.99513
474.45822
522.23903
516.88568
479.67107
478.90769
504.87555
439.54686
438.63209
505.37857
506.59745
510.03843
503.66759
446.83069
464.13562
507.66274
442.4412
439.21651
438.85937
426.2733
427.14907
440.58064
453.42458
503.88598
441.17487
504.08323
486.49795
516.19001
505.1723
484.4204
430.12071
484.556
452.05475
480.43826
476.30562
515.94649
482.65114
478.98623
515.48362
478.91783
490.67046
482.67016
500.32058
521.40946
481.85107
437.56652
448.17779
516.90739
437.64497
435.67357
479.702
431.88654
479.19858
511.65349
479.61571
519.30423
520.39375
479.01725
441.64607
434.34237
483.80887
481.59858
478.74485
520.83442
476.67414
434.73541
508.80712
508.22442
435.31037
476.53168
496.17639
496.53017
478.42037
507.79286
438.17285
504.71703
476.69422
487.28124
507.05409
428.22567
520.8799
481.19788
484.95523
481.64834
524.16859
489.65388
518.86607
427.38223
478.20875
525.57314
478.70552
482.71519
479.96175
481.96108
481.97716
521.32754
521.74298
481.25694
481.20837
520.74037
519.35557
482.87879
481.59568
521.60536
507.26862
446.63861
481.96097
520.62672
521.07939
521.16275
479.77667
481.19655
520.70047
481.75174
481.19864
481.8619
520.52847
481.75353
480.72668
520.64453
521.04894
481.34504
482.62906
520.75839
481.73552
482.18163
481.13156
477.18887
481.10305
521.55376
480.8754
481.31003
482.53894
521.70023
488.25909
520.6853
520.97192
481.00666
477.19409
481.22496
426.51004
438.41251
434.71346
509.0916
478.84164
435.55511
449.90654
481.44785
428.00035
433.19433
495.30894
432.31388
431.08293
433.77523
450.58431
518.73255
505.90266
506.36252
467.4955
483.12384
447.44182
481.0777
481.7406
481.80603
477.15906
479.75869
481.89423
426.50604
436.86277
435.02594
481.66538
444.576
446.16157
436.15861
520.0693
520.10267
478.17259
479.64434
482.15061
507.96043
446.98413
499.79764
520.84514
431.22484
507.69962
436.58644
438.65628
449.70252
478.20891
479.04689
520.56698
437.05417
438.12796
480.91512
480.24321
487.78866
482.13901
424.02311
437.7275
506.63215
520.89128
435.51442
478.84119
478.52373
482.39992
520.59392
481.26251
482.76533
519.20345
482.2248
480.73129
520.36565
480.95406
487.90771
480.883
482.69195
520.31827
519.99101
480.98708
481.78497
520.47523
481.24853
481.91357
482.22607
520.37609
481.47551
482.33976
520.39197
482.07552
482.05705
481.20317
520.41032
520.55705
481.58158
520.45548
481.28631
481.13144
520.40149
481.21417
481.33742
482.0022
481.40146
481.3922
520.36298
481.77304
482.2356
481.9648
481.68461
520.4255
481.60338
482.26176
482.28851
520.43224
520.40818
481.65175
519.40482
481.69032
481.45469
483.49878
482.98283
482.17938
482.20086
481.70671
520.48159
481.36679
480.66414
481.55597
481.82383
520.3995
520.64735
482.03624
482.10579
481.56101
516.39203
481.95294
482.82126
520.38051
481.50826
519.77356
481.54325
481.6284
520.69074
482.14786
481.77724
481.38636
481.98473
481.96462
520.31801
482.09365
520.77488
520.36852
520.38018
481.81617
520.39007
482.20883
520.34478
482.31422
520.30249
482.38845
481.85611
520.54837
482.42736
520.46229
481.62243
520.32048
438.76292
431.41329
505.09001
439.8617
484.75663
506.69224
482.82801
482.64777
465.92449
479.99064
514.00553
520.97283
520.05159
525.36329
423.33235
480.93332
521.11078
520.87899
480.79573
507.3174
500.46392
482.71196
477.80917
439.72537
451.35631
478.11666
477.70124
451.1974
518.07678
501.5216
428.57207
447.55912
438.30247
484.59881
507.23326
447.80172
506.5327
436.55217
528.18968
435.69377
438.57462
480.46102
474.46501
451.18562
521.3895
508.04089
478.93983
512.96149
489.94503
477.37305
482.58475
437.2523
506.62784
496.29497
445.54634
507.03019
447.45942
485.55049
524.19508
475.13383
488.51364
482.80695
515.13297
481.25245
527.32114
481.43896
481.09498
482.17649
431.26081
518.38344
481.83276
521.62422
440.52871
481.4171
482.2394
482.26301
521.73445
520.86968
481.18427
481.64847
482.21418
520.64157
481.05897
521.54026
478.11322
481.28823
480.37735
481.14267
434.88178
523.156
519.23639
480.94216
479.86408
481.48668
521.033
482.26929
520.80453
482.45229
481.43241
482.42593
481.37555
519.71477
480.14728
520.38329
480.43164
521.6392
480.12024
481.68949
480.81615
520.13987
481.09936
481.68502
481.32016
476.49129
482.32119
520.77873
481.54972
520.73005
480.96879
521.07911
480.84424
482.20787
520.81045
520.61134
480.5995
520.13358
482.72717
481.85969
482.4556
481.4988
481.49619
481.6822
482.28875
481.44136
520.16992
520.89413
481.23028
482.30911
481.98392
520.20384
520.24483
480.30658
519.59894
518.76648
520.90167
520.97991
481.42444
481.37345
481.54187
481.3619
482.14972
482.13877
482.05792
522.25036
481.92356
520.49026
481.68664
482.1308
481.90759
480.63977
520.90041
482.76357
482.28171
478.26907
481.30589
480.47153
481.17474
481.24033
481.96149
482.71186
521.079
522.08195
479.3706
480.92405
521.00813
520.17498
482.44539
521.41052
481.99471
480.73266
482.04944
521.30342
481.71368
481.82185
480.70352
480.76239
480.88341
519.8311
521.56193
521.71189
521.07579
480.7383
519.38646
477.62725
521.05719
480.71797
480.37859
521.29951
478.08828
481.38419
520.39554
481.55558
520.83246
480.62369
481.2372
481.29499
481.36062
480.0237
520.59123
519.22385
482.31141
487.51444
480.96761
480.09571
481.12061
520.87837
480.27439
520.88738
480.48465
481.60034
521.27843
521.12666
487.28126
520.36022
521.74225
477.69674
480.97612
480.51741
481.73966
521.42681
477.59774
480.95834
480.56345
481.97845
481.90537
486.76636
480.40166
521.62561
480.55054
481.65741
521.52346
521.50108
481.51237
481.93475
482.10244
481.6104
480.23956
521.60821
480.48988
486.41851
479.82102
521.77012
521.76103
486.0048
480.44047
480.3367
486.10892
477.38363
521.83777
517.18799
486.4985
484.9696
521.83627
522.74065
486.24141
482.41625
477.38163
522.01686
481.49746
486.06666
482.09122
521.04359
480.42823
481.2742
481.44642
477.46413
519.62458
487.06426
522.69837
482.30926
480.33084
482.32801
522.4147
483.22413
485.81704
480.68432
479.87629
521.55701
481.30963
520.94797
480.4121
477.17175
520.41857
521.44705
505.1493
480.06705
523.60593
481.85853
521.93345
486.50765
477.57188
518.6145
520.8674
521.27699
521.25206
482.3945
480.64026
482.22751
479.7137
479.45319
521.94153
519.1457
520.27868
480.58207
445.03151
481.01979
481.20268
519.92055
516.85757
479.30753
481.91828
450.49191
452.67854
480.82754
481.17207
478.01776
481.83018
478.48873
516.89175
510.26462
484.875
521.27065
518.96078
521.98694
478.26663
477.96528
482.0609
481.24708
482.21003
521.06653
477.89243
518.45965
482.90943
479.99818
518.25451
520.34914
483.84795
520.2387
519.39061
480.83428
481.3722
482.47631
481.7509
520.02799
481.76313
481.82075
516.85062
476.93732
480.21468
484.58907
479.86765
483.16848
492.09201
484.45723
517.33568
460.45332
520.31754
482.29687
481.26971
481.65058
480.5005
481.99977
519.42911
454.11856
520.02136
509.94063
489.7177
481.53819
479.35544
516.7971
481.76427
521.05478
520.9925
443.52145
449.12022
481.71109
478.63966
505.81261
434.53856
435.18163
502.35927
484.53867
488.5096
478.43219
451.61571
447.05935
504.65514
481.12582
482.19645
520.29395
482.10542
481.53025
481.51768
482.31163
520.26617
483.15939
479.72072
475.14134
480.33078
482.30354
481.83515
477.75409
475.81928
482.95576
483.17176
482.6314
522.57193
481.55963
518.47357
488.16118
524.96086
480.49935
521.63998
477.56665
520.02293
520.7403
480.03076
489.79701
482.13525
476.11509
517.49995
509.98544
505.39928
481.80027
455.35876
515.86475
519.95531
510.33163
517.55403
481.37513
479.1495
517.21073
481.38493
485.13106
483.13907
478.62812
481.41553
480.95087
480.54244
481.79516
480.43589
443.878
451.0322
481.93746
483.25005
481.53327
520.4079
520.62234
481.02815
480.58182
479.32448
481.45629
520.85567
480.80852
519.91136
480.14431
490.25298
478.95843
481.29673
482.73424
443.53292
445.06309
519.90059
480.61183
480.46071
505.3345
502.81659
480.46824
488.32501
480.70919
506.01375
482.48056
519.38004
520.21396
483.17741
521.38
524.32957
446.85002
519.03929
516.49489
478.35888
476.75363
509.9814
440.43105
482.17074
483.33027
477.37001
486.64345
520.7778
520.01312
487.37472
520.69775
481.34881
478.09985
480.44051
519.72826
480.15757
505.94502
482.14554
482.02669
503.27146
520.44351
477.43535
510.44502
483.93942
522.87649
482.87023
484.08317
480.2956
482.10958
521.47854
520.35245
521.60351
442.8668
491.40435
481.60536
482.83628
476.29874
519.3491
483.97164
487.2792
481.98789
518.30757
481.74478
516.32471
489.83437
448.50283
455.77324
445.50526
450.01416
522.64886
518.29616
481.03146
482.45283
480.67141
482.11453
520.03675
518.9223
480.86653
481.57343
483.02802
480.34454
500.56549
503.33341
520.30697
481.62939
482.60082
519.75509
484.27785
)
;

boundaryField
{
    gate
    {
        type            fixedValue;
        value           uniform 508;
    }
    vent
    {
        type            inletOutlet;
        inletValue      uniform 298;
        value           uniform 298;
    }
    cavity_wall
    {
        type            fixedValue;
        value           uniform 313;
    }
}


// ************************************************************************* //
